sequence,timestamp_us,rssi,channel,csi_len,flags,queue_drops,label,csi_hex
0,2128160,-95,11,128,1,0,0,7ff99741fbfffefffffffe01ff010202020001fe01feff00f505ec08f405fd02fe08000e000600ff000000fffffffeff0000020002fe00ff000000000000000000000000000000000000ff00fe0100ff010101020101010000ff00fe01ff01ff02ff00ffff00fffffffd02fc02fe010003000200fe01fe02ff04ff03fe04fd09
1,2969022,-91,11,128,1,0,0,4ff11400f90df80bf608f607f808fb08fa07fa06fc02ff000201020200040007ff070007000800060004ff05fe07ff07fe07fe06ff02ff00000000000000000000000000000000000000fe01fa01fcfdfcfdfbfffa01fb01fb00fb01f900f601f403f404f603f704f703f6fff600f702f500f4fff600f702f904fb07fb08fd07
2,3071415,-92,11,128,1,0,0,4ff114000c000a020902080208040704060204ff04fe06fe07fe06fe04fc03fc04fe07fd0afb09fb08fe07ff05fe04ff02ff01ff02fe00ff000000000000000000000000000000000000010004020401030302050204000301030302040203020402070308010900080209040a070808070707050604060407040803070007fe
3,3512256,-91,11,128,1,0,0,b7755b41fe00fefd00ff03ff03ff00ff0000ff01fd01fc02fe02fe00fefe00ff00ff01ff03ff0302fe03fc02fd00fdfefdfffdfffffd00ff000000000000000000000000000000000000ff00ff0100fffe00ffff02fe0405040f030a0000f9f9f7f6fefb04fe03fe01fcfefafbfefc020001ff02fd0600040203030104fd0202
4,3513871,-91,11,128,1,0,0,933aa94103030304040102fefe01fc04fc02fe0000020003fe01feffffffffff00000000fffffdfffd00fefe00fdff00fe01fe00ffffffff000000000000000000000000000000000000fd00fc0002fdfffffcff01fa0bf110ef06faff05f807f005f803fd00fafbfef702fafe02fb07fe07000300fe02fa03f8fffcfeff02fe
5,3583461,-95,11,128,1,0,0,4ff114410cf60df60cf60df70bf907fc06fb06fa05fb03fd01fbfff9fff601f401f7fef9fcf5fdf2fef5fef7fff9fffafef9fffa00fbfffe0000000000000000000000000000000000000001020503030101ff03fe0400030401050003ff06ff0a0008010503070509040a030a040a0508040503050107ff090008fe05fc02fb
6,3619209,-94,11,128,1,0,0,388aa341ff02000101ff01ff010000fe00fd00ffff0000ff0000ff02fd00fefe00ff02ff04fd03fe0001fe02fd00fdfffdfffe00fe01ff00000000000000000000000000000000000000010004ff02fe01ff01000202020201010001ff020000040004ff01ff00000200ff00f901fc020101040001fffb08f70ffa09ff0401ff
7,3788266,-91,11,128,1,0,0,4ff11441000bfd0bfa0afa07fa04fb05fd06fd06fc04fb05fb06fc05fb04fc04fd03f902f703f800fafbfbfafdfafcfbf9fcfbfefe01ff0000000000000000000000000000000000000000fe01fc01fe01fd04fb04fd03fc01f800fb03fe07fd07fd05fe07ff08fe070007020602020501080009000a01080305030604080707
8,4300284,-93,11,128,1,0,0,4ff114410f060e020b0208030607050804050304040107ff0801050103ff03ff05ff06fe06fc04ff04020403040304020101000000fe00ff00000000000000000000000000000000000000000102000301050304030102ff02fe02ff02ff04ff07020806070808090809070605040205020604040602080007fe02fc02fe0603
9,5050523,-52,11,256,1,0,0,966009000518061806180718071708170816091609150a150a150a150a160916091609160816071506150515041404140314021401130004000000000000000000000000000000000000010504140314021402150115011600170017ff18ff18fe18fe18fe18fe18fe18fe18fe18ff1800180018011801190219031903180418020100000000ff00ffffffff00ffffffffffffffff00ff00ff00ff00ff00ffffffff00000000000000ff00ff00ff00ff00000000ff00ff00ffffffff00ff00ff00ff0000ff00ff00ff00ffffffffffffff00ff00ff00ff0000ff00ff00ff00ffffffffffffffffff000000ffffffffffffffffff00000000000000ff00ffffff
10,5182619,-46,11,128,1,0,0,1ee0010006150719081c071e0620051f031e021c021902150311040c060709030d0011fe15fd18fe1aff1b011a0319051706140712080402000000000000000000000000000000000000fcfcf3f1f3f0f4f0f5f1f6f2f6f3f6f5f6f8f5fbf4fff102ee05eb07e908e709e509e309e308e407e506e705eb05ef05f307f809fb0c
11,5238497,-45,11,128,1,0,0,1ee00100ec0ce90fe611e312e111e110e10ee30de60bea0aee09f408f908ff0a040c080f0a120c160c190b1b091c061c041a02180017000500000000000000000000000000000000000003fc0df20ef20ef30ef30df40bf509f507f503f5fff4fbf2f8f0f5edf2ebf1e9f0e6f0e5f0e4f2e5f3e5f4e7f5ebf6f0f6f5f5faf4fe
12,5291639,-45,11,128,1,0,0,1ee00100f9ebf8e7f8e4f8e2f8e0fae0fbe2fce3fce6fceafceffbf4fafaf8fef503f206ee08eb09e809e708e606e605e803ea01ecfffbff000000000000000000000000000000000000ff04ff13fe13fd13fd12fd10fd0efe0c0009030707040b020f01130017ff19001b001d011d021c021b031803140210000cfe08fa05f7
13,5300082,-45,11,128,1,0,0,1ee00100ecf9e8f8e5f7e3f6e3f4e3f3e5f3e7f3e9f5edf7f0f9f4fdf701fa05fb0afc0efb11fa14f816f717f516f415f313f310f30efc030000000000000000000000000000000000000401100710080f080e090c080b070a05090207ff07fb07f708f209ef0aec0bea0de80ee80fe80fe90eea0dec0bef07f203f4fef6fbf8
14,5302132,-45,11,128,1,0,0,1ee00100ee0beb0de90fe710e50fe50ee50de70be90aed09f107f607fb0700070509080c0b0e0d110d130d150b160916071505140412000400000000000000000000000000000000000003fd10f810f810f90ffa0efb0cfb0afb07fa04f900f7fdf4fbf1f8eef7ebf6e9f6e7f6e5f6e5f7e6f8e7f9e9faedfaf1f9f6f8fbf7fe
15,5354583,-45,11,128,1,0,0,1ee001000616081a081d081f0820071f061d051b05170412040d0407040105fb07f50af10ced0feb11ea13ea13ec13ee13f011f310f503fd00000000000000000000000000000000000003fd10f610f610f70ff80df90bfa08fb04fbfffbfbfaf6f9f1f7edf6eaf4e8f3e6f1e6f1e6f0e8f1e9f1ecf3eff6f3faf7fefb03fd07
16,5355451,-45,11,128,1,0,0,1ee0010003e903e404e105e006df06e006e206e505e803ec01f2fff7fcfdf901f506f109ed0bea0ce70ce60be60ae708e806eb05ed03fb00000000000000000000000000000000000000fb00ed00ed00edffeefef0fef3fff600f901fd0301060509080d0b100d130f150f170f180f180e170d160c130a0f080a060505ff05fa
17,5356012,-45,11,128,1,0,0,1ee00100fa15f919f81cf71ef61ef61df61cf719f816fa12fc0dff08020306fe0afa0ef712f615f518f519f619f718f917fa14fc12fd04ff000000000000000000000000000000000000040012021202110310030e030c02090106ff03fcfff9fcf5f9f1f7eef5ebf4e9f3e6f3e5f4e5f4e6f5e8f6ebf8eff9f4fafafbfffb03
18,5356589,-46,11,128,1,0,0,1ee0010015ff1aff1dff1f001f011e011d011a01170012000dff07fe02fcfdfaf8f8f4f4f1f1efeeefecefebf0eaf2eaf3ecf6edf8effefb000000000000000000000000000000000000fffbfeedffedffed00ee00f000f2fff5fef9fcfdf901f605f309f00cee0eec10ea11e911e911ea10eb0fed0df10bf609fb0700050504
19,5409210,-44,11,128,1,0,0,1ee001000ee911e513e314e216e315e514e713e90fec0bf007f301f7fcfaf6fcf1fdecfde8fce5fae3f8e3f6e4f5e6f4e9f4ecf5eff5fcfd000000000000000000000000000000000000fa00eb03eb02ec01ed01f001f301f602fa04fe07020a050e09120b160c190d1b0d1d0c1e0c1d0a1c091908160711070b070508fe08f9
20,5411208,-44,11,128,1,0,0,1ee00100fa1af91ff821f722f622f521f51ef61bf717fa13fd0e010905050a010ffe14fd18fd1bfe1dff1d011c021b04180514061206040100000000000000000000000000000000000003fc0ff10ff20ff30ef40cf609f706f802f8fdf8f8f7f3f5eef3ebf1e9efe7eee6ece6ebe7ebe9ebebededf0f0f4f3f9f6fef805f909
21,5416376,-44,11,128,1,0,0,1ee001000c120d150e170e180e190d190b170a150912070e0609050405ff06fa07f609f20bef0dee10ed11ee11f011f111f40ff60ef803fe00000000000000000000000000000000000000fb01ef02ef02f002f102f301f5fff7fdfafafcf7fef300ef01ec02e902e702e601e501e600e700e900ec00f001f502f904fe060108
22,5417659,-44,11,128,1,0,0,1ee00100170d1a0f1d111e131e141c141a131711140f100b0c06080105fc03f601f001eb02e704e406e207e209e30ae50be90bec0aef02fc000000000000000000000000000000000000fefafaebfbebfcecfdedfdf0fdf3fcf6fafaf8fef502f106ed09ea0be80de50ee30fe20ee30ee40ce60be90aee09f408fb0701070608
23,5422049,-45,11,128,1,0,0,1ee0010008e709e30be00cdf0ddf0de00de30ce60ae907ee04f300f7fbfbf6fff101ec02e803e402e200e2ffe3fde5fbe7faebfaedf9fbfe000000000000000000000000000000000000fb01ec07ec06ed05ee04f004f304f704fb05ff070309080c0b0f0e121014121712191219111910180f160d130b0f0909080307fd07f8
24,5836310,-92,11,128,1,0,0,4ff11441f509f509f604f704f606f706f907fa06fb04fd01fe02000501060006010602060008ff0900060004ff040004ff03000102010000000000000000000000000000000000000000fffffcfdfbfbfdfdfdfefbfdfdfbfefdfefffefffdfcfbfcf9fff6fff3fdf5fcf6fbf4fcf7fdfbfefafef700f603f903fd03fc03f706
25,6068801,-51,11,256,1,0,0,81100800e903e704e404e304e303e302e502e702ea02ee02f204f506f909fb0dfc11fd15fc18fa1bf71bf41bf219f016f013f010f10dfc0300000000000000000000000000000000000003fc0cf30cf40cf50bf60af609f607f605f603f501f3fff1fdeffcedfbebfbe9fbe8fbe8fbe8fbe9fbebfbedfbf0f9f3f7f7f5faf3fdeb00050f050f060f060e070e070e080e090e0a0e0b0e0b0d0b0d0b0d0b0d0c0e0d0e0d0e0d0e0d0d0c0e0b0e0a0e0a0f0a0f0a0f090f080f071002050001ffff00ff00ffff00fe02fb05fb05fa05fa06fa06fa07fa07fb07fa07fa07fa08fa09fa0afa0afb0afb0afb0bfb0bfc0bfc0cfd0dfe0dff0e000e010e010e020e020f
26,6120164,-91,11,128,1,0,0,999779410000fd00ff010401030201010100fffffe00fe02fd00fffe01ff0201010000ffff00000101020102010000ffff01ff0200ff00ff00000000000000000000000000000000000001ff04000201ff02ff0200fffaf4f5ebfbf70003f5fbecf2f7fa02030003010202ff00fefcfdf9fdfcfdfefdfcfefa01fe0603090206
27,6122136,-89,11,128,1,0,0,222ee241ff0300020103ff02fd00fc00ff0004ff02fdfffefd00fd0200020101ff01fd01fe00fffffffdfffe00ffff01ff02010302030000000000000000000000000000000000000000ff00ff00fffffe00fe0000010cfe15f90cfb0001070b0f14020cf803fc0100ff05ff06fe05fc07fc0aff07000100000005ff08fd0500
28,6196463,-49,11,256,1,0,0,8110080016fc18fb1afb1bfc1bfd1afd18fe16fe13fd10fc0dfa0af709f408f108ee09eb0be90ee810e912ea13ed13f013f311f510f703fe000000000000000000000000000000000000ff04fc11fb10fb0ffb0dfc0cfd0bff0b010b030b060c080e090f0a110b120b140a140a14091409130811080f090c0a090b060d020f00f200fcf2fbf2faf3faf3f9f3f9f3f9f4f8f4f8f4f7f4f7f4f6f5f6f5f6f4f5f4f5f4f5f4f6f3f6f3f7f3f7f3f7f3f8f3f8f3f9f3f9f3faf2fbf2fefbfffe0000ff00ff0000ff01fd03f803f803f803f804f804f804f704f704f704f604f604f503f503f503f503f503f502f402f401f401f400f400f300f3fff3fef3fef3fdf3
29,6223607,-50,11,256,1,0,0,72200700f615f518f41af31af21af219f217f315f513f810fc0e000d040c090d0d0e10111114111710190e1b0b1c081b0519021601140004000000000000000000000000000000000000fefbf9effaeffbeffbf0fcf1fbf3fbf5f9f6f7f8f5f9f2faeffbedfaebfae9f9e8f8e8f8e9f8eaf8ebf9edfaeffcf1fff302f406f509f0000e050f050f040f03100310021101110011001100110012ff12ff12ff13ff13ff13ff1300130013001301120112021203120411051106100705020101ffffffffffff000001020406040604060406040604070407050805080608060806090609060907090709070908090808090809080a070a080b070c070d070d060d06
30,6225457,-49,11,256,1,0,0,72200700160819081b091c0a1b0b1a0b190b160a140811050f020dfe0dfa0df60ff211ef14ee18ee1aef1cf21cf51cf81afb17fd14ff0500000000000000000000000000000000000000fc02f10bf10af109f208f307f407f608f809fa0afc0cfd0ffe11fe14fe15fd17fd18fc18fc17fc16fc15fd13ff11020e050c090a0c08ef0003f002f002f001f001f000ef00efffefffeffeeffdeffdeffdeefdedfeedfeedfeecfeecffecffed00ed01ed01ed02ed03ed04ee05ee06ef02fa00feff00ff00ff0000ff01fd05fa05fa05fa06fa06fa06f906f906f907f907f807f807f707f707f708f608f607f607f607f507f506f406f405f305f304f304f204f203f1
31,6230936,-49,11,256,1,0,0,34455300140b170c180d190f190f170f160f140d120b10080e050d010dfd0ef911f513f316f219f21cf41df61df91cfd1aff160114020400000000000000000000000000000000000000fb02ef08ef07ef06f005f105f305f506f707f909fa0cfb0efb11fb13fa15f917f817f817f717f816f914fa12fc10ff0e020c060b090af70009f108f107f106f206f207f106f106f005ef04ef03ef03ef04ef04ef05ee05ed04ed04ed04ee05ef06ef07f008ef08ef08f009f009f10af203fb01feff00ff00ff0000ff02fe07fb07fb08fb08fc09fc09fb09fb09fb09fb09fb0afb0afb0bfa0bfa0bf90af90af90afa0bf90bf90bf80af709f609f509f509f509f409f4
32,6235842,-49,11,256,1,0,0,7bb00700f313f215f017ef17ef17ee16ef14f012f310f60ff90dfd0d010d050e09100b130c160c190a1b081c051c021b0019fe16fd13ff04000000000000000000000000000000000000fefbfaeefbeefceffceffdf1fcf2fbf4faf5f8f7f5f8f2f9f0f9edf8ebf8eaf7e9f6e9f5eaf5ebf5ecf6eef8effaf1fdf300f404f407f5000d060d050e050f040f030f020f020f010f0110011000100011ff11ff12ff12ff12ff1200110011001101110111021102100310040f050f0605020100ffffffffffff00000102030603070307030703070307030804080408050905090509050a050a050a060a060a070a070908090809080809080a080b080b080c070c07
33,6237829,-49,11,256,1,0,0,7bb00700ec10ea12e913e714e713e712e811e90fec0df00cf40cf80dfd0e011004130617061b041e0220ff20fc1ff91df71af617f614fd04000000000000000000000000000000000000fffbfeecffec00ed00ee00ef00f0fef2fcf3faf4f7f5f4f4f1f4eff3edf1ebf0ebefebeeebeeecefedf0eff2f0f5f1f8f2fdf201f204f600060506050605060507050704070407040704080408040803080308030903090309030904080408040804080408050705070507060706060602020000ffffffff00ff000000010004000400040004000400040005000500050005000500050106010601060106010601060106020602060206030603060406040604060406
34,6244506,-49,11,256,1,0,0,a5500a0018ff1bff1dff1e001e011e011c011a011701130010fe0dfb0af709f309ef0aeb0ce80ee711e614e816ea17ee17f215f513f704fe000000000000000000000000000000000000fd04f411f410f30ef40df50cf60bf80bfb0bfd0c000e021004120514051606180519051a04190418041704140511060e080b0b080e05f300faf1f9f0f8f0f7f0f7f1f6f1f6f2f5f2f5f2f5f2f4f1f3f1f3f1f3f1f3f2f3f2f3f1f4f1f4f0f4eff4eff5f0f5f0f6f0f7f0f9effaeefbeefef9fffd0000ff00ff0000fe00fc01f501f501f501f601f602f602f602f502f402f302f301f301f302f302f302f202f201f100f1fff2fff2fff2fef1fef1fdf0fcf0fbf0faf0
35,6245924,-95,11,128,1,0,0,4ff114410604050507080708060607050807050303fe04fc05fd03fb03f802fa01fb01f902f803f902f900f8fff9fefafffcfefdfcfbfefe000000000000000000000000000000000000fffefefbfdfbfcf9fdf9fdfbfcfdfbfcfbfdfb01fc04fb05f803f700f801f907f909f708f706fa06fa06f906f905fc03020407070606
36,6323074,-48,11,256,1,0,0,6aa00600f211f014ee16ed16ec16ec15ed13ef12f20ff50df90bfe09030908090d0a100c130e14111413131511160e160b1508130611010400000000000000000000000000000000000003fc0ef00ff110f30ff40ef60cf709f806f802f8fef6faf4f7f2f5eff3edf2ebf2e9f2e9f2e9f3eaf4ebf5eef6f2f6f6f7faf600f603eb000f0c0f0c0f0b100b100a100a11091209120813081307130713071307130713071307130712081208110911091009100a100a0f0b0e0c0d0d04040101ffffffffffff00010203070b070b060c050d050d050e050e050e050e050f050f050f0610061006100610061006100710070f080f090f0a0f0b0e0c0e0c0e0d0e0d0e
37,6323515,-48,11,256,1,0,0,73300700f513f417f219f119f019f018f116f214f411f70ffb0cff0a040909080d09110a140c160f1612151412150f150c1509130711010400000000000000000000000000000000000002fb08ec09ed0aee0bf00af109f306f503f6fff7fbf7f7f6f4f5f0f3eef1edefeceeecededeceeedefeff1f1f3f4f4f8f5fdf602f606ec00100d100d0f0c0f0b0f0b0f0b100b110a120a12091208120811091209120a120a130a120a110a100a0f0b0e0c0e0d0e0d0d0d0c0e0b0e0a0e03050001ffffffffffff0100030309090809070a070c070c070d070d070d070d070d060e060f071007100810080f080f070f070f080f090f0a0f0b0e0b0d0c0d0c0d0c0d0c0d
38,6332013,-92,11,128,1,0,0,beeccb4101fffefffd00fe0000fe00fefdfffc00fefe00f300ebfff7ff01fd07f90ffb08000102ff03fd02fe010000ffffff0000ff00ffff0000000000000000000000000000000000000000ff01000101010000ffff01000302020001fdffffff0100fffffdfefefe00000101fe01ff010100fffffc01fd030001fffffb00fa
39,6363016,-48,11,256,1,0,0,6aa0060003ea03e604e405e205e206e306e405e604e902ed00f1fdf5f9f9f5fcf0feecffe8fee5fde3fbe2f8e3f6e6f4e8f3ecf3eff3fcfc000000000000000000000000000000000000fd05f614f513f412f411f40ff60df80bfb09ff08030808080c090f0a120c140d150e160f160f150f130e110c0f090d060b0209fd07f9e300ebfbebfcebfdebfdebfeebfeebffea00ea01ea01ea02ea02ea02ea02e902e903e903e903e902ea02ea01ea00eaffeaffeafeebfdebfcecfbf9fefdff000000000000fefffbfdf4f8f4f7f4f6f5f5f5f5f4f4f4f4f4f4f4f4f4f3f4f3f3f3f3f2f3f2f2f3f2f3f2f3f2f3f2f4f1f4f0f5eff5eff6eef7eef8eef8edf8edf8
40,6364352,-48,11,256,1,0,0,6aa00600130617061a071c081c091b091a091708140711050d0209fe06fa04f503f103ec04e805e508e40ae40ce50ee80feb0eee0ef103fc000000000000000000000000000000000000fbfdecf5edf4eef3eff2f1f3f3f5f5f7f6faf7fef703f707f50bf40ef211f013ef14ee14ee14ee13ef11f110f40ef80cfd0a02080606e90004eb04eb03eb02eb02eb01ea01eb00eb00eaffeaffeaffeaffeaffe9ffe9ffe9ffe900e901e901e902ea03ea04ea04eb05ec06ec07ed08ed03f901feff00ff00ff0000fe01fa04f205f205f206f207f207f208f208f209f109f10af00af00af00af00af00af10af00af009f009ef08ef08ef07ee07ee07ed06ec06ec05ec
41,6377264,-48,11,256,1,0,0,6aa00600ebfbe7fce4fbe2fbe1fae1fae3fae6fae9fbedfcf2fff602fb05ff0a020e04130517041b031d011eff1efc1cfa1af916f813fe0400000000000000000000000000000000000002040b110a11091208110710060e060b05080604070008fc0bf80df50ff211f013ee14ee14ee14ee12ef10f10df309f504f6fff8fbfad900fd16fe16fe16ff17001700170117011702160317031704170417051804180418041803190218021801180017ff17ff17fd16fc16fb16fa15fd07ff0200ff00ff00ffff01fe04fa0cf90cf90cf80cf80cf80df70df70df60ef50ef50ef50ff50ff50ff510f510f510f510f610f611f711f712f813f913f914fa14fa15fb15
42,6450741,-93,11,128,1,0,0,4ff1144100f700f900f6fff3fff300f601f700f9fffa00f901f901fbfefdfcfcfaf8fcf7fdf8fef802f903fa02fb00fc01fd02fd01fd00ff00000000000000000000000000000000000000fe01f9fefa00fb02fafffbfefbfffbfefafffa00fafff8fef7fff8fff8fff800f800f8fff801f802f702f800f9fffbfef8fdf6fafa
43,6458686,-48,11,256,1,0,0,6aa0060013f616f419f31bf31bf31bf41af518f614f710f70bf706f701f6fdf4f9f1f6edf5eaf4e6f5e4f7e2fae2fce3ffe501e802eb00fb000000000000000000000000000000000000fa01eb07eb05eb04ec03ee02f002f302f604f906fc08ff0c010f0212031502180219021a021a0119011702150211030d050908040a01e400f8edf7edf6edf6eef5eef5eef4eef3eff2eff2f0f1f1f1f1f1f1f1f0f0f0f0eff0eff0eff1eff2eff3eff3eff4eef4eef5eef6eef7edf8edfdf9fffd0000ff00ff00fffe00fb00f201f201f202f202f203f103f103f103f003f003f003ef03ee03ee03ee02ee02ee01ee01ee00eeffedfeedfdedfdedfcedfbedfbedfaed
44,6483787,-48,11,256,1,0,0,6aa0060008eb09e80be50ce40de30de40de50ce80aeb08ee04f100f4fbf6f6f8f1f9ecf8e8f6e6f4e5f1e5eee7eceaebeeebf1ecf4edfdfb000000000000000000000000000000000000fd04f512f411f310f30ff40df50cf70afa09fe09020906090a0b0d0c100e110f121113121312121211110f0f0e0c0c080b040aff09fbea00ebfaebfaebfbebfceafdeafdeafeeaffeaffea00ea01ea01e901e901e801e801e800e800e8ffe9ffeafeeafeeafdeafdeafcebfaebf9ecf9f9fdfdff000000000000fefffcfdf6f9f6f8f6f7f6f7f6f6f6f6f6f5f5f5f5f4f5f4f4f4f4f3f4f3f3f3f3f3f3f3f2f3f2f4f2f4f1f4f1f5f0f5f0f6eff6eef7eef7edf8edf8
45,6509675,-49,11,256,1,0,0,73300700e909e60be40be20ce20be20ae309e609e908ee07f207f709fc0b010e041107150819071c051e031f001ffd1efb1bfa17fa14fe0400000000000000000000000000000000000004fc13f413f513f612f811f90ffa0cfa09f905f702f5fff2fdeefbebfae8fae6fae4fae4fbe4fbe5fce7fceafbedfaf1f8f6f6faf4fef400071308130812091109110a110a110b100c100d0f0e0f0e0e0e0e0e0f0f0f0f0f100f0f0f0f0f0e0f0d0f0c0f0c100c100b100b100a11091103060002ffff00ff00ffff01ff04fd0cfc0cfc0cfb0cfb0dfa0dfb0efb0efa0efa0efa0ffa10fa10fa11fa11fb11fb10fc10fc11fd11fe12ff12001201120212031203130413
46,6544451,-50,11,256,1,0,0,73300700eb07e809e60ae40ae409e409e508e807eb06ee06f207f708fb0aff0d011102150319021c001dfd1efa1df81bf618f615f612fd0400000000000000000000000000000000000003fc0df20ef20ef40ef50df60bf709f706f703f600f5fdf3fbf0faeef9ebf8e9f8e8f8e7f9e7f9e8faeafaecfaeff9f3f8f7f6fbf5fef600080f080f090e0a0e0a0e0b0d0b0d0c0d0c0c0d0c0d0c0e0b0e0b0e0c0e0c0f0c0f0c0e0d0e0d0d0d0d0d0c0d0c0e0c0e0b0e0a0f090f081002050001ffff00ff00ff0001ff03ff0aff0afe0afe0afe0bfd0bfd0bfd0cfd0cfd0cfd0dfd0dfd0efe0efe0efe0eff0eff0eff0e000e010e020f020f030f040f050f050f060f
47,6544673,-50,11,256,1,0,0,7550070000e9ffe600e400e201e201e302e402e601e900edfdf0faf4f7f7f3f9eefaeafae7f9e5f7e4f4e4f1e6f0e9eeeceef0eef2effcfc00000000000000000000000000000000000001040712061205120411030f030e040b0509070709050c030f0212011501170118021902180317031602140211000efe0bfb08f806f5e900eeffee00ee01ee01ee02ee02ee03ed04ee05ee06ee07ee07ee07ee07ed07ed08ed08ed08ed07ee07ee06ee05ed05ed05ed04ed03ed02ed01f900fe0000ff00000000fffffdfdf7f9f7f9f7f8f7f8f7f8f7f7f7f7f6f7f6f7f6f7f6f7f5f7f5f6f4f7f4f7f4f7f4f7f4f8f3f8f2f8f2f9f1f9f1faf0fbf0fcf0fceffdeffd
48,6966996,-49,11,256,1,0,0,833228000d140e150f160f170e170d170c160b140b110a0e0b0c0c090e0611051404170419061a081a0a190d170f141011100e100c0f0203000000000000000000000000000000000000fc02f20af209f208f308f408f508f70af80bf80df90ff911f812f714f715f615f515f515f514f613f712f911fb10fd0f010f040f060ffc000afa09f909f809f809f709f709f709f608f608f608f607f507f508f508f408f409f409f409f509f509f50af60af60bf70bf70bf80cf90cfa04fd01ffff00ffffffff000002000702070207020602070207020702070207020802080108010801080108000800090009ff09ff09ff09fe09fe09fd09fd09fc09fb09fb09fa
49,6973913,-50,11,256,1,0,0,8332280016f717f619f619f719f818f917f915fa12f90ff80df70bf509f308f009ed0aeb0cea0eea10ea12ec13ef13f112f411f610f803fe00000000000000000000000000000000000002040910070f060e060d060c070b080a0a090c090e091009110a130b130c130d130e120e120e110d100c0f0a0e070e040f0110fe11fcf100fbf4fbf4fbf5faf5faf5f9f5f9f6f9f6f9f6f8f6f8f6f7f6f7f6f7f6f7f6f7f6f7f6f7f6f8f5f8f5f9f5f9f6faf6faf5faf5fbf5fcf4fcf4fffbfffe0000ff00ff0000fe00fc02f702f702f703f703f703f703f703f703f703f703f703f603f603f603f602f602f601f600f600f600f6fff5fff5fff5fef4fdf4fdf4fdf4
50,7076178,-46,11,128,1,0,0,1ee00100e807e607e506e405e404e502e702e901ec02ef03f205f407f60af70df710f612f414f214f014ef12ef10ee0eef0bf109f208fc01000000000000000000000000000000000000fefbfaeffbeffbf0fcf1fbf2fbf4f9f4f7f5f4f6f2f6f0f5edf4ecf3ebf2ebf1ebefecefedefeff0f0f1f1f3f2f5f3f9f2fcf1ffef02
51,7076657,-46,11,128,1,0,0,1ee0010008170819081a071b061b041a0318031603130410050d080b0a080d07100713081409150b150d130f110f0f100c0f0a0e080d0203000000000000000000000000000000000000fc01f006f006f005f104f305f405f507f609f70bf70df610f512f414f315f215f015f014f013f111f210f40ff60efa0dfd0d000f0210
52,7077458,-45,11,128,1,0,0,1ee00100e402e101e000dfffe0fde2fce4fbe6fce9fdecffef02f105f208f30cf20ff011ed12eb12e911e80fe80ce80aea07ec06ee04fb01000000000000000000000000000000000000fffbfcecfdedfdedfdeffdf0fcf1faf2f8f2f5f2f3f2f0f1eeefecedecececebece9ede9eee9f0eaf1ecf2eef2f1f2f5f1f9eefcecfe
53,7077971,-46,11,128,1,0,0,1ee00100f017ee18ed19eb18eb17eb15ec13ee11f010f30ef70efb0efe0f0111031304160419021b001cfe1cfc1afa18f915f912f910fe03000000000000000000000000000000000000fbfdeff6f0f5f1f5f1f6f2f7f2f9f2fbf1fdef00ed01eb02e802e503e402e302e200e3ffe4ffe5fee7ffe9ffec01ef03f106f20af20d
54,7078426,-46,11,128,1,0,0,1ee0010011eb14e916e917ea18eb17ed16ef14f111f20ef20af306f203f000eeffebffe800e502e404e306e408e609e80aeb0aee09f002fc00000000000000000000000000000000000004020f0a0f0b0d0b0d0a0c090c070d050e031001120015ff18ff1aff1bff1c011c021c031b04190418031502130010fe0ffa0ff60ff3
55,7078946,-46,11,128,1,0,0,1ee00100e4f9e2f7e2f6e1f5e2f4e4f3e6f3e9f5ebf6edf9effcf000f004f008ee0aeb0ce90de70ce50be509e506e703e902eb01ed00fbff00000000000000000000000000000000000001fb04ed04ed04ef04f003f102f100f1fdf0fbf0f9eef7ecf5eaf4e8f4e6f5e5f5e4f6e4f7e5f8e6f9e8f9eaf8eef6f1f4f4f1f7eff8
56,7079369,-45,11,128,1,0,0,1ee001000fe810e612e614e715e815ea14ec12ee0fef0cf008f104f101f0feeefcebfbe8fce6fee400e302e304e506e707ea07ed07ef01fb0000000000000000000000000000000000000402110810090f090e080d070d050d030f0110ff12fd14fc17fc1afb1bfc1cfd1dfe1cff1b001900180016ff13fe10fb0ef80ef40df1
57,7079966,-46,11,128,1,0,0,1ee0010012ec15ea17ea18eb19ed18ef17f115f212f30ef30bf307f203f001ee00eb00e801e603e405e407e409e60ae90aec0aee0af002fc00000000000000000000000000000000000003020e0b0d0c0c0b0c0a0b090b080c060e040f0211011400170019001b011c021c041c051a05190517051504120210ff0ffb0ff710f4
58,7137196,-45,11,128,1,0,0,1ee00100fc1afb1dfa1df91df71df71bf719f816f914fc11ff10030e060e090e0c0f0e120f140e170d180b18081806170415031202110004000000000000000000000000000000000000fbffedfdeefdeefcf0fcf1fdf1fef200f203f105f007ef0aec0cea0de90de80de60ce60be70ae809ea08ec08f008f309f70cf90efa11
59,7140586,-45,11,128,1,0,0,1ee00100ea12e813e612e511e510e50ee70ce90bec0bf00bf40cf70dfa0ffc12fd15fc18fb1af81bf61bf419f317f215f312f40ff40efd03000000000000000000000000000000000000fcfdf0f3f1f3f2f3f3f4f4f5f4f6f3f8f2faf0fcedfdeafee8fee5fee4fde3fce3fae3f9e5f8e7f8e8f8eafaedfcef00f004ef08ef0b
60,7141530,-45,11,128,1,0,0,1ee00100ffe7ffe500e402e303e404e604e804ea02ec00eefdf1faf2f7f3f5f3f2f2f1f0f0eef1ecf2eaf4eaf6eaf8ebfaedfbeffcf0fffc00000000000000000000000000000000000004ff10fc10fd0ffe0efe0dfd0cfd0bfb0bf90bf70bf40cf20ef00fef11ee12ee13ef14f013f112f311f30ff40cf408f405f203f001ee
61,7142270,-45,11,128,1,0,0,1ee001001a051c061d071d081c0a1a0a180a16091407120410010ffd0ffa10f711f414f316f318f41af61af819fa18fc15fe13fe11ff04ff0000000000000000000000000000000000000004ff12fe12fe11fe10fe0f000e020e040e060e090f0b100d130e150e160d170d190c190a1809170815081309100a0c0d0910071305
62,7145467,-45,11,128,1,0,0,1ee0010019f81bf81df91dfa1dfc1cfd19fe17fe15fd12fb0ff90df70bf40af10bef0dec0feb11eb13ec14ee14f014f312f510f70ff803fe0000000000000000000000000000000000000203080f070f060f060e060c070b080a0a090d080f081109140a160b160c160e160f1510140f120f110e100c0f090f050f0211fe12fc
63,7167622,-93,11,128,1,0,0,4ff11441f3f3f6f5fdf704f504f200f3fff601fa01fc00fbfef9fdfafdfcfffbfefafcfafdf800f802f902f900fafffd00fc01fbfffeffff00000000000000000000000000000000000000000100fffdfdfcfbfbfbfafcfbfdfefdfffcfff9fef7fdf8fbfaf6fbf6faf9f9f8f8f7fbf6fef6fdf9fcfbfdfbfbf9f8f8f7f6f4f5
64,7197514,-46,11,128,1,0,0,1ee00100f1ebf0e8f0e7f1e5f2e5f4e6f5e7f6e9f7ecf7eff6f2f5f5f2f8f0faedfbeafae8f8e7f6e7f4e9f2ebf1edf0f0f0f3f1f5f2fdfc00000000000000000000000000000000000002fc0bf30bf30bf40af409f508f407f306f204f004ef03ec04ea04e804e705e606e607e607e707e807ea06eb04ed01effeeffaeff7ef
65,7198709,-46,11,128,1,0,0,1ee00100e5f7e3f5e3f4e2f3e3f1e5f1e7f1e9f2ebf4edf7effaf0fef002ef05ed08ea0ae70ae509e407e405e402e600e9feebfdedfdfbff00000000000000000000000000000000000000fb04ee04ee04ef04ef03f002f000f0fef0fceffaeef8ecf7eaf6e8f6e7f6e6f7e4f7e4f8e5f9e6f9e8f9eaf9edf7f0f5f3f2f5eff6
66,7199990,-46,11,128,1,0,0,1ee00100e90be60be50be40ae309e407e606e805eb05ee06f107f409f70bf80ef811f714f616f316f116f014ef12ee10ef0df00bf209fc02000000000000000000000000000000000000fdfcf5f2f6f2f7f2f7f3f7f4f6f5f5f6f3f7f2f8f0f8edf8ebf8e9f7e9f7e8f6e8f4e8f4e9f3eaf4ebf5edf6eef8f0fbf0fff002ef05
67,7269932,-93,11,128,1,0,0,4ff1144108080a080607040604080308020701040104020302020301050005010603060505050305040605050305010600060004ff03ff00000000000000000000000000000000000000000001040103010100020102010001ff020005ff06000502050307030705050705080506030501060006020506030901080006020704
68,7716761,-92,11,128,1,0,0,bffbbb41fe01ff00ff0201030002fefffcfcfdfefe01fe0000fb03fb01fefefdfdfbfcfcfefe02ff02ff0002fd03fb04fd03fe01fd00ff0000000000000000000000000000000000000000ff0000fffffefc00fe010009fd10f909fcfffdfcf2fbe9fbf3fcfdfbfcfefefefffefe000000fe02f904f802fb00fdfe00ff020403
69,7718636,-89,11,128,1,0,0,088880410102040201fc00fc0202030102000001fefffefe0000ff00fdfefefe00ff00fefffdff00010002fe02fe00ffffff01ff0000ff0000000000000000000000000000000000000000fffffbfafdfa0300050402f607e50df20602ff0e0719120e0a00fe01010004fdfefbfcf800f604fa05020305ff06fe03fcfdf9fbf9
70,7821478,-89,11,128,1,0,0,e00aae41ff04fc05fb01fbffff00040002ff00fd00fcffffff010001000000ff00fdfffe01ff01fe010003010100ff00ffff00fffeffffff00000000000000000000000000000000000000000004fc06f902fafcfbfafd0001030001fe01fd02fe0302020301fe01fbfe02fb07fb04fcfdfdfafbfcf7f6efefeff7fffb07fbfd
71,7821666,-90,11,128,1,0,0,a8811a41fcfefafafcfa00fefd02f901fefe04fd03fe02fe03ff04000300010000fefffdfffefe00ff01000100020002010101fefffdffff00000000000000000000000000000000000000ff01fefdfffdfffefffe00fc01fefffffdfbfdf9fefcfffd03fc05ff0105fc04fafffcffffff01fd02fe0006f40ce708ef05fc03ff
72,7938223,-61,11,128,1,0,0,1ee00100e808e808e908e908ea08eb08ec08ec08ec09ec09ed09ed09ee09ee08ef08ef08ef08ef07ef07f007f106f206f205f205f205fc01000000000000000000000000000000000000fc02f00af00aef09ee09ed09ec09ea09e909e909e808e808e708e708e707e607e607e607e707e707e708e708e708e808e808e708e709
73,7942387,-60,11,128,1,0,0,1ee00100ecf5ecf5ecf5edf6edf6edf6eef7eef7edf7edf7eef8eef8eef8eff8eff8eff8f0f8f0f8f1f8f1f8f2f9f3f9f3f9f4f9f4f8fdfe000000000000000000000000000000000000fcfef2faf2faf1f9f1f9f0f8f0f8eff7eef6eef6eef5eef5eef4eef4eef4eef3edf3edf3edf4edf4edf4ecf4edf4edf5edf4ecf4ebf4
74,7942995,-63,11,256,1,0,0,36655300f0f2f0f2f0f3f0f3f0f3f0f4f0f4f0f5f0f5f0f5f0f6f0f6f0f6f0f6f0f6f1f6f1f6f1f6f2f5f2f5f3f5f3f5f4f5f4f5f5f4fdfd000000000000000000000000000000000000fcfdf3f6f3f5f4f4f4f4f4f3f3f3f3f2f3f2f4f1f4f1f4f0f4f0f4f0f4eff4eff4eff4eff4f0f3f0f3f0f3f0f2f0f2f1f2f0f2f0f1f07b00e7e1e6e2e6e2e6e3e6e3e6e4e6e4e6e5e6e6e6e7e5e8e5e8e5e8e5e8e5e8e6e8e7e8e8e8e9e7eae7ebe7ece7ede7eee7efe6f1e6f2e5f4e4fbf6fefc000001010000fdfef7f9e7eee8ede9ebeaeaebe8ebe7ebe6ebe5ebe4ebe2ece1ece0ecdfecdeecdeedddedddedddedddeddeecdeecdfebdfeadfe9dfe8dfe8dfe8e0
75,7943842,-60,11,128,1,0,0,1ee001001305130512041204120412041103110311021102110211021002100210020f020f020f020e030e030d030c030c030c030c03030000000000000000000000000000000000000003000c010c010d020d020e020f0310041004110411051105120512061206120612061206120612061206130513051205130513051405
76,7949531,-50,11,256,1,0,0,36655300e704e604e404e403e402e502e701e802ea03ec04ee06ef08f00af00cee0fed10ea10e80fe60de50ae508e605e802ea01ec00fb00000000000000000000000000000000000000fdfcf5f3f6f4f6f4f6f4f6f5f5f5f4f5f3f6f2f6f1f5eff5eef4eef4edf3edf2edf2edf2eef2eef3eff4eff5eff7eff9eefcedfeec00f5000109010901080108020802090209020903090309030903090309030a030b030b030b030b030b020b010b010b010b000b000b000bff0bfe0aff03ff01ffff00ff00ffff00fe00fc02fc02fc02fc02fc02fc03fc03fc03fc03fc03fc03fc04fc05fd05fd05fd05fd05fd05fd05fd06fd06fe06fe07ff07ff07ff08ff080008
77,7971380,-51,11,256,1,0,0,36655300f515f516f516f516f516f515f615f714f813f912fb12fc12fe13ff1400160017fe18fd19fb19f918f717f615f513f411f40ffd03000000000000000000000000000000000000fc00f203f203f303f404f405f406f308f209f009ef0aee0aed09ec09ec09ec08ec08ed08ee08ef09f00af10bf20cf30df40ef510f511f600040404030403040305020503050306020602060106010601060206020702080208010701070107020602060307030703070407040604050401010000ffff00ff00ffff00fe02fc06fc06fc05fc05fc05fc05fc04fc04fc04fc04fd04fd04fd04fe04fe04fe04fe04fe04ff04ff0400040004010401040104020402040305
78,7985086,-49,11,256,1,0,0,36655300e6f8e5f7e4f6e5f5e6f5e7f5e9f6eaf8ecfaecfcedffec02eb04e906e706e506e304e202e1ffe2fde4fae7f8e9f8ecf8eef8fbfe000000000000000000000000000000000000fffbfceffdf0fdf1fdf2fcf3faf3f9f3f7f2f5f1f4f0f3eef3edf3ebf4eaf4eaf5eaf6eaf6ecf6edf6eff5f1f4f3f2f5f0f6edf7ebf8fe00fa08fa08fa08fa08fb08fb08fb09fb09fb09fb09fc09fc09fb0afb0afb0afb0afa0afa0afa0af909f909f908f908f908f808f807f707f706fc02fe0000ff00ff00ffff00fd01f903f803f803f802f802f802f802f802f802f802f802f802f803f803f803f803f803f803f803f804f804f805f805f905f906f906f907fa07
79,8089181,-92,11,128,1,0,0,4ff11441f903fb04f907f605f501f500f602f902fa03fa04fa03fb04fb04fb04fb07fc0aff0800090009ff06fc03fb01fc02fc04fc04ff01000000000000000000000000000000000000fffefdfbfffa00fa00f901f900fbfffcfefbfbfaf9faf8f9f7f9f7fcf7fef6fdf6fbf7fbf9fafafbfbfcfafdf900f802f600f401f304
80,8396386,-92,11,128,1,0,0,4ff114410a000afe09fe09ff090106ff04fb02fcffff00fe03fc02fb00fbfffbfdfbfcfafcf8fdf7fefafefbfefafefbfbfbfcfbfffe0000000000000000000000000000000000000000fe01f901fafefbfffbfffdfffd00fd02ff02ff03ff05fe06fd08fd0afe0afd08fe07ff07ff08fc07fb06000604060404040006ff0900
81,8840030,-26,11,128,1,0,0,0ee00041f218f111f516f91cfc18fb11f70df00bef08f303f304ef08f105f902fd08fa0df80df80ef90efa0cf80bf70bf70af808f807fe01000000000000000000000000000000000000fd02f70af60af409f307f406f408f308f306f408f50df311f615f916f313ee12ec12e711e610e90be708e009e409f107f50df51bfd1f
82,8860085,-50,11,256,1,0,0,9662290014111710190e190c19091707150512040e040b050707050a030d011000130015001700180018ff17ff16fe14fd12fc10fb0efe0300000000000000000000000000000000000000f901e801e901ec02ef03f205f508f80bfb0ffe13ff160019001bff1dfe1dfb1cf91af817f714f610f70dfa0bfd0a0109050b090c0c9800250825082508250725072506240524052404240424042404240424052405240624072309220a210b200c1e0d1d0f1c101a1218131615151607080102fffffd00feff03ff0cff23fe230023022304230623082309240a240b240c240d230f2310231122112211221122102210220f220e230e230d230c240c240b240b240a
83,8935850,-50,11,256,1,0,0,b6600b00071e0a1e0c1d0d1a0e170d130b10080c0409ff07fa06f506f007ec08e909e60ae50be40ce50ce70be90aec08ef05f202f400fdff000000000000000000000000000000000000fefafceafdecffef01f204f607f90bfd0f00130217041a051d051e041f021e001dff1afd16fd12fd0efe0a0006040308010d00120016a6001221132113201420141f151e151e161d161c161c171c171d171d171d171e161e151e141f121f111f101f0e1f0d1f0b1f0920062004200220000bff03fffefefefffe0202070a151d131e111f0f200e210d220c230b240b240a25092609260826072607260725072507250824092409240a230b230c230d230e230f230f22
84,9113190,-93,11,128,1,0,0,4ff114410508070909070b0609060607050604040106000800070107010602030301030403070008fe05fd04fe06ff06fe04fc02fe0200000000000000000000000000000000000000000100050006fc06fb04fe0201040006fe03fe02fe03fd04fd05ff07ff07ff070308050503030203000500070205010300050206010500
85,9417027,-92,11,128,1,0,0,6cc3364102fd01fd00ff000000fffffefffeff00ff02000301020202010100fe00fa01fb01fe00fffefefffefffffefffdfefefefefeffff00000000000000000000000000000000000000ff01ff00ff00ff0000fe0000ff01fe0100fe00fbfffdfefefffeffffffff00fffffffdfefefd00fe010100f803ec07f40700060104
86,9418007,-93,11,128,1,0,0,3aa8834101fffffefffc00fe01ff01fe01fe00ff01020104ff02fe00ff000001000000fe00ff0002ff0000fe00ff00ff00fefffefefeffff000000000000000000000000000000000000ff00ff00fffffffd00fc00fdfe00fe02ff0000fffd00fc01fe0100ff02fe04ff02fefefcfcfcfbfffb01fd00fef3feeafafaf806fafd
87,9420219,-94,11,128,1,0,0,b55ccb41fffeff0200060001fffcfcfffc03ff0202010101fe02fe02fe01fe00ffffff00fd01fe0000ff00000001fe00fffffffe00ff0000000000000000000000000000000000000000000002000200ff00fc00ff0002ff02000000fe00fe03ff04ff03ff00ffffff0000fefefdfd01fe02030005020a0f0f180512fb0cfd06
88,9522786,-92,11,128,1,0,0,5ff11541fdfffd02010203ff0200fe00fffb01fb00fe08fb11f608fafefff5fcecf9f5fdff0002ff0201ff04fc03fbfefdffff01000000ff000000000000000000000000000000000000fffffdfdfefb00fc03ff010200040203020001fdfdfdfdfdfefcfefffe06ff0b03080203fffffffe0000fefefcfbfcfefc04fa07fb02
89,10062318,-27,11,128,1,0,0,d7799d41f20306f90bf103eff2f9f204040b0609f9f6efeceff9f308f50df910fb13fd0f08050c0102fef8f8faf500f304f604f900f5fffc000000000000000000000000000000000000fefefcfb00feff0001fc07fa05fffffefbf7fcfbfbfffbf601f901ff03fb0afc0b020406f905f902fe0003f907f805f500f1fff8fffc
90,10190210,-72,11,128,1,0,0,0ee000419bac96aa9da4a4a0a9a0b0a3b9a8c5adc8b0c3b9cdc1d4c7ccd9bde3acdcabd5b8d3c3d6cad9c8decceaddece4edebf1fced00fa000000000000000000000000000000000000fefcfbf2fceff3e3eaddefe1f8e2f9e7fbeef3ece4ddd7c9d2c0d7bad8b4d5b4d3b2d6b4e2bee5bfe0bae3b6e7b5e2b5d0a9c299c393
91,10493062,-28,11,256,1,0,0,e4400e00e7f8e7f8e8f8e8f8e9f8e9f9e9f9e9fae9fae9fae9fbe9fbe9fbe9fae9faeafaeafaebf9ebf9ecf9edf9edf9eef9eef8eff8fbfe000000000000000000000000000000000000fbffecfcecfbecfbebfaebfaebf9eaf8eaf8e9f7e9f7e9f6e9f6e9f6e9f6e9f6e9f6e9f6e9f6e9f6e9f7e9f7e8f7e8f7e8f7e7f7e6f7f1fbd1f2d1f2d1f2d2f2d2f2d3f3d3f4d3f5d4f6d4f6d4f7d4f7d4f8d4f8d4f7d4f7d5f7d6f6d6f6d8f5d9f5dbf5dcf5ddf4def4def3dff4e0f3fafdfeff000001000000fdfff9ffdbfbdbf9daf7daf6daf5d9f4d8f3d7f2d7f1d6f0d5efd5eed5eed5edd5edd5edd5edd5edd4edd4edd4eed3efd3efd3f0d3f1d2f1d2f1d2f1
92,10493205,-29,11,256,1,0,0,e4400e00fde8fde8fde8fce9fce9fce9fce9fbeafbeafbeafaeafaeafaebfaebfbebfbebfbebfcebfcecfdecfdedfdedfdeefeeefeeefffb000000000000000000000000000000000000fffbfcedfcedfdecfdecfdecfeebfeeafeeaffe9ffe9ffe9ffe900e900e900e9ffe9ffe9ffe9ffe8fee9fee9fee8fee8fde8fde8fde8fdf2f8d2f9d2f9d2f9d3f9d4f8d5f7d5f7d5f6d6f6d6f5d7f5d7f4d7f4d7f5d8f5d8f5d8f6d9f7d9f8daf8dbf9dcf9ddfadefbdefcdffde0fee0fffa00fe000000010000fffefef9f6def7def9dcfadcfbdbfbdafcd9fcd8fdd7fdd6fed5ffd4ffd400d400d400d400d4ffd4ffd4fed4fed3fdd3fcd3fcd3fbd3fbd3fbd3fbd3
93,10493369,-29,11,256,1,0,0,e4400e00011801170117011602160216031503150315031503150315031503140315031403140214021302130112011201110011001100040000000000000000000000000000000000000004011201120113001300130014ff15ff15ff16fe16fe16fe16fe16fe16fe16fe16fe16ff16ff17ff17001700170017001701170117ff0e002eff2dfe2dff2cff2b002a012a022a022903290328032804280428042803280327032702260225012400230022ff21ff20fe20f91ff81ffe05ff0100fffffe00ff000100060022ff220023ff23fe23fd24fd25fc26fc27fb28fa29f92af92af82af82af82af82af82af92af92afa2bfb2bfc2bfc2cfd2cfd2cfd2cfe2b
94,10493493,-29,11,256,1,0,0,e4400e00e9f8e9f9e9f9e9f9eafaeafaeafaeafbeafbeafbeafbeafceafceafceafbebfbebfbebfbecfbedfbedfaeefaeefaeffaeffafbfe000000000000000000000000000000000000fbfeedfbedfbedfaedfaecfaecf9ebf9ebf8ebf8ebf7eaf7ebf6ebf6ebf6ebf6ebf6eaf7eaf7eaf7eaf7eaf8eaf8e9f8e9f8e8f8e8f8f2fbd3f1d3f1d4f2d5f2d5f2d6f3d6f4d6f5d6f5d6f6d6f6d6f7d6f7d6f8d7f8d7f7d8f7d8f6d9f6daf6dcf5ddf5def5dff5e0f5e0f4e1f3e2f2fafdfeff000001000000fefff9feddf9def7ddf6ddf5dcf4dcf3dbf2dbf1daf0d9efd8efd8eed8edd8ecd8ecd8ecd8ecd8ecd8edd7edd7eed7eed6efd6efd6f0d5f0d5f0d5f0
95,10493618,-29,11,256,1,0,0,e4400e00eaefebefebefebf0ebf1ebf1ebf1ebf2ebf2ebf2ebf3ebf3ebf3ebf3ecf3ecf3ecf3edf3eef3eef3eff3f0f3f0f3f0f3f1f3fcfc000000000000000000000000000000000000fbfdeff4eff3eff2eff2eef1eef1eef0eeefeeefeeeeeeeeeeedeeedeeedeeedeeedeeeeedeeedeeedeeeceeecefecefecefebefebeff3f6d7e0d7e0d8e0d8e0d9e1d9e3d9e4d8e4d8e5d8e6d8e7d8e7d8e7d8e7d8e7d9e8d9e7dae7dbe7dde7dee7dfe8e1e8e1e8e2e8e3e8e4e8e5e7fbfbfefe000001000000fefff9fcdfebdfe9e0e8e0e6e0e5e0e4e0e3dfe2dfe0dedfdedededddedddedcdfdcdfdcdfdcdedcdddcdddddcdddcdddbdedbdedadfdadfdadfdadf
96,10493853,-29,11,256,1,0,0,e0000e00ee0fee0fee0eef0eef0ef00ff00ff00ff10ff10ff10ff10ff10ff20ff20ff20ff20ef20ef20df20cf20cf30cf30bf30bf30afc02000000000000000000000000000000000000fc02f20bf10bf10bf00bf00bef0bef0bee0bed0bed0bed0bec0bec0bec0bec0bed0bed0bed0ced0ced0ced0ded0ded0ded0eed0eee0ef609df1fdf1edf1edf1de01de21de21de31ee41ee51ee51ee51ee61fe61ee61ee61ee61ee61de61ce61be719e719e818e817e816e815e815e815fb03fe0000ff00ff00fffe01fc04ea1ae919e616e516e416e315e216e116e017de17dd17dc17dc16dc16db16db16dc16dc16dc17dc18dd19dd19dd1ade1ade1bde1bde1bde1b
97,10518822,-38,11,256,1,0,0,e4400e0014f314f313f313f312f312f311f211f211f210f210f210f210f210f210f210f210f210f30ff40ff40ff40ef50ef50ef60ef603fd00000000000000000000000000000000000004fd10f510f510f511f511f512f613f613f614f615f615f615f615f615f715f715f614f614f614f614f514f514f414f514f414f414f30bf725e425e524e524e623e622e521e520e420e41fe31ee31ee31de31de31de31de31de41de51de61ce71be81ae91aea19ea19eb1aec1aed1aee04fc01ffff00ff00ff0001fe04fb19e61ae71de91eea1fea20ea21ea22eb23eb25eb26eb27eb28ec28ec28ec28ec28ec27ec27ec26eb26ea26ea25e925e825e825e825e825e8
98,10518965,-39,11,256,1,0,0,e4400e00170d160d160c160c160b160b160a1609150915091509150915091509150a1409140914091309120a120a110a10091009100a030200000000000000000000000000000000000005011307130813091409140a140a150b150c150d150d160e150e150e150e150e150e150e150e150e150e150d160d160d170d170c180c0d082b1c2a1c291b291b281a2819281828172816281528142814281427142714271526152615251523152215211520141f141d141c141917181804040101fffffeffffff0200060224102312241123132315241624172519251a261b261c261d261e261e261e251f251f251f251f251f261e261e261d271d281c281c291c281b
99,10519130,-39,11,256,1,0,0,e4400e00ecf1edf2edf2edf2edf3edf3edf3edf3edf4edf4edf5edf5edf5edf4eef4eef4eef4eff4eff4f0f4f0f4f1f4f2f5f2f4f2f4fcfd000000000000000000000000000000000000fbfdeef7eef6eef5eef5eef4eef4edf3edf2edf2eef1eef1eef1eef1eef0eef0eef0eef0eef0eef1edf1edf1edf1edf1ecf1ecf1ebf2f5f6dce1dde2dde2dee3dfe3dfe4dfe5dee5dee6dde7dde7dde7dee8dee8dee8dfe8e0e8e0e7e1e7e2e7e3e8e4e8e6e8e6e9e7e9e8e9ece7ede7fcfbfffe000000000000fefffafce1ede2ebe0ece1eae1e9e1e8e1e6e1e5e0e4e0e2e0e1e0e1e0e0e1e0e1e0e1dfe1dfe1dfe1dfe1dfe0dfe0e0e0e0dfe1dfe1dfe1dee2dee2
100,10519254,-39,11,256,1,0,0,e4400e0014f314f414f413f413f312f312f311f311f311f211f211f210f310f310f310f310f310f410f510f50ff60ff60ef60ef70ff703fd00000000000000000000000000000000000003fd0ff510f511f511f512f513f613f614f614f615f615f615f715f715f715f715f715f715f715f615f615f615f515f515f515f415f40cf929eb29eb28ec28ec26ec25eb25eb24eb23ea22ea22e921e821e821e921e921e921ea21ea20eb20ec1fed1eee1def1cef1cf01df11ef51ff605fe01ffff00fe00ff0001fe05fc1eec1fed1fed20ee22ef23ef24f025f026f028f029f129f12af12af129f129f229f229f229f229f229f129f029f028ef28ee28ed28ed28ed
101,10519386,-39,11,256,1,0,0,e4400e0017fb17fb16fa16fa15fa15f915f914f914f814f814f813f813f813f813f813f813f812f912f911fa11fa11fa11fa10fb10fb04ff00000000000000000000000000000000000004fe12fb13fb13fc13fc14fc15fd15fd16fd16fd17fe17fe17fe17fe16fe16ff16fe16fe17fd17fd17fd17fc17fc17fc17fb17fb17fb0dfc2df62cf72bf72af62af629f529f428f427f327f326f226f126f125f125f125f225f225f224f323f422f421f520f520f61ff71ff820fa20fc05ff01ffff00fe00ff0001ff06fd22f523f623f724f925f925fa27fb28fb29fc2afc2bfd2cfd2cfe2cfe2cfe2cfe2cfe2bfe2bfd2cfd2cfc2cfb2cfb2cfa2cf92cf82cf82bf8
102,10519612,-39,11,256,1,0,0,e0000e0001e801e801e900e900eaffeaffeaffeafeeafeeafeebfeeafeebfeebfeebfeebfeebfeecffecffedffeeffee00ee00ef00ef00fb00000000000000000000000000000000000000fb00ed00ed01ec01ec01ec02eb02ea02ea03ea03e904e904e904ea05ea05ea04ea04ea04e903e903e902e902e902e902e802e801e800f202d302d202d302d402d500d500d6ffd6fed7fed7fdd7fcd7fcd7fcd7fcd7fdd8fdd9fdd9fddafedbfedcffddffdeffdf00df00e002e003e100fa00feff000001ff00fffefff9ffdc00dc01dc02db03db04da05d905d806d707d708d609d60ad50ad50ad50ad50ad50ad609d608d508d507d406d405d405d405d405d405d4
103,11263681,-93,11,128,1,0,0,4ff1144109fa0bfa0cfb0bfc0afe09ff07fd04fb05fb05fb02fc00fb00fb01fb02f903f704f704f903fa04fa03f902fa01fe00ffffff00ff000000000000000000000000000000000000000203080506060204ff03ff03000401030001000301070007ff07fa08fa08fe070304040302060308040a04090006fa09f707f803f7
104,11751355,-28,11,128,1,0,0,92266941eef7f700fa08fe100216ff0efefc05ec08ec00f7f6fff2fef3fdfa0006040b060706070303fdfef5fff2fff8fa02f603f8fffeff000000000000000000000000000000000000ff02fd06fc0101fd05f704f300f8fafff403ee06f604060a0e100a0b02fffef601f403f4fef6fa05f714f515fa0f080613030f08050b
105,11923348,-93,11,128,1,0,0,b55ddb41fcff01ff0004fe07fe0100fc03ff04ff04fd01feff00ff00fe00fd01ff0002ff01ff0001020002ff00ff01ff0300020102010000000000000000000000000000000000000000000000ff01ff0101fe02fd01f807f210f707ffff030e031cfd10fb00fdfafdfafefe020003ff0101000100fffffefffe01fe03fb04f8
106,12029255,-91,11,128,1,0,0,e55bbe410101fdfefafcfdfe0101010101010101fffffffeff01fe02fe01ff00ff00fdfefefe01fe02ff010000fffffdfeffffff00fe00ff00000000000000000000000000000000000001ff03ff01fffffffffefefdfcfdfbfefdfefdfffd01000000fffdfffdfefffeff00000202040202fffffefffaf2f3e3f0edeff5faf6
107,12133717,-91,11,128,1,0,0,f2299f41fefffe00ff01fd00ff0104000600030100ff00f502eefff7fffd080211090c0203fb00feff01ff00fffe00fe00ff000001ff00ff00000000000000000000000000000000000000ff01ff0101ff02ff020001ff01fd01fd00ff00010001010001fe02fe02ff0000fdfefbfefb00fc02ff0301010000fe020103040002
108,12492498,-93,11,128,1,0,0,4ff114410709040902090207030604050106fe060004030204ff04fe0400040005ff07ff08ff08ff07000600040203050305030201020001000000000000000000000000000000000000fd00f902fa02f802f802f801fa01fc03fb05fc04fb04fa06fc09fe07fd04fd05fd08fb08fa07fb06fc03ff02ff040005020402030108
109,13004522,-94,11,128,1,0,0,4ff11400ff0efd0cfb0bfb0afc09fc08fd05ff03020204020404040605050304020404040506030602050305020402030303010201030001000000000000000000000000000000000000fefffafffcfefcfffc04fe0300000001ff02ff02fe03fc03fa04fc04fe03fc04fa06fa07fb08fa06f904fb03fd04fe07ff0801090106
110,13517376,-92,11,128,1,0,0,addffa41fe00fffe01fb02fc02ff0101020001fefffeff0001020002ff01fe00ff01ff0000ffff00000001fd02fd01000000fffffd00ff0000000000000000000000000000000000000001ff04000302010200010000f800eefff600000208090f0f0707fffe01fe01010002ffff00ff01010001fe00fcfffd00fe04fe05fe03
111,13518711,-90,11,128,1,0,0,5bbee541fefefdfffe00feff0000ff00fc00fdfffeffff0000fffffdfefefe02ff0200ffff00fd01fe00000001010000ff0100020001ff000000000000000000000000000000000000000001010302010000fe00fcfff6f5f1ebf9f300fe0bf915f10af800ff01fd01fe02ff0200fe02fe03010103ff0001fd00feffff000101
112,13519615,-90,11,128,1,0,0,f7777f4101fe0200010102060406030103000102fe03ff0001fd00fdfefefffcfefdfefefffe01ff010000000001ff00ff0000ff01fd00ff000000000000000000000000000000000000ff00ff01fefffefeffff0000f4f8e7f0f1f6fbfd09f819f30df7fdfdfc01ff01ff01ff01ff00fb01fa01fcfe00fd02fb00fc00ff0100
113,13623030,-93,11,128,1,0,0,711cc74102ff01ff0000ff00ff0101020102ff01fffffefefd01fd02fd00fe00ff01fe02fe04fd03fe01ff00fe00fe00ff0000000002000000000000000000000000000000000000000000ff010001010000ff00fd00fcfdfdfeff020004fe03fd02fc03fd01fffffe00fc01fd02ff02010302050004f7fceff4f7f500f701fb
114,13730783,-90,11,128,1,0,0,344cc341fefffdff000002ff0300050005fd00fcfbfcfcf2ffe5fef1fffd05080614020d010403030000ffff0100010000fefffdfdfeff00000000000000000000000000000000000000ffffffff00ff00fefffdfefdfdfcfdfdfefe00fe020002020103000000fd00fcfffefe01fe02fe010000fffffc00fb00fe0102010101
115,13926417,-40,11,128,1,0,0,1440014192de8adac2dc03e8cae593dd9fe2aae2afd9aadfafe7bfebc5f8bc01a907a108a601b3fdc5f8c8f8c4fccffbdefbe8feecfffbff000000000000000000000000000000000000fcfff3fdf3f9e9eee6e9f2edf3f0e9eeefedf0ede1efcdebbcdeb8dcbee2bce3abdba6d1b1d4b2d4bdd0d1cecdd0bad6dfd70ed2dccf
116,14516927,-48,11,256,1,0,0,b6600b00f212f114f117f218f419f619f819fa17fb14fc11fc0dfa0af807f604f302f001ee00ec00eb01ea01ea02eb03ed03ef03f003fc000000000000000000000000000000000000000401130413041204120411050f050d060b08090b070d0510041304160418051a071b081a09190a170a150a130810050e020dfe0dfb0d8900f326f326f325f225f224f224f223f223f222f221f121f120f120f01fef1eef1dee1cee1bed19ed17ec16ec14ec12ec11ec0fec0deb0beb0af803fd0000fffffeffff010204090b1b0a1c081d071e052004210322022301240025fe26fd27fb28fa28f928f828f727f727f727f627f627f627f627f627f527f527f427f427
117,14538027,-48,11,256,1,0,0,b0000b00f415f319f41cf51ef71ffa1ffc1dfe1bff170012fe0efc09fa04f600f3fceff9ebf6e9f5e6f4e5f3e5f4e6f4e8f5eaf6ecf7fbfd00000000000000000000000000000000000002fa0ae90ae90bea0bec0bef0af20af60afb0b000c040d090f0d111014121613171318121910180d160b140910070b0606070108fe0a9d000427042704270427042604260426052605250525052505250425032602260026ff26fe25fc24fa23f822f620f51ff31ef11def1bed1aec18f808fd0200fffefefffe02020809151b131d111e0f200d210c220b23092408250726052604270328022801280128002700270026002600260127012602260227022702270328
118,14555725,-48,11,256,1,0,0,b6600b0017fe1bfd1dfb1ef91ef61cf419f316f313f40ff60cf909fd07020607050b0510061406170719081a081908180717061505130104000000000000000000000000000000000000f9fee7fae7f9e8f9eaf9ecf8eff8f3f7f7f6fbf4fff203ef06ec08ea09e709e509e307e205e203e401e600ea00ed01f204f607f90afc9e001fe91fe91fe81fe81fe81ee81ee81de81de81de91de91de91eea1eea1feb20ec20ee20ef20f120f320f520f720f91ffb1ffd1e001e031d050a020301ff00ff02ff0001fc04f30ddd0ede11e013e115e217e319e31ae41ce51de51fe620e721e821e921ea22eb22eb21eb21eb21eb21eb20eb20ea20ea21e921e920e920e9
119,14566787,-48,11,256,1,0,0,b6600b00ebf2e8f1e5f1e3f2e2f5e2f7e3fae5fce9fdedfef2fdf7fcfbfa00f604f307f009ec0bea0ce80ce60ce60be70ae909eb08ed02fb00000000000000000000000000000000000004041210111010100e0f0c0e090d060c020cfd0bf80bf40bf00ced0dea0fe911e912ea14eb15ee14f113f311f50ef70af705f700f6fc9600d901d902d902d902da02da03da03da03db03db03db03db03da03da02da01da00dbfedbfddcfbddf9def8dff6e0f5e2f3e3f1e5efe7ede8ecf7f8fdfd000001fe01fffc02f507e112e011df0ede0cdd0adc08db07db06da04d903d802d801d800d8ffd8fed8fdd8fdd9fdd9fdd9fddafed9fed9fed9ffd9ffd800d800d800
120,14579302,-48,11,256,1,0,0,b6600b00140818081b071d061e041d011cff19fd16fd12fd0efe0a0007040408010cff10fe14fd17fd19fd1afe1afe19ff18ff16fe14ff05000000000000000000000000000000000000fbfbefeeefeef0eef2eef3eff6f0f9f1fcf201f305f309f30df210f112ef14ee14ec13eb12ea0fea0deb0bed09f008f308f809fc0bff9c0026fd26fd26fd26fd26fd25fd25fd25fd24fd24fd24fd24fd25fe25ff250125032404230622082109200b1e0c1d0e1b10191217131515131706080102fffffe01ff0002fc08f618e61ae81bea1dec1fee20ef21f123f224f425f525f726f827f927fb27fc27fd27fd26fe26fe26fe26fe26fd26fd26fd26fd27fd27fd27fd
121,14579994,-48,11,256,1,0,0,b6600b00071409170c190e191018121713141211110e0e0c0a0a06080107fc08f708f309ef0bec0cea0de90ee90eea0eeb0ded0cee0bfb02000000000000000000000000000000000000fffafee8ffe8ffe800e901eb02ee03f105f408f70bfb0ffe1200150118011a011c001cfe1bfd1afb18fa14fa11fb0efd0b00090408079a0020132013201420141f131f131f131f131e121e131e131e131e141d151c161b171a181819161a151b131b111b0f1c0c1c0a1d071d041d021d000aff03fffffd00feff03fe0cfd22fa22fd22ff22022205220623082309230b230d230f221022122113211420141f151f151f141e141e141f141f141f141f14201420142014
122,14588659,-48,11,256,1,0,0,b6600b0012051505180519031a011aff19fd17fc14fb10fc0dfd0aff07020406030a010e0011001400160017011701160115011400120004000000000000000000000000000000000000fcfcf1f0f2f0f2f0f3f0f5f1f7f2f9f3fcf400f404f407f40bf40ef310f111ef11ee10ed0fec0dec0bed09ee08f107f406f808fc09fe920020f620f620f620f620f620f620f61ff61ff61ff71ff720f720f820f920fa20fb20fd20ff1f001e021d041c051b071a08190a180c160f151007060202ffffff01ff0001fc05f610e512e614e816e917eb19ec1aed1bee1cef1df01ef11ff220f320f421f521f621f721f720f720f720f720f720f720f721f621f621f621f6
123,14595147,-48,11,256,1,0,0,b6600b0002eb01e700e5fee3fce3fbe3f9e5f8e8f8ebf9effbf2fef602f906fc0afe0fff1300160118011901190118001700150113010400000000000000000000000000000000000000ff05fc16fc16fb15fb14fb12fa0ff90cf808f704f400f2fdf0faedf7eaf6e8f6e6f6e5f7e5f9e6fbe8fdebfeeffef3fef7fcfaf9fdf79400f3def3def3def3dff3dff3dff3dff3dff2e0f2e0f2e0f2e0f2e0f4dff5dff6def7def8defadffcdffee000e101e103e205e207e309e40ae504f601fdff0001010000fdfef6f9e7ebe8eaeae8ece6ede5eee4efe3f0e2f1e1f2e0f3dff4def4ddf5ddf5ddf6ddf7ddf7def7def7def7def6def6def5def5def4def4def4dd
124,14599467,-48,11,256,1,0,0,b6600b0008140a160d1810191218131713141312110f0d0c090905070005fa03f502f001ec01e801e601e401e401e401e600e800eafffaff000000000000000000000000000000000000fafeeaf7eaf7ebf7edf7eff7f2f7f6f8faf8fff804f709f70ef612f514f316f117f016ee15ed13ed10ee0ef00bf309f607fb06000604aa00200c200c200c200b200b200b200a200a20092009200920092109210a200b200c1f0d1e0e1d101b111a121812171316131414121610170e1805080102fffffe00ffff03ff0aff1eff1e011e031e051e071e081e091e0b1e0c1e0e1e0f1e0f1e101e101e111d111d111d111d111d101d101d101e101e0f1f0e1f0e200d200d
125,14602695,-47,11,256,1,0,0,b6600b0009130c160e1810181218131613141212100e0d0b090804050002fafff5fdf1fbedf9e9f8e7f7e6f6e6f6e7f6e8f6eaf7edf7fbfd000000000000000000000000000000000000fb02ec0bec0aed08ee07f005f203f500f9fdfdfa00f704f407f10aee0ceb0de90de80ce70be70ae808ea06ed04f003f503fa03000304a6001e0a1e0a1e0a1e091e091e091e081e081e081e071e071e071e081e081e091e0a1d0b1c0c1b0d1a0e180f171016111411131311140f150e1604080102fffffe00ffff02ff09ff1bfe1bff1b021b041b051b071b081c091c0a1c0b1c0c1c0d1c0d1c0e1c0e1b0f1b0f1b0f1b0e1b0e1b0e1b0e1c0d1c0d1d0c1d0b1d0b1d0b
126,14610454,-48,11,256,1,0,0,b6600b00041a071c091d0c1e0d1c0e1a0f170e130b0f080b0408ff05fa02f401efffeaffe6fee3fee2fee1ffe2ffe4ffe6ffeaffecfefbff000000000000000000000000000000000000fbfceeefeff0f1f0f4f1f7f2faf4fef503f708f80df911fa15fa18fa1bf91cf81cf61bf519f416f413f50ff70cfa08fd05020407030b9d001b171c171c171c161c161c161c151c151d141d141d141d141d141d151d161c161b171a1818181619151a131a111b101b0d1c0b1c091d071d020a0003fffffeffffff03000b041e0c1d0d1c0f1b111b131a141a161a1719181919181a181b171c171c161d161d161d161c161c161b161b171a181a181a191a1a191a191a19
127,14611537,-50,11,256,1,0,0,b6600b00fd19fe1c001e021f041e061b071807140610040c0008fc05f802f3ffeffdebfce7fbe5fae3fae3fbe4fbe6fce8fcebfceefcfbff000000000000000000000000000000000000fefafbe9fceafdecfeee00f002f305f608fa0bfd0f001202150418051a051b051c041b021a01170014ff10ff0c00080204050109ff0d9700092209220922092209220a220a220a210a210b210b210a210a210922082207230522042202220021fe20fd20fb1ffa1ef81df51cf31bf11afa09fe0200fffefeffff0202080816171519131a111c0f1d0e1e0d1f0c200b210a22092208230724062405240524042304230423042305230623062307220722072308230823
128,14639222,-49,11,256,1,0,0,b6600b0014f916f818f618f317f115ef12ef10ef0df10bf409f708fb08ff09030a070b0b0d0d0f0f101011111110110f100e0e0d0d0c0302000000000000000000000000000000000000fbfdecf5ecf5edf4eff4f0f5f3f5f6f5f9f4fdf300f203f006ee08ec09ea09e808e706e605e603e701e900ec00ef01f303f606f809fa92001be91be91be91be91be91be91bea1ae91ae919e919e919e91aea1aea1beb1cec1ded1def1df11df31df51df61df81df91dfb1cfd1c001c020a010200ff00ff02ff0000fc03f40ae00ce00ee111e213e314e416e417e518e61ae71be81ce81de81de91eea1eea1deb1dec1dec1dec1dec1dec1deb1deb1cea1cea1ce91de9
129,14640018,-49,11,256,1,0,0,b6600b0014f316f117ee17ec15ea13e910e90dea0bec09f007f407f808fd0a020c060e0a110c130e150f1610160f150e140d120c100b0302000000000000000000000000000000000000f9ffe7fde7fde8fce9fcebfbeefaf1f9f5f7f8f4fbf1feee00eb01e801e501e3ffe2fee2fce3fbe5fae7faebfbeefdf101f405f608f690000fdb0fdb0fdb0fdb0fdb0edc0edc0edc0edc0edd0edd0edd0fdd10dd11dd12de13e015e116e317e418e619e719ea1aec1bee1cf11cf41df60afc03ffff0000020001fefcfcf3f7dbf9dbfcdaffda01da03da05da07d909d90bd90cd90dd90fd90fda10da11db12db12dc12dc12dc12dd11dc11dc11dc11db10db10db10db
130,14657196,-48,11,256,1,0,0,b6600b00fceafbe8f9e6f7e5f5e6f3e7f2eaf2ecf4eff6f2f9f5fdf701f906fa0afa0ffa12fa15f917f917f817f816f815f913f911fa04fe000000000000000000000000000000000000000500150015ff14fe12fe11fc0efb0bf908f705f402f1ffeefdebfce9fbe7fbe6fce5fee6ffe701ea02ed02f001f400f7fdf9fafbf79800e4eae4eae4ebe4ebe4ebe4ece5ece5ece5ece5ece5ece5ebe5ebe5eae6eae7e9e8e8eae7ece6ede6efe5f1e5f2e5f4e5f6e5f9e5fbe5fde4fff600fd000001000000fc00f4ffe0fde0fce1f9e1f7e2f5e2f4e2f2e2f1e2efe2eee3ece3ebe4eae5e9e5e8e6e8e6e8e6e8e6e9e6e9e6e9e6e9e6e9e6e9e5e9e5e9e4e9e4ea
131,14674470,-48,11,256,1,0,0,b6600b0001e700e4fee2fce1fae1f8e3f6e5f6e8f6ecf8effbf3fff603f908fb0dfd11fe15fe18fe1afe1bfd1bfd1afd18fd15fd13fe04ff000000000000000000000000000000000000fe05fb17fb16fa15fa13f911f90ef80bf607f403f2fff0fbedf8ebf6e8f5e6f5e4f6e4f8e4f9e6fbe8fdebfeeffef3fdf7fbfbf8fef59d00eedeeddeeddfeddfeddfeddfede0ede0ede0ece0ece1ece1ede0eedfefdff0def1def2def4def6def8dffadffce0fee000e002e104e106e202f501fcff0001010000fcfef5f9e4ece5eae7e8e9e6eae4ebe3ebe2ece1ede0eedfefddf0ddf0dcf1dbf2dbf2dcf3dcf3dcf3dcf3dcf3dcf2ddf1ddf1ddf0ddf0ddf0ddefdd
132,14679671,-48,11,256,1,0,0,b6600b00eb0be90de710e713e815ea15ed16f014f312f50ff70bf806f801f8fbf7f6f6f2f4eef3ebf2e9f1e8f1e8f1e9f2ebf3ecf5eefdfb00000000000000000000000000000000000005fc15f315f414f513f612f810fb0efe0b010905070a060e051205160619071b081b091b0b1a0c180c150b12090f060b0109fd08f9079800ea1fea1fea1fea1fea1feb1eeb1eeb1eeb1eeb1eeb1eeb1dea1de91ce81ce71be61ae518e517e415e412e310e30ee20ce20ae207e205e203f500fcff00fffffd00fe0003000c0122ff22fc22f922f722f522f322f222f021ef21ed21eb21ea20e920e91fe81fe81ee81de81de81de81de91ee91ee91ee91ee91ee91ee91e
133,14694230,-48,11,256,1,0,0,b6600b0011f213ee15ec15ea13e811e70fe70ce90aeb08ef06f305f805fe06030808090d0a110c140d160e170e170d160d150b130a110204000000000000000000000000000000000000fc04f213f212f211f20ff30df40af407f503f6fef6f9f6f5f5f0f5edf3eaf1e9f0e8eee9edeaedeceeeff0f1f3f4f6f6fbf800f805f89d0007dc07dc06dc06db06dc06dc06dc06dc06dd06dd06dd06dd07dc08dc09dd0ade0cdf0de00fe110e211e312e513e714e915eb17ed18ef19f109fa02feff0000010001fefcfbf5f3e1f5e1f7e0f9dffbdffddefede00dd01dc03dc04dc05db06db07db08dc09dc09dc09dc09dd09dd09dd09dd08dd08dd08dc08dc08db08db
134,14709568,-48,11,256,1,0,0,b6600b00170b1b0b1e0b1f0920071f041d021a0016ff11ff0c0007020205fd09f90df611f314f117f019f01af019f118f216f314f411fd04000000000000000000000000000000000000f9ffe6fce7fbe8fbebfaedfaf1f9f5f8faf6fef403f207f00bed0deb0fe80fe60ee40de40be409e507e805eb04ef04f405fa07ff0a02a40013fd13fd13fd13fd13fd13fd13fc12fc12fc12fc12fc12fc12fc12fd13fd13fe13ff13ff1200120111021103100410050f060e070d080d0904030101ffffff00ff0001fe05fc0ff60ff710f810f911fa11fb11fb12fc12fc13fd13fe13fe13ff13ff130013001300130013001300130013ff13ff13ff13fe13fe13fe13fe
135,14725858,-48,11,256,1,0,0,b6600b0013ec15e815e515e213e110e00de10ae308e706eb05f106f607fd09030c080f0d1211141416151716171616151513131210100404000000000000000000000000000000000000fb05ed15ed14ed12ee10ef0ef00af206f301f4fcf4f6f3f1f3edf2e9f0e6eee4ece4ebe4e9e6eae9ebecedeff1f2f5f5fbf600f605f69f0008d407d407d407d407d507d506d506d506d506d606d606d607d608d60ad60bd60cd70ed80fd911db12dd14df16e117e319e51ae71cea1dec0af903feff0000020001fdfcfaf2f2daf4daf7d9fad8fcd7fed7ffd701d602d604d506d507d409d40ad40bd40bd50cd50cd60cd60cd60bd60ad60ad609d509d509d509d509d4
136,14727375,-48,11,256,1,0,0,b6600b000b150e17101913191418161616131510120d0f0a0a0805070007fa07f508f009ec0ae90be70ce60de60de70de90deb0bec0afb02000000000000000000000000000000000000fcfaf2ebf3ebf4ebf6ecf8eefaf0fdf201f406f60af80ef912f916f919f91bf81cf61cf51af318f315f312f40ff60bfa09fe080308079a00211322132213221321122112211221122112211221122012201320141f151e171d181b19191a171a151b131c111c0f1d0d1d0a1e071e051f010b0003fffffd00feff03ff0cfd22fb22fd22002303230523072309230a230c230e230f23112212221321142114201520152015201520142014201420132113211321132213
137,14950171,-93,11,128,1,0,0,4ff11441fdf1fff002f202f3fef3fdf5fef8fdf8fcfbfdfefdfffa00f700f802f903f603f600f8fefb01fb03fa01fafffd00ff02fe04ff0100000000000000000000000000000000000000000202020402050104010203020403050105ff04fd04fe05fe06fd06fd05fe05fd04fa06f905fc03fe02fd01fa00f801f702f501f7
138,15114323,-91,11,128,1,0,0,faa77f41fbfdfdfdfffefefefdfffefe00fd00fefefdfdfcfcfffc03fe0300020101010000fefffeffff00ff0101ff03ff020000010100000000000000000000000000000000000000000000040003fffdfffcfdfffa02f207ea05f100fc03f805f2fefbfc03fc01fbfefbfdfdfe01fc05fc04ff00ffffff00ff01fe01fe02fd
139,15115178,-89,11,128,1,0,0,b1155b4101fe00ff00ff02000401040000fd00fc0100fffffdfbfffbfffcfdfdfcfffe00020000fefefefefefefffefffe00fe02fc03fe00000000000000000000000000000000000000fe00fdfffffffd01fb01fffef6fae9f6f4fb0001fd0ff91bfc0dff00ff03fd03fe02ff01fefdfdfcfdfeff01ff00ffff01ff02fe00f9
140,15220254,-90,11,128,1,0,0,0ee660410003ff00fdfbfefd01010000fefdfbfefa02fc01fdfffd01fe02fe01000101030001ff00feff00fe01ff01010101010000020000000000000000000000000000000000000000fe00fc01fffffcfefcff01fd03fb01fcfefffe03fd00fbf9fcfbfe02ff030100020101030102020000fefefc01ef06e302f1fdfefefe
141,15257375,-93,11,128,1,0,0,4ff11441f708f707f408f408f705f703f704f906fb04fd04fe05fd05fd04fd04ff060105010401050007ff07ff04fe03ff04ff04fd03fe00000000000000000000000000000000000000fffefdfcfefdfffb00f900fafdfcfbfefbfefafcf9faf8faf8fcf8fdf7fbf8f7faf7fafbf8fbf6f9f7f8f8f9f8fbfafdfd00fc05f807
142,15707378,-95,11,128,1,0,0,accffa4102fa02fb02fb06fa04fe0002fefdfcfbfcfeff01030103fe00fdfcfffcffffff0001fe02fe00ffffff00ff000000ff00fdffffff00000000000000000000000000000000000000fe01fc00ff01fe00fcfffeff03ff04fe00fffe02fe04ff0400fffdf9fbf7fcf7fbf8fcfcfd02ff0a040a06040204fc05f901ffff04
143,17100636,-92,11,128,1,0,0,4ff1144102060208030b0109fe06000702060304020101ff0001ff04ff03ff010001030205040306020602030003fd04fc04000102ff00ff0000000000000000000000000000000000000000ff02fb02f900fafffc03fc07f909f806fc010002ff07000afe09fa08f908fb08fd07fd08f708f40afa0dfe0afc04fa03fc050207
144,17558841,-92,11,128,1,0,0,91155941fffffcfefcfdfffc010000ff00fbfffbfffc00fb00fd0000000000fe00000001fffffffe00ff01ff03ff03ff0101010201020000000000000000000000000000000000000000ff00fdfefefc00fd00ff00000101ff03ff030001ff01fe02fd02fb01fb00fefe0000fd03fc020001030201020a0312030afd02f901fb
145,17559369,-93,11,128,1,0,0,caa33c4101fd02fe0100ff00fc00f900fdfffffefffe00fdfefdfefe0000ff00fdfffeff00000000fffe01fe040003ff02fe00ff00fe00ff000000000000000000000000000000000000ff00feffff01ff01ffff02ff020202020201ff01000001fe01fe00fefffefd00fc00fd00000002fe00fefbfef5f9f1f6f6fdfd020202
146,17560976,-94,11,128,1,0,0,700997410102fd03fd02fe03ff0200000000fe01fd01fd00ff010002ff00fdfffefefffefefdfdfefdfffd00fe00ffff0200030103000000000000000000000000000000000000000000ff00000001000101000100000000ff00ff01fe00fefffefffe01010201ff01fc00fbfffafffb00fe0000ffff05f909f604fc00ff01fb
147,17612648,-95,11,128,1,0,0,4ff11400f306f505f804f704f604f802f801f901fc01fd01fd02fe02fd01fc02fc04fc04fb03f902fa03fb02fc01fa02fb02fc03fc05fe01000000000000000000000000000000000000fffffcfdfbfbfdfbfffc00fefefefcfffc02fb02fafef9f9f8faf8fdf7fcf7f9f8f9f8fbf6fcf5fcf7fcf9fbfbfafafcf8fdf6fdf500
148,17932281,-91,11,128,1,0,0,2dd002410404ff02fd00fd01000000fffe0200020102f9faf0f0f6f5fefbf802f20bfc0508fe06ffff02fd01fefdfdfcfdfdfffb00f700fd00000000000000000000000000000000000000ff01ff00fe00fd01ff00000000000100ff02fb03fafffbfdfdfdfdfe00000000fdfefefcfffdfe00fd00fd02ff03ff03fe04fcfffe
149,17932986,-91,11,128,1,0,0,10099141ff0101fe00fe00000101010302040001fc00f301ea03f103f703f5fcf4f4f8fafd02fd03fb00ff00fffefffa02fa00fdfafffe0000000000000000000000000000000000000000fffffe00ff02fe01feffff00fe00fdfffe000001030001fefeffff020003fefffcffff030004fd03fc06fe06010302040305060106
150,17933491,-92,11,128,1,0,0,688226410100fd02ff02030202010000fefffe00fffff9f3f4eafbf501ff030a0314010901fd01fc01fc02fe03ff01fffeffffff02ff00ff00000000000000000000000000000000000000000001ff01fd00fcfffeff0001010001fdfffdfdffff0000ff01ff000000fe02fc02fd00010002fffefcfdfefc00fdfdfef8fbf8fa
151,18165787,-48,11,256,1,0,0,b6633b000d12101413151515171417121710160d130a0f080b0606050005fb05f506f107ec08e909e70ae60be60be70be80aea09ec08fb01000000000000000000000000000000000000fafdebf5ecf5edf5eff5f1f5f4f5f8f6fcf600f605f60af50ef411f314f215f016ee15ed14ec12ec0fee0cf00af308f707fb06000604a50023042304230423042304230423032203220322032203220322042205230622072208210a200b1e0d1d0e1b0f1a101812161314151216111705080102fffffe00ff0002fe0afb1df41df61ef81ffa1ffc20fd20fe210022012202230323052306220722082208220822082108210821072207220722062206230523052305
152,18183230,-48,11,256,1,0,0,b6633b0006e706e305e003de01defedffde1fce5fbe9fceefef301f805fd09010d051109150b180d1a0e1b0e1b0d1a0d180c150b120a0402000000000000000000000000000000000000010607180617051603140112ff0ffc0cf908f604f201eefdebfbe8f9e5f8e3f8e1f9e1fbe2fde4fee700eb00ef00f4fef9fbfef801f49d00faedfaedfaedfaedfaedfaedfaedfaedf9eef9eef9eef9eef9eefaedfaedfbedfcedfcedfdedfeee00ee00ee01ef02ef03ef04f005f006f102fa00feff0000000000fefefbfbf4f3f4f2f6f1f7f0f7f0f8eff8eff9eefaeefaedfbedfbedfbecfcecfcecfcecfdedfdedfdedfdedfcedfcedfcedfcedfbedfbedfbedfbec
153,18203156,-48,11,256,1,0,0,96600900fc18fd1bfe1d011f031f051e071c071807140610030c0009fc05f702f200eeffeafee7fde4fde3fde3fee4fee6fee8feeafefaff00000000000000000000000000000000000000f902e702e803e903eb04ed05f006f408f80afc0d000f031206150818091a091b091c071c061a041802140110010c02080404070209a1000f220f22102210221021112111201120111f111f111f111f112010210f210e220d220b220a2208210621042003200120ff1ffc1ffa1ef81dfd0afe0300fffefeffff0302090719161818161a141b121d111e101f10200f210e220d230c240c240b240a250a2509240924092409230a230b230c230c230d230d230e230e23
154,18205184,-48,11,256,1,0,0,9660090002e801e5ffe2fde1fbe1f9e2f7e4f7e7f7ebf8effbf3fef703fa07fc0cfe1100150118011a011b001b001a001900160014000500000000000000000000000000000000000000ff06ff18fe17fd16fc14fc12fa0ff90bf708f504f200effcecfaeaf8e7f7e5f7e4f7e3f9e4fbe5fde8feebffeffff3fef7fbfbf8fef5a300ece0ebe0eae1eae1eae1eae2eae2eae2eae2eae3eae2eae2eae2eae1ebe1ece1eee0f0e0f2dff4dff5dff7e0f8e0fae0fce1ffe102e104e201f500fc000001010000fcfef4fae1eee2ede4ebe5e9e6e7e7e6e8e5e9e3eae2eae0ebdfecdfecdeeddeeeddefddefddefdeefdeefdfefdfefdfeedfeedfeddfecdfebdfebdf
155,18208867,-48,11,256,1,0,0,b6600b00f616f619f81cfa1efc1efe1e001c021902150210000cfe08fa04f600f2fdeefbebf9e8f8e6f7e5f7e5f7e6f8e8f9eaf9ecfafbfe00000000000000000000000000000000000001fa07e807e908ea08ec08ef08f209f60afa0bff0d030e07110b130d150f170f180f190e190c1809160713050f050b0506060208ff0a97000824082408240824092309230923092209220922092209220823072307230523042302230123ff22fd21fb20fa1ff81ef61df41bf21af019fa09fd0200fffefeffff020208091719161b131c111e101f0e200d210c220b230a24092508250726052605260426042503250325042504240524052405240625062507250725
156,18217276,-48,11,256,1,0,0,b6600b000217041b061d091f0b1e0d1d0e1a0e170d140a10070c0309fe06f904f303ee02ea02e702e402e302e302e302e502e701e901fa00000000000000000000000000000000000000fdfaf7e8f8e8f8e9faeafbecfdee00f103f507f80bfb0ffd13ff17001a011c001eff1efd1dfb1cfa19f915f911fa0dfd09000605050896001d191d1a1d1a1d191d191d191d181d181d171c181c181c191c191c1a1b1a1a1b191c171d151e121e111e0f1f0d1e0b1e081f061f031f011f000bff03fffffdffffff03000c0222062108200b200d1f0f1f101f121f141e161e171d181c191c1b1b1c1a1c1a1d1a1d1a1c1a1c1a1c1a1b1a1b1a1b1b1a1b1a1c1b1c1b1c1b
157,18219064,-48,11,256,1,0,0,b6600b00ff17001b011e03200520071f081d091a09160812050d0209fd06f902f4ffeffdebfbe7fae5f9e4f9e3f9e4f9e5fae8faeafafafe000000000000000000000000000000000000fdfaf5e8f6e8f7e9f8eafaecfceffff202f506f80afb0ffe130017011a021c011e001eff1efd1cfc19fb16fb12fb0dfd090005040308a2000b0f0c0f0c0f0c0e0c0e0b0e0b0e0b0e0b0e0b0e0b0e0b0e0b0e0b0f0a0f0a1009100810071006100510041003100210010fff0ffe0ffd0ffe05ff01fffffeffffff0100050110050f060f070e080e090e0a0d0b0d0c0d0d0c0d0c0e0c0f0b0f0b0f0b0f0a0f0a0f0a100a0f0a0f0a0f0a0f0a0f0a0f0b0f0b0f0b0f0b0f
158,18229219,-48,11,256,1,0,0,b6600b00e803e405e207e209e20ce40de60ee90eed0df10bf407f703f9fefaf8faf3fbeefaeafae7f9e5f9e4f8e4f8e5f8e7f9e9faebfefb00000000000000000000000000000000000006ff18fd17fe17fe15ff130010020d040a060609030c0010fe13fc16fc19fc1bfd1dfe1d001c021b031803150211010dfe09fa06f7049300e81de81ee81ee81fe81fe91fea1eea1eea1eea1de91de91de91de81de81ce71be61ae518e417e315e314e312e310e20de20be208e105e103f401fc0000ff00fd00feff03fe0cfb22f922f722f521f220f020ee1fed1feb1fea1fe91fe81ee71ee61de51ce51ce41ce51ce51be61be61be61be61ce61ce61de61de71ee71e
159,18233101,-48,11,256,1,0,0,b6600b0006ea06e706e304e102e000e1fee3fce5fce9fcedfdf100f503f908fc0cff10011402170319041b031b031a021902160215020500000000000000000000000000000000000000fc05f314f314f213f212f310f30df40af406f402f3fdf2f9f0f5eff2ecf0eaefe9eee7efe6f1e7f3e8f5ebf7eef8f2f9f6f9fbf7fef59000f6daf6daf6daf6daf6daf7daf7daf7dbf7dbf7dbf7dbf7dbf8dbfadbfbdafddafeda00da02db04dc06dd08df0ae00be10de30fe411e613e807f702fdff0001010000fcfef5f9e3ebe4eae6e7e8e5eae3ebe2ece0eddfefdef0ddf1dcf2dbf3daf4d9f5d9f6d9f7daf8daf8daf8daf8daf7daf7daf7daf7daf7daf6d9f6d9
160,18237173,-48,11,256,1,0,0,b6600b00fbe9f9e5f8e2f5e1f3e2f1e3f0e5f0e9f1ecf3f0f7f3fbf600f806fa0bfb10fb14fc18fb1afb1cfb1cfa1bfa19fa17fa15fb05ff0000000000000000000000000000000000000106071806180517041603140112ff0ffc0cf909f505f103ed01e9ffe6ffe3ffe100e101e203e305e606e906ed05f103f5fff8fbfaf79c00e6e2e6e1e6e1e6e1e6e2e6e3e6e3e6e3e6e3e7e3e7e3e7e2e8e2e9e1eae0ebe0ecdfeedff0def2dff4dff6dff9dffbdffde000e003e005e102f501fc000102000100fcfff3fddcf8ddf6def3dff1dfeee0ede0ebe0e9e1e8e2e6e2e5e3e3e4e2e5e1e6e0e6e0e7e0e8e0e8e0e8e0e7e1e7e1e7e2e7e1e7e1e6e1e6e0e6e0
161,18252476,-47,11,256,1,0,0,b6600b000fef11ec12e912e710e60ee50ce609e807eb05ee04f304f805fd070209070b0c0d0f0e12101411141114111410120e110c0f0203000000000000000000000000000000000000fd05f414f313f312f311f30ff40cf508f504f5fff5faf4f6f3f2f2eef1ecefeaedeaeceaebececeeedf1eff3f2f5f6f7faf800f804f79c0001db01db01db01db01db01db01dc02dc02dc02dc02dc03dc03dc04dc06dc07dd09de0adf0ce00ee10fe310e412e613e814ea16ed17ef18f108fa02feff0001010000fdfdf7f6eae6ebe4eee3f0e2f2e1f3e0f5dff6def7ddf9dcfadbfcdafddaffda00da01da01da01db01db01db01db01db01db01db01da01da01da01da
162,18259451,-48,11,256,1,0,0,b6600b0014f917f719f51af319f118ef15ee12ef0ff00cf30af607fa06ff0505050a050f0613061607180719081908180717061505130104000000000000000000000000000000000000fa02ea07ea07ea06eb05ed04ef02f100f4fdf7f9f9f6fcf2fdeefeebfee8fee5fde4fbe4fae4f9e6f8e9f8ecf9effcf3fff603f807fa940013e113e112e112e112e112e112e112e212e212e212e212e213e314e315e416e517e618e719e919eb1aed1aef1bf11bf31bf51cf81cfa1cfd0aff0300ff000002ff01fffcfef4fcdffedf01df04df06df08df09df0bdf0cdf0edf0fdf11e012e013e013e114e114e214e214e314e314e314e214e213e213e213e114e114e0
163,18281665,-48,11,256,1,0,0,b6600b00130a160b190b1b0a1c071c051b031901150012ff0d00090204050008fd0cfa0ff812f715f617f619f619f718f717f815f813fe04000000000000000000000000000000000000fbfcedf2edf1eef1f0f1f2f2f4f3f8f4fbf400f404f408f40cf30ff111f013ee13ec12eb11ea0fea0ceb0aed08f007f407f908fd09019b0024002400240024002400240024002400240023002300230023012302230323052306220821091f0b1e0c1c0e1b0f1a11181216141416121706080102fffffe01ff0002fd09f81aec1bee1df01ef31ff420f621f722f923fa23fc24fd24fe25ff250025012401240224032303230324022402240224012401240124012501
164,18287434,-43,11,256,1,0,0,b6600b00e906e508e309e20be20ce30de50de80dec0cf00af407f803fbfefef900f502f004ed04ea05e804e704e703e803ea02ec02ee00fb00000000000000000000000000000000000001fa05eb05eb05ec05ee05f005f306f707fb07ff08040a090b0e0d120f14111612171317141513131311110f0d0c08090307fd05f905f503dc0ad90bd50cd20dcf0ecc0fca10cb11cd11cf10d20ed70adb06df01e3fce6f7e9f1ebedede9efe7f2e6f4e5f6e6f8e8faeafcecf9fafbfbffffffff0000ff00ff0001ff04fe1af61cf714e916ea17ec19ee1bf21df61ffa20ff2005200a210f21142217221a221b221c201c1e1a1c19181614140e11070e000bf80af309
165,18329838,-46,11,256,1,0,0,b6600b0017091b0a1e0b200920071f051d031a01160012000d0108020305fe08fa0bf70ef411f313f215f216f316f415f514f712f810fe03000000000000000000000000000000000000fa00e900ea00ebffecffeefef1fdf4fbf8f9fcf600f204ef07eb09e809e509e209e107e006e104e203e502e902ed03f205f808fd0a019e0012f812f812f812f812f812f812f811f811f811f811f811f811f910f910f910fa10fa10fb10fb0ffc0ffd0efd0dfe0dfe0cff0c000c010b0104000100ff00ff00ff0000fe03fc09f50af60bf60bf60cf70df70ef70ef60ff610f610f711f711f712f812f812f812f812f812f812f812f812f712f712f712f713f713f713f7
166,18340995,-46,11,256,1,0,0,b6600b000416061a081c0a1d0b1c0d1b0d190d160c120a0e070b0309fe07fa05f505f104ee05eb05ea06e907e907ea07ec07ee07f006fc01000000000000000000000000000000000000fefafbeafbebfbebfcecfcedfeef00f203f506f70afa0ffc13fe16fe19fe1cfd1dfc1efb1df91bf819f816f812fa0efc0b000805060893001d1a1c1b1c1b1c1b1b1b1b1a1a1a1a1919191919191918191819171a161a141a131a111a101a0e1a0d190b190a180917071705160416021600070002fffffeffffff02ff09001c021c041c061c081d0a1d0b1e0c1f0d1f0f201020122013201420161f171f181f181f181e181e181e181e181e181e181e191e191e1a1e1a
167,18342335,-46,11,256,1,0,0,b6600b00ea0be80de70fe612e713e914ec14ee13f111f40ef60af805f800f8fbf8f7f7f3f6eff4edf3ecf2ecf2ecf2eef2eff4f1f5f3fdfc00000000000000000000000000000000000004fd12f412f512f511f610f70ef90cfc0bff09040808070d0711081509180a1a0c1b0d1b0e1a0f180e150d120b0f070d020afd09fa099700f023f024ef24ef23ef23ef22ef22ef21ef20ef20ef1fef1fee1eee1eed1ded1cec1bec1aec18ec16ec15ec13ec11ec10ec0eec0deb0beb0af803fd0000fffffeffff00020209051b031c021d001eff1ffe1ffd21fc22fb23fa24f824f725f525f425f325f325f225f225f225f225f225f225f225f125f125f025f025f025
168,18352898,-46,11,256,1,0,0,b6600b00ed10eb13ea15ea17eb18ed19f018f216f513f70ff90bf906fa00f9fbf8f6f7f2f6eef5ecf4ebf3eaf2ebf2ecf3eef4f0f5f2fdfc00000000000000000000000000000000000001fa07eb07ec07ed07ee07f007f307f608fb09ff0b040d080f0c111013121513171318121811170f150c130a0f090a080508ff08fb09a200f925f825f825f825f725f724f724f723f722f722f622f621f621f520f520f41ff31ef21df11bf11af018f016f015f013ef11ef10ee0eee0df904fd0100fffffeffff010204080c180a19091a081c071d061e051f04210322022301240025ff25fe26fd26fc26fc26fc26fc26fb26fb26fb26fb26fa26fa26fa27fa27f927
169,18353228,-46,11,256,1,0,0,b6600b00efeeecebeaeae8eae6ece6eee7f0e9f3ecf5f0f7f4f9f9fafefa04f908f80df710f512f414f214f213f112f110f20ef30df503fd000000000000000000000000000000000000040213081208110810080e080c0808080409ff09fa0bf60cf20eef10ed12ec14eb16ec17ed18ef17f215f412f60ff70af805f8fff7fba200d9fed9fed9fdd9fdd9fddafddafddbfddcfddcfddcfddcfddcfdddfcddfcdefbdffae0f9e1f8e3f7e4f7e6f7e7f6e8f6eaf5ebf4ecf3edf2f9fbfefe000001ff00fffd01f704e60be50ae409e307e206e105e005de04dd04dc03db02db01da00daffd9ffd9fed9fed9fed9fed9fed9fed9ffd9ffd9ffd8ffd8ffd8fed8fe
170,18353419,-46,11,256,1,0,0,b6600b00ff18ff1b011e021f0420051e071c071807140510030c0008fc05f801f4fff0fdecfbe9fae8fae7fbe7fbe8fceafdecfeeefefbff000000000000000000000000000000000000fdfbf6ecf7ecf7edf8eefaeffcf1fff302f606f80bfa0ffc14fd17fe1bfe1dfd1efc1efb1efa1bf918f915f911fb0dfe090206060409a3000b0f0b0f0b0f0b0f0b0f0a0f0a0f0a0f0a0f090e090e090e090f080f080f070f070e060e050e040e040d030d020c020c010c000bff0bff0bff04ff01ffffffffffff010004010d040d050d060d060d070d080d090d090d0a0d0b0d0c0d0c0d0d0d0d0d0e0c0e0c0e0c0e0c0e0c0e0c0e0c0e0c0e0c0f0c0f0c0f0c0f0c0f
171,18372843,-46,11,256,1,0,0,b6600b00eb0be80de60fe611e713e914eb14ee13f111f30ef50af706f801f8fcf7f7f6f3f5f0f3eef2ecf1ecf1ecf1eef1eff2f1f4f3fdfc00000000000000000000000000000000000004fe13f813f813f912f911fa0ffc0dfe0b010a05080a060e061206160719081b091c0b1c0c1b0c190c170b140911060e020bfd09f9089d00ea22ea22ea22ea21e921e920e91fe91fe91ee91de91ce81ce81be71ae719e618e617e615e513e611e610e60ee70ce70ae708e807e805e803f701fd0000fffffeffff01020209061b051c031d011e001ffe20fd21fc22fa23f924f725f625f525f325f225f125f025f024ef24ef24ee24ee24ee24ee24ed24ed24ec24ec24
172,18377203,-46,11,256,1,0,0,b6600b0008ea09e609e308e107e105e103e301e500e8ffec00f002f504f907fd0b000e021104140516051705170417031503130211010400000000000000000000000000000000000000fd04f411f411f411f410f50ef50cf509f505f401f3fdf1f8eff5edf2ebf0e9efe7efe5f0e5f1e6f3e7f6eaf7edf8f2f8f7f8fbf6fff49500f7d8f7d8f7d8f7d8f8d9f8d9f8daf8daf8dbf9dbf9dbf9dbfadbfadbfbdcfddcfeddffde00df02e003e104e304e405e506e707e808e90aea03f801fdff0001010000fdfdf8f8eceaede9eee8efe7efe5f0e4f0e2f0e1f0dff1def1ddf2dcf3dbf3daf4d9f5d9f5d9f5d9f5d9f5d9f5d9f5d9f5d9f5d9f5d8f5d8f5d7f5d7
173,18384327,-46,11,256,1,0,0,b6600b0008140a160c180e1910181117111510120f0f0c0c090904070006fb05f604f204ef05ec05eb06ea07ea07eb07ec07ee06f006fc01000000000000000000000000000000000000fcfcf1f2f1f1f2f1f3f2f5f3f7f4f9f5fdf601f706f70af70ff712f615f517f318f218f117f015f013f010f10ef40bf809fc080107049e001f121f121f121e131e131d131d131c131c131b131b131b131a13191418151715161615161316111610160e150d150b150a1408140614051401070002fffffe00ff0002ff08fe19fb19fc1afe1b001b011c021d031e041f06200720082109210b210b210c200d200e200f200f200f200f210f200f200f2010201020102111
174,18392621,-45,11,256,1,0,0,b6600b00e7fee3fde0fedefeddffde00e001e302e702ec02f101f700fdfe04fd09fb0ef913f816f718f719f619f618f616f714f812f904fe000000000000000000000000000000000000fdfbf4edf5edf6eef7eff9f1fbf3fef601fa04fe08030b070e0b120e151117121813191319121811160f130c0f0a0a070504fe02fa00b100f30df30df30df30df30df30df40cf40cf40cf40cf40cf40cf40cf40cf40bf40bf40af409f409f408f407f407f406f505f505f504f503f503fc01fe0000ff00ff00ffff01fe04fb0bfb0bfa0bf90bf90bf80bf80bf70cf60cf60cf50cf50cf40cf40cf40cf40cf30cf30cf30cf30cf40cf40df40df30df30df30df40df40d
175,18392826,-45,11,256,1,0,0,b6600b00130f161119121b131c121c111b0f180d150a11080c0507030101fb00f5fef0fdebfce8fbe6fbe5fae5fbe6fbe8fbeafcecfcfbff000000000000000000000000000000000000ff05fd15fd14fc13fc12fc0ffb0cfb08fb03fbfefbf8faf3faedf9e9f8e6f8e3f7e1f6e1f5e1f5e4f6e7f7eaf9eefbf3fef902fe0501b0001ff020f020f020f020f01fef1fef1eef1eef1def1def1def1def1df01cf01cf11cf21cf31cf41bf61af719f718f817f917fa16fc16fd16ff07ff0200ff00fe00ff0001fe06fa13f013f114f215f316f317f319f31af31bf31cf31df31ef31ff31ff41ff420f420f420f420f420f31ff320f220f220f120f120f020f020f0
176,18423409,-48,11,256,1,0,0,b6600b000d121014131415131612160f160d140a10080d0608050306ff07fa08f60af20cef0eed10ec11ec12ed12ee11ef10f10ef20cfc02000000000000000000000000000000000000fcfbf3edf4edf5eef7eff9f0fcf2fff403f507f70bf80ef812f815f817f718f618f518f416f314f211f30ef50bf709fb08ff080408079b00200e200e200e200e200d200d200c1f0c1f0c1f0c1f0d1f0d1f0d1f0e1e0f1e101d121b131a14181517161517131712180f190d1a0a1a081b02090003fffffe00fe0003fe0bfd1ff91ffa20fd20ff200120032105210621082109210b210c210d210e200f200f1f101f101f0f1e0f1e0f1f0f1f0f1f0f200e200e200e200e
177,18440045,-48,11,256,1,0,0,b6600b00160519051c051e031e001dfe1bfc18fb15fb10fc0cfd080004040108ff0dfd11fc14fb17fb19fb1afb1afb19fc18fc15fc13ff04000000000000000000000000000000000000fafee9f9eaf8ebf8edf7eff7f2f7f5f6f9f6fef402f305f109ef0bed0deb0de80de70ce60ae608e706e904ec04ef04f405f807fc0aff930023f623f623f623f623f623f623f623f622f622f622f622f622f723f823f923fb23fc23fe2200210220041f051e071d091c0b1a0d190f181108060202fffffe01ff0001fc07f614e616e718e919ea1bec1ded1eee1fef20f021f222f323f423f524f624f624f724f824f823f823f823f823f823f823f823f724f724f624f6
178,18446431,-48,11,256,1,0,0,b6600b00110f1410171119101a0e1b0b1a091707140510040c0307040206fd08f90bf60ef311f113f015f016f016f115f214f312f410fd03000000000000000000000000000000000000fcfbf0eef1eef2eef3eff5f0f8f1fbf3fff403f508f60cf610f513f515f317f217f016ef15ee13ee10ef0df10bf309f708fc0801090492002406240624062405240524052404230423042304230423052305230723082309220a210c200d1e0e1d101b111a121814161514161218101905090102fffffe00fe0003fe0afa1ef21ff420f720f921fb22fd22fe23ff24012402240424052406240724082408230923092209220923082308230723072407240724072407
179,18473731,-47,11,256,1,0,0,b6600b00edf1eaf0e7efe5f0e4f3e3f5e4f7e7faeafbeefcf3fcf8fbfdfa02f706f40af10cee0eec10ea10e910e90fea0eeb0ded0cef02fc0000000000000000000000000000000000000403130d120d110d0f0d0d0c0a0c060b020afe0af90af50bf10ced0deb0fea10ea12eb13ec14ef14f113f411f60df709f804f8fff7fb9600dbffdaffda00da00da01db02db02dc02dc02dc02dc02dc02dc01db01db00dbffdcfedcfcddfbdef9dff8e0f7e1f5e2f4e4f2e5f0e7eee8edf7f9fdfd000001ff01fffc01f505e10de00bdf09df07de05dd03dd02dc01db00dbffdafddafcdafbdafadafadaf9daf9dbfadbfadcfbdcfbdcfcdbfcdbfddbfddafddafddafe
180,18476990,-47,11,256,1,0,0,b6600b00eff1ecefeaefe7efe6f1e6f3e7f6e9f8ecfaf0fbf4fbf9fbfefa03f807f60bf30ef110ef11ed12ed11ec11ed0fee0ef00df203fc0000000000000000000000000000000000000403120c110c100c0e0c0c0b090b060a0209fe09f909f50af20bef0cec0deb0feb11ec12ed13ef12f211f40ff60cf808f904f8fff8fb9600def7ddf8ddf8def8def9def9def9def9def9defadefadef9def9def8dff7dff6dff5e0f4e1f3e3f2e4f1e6efe7eee8edeaececebeee9efe8faf7fefd000001ff01fffc01f502e106e104e102e000e0fee0fddffcdffadff9dff8def7def5def4def4def3dff3dff3e0f3e0f3e0f4e0f4dff5dff5dff6dff6def6def6def6
181,18490602,-46,11,256,1,0,0,b6600b00f315f218f11bf21df31ff51ff71ef91bfb18fc14fc0ffc0afa04f8fff6faf3f6f1f3eff1edefecefebefebf1ecf2eef4f0f5fcfd00000000000000000000000000000000000000fa02e902e902ea02eb03ed03f004f306f708fb0b000e041107140a180c1a0d1c0d1e0c1e0a1d091b07180514050f050905040700099900052805280528052804280427032703260326042503250325022401240024ff24fe23fd22fc21fa1ff91ef81cf81bf71af618f517f416f315fb07fe0200fffefeffff020206071215111610180f1a0e1b0e1c0d1e0d1f0d210c220b230b250a26092609270827072707270727072707270727072807280728072807290729
182,18492713,-46,11,256,1,0,0,b6600b00150b190c1c0c1e0c1f0a1f081d061b04170313020e0209030405ff08fb0bf80ef511f313f215f216f316f415f514f612f710fd04000000000000000000000000000000000000fafeeafaeaf9ebf9ecf9eef9f1f9f4f8f8f7fcf601f305f109ee0ceb0de80ee60ee40de30ce20ae308e506e806ec06f106f708fc0a00960029fa28fa28fb28fc28fc27fd27fd27fd27fe26fe26fe25ff25002501240224032304220521061f081d091c0a1a0b190b170c150d140e120f06050101fffffe01ff0001fd06f813eb14eb16ec18ed1aee1bee1cef1eef1ff021f023f124f225f326f426f426f526f626f627f727f727f728f728f728f728f728f829f929f9
183,18496470,-46,11,256,1,0,0,b6600b00f214f018ef1af01df11df31df61bf819fa15fb11fb0cfb07f902f7fcf5f8f3f4f1f1efefeeededededeeedefeef1f0f3f1f4fcfd00000000000000000000000000000000000000fa02ea02ea03eb03ed03ef04f205f507f909fd0c010e051109150b180d1a0e1b0e1c0d1c0b1b091807150611050c0506060108fd0a99000027ff27ff27fe27fe27fe26fd26fd25fd25fd24fc24fc24fb23fa23f923f822f721f620f51ff41df41bf31af218f217f115f014ef12ef11f906fe0100fffefeffff0202060710160f170e190d1a0c1b0b1c0b1e0a1f0a210922082307250626052604270327032602260227022702270227022702270127012801280128
184,18501424,-46,11,256,1,0,0,b6600b00021a031d042006200820091e091c09180814060f030b0006fc02f7fff3fceef9ebf8e8f7e7f7e6f7e6f8e7f8eaf9ecfaeefbfbfe000000000000000000000000000000000000fbfdedf5edf5eff5f1f5f3f6f7f6fbf7fff704f70af70ff714f617f51af41bf21cf11cf01af017f014f111f30ef60afb07000506040aa1000e0d0e0d0e0d0e0d0d0d0d0d0d0d0d0d0d0d0c0d0c0c0c0c0c0d0b0d0b0d0a0d0a0d090d080d070d070c060c050c040c040c030b020b010b00040001ffffffffffff010004000d020d030d040d050d060e060e070e070e080f090f0a0f0a0e0b0e0c0e0c0e0c0e0c0e0c0e0c0e0c0e0c0e0c0e0c0e0c0e0c0e0d0e0d0e0d
185,18514464,-46,11,256,1,0,0,b6600b00f416f319f31cf41df61ef81efa1cfc1afd16fe11fd0dfc08fa03f7fef4faf1f7eff5edf3ebf2eaf3eaf3eaf4ecf6eef7f0f8fcfe00000000000000000000000000000000000000fa03eb03eb03ec03ed04ef05f205f507f909fd0c020f061209140b170c1a0c1c0c1d0b1c091b081806150511040c0507060208fe0999000c260c260c250b250b240b240b240b230b230b220b220b220a220a220922082107210520041f031e011d001c001bff1afe19fc18fb17fa16fd08ff0200fffefeffff0201070713141215111610180f190f1a0f1c0f1d0f1f0e200e210e220d230d240c240c250b250b250b240b240c250c250c250c250c250c250c250d25
186,18514916,-46,11,256,1,0,0,b6600b000218031c051e071f091f0a1d0b1b0b180a13080f050c0108fd06f803f302ef00eb00e900e700e601e701e802e902ec02ee02fb00000000000000000000000000000000000000fdfbf7ecf7ecf8edf8eefaeffcf1fff402f606f80bfa0ffc14fd18fd1bfc1dfc1efa1ef91df81bf718f715f811f90dfd09010705050997001d1a1d1a1d1a1d1a1c1a1c1a1c191b191b191a191a191a191919191918191719161a141a131a111910190e180d180b170a1708170617051701080002fffffeffffff030009021b071b081b091b0b1b0d1b0e1c0f1d101e121e131e141e161d171d181d191c191d191d191d191d191e191e191e191e191e1a1e1a1e1a1e1a
187,18518064,-46,11,256,1,0,0,b6600b00e6fde3fde1fee000df01e103e304e605ea05ee04f203f600fafcfdf700f302ef03ec04e904e803e702e701e800ea00ec00ee00fb00000000000000000000000000000000000005ff15fd14fd13fe12fe10ff0e010b0308050509010cff10fd14fc17fb1bfc1dfc1efe1fff1e011c011901160112ff0dfc09f905f602a100ed07ed07ed07ed07ee07ee07ee07ee07ee07ee07ef06ef06ef06ef06ef05ef05ef05ef04f003f003f102f202f201f200f300f3fff4fef4fefbfffeff00ff00ff00ffff01fc03f609f509f409f408f308f208f208f108f008f008ef08ee07ee07ee07ed07ed07ed07ed07ed07ed07ed07ed07ed07ed07ed07ed07ed07ed07
188,18526180,-46,11,256,1,0,0,b6600b00fbe7f9e4f8e2f6e1f4e2f3e4f2e6f3e9f4edf6f0f9f4fdf702f907fb0bfc10fc13fc16fc17fb17fa17fa16f914f911fa10fa03fe000000000000000000000000000000000000010407140713061305120410020eff0cfc09f807f305ef03eb02e702e402e203e105e106e207e408e708eb07ee05f202f6fef8f9faf59700e4e3e4e3e4e3e4e3e5e3e6e3e6e3e6e4e7e4e7e4e7e4e8e4e8e4e9e4eae4ebe4ece4ede4efe4f1e5f2e6f4e6f5e7f6e8f8e8f9e8fbe8fce9fef7fffd000001000000fcfff6fde4f7e4f6e4f4e4f2e4f1e4efe3eee2ede2ebe2eae2e8e2e7e2e6e2e5e2e4e3e4e3e4e3e3e3e3e3e3e3e4e3e4e3e4e3e4e3e4e3e3e3e3e3e2
189,18534112,-46,11,256,1,0,0,b6600b00ffe7fee3fde0fcdffadef9dff8e1f7e4f7e8f8edfaf1fef502f906fd0a000f02120315041705180518041803160214011201040000000000000000000000000000000000000003040b120b120a120a110810060e030cff09fa07f606f104ec03e703e403e104e005df07e008e209e509e808ec06f103f500f8fbfbf79d00f1f1f1f1f1f1f1f1f1f1f1f2f2f2f2f2f2f2f2f2f2f2f2f2f2f2f3f2f3f2f4f2f4f2f5f2f6f2f7f2f7f3f8f3f9f3faf3faf4fbf4fcf4fcf4fefbfffe000000000000fefffbfef2faf2faf2f9f2f8f2f8f2f7f2f6f1f6f1f5f1f4f1f4f1f3f1f2f1f2f1f1f1f1f1f1f1f1f1f1f1f2f1f2f1f2f1f2f1f2f1f1f1f1f1f1f1f1
190,18534436,-46,11,256,1,0,0,b6600b0017031b031f022101210021fe1ffc1cfc18fb13fc0ffd0a0005030106fd0afa0ef811f614f516f517f617f716f715f813f911fe04000000000000000000000000000000000000fb02ec0aec0aec09ed08ef07f105f302f6fef8fafbf5fdf0feecffe7ffe4fee1fddffcdffbdffae1f9e4f9e8fbecfdf001f505f909fc990010f410f410f410f410f410f410f510f510f50ff60ff60ff60ff60ff710f710f80ff90ffa0ffa0ffb0efc0efd0dfd0dfe0cff0c000b000b0104000100ff00ff00ff0000fe01fb03f204f205f206f207f207f208f209f10af10bf10bf10cf10df10df10ef20ef20ef20ef20ff20ff20ff20ff20ff20ff20ff210f310f310f3
191,18536345,-46,11,256,1,0,0,b6600b0013f116ef18ec19ea18e916e814e811e90eec0bef09f307f805fe05030509050e0512061507170717081708160814081207110104000000000000000000000000000000000000fe05fa15f915f914f913f911f90ef90af805f701f5fcf3f7f1f3eeefecece9ebe7eae6ebe6ece6eee8f0eaf3eef5f3f7f9f8fff803f79e0009d909d909d90ad90ada0ada0adb0adb0adb0adc0adc0adc0add0add0bde0cdf0de00de10ee20ee40fe50fe70fe90fea0fec10ee10ef11f006fa01feff0000010000fffdfdf6fae4fbe3fce2fee2ffe100e001df01dd02dc03db04da05da06d907d908d909d909d909d909d909d909d909d809d809d809d809d809d809d7
192,18545991,-48,11,256,1,0,0,b6600b00eafae6f9e4fae2fce2fee201e402e704ea04ee03f202f6fffafbfdf7fff300ef02eb02e803e602e402e501e601e701e901eb00fb0000000000000000000000000000000000000502140b130b120b110b0f0b0c0b090b050b010bfc0cf80df50ff210f012ef14f016f117f218f417f716f813fa10fa0cf907f803f6009100dc0bdc0bdc0bdc0cdd0bdd0bdd0bdd0cdd0bdd0bdd0bdd0add0add09dc08dc07dc06dc04dd02dd01deffdffde0fbe1f9e2f7e4f4e5f2e6f0f6fafdfd000001fe00fffd03f809ea1ae919e717e615e414e313e112e011df10de0fdd0ddc0cdb0bdb0adb09db08db08db08dc08dc08dc08dc09dc09dc09dc09db09db0adb0a
193,18550285,-46,11,256,1,0,0,b6600b0000e800e5ffe2fde0fcdffae1f8e2f8e5f8e9f9edfbf1fef502f806fb0bfd0ffe13ff15ff17ff18fe18fe17fd15fd13fc11fd04ff000000000000000000000000000000000000ff05fe15fe15fe15fe14fd13fd10fb0ef90af707f403f000edfde9fbe6fae3fae1fbe0fce0fde2ffe400e701eb00effff4fcf8f9faf69b00f6edf6edf6edf6edf7eef7eef8eef8eef8eef8eef8eef8eef9eef9eefaeefbeefbeefceffdeffef0fef0fff100f200f201f301f302f403f401fc00feff0000000000fefffbfef2faf2faf2f9f2f7f2f7f2f6f2f5f2f4f2f3f2f2f2f2f2f1f2f0f3f0f3eff3eff4eff4eff4eff4eef4eef4eef4eef4eef5eef5eef5eef5ed
194,18558561,-46,11,256,1,0,0,b6600b00e9f4e5f2e2f1e0f2dff4dff6e1f8e3fae7fcecfdf1fdf6fcfcfa01f805f509f20cef0eed0feb0fea0eea0dea0bec0aee09ef02fc00000000000000000000000000000000000005001702170216021402120310040c0508070309ff0cfa0ff713f416f319f21cf21ef31ff51ff71ef91bfa18fb13fb0ef909f703f5ff9800ea00ea00eb00eb00eb00eb00ebffec00ec00ec00ec00ed00ed00edffedffedfeeefeeefeeffdf0fdf1fcf1fcf2fcf3fbf3fbf4faf4faf5fafcfdfeff000000ff00fffe00fb02f206f206f105f005f004ef04ef04ee03ed03ed02ec02eb02eb01eb01eb01eb00eb00eb00eb00eb00ea00ea00ea00ea01ea01ea01ea00ea00
195,18567792,-46,11,256,1,0,0,b6600b000d150f181219141a1619161716151512130f0f0b0a0905070006fa06f506f006ed07ea08e809e80ae80ae90aeb0aed09ef08fc02000000000000000000000000000000000000fbfcecf3edf3edf3eff3f1f4f3f4f7f5fbf500f506f50bf410f313f116ef18ed19eb18ea17e915ea12eb10ed0df10bf509fb090009059b002611261125112412241223122212221222122113201320131f131e141d151c161b161a16181716171317111610160e160d160b160916081602070002fffffe00ff0002fe09fc1cf71cf91dfb1ffc20fe21ff2200230124022503260527072708270a270b270b260c260d260d260d260d270d270d270d260e260f26102611
196,18569335,-46,11,256,1,0,0,b6600b0015f218f01aee1aeb19ea18e915e912eb0fed0cf009f507f906ff0505060a060f061307150817091809170a160914091208100203000000000000000000000000000000000000fd04f313f312f311f410f40ef50bf508f503f5fff5f9f4f4f3f0f1ecefe9ede7ece6eae7eae8eaeaebedeeeff1f2f6f4fbf601f605f6a1000ed90fd90fda10da10db11db11dc11dd11dd11de11df11df12e012e013e114e215e415e615e716e916eb16ed16ef16f015f215f415f615f707fd02ffff0000010000fefdfcf6f5e4f7e3f8e2fae1fce0fddffeddffdc00db01da03d904d806d807d708d709d809d80ad80ad80bd80bd80bd80bd80bd80cd80cd80dd80ed8
197,18761156,-48,11,256,1,0,0,b6600b0004160619081b0b1b0d1b0e190f160f130d0f0b0c070a0308fe06f906f406ef06eb06e907e708e608e609e709e908eb08ed06fb01000000000000000000000000000000000000fffafde9fee9feeaffeb01ed02f004f306f609f90cfc0fff1301160218021a021b011bff1bfe19fc16fc13fb10fc0cfe0901060505089f00171c171c181b181b171b171b171a171a171a171a171a171a171b171b161c151d131d121e101e0e1e0c1e0a1e081e071e051e021e001dfd1dfe0aff03fffffeffffff03000b031e0b1d0d1c0f1b111b131a151a1619181919181a171c171c161d151e151e141e141e131e131e131d141d141d151d151d161d161d161d171d
198,19149384,-95,11,128,1,0,0,4ff11441f200f100f3fff7fef8fef600f602fa01fcfefdfefd00fc02fa04f904f904f903fa02fa01f900f9fffafffcfffc00fe01ff01ff00000000000000000000000000000000000000fefffbfefdfefdfcfdfbfefefd01fc01fc02fa02f701f8fff8fef8fef8fef9fdf9fcf9fbf8fcf9fefbfefdfffc00f802f805f905f903
199,19250669,-90,11,128,1,0,0,7dd00741fafcfdfffd01fe00fefdfefb00fb00fc01fc02fd01fe00fefcfdfefc04fd06fe03fdfefdfcff0000020002ff01fffd00fc00ff0000000000000000000000000000000000000000fd00f9fdfeff0101fffffcfcfdfb00fc02000002fe01fd03fc04fa03fc02fc07fa08fd02ff00fb01fbfffbfbfbfbfefd0200030304
200,19318563,-92,11,128,1,0,0,5dddd541fe00ff01ff01ff00fdfefbfcfdfd00fe01fe00fffffffefe00fe01fffe00fc01fdfffeffff000001fe01fe00fffe00fe00fe00ff00000000000000000000000000000000000000fffffeffffff0001000101f6fdeaf8f3fcff01faf7f4ecf8f4ffff01010001fdfffcfefefdfefdfeff00fe01fe02ff050108060606
201,19319677,-89,11,128,1,0,0,a0066a41fffefffefe00fdfffdfefffd03fd04fefffffdfefffefefffffe03fd04fe0201ff03fe02fd01ff01010001fe00ff00ff01ff00ff00000000000000000000000000000000000000ff01fe01fefffffe00fe000afe18fc0dffff000b011b030fff00fcfefcfefc02fe050107ff05000003fe00fbfbf8f9fdfc00fffcfe
202,19423773,-91,11,128,1,0,0,e00aae4101fdff02fe00fdfefb00fbfffd0000010002ff03fe03fd02fe02ff01000001fe00feff00ff01ff01fffffffd00fd00fffeffffff000000000000000000000000000000000000fffffffd00fe00fd01fd01fffe00fcfefdfefefffdfffdfffdfcfefc03fe06000200000101020003ff02ff01fcf6f8ecfef607000603
203,19424195,-89,11,128,1,0,0,d7722d41fdfffdffffff01fe01fc01fd01ff02ff00fffefefffe02ff010001fc02fb00fefefffefffcfefcfdfdfdfefeff0000010202000000000000000000000000000000000000000000ff01fd0000ff0000fd02fdfffffb00fa01fb01fc00fdfffefffffffe01fe00fffdfffffdfffffc01fc03fe0bf815ef0cf2fff902fe
204,19827120,-93,11,128,1,0,0,988ff941fb01fb00fd00fefefffe00fe02fd00fc00fa02fc0100ff00feffffff01fd01fe0000fffffffffe02fd01fe00fffe00fe02fe00ff000000000000000000000000000000000000ff00ff00ff01ff00ff01ff02fdf9f9f1fef902fefcf4fbec00f601fe00fc00f801fc0202ff02fd03fe04ff04ff04000002fc01f9fffc
205,21019888,-90,11,128,1,0,0,799ee74107f908fc0500ff02fb03fb00fefefe00ff03ff04000201fe02fd01fefffffffe01fd02fe02ff0101ff03fe02fe01ff0100000000000000000000000000000000000000000000ff00ff0001ff03fd03fe0002fd03fd02fc02fc02fe02fe01ff00010003fd00fdfdfe00fe0502070406000100f406ed0bf90706050b06
206,21020290,-90,11,128,1,0,0,f2211f41fc00f903f704fbff01fd02ff0202fe03fbfdfdf900fa02fc01fefffe00ff02010000fe01ff02000101fffffffefffffe00ff000000000000000000000000000000000000000000fffffeffffff000000ff00fe00ffff00fe00fe01fe00fd00fd02fc03fc00fdff00ff01fe020003010201020c0a170f0f0907060407
207,21021310,-89,11,128,1,0,0,bdd11b410003020302000000ff00ffff01ff01fffffcfefafffb00ff01010100fffefefdfdfdfe01ff04fd03fdfffefdfefeff0000ff00ff000000000000000000000000000000000000ff00ff01ff00fffe0000ff02ff00fffd00fdfffffc00fe0100ff00fefe02ff0201fe02fc02fafffbffff0003f10be610f70706020600
208,22732786,-91,11,128,1,0,0,4ff11441faf7faf4f8f1faf3fdf5fcf8f9fbf9fcfcf9fcf9fbfef900f7fff7fff8fefafdf9fbf7fbf7fdf9fdf9fcf9fbfbfefb00fcfeffff00000000000000000000000000000000000000ff01fe00fd01fb01fcfffefffdfffdfdfefdfdfefbfffb00fb01f701f4fff200f403f701f7fff7fef701f901fcfffcfef8fef6fdf5
209,22835185,-93,11,128,1,0,0,4ff1144104f603f202f602f904f907fa06fa03fa02f905f804f802f901f902f801f802f902fb00fc00fd03fb03f903fa02fb02fa01f900fe000000000000000000000000000000000000fffffefe00fd02fd03fd02fd01fa02fb03fd00fd02fc04fa04f907f908f905f805f807f906f904f903fb03fb04fb03fd04fc06f909f9
210,23505617,-51,11,256,1,0,0,b6600b0015fe1afe1efd20fb21f921f81ff71cf618f613f60ef808fa02fdfc00f603f106ec09e80be60de40de40ee40de60ce80bea0afa0200000000000000000000000000000000000003040c140b1509160816061504130110fe0cfb08f803f5fef3faf0f5eef2ebefe9ede8ede7ede7eee8f0ebf2eef5f2f7f7f9fdfc02fdb9000af109f109f109f109f108f108f108f108f108f108f108f108f108f208f209f209f30af30af40af50af60bf60bf70bf80bf90bfa0bfb0bfc04fe01ffff00ff00ff0000fe00fa03f004f005f006f107f107f108f108f109f109f10af10bf20bf20bf20cf20cf20cf20cf30bf30bf30bf20bf20af20af20af20af10af10af1
211,23518384,-92,11,128,1,0,0,94411941ff03fe01fcfffefeff01000202ff03fe01feff00ff00fffefffeff01ff01fffe00fdfffefeffff00fffffffe00fe00fefeffff00000000000000000000000000000000000000fefefbfdff00020000000000f702ec02f400fefef9f7f2f1f7f7fffd01010103ff03ff0102ff04ff040002fffffffffffffdfeffff03
212,23518584,-91,11,128,1,0,0,7aa00741fffefefdfcfefdfeffff00000001000001fe00fefefd01fb03fbfffefc01fc02fc01fefe00fe00ffff00fffffefffdfffffe00ff000000000000000000000000000000000000010104030203ff03fe01fefffc07fa13fd0cff00fbf3f9e8fdf102fa04fb04fe020201020001ff010001fefdfdfcfffd06020b0406ff
213,23521319,-92,11,128,1,0,0,299ff241000002000100fe00fe0200020002fe04ff0301010102ff01fefefefcfefdfefe00fd01ffff02fe02fe00feffffff01000001ff0000000000000000000000000000000000000000ff02fd00ffff00fffffffdf6feec01f7fffefdf2f9eaf7f6fb04ff0501020000fdfffefc02fc02fd01fd02fd00fd00000104010400
214,23524195,-49,11,256,1,0,0,b6600b00f311f114ef17ee19ee1aef1af119f317f614f911fb0cfe07010203fd06f708f309ef0bec0bea0be90be90aea09eb08ed07ef01fb000000000000000000000000000000000000fb02ee08ed07ed06ed04ee03f002f200f6fefbfcfffa04f709f50df411f214f116f017ef17ef16f015f112f20ff50bf807fc0200ff03b7000c1c0c1c0c1c0c1c0c1c0c1b0c1b0c1a0c1a0c190b190b190b190a180a1809180918081707170616051504140313021301120011ff11ff10ff05ff01fffffffeffff010105060f110e120d130d140c150c160c170c180c190c1a0c1b0b1c0b1d0a1d0a1e0a1e0a1d0a1d0a1d0a1e0b1e0b1d0c1d0c1d0c1d0c1d0c1d0c1d
215,23554417,-51,11,256,1,0,0,b6600b000cf20fee12eb13e813e712e611e60fe70ce909ec06f003f500fafd00fa05f70af40ff112ef14ee16ed16ee15ee14ef12f010fc0400000000000000000000000000000000000005fe15f915fa16fc16fd14ff12000f020b0306040105fb05f606f106ed07e907e708e508e509e509e709ea09ed08f206f604fc0100febf00f3e4f2e4f1e4f1e4f1e4f1e5f1e5f1e6f1e6f1e6f0e7f0e6f0e6f1e6f2e6f3e5f4e5f5e5f7e5f8e5f9e5fbe6fce6fee7ffe801e803e904e901f800fdff0001010000fdfdf8f8ebebeceaeee9efe8f0e7f1e6f2e5f3e4f4e3f4e3f5e2f5e1f6e1f7e1f7e1f8e1f8e1f7e1f7e2f6e2f6e3f6e3f5e3f5e3f5e3f4e3f4e3f4e3
216,23566220,-51,11,256,1,0,0,b6600b00ebfae7fae4fae3fbe2fce3fee4ffe701eb02ef02f402fa02000106010bff10fe14fe18fd1afc1bfc1bfc1afc18fc15fc13fd04ff000000000000000000000000000000000000fdfbf8ecf9ecfbecfcecfeee00f002f304f706fb080009040b090c0d0d100e120f140f1410140f130e110d0e0a0b07080304fe01fbffae00e812e913e913e912ea12ea12ea12eb12eb13ec13ec13ec12ec12eb12eb11ea11ea10ea0fea0eea0cea0bea09e908e906e905ea03ea01ea00f800fdff00ff00fe00fffe02fb09f219f118ef17ee16ec15eb14ea14e913e813e712e612e511e510e410e410e50fe50fe50fe50fe60fe60fe710e710e710e711e711e711e711
217,23581744,-51,11,256,1,0,0,b6600b00ff16001b011e032005210620071e081b08170712060c04060100fffafcf4f9eff7ebf5e7f4e4f3e3f3e3f3e4f4e5f5e8f6eafdfa000000000000000000000000000000000000fb03ec0ceb0bea09ea07eb05ee03f100f4fef9fafdf702f507f20bef0eed10eb12ea12e812e811e90fea0cec0af007f405f903ff0204b5000e080e080e080e080e070e070e070e070e060e060e060e060e060e060e070d070d070d080c080b080a080a09090908090809070a060a050a01030001ffffffffffff010005010f040f050e060e070e070d080d080d090d0a0d0a0d0b0d0b0d0c0c0c0c0c0c0c0c0c0c0c0c0b0c0b0c0b0c0a0d0a0d0a0d090d090e090e09
218,23605595,-51,11,256,1,0,0,b6600b0007ee08e909e609e408e206e205e303e502e800ecfff1fef6fefcfd02fd08fd0efd13fd16fd19fc1afc1bfc1afc19fd16fd14ff0500000000000000000000000000000000000005fd14f714f815fa15fc13fd11ff0e010a0206040106fc07f709f20aef0bec0ce90de80ee80fe90feb0fee0df10bf509f805fc01fffdb600ebe9ebe9eaeaeaeaeaebeaebeaeceaeceaeceaedeaedeaedeaedeaedebedebecececedebeeebf0ebf1ebf2ebf4ebf5ebf7ebf8ebfaebfbebfef8fffd000001000000fdfef7fae8efe9eeeaedebecebeaece9ece8ede7ede7eee6eee5eee4efe4efe3f0e3f1e3f1e4f1e4f0e5f0e5efe6efe6eee7eee7ede7ede7ece7ece8
219,23625855,-46,11,256,1,0,0,b6600b00140319041d041f042103210220011d001aff15fe0ffe09fe03fefdfff7fff200ed01ea01e702e603e603e603e803eb03ed03fb0000000000000000000000000000000000000003040c100c110c120b130a120811050f020cff08fb03f7fff3faf0f6edf3eaf0e8eee6ede6ede6ede7eee9f0ecf3f1f5f6f8fcfb01fd03000e0210021403160419051a051b051c061b061a061806150611060e070a07070703080108fe09fc09fa08f907f807f806f805f90403040303000000ffffff00ff00ffff00ff01fb09f909010c000dfe0dfc0dfa0df80cf60bf309f106f003ee00ecfdebfaeaf8e9f6e9f5eaf5eaf4ecf5eef5f0f6f3f8f7f9fbfbfffc02fe
220,23640991,-47,11,256,1,0,0,b6600b001009140b170d1a0e1b0e1b0d1b0c190a170713050f030a0104fffefef9fcf4fbf0faecf9eaf9e8f9e8f9e9faeafbecfcedfcfbff00000000000000000000000000000000000001040613051404150315021401120010fe0cfd08fb03f9fdf7f8f5f3f4eff2ecf1e9f0e7efe7efe8f0e8f1eaf3edf6f2f9f6fdfa01fd0503150c180f1d1321162519281b291d2a1d291d271c241b1f1a191813160c1506130012fa10f60ff20df00bee08ed07ee06ef05f004030b030900010000ffff00ff00ffff00fd01f10aee0afa16f716f416f115ee13ea10e70ce507e302e2fce1f5e0efdfe9dfe4dfe0dfdee0dee2dee4dfe6e1eae3eee8f3edf9f3fff903fd
221,23698505,-28,11,128,1,0,0,f8822f41060505f70cf210ff0d0c0c0f020af903fef902f6030302080304060407020401ff02fcfdfcfafd01020505ff02fefd01fa01fe00000000000000000000000000000000000000fffe02fa03f8fcf7f7f7f7f900fc0eff11040708fb07f506f50afb0704030003f9fdfb03fe10010706fa0af205f1f803f607f904fc14
222,23729852,-51,11,256,1,0,0,b6600b0010f513f215f016ed16ec14eb12eb10ec0dee09f006f403f800fdfc02f907f70bf50ff312f215f116f116f115f214f412f510fd04000000000000000000000000000000000000040113081309120b110b0f0c0c0b090a05090107fc05f703f301efffebfee8fde6fce5fde5fde6fee7ffeaffee00f2fff7fffdfe01fdb100fde2fde2fce2fce2fce3fce3fbe3fbe4fbe4fae4fae4fae4fbe4fbe4fce4fce4fde4fde5ffe500e601e702e803e905e906ea07eb08ec09ed03f901feff0000010000fefdfbf6f4e5f6e4f8e4fae3fbe3fce2fde2fee1ffe100e101e002e002e003e003e004e004e003e103e103e102e101e101e100e200e1ffe1ffe1ffe1
223,23733988,-49,11,256,1,0,0,b6600b00ed06e907e708e50ae40be50be60be90bed0af009f508fa05ff03040008fe0cfb10f913f814f715f615f614f612f610f60ff703fd000000000000000000000000000000000000fbffedfeedfdedfcedfbeffaf1faf4faf8fafcfa01fa06fb0bfc10fd14fd17fe19ff1bff1bff1afe18fe15fe12ff0dff08000200fe01b700f81df81cf91cf91bf91bf81af81af81af91af919fa19fa18f918f818f817f717f716f715f714f713f611f610f50ff50ef50df50cf50bf50afc03fe0000fffffeffff000201070315021601160017ff18fe19fe19fd1afc1bfb1bfb1cfa1cf91df91df81df81df81cf81cf71cf71df81df81df81df91df91cf91df91cf91d
224,23734452,-49,11,256,1,0,0,b6600b00f210ef14ee17ed19ed1aee1aef1af218f515f712fa0dfd08000303fe06f809f30aef0cec0dea0de90de80ce90beb09ec08ee01fb000000000000000000000000000000000000fb02ed08ec07eb06eb04ec03ee02f100f5fef9fbfff904f709f60ef412f216f118f019f019ef18f016f114f210f40cf808fb03ff0002b7000e1e0e1d0e1d0e1c0e1c0d1c0d1b0d1b0d1a0d1a0d190d190d190c190c190b180a180918081707160615051504140313021201110011ff11ff06ff01fffffefeffff010106061111101210130f140f160f160e180e190e1a0e1b0e1c0e1d0e1e0d1e0d1f0c1f0c1f0c1f0d1f0d1f0d1e0d1e0e1e0e1e0e1e0f1e0f1e0f1d
225,23734750,-49,11,256,1,0,0,b6600b00eef2ebefe8ede6ece5ece5ede6efe7f1eaf4edf7f2faf6fdfc01010407060b090f0b120d150e160e160d150d140c120a10090402000000000000000000000000000000000000fdfbf7edf8ecf9ebfaebfbecfdeefff101f503f905ff070409090b0e0d120e150f181019101910180f170d140b10080c04080003fdffba00e00be00ce10ce10be20be20be20ae20ae30ae30ae40ae50ae509e508e508e507e506e506e605e804e903ea01eb00eb00ecffedfeeefeeffdfafffeff000001fe00fffe02f906ee11ed10ec0fea0fe90ee80ee70ee60ee50ee30ee20de10de00ce00ce00be00be10be10be00be00be00be00ce00ce00ce00ce00ce00be00b
226,23758732,-51,11,256,1,0,0,b6600b0012fd17fb1cfa1ef81ff61ff51ef31bf318f313f40ef609f804fcfefff903f306ef09eb0be80de60ee50fe50fe60ee80dea0bfa0200000000000000000000000000000000000003040f110e130d140c150a1408130610030dff0afc06f801f4fdf1f9eef5ebf3e8f1e7f0e6f0e6f1e6f3e8f4ebf6eff9f5fafbfc00fcb1000de00ce00ce00be00be00be10be10be10ae10ae109e109e10ae10be10ce20de20ee30fe40fe510e711e812ea13ec13ed14ef15f115f315f407fc02ffff000001ff00fffcfff4fee000e002e005e007e008e009e00ae00ce00de00ee00fe010e010e011e111e111e211e211e311e210e210e20fe10fe10fe10ee00ee00ee0
227,23759059,-51,11,256,1,0,0,b6600b00f2f5eff2ecf0e9efe7efe6f0e6f2e7f4e9f6ecf8f0fbf5fdfaff000106030b050f06130816091809190a180a170a15091409040200000000000000000000000000000000000000fa00eb01ea03ea04ea05eb06ee06f106f506f906fe05030508040d0411041504170519061a0619071807150612050e030a0105ff01af00e40ce40ce50ce50de50de50de60de60ee60ee60ee60ee60ee60ee60de60de60ce60be60ae609e707e706e804e803e802e800e9feeafceafbf8fefdff000001fe00fffe02f907ec13eb12ea11e90fe70ee60de60de50ce40ce40be30ae20ae209e209e208e208e208e208e208e308e309e309e30ae30ae30be30be40be40c
228,23765115,-50,11,256,1,0,0,b6600b00ed06e908e50ae30ce30de30ee40ee70eeb0def0cf30af807fd04030108fd0dfb12f816f718f61af51bf51af619f717f815f905fe000000000000000000000000000000000000fa00e9ffe8fee8fce9fbebfaeef9f2f9f6f9fbfa00fb06fc0bfd10fe140018001a011c011c011c001a0017ff14ff0fff0afe03fffe00c200f71ef71ef81df81df91cf91cf91cf91dfa1dfb1cfb1cfc1bfb1bfa1bf91cf81cf81bf71bf71af618f517f415f214f114f012f011ef10ef0ef905fe0100fffffe00ff0003000a001cfe1cfc1cfa1bf81cf71cf61cf51cf41cf31cf31cf21cf11cf11cf01cf01cf11bf11af11af11af21bf21bf31cf41cf51cf51cf51cf51d
229,23784037,-52,11,256,1,0,0,b6600b00e6f5e2f5dff6def8ddfbdffee100e502ea03f002f601fbfe01fa06f60af10eed10e811e511e310e20fe20de40be609e907ec01fb00000000000000000000000000000000000005001701170216041506130710090d0b090c050e0110fd12f914f716f519f41af41bf51bf61bf719f917fa13fb0ffa0af805f600f3fda100ec04ec04ec04ec04ed04ed04ed05ed05ed05ed05ed04ed04ed04ed04ed03ed03ed02ed01ed00eeffeefeeffdeffcf0fcf0fbf1f9f2f8f2f8fbfdfefe000000ff00fffe01fa04f10cf00bef0aee09ee08ed07ed07ec06ec06eb05eb04eb03ea03ea02eb02eb01eb01eb01eb01eb02ec02ec02ec03eb03eb03eb03eb03ec03
230,24678445,-93,11,128,1,0,0,4ff114410cfe0b010b020c020a03070007fe09fd09fe06fd04fd01fcfdfafcfafbfdfbfcfcfafef8fef8fefafdfbfcfcfdfdfdfffcfefeff000000000000000000000000000000000000fdfff8fefbfdfbfdf9fdf9fffb01fb01fc01fe03fe06fc08fb07fc08fd09fd08fc07fc08fd08fc09fc09fe07ff040102040305030501
231,24985649,-95,11,128,1,0,0,4ff11400f105f401f6fef6fff500f5fff700fa01f901f902fb03fc05fb07f906fa08fa0afa09fa06fb03fa03fb03fb03fc01fd00fe01ff00000000000000000000000000000000000000fffffdfcfbfcfafbfbfafdfcfe00fd00fc00fbfff9fefafcfafaf8fbf6fcf6faf7fbf9fcfafbf8faf6fcf7fefafffc00f800f3fef1fd
232,25088040,-91,11,128,1,0,0,4ff11400020d000f000e0209040a050c030a020702050305070408020904090709040b0109010803070406040504050306030402030000ff000000000000000000000000000000000000fdfff8fef801f804f704f804f903fa02f903fa04fc07fb08f708f406f403f503f706fa09fa09fa07fd05ff05ff0701070509040b020c
233,25117928,-91,11,128,1,0,0,fddeef4100ff01010001fdfffcfdfefc03fc04fc02fd01fe02ff01ff0000010000fffc00fe0000fffffeff00ff00fffffefffcfffbfefeff000000000000000000000000000000000000000001010000fefefdfefefe02f405eb01f5fdfef103e408ef08fe07ff03fefefefd00ff00ff01010206010501fd04fd0100fdfffefe
234,25221368,-93,11,128,1,0,0,9bb88941fd01fb02fc03ff01fffffeff00ff00fefffdfffd00fe01fe02fe02fe0200030002fe00ff00ff00ff00fe00fefffeffffff00ff0000000000000000000000000000000000000000ff02fe01000100ff01fc01fdfffefe00ff02010101ffff01ff02ff02ff02fe02fe01ff0000010102040203f600eafff301fb04fc02
235,25326699,-88,11,128,1,0,0,b55bbb41fefe00fc02fc01fefefefefffe00fdfffeff07f80ff009f704000cfc12f609f901fe0000fffffffdfffd01ff01ff01fefffeffff0000000000000000000000000000000000000100050008ff07010304020204fe02fffe02fd02fc01fdfe00fa05fa06fb04f903fa04fd0300fefffefd00fcfffc00fc07fd06fffe03
236,25326918,-92,11,128,1,0,0,fbb11f41ff02010003fe040004fe040004030102ffff0a0717100e080100f3fde6faf2feffffffffff00fcfffd000101020000fffd01fe00000000000000000000000000000000000000ff00fd01fe010001010001fefffffd01fe0000fe02ff04ff02ffffff00fffefefbfffb02fe02fffffbfcfbfefd0200010605070b0106
237,25497658,-94,11,128,1,0,0,4ff11441f3fdf4fbf6fbf8fcf8fafaf9fdfafdf9fbf8f9f9f9fdf8fdf8fbfafefd00fdfffafef8fef8fff9fdf9fbfafcfefdfffdfcfdfeff000000000000000000000000000000000000fefefbfcfbfefafefbfbfcfcfcfffbfdfbfbfbfefbfff8fdf5fcf5fdf7fdf7fdf6fcf4fbf5faf9f9fbfbfbfcfafbf7fcf600f702f9ff
238,26709791,-92,11,128,1,0,0,d22aad4100fe01020001fefffdfffdfffdfffcfffd00fd00fe01000100020003ff01fffefefdfcfefcfffd00fe00ffff000001020102000000000000000000000000000000000000000000ffff00fe01ff0001fe01fef904f40af905ff0007fb0df405f9fe00000103ff03ff010000ff02fe00fffd00fdff00fd03ff0102fb02
239,26710827,-91,11,128,1,0,0,d7777d41fd01fe0000ff00fe00ff010203040203000200020002ff01ff00fd00fd00ff010101020003000101ff01fe01ff01fe01ff01000000000000000000000000000000000000000000ff00fefefe00ff02000201fb0af611fb08fe00f407eb0ef408fe01ffff01fe01fffffffe00fd02fe04fe03fe0000ff000102020301
240,26713616,-91,11,128,1,0,0,388ee34101030105010201010400060004000100ff00ff000002010401030001fd00ff010001fe00fdffffff0000000001ff0000ff00ff000000000000000000000000000000000000000101060202fefdfefb02fe000eff1b030c02fe000eff1cfc0cfdffff00fffffffe01fd01ffff05fe06ff03fd02fa02f904fc0602030a
241,26816466,-91,11,128,1,0,0,6ff44641ffff00fefe00fd03000302020301020001ff0100fffffefcfffcfefefe00000000010002fe01ff0000010001ff00ff0000000000000000000000000000000000000000000000fffffcfdfdfeff00ff02fe0100000001ff01ff00fd01fc02fe00fffe01fd04ff0202fe00fffd010103040303090310050802fd01fb05
242,26923904,-91,11,128,1,0,0,355ee341fffbfffcfdfefdfefffe020003ff01fe0002f403e5fef1f9fff9fd07fb15010b03010101020302010300030002fefffffe00ff00000000000000000000000000000000000000010004020102fe02fe01ff020002000000fefffefffb02fa04fd02ffffff00fe03ff02020103010100020004fe06fe05030404030002
243,27356699,-51,11,256,1,0,0,f6622f000f0a130c170e190e1b0e1b0d1b0c190a160813050f030a0104fffefcf8faf3f8eff6ebf4e9f2e7f1e7f1e7f1e9f1ebf2edf3fbfc00000000000000000000000000000000000002040b1209130814061405130311010eff0afc06fb01f9fcf7f7f6f3f4eff3ebf2e9f1e8f1e8f1e9f1ebf2edf4f0f6f4f9f8fdfc0000b90017ec16ec16ec16eb16eb15eb15eb14eb14eb14eb14eb14eb14eb14eb15ec15ed15ee16ef16f016f116f316f416f616f716f916fb16fd16fe08ff0200ff00ff01ff0001fd05f70ee80fe911ea12eb13ec14ed15ed16ed17ee18ee18ef19ef19f01af01af11af11af11af11af119f019f019f019ef19ef18ee18ed18ed17ec
244,27359969,-51,11,256,1,0,0,f6622f00f911f815f719f81cf81ef91efb1dfc1bfe18ff14000f010a020402fe03f704f204ed05e906e607e407e308e408e507e807ea01fa000000000000000000000000000000000000fc03f00fef0eed0ded0bee09ef07f105f402f8fffcfb01f805f60af30df110ef12ed13ec13ec12ec10ed0eee0cf009f405f802fd0001c0001514161416131613161217121711171017101710170f170f17101710171116111611151214121212111210130e130d130c140a140915071502070002fffffeffffff02010805161015111412131412151116111710171018101910190f190f1a0f1a0f1a0e1a0e1a0f1a0f190f1910181118111712161316141614161516
245,27370913,-51,11,256,1,0,0,f6622f00f512f315f218f21af41bf51bf719f917fb14fd10ff0b0106020003fa04f405ef06eb07e807e607e507e507e506e705ea05ec01fb000000000000000000000000000000000000fb01ec05eb03eb01ec00eefef1fdf4fbf8fafdf902f806f70bf60ff612f515f516f517f516f415f413f510f60df809fa05fd0001fd04b2001017101711171116111612151214121312131213121312131312131312131213111310130f140e140d140b140a140913081306140414031401070002fffffefeffff020207071315121511160f170e180d190c190c1a0b1b0b1b0b1c0a1c0a1d091d091d091d091c091c0a1b0a1b0b1a0b1a0c1a0d190d190e190f190f18
246,27398993,-51,11,256,1,0,0,76600700ea02e503e105de06dd08de09df0ae30be70aeb0af108f606fd03030009fd0ffa14f818f61bf51cf41df41cf41bf519f617f705fe000000000000000000000000000000000000fafcebf2ebf0eceeeeeef0eef3eff7f1fbf4fff704fa09fe0d0211061509180b1a0c1c0d1c0d1c0c1b0b1809140710050a030402fe01bc00f910f910fa10fa10fa10fa10fa10fa10fa0ffa0ffa0ffa0ffa0ffa0ff90ff90ff80ef80ef70df70cf60bf60af609f509f508f507f406f405fb01fe0000ffffff00ff00010005021001100010ff10fe10fd10fc10fb10fb10fa10f910f910f810f810f810f810f810f70ff70ff70ff70ff80ff810f810f910f910f910f910
247,27400344,-50,11,256,1,0,0,76600700f7f0f5ecf4e9f2e8f0e7efe8efeaefecf0eff2f2f5f6f8fafcfeff030307070a0a0e0c110d130e140e150e140d140b120a11020400000000000000000000000000000000000000fa01eb03eb04eb05ec06ee06f006f406f805fc04010306020b000f0012ff16ff18ff19ff1a0019001801150111010d01080003ffffb900e300e300e301e401e401e402e402e402e503e503e503e503e603e502e502e501e501e600e6ffe8fee9fde9fceafbeafaebf9ecf8edf6eef6f9fcfefe000001ff00fffd01f702e707e705e603e602e500e4ffe4ffe4fee4fde3fce3fbe3fbe3fae3fae3fae3fae3fae4fae4fae4fae4fbe4fbe3fce3fde3fee3fee3fee3fe
248,27554637,-51,11,256,1,0,0,f6622f00f912f717f71bf71ef820fa20fb1ffd1dff1a00150110010a010401fd01f701f101eb01e701e401e201e101e101e301e501e700fa000000000000000000000000000000000000fa02ea08e907e805e804e902eb00eefff2fdf7fbfcf902f807f60cf410f314f116f017ef18ee17ee15ee12f00ff20cf508f904fd0201be000c0b0c0b0c0b0c0a0c0a0c0a0c0a0c090c090c090c090c090c090c090b0a0b0a0b0a0a0a090a080b080b070b060b050b040b040b030b020b00040001ffffffffffff010005020d070d070d080c090c0a0b0a0b0b0b0b0b0c0b0c0a0d0a0d0a0d090e090e090e090e090d090d090d090d0a0c0a0c0a0c0a0c0b0c0b0c0b0c
249,27579420,-50,11,256,1,0,0,96600900f011ee14ed17ed19ed19ee19ef18f216f513f810fc0c0008050409000efd13fa16f81af71cf71df71df81cf91afa17fb15fc05ff000000000000000000000000000000000000000502150015fe14fc12fb0ffa0cfa08fb03fdfefff901f504f107ed09eb0be90ce80de70de80ce90bec09ee07f203f600fbfdfffb03d3000e160e160f161015101411141112111211111111121012101310131012101211111110120f120e120e120d120c110b110a1108120712061202060002fffffffeffff010204080b170a1709170818071806190519051a051a041b041b041b041b041b041b041b051b051b061a061907190818081809190a180b180c180d17
250,27647741,-51,11,256,1,0,0,96600900ecfae8fae4fae2fae1fbe1fde3fee5ffe900ed01f202f802fe0204010a011000150019001b001d001c001b001a00170015010500000000000000000000000000000000000000fdfbf4eef5edf7ecf8ecfaedfceffff201f503f906fe08020a070c0b0e0e1011111312131213121211100f0e0d0b090805050002fc00b800e713e813e813e813e913e913ea13ea13ea14eb14eb14eb14eb13ea13ea13e912e911e810e80fe80de80ce80ae809e807e806e804e902e901f700fdff00ff00fe00fffe02fa08f118f017ee15ec14eb13ea13e912e812e712e611e511e410e410e40fe40fe40fe40ee40ee50ee50ee50fe60fe610e611e611e712e712e712
251,27951466,-50,11,256,1,0,0,36655300eef9eaf8e7f7e5f8e4f9e4fae5fbe7fdeafeee00f301f801fe02040209020e021302160319031a031a0319031803150313030400000000000000000000000000000000000000fdfbf6eef7edf9edfaedfceefef000f301f603fa05ff070309070a0b0c0e0d110e130e130f130f120e110d0e0b0b080804050001fdffb400eb13eb13ec13ec14ed14ee14ee15ef14ef14ef14ef14ef14ef15ef15ef14ef14ef13ee12ee11ee10ed0fed0eed0ded0ced0aed08ec07ec06f802fd0000ff01fe00fffe02fa07ef13ee13ed12ec11eb10ea0fe90fe90fe80ee70ee70ee70ee60de60de60ce60ce60ce70de70de80ee80ee90fe90fe910e911e911ea12ea12
252,27953385,-51,11,256,1,0,0,3665530004ec05e805e404e204e102e101e300e5fee9fdedfdf2fdf8fdfefe04fe0afe10fe15fe18fe1bfe1cfe1cfd1bfe19fe17fe15ff0500000000000000000000000000000000000003fc10f211f312f412f611f810fb0dfd0a0006030206fd08f90bf50df20fef11ee12ed13ed13ee13f012f210f40df709fb05fd00fffcbd00e8ede7ede7ede7eee7eee7eee8eee8eee8efe8efe7f0e8f0e8efe8efe9eeeaedeaedebecedeceeecf0ebf2ebf3ebf4ebf6eaf8eaf9eafbeafef8fffd000001000000fcfff6fee4f9e5f8e5f6e6f4e6f2e6f1e7f0e7eee7ede8ece8ece8ebe8eae9eae9e9eae9eae9ebe9eae9eaeaeaeae9ebe9ebe9ebe9ece8ece8ece8ec
253,28057723,-93,11,128,1,0,0,4ff11400f9f2faf2fcf1fef1fef4fef6fef900f802f6fff7fef9fefbfafdf6fff7fdfafafaf9fafbfcfafcf8fcf9fcf9fbfafefbfefafffe00000000000000000000000000000000000000ff01fb03f903f903fa02fafef9fef8fffa00fd01fd02fb02f701f300f400f502f502f402f602f601f600f8fefbfdfbfbfafafaf9f9
254,28084583,-51,11,256,1,0,0,6aa00600fc11fc16fc1bfc1efd1fff20001f011d031a03160310020b010500fefff8fdf2fcedfbe8fae5fae3fae2fae2fbe3fbe6fce8fffa000000000000000000000000000000000000fa02ea08e907e805e704e803ea01ed00f0fef5fcfafafff804f70af50ef311f114ef15ee16ed15ec14ed12ee0ff00cf308f705fc0300ba000d0a0d0a0d090d090d090d090c090d090d090d090d080c080c090c090c090b0a0b0a0a0a0a0b090b080b070b060b050b040b030c020c020c00040001ffffffffffff010005010f030e040e050e060d070d070d080d090d090d0a0c0a0c0b0c0b0c0b0c0c0b0c0b0b0b0b0b0b0b0b0b0b0b0b0c0b0c0b0c0a0c0a0d0a0d0a
255,28086880,-51,11,256,1,0,0,6aa00600f9f0f8ecf6e9f5e7f3e6f2e6f1e7f1eaf1edf2f0f5f4f8f8fcfc0000050409080c0b0f0e11101311131113111310110f100e030300000000000000000000000000000000000003fd10f411f513f513f613f812f910fb0dfd0a0006030206fe09fb0cf80ff611f414f315f316f417f516f614f812fa0efb0afc05fd00b100e2f7e2f7e2f7e2f8e2f8e3f7e3f8e3f8e4f8e4f8e4f8e4f8e4f7e4f6e5f5e5f4e6f3e7f2e8f1eaf0ebf0edefeeefefeef1edf3ecf5ecf6ebfcf8fffd000001ff00fffd01f603e509e507e404e402e300e3ffe2fee2fde2fbe2fae2f9e2f8e1f7e1f6e2f6e2f5e3f5e3f5e3f5e3f5e3f5e3f5e3f6e3f6e3f6e2f6e2f6e2f6
256,28171288,-51,11,256,1,0,0,96600900edf6e8f4e5f3e3f4e2f4e1f6e2f8e4fae8fcecfef1fff701fd0104020a021002140318031b031d031d031c021a02170215020500000000000000000000000000000000000000fffafce9fee8ffe801e902eb04ee05f106f506fa07000805080a080f09130a160a180b190b190c180b160a130910060c03070003fcffb000e410e511e511e511e611e611e611e712e712e812e812e812e811e811e711e710e70fe70ee70de70be80ae808e807e806e804e802e901e9fff7fffdff00ff01fe00fffe02f908ec17eb16e914e813e612e511e410e310e20fe20ee10ee00de00de00ce00ce00ce10be10be10be10be10ce20ce20de20ee30ee30fe30fe30f
257,28173314,-51,11,256,1,0,0,9660090012f516f319f01bee1bed1aec18eb15ec11ed0df009f304f7fffcfb01f606f20aef0eec10ea12e813e814e913ea12ec0fee0efb0300000000000000000000000000000000000005011605160616081409120a0f0a0c0a07090208fc06f704f202ed00eaffe6fee4fde2fde2fee3fee5ffe800ec00f100f7fffdfe02fcb300fcdefcdffcdffbdffbe0fae0fae0fae1fae1fae1f9e1fae1fae1fae1fbe1fce1fde1ffe200e201e303e404e505e607e708e809e90beb0cec04f801feff0000010000fefdfaf5f2e3f4e3f6e2f8e1f9e1fae0fbdffcdffddefedeffdd00dd01dd01dd02dd02dd02de02de02df01df01df00df00dfffdfffdefedefedefdde
258,28467355,-92,11,128,1,0,0,4ff114000ffc0ffe0ffe0eff0b010a0008fe06fc07fb07fa04fb02fcfffcfefbfffafff7fdf4fff201f200f202f503f802f902fc01fe00ff000000000000000000000000000000000000fe01fa04fc04fc03fe03ff03ff02ff01ff030105010500050208060a0709050a040a04080408060806070407030605030902070004fd
259,28672134,-94,11,128,1,0,0,4ff1144100f2fcf2fcf6fef701f605f605f803fb03fd02fc01fd01fe01fefffdfefdfffafef6fdf6fff901fa00fb00fc02fd01fd00fc00ff00000000000000000000000000000000000001ff03fe01fe02fe03fc02fb02fe0100000000ff00fb02fa03f704f604f703f804f805fa06fa07f907fb05fd01fcfdf9fdf8fef8fff6
260,29184160,-92,11,128,1,0,0,4ff11441f908f80bf70cf808fb03fa02f902fb02fc01ff0301060103020004fe07fc07fb06fc06fe06ff05ff05fe05fd04fe03ff04000100000000000000000000000000000000000000000002020303040403040004010202ff00fd01fc03fc03fb02f805f60af609f703f801fa00fbfefafef8fffafffefefffc00fb01fdfe
261,29321737,-89,11,128,1,0,0,eddffe41f902fc0200010000fefefeffff01ff01fefffeffffff00fffe01ff0101fe01fe0000fffefffb00fd0101ff00fefefffdfffdffff00000000000000000000000000000000000000000003ff020003010300fff8f8f1f2f7f7fdfefe0bff1a0111040204020404060304010101fe02fcff00fe00fdfe00fe0200010004
262,29425124,-89,11,128,1,0,0,f9933f4102fe07fe0201fe00fffe00fd00fb02fd03000301030001fefcfefa00fcfefefcfdfeffff03fe030001fdfffbfffdff00ffffffff000000000000000000000000000000000000ff00ff01010102ff02fe03fe04ff02fe01fc04fb04fa01f800f9fffcfffe05fe07fd08ff060002fe02fffd05f110ec17f40efd050405
263,29427366,-89,11,128,1,0,0,2ff99241ff0103fb00f8fdfcfe0000010001ff01010003fd03fd01fefffeff00ffff00fcfefdfcfffeffff0000fe02fe01fffefdfdfdffff00000000000000000000000000000000000001010203fffdfef8fcf8fffb00fd00ff01020002fafdf7fbf800f707fa06000005fe08fc03fcfafcfdfcfcfee4fcdafaeafaf6fafdfe
264,29529820,-50,11,256,1,0,0,966449000e0b120d150e170f190e190d190c170a140811050d03080102fffdfdf8faf3f8eff6ebf4e9f3e8f3e8f2e9f2eaf3ecf3eef4fbfd000000000000000000000000000000000000010406120513041302130112ff10fe0dfd09fb05fa00f9fbf9f7f8f2f7eff6ecf5eaf5e8f4e8f4e9f5ebf5edf7f0f9f4fbf8fffd0100b60019f218f218f118f117f017f016f016ef16ef15ef15ef15f015f016f116f116f116f216f216f316f415f615f715f915fa15fb15fd15fe140007000200ff00fe01ff0002fd07fa14f015f116f216f417f518f518f619f61af61af71bf81bf81bf91cf91cf91bf91bf91bf91af91af81af71af61af51af51af41af41af319f3
265,29531453,-50,11,256,1,0,0,36655300f10aee0dec10eb12ea13eb14ed14ef13f211f50ef90bfc07000204fe07fa0bf60ef310f112ef13ee14ed14ee13f011f10ff303fc000000000000000000000000000000000000fb01ec03ec02ec00ecffeefef0fdf3fcf7fbfbfb00fb05fa0afa0efb12fb14fb17fa18fa18fa17f916fa13fa10fa0cfb07fd0200ff02bb00061b071b071a081a081a0819081909190919091809180a170a1709170918081807180718061704170317021701160016fe15fd14fb14fa13fd07ff0200fffffeffff010203080a17091707170618051804190319021a021b011b011b001c001c001cff1cff1cff1cff1b001b001b011b021b021b031b031b041b051b051b
266,29532615,-88,11,128,1,0,0,2aa552410102fffefdfdfeff0101fffffcfcffff0303f40ee316ee0bfb02fef2ffe300f202fe01ff0100ff01ff020002fe01fe01ff00000000000000000000000000000000000000000000010003ff0000fffe00fdfefefcfffefefefffc00fdff01fd01fcfefdfdfefeff03fc05f902fc01ff02030009fe0601010303020503
267,29544909,-51,11,256,1,0,0,b6600b0009ed0ae90be60be409e208e206e404e603e901ee00f3fef9fefffd05fc0afc10fb15fb18fb1afa1cfa1cfa1bfa19fb16fb14fe0400000000000000000000000000000000000004fe13f914fa14fc14fd12ff10000d0209030405ff06fa08f509f10aee0aeb0be90ce80de80dea0dec0dee0bf209f507f903fdff00fcb600f2e5f1e5f1e5f1e5f0e6f0e6f0e6f0e7f0e7f0e8efe8efe8efe8f0e7f1e7f2e7f2e7f4e6f5e6f6e7f8e7f9e7fbe8fce8fee8ffe901e902ea01f800fd000001010000fdfef8f9ececedebeee9efe8f0e7f1e6f2e5f3e4f4e3f4e3f5e2f5e2f6e2f6e1f7e1f7e1f7e1f7e2f7e2f6e2f6e3f5e3f5e3f4e4f4e4f3e3f2e3f2e3
268,29546239,-51,11,256,1,0,0,b6600b0001140118021b041d051e061d071b07180714070f060a040502fffffafdf4fbeff9ebf8e7f7e5f7e4f7e4f8e5f8e7f9e9faecfefb000000000000000000000000000000000000fc04f310f10ff00eef0cf00af108f305f601f9fdfcfa00f603f306ef09ed0beb0ce90de80ce80be90aea08ed06f005f403fa02ff0104af001b0d1b0d1b0d1a0c1a0c1a0c1a0c1a0b1a0b1a0b1a0a1a0a1a0b190c190c190d180e170e160f14101211111110110f120d120c130a14081402070002fffffeffffff03ff0a001c011b031b051b071b091a0a1a0b1a0c1a0d1a0e1a0f191019111911191118121812181218121811181118101910190f190f1a0e1a0e1a0e
269,29555485,-51,11,256,1,0,0,b6600b0011f815f618f41af21af119f018f015f011f10df309f504f900fcfb00f604f207ee0aeb0ce80de70ee70ee70de90ceb0aed09fb020000000000000000000000000000000000000500140314041306120710080e080a0806070206fd05f803f301ef00ecfee9fee7fde5fde5fee6fee8ffebffeefff300f8fffdfe01fdb700ffe2fee2fee2fee2fde2fde3fde3fde3fce3fce3fce4fce4fce4fde4fee4fee4ffe400e401e502e604e705e806e807e909ea0aec0bed0cee04f901feff0000010000fefdfcf6f7e6f8e6fae5fce5fde4fee4fee4ffe300e301e302e203e203e204e104e205e205e204e304e303e303e302e302e202e201e201e200e200e1
270,29559916,-51,11,256,1,0,0,b6600b00ec03e804e506e307e309e30ae50ae80aeb0aef09f407f905ff03040009fd0efb12f916f818f719f71af719f718f815f913fa04fe000000000000000000000000000000000000fafeebf8ecf7ecf5edf4f0f4f3f4f6f6faf7fef903fb08fe0c01100313051606180719071a0719061705140411030c0207010201fe01b700fb1dfc1dfc1dfd1dfd1dfe1cff1cff1cff1b001b001b001b001b001bff1bff1afe1afd19fc19fb18fa18f917f916f815f714f513f412f311fb06fe0100fffffe00ff00020009001bfe1bfd1bfb1bfa1bf91bf81bf71bf61cf51cf51cf41cf41cf41cf31bf31bf31bf41bf41bf51bf61bf61bf71bf71cf81cf91dfa1dfa1d
271,29573547,-50,11,256,1,0,0,b6600b00eff6ebf4e8f2e6f2e5f2e4f3e5f4e6f6e9f8edfaf1fcf6fffb01010406060b090f0c120e140f151115111411121110100e0f0303000000000000000000000000000000000000fbfdeff4f0f2f1f1f2f1f4f1f6f2f9f4fcf600f903fd060109060b090d0d0f0f111111121212121211100f0e0d0b0a0806050201ffffc500ed14ed14ed14ed15ed15ee16ef16ef15ef15ef15ef15ef15ef16ef15ef15ef14ee13ed12ed11ec10ec0fec0eec0cec0bec09ec08eb06eb05f801fd0000ff00fe00fffe02fb07f315f215f114f013ef13ee12ed12eb11ea11e911e911e911e910e810e80fe80fe80fe80fe910e910ea10ea10ea11ea11ea12eb13eb14eb14
272,29574130,-50,11,256,1,0,0,a6600a00f00ded11eb15e917e918ea19eb19ed17f015f412f80efc0a0005050009fc0ef712f416f218f01af01bf01bf119f317f415f505fd000000000000000000000000000000000000fc04f010ef10ed0eed0cee0aef08f105f502f9fffefc03f908f70df511f314f116f018f018ef18f016f013f210f30cf607f902fdfe01c2000c1c0c1c0d1c0d1b0d1a0d1a0e1a0e1a0e1a0f190f190f190e190e190d1a0c1a0c1b0b1a0b1a0919071905180418021801180017fe17fd16fe08ff02fffffefeffff020205080f160e170c180b19091a091b081b081c081c071d061d051e051f041f041f041e041e051e051d051d061e071d081d091d0a1d0a1d0a1d0a1c
273,29585511,-51,11,256,1,0,0,96600900eaf9e5f8e1f8dff8defadefbdffde2fee6ffea00f001f702fd0204020b02110217021b021e031f0320031e031c041a0417040501000000000000000000000000000000000000fcfbf1ecf2ebf4eaf6eaf8ebfaedfdf000f403f806fd09030b080e0c1010121313151415141514141312120f0f0c0b0906050102fcffbf00f30bf30bf30bf40bf40bf40bf40bf40bf40bf50bf50bf50bf50bf40bf40af30af30af309f309f308f307f306f305f304f204f203f302f301fb00feff00ff00ff00ffff01fd05f80df80df70cf60cf50bf40bf40bf30bf30af20af20af109f109f109f109f109f109f108f108f108f109f209f209f209f20af20af20af20a
274,29592926,-51,11,256,1,0,0,b6600b00f012ed15ec18eb1aec1bee1bf01af318f615f911fc0d0007030106fb09f50cf00eeb10e811e612e512e511e60fe80eea0cec03fb000000000000000000000000000000000000fa02ea07e905e903ea01ecffeffdf2fbf7fafcf902f707f70cf611f515f518f51af51af41af419f416f513f60ff80afa05fd0000fc04c0000b1e0b1e0c1d0c1d0d1c0d1c0d1b0e1a0e1a0e190f190f190f1a0e1a0e1a0d1a0c1a0b1a0a1a091a071a06190519041802180117ff17fe17ff08ff02fffffefeffff020205090f1b0d1c0c1c0a1d081e071e071f06200520042104210322032203220222022202210221022103200420051f051f061f071f081f091f091f
275,29679780,-51,11,256,1,0,0,b6600b00f3f6eff3edf1eaf0e8f0e7f1e7f3e8f4eaf6ecf8f0fbf5fdfaff000005020a030f0513061607180718071807170715071307040100000000000000000000000000000000000000fb03ec04eb06ea07eb07eb08ed08f007f407f806fd05020407030c031002130316031804190419051805160513040f030b0106ff02b900e309e309e409e40ae40ae509e509e509e50ae50ae60ae60ae609e609e508e507e506e505e503e602e700e8ffe8fee9fde9fbeafaebf8ecf7f9fcfefe000001fe00fffe02f907ed13ec12ea10e90fe80ee70de60ce50be40ae40ae309e208e208e207e206e206e205e205e305e306e306e306e307e307e308e308e308e308
276,29694430,-50,11,256,1,0,0,b6600b00f1edeeeaece8eae7e9e7e9e8eaeaebededf0f0f4f3f9f7fefb03ff08020d05120716091a091c091d081d071c061a051804150105000000000000000000000000000000000000fbfdecf4edf2eff1f1f1f4f1f7f2fbf5fef802fc050008050b0a0d0e0e120f141016101710170f150e130d100a0d0808040401fefefac000e308e308e409e409e40ae40ae50be50be60be60be60ce60ce60ce60ce60be60be60ae609e608e707e705e804e803e902e901eaffeafdeafcf8fefdff00ff01ff00fffd01f604e60be509e508e406e405e304e203e202e102e101e100e100e100e100e1ffe1ffe2ffe200e200e201e202e202e203e204e205e205e206e206
277,29696632,-50,11,256,1,0,0,b6600b00edf0eaeee7ece5ece4ede4eee5f0e8f3ebf5eff9f3fcf800fd040208070c0b100e14111612181219111910180e170c150b130204000000000000000000000000000000000000fbfdecf4edf3eff1f2f1f5f2f8f3fcf500f803fc07000a050d090f0d10101213131413151314121310110e0e0b0a07060302fefefbfbc300e409e40ae40ae40be50be50ce50ce60de70de70ee70ee70ee70ee70ee70de60de60ce70ce70be709e808e807e806e805e904e902e900eafff8fffdff00ff01ff00fffd01f603e509e508e406e405e303e302e202e201e100e100e1ffe1ffe1ffe1ffe1ffe1ffe1ffe2ffe200e201e102e203e204e205e205e206e206e307
278,29705705,-52,11,256,1,0,0,b6600b0009ea0ae60ae309e107e104e202e401e7ffebfff0fff600fb02010507080c0a100d140f1610171117111710150f130d100c0e020300000000000000000000000000000000000002040b120a130813071205110210ff0efc0bf908f505f102ee00ebfee8fce6fce4fce4fde5fde6ffe9ffec00f0fff4fef9fcfef902f6a700f8ddf8ddf8ddf8ddf8def8def8dff8dff8dff8dff8dff8dff9dffadffbdffcdffedfffdf01e002e104e206e307e409e50ae70ce80ee90feb05f801feff0001010000fdfdf7f8e8e9eae8ece6eee5efe3f0e2f1e1f2e0f4dff5def6ddf7dcf8dcf9dcfadcfadcfbdcfbddfbddfbddfbddfaddfaddfaddf9ddf9ddf9ddf9dd
279,29708145,-51,11,256,1,0,0,b6600b00e604e206df08de0bde0de00fe310e70fec0ef10cf508f903fdfe01f804f206ec07e708e308e007df06df05e104e303e602e900fa00000000000000000000000000000000000003fa0eeb10eb11ec12ee12f011f310f70ffb0d000c050a0a0a0f091409180a1b0a1c0b1d0c1c0d1b0d180c150a11060d0209fc07f705aa00f20ef20ef20ef20ef20ef20ef20df30ef30df30df30df30df20cf20cf10cf10bf10af10af009f008f007f006f004f003f002f001f100f1fffafffeff00ff00fe00ffff02ff06fd12fc12fa12f912f711f611f511f511f410f310f210f210f10ff10ff10ff00ef00ef00df00df00df00df10df10df10ef10ef10ef10ef10e
280,31020856,-91,11,128,1,0,0,add00a41ff00fffcfffcfffffe01fd01fd00fe00ff0101ff02fd02ff01000002000101ff01fe01fcfffefe00fd00fdfffe00000001ff00ff000000000000000000000000000000000000000001fefffcfefd00ff03010006fd05ff010100030204030004fc03fe00fffefcfefeff0100030102fe00fb0a02140a0f0404fdfcfe
281,31128858,-89,11,128,1,0,0,deeffd410003010302010000fd00fe01fe01fe0000ff04f106e402f200fe07f20cea05f6ffff00fe01fd02fe010001ff01ff00ff00000000000000000000000000000000000000000000fe00fc0000ff02fe02fe00fe00000301030000fefffeff00fe01fe0000fffffffe000101020100ff00fd01fe01000100020003000201
282,31645151,-93,11,128,1,0,0,69955641fefefcfdfefe000103050103fafbf9f8fffd08fb0df50ef506fafdfe01040304fefbfcf9fdfbfffb00fc01fe040006040508010200000000000000000000000000000000000000ff01ff00fffe00fd000000030002fe00fe01fe00ffff01ff01ff00ffff00fe02fe02fc01fe0002ff020003ff02fbfffc0100040000
283,32621025,-92,11,128,1,0,0,7ddee7410002fd04fd04000203fe03fdfffefcffff000300040102020002000201020102ff01ff000000ffffffffffff0000ff00feffffff0000000000000000000000000000000000000000010100010002ff00fffefffffffffeff00fe02fd01fd01fd01fdfffcfefdfe00ff03ff02fdfffcfbfffc0dfc19fb0ef903f801fb
284,32665859,-92,11,128,1,0,0,4ff11441f2fbf1ffef01f1fff6fcf8fdf9fffafffbfff900f801fc03fe04ff07020803070106ff05fe05000500060005000400030003000000000000000000000000000000000000000001000401040005ff0600040103ff03fd03fc02fc00fcfffa00f801f502f401f601f604f205f203f501f500f8ffffff01fe01fcfff9fb
285,32723118,-92,11,128,1,0,0,faa88f4100ff02000200fefefeff02000102000100fcf4ffe805f301fdfdfc08fb15fd0bfefffe00ff03ff02000102ff04fe01ffff00ff000000000000000000000000000000000000000000010001000001fd01fcffffff000000020000fe00ff0001ff01010103020103ff02fd01ff0102000000fd01fe02000003fd05fd01
286,32723319,-90,11,128,1,0,0,c4422c41fb05fa03fd0100020100fefdfcfdfeffff01f003e205f103fffe08080f14070a01000200010100030004000100fefffeffffff00000000000000000000000000000000000000ff00fe00fe010002010101ff030103020201010000ff00fe00fefd01fd02fd00fcfefcff0000030101fffffc00fb00fcfdfdfc01fe02
287,32725006,-91,11,128,1,0,0,f77fff41fefffeffff01000100fffffdff0001020002f9f0f4ddfcee02ff0af00fe106effefcfefdfe00ff010001000000fefffdfefeffff000000000000000000000000000000000000000101030001ff00fefffe00fe01fe01fe00fe00ff020003ff02ff01ff01ff020103030302020004ff03ffff00fe00ff03fe04fd05fd
288,32973107,-92,11,128,1,0,0,4ff114410903070003fd01fb01f902f8fff8fdf800f703f505f306f305f304f601f800fa00fc00fcfffbfffefe00fdfefafbf8f9f7fafdfe000000000000000000000000000000000000000100040103030403050106020803080306ff06fd09ff0aff0801060206020203fe06fd07fc08fc09f90cfa0dfc0cfe09fd09fb0cfe
289,33280259,-91,11,128,1,0,0,4ff11441f801fa02fb03fc02fe0200040007010a010a010aff0aff0a02070405030501040003ff02ff01ff01010004fe04fd04fe05ff0100000000000000000000000000000000000000fffffffe01fa01f7fff7fdf7fff801f900f800f801f900f8fff700fafffefd01fcfef9fdf7fef600f503f404f201f2fdf5fcf5fef300
290,33485089,-92,11,128,1,0,0,4ff1144100fbfffb00fcfcfdf8fdf8fdf8fdf7fdf7fdf6fef5fef5fcf4faf5faf8fcfafffbfffafffd00fe0200040204010400050105000100000000000000000000000000000000000000000102030205020503040505060507050705070507050904090306030204ff06fe05fe03fc04f906f606f505f504f802f602f306f3
291,33819283,-23,11,128,1,0,0,1440014112fa0efa0bf30ef110f310f410f40bf607f405f206f30bf409f504f406f007f105f304f204f202f301f201f201f301f401f500fd0000000000000000000000000000000000000002030a030b040c040d030d030c04090408050908090b080f0b110d10090f061307150a150a13090f060e0411061504150017031906
292,34918713,-94,11,128,1,0,0,4ff11441f703f807fb070004040105010504080509060506040606060506030603040202010301030302020001ff01fe04fe05fe05fe01ff000000000000000000000000000000000000ff00fd00fc00fb00f9fef7fef8fdfafbf9f9f9f8faf7fcf8fefbfffcfefdfd00fb00f9fef800fb03fa07f80af70bf40bf10bf40af508
293,35122246,-94,11,128,1,0,0,1ddff1410100fffffefefefefe00fe010001020002fe00fdfdfefefe00fd00fdfefdfdfcfdfeff0000000001000101010000ffffff00ff00000000000000000000000000000000000000ff00fd00fefefffefffe0100fb07f30cf806fd00f405ee0af8050101020102ff00fffffffffe00fe0000ff01ff02000000fdfffafffd
294,35227034,-93,11,128,1,0,0,e44aae41fdff000101020001ffff01fe03ff020101020001ff01ffffffff00ff010001ff01ff0002ff0100000002ff03ff00ff00ff01ff00000000000000000000000000000000000000ff01fd02fe010000010000010004fd02fdfffffffeff00fd01fefffffefdfefcfdfefdfffe010103020200fff5fee9fdf1fdfcffffff
295,35230393,-88,11,128,1,0,0,8eeee8410203ff03fefffefffc00fdfd00fe040207030401fdfef900fc01ff00ff00ff00000001ff00ffffffffffff00fe01ff00fe00ff00000000000000000000000000000000000000ff00fb00fc00fefd00f9fffafffb01fb02ff010100fffdfefdfffefffdfdfefe05010802020501060506050609120f1d0a1705100506
296,35328316,-93,11,128,1,0,0,4ff11441fb04fd01ff020005ff0700060303060308040a050907070a070a07090508040703030201020002000000fffe00fc01fa02f700fd000000000000000000000000000000000000fefdfef702fd02fcfef8fdf6fff903fb02fa01fa03f804f702fa01fd01fc00fcfefcfcfbf9fafafdf8fff501f703f803f601f401f502
297,35331861,-91,11,128,1,0,0,5ee335410100feffff0200040002fffffffe00010003f505e908f203fffffdf4fae9fcf4fe01ff0001000000fffffefffe00fefffffeffff00000000000000000000000000000000000000ff00fefe01ff0100fffffffe01ff01fefffdfdfffdfefffeffffff010003010201fd02fc02000103fe03fd0201020402040001fefc
298,35332433,-93,11,128,1,0,0,4885544103ff03fe04fc02fdfefefffe03ff04010202010dff18fd0bfcfe05050f0a0805fefffefe00ff0100fefffcfffcfefeffffff00ff00000000000000000000000000000000000000ff010001020103ff00fffefefffd00fe00ff00ffff01ff0001ff02fd01fe02000103ff03fe00fe01ff030103000200ff03fc03fdff
299,35332762,-92,11,128,1,0,0,79911741ff0000010301030103ffff00fd02ff0000fef405e80ef40701fd0af612f209fafffffeffffff01ff00fffefffffffefffcfefeff00000000000000000000000000000000000001ff04fe00fffe01fe00fcfcfcfd000003fffffffe0000ff0101010103fe04fc02fd0100fefffefdfffdfefcfdfdfefe00000001fefe
300,36630719,-27,11,128,1,0,0,9bb88941f700ff05fc0bf40bed05e9ffeb03ed0aed0bf20cf80efa0efc0dfd0df50af103f702f804f507f704f802f407f207f304f306fc02000000000000000000000000000000000000fcfff2fef6fdf5fdf102f001f0fbf2fff505f405ef06ec05edfdeffdf102f503fc00fefafafaf702f10af00df00de80de209e709f40e
301,36631794,-27,11,128,1,0,0,b4444b41ec01f801fafaf402ee0ef20cf60bf60df804f5f8f3fcfb03ff0201fc04fcfa03f306f902fff900fb0002020004fd04fb02f700fd00000000000000000000000000000000000001fe06ff0904070205fd01fbfdff000007ff0107fd0b070910040901fcfffd02010af707f101f5fcf7f6f9f7faf7faf7f5f5eef1f1ed
302,36632977,-28,11,128,1,0,0,98822941f9f8fffc0306000efc0afe0301fffdfffbff000002fe00fb00f7fffafef6fbf100fb080509090408f900f2fcf2faf8fbfe00000000000000000000000000000000000000000001ff04ff0100fc04ff0501050007010309000fff05fdfffc06f70af60603020eff0efb08000108000dfe0df80a000508020007f40beb
303,36683499,-24,11,128,1,0,0,0ee0004106fc06fd08fd0afc08fd08ff0a0008ff0500040004ff04fe03fe03fe03fe03fe03fd03fd03fc03fc04fd04fd03fd03fe03ff00ff00000000000000000000000000000000000000000300030103010401040104010301030103010301040103010300030005030604070209010b010901070208030803070106010600
304,36718336,-90,11,128,1,0,0,affeea41fe03ff040204020101ff00fefffdfdfefdfffe00fefefefeffffffffffff00fffffefffd00fe00fe00feff00000200030102000000000000000000000000000000000000000000ff00fefdfffc00fc02ff0209f710ee05f7fb02ff10021b010cfffeffff000002fe01fd00ffff01fd00fefeffff01000003fa04fafe
305,36822253,-94,11,128,1,0,0,0ddee041fc01fe02020302010000fffefdfcfefd00ff00ff00000002ff03fe01feffffff020002ff02fe03fe01fefefefffe00fd00feffff000000000000000000000000000000000000010004ff00fefffefffefffefffe00fe0100fefffefa01f800fcfe00ff00fefdfdfefd0100ff00fbfdfbfcfe00f806f006f605fd00fd
306,36824193,-89,11,128,1,0,0,7bbbb741030002fd00fcffff000003fe03fcfffe000001ff00ffff0101010202030202000100ffff00fe01fefffffc02fd03fe00fcfffeff000000000000000000000000000000000000fffffffffefefcfefdfefefd01fd03010004fd02fffffffdfdfdfdffff01000000fe02000102fd01fc02ff01f606eb0ef108f900ffff
307,36928890,-92,11,128,1,0,0,beeccb4102ff01fc00fc01ff0100fefffcfbfdfafdfdf305ea0bf60500fffcf5f9eafcf1fffe01fe01fd00fefffffe00ff0000ff01fe00ff000000000000000000000000000000000000ff00ff01ff00010001000000fe00fe00ff00ff00fefefefefffdfffc00fd01fe02ff0001fc01fdfd01fc02fe0000fdfdfffb04fe0502
308,37381831,-94,11,128,1,0,0,85577841ff0000ff01fc00f9fdfbf8fdf9ff0002030104fc02fa00fdff03fc07fb04fcfcfff902fe02fd00fdff05000eff0dfe06fc06fe02000000000000000000000000000000000000ff00fe02000100fefefefeffff00010001ffff00fd00fdfefdfefd00fe02fe01fffefffe00ff02fd03fc05fd0300ff01fe01000001fe
309,37888413,-93,11,128,1,0,0,4ff11400fafffb00fb01fa03fc04fe05ff07ff09fe09fc0afa0af908fa09fc09fd08fe07fe04ff0200020202020301030204020403030100000000000000000000000000000000000000ff00fe01fd00fdfefefdfcfefafff9fdf9fbfbfbfafbf9f9fcf8fcfcfdfefdfffd01fd04fb05f707f607f605f605f503f000f002f303
310,38314637,-93,11,128,1,0,0,aff99a4100000002fd02fdfffefdfdfefd01000102ff02ff01fffffefdffffff02000100fffefefdfefc00fb00fcfffe00fffffffffdffff000000000000000000000000000000000000ff01ff0400fffffe00010001f700ed02f70002fe0e0118040d030201020202050106000100fe00fffe00fcfffdfefefffcfefcfdfffd
311,38315884,-90,11,128,1,0,0,71188741fc00fa02fb01fd01fd02fc01fdfffefc01fe030202030202000100fe01fd02fe02fe01ff02ff01fe00ff0000010001ff00fe00ff000000000000000000000000000000000000ff00fe0200020001ffff01fef704eb0af504fffdf508ec12f7090001000001fe00ffff00ff00ff02fe01fefefefdfdfefcfefcfefc04
312,38420293,-90,11,128,1,0,0,d99ccd41fef7fff503f705fa01fefffdfefcfe01010201ff00ff02010101ff01000201020100020001010002ff01fd00fe0100010001ff00000000000000000000000000000000000000fffffffffefffffefffe0101010201ff01fe0001020004fd0400050102fcfcfdfd010001fb00f300f601fafef3f6eff2fcfb07050705
313,38421365,-87,11,128,1,0,0,3ff3334102fa01fc0003ff06fd03fe00fffefcfffc000001020002fe00ffff00fdfffdfffefefffd00fd00feff00ff00fffeffff00010000000000000000000000000000000000000000ff00000001000000000002ff02ff01fefffefffe03fc04fc0001fd05fc02fc01ff040204050107fe07fd050011081e0d0f04fcfffa07
314,38810013,-93,11,128,1,0,0,4ff11441f806f906fb05ff0402060107fe08ff09030803060007fc08fa09fb08fe0700070104ff02fd01ff0001ff010003020303020100ff000000000000000000000000000000000000ff01fd04fc01fc01fb00fbfcfcfbfcfefbfff8fff4fbf5faf8fdfbfffbfff9fff801fa04fc05fc04f905f406f506f704f305f005f202
315,40924577,-90,11,128,1,0,0,f2222f41010003020201fffffcfffdfffeff00010103020302ff03fb04fc02fe01ffff00feff00fe03fe04ff01ff00ff00fffffffe01ff00000000000000000000000000000000000000fffffefefeffff00ff01ff01f8f6f3eafaf2fefff30beb16f70b010004fe05fd02fe00ff01020103fffffefeff00000002fd01fafffc
316,41031783,-91,11,128,1,0,0,acceea41fbfdfbfefd010000fffffe00fffffffdfffefefffe00fe00ff0001ff01fffffffefefefcfefc00ff01000000ff00000001ff00ff000000000000000000000000000000000000ff00fe00ff0001ff01ff00fe00fd00fdfffdfffc00fe0000fffffffd00fe01010001fefd01fd03010203ff0102f205e803f503020503
317,41882117,-95,11,128,1,0,0,4ff11441fd05fe04fe04fe030002050109020902070105020604080308030602040205020502040103fe01fe00fefefcfdfcfffb01f900fe00000000000000000000000000000000000000fffffefdfffffefefcfbfbfafafbfbfbfbfbf9fbf8f9fafafdfcfffb02f802f701f900fa01fb04fa06f906f907fb0bfc0bfb08f806
318,42086897,-93,11,128,1,0,0,4ff11441f8faf8fffa02fe03fe03fb02f901f800f502f401f5fff5fdf5fcf8fbf9fbfbfbfcfcfcfdfcfefe01fd03fc03fb03fa03fa02fe00000000000000000000000000000000000000fe00fa01fc02fd02f900f7fff9fffa00fa00fbfff9fef6faf6f9f9fbfbfcfdfefcfdfcfcfcfefafff800f7fff6fcf5fcf3fcf1fcf5ff
319,42626647,-92,11,128,1,0,0,711ee741f30bf614020d0701fc01f5fff8fcfeffff01fd00fe01010001fffffdfbfafaf9fdfb00fd03000200fffffffefefefd00ff020000000000000000000000000000000000000000fffffeffff02000201ff01fd00000002fffefffbfdfdfb01fb040002070108020103fb00f9fcf9fcfbfcfefc00fffdfefbfcf60aed1f
320,42628421,-92,11,128,1,0,0,c5599c41fefefdff0102020100ffffffff01fe04fd04fc02fc02fdfffefefffffffffeffff00ff00feffffff00000100010201020000ffff00000000000000000000000000000000000000000002ff00fefffe0001ff01fd00fe010002020100fffdfe00fc03fd02fc02fc02fd00fd01ff0602050102000e021c030f02ff01fd
321,43930155,-92,11,128,1,0,0,4ff11400fafefcfeff01ff04fd04fd06fe09fc0afc0afd0bff0aff08ff06fe07fc09fd0aff07fe03000002fe03ff04fe05ff04010303010100000000000000000000000000000000000000fe03fb03fb01fb01fc03fa03f803f903f905f906f805f703fa03fd05fc03fb01fcfffdfcfefbfdfafbf8f9f5f8f3f7f2f7f4f6f9f5
322,44113357,-94,11,128,1,0,0,100ee141ff01ff00fffffffefefdffffff00fefffffefd01fd02ff00fe00fcfffefc00fbfffefefffe000001ff03fe03fd00fefeffffff00000000000000000000000000000000000000ff00fe03ff030102020201ff09f710f307fb0000000b0115020a00fefeff01ff02fefefffdff01fe04000204fe03fe00fffd00fb01fd
323,44116665,-91,11,128,1,0,0,0bb99041020201fffffdfffc00fc00fe01fd03fc01fdffff00ffffff00000100010102010102fe01ff000101010102000101000000ff00ff000000000000000000000000000000000000fffffdfefefdfffe02010102f5f9eff0f8f4fbfb040711110b0a0105ff03010102010200030002010001ff00fd00fd00010006ff04ff
324,44219129,-93,11,128,1,0,0,eddcce4100010004ff02ffff00fdfffe01000101010003fe02ffff01ff01010001fe02fd01ff0101020201020001000101020100fffeffff000000000000000000000000000000000000fffffeff00fe01fd01fd01feff00010202020000fefefefeffffff01fe03fc02fc02000002fc01fcfffffdff06f810f20cf805fd01fa
325,44221294,-91,11,128,1,0,0,499dd441fefb00fd0001fe02fe00fcfffdff0000010001fe01feff00fd02fe01ff00fffd00fc0000ff01ff0000fe00fefe00fd00fcffffff00000000000000000000000000000000000000ff01fe00fefffffd00fe020001fffffdfffffe00fc00fdff00ff01ff02fe00fdfefcfffe010102020001fd08f10de706f6fe05fb04
326,44326482,-89,11,128,1,0,0,eeebbe41010101fe01fd01fe00fdfcfffb00fd02010302f502e401edfffbf2ffe600f3fffefdfefeff00ff00000101010000000001ff00ff000000000000000000000000000000000000fffe00fa02fb01fb02fd03ff02fd02fb02feff00fc02fe04010202010203ff03fe010200060105020104ff0201000002010203fd01fb
327,44544580,-94,11,128,1,0,0,4ff11441fff701fb00fdfdfcf9fdf901f902f903fa04f905f704f904f903f902fc02fe02fd02fc03fd03fe03000402040203020403060001000000000000000000000000000000000000010004ff04fd04fd03fd03fc03fb05fc07fb06fb07fc07ff060005fd03fc01fffffdfdfbfffdfefefaf9fbf3fdf2fdf1fbeffbf2fcf6
328,45568996,-91,11,128,1,0,0,4ff114000004020401050103040205030601080009010a0109000802080508050705060305fe02fc01fd02fe03fd02fc01fb02fb00fbfffe000000000000000000000000000000000000ff00ff01ff02ff04ff06fe07fd05fb05fa06f908fb08fe04000000000003ff05fe03000304050406040704080409040a060b040a0209
329,45823404,-91,11,128,1,0,0,effaae41ff010002fd01fa03fb03ff0205040a060603fdfafef203f200f7fbfcfb06fe090204050204030201000001ff04fe050004050101000000000000000000000000000000000000ff00fe00feff00ffff01fe02fe02ff0001000201ff02ff020201050005ff02ffff01ff0200000001ff0302030201ff01fd02fd00fefc
330,46721701,-91,11,128,1,0,0,6dd2264102ff01fffe02fe01fefdfffe0000fdfffcfffefeffffffff0000ff01fe01fcfefdfd00fe00ff000001fffffefefe00fe03ff0100000000000000000000000000000000000000fffffefdfefcfefbfffdff00f700effff6ffff02020d0515020aff0000fffe01fc00fdfbfdfaf8fcf6fdfdfe02fe02fd0201030301ff
331,46723590,-91,11,128,1,0,0,52266541fe01010001fffffefefffefffdff0001040004fd02ff0000ff01fe03fe0200ff00fefffdffff00010101000200020001feffffff0000000000000000000000000000000000000000010001010003fe0300020c09170e0b07fc00eb00defff0fefd00fa00fafffc00fd04fd05fe0602070307fe05fb01fdfefefefefc
332,46827987,-88,11,128,1,0,0,6ee0064100fefdfffd00ffff00fffe00fffe01fe02ff00010002ff01ff00ff00ff00fefffcfefdfffffffefefefffdfffefffd00fe00ff00000000000000000000000000000000000000ffffff0000ff00fefffffd00fc01000002ff000001000000ff0000ff02ff020102ff0100fe03fd0300010201060c0c18061002070403
333,46828880,-91,11,128,1,0,0,f8888f41fc03fc01fcfffdfffeffff010002010202010100ff01fefffdfcfcfffd03ff03ff00ffffffff00fe01ff00fffffefffe00fe00ff00000000000000000000000000000000000000ff01ff01ff01fe00fffd02fc03fd01fe01ff01fefffefffd01fd00fefe00ff00fefffefc01fc00ffff0100fdf0fbe1feecfff5fcf8
334,46829968,-90,11,128,1,0,0,dddffd41fe01fcfdfefc01fc01fc03ff04030301020003ff05fc04fb02fb04fd05ff0203fe02ffff0100020102ff03fd02fe01ff03010100000000000000000000000000000000000000fd01f805fd03fd03fdfffef9fff700f900fdfe03fc02fafdfffd0201020402000001fe04fa07f70af504fbfe0e081b120c05fcf8f9fa
335,47821482,-93,11,128,1,0,0,4ff11441fbfbfdfcfffcfefdfc00fa04f905f704f502f703f806f608f607f704f904fb05fc04fe04000201020104010603050304020500010000000000000000000000000000000000000100040103fd03f902f900f900fa03fb04fa05f904f804f907fa08fc05fc00fcfcfefa00fafdfbfcf7faf3f5f3f4f6f5f8f4f7f5f4f5
336,48321530,-90,11,128,1,0,0,fccccf4102020102010001ff01ff02fdfffefc00fbfffd0001020402040002ffff00ff010001fffefefffe01fe00ff01fe02fe0100010000000000000000000000000000000000000000fd00f901fe01030005ff0300f7faedf5f7f901fdf400e404f0050006020300fefefdfefdfffbfefc00ff00fefffe0000fd05fa09fb02
337,48530905,-91,11,128,1,0,0,1aa3314100ff0001010101ff00ff000100ff01fe0100f403e604f101fe0009fc13f80afcfffefdfefc01fd02fe01fefffffe0000fe02ff00000000000000000000000000000000000000ff00fe00fffdfdfafdfaffff01050208ff05fc02000204fe00fcfc00fa02fa01fd00000003ff04ff03010001fb02fa06fe04fffefdfa
338,48531490,-93,11,128,1,0,0,6aa116410200ff02fe03fe04010102fefffe01ff040003ff0100010001fdfffcfd00fe0200ff01ff00010000ff00fe00000100020003000000000000000000000000000000000000000000000102ff03fd00fbfdfeff010104ff07fd05000102ff0000fd03fa03fb03fc03fd0000fefffdfe00ff0100fffffc00fa00fbfffd01
339,50128342,-92,11,128,1,0,0,62266641ff06fe06ff0100010001000103010200fc00f0ffe6fdf1fdfefff401ea04f402fefffefefffefffdfffd00fe00000002ff01ff0000000000000000000000000000000000000000000002000300030102020100fffdfffdfefffdfefdfdffff00fffffd00fd030005ff010000050007ff04000002fd03f904f701f8fe
340,50381535,-93,11,128,1,0,0,4ff1140007fe07fe05fd01fbfefbfcfbfbf8fbf6fdf5fcf6faf7faf6faf5faf7fbf9fdfbfdfdfafef9fdfbfdfbfff902f805f904fa02fe00000000000000000000000000000000000000ff000003010501060105ff07fd09fd09fd07fd05fd05fc06fd06fd05fd04fe03010003ff040006ff08fc0afc0cff0c010dff0c000c03
341,50483955,-90,11,128,1,0,0,4ff1144101fbfdfdfcfafdf8fdf7fafaf7fcf7f9faf7fcf8faf5faf4fbf4f8f5f8f6fdfa01fefffffdfefefcfefcfdfffb01fbfff9fdfeff000000000000000000000000000000000000fffefefbfffcfffbfef8fef601f804fb04fa02f903fb05fd06fe05fd02fd01fcfffdfdfcfdf7fef5fef5fdf4fdf2fff001eefeecfaee
342,50791142,-92,11,128,1,0,0,4ff1144106f904fdfffffffefcfcf9fdf9fdfafcf9faf6faf6fcf6fbf4fbf5fdfafcfcfbfbfbfbfdfd00ff020003ff02ff02fe03fa04fe0100000000000000000000000000000000000000ff03fe03fe05ff06000701080306030502060208020804050503050203020104fe07fc07fb06fa05f906f705f505f507f607f406f2
343,51012024,-93,11,128,1,0,0,8bbff841fe00ff00fe00fe01ff020100fefff8fef5fcf3fdf403f706fd00fefef801fa0100fd01fc01fd01ff0001fefffdfcfdfafff900fe00000000000000000000000000000000000000fe00fdfffffe01fd02fb01fcff00fd01ffff01fc00fdfe00fe02fe02fd03fc03fd00fefe0000ff00fe00fe00fc01fb01fe00fe02fc
344,51168112,-47,11,256,1,0,0,96600900ea04e605e307e208e109e209e409e70aeb09ef08f407fa04ff0204ff09fd0efb12f915f717f617f516f515f514f611f610f703fd000000000000000000000000000000000000fbfeeef9edf8eef7eff6f1f6f3f7f6f7faf8fff904fb09fd0eff1201160218031b031c041c031b031903160212020c0106010102fc02f701e005dc05d706d306ce06cc06cb06cb05cb04ce03d201d8ffdefce4f9eaf6f0f3f6f1faeeffec04ec07ec09ed0bee0af009f209f4f7fbf8fdfeffff0000000000ff00fffffffc00eb02e9f2edf4eaf6e9fae8fee703e708e70de913eb17ef1df221f525f828fa29fd2aff2a002801250220021b0215030d030503fd04f704
345,51241100,-51,11,256,1,0,0,b6600b00eefbeafae6f9e3f9e1fae0fce1fde3fee600ea01ee01f401fa01010107000dff12ff16fe1afe1cfe1dfe1cfe1bfe19fe17ff05ff000000000000000000000000000000000000fefaf9eafae9fbe8fce8fde8ffea00ed01f103f504fa06ff0705090a0a0e0c120d140e160f17101610150f130e100b0d080904050003af00ed1aed1aed1aee1aee1aee1aef1aef1af019f019f019f019f019ef19ee19ee18ed17ec16ec14eb13eb11eb10ea0fea0dea0be909e907e905f701fd0000ff00fe00ffff03fe0afa1cf81cf61bf41bf21af11af019ee19ed19ec19eb19eb19eb19ea19ea18e917e917e917ea17ea17ea17eb17eb18eb18eb19eb1aec1aed1a
346,51245835,-51,11,256,1,0,0,b6600b00faf0f9ebf7e8f6e7f4e6f3e6f2e7f2e9f3edf4f0f6f4f8f9fcfdff020206050b080f0a120b140c160c170c160b150a140912020400000000000000000000000000000000000001fb07ed09ed0aed0bee0bef0bf20af509f807fc050002040009fe0dfc10fa13f916f917f918fa18fb17fc15fd12fe0efe09ff04fe00b700e4ffe3ffe300e300e401e402e502e502e503e503e503e503e503e503e502e501e500e6ffe6fee7fde8fce8fbe9fbeafaebf9ecf7edf6eef5f9fcfefe000001ff00fffd00f602e605e603e601e600e5ffe5fee5fde4fce4fbe4fae4f9e4f9e3f9e4f8e4f8e4f8e4f8e4f8e4f9e4f9e4fae5fbe4fbe4fce4fce3fde3fde3fd
347,51262971,-51,11,256,1,0,0,aee00a00ebf0e8efe5eee3eee3f0e3f2e4f4e7f7ebf9f0fcf5fefb01020208040e05140618071b081d081e081e081c081907160613050401000000000000000000000000000000000000fffaffe901e903ea04ec05ef06f207f607fb07000706070b071007140717071a071b071b081a081807160612050d0208ff03fbfef8fbb400df05df05df05df05e006e006e007e007e107e107e207e207e207e107e106e106e105e104e203e301e400e4fee5fde5fce6fae7f9e8f7e9f6f8fcfdfe000001ff00fffd01f604e40be30ae208e206e105e004e003df02de01de00deffddfeddfdddfddefddefddffddffddffddffedffedfffdf00de00de01de01df02df02
348,51263419,-51,11,256,1,0,0,b6600b00ebf1e7efe4eee3efe2f1e2f3e4f5e7f8ebfaeffcf5fefb00020208040f05140618071c081e081e081e081c081907160613050401000000000000000000000000000000000000fffafee9ffea01ea02ec04ee05f206f607fb07000806080b0710071408170819091a091b091a091809150712050d03090004fcfef9fbb300e410e411e411e412e513e613e613e714e714e713e713e713e814e814e813e712e712e710e70fe70ee70de70ce70ae708e707e705e703e701f700fdff00ff01fe00fffd02f707e813e712e611e50fe40ee40de30de20ce10ce00be00bdf0adf09df09df08df08df09e009e009e10ae10be10be10ce10de10ee10ee20fe20f
349,51269024,-52,11,256,1,0,0,b6600b00fae6f7e2f5e0f3dff2e0f0e2efe5efe9f1eef4f2f8f7fdfb03ff09030e06140818091c0a1e0a1f0a1e091d081a07170514050401000000000000000000000000000000000000050117071608150a140a110b0e0c0a0c050b000bfb0bf60bf10ced0ce90de70ee50fe510e711e910eb0fee0df20af507f801fafbfbf6ac00f0f4f0f5f0f5f0f5f0f5f0f5f0f6f0f6f0f6f0f6f0f6f0f6f0f5f1f5f1f5f1f5f2f4f3f4f3f3f4f3f5f3f6f3f7f3f8f2f9f2faf2fcf2fcf2fffbfffe000001000000fefff9ffeefdeefceefbeff9eff8eff8eff7eff6eff6eff5f0f4f0f3f0f3f0f3f1f2f1f2f1f2f1f2f1f2f1f3f1f3f1f3f1f3f1f4f0f4f0f4f0f4f0f4
350,51297378,-51,11,256,1,0,0,b6600b0004ea04e504e204e003df02df01e0ffe3fee7fdecfcf1fcf7fcfefc04fb0bfb11fa16f919f81cf71df71df71cf81af817f815fe0500000000000000000000000000000000000001fa07eb09eb0aec0bee0cf10bf40af808fc06000305ff09fc0df911f614f416f218f219f219f318f416f614f810fa0bfd06ff0000fbbd00f3f6f3f6f3f6f3f6f3f7f3f7f3f7f3f7f3f7f3f8f3f8f3f8f3f7f3f7f3f7f4f7f4f6f5f6f5f6f6f5f7f5f8f5f8f5f9f5faf5fbf5fcf5fcf4fefbfffe000000000000fefffbfef2fbf2faf3f9f3f8f3f7f4f7f4f6f4f6f4f5f4f5f4f5f4f4f5f4f5f4f5f3f5f3f5f3f5f3f5f4f5f4f5f4f5f5f4f5f4f5f4f5f4f5f4f5f3f5
351,51298522,-51,11,256,1,0,0,b6600b0003ea03e504e203df02df01dfffe1fee3fde7fcecfcf2fcf8fcfefc05fc0bfb11fb16fb1afa1cf91ef91ef91cf91af918fa15fe0500000000000000000000000000000000000002fa09eb0aec0bed0cef0cf10cf40af808fc05000205ff09fc0df811f614f316f218f119f219f218f416f613f810fa0cfd06ff0001fbc000f3f6f3f7f2f7f3f7f3f7f3f8f3f8f2f8f2f9f2f9f2f9f2faf2f9f3f9f3f9f3f8f3f8f3f8f4f8f5f8f5f8f6f7f7f7f7f7f7f6f8f6f9f6f9f6fdfcfffe000000000000fefffbfdf4f8f4f7f5f7f5f6f5f5f6f5f6f5f6f4f6f4f6f4f6f3f6f3f6f2f6f2f6f2f6f3f6f3f6f3f6f3f6f3f6f3f5f4f5f4f4f5f4f5f4f5f4f5f4f5
352,51298871,-51,11,256,1,0,0,b6600b00eff1ebefe8ede6ece5ede4eee5f0e7f2eaf5edf8f2fbf7fffd02030608090d0c110e1411161317141714161314121211100f0303000000000000000000000000000000000000fdfbf4edf5ecf7ebf9ebfbecfdef00f202f604fb06000805090a0a0f0b130c160c180d190d190d180c160b13090f070a0306ff01fcfdc500e30ee40ee40fe50fe50fe50fe610e610e710e710e711e710e710e710e710e60fe60ee60de60ce70ae709e708e706e705e804e802e900e9fff7fffdff00ff01fe00fffd02f806e911e810e70ee60de50ce50be40ae30ae209e108e108e007e007e007e006e106e106e107e107e207e208e208e209e20ae20be20be20ce20c
353,51308326,-51,11,256,1,0,0,b6600b00eeefe9ece5e9e2e8e0e8dfe9e0ebe1eee4f1e8f4eef8f4fcfa00010407080d0b120f161119141b151b161a161815151413120404000000000000000000000000000000000000fdf9f5e5f6e4f8e3fae3fce5fee800ec02f104f706fd0704080b09110a160b1b0c1e0d200d200e200e1e0d1a0c150910060a0204feffbd00ee07ee08ee08ee07ef08ef08ef08ef08ef08ef08f008f008f007ef07ef07ef06ef06ef05ef04ef03f002f001f000f0fff1fef1fdf2fcf2fbfbfefeff000000ff00fffe01fb04f30df30cf20bf10af009f009ef08ef08ee08ee07ed07ed06ed06ed05ed05ed04ed04ed04ed04ed05ed05ed05ed06ed06ee06ee06ee06ee06
354,51325325,-51,11,256,1,0,0,b6600b0010f313f016ed18eb18ea16e915e912ea0fec0bef07f303f7fefcfa01f606f20aef0dec10ea12e813e813e812ea10ec0fee0dfb0300000000000000000000000000000000000005fe15fb15fc16fe1500140111030d0409040405ff05fa06f405ef05eb05e805e505e405e405e506e706ea06ed05f204f702fdff01fdbb00fce0fce0fbe0fbe1fbe1fbe1fbe1fae2fae2fae2f9e3fae3fae3fbe2fce2fde2fee2ffe300e302e403e505e606e707e808e909ea0beb0ced04f901feff0000010000fefdfbf7f2e6f4e6f6e5f8e4f9e3fae3fbe2fce2fde1fee0ffe0ffdf00df01df01df02df02e001e001e001e000e000e0ffe0ffe0ffe0fee0fee0fedf
355,51342549,-52,11,256,1,0,0,b6600b00eef4eaf1e6efe3efe2efe1f0e1f2e3f4e6f6eaf9eefbf4fefa00010307050d07120a170b1a0d1b0e1c0e1b0e190e170d150d0503000000000000000000000000000000000000fdfaf7e9f8e9f9e8fbe8fce9feeb00ee02f204f705fd06030809090e0a120b160c190c1b0d1b0e1a0e190d160b12090e06090204fe00b800e413e413e414e514e514e514e614e614e714e714e714e714e714e613e613e612e511e510e50fe50de50be609e608e606e604e602e700e7fff7fffdff00ff01fe00fffe02fa09ee19ed18eb16e915e814e713e613e512e412e311e211e110e10fe10fe10ee10ee10ee10ee10ee20ee20fe210e210e211e211e311e312e312
356,51351249,-51,11,256,1,0,0,b6600b0004130518061c081e091f0a1f0b1d0b1b0b170a13080e0608040202fc00f6fef0fdebfde6fce3fce1fde1fee1fee3ffe500e800fa000000000000000000000000000000000000000502160017fe17fd16fc15fb12fa0efa0afa05fbfffcf9fef4ffef00ea01e701e401e201e201e200e400e7ffebffeffff5fffbff00bf001e061e051e051e041e031e031e021e021e011d011d011d011d011d021d021d031d041c051b061a0719081709160a150b140c130d120f111006050102fffffe00ffff03ff0aff1cfd1cff1c011c021c041c051c061d071d081d091d091d0a1d0b1d0b1d0c1c0c1c0c1c0c1c0b1c0b1c0a1d0a1d091e081e081e071f071f06
357,51351573,-51,11,256,1,0,0,abb00a00f10dee11ec15eb18eb19eb1aed1aef18f216f513f80ffc0a0005040008fb0cf610f213ef15ed17ec18ec18ed17ef15f113f204fc000000000000000000000000000000000000fb03ee0eec0eeb0ceb0aec08ee06f004f401f9fefefc03f908f70df611f415f317f119f119f018f016f114f210f40cf607f903fdff01be00101a1019111912191218131813171316131513151415141515151415141513151216111610160e160d160c160b160a16081606160516031601080002fffffefeffff0202060710160f170e180d190c190b1a0b1a0a1b0a1c091d091d091e081e081e071e071e081e081e091d0a1d0a1c0b1c0b1c0c1c0d1b0e1b0f1b101b
358,51355605,-51,11,256,1,0,0,b6600b00fcecfbe7fae5f9e3f8e2f7e2f7e4f7e6f7e9f8eef8f3f9f8fafefb04fb0afb0ffa14f917f819f81bf71bf61af718f716f714fd04000000000000000000000000000000000000fcfcf2eff3eef4edf6edf8eefbf0fdf3fff701fc03010406040b050f051305160519051a051a0519051705140410040c0307020102fdc200e4f9e4fae5fbe5fbe6fce6fce5fce5fde5fee5fee6ffe6ffe6ffe6fee6fde5fde6fde6fde7fce9fbeafaebf9ebf8ebf7ecf7edf6eef5eff4fafbfefe000001000000fdfff7fee7fbe8fae8f8e8f7e8f5e8f5e8f4e8f4e8f3e8f3e8f2e8f1e8f1e8f1e8f1e8f1e8f1e9f1e9f2e9f2e8f3e7f4e7f5e6f6e7f7e6f7e6f7e6f6
359,51358214,-50,11,256,1,0,0,b6600b00f3f0f0edeeecedebeceaecebececedefeff2f1f5f4f9f7fdfa02fc07ff0c001001140218011a011b001b001aff18ff16fe14ff04000000000000000000000000000000000000fb00ecffecfeedfceefaf0faf3f9f7fafbfbfffd03ff07020a050d08100b110d120e130f130f120f110d0f0b0c090906060202fe00fbd700ea0aea0aea0beb0ceb0dec0ded0eed0eee0fee0fee0fef0fef0fef0fef0fef0fef0fef0eef0eef0def0cef0bef0aef0aef09ef08ef06ef06fa02fe0000ff01ff00fffd00f701e903e902e901e900e9ffe9ffe8ffe8fee7fee7fee6fee6fee6fee7fee7fee7fee7ffe7ffe700e701e702e803e804e805e806e806e907e907
360,51362006,-51,11,256,1,0,0,b6600b00f715f619f61cf61ef61ef71ef81cfa19fc16fe11010d0307060209fd0df810f414f116ef18ee19ee19ef19f117f215f413f504fd00000000000000000000000000000000000002040a120813061303120110ff0dfe09fd05fdfffdfafdf5fef000ec01e802e603e504e404e504e603e902ec01f000f5fefafc00fb05d20015111510150f160f160e170d170c170c170b170a170a1709170917091709170a160a160a150b140b130b120c110c100c0f0d0e0e0d0f0c0f04050101fffffefeffff02010606111210130f140e140d150d160d160c170c170c180c180c180c180c180c180c180c180c180d170d160e160f15101511141214131313121412
361,51362350,-51,11,256,1,0,0,b6600b00e905e507e208e109e009e209e40ae709eb09f008f508fb07010707070d07120817091a0a1b0b1c0c1b0d1a0d170d140c120b0402000000000000000000000000000000000000fe04f813f612f410f40ef40bf508f704fa01fefd02fa07f70bf50ff413f315f217f218f218f316f414f511f60df708f902fcfdfef900ce00f71af81af919fa19fa19fa19fa19fb19fc1afd19fe19fe19fe18fd19fc19fc19fc19fc18fc18fb16fa15f815f714f714f713f612f511f510fc05fe0100ff00fe00ffff02fd08f717f617f416f316f215f115f115f015ef15ef15ee15ed15ed15ed16ee16ee16ef15ef15ef15ef15f016f117f217f318f418f518f518f518
362,51388360,-51,11,256,1,0,0,b6600b0014fa17f81af71cf51df41cf41af317f413f40ff50af705f9fffbf9fdf3feee00ea00e600e400e300e3ffe4ffe6fee8feebfefaff00000000000000000000000000000000000004fd12f513f613f813fa12fc0ffe0cff08010302fe03f804f304ee04ea04e704e504e404e405e504e804eb04ef04f303f902fe0002ffc00004e304e303e302e401e401e400e400e4ffe4fee5fee5fee5fee5fee5ffe5ffe5ffe500e600e601e702e803e904ea05ea05eb06ec07ec08ed03f901feff00ff01ff0000fd01f605e606e608e709e70ae80be80be70ce70ce70de70ee70ee70fe70fe60fe60fe60ee70ee70de70de70ce60be60ae509e508e507e407e407e4
363,51395679,-51,11,256,1,0,0,b6600b00eaf6e5f4e2f3dff3def4ddf6def8e1fae5fceafeeffff600fd0104010b01110117011b001e00200020001f001d001a0017000500000000000000000000000000000000000000fff9fee5ffe501e503e604e705ea06ee07f307f908ff0806080c091109160a1a0b1c0b1d0c1e0d1c0d1a0c170a13080e04090004fc00b800f10bf10bf10bf10bf10bf20bf20bf20bf20bf20af20af20af20af20af209f109f108f107f106f106f105f104f103f202f201f2fff2fef3fefbfffeff00ff00fe00ffff01fd05f910f80ff70ff60ef50ef40df30df30df20df10cf10cf00cf00bef0aef0aef0aef0aef09f009f00af00af00af00af00af00af00af00af10a
364,51407771,-51,11,256,1,0,0,b6600b0014f918f71cf51ef41ff21ef11cf119f115f110f30bf506f800fcfafff503f006eb09e70ae50be30ce30ce40be50ae809ea08fa0200000000000000000000000000000000000005011504150615081409120a0f0a0b0907080207fd05f703f200eefeeafde6fbe4fbe3fbe2fbe3fbe5fce8fdecfef1fff6fffdff02feb4000be00ae009e009e108e108e108e108e107e106e105e105e105e207e208e209e209e20ae30ae40be50ce70de80eea0feb10ec10ed11ef11f006fa02feff00ff01ff00fffc00f503e304e306e308e30ae40be30ce30ce30de30ee30fe310e311e311e311e311e311e411e411e410e410e30fe30ee20ee20de20de10de10de1
365,51408082,-51,11,256,1,0,0,b6600b00ffecfee8fee5fde3fce2fbe2fae4f9e6f9e9f9eefaf3fbf8fcfefe04ff09000f01140117011a011b011b001a00190016ff14ff0400000000000000000000000000000000000001fb06ed08ed09ed0aef0bf10af309f708fa06fe03030107fe0bfc0ffa12f815f617f618f618f717f816f913fb10fc0cfd07ff02fffdbf00e6f3e5f3e5f3e5f4e5f4e5f5e5f5e6f6e6f6e6f6e6f6e6f6e6f6e6f5e6f5e7f4e8f3e9f2eaf1ebf1ecf0edf0eef0f0eff1eff3eef5edf6edfcf9fffd000001000000fdfff6ffe6fce6fbe6f9e7f7e7f6e8f5e8f4e8f3e7f2e7f1e7f0e7f0e8efe8eee8eee8eee8eee8eee8efe8efe8f0e8f0e8f1e7f1e7f1e6f1e6f1e5f2
366,51424557,-51,11,256,1,0,0,b6600b00ec0be90ee610e512e613e714e914ec13f011f40ef80bfd06010105fc09f80df310f013ed14eb15ea15ea15eb13ec11ef0ff103fc000000000000000000000000000000000000faffeafbeafaeaf8ecf7eef6f1f6f5f6f9f7fef803f909fb0efd12fe16ff19001b011c011c001b0019ff15ff11ff0cff07000101fc03b90001200120021f021f021f021f031e031e041e041d041d041d041d031e021e021e011d001dfe1cfd1bfc1afa1af919f818f717f615f414f313fb06fe0100fffffeffff0103030a091c081c061c041d031d021d011e001fff1ffe20fd20fc20fc21fb20fb20fa20fa20fb1ffb1ffb1ffc1ffc1ffd1ffe1ffe20ff20ff20ff20
367,51438328,-51,11,256,1,0,0,b6600b00f6ecf3e8f2e5f0e3eee3ede4ede6eee9efecf1f0f4f5f8fbfb00ff06020b051008140a180b1a0b1c0a1c0a1c091a071806150105000000000000000000000000000000000000fefaf9e9fae9fce8fee900eb01ee03f104f604fb05010507040c041104150419041b041c041c041b041904160412030d02080102fffdb800e0fee0ffe0ffe100e100e101e101e101e102e202e202e202e202e202e201e200e200e3ffe4fee5fce5fbe6fae7f9e8f8e9f7eaf6ebf5ecf4f9fbfefe000001ff00fffc00f501e304e303e301e3ffe2fde2fce2fce1fbe1fae1f9e1f8e0f7e0f7e0f6e1f6e1f6e1f6e1f7e2f7e2f8e2f8e1f9e1fae1fae0fbe0fce0fce0fc
368,51438557,-51,11,256,1,0,0,b6600b00ea03e504e206e007df08e009e20ae50ae809ed08f207f806ff0405020b0011ff16fe1afe1dfe1efe1ffe1eff1cff190016000500000000000000000000000000000000000000fa00e801e8ffe8fde9fcebfbeefaf3f9f7fafdfa02fb08fc0dfe12ff160119011b021c021d021c021a01170113000e0008ff02fffdffc400fc0ffd0ffd0ffd0ffd0ffe0ffe0ffe0efe0efe0eff0eff0efe0efe0efe0efe0efd0efd0efc0dfc0dfb0cfb0cfa0bfa0bf90af909f808f808fd02ff0000ffffff00ff00010005000eff0efe0efd0efc0efc0efb0efb0efa0efa0efa0ef90ef90ef90ef90ef90ef90ef90ef90ef90efa0efa0efa0efb0efb0efb0ffc0ffc0f
369,51460591,-51,11,256,1,0,0,b6600b00ed04e806e508e209e10ae20be30ce60ce90bee0af209f806fd04030109fe0efc14fa17f91af81cf81df81cf81bf919fb16fb05ff000000000000000000000000000000000000faffeafde9fceafaebf8ecf8eff7f3f8f7f8fcf901fb06fc0bfe10001302170319031b031b031b031902160113010e0009000300fe00bf00f71df71df71df81df81df91df91df91df91dfa1df91cf91cf91cf91cf81cf71bf61bf51af419f318f217f116f014ef13ee11ed10ec0eec0df804fd0100fffffe00ff0003010a021b001bfe1bfc1bfb1bfa1bf91cf81cf71cf51cf41cf31cf31df21cf21cf21cf21bf21bf21bf31bf31bf41bf41cf51cf51cf51df51df61d
370,51460868,-51,11,256,1,0,0,b6600b00fe11ff150018001b011c031c041b041904150411040d0308020202fd01f701f200ed00e900e701e501e502e503e603e903eb00fa000000000000000000000000000000000000fe04f912f812f611f610f50ff50cf609f806f902fcfdfff901f504f206ef07ec08ea09e909e808e807ea06ec04ef03f302f801fd0101bd00190719071a071a071a061a051905190419041903190319031a041904190519061807180817081609150a140a130b120c110d0f0e0e0f0d1004050101fffffe00ffff02ff08ff18001801180318051806180717081709180a180a180b180c180c180d170d170d170d170d170c170c170b180b180a180a190a190919081908
371,51471085,-52,11,256,1,0,0,b6600b00e9fce5fce2fce0fde0ffe100e301e602ea03ef03f403fa03000307030d02120217011a011d011e001d001c011a01170114010400000000000000000000000000000000000000fbfceff3eff1f1f0f3f0f6f0f9f1fcf3fff603fa07fd0a010d051009120b140d150f160f160e150d130c110a0d0709050403ff00faffbd00ed17ed17ee17ee18ef18ef18f018f018f118f118f218f218f218f117f117f017f017ef16ef15ef14ef12ee11ee0fed0eed0dec0cec0aec09f803fd0000ff00fe00fffe02fb09f319f118ef17ed16ec15eb15ea14e914e814e814e713e713e613e612e612e612e712e712e712e712e813e813e914ea15ea15eb15eb16eb16
372,51480252,-52,11,256,1,0,0,b6600b00ff140019011c021e041f051e061c071907150711060b0406020000fafef4fceffaeaf9e7f9e4f8e3f9e3f9e4f9e6fae8faeafefa000000000000000000000000000000000000fc04f210f00fef0eef0cef0af007f204f501f8fdfcf900f604f307ef0aed0cea0de90ee80de80de90bea09ed07f005f403f902ff0104b400191219121911181118101910190f190f190e190e190e190e190e190e180f180f17101610151114111211111210120f130d130c140a15091503070002fffffeffffff030009031a0b190d180e1710171116121613161416151516151714171418141813181318131813181317131714161416151516151614171417141713
373,52224815,-96,11,128,1,0,0,6bb55641fafbfbff000003ff03fd01fb03fb05fc00fefd03020505050207fd06fb03fc01fefffffd00fd00fd00fdffff00ff02ff04fe01ff00000000000000000000000000000000000001000401ff01fd01ff010101030304030002ff03fe03ff0101fe01ffff00fefffe00fd01feff03fd07ff08040705060003fefc01fa04
374,52327191,-92,11,128,1,0,0,4ff1144106f704f700fafffdfffcfef9fcfbfafef9fdf6faf5fbf8fcf9fdfafdfcfdfdfafdf9fefdff00ff01fd02fd02fd01fb01fa02fe000000000000000000000000000000000000000001ff0301020403050304010303030605070608060804070007ff0601030300030002ff03fb04f904f805f905f906f70af50bf70cf9
375,52526369,-92,11,128,1,0,0,52255541fe00ff0001ff02fd02fb02fe02ff02ff01fffefefdfe0001000100fefffe00ff00ff01fd02fe0100ff01fffffefffe00fe00ff00000000000000000000000000000000000000fffefffcfefefcfefd01ff02fd0afc15000e0102f603ed08f708000301000101fe01ff02020101ff00fe01fe04fe03fbfcfefa010001
376,52526989,-90,11,128,1,0,0,d9955d4100fdfefdfbfefb00ff000100fe02fc02fc00ffff0000fe04ff0600030101040103ff00fb02fb03fdfe01fd0601050001feffffff00000000000000000000000000000000000001000301020103000300000106fa10f30bfb0302fbf5f4eafbf403fd03fd02fc01fe000003010404ff05fa05fa04fc04ff02fffefcff
377,52631870,-92,11,128,1,0,0,7ff55741ff02fe02fdff00fd00fefefefdfcfffc02fe01010002020102ff00fffefefffe00fe00ffff00fe00ff000000ff00fe00fe01ff00000000000000000000000000000000000000fffffefcfffcfefdfdfdfefe00fefffdfdfdfefe01ff02ff01fdfffdfdfefefe01ff0200fffffeff01000102050b0b12060902ff0202
378,52633931,-91,11,128,1,0,0,988aa9410000020004ff03fe00fc00fd01fd01fc00fcfefffe0000ff01fdfffffe000100030102020001fe00fefffffefffd01fe04ff01ff000000000000000000000000000000000000ffff00ff02ff01fdfffcfefcfefcff00ff02000001ff01fffefffd00fefffefffe00fefffefcfffcfffd00fe08f310e80bf204fd00fd
379,52737500,-91,11,128,1,0,0,bdd44b41fefdfe0001ff01f9fcfafcfffafef7fffa03010c0714080b0601f803ea04f303ff03010100fefefefdff00ff02fe00fffc01fe00000000000000000000000000000000000000ff0001ff04ff02fffffffffefffefffffefefdfdfeffff02010501050006fe07fc02fdfd00ff0003fc01fb01fe01000000f803f304fd
380,52907376,-51,11,256,1,0,0,36655300f3f2efefededebeceaece9ede9efebf1edf4f0f7f3faf8fdfd01020406070a0a0e0d110e13101411141113111210100f0e0d0303000000000000000000000000000000000000fefbfcecfdebffeb00ec01ed02ef03f204f605fb050005050509050e05120515051706180618061707160613050f040b02070002fefeb700e407e407e508e508e508e609e609e609e70ae70ae70ae70ae70ae70ae709e708e707e707e706e804e803e902e901e900eafeebfdebfbecfaf9fdfdff000001ff00fffd01f704e90ce80ae709e708e606e605e505e504e404e403e303e302e301e300e300e300e300e300e301e401e402e403e403e404e304e305e305e406
381,52913976,-52,11,256,1,0,0,36655300f8eef6eaf5e8f3e6f2e6f1e7f0e8f0ebf2eef3f2f6f6f9fbfcff00040408070c09100c130d150e160e160d160c150b130a11020400000000000000000000000000000000000001fb05ec06ec08ec09ed09ef09f109f408f806fd05010306000bff0ffd12fc15fb18fb19fc19fc19fd17fe14ff11ff0dff08ff03fffeb900e3fee3ffe3ffe300e301e401e401e401e502e502e503e503e503e502e502e501e501e600e6ffe7fde8fce9fbe9fbeafaebf9ecf8edf6eef5f9fcfefe000001ff0000fd00f601e503e502e500e5fee5fde5fce4fce4fbe4fae3f9e3f8e3f8e3f7e3f7e3f7e4f7e4f7e4f7e4f8e4f8e4f9e4fae4fae3fbe3fbe3fce3fce2fd
382,52937818,-51,11,256,1,0,0,7660070010f714f417f119f01aef19ef17ef15ef12f00ef209f404f7fffafafdf5fff001ec03e803e503e403e303e402e502e801ea00fa0000000000000000000000000000000000000003fb0def0ff010f210f310f50ef80cfb09fe05000003fb05f707f208ee09eb0ae80be70ce70ce80be90bec0af008f407f905fe0202ffc500fce3fce4fbe4fbe5fbe5fae5fae5f9e5f8e6f8e6f7e7f7e7f7e7f8e7f9e7f9e6f9e6fae7fbe7fce8fde9fee9ffea00ea01ea02eb03eb04ec01f900fdff0000010000fffdfef6fce6fee6ffe601e602e603e503e503e504e505e505e406e406e306e306e306e406e406e405e505e404e403e402e401e400e4ffe4ffe4ffe3
383,53007174,-51,11,256,1,0,0,36655300f1efeeebebe9e9e8e8e9e7e9e7ebe9eeebf2eef5f2f9f7fdfc02020607090b0d0f1012131415151615161415131411120f100303000000000000000000000000000000000000fefaf9eafbe9fde9fee900eb02ee03f105f606fb06000606070b071007150718071a071b081b081a081807150611040d02080002fefdba00e108e108e109e109e209e209e20ae20ae30ae30ae30ae30ae30ae309e309e308e307e306e404e403e502e600e6ffe7fee8fce8fae9f9eaf7f8fcfdfe000001fe00fffd02f706e711e60fe50de40ce30ae309e208e108e007df06df05df04df03df03df02df02df02df02df02e003e003e004e004e005e006e006e007e007
384,53027604,-51,11,256,1,0,0,76600700f0f1ededeaebe8eae6eae5ebe6ece7eeeaf1edf4f0f8f5fcf901fe05030a070f0a130c160d190e1b0e1b0d1b0b1a0a1809160205000000000000000000000000000000000000fbfdecf4ecf2edf0eff0f1f0f4f0f8f2fbf5fff903fd06020a070c0b0e0f10121115121612171216111410120d0e0b0a0706030100fdbe00e40de50ee50ee50ee60fe60fe710e710e710e810e810e810e810e810e80fe80fe70ee70de70ce70be709e708e807e805e804e902e900e9fff8fffdff00ff01fe00fffd02f806e911e910e80fe70de60ce50be40ae30ae209e209e108e108e107e107e106e106e206e206e207e207e208e308e309e30ae30be30be30be40c
385,53235383,-52,11,256,1,0,0,96600900071109150c180e1a0f1b101a101910160f130d0f0b0b0806040101fcfef7fbf2f8edf7e9f5e7f5e5f5e5f5e5f6e7f7e8f8eafefa0000000000000000000000000000000000000005031501160016fe16fd15fb13fb0ffa0bfa06fa00fbfbfbf6fcf1fdecfde8fde6fde4fde3fde3fde5fde8fdecfdf0fef5fffb00ffbe001dff1dff1efe1efe1dfe1dfd1dfd1cfc1cfc1cfc1cfc1cfc1bfd1bfd1bfe1bff1b001b011a01190318041705160615081409130a120b110c05040101fffffe00ff0002fe09fc1af51af71bf91bfb1cfc1cfd1dfe1dff1e001e011e021f031f041f051f051e051e051d051d051d041d041d031e021e021e011e011e011e00
386,53239135,-52,11,256,1,0,0,966009000cf10fed11e911e611e411e30fe30de50ae707ea05ef02f4fffafcfff905f60bf310f113ef16ee17ed18ed17ee16ef14f112fc0400000000000000000000000000000000000005fd14f416f517f717f916fa14fc11fe0d0008030304fd06f808f209ee0aea0be70ce50de50de50ee70eea0ded0bf109f606fa02feffb700f2e2f2e2f1e2f1e3f1e4f1e4f1e4f1e5f0e5f0e5efe6efe6efe6f0e6f1e5f2e5f3e5f4e5f5e5f6e5f8e6f9e6fbe7fce7fee8ffe801e802e901f700fd000001010000fdfdf8f7ece7eee7efe6f1e4f2e3f3e2f4e2f4e1f5e0f6e0f7dff8dff8def9def9def9def9def9dff9dff9e0f8e0f7e0f6e0f5e1f5e1f4e1f4e1f4e1
387,53513937,-51,11,256,1,0,0,366553000b120e161119121a141a14191418131511110f0d0c08080404fe00f9fdf4faeef8eaf6e6f5e3f5e2f5e2f6e3f7e4f9e7fae9fefa00000000000000000000000000000000000003040d110c120a13081306120410010dff09fc04fafff9faf7f4f6f0f5ebf5e8f4e6f4e5f4e5f4e6f4e8f5ebf7eff9f3fbf9fefe0003c9001efa1ef91ef91ef81df81df71df71cf61bf61bf61bf61bf61bf61bf61bf71bf81bf91bfa1bfb1afc1afd19fe19001801170216041606150707030201fffffe00ff0002fe09fc19f61af71af91bfa1bfc1cfd1cfd1dfe1eff1eff1f001f011f011f011f021f021f021f021e011e001e001eff1eff1efe1efd1efc1efb1efb
388,53515503,-51,11,256,1,0,0,36655300fe16fe1aff1d002000210120021f031c04180413040d0407040104fa04f404ee05e905e506e307e107e108e307e507e706ea01fa000000000000000000000000000000000000ff05fe15fd15fb15f913f811f80ef80af906fa01fcfcfef700f202ed04ea06e707e507e407e407e506e705ea03ee02f301f800fe0002bb000d060d060d060d050d050d050d050d040d040d040d030d030e030e040d040d040d050c050c050b060a060a0609070907080708080708060802030001ffffffffffff010004010d030c040c050c060c070c070b070b080b080b090b090b090b090b0a0b0a0b0a0b0a0b0a0b090b090b090c080c080c080d070d070d070d07
389,53542429,-51,11,256,1,0,0,3665530011fc15fb19f91af81bf71bf619f517f513f60ff60af805fa00fcfbfef601f103ed04e905e705e506e506e605e704ea04ec03fb000000000000000000000000000000000000000400120313041206110710080d080a0806070206fd04f902f500f0feedfdeafce8fbe7fbe7fbe7fbe9fcebfdeffdf3fef8fefdfe01febc0006e405e405e405e505e504e504e504e503e503e503e503e603e604e604e605e606e607e707e808e909ea0aeb0bec0ced0def0df00ef10ff205fb01feff000001ff00fffdfef6fde6fee600e602e603e604e605e606e507e508e509e509e50ae50be50be50be50be60be60ae60ae60ae609e509e508e508e507e507e407e4
390,53725897,-51,11,256,1,0,0,96600900eafde5fde1fedffedeffde00e001e202e603eb04f104f704fd0304030a031003150419051c051d061d061c061b06180615060501000000000000000000000000000000000000faffe9fbe8f9e9f8eaf6edf6f0f5f4f6f8f7fdf903fc08fe0d011104150618081a091b0a1c0a1b091908160713050e0308020200fdffb700fa0efa0efa0efa0efa0efb0efb0efb0efb0efc0efc0efc0efc0efc0efb0efb0dfa0dfa0cf90cf90bf90bf90af80af809f808f707f606f606fc02fe0000ff00ff00ffff01ff05fe0efd0efc0efb0efb0dfa0df90df90df80ef80ef80ef70df70df70df60df60df60df60df70df70df70df80df80df80df80ef80ef90ef90e
391,53728656,-51,11,256,1,0,0,96600900ec07e909e50be40de30ee40fe60fe80fec0ef10cf50afa07ff0305000afd0ffa13f716f619f51af41af41af418f516f714f804fe000000000000000000000000000000000000fa00eaffe9fee9fceafaecf9eef9f2f9f7f9fcf901fa06fb0cfd10fe14ff18001a001c001c001b0019ff16ff13fe0efe08ff0200fe01b600001e011e011e011e021e031d031d041c041c041b041b041b041b041b041b031b021b011b001aff1afe19fd18fc17fb16fa15f814f713f613fc06fe0100fffffeffff0003010a041c021c011cff1cfe1cfd1cfc1dfc1dfb1dfa1ef91ef91ff81ff71ef71ef71ef71ef81ef91ef91efa1efb1dfb1efc1efd1efd1ffe1fff1f
392,53743444,-51,11,256,1,0,0,96600900f711f515f418f41af41cf51cf61bf819fa16fc12fe0eff09010304fd06f808f30aef0cec0de90ee80fe80fe90eeb0ded0cef03fc000000000000000000000000000000000000fd04f411f211f110f00ef00cf10af307f604f900fdfc01f905f609f30cf00fee11ed12ec12eb11ec10ed0eee0bf108f405f801fdff00c0001216121612151315121412141214131413131313141213121312131312131113111410140e140d140b140a140914081407140514031402140007ff02fffffeffffff02010705150e140f131112121113101410150f160f170f180e180e190e190e190d190d190d190c190d190d190d190e180f1810181017111711171117
393,53764352,-52,11,256,1,0,0,76600700ed04e806e408e209e00ae10be20ce50ce80cec0bf109f707fd04030209ff0efd13fb18fa1bf91df91ef91dfa1cfa1afb17fc05ff000000000000000000000000000000000000faffe8fee7fce7fae7f9e9f8ecf8f0f8f4f8f9f9fffa04fc0afe0f00130117021a031c031d031d031b021901150010000b0005000000bf00fa1ffb1ffb1ffc1efc1efc1efc1efc1efd1efe1eff1dff1dfe1dfd1dfc1dfb1dfa1dfa1df91cf81af719f618f417f316f215f114f113f011fa06fe0100fffffe00ff0003010a021d001dfe1dfb1dfa1df81df81ef71ef61ef51ef41ef31ef31ef31ef21ef21ef31df31cf31cf31cf31df41df51ef61ef71ef81ef81ef81f
394,53769575,-51,11,256,1,0,0,76600700ef08ec0be80de60fe510e612e712ea12ed11f00ff40cf908fd04020007fc0bf70ff412f115ef16ee17ee17ee16ef14f112f204fc000000000000000000000000000000000000fafeebfbeaf9eaf8eaf6ecf6eef5f1f6f5f6f9f7fef904fb09fd0dff1200150118021a021b021b011a00180015ff10ff0bff05000101b000fe1fff1fff1fff1fff1f001e001e001e001e001d011d001d001dff1dfe1dfd1dfc1dfb1cfa1bf91af819f618f517f416f314f213f112f010fa05fe0100fffffeffff010204090b1a091a071b051c031c021d011d001dff1efe1efd1ffc1ffc1ffb1ffb1ffa1ffa1ffa1efa1efa1efa1efb1efb1ffc1ffd1ffd1ffe1ffe1f
395,53771517,-52,11,256,1,0,0,96600900f0f6ecf3e9f1e6f1e4f2e3f3e3f4e5f6e7f7ebf9effcf4fefa00000206030c051106150718081a091b091a091909170915080502000000000000000000000000000000000000fffafceafde9fee8ffe801e902eb03ee04f204f605fc06010607060c07100814081709190a190b190b180b150a12080e050a02050001be00e511e511e511e611e612e712e712e812e812e812e812e812e712e711e710e70fe60ee60de60be60ae609e707e706e705e803e801e8ffe8fdf7fefdff00ff01fe00fffe02fa08ee16ed15ec14eb13e912e812e811e710e510e50fe40fe30ee30de20de20ce20ce20ce20ce30ce30de40de40de40ee40ee40fe410e410e510
396,54121468,-92,11,128,1,0,0,cdd22c41fcfefd00fe01fe00fe00fe02fe02fe01ff030102030003fd01fffe00fcfefbfcfefd00fe00fefffcfefcffff010001ff0000ff00000000000000000000000000000000000000000002fffffdfffd00fe00fffe08fb11fd0bfe04f408ed0cf606fe00fd00fdfffefd01fd04ff03ff0100010000ffffffff04ff070004
397,54122496,-91,11,128,1,0,0,8ee778410002fc03fbfefffb0400060405010201050206030002fb01fb01fe00fe01fd02ff00fefefb00fd000100020001fefffffe02ff0000000000000000000000000000000000000000ff01fffe01fc03fe02ffff07f80ef006f7fe0006f90ef107f800ff0003ff03fefefdfbfefdfefefffdfcfdfafcfdfbfefbfdfdff01
398,54127030,-91,11,128,1,0,0,9ccff941fb00ff0300040002fe02fffffefcfefc02fd02feff00fe00ffff0000000000010001fefffffe00000101010100010000ff00ff0000000000000000000000000000000000000001ff04fdfefefdfffffffeff08f914f309f8fefe060a0f15090bff00fe0001fe02fe01010002ff0002fe03fd0100ff02fafcf8f6fff8
399,54170461,-91,11,128,1,0,0,4ff114000afb09fe05ff01fdfdfefafef9fcf6fcf2fef1fcf3faf7fdf7fff700f802f802f902fa03fc02fe00000103020603060404040100000000000000000000000000000000000000000000020001ff01fb02f803f803f803f802f702f503f604f903fa02fb02fe040003010103ff07ff09010a010901070109ff0dfc0dfc
400,54228238,-90,11,128,1,0,0,a88ffa41ff0302060306fe05fc04ff0200fffefeffff02ff01fffe00fe0000ff01ff0001ff01fe01ff00fffefefdfefdfffe00ff00ff00ff0000000000000000000000000000000000000000fffffe00fd02ff0101000101010002ff010002030003fe00fd00fc00fe000200010000ff00fdfefbfefbfbf6f8effaf5fcfcfdff
401,54784855,-92,11,128,1,0,0,4ff11441f8f7fbf8fefbfefffe02fe03fe05fe06ff06fe07ff0afe0afd07ff05fe04fd04fd03fe01ff02010102ff02fe04ff05ff04fd00fe00000000000000000000000000000000000001000201010102ff06ff08fe06fd03fe03000501050103fe04fd04ff020000fe00fc00fafef9fcfaf9faf7fafafbf8faf5f5f7f4f8f5
402,54962595,-51,11,256,1,0,0,6ff22600ee11eb15e918e81ae91ceb1dee1cf11af417f812fb0dfe07010104fa07f40aee0be90de50ee20fe10fe10ee20de40be70aea02fa000000000000000000000000000000000000f9ffe7fce7fae7f8e9f6ebf5eef5f3f5f8f5fdf603f709f90ffa14fb18fc1bfc1efc1ffc1ffc1dfb1bfb17fb13fc0dfd07ff0102fc04b5000922092209220a210a200b200b200b1f0c1f0c1f0c1f0c1f0c1f0b1f0b1f0a200920071f061f051f031e011d001cff1cfd1bfb1af91af719fc09fe0200fffefeffff0203060a111e0f1f0d1f0b200a2109210822062305240424042503260226012501250025002401240124012302230323032304230523062307230823
403,54968866,-51,11,256,1,0,0,6ff22600ecf6e7f5e4f4e1f5e1f6e1f7e2f8e5fae8fcedfef2fff801fe0204040a051006150818091b0a1c0a1c0b1b0a180a160913090402000000000000000000000000000000000000fcfcf1eff2eef4edf5edf8eefbf0fdf300f603fa06ff09030b080d0c0f0f1012111412141214121311110f0f0c0b09080404ff01fbfeb700e914e915ea15ea15eb16eb16ec16ec16ec16ec15ec15ec15ec15ec15eb15eb14ea13ea12ea11ea10ea0ee90de90ce90ae908e906e905e903f701fd0000ff00fe00fffe02fa08f117f017ee16ec15eb14ea13e913e813e713e612e612e511e511e410e410e510e510e510e510e610e611e611e712e712e713e713e713e814
404,55224611,-92,11,128,1,0,0,7bbbb741fdfefefffe00fc01fd00fefb00f901fe01030203030002fe01fd01fd02fe01000001ff00fffe00fdfffefdfffdfffffe00fe00ff00000000000000000000000000000000000000ff02feffffff0101ff01fefefeffff01000001fe00fc00fb00fefeff01fe03fd01fffd00fffb06ef11ef12fc0402fa01fe01020203
405,55284833,-52,11,256,1,0,0,d6644d00f2f1efefecedeaede9ede9efe9f0ebf3edf5f0f8f4fbf8fffd02020407070c0a0f0c120e1410141114111310120f100e0e0d0303000000000000000000000000000000000000fefbfaedfcecfdecffed00ef02f103f404f805fd05010606060b060f06120615071607170717071607140711060e040a0205ff01fdfdc400e506e507e507e607e608e609e709e709e70ae70ae70ae70ae70ae70ae70ae709e708e707e706e805e804e903e902e901eaffeafeebfdebfbf8fefdff000001ff00fffd01f703e809e808e707e705e604e603e503e502e401e401e300e300e3ffe3ffe3ffe3ffe4ffe4ffe4ffe400e400e401e402e403e403e404e404e405
406,55294580,-52,11,256,1,0,0,f6644f0013f917f71bf41cf21df11cf019ef17ef13f00ff30af505f900fdfb01f605f209ee0ceb0fea10e812e812e811ea0fec0eee0cfb030000000000000000000000000000000000000502150b140d130e120f100f0d0f090d050b0008fc05f702f2ffeefceaf9e7f8e5f7e3f7e3f7e3f8e5f9e8fbecfcf1fdf7fdfdfd01fcb10007df07df07e006e006e005e005e105e104e104e104e104e104e105e105e206e208e309e40ae50be60ce70de90eea0eeb0fed10ef11f012f106fb02feff0000010001fefcfdf4f9e0fbe0fddfffdf01df02df04de05de06de08de09de0ade0add0bde0cde0cde0ddf0cdf0ce00be00be00be10ae10ae009e009df08df08de
407,55301256,-51,11,256,1,0,0,9660090011f814f617f419f31af219f118f115f112f20ef30af606f801fbfcfef701f203ed04ea05e806e606e606e605e704e903eb02fb0000000000000000000000000000000000000004fd12f713f814fa14fb12fd10fe0d0009010402ff03fa04f504f004ed04e904e704e504e505e605e805ea05ee04f203f702fd010100c800fee4fde4fde4fce4fce4fbe4fbe5fae5fae6fae6fae6fae6f9e6fae6fae6fbe6fce7fde7fee7ffe700e801e902e903ea04eb06ec07ed08ee03f901feff0000010000fefdfdf7f8e7f9e7fbe6fce6fde6fee5ffe500e400e401e302e302e303e304e304e305e304e304e303e402e402e401e401e401e400e300e3ffe3ffe3
408,55308086,-51,11,256,1,0,0,96600900f5eff3ecf1e9efe8eee7eee8eee9eeebf0eef2f2f4f6f7fbfa00fd05000a030e041305160518051a051a041a0418031602140004000000000000000000000000000000000000fbfceff2f0f0f2eff3eff5f0f8f1fbf3fdf700fb03ff05040709090d0a110b140b160c170c170c170b150a12090f070b0506020100fdc400e507e507e507e608e609e709e70ae80ae80ae80ae80ae80ae80ae80ae80ae809e808e807e806e905e904ea03eb02eb01eb00ecffecfdedfcf9fefeff00ff01ff00fffd01f703e808e707e706e704e603e603e602e502e401e400e400e4ffe4ffe4fee4fee4fee4fee4ffe4ffe400e401e401e402e403e403e404e404e405
409,55308410,-51,11,256,1,0,0,b6600b00f10dee10ec12eb14ea15eb16ed15ef14f212f510f80cfc09010505010afe0efb12f815f718f619f61af619f718f816f914fa04fe000000000000000000000000000000000000fd04f713f512f311f310f30df30bf507f804fb00fefd03f907f60bf40ef111f013ef14ee14ee14ee12ef0ff10df309f605f900fcfdffc1000b180c180c170c170d160d160d160d150e150f140f130f130f130e140e140d140d140c140b140a14091407130713061305130413021301120006ff02fffffffeffff010204070c160a16091707170618061905190519041a041a041b031b031c031c031c031b031b031b041a041a051a051a061a071a0819091909190a19
410,55310221,-52,11,256,1,0,0,b6600b0012f316f019ed1beb1bea1ae918e915ea12ec0eee09f204f6fffbf9fff403ef07eb0ae70ce40de30de20de30ce40be709e908fa0200000000000000000000000000000000000005fc15f216f417f617f815fa13fc0fff0b010503ff05f906f307ee08ea09e609e309e20ae20ae30ae50ae809ec08f106f704fd0102ffc300fadff9dff8dff8dff8e0f8e0f7e1f7e1f6e1f6e2f5e2f6e2f6e2f7e2f7e2f8e2f9e2fae2fbe2fce3fee4ffe501e602e703e805e806e907ea03f801fdff0000010000fefcfbf5f3e3f5e2f7e2f9e1fae0fbe0fcdffddffedeffdeffdd00dd01dd01dd02dd02dd02dd01de01de00de00deffdefedefddefddefcdefcdefbde
411,55330989,-52,11,256,1,0,0,366553000af10ced0ee90fe70ee60ee50ce60ae708e906ed03f101f6fefcfc01f906f70bf50ff312f115f016ef16f015f014f211f30ffc0300000000000000000000000000000000000004fc10f312f412f513f612f810fa0efc0bff07010204fd06f808f309ef0bec0cea0de90ee90eea0eeb0eed0df10bf409f806fd0200fe6200f0e4efe5efe7f0e8f1e9f2e8f2e7f1e7efe8eee9eeeaefebf1ebf2e9f3e8f3e6f2e6f2e7f3e8f5e9f8eafaeafce9fde8fde8fee9feeaffeb00f800fe000001010000fdfef8faecefeeedf0ecf1eaf1e8f1e7f1e7f1e6f2e6f4e6f5e5f6e4f6e3f5e2f5e2f5e3f5e4f6e5f7e5f7e4f7e3f5e3f4e4f3e5f3e6f3e7f3e6f3e6
412,55350232,-53,11,256,1,0,0,9660090008f20aef0beb0ce90ce70be60ae709e807ea04ed03f101f5fffafd00fb05f90af70ef611f413f315f316f315f314f413f411fd0400000000000000000000000000000000000003fd10f611f612f713f912fa11fc0ffd0bff08010303ff05fb06f608f209ef0aed0beb0ceb0deb0dec0dee0cf10af408f706fb03fe005a00efe8eee9eeeaefebf0ecf0ebf1eaf0eaefeaeeebededeeeef0edf1ecf2eaf2e9f1e9f1e9f2eaf4ebf7ecf9ecfbebfceafce9fdeafeebfeecfff900fe000001000000fdfef8fbebf2ecf1eef0efeeefecefebefeaefeaf0eaf2eaf3e9f3e8f3e7f3e6f3e6f3e6f3e8f4e8f5e8f5e8f4e7f3e7f2e7f1e8f1e9f1eaf1eaf2e9
413,55365397,-52,11,256,1,0,0,b6600b00f713f617f51bf51ef620f820f91ffb1dfd19fe150010010a020303fd04f604f005eb06e606e307e207e108e207e407e606e901fa000000000000000000000000000000000000fb03eb0dea0ce90be909ea07eb05ee03f200f7fdfcfb01f807f60cf310f113f015ee17ed17ec16ec14ed11ee0ef10bf407f803fd01005e000a0d0b0c0b0b0a0b0a0a090b0a0b0a0b0b0b0c0a0c090b080a090a0a0a0a0a0b0b0b0b0a0a0a0909070a060a050b050b050c050b040b030b01030001ffffffffffff010104030b0a0a0b090b080c070d070e080e070e070e060e060e050f051006100610060f060f060e050e060f060f070f080e080e080d080c080c080d
414,55390280,-53,11,256,1,0,0,b6600b00ff16001a011d031f051f071f091c0a1909150810060b0306fe01fafdf5f8f1f5edf3e9f1e7f0e6f0e5f0e6f1e8f3eaf5ecf6fbfd000000000000000000000000000000000000fbfcedf2edf1eeefefeef0eff3eff6f0faf2fff304f409f60df812f916f919f91af81bf71bf61af618f614f611f80dfa09fe060204064800171e171d161c151b141a131b131c141c151b161a151914191319111b101d101e101e0f1d0d1c0a1b071b041b021c011c001cff1bfd1afb18fe08ff02fffffdffffff03000b03200a1f0c1e0f1d121c141c161c171b181a19191a171c161d161f161f161f151f141f131e121f121f131f141f151e151d151c141c141d141e
415,55392035,-53,11,256,1,0,0,b6600b00eb01e602e303e105e007e109e20ae50be90bee0af308f805fd0102fd06f80af40df00fec11ea12e811e710e70fe80dea0cec02fb00000000000000000000000000000000000001fa04e906e808e809e809ea0aec0af00af30af80afd0a030a080a0d0b120c150d170e180f180f180f160e130c100a0d06090106fd054400e81de91dea1ceb1beb1aea19ea19e91aea1bec1ced1bee1aed18eb17e917e817e717e817e915e912e90fe80de70be50ae509e608e706e704f701fd0000ff00fd00ffff03fe0cfb21f820f620f31ff01fef1fee1fed1fec1eeb1de91ce71be61be51ce51ce61be61ae619e618e518e519e51ae71be81be91be91ae91ae81a
416,55401175,-51,11,256,1,0,0,b6600b00ee05e907e509e30ae20be20ce30ce60ce90cec0af109f707fc05020308020e01130017001a001c001c011c021b03180316030500000000000000000000000000000000000000fb03ee0ded0dec0beb0aec08ed06f003f401f9fffefd03fc09fb0efa12fa16f919f81bf81cf81bf819f817f813f90ffa0afb04fdfffe6400021e031e041c041b041a031a021b031c051c071c081a071806180418031a031b041c041b041a03180116fe16fc16fb17fb17fb16fb15fa14fe07ff0100fffffeffff00020209051903190119ff1afe1afe1bfe1cfe1cfd1cfb1bfa1bf81cf81df81ef91efa1dfa1cfa1bfa1bf91bfa1dfb1dfd1efe1dff1cff1bfe1bfe1c
417,55401384,-51,11,256,1,0,0,b6600b0007ee08e909e509e309e109e108e106e305e603ea01eefff4fcf9fafff805f50af20ef011ed13ec14eb14eb13eb12ed10ee0efb03000000000000000000000000000000000000fffafee900e802e803e904ea05ed05f105f504fa03ff0005fe0afb0ef912f716f518f41af41af51af519f716f813fb0ffd0aff0401006100e7ebe7ede7efe8f0e9f1eaf0eaeee8eee7efe5f2e6f4e7f5e9f4eaf2eaf0e9efe7efe7f0e9f1ecf2eef1f0f0f1eef1edf1edf1edf2eef3effbfafefe000001000000fdfef8fbeaf2ebf1ecefededeeebedeaedeaedeaeeeaefeaf0e8f1e7f0e5efe5eee6eee7eee8f0e9f0e8f0e7efe7ede7ece8ebeaebececececececeb
418,55425665,-29,11,128,1,0,0,9ff44941f306f90209fb12f50afb090c130f0e06f800eaf2f4ef06fa09f806f002f2fefaff04fd01f7fefa09030d0401fdf8fbfb02fd01ff000000000000000000000000000000000000fc01f408fd040bfd0900fe05fd06ff080006fefbf6f2f5f103f20df90c000e07100b0c0b0e0a0c09050509fc0df202ecf6effae809d7
419,55427486,-52,11,256,1,0,0,b6600b00f812f717f61bf61ef720f820f920fb1dfd1afe16ff10010a010402fd03f705f106ec07e708e508e309e209e309e509e708ea02fa000000000000000000000000000000000000fb04ee11ed10eb0feb0eeb0bed09ef06f303f7fffcfc01f806f50af20fef12ed14eb15ea15e914ea13eb11ec0def0af206f703fc000057000c0c0c0c0c0b0b0a0a0a0a0a0a0b0b0b0c0b0c0a0c090b080a090a0a090b0a0c0a0c0a0b090b080a060a050b040b040c040c030c030b020b00030001ffffffffffff010005020d060c070c080b0a0b0b0b0b0b0c0b0c0a0c0a0c090d090d090e090f090e090e090d080d080d080e080e090e0a0d0a0c0a0c0a0c0a0c0a0c
420,55458489,-52,11,256,1,0,0,b6600b00f40ff214f017ef1af01cf11df31cf51bf718f914fc0ffe0a000403fe05f807f309ee0aea0be70ce50de50de50ce70be90beb02fb000000000000000000000000000000000000fa02ea08e906e805e803e902ec00effef3fdf8fbfdfa03f908f80ef712f616f518f41af31af219f217f215f311f50df708fa04fe00016200101d111c111a111910181018101911191219131713161215111510160f180f1a101a10190f180d170a1607170518041804190418031702160008ff02fffffefeffff02020707131511160f180d190d1b0c1c0c1d0c1d0b1d0a1d091e071f0721072108210820081e081e081e081e091f0a1f0c1e0d1d0d1c0d1c0c1c0c1c
421,55458816,-52,11,256,1,0,0,b6600b00f812f717f61bf71df71ff91ffa1ffc1dfd19ff150010010a020403fd03f704f105ec05e806e507e307e207e307e507e707e901fa000000000000000000000000000000000000fb03ee0fec0eeb0ceb0beb09ed07ef04f301f7fefcfb01f806f50af30ff112ef14ed15ec15eb14eb12ec10ed0df00af307f803fd01005f001a141a131a11191019101810181119111a101b0f1b0d1a0c180d170e171018111911181117101410121110120f130e140e150d140c140a1303070002fffffeffffff030109041a0c190e1810171216131714171517151615151614181419141b141b141a1419131813181318131914191518171717161715171416141614
422,55460664,-52,11,256,1,0,0,b6600b00120617071c071e06200520041f031d011a0015ff10fe0afd04fdfdfdf7fdf1fdebfde7fce4fce2fce1fce2fce4fce6fce8fcfaff00000000000000000000000000000000000003040d120d140b150a15081506130310010dfe08fb04f8fff5faf3f5f1f1efededebeceaebeaebeaebecedefeff1f3f5f7f8fcfc01fe52000cf40cf40bf40af40af50af50bf50bf40bf40af309f308f409f50af50bf50bf50bf50bf50af50af70af80af90bfa0cfb0cfb0cfb0bfc0bfc03fe01ffff00ff00ff0000fe02fb07f308f409f40af50bf50cf50cf50cf50cf60df60df70ef70ff70ff70ff70ef70ef70df70df80ef80ef70ef70df60cf50cf50cf50cf60cf6
423,55468559,-52,11,256,1,0,0,b6600b00ee01e902e603e404e305e306e407e607ea08ee07f206f705fd03020108ff0dfe12fd15fc18fc1afc1afc1afc19fd16fd14fe05ff000000000000000000000000000000000000fbfeecf9ecf8ecf7edf6eff5f1f6f5f6f8f7fdf901fb06fe0a000e021104140616071807190718071706150512040e0209010301ff016300f41cf61bf71bf81af819f718f619f71af81bfa1bfb1afb19fa18f917f718f719f71af81af819f816f614f413f212f112f112f111f210f20ffb05fe0100ff00fe00ffff02fe08fa17f817f616f416f216f217f117f117f117f116ef15ee15ed16ed17ed17ee17ef16ef15ef14ee15ee16ef18f119f219f318f318f317f217
424,55475329,-52,11,256,1,0,0,b6600b00120717091a091c0a1d091d081c071a06160412020e0009fe04fbfff8faf5f6f2f2eff0ecefeaeee8efe8f0e8f2e9f4ebf5ecfdfb00000000000000000000000000000000000004fe13f814fa14fc13fe12ff0f010b0207020202fd02f801f3ffeffeebfce8fbe6f9e5f9e5f9e6f9e8faebfbeefcf3fef8fffd010102670015ec14ec12ec11ed11ef12ef13ee13ed12eb10ea0eeb0dec0eed10ee12ee13ed13ec11ec10ed0fef0ff211f413f514f514f513f612f710f805fd01ffff00ff01ff0001fd05f910ef11f013f215f316f317f317f216f316f317f518f619f71af61bf51af419f417f517f617f718f619f519f317f116f014f114f115f216f2
425,55476685,-52,11,256,1,0,0,b6600b000d101013121514171517151614151312110f0e0b0c07090206fd03f801f300eeffe9ffe6ffe300e201e201e302e503e803ea00fa00000000000000000000000000000000000005ff15fe15ff1401130311040d050a0505040102fc00f7fdf3faf0f7edf4ebf2eaf0e9efeaefebf0ecf1eef3f1f6f5f9f8fdfd0100046c001af519f517f416f515f616f618f618f418f216f114f113f213f314f516f518f418f316f214f313f512f813fb14fc16fc16fc15fc14fd12fe06ff0100ff00fe00ff0002fe07fc16f716f817fa18fc19fd19fd19fc19fc19fd18fe19001a011b011c001cff1bfe19fe19ff19001a001bfe1bfc1bfa19f918f917f918fa18fa
426,55487836,-53,11,256,1,0,0,b6600b00071b091f0c200e211020111d111910150e100a0b06060101fbfcf5f8f0f5eaf2e6f0e3eee1eee0eee1efe3f1e5f2e9f5ecf6fbfd000000000000000000000000000000000000fa01e803e802e900eafeedfcf0faf4f8f8f6fdf402f207f00cee10ec12eb14ea14e914e813e911ea0eec0cf009f407f905ff0405040a4e0011091108100710070f080f08100811081107110610060f060f060f071008100910080f080e080d090b0a0b0b0a0b0a0c0a0c090c080c060c02040001fffffeffffff0100060111031004100610071008100810090f090f0a0e0b0e0b0f0c0f0d0f0d0f0c0e0c0e0c0d0c0d0c0e0c0e0c0f0b0f0b0f0a0f0a0f0a0f0a0f0a
427,55493402,-54,11,256,1,0,0,b6600b00f7ebf4e8f2e6f0e5ede6ece8ebebeceeedf1f0f5f5f7faf9fffa05f90bf810f714f517f318f119ef18ef17ee14ef12f010f103fc0000000000000000000000000000000000000005ff16fe16fd17fc17fb17fa16f913f711f60ef40bf107ef04ec02e900e7ffe600e500e401e502e703e904ec03f002f3fff5fbf6f83a00ddedddedddeedeeedfeee0eddfecdfecdfecdfede0ede1ede2ece3eae4e8e4e6e4e5e5e5e8e5ebe5eee4f1e3f3e2f5e1f7e1f9e1fbe2fde3fff500fc000002ff01fffc02f305dc0ddb0adb07db03da00d9fed8fcd8fbd8f9d8f7d8f4d8f2d9f0d9efdaefdbeedceeddedddedddecddedddedddeeddeeddeeddedddecddec
428,55641666,-28,11,128,1,0,0,322dd3410cfe0bfd0c0010020f030c010bfd03fbfc000303080409080607000201fb04f7ff00f801f9f9fcfdfc04fc04fc01fc01ff030001000000000000000000000000000000000000fffffffdfefefffe01fb01f802f802fe02070307050106fc04f901fa03f909f601f9fb000301080208010602fe01f9fbf9fcf6fdf0f4
429,55678401,-28,11,128,1,0,0,b3300b41010a0cf60df705fe03f303eb01f2fdf9fcff020307010b040a09fc0dfa0d0a090e050a0109040509030602fcfcf9f8fff804fe010000000000000000000000000000000000000201060402ff03ff0403070308000cf910f90efb0d000efe0af80bfa09fefefc0203090a0a010bfa0502fc11f911000a08080a040b01
430,55881507,-27,11,128,1,0,0,b33ccb4101f905060910000ff209ec04f304fa05fa06f806f500ef01f004fd010201fcfff8fffc03020005f906f602fbff08000bfe06ff0000000000000000000000000000000000000001fd05fa0000f901f703fc0603040402fc06fa08010d0a110c0d0609fe03f8fcfbff02fe00faf8f8f5f1fcee00f7fdfcfcf6fcf4fafc
431,57856950,-93,11,128,1,0,0,4ff11441fef6fefafdfafcfbfbfefa00f801f702f601f500f7fef6fbf6fcf900fb01fc00fbfff9fdfbfcfefe00ffff01fe04fe05fc02fe0000000000000000000000000000000000000000ff02fb02fafefafdfb01f904f604f505f805fa05f904f903f901fb00fb00fafffbfefcfdfdfcfefcfcfef9fef8fcf8fbf6fbf7fbfc
432,58406798,-25,11,128,1,0,0,033cc0410305f509f208f604fb0c0113ff0ef705f606fc05fdfdf8f9f9f9f9fcf404f602fdf800f501fb02020101fdfafefb02ff01feffff00000000000000000000000000000000000000fd05f806f600f4f6faf5fcfaf8fbfefb07f80ef90b03ff01fdf7fdf8fbff04ff12f813000b0a05fd07f312f118f10cfeff04fdfbfd
433,58433766,-26,11,128,1,0,0,7aa2274117f20cea07f30705080705fff8f9ecf5eef8f7f9fcf6f7f7f2f7f3f9fdfd09fe0806fe0bff07050304000100ff03030007fd02ff0000000000000000000000000000000000000100050306040107fb04fbf9f5f9f000f8fe00fdff02ff07fd0dfc09fe01fd03fe0405070b0800fcf8f900fb04fb0a07120b17ff1a01
434,58442266,-27,11,128,1,0,0,accaaa4118ff180b12070bfffbfff205fc03fdf5fbf2fcfcf9fffffc0aff0c030a030503fa07f40bfc0305fd090107030304030201fdffff000000000000000000000000000000000000000002fe06ff0405010200fffa06f20af005f8fe00fd0109f811f308f8fcfa02f604f0fcedfaecfdeffbf2f6f201f101f4fcfdfefff4
435,58539037,-91,11,128,1,0,0,34411341fb00fe01010002000002fdfffeff0101ff03f70df415fb08fffdf6ffef00faff0301020101fdfffdff00000000fffffefffeffff000000000000000000000000000000000000000002020202fe01fb00fe0001ff01fefffe02fe05000102fcfffafefcfdfefbfefcfefdfd01fd04fe00fefefd01ff03ff00fefe00fe
436,59056603,-27,11,128,1,0,0,922aa94102eaf8e5f8f2fd01fcfcf7ecf4ecf8f4fffe07050dfd0500fa03f8f5fcf206f309f4fffcfd0404020701050002fcff01f903fd00000000000000000000000000000000000000fdfff7fefafcfff703f702fcff01fd05f807ff070c0206fc01f706f509fe0409f804f7fe0304030af709f100f6f502ef03f3faf7f7f2
437,59160355,-40,11,128,1,0,0,144001413c1efd1a3a163a16f8182f216824611d6117631a521d3c1136044502590357054b0642fe37f239ec37f129f622f518fb1005040200000000000000000000000000000000000003010907050b0b12151515070e010c0a0d0817092a14391e3c2e373236263f244f3053314c304c3a463d3d393f324a2f613b6f43653c
438,59214432,-26,11,128,1,0,0,0eeff04117fe11f80604fc0b000207f801f7fefb05000300f8fef7ff00fa01f701fe030300fff9f9f9fbfc03fe0401fdfefafbfafefb00fe000000000000000000000000000000000000fd01fc05070108000101fe01fd04f804f5fcf9fafffe050004ff0205000700fefdf5f4f4f5f8fcfff800f0fef1fff5fcfef804fcfe02
439,59261128,-28,11,128,1,0,0,866ff84118f620fc15fd0105fa08f8fcefefefef02030c0c04fd09f310f40bfa08fd07f503f5fdfbfff8fff8fc03fd0502030108f70bfc0200000000000000000000000000000000000002010406fdfffdf8fffdff000101090510050802f800f3ff04060e0b050507050bfe03f2fdeef8ebf6edf4f6eefff2f7f8ec01ef0deb
440,59385664,-28,11,128,1,0,0,14400141bdbcbebbbec6beccbfc1c0bec1c2c8bdc8b4c3b7cfc3d5cbced1cbd5c8d1c4d0bdd3bad5c1d8c4d8c8d2d0d1cfd4d8d8eadbfcf7000000000000000000000000000000000000f9f9e8e5eae3e8d8e2d0dad0dccfe8d0e9d1e6cfe3c9e0bbe1b8debaddb4deaed9a5d2a9ceb8d2b9e3b7e9b9ddbdd6b9d0abc9a9ccad
441,59724294,-27,11,128,1,0,0,2ff7724105160418fb0d02040807fd05ef00eaffef00fa02fdfcf3f7f6fb03fa06f8fefbf7fcf9fbfefbff0204080304fc01fa02fafcfefe000000000000000000000000000000000000ff00ff0302030203fd03fa05fa05fd05fcfffaf9fafbf7f9f5f6f6f3fff70602fdfdf4f4f6f8fcfe000108040d07070402f9f6feeb08
442,59877749,-27,11,128,1,0,0,4ff5544103f605040506fd04fffb07f60402030506ff04030007fcfef5f4f4f4fbf9fcfefafbfef4fffcfd07f903f6fdf602fb0502fc01fd00000000000000000000000000000000000000fefffdf901f700fcfffc05fc0afd0600fe07fd0707010f000f030eff08fb0106030703f602ef02fe02070503fff9f9e6fee104f609
443,59959766,-26,11,128,1,0,0,b1144b41130d0f0108f5fcefeef0f0f9fa01fb02ff010405fb0ef414fa0b06fa0bfb05fd06f50af90402ff05fdff02f909fc08010007ff0200000000000000000000000000000000000000fffdfdf8fff9fdfdfaffff00fcfdf601f70af50df40bfc05f701ef00f90704100210fb0803000802fa04f7fc01f9fdfaf7f7f9e9fc
444,60030965,-87,11,128,1,0,0,155bb141ffff0010fd1afb0cfa01fc01fffffdfdf9fefb01fe00fefcfdfefe03fe04fe00feffff01fe00fcfffe00fffefdfcfcfdffff00000000000000000000000000000000000000000000010101ff01fd01fc01fe0000fe00ff0002fe01fc00fc00ffff03ff04fe01fffe00fb01fcfffefefa00f7fffafa01fa05f901f7f8
445,60216765,-37,11,128,1,0,0,7331174101ec00f10cfb1205020afa0efe0afa08fe0707030408000bfe08fd06020502020101050305030302000000fffffffefffefeffff000000000000000000000000000000000000ff00fe00ff000100010001ff03ff0700040102ff07fb05f500f307fd0fff0bf2fee9f6e7ffec05f9f8f9f5edf3f1ee04f206fdfe0d01
446,60287760,-27,11,128,1,0,0,9dd11941eb0efc0909fe04fe010a040506f808f607f701000308040402fcfff8fafbf8fef7fef8fffc00fe02fb01fefe04fd06f804f900ff000000000000000000000000000000000000ff01fe05010004f8fef9fcff01fe04060610060503f1fceff2fbf6f8fbeef7eff7f7fe0008ff04f7fafcf305ed01ee01f008ec03dcf6
447,60288534,-28,11,128,1,0,0,1aaff141e6fefffd0802060104fd04040b0b120e0a0905fd08000307fffe00f0faf4f501f90504010cfa0bf506f9040004fe05fe03050002000000000000000000000000000000000000fefcfbf5fffe03060407030103f704f604fbfbf9f5fdfe0b060f040703f503eefafdf508000104fa01fdff06ff0f000dfeff02f20ef0
448,60540607,-28,11,128,1,0,0,177331410b0103f5f402f111f312f90fff0afafef2faf108fc0f0a090502fbfcfaf6f6f6f4faf8fffe000304010600010202010003f901fd000000000000000000000000000000000000ff0001020104ff03ff03fd05fe0407010501fd08fc0ef50cf301f9fbfdff07001404130b0a0608060a0411fb0ff206ef0d030719ef16
449,60641881,-26,11,128,1,0,0,9777794108030102f604f20fff17030af90302120e150a0a05ff05fb09f608ef06f308f70df20ef609fc01fbfdfa01fb03f901fe02090103000000000000000000000000000000000000fefcf8f8f8fbfffe0200fbfeff08fb0cf403fc03fb05f403f604fc03f9fff6fefc01fafdeef8f004fe0d0005f805ed0eed07f9f5fded
450,60654899,-27,11,128,1,0,0,1440014152265128521d591763235d274e224c26512450194d1b461a3d0d3d0a4c094f08470d420b3d0c3d12401241133c172f17271109030000000000000000000000000000000000000902230d221622241f2c212a222a1c2b19281e252a2a313336333931363635413b4f404d433f413a313b2c3937353c35473a4f394338
451,60953321,-28,11,128,1,0,0,f0077f41150113f312f310000006f7fffffa03f9fbf7f7fefc090109ff01f6faf3ff0208110810050d030fff0dfe060101060106ff00ffff000000000000000000000000000000000000ffff00fb06fe07030002fe0204fcfff5f4f8f8fa00f4fef303f20def11f30df50dfd0f030afd0803070d060efa0cf004fcff06fc06fc
452,61223239,-27,11,128,1,0,0,144001415231572958285b2d5d2c582c522a4b274a294d28461f3c163c114210490b4c0a4a1145143d143b153b1439133419251e2019080500000000000000000000000000000000000008051e131d192127242c1d291b2a1d2b1c2620252a2b34353734383039353a3a3c433a4a33442d3f2941254728443138403d4f4c514c
453,61462682,-26,11,128,1,0,0,f0077f4106ec07f9040c0e1212fe0cf80208f50df00cf012f80cfffd00fc0a060c070605040602060201fd03f707f805fc00fdfcfbfcfeff00000000000000000000000000000000000000ff03fb04f903fe020aff0bfdff04f608fc02fcfceef7f0f504fc130215ff0f01070aff130216060805fd050d0019ff0f0b0017021b
454,61567779,-29,11,128,1,0,0,766aa741020d040e06090301fb03ff050a08080a020304f905f805fd08ff06fa00f800fd03030604060000fcf9fdfb01000100fffc02fe0100000000000000000000000000000000000000010008ff08fd06fb03fd04ff03ff04ff06ff00fbfaf6f7f9f80003020afe00f9fbf7fef7fcfe01040400f5fbe9faf103f806f7fffd
455,61591234,-26,11,128,1,0,0,71133741f909ff0301fcf9f8f9fdfbfef701fb0501ff04000a090e0d090502f9fffbfe06fd09fefffef8fcfafc0000040301030103060002000000000000000000000000000000000000fe02fb05fc00fd00ffff04fb04f9fdfafc02fd0bfa0df709fafffdf100ef05f905ff03ff020302080707080a0812050ff206ebfdf7f4
456,62772269,-90,11,128,1,0,0,4ff114410d090b0907060404030004fe06fd07f909f70cfa08fa04fd0601090109010701040003fe02fc01fc01fd02fb03f802fa01fd00ff000000000000000000000000000000000000000102030202030305040506030801070008020c030802030006fc07fb05ff0203020302ff00fe0103030a070e080e070d060807030b
457,63489089,-92,11,128,1,0,0,4ff1144101090209000400ff00fb00fafffafbfafaf8fcf5fef5fef8fbf9faf9fbfcfafef9fdfafcfdfe0000ff02fd04fd06fe06ff06ff01000000000000000000000000000000000000000001ff00fd02fb05fc04fb02fb03fc04fc05fc06fb05f903fafffcfefafff9fffbfefdfc01fa05fc06fb08f809f60af80bfa0bf907
458,64130968,-91,11,128,1,0,0,dddffd4101020202020102fefffefe0100ff00fe00fe00fefffefefffefefefcfdfdfffe00ff00fe01fd01fe01000001ffff01fe03ff000000000000000000000000000000000000000000ff00fe00010203010200ff0bfc14f909fdff02010e0118010b01ff0500060000fefcfffd02000102010102fe01ff02050007fd03fd
459,64236661,-91,11,128,1,0,0,a8888a41ff02ff03fb02f902fc04fe03fefffefdfefe0000010000000101010201030304010100ff00000000fffffdfffdffff00ff00ff00000000000000000000000000000000000000fffffdffff01ff010000fffffffe02fe04010201fffd02fc06fc02fb02fe040102ffffffff01030206010601090b0c130508fcf9f9f6
460,64342327,-91,11,128,1,0,0,53355541fefefd00fe010003ff03fe0101fc01fa01fbfef1f4e9f4f3f9fefb09fd0dfe00fef8fdf9fcfcfd00fffefffcfffefe01ff01ff00000000000000000000000000000000000000ff00fe0004fb07fa05fd03fefffdfefc01fd0000fe04fd05fb03fd03000101fb00fa00fb01fd01000000ffff0201040005fd04fd0200
461,64410717,-91,11,128,1,0,0,4ff1144108fd05fe06ff07ff0300fffdfefafef800f500f3fef5fff601f603f804f802f6fff8fefcfdfefbfffbfefcfdfcfefdff00fe00ff00000000000000000000000000000000000000ff02000401050304030402050306050606070604060106ff0500040203010103ff04ff050007ff07fb08f909f90bf80bf70af709f8
462,64513141,-93,11,128,1,0,0,4ff114410903050004fc05fd03fe01fc00f702f602f6fff4fdf3fbf3fbf6fbfafbfcfafdfdfe01000000fe00fd02ff03ff04fd04fc02fe00000000000000000000000000000000000000fe01fa03fb00fbfefbfdfafcf8fbf8fcf9fdf7fef8fefb00fb00f9fffbfdfe00fe04fc03fe030205040607070909090b0a0c0a0c090c
463,65639556,-92,11,128,1,0,0,4ff1140005f803f902f802f802fafffbf7fbf2fbf4f9f7f6faf4faf3f9f4f9f8fbf9fcf8fcf9fcfcfcfefc00fb01fc00fbfffafefcfdffff00000000000000000000000000000000000000ff01fe03ff03fe03fc04fc08fc09fc09fc09fe09000a010902060003fe02ff020004ff03fc02f904f606f504f406f209f107f107f2
464,65727936,-92,11,128,1,0,0,b1177b4100ff0102ff00fe00fe01fe00fc00fd00fcfefbfdfdfe00ff0201010101ff01ff0000ff00ff00feffffffff00ff01fefffffd00ff0000000000000000000000000000000000000001ff03ff01fffefdfffd03ff0bfc0ef803f9fffe100217ff07f8fdf7fefafffd01ff03000202fe0000fd0200ff04fd0500040003fc
465,65939110,-92,11,128,1,0,0,e55ffe41fc0000ff030002fe00fd00fe01fe00ffffffff0b0118000c00ff0b0018020e0001fe00ff01ff00fdfefefeffffff01ff01ff00ff000000000000000000000000000000000000fffdfdf8fefcfe01ff020100ff01fb02fb02fd01010004ff04ff03fe03fd0000fd00fdfefe01fe02fe01fe02fd030001020001fefdfd
466,65942182,-90,11,128,1,0,0,199bb14103ff01000101030103000000fdfefdff000000f1fee2fef0ff00f50aeb13f40bfe0100fe02fefffefefe01ff01fe01fd01fe00ff000000000000000000000000000000000000fffffefdfcfefbfefefe02fe050105020101fffffffdfefdfcfdfdff00ff01ff0001fdfffefd02ff03010201fefffffd02ff02020102
467,65946747,-94,11,128,1,0,0,4ff1144108f805f602f900fe01fd01f8fff5fff502f605f606f807fa08f806f805fc05ff03ffff00fefefffb01fb01fd01fc02fa03fa00fe000000000000000000000000000000000000fffefefafffcfffdfdfcfdfc00fb04f904f802f803fa05fb05fc02fc02fb01fdffff00fd00f9fff8fff901f805f605f304f205f506fa
468,66253962,-93,11,128,1,0,0,4ff1144108ff05fd07fb0afa07fc00fdfffc00f8fff7fdf7fef401f501fa00fcfff8fef6fdfafdfdfdfdfefeff000002fd01fbfffafefeff000000000000000000000000000000000000000000030003ff03fe050005020502080008ff07ff060008010a020a0009ff0502010501080009ff0aff0bff0aff09ff0b010b0009fc
469,66458761,-91,11,128,1,0,0,4ff11441fe0800050202030005fe05fc05fc05f906f506f605f904fc05f907f704f801f9fffcfffc01fc01ffff03fc04fa03f902f803fe0100000000000000000000000000000000000000000200030002ff02fd03fb02f800f700f700f800f800f800f700f902fd02ff00fffefffb00fb02fc04fb07fa08f908f708f608f808
470,66561175,-95,11,128,1,0,0,4ff1144104040402040104ff0401050106fe07fb07f809f80bfd0b010aff090008020603020300030203020101fe01fc01fc01fc02fb00fe00000000000000000000000000000000000000ff03fe030003030205010501040005ff07ff08010802090309020702080208010602040600080009030a03090308080a0b0c090c07
471,67175595,-92,11,128,1,0,0,4ff1144104f302f601f900fbfcfdf9fcf9fbf8fbf7fbf7fbf6faf7faf9faf9faf8faf9f9fbfafdfdfefffefefdfefc00fd01fd01fb00fe00000000000000000000000000000000000000fffffffefffdfffe03fe08fb0af908fb07fa08f907fc070006010400030003fe02fc01fb00fbfdf9fef6fff300f101f200f200f100f3
472,67278003,-91,11,128,1,0,0,4ff11441fcfcf8fbfafdfb01fc03fd02fb02fa03f905f605f504f605f504f302f500f801fb01fc00fcfffcfffe0100020004ff05fe05ff01000000000000000000000000000000000000ffff00fe01fcfffbfcfbfdfd02fc03f701f602f902f903f904fc03fc00fafffb00fefefff9fdf8fef9fff7fbf4f8f4f6f7f4f6f5f3f7
473,67324650,-92,11,128,1,0,0,9006694101fe00fdfefcfffe0100000000ff00fd01fd02ff00fe01fc01fdfefefc00fdff00fffeffffff01000101020102010002010000ff000000000000000000000000000000000000ff0000010100ff00fe020002f701ed01f6fe02fc07f609ef03f7fcfffa01fd0001fc03fd0101fe01fffe04fe06000400fffdfbfefe02
474,68404436,-91,11,128,1,0,0,4ff11400fc060207030303000502060407060608070b080f060d050a060906060505040504050305020200fdfffd01fe04fe04fe03fe00ff000000000000000000000000000000000000fffffefcfdfcfbfcfcfdfcfef8fff500f5fef6fbf9f9fafbfafcfcfbfdfdfa00fbfffc00fa01f903fb07fa09f80cf50df40af508f50a
475,68814028,-92,11,128,1,0,0,4ff11400fcfafbfbfcfafcfcfbfffa01f902f703f405f605f804f704f504f602f702f803f905fb04fc02fe0200040104020302020103000100000000000000000000000000000000000001000501030103010600080007fe07fe0602070309040a050a0406040602060003fe01fbfff9fdf8fcf8fcf7fdf4fef200f202f303f4
476,69018837,-92,11,128,1,0,0,4ff1140004fa02fc02fc01fc00fbfdf9faf9fafbfbf9fbf7fef600f5fef3fff503f604f502f7fffbfcfdfbfefbfefbfefbfbfafaf9fbfeff000000000000000000000000000000000000fefffefc03fc04fb01fa00f903f806fa06fc05fa04f905fb07fb08fb07fd05fd04fd02fcfffb00f903f703f602f603f606f407f304f2
477,69933427,-92,11,128,1,0,0,f00bbf41ff03000101fd01fd01ff010003ff05fd04fd02fd00fe000001010000fe00fefefffefefffe0000010100010001000000fe00ffff00000000000000000000000000000000000000ff01000101ff01feff01fef8fcedfcf7fe0000000cfe17fc0cfa01fbfefdfffe0000ff00fdfefcfffcfefafcf9fffa02ffff03fd05
478,69940476,-92,11,128,1,0,0,4ff11441fbf3fbf5fcf8fdfcfbfdf9fef7fef5fdf4fef4fef5fef5fcf5fbf4fbf5fef701f801f8fff8fffa00fe00ff02fc04fa03fa00feff00000000000000000000000000000000000000ff00fdfefefbfffcfdfcfafbf6fdf5fef4fef301f403f504f605f703f800f8fff8fef9fbfcfcfdfafbf6f9f7f7f8f8f6f9f3faf4fa
479,70037034,-91,11,128,1,0,0,5bb1154102f90b000f06070200ff010001fefefdfcfdfdfdfefe01ff0002ff020102020003fe03fc02fe0000fefffefffe0000ff01ff00ff000000000000000000000000000000000000ff0000ff01fd00fbfffdfe01ff03ff03fe01000201040002ff01010102ff01fcfffafffbfefefefefcfffd00030207020300fe01fe06
480,70037435,-93,11,128,1,0,0,81144841ff040003ff02010201010201040102000000000300030003ff04ff03ff00fffefefdfefefe00fe01000000ff00000001ff01ff00000000000000000000000000000000000000fdfff8fefbfcfffc00ffff01fffffcfffc00fdfffefefe000203040101ff00ff00010103030104ff04fc02fc070011050c0704070201
481,70141964,-94,11,128,1,0,0,255ff241feffffff00fe01fc01fb02fb03fb03fc02fe000afe14fe0aff0006060e0a0605000000fe00fefefefdfdfdfdfefdfffe00ff000000000000000000000000000000000000000000010103000100000201040100fffbfffc0001fe03fc05fe04010002feff00fefffefdffff010202020100ff00ff00fffe00fd000200
482,70142505,-92,11,128,1,0,0,dccaad41ffff0101030103fe00fdfefdfdfdfdfeff00fd0bfc13020906fefc01f004f602ffff00fffffffe01ff0100fffffffe00000200000000000000000000000000000000000000000000020103000001fd01fdfffe01000100ff00fefffffdfffdfdffff0000fefffefe01ff010201040101ffffffff01fe030305060400
483,70247670,-94,11,128,1,0,0,4ff1140007f605f601f9fdfbf9fdf7fdf7fcf7fcf5faf2f7f3f8f6f9f8f9faf7faf7faf9fcfafefbfffdfcfefc00fd03fc04fc03fd04ff010000000000000000000000000000000000000100020000fc01fd02fc02f804f905fc04fc04fb08fc0afd08ff06ff04fc02fb01fb00fcfffcfefcfffafdf5fdf400f4fff2fceffcee
484,70452493,-91,11,128,1,0,0,4ff11441070005ff06fb04fbfffafaf8f9fafcfbfbf7fbf3fbf3faf6fbf7faf7f9f8faf9fbf9fbfafcfcfe000003fe04fd04fd06fd06ff010000000000000000000000000000000000000000ff04fd04fe03fd02fc05f907f705f702f802f803f703f701f900fd01000202030405050406010900090109020c030d030e021203
485,70554886,-92,11,128,1,0,0,4ff11400fef6fefafcfcf9fef9fef9fdf7fef4fdf4fef6fef7fdf5fdf4fcf5fcf9fdfcfdfbfcf9fcf9fdfcfefe00fe02fc03fc04fc04ff0100000000000000000000000000000000000000ff00fcfffa00f900fafef7fef500f705f807f806f808f808f806fc04ff01fbfef9fdfafcf8fcf7fcf8faf7fbf6fdf6fcf5fcf3fef3
486,70596665,-93,11,128,1,0,0,28888241ff01fe0100000101ff00fcfef900fa05ff0504ff09000a09080602faf9f7f9fafdfffe03fd01fefdfefdff000305ff05f603fc0000000000000000000000000000000000000000fe02fc02ff030002000000ff00000001fe02fe02010101010000fe00fc01fd00fefffd02fd02ff0200040103010001fcfffcfafdf7
487,70657285,-92,11,128,1,0,0,4ff11441070107fd07fd05ff03fd02fa00f9fff801f601f5fdf3fcf4fdf6fef701f702f800fa00fe0000ff00fe01fd01fa00f800f800fe00000000000000000000000000000000000000ff00fc01fe020102ff03fc04fb04fc05fb05f805f904fd04fd07fa06f904fb040005050407030605040308000b0209040b0510061405
488,71528052,-92,11,128,1,0,0,f99ccf4105fc04ff01ffffff01000102fe01ff0002000202010201010101fe01fb00fdfffe00fe01fe02fe00fe00fd01fc00fffe01fe00ff000000000000000000000000000000000000000000ff01fd02fd0100020101f7feeefef6fefef4feecfff700010201ff01fb02fd020002010203020204ff07000601040003ff00fc
489,71633410,-90,11,128,1,0,0,78866741fc05fc06fcfe00f905fa03fbfefafdfafdfafffeff01fe02fd01fd01fd01fe01ffff00feffffff01fe01fd01ff0001fe01fe00ff00000000000000000000000000000000000000fffffdffff000101ff00fcfffcfffe000002ff02ff010101ff02fe01ffff00ff0102020103fe0201fe02fbfdf3f9ecfdf403fb03ff
490,71741505,-95,11,128,1,0,0,9bbee941000102ff02fe01fd01fd02ff03fe0200ff02f500edfef6ff000005f90af205f9fd00fafffd01ff0201010000ffffffff01000000000000000000000000000000000000000000ff00ff000101020101fd00fb01fd00fefeffff00ff0100010201030103010102ff03ff0100fd01fa03fa03fbfdfcfafdfe0201060002
491,71784114,-92,11,128,1,0,0,4ff11441fc07fd06fc02fe00030207020704070606040604060706060705060409030a03080206020501010001fe04fc03fc03fa05f701fd000000000000000000000000000000000000fffffefefefefbfdfafcfafbfafbf8fbf8faf9f7faf6fcf9fcfafbfbfafef9fffa00fcfefc01fa06f909f808f703f703f907f808f507
492,72295748,-95,11,128,1,0,0,4ff1140007fc03fc00fc02fa00f9fdfbfffcfdf9fbf6fcf3fff1fff500f600f3fff401f702f903fa02fcfefcfcfefc00fcfefafcf9fdfeff00000000000000000000000000000000000000ff02fe00ff020006fd06fc06fd06fe06ff0600080209020601040105020403030203fe02fb02f904f707f506f505f608f70cf80bf9
493,72398157,-93,11,128,1,0,0,4ff11441f505f904fc04fc05fe050005ff06ff08ff0b010c010b010a000bff0aff09fe08fd06fd0300010101030204020301020203020000000000000000000000000000000000000000fe00fa02fb00fbfefafbf8faf7faf8faf9fbf8fbfafbfcf9fbf9fbfafcf9fcf9fafcfafefafdf9fff903f804f506f209f109f105f204
494,72602935,-91,11,128,1,0,0,4ff11400fafafbfafb00fc01fa00f903f906f908f706f605f504f502f401f600f700f802f802f901fd02fe02fe03ff050006ff04ff04ff01000000000000000000000000000000000000fffffefcfffcfffcfffc01fb02f900f901f702f702f903fa05f905fa02fefefdfcfcfbfcfafcfafbf9fbf5f9f4f8f5f8f7f5f6f5f4f5
495,73126024,-93,11,128,1,0,0,6ddee64101fd00fefffdfefffe00fffefffe00ff00ffffff01fe02fe00ffff01ff01ffffff00ff01ff01ffff00fe02fe0200000200030000000000000000000000000000000000000000ff00ff0000fffffcfefdff00070010ff07fffefefbf3f8e8fbf4fe03ff0301ff0101ff030101020002ff02010103fe02fd01ff02ff04
496,73228883,-90,11,128,1,0,0,e8833e41fefffefdfffdfffffcfefbfcfcfcfdfffe01ff01ff01000200fffffb01fc010100060204050006010301ff00fafff901fd03ff0000000000000000000000000000000000000000fffffefd00fd01ff00fffefefdfcfffafffc000000fe00fb03fd03000001000001010101feff00ff0100fffbf3f6ebfaf6fcfbfaf9
497,73229275,-92,11,128,1,0,0,62222641fffe01fefffdfefd00000203fd04fb03fffe00fc00ff01000203030402020000fefffefffffffcfffafefdfe020206060603010000000000000000000000000000000000000001010304020100fe01fd01feffffffff00fffdfefbfefcfffe02000101fe0100ff010000ff04fe0601fe02fbf900f000f4fffefd04f8
498,73229444,-91,11,128,1,0,0,6880064103020102fe04fa03f9fefdf9fffc000003ff03fb01fd0001000001fc00fefe03ff030004ff0901090304060006fc03fd02fd00ff000000000000000000000000000000000000ff00ff00fe00fe00ff01ff01fe03ff02010001ff01fefefffd00fefffffd01fb00fcfd010003ff01fdfe00fd06080b110306fcfbfffc
499,73232253,-88,11,128,1,0,0,6ffee641ff02fd00fefefefffbfffcfdfffeff01ff03020102fffefefcfefffe020003020002fc00fcff00020502050102000100020300010000000000000000000000000000000000000000fffffffcfefefe00000002fe01ff00ff00fe0100010001fe01fd0000fe03fd03fcfffdfd00ff02000100070e0e1a060cfeffff03
500,73422163,-92,11,128,1,0,0,4ff11400fb02fa01f900fb02000403050305030703080209ff08ff0801080109010802070107ff05ff0301020201000002ff05fd07fc01ff00000000000000000000000000000000000000ff02fe01fe01fcfffbfefbfefbfef9fbf8fbf9fdf8fef7fef8fef9fef9fffcfd00fc02fd02fc01fb01f803f703f502f303f203f300
501,74036590,-94,11,128,1,0,0,4ff1140000f900fafffafdfbfcfefa01f801f600f800fa00f7fef5fff4fff5fff602f604f802fafffc00fe0100010200030103030104000100000000000000000000000000000000000000ff00fe0101010301040205040604070305020502050305040405040503040103ff02fd02fb02f801f603f405f405f504f405f305f6
502,74343806,-94,11,128,1,0,0,4ff11400f8faf9fff901fb01fd04fd06ff0a010c010c010dff0dfd0afc0afe0aff090009fe08fe06ff030001010002ff0500080008ff02ff00000000000000000000000000000000000000ff02fe03fe04fd05fb04f804f704f804fa04fa05fa07fc05fd02fd00fb00fa00fdfe00fbfffafbf9faf7f9f6f7f5f6f3f8f3f9f6fa
503,74446198,-93,11,128,1,0,0,4ff114000106020303020402060109000bfe0bfd0900090009fc09fa0afe0a010703050204fe04fe02fffffdfffbfffb01fc02fc00fb00fe000000000000000000000000000000000000ff00fd03fc03fd04fd07fa07f907fb07fa07f908fa08fa07f903f702fb03fd04fd05fe0301020205030804080609060a060d05110410
504,74958215,-93,11,128,1,0,0,4ff11441fbf8fbfaf9fbf600f700f901f902f901f801f700f6fdf7fbf6fbf4fbf5fbf8fdfbfcfefbfdfcfbfefbfffc02fb03fa00fbfeffff000000000000000000000000000000000000ff00fe01fe00fdfdfafcf9fcf8faf7f9f7fcf6fdf6fbf9fafcfbfefdfefcfbfbfafcf9fef8fdf9fcf7fdf4fdf3faf5f8f4f6f0f5edf5
505,75367834,-93,11,128,1,0,0,4ff11441fd0bff07000204000705060405ff08fd0bff0b000cff0b0209020b000c010802050004ff040004fe03fd01fc01fb02f902f800fe000000000000000000000000000000000000ff00fe00fefffd00fa00f8fff8fdf9fbf6fdf5fff6fef6fdf5fef7fdfcfcfdfdfc01fc05fd07ff09fd0bfc0c010a0209fe0bfe0c010a
506,76289479,-93,11,128,1,0,0,4ff11441040304030402020001fc00fb02fb04f804f605f605f505f605f704f801f701f700f901fafffbfdfdfdfdfbfffa01fa00fafffeff000000000000000000000000000000000000ff00fc01fc03fb04f704f504f604f803fb00fdfffc00f8fff6fcf7fcfafefcfdfdfdffff020403050506060a050c050a08070909080b
507,76596661,-94,11,128,1,0,0,4ff114410805090407020604080609020afd09fc09fc0afe0a010703070406050607070606040403040003ff01000102030103000201000000000000000000000000000000000000000001ff06ff04ff03ff0501060007fe08ff0a000c000a0007010402050207010601060106ff05fe06fe0afd0bfe0aff0b000b0209020800
508,76903858,-91,11,128,1,0,0,4ff11400fdf5fef7fcfcfbfdf9fcf8fcf9fef8fff601f702f8fff5fbf4fbf7fffbfefdfbfbfcfafcfcfefd02fe04ff04ff04fd03fc03ff0100000000000000000000000000000000000000ff00fdfffcfef9fef7fef9fdf8fcf4fdf5fff801f702f501f901fd00fefcfffbfefbfef9fdf6fdf7fcf7f8f4f7f5f7f8f6f8f7f6f7
509,77323949,-93,11,128,1,0,0,d0077d41ff01fefffffcfffcfefd00ff02ff03000102ff01fbfffafefeff0001010101000100000000ff01ff00fefffdfffcfffe02fe00ff00000000000000000000000000000000000000000000ffffff00ff00ffffff06010d0007ff020902120108ff01fd04ff020102fd04fc02fefefffc00fe020000fffd00fd02fe01ff
510,77337599,-27,11,128,1,0,0,8000084103000d00110a05120107fff9fbf6fef5f8f4f7fa0407010bf506f802fcfdfbfafffdfe04fb03fcfafbf7fcfbfdfdfdfcfef9fffe0000000000000000000000000000000000000103030b0105ff02fd05fd07f906f306f6fefcf4fef7fcfdfefd050109fe07f100f0fcf7fc01010c0107fefef804f502ffff0d0a170d
511,77490293,-26,11,128,1,0,0,25533241f7f6f402fc0a08130c16100b0afef5fbee00f7fef804f505f4f6f8fa07080705f802f403f802fd02fbfcfbf505f508f702fcffff00000000000000000000000000000000000004ff10fc12fd10fd04f9fcf7fcfefbfafefaf9fbf4eef2f0f7000f0e161a0e1e0f16070cf601f503ff0605f60be011e30ef50afb08ff
512,77620687,-91,11,128,1,0,0,4ff114000afc07fb03fa01fafefcfcfbfcf8fcf5fdf5fdf5fcf4fdf4fef4fff5fff6fef8fff901f902fbfffcfdfefc00fafff8fef7fcfefe0000000000000000000000000000000000000000010001fe02fd03fe03ff0401060308030b040a0308020603050404010401050005fd05fb06fa05f805f507f309f409f40bf30def
513,77825623,-92,11,128,1,0,0,4ff11400fff7fef8fafaf8fcf9fffc02fa02f503f304f502f602f403f502f701f802f904fa02fb01fc02ff03ff04fd05fd06fe05fe03ff0000000000000000000000000000000000000000ff00fd01fc01fb01fb01f900f7fff701f804f904fb03fc04fb05fd04fe01fcfefafdfbfefcfdfafcf9faf8faf7f9f6f8f3faf2fbf3
514,78170727,-48,11,128,1,0,0,1ee001000707080c09100b130c160e160f16101510130f110d0e0a0b06090206fe04fa03f602f201f001ee01ed01ed01ee02ef02f002fc00000000000000000000000000000000000000fbffecfbeafbe7fae6fae5fae6fbe7fbe9fbedfbf2fbf7fafdf903f808f50cf310f012ed14eb14e914e712e710e80deb0bee09f208f5
515,78223010,-47,11,128,1,0,0,1ee00100fefafdf4fceffbeaf9e6f8e4f7e3f6e3f5e4f5e6f5eaf6eef8f2f9f7fbfcfd01ff06000a010d0310031104120412041204110104000000000000000000000000000000000000fefafaeafbe8fce4fde2fee1ffe100e201e502e903ef03f503fc0203020a02100116011b011e0220022203220320031d03180213020f
516,78235086,-92,11,128,1,0,0,4ff1140004fb03fd02fe00fdfcf9fcfafafbf5faf4faf7fbf9faf8f9f8f6f7f7f7faf9fdfbfefbfefcfffefefdfefdfffc01fb03fb03fe00000000000000000000000000000000000000fffffefe01fe03010401050007020802050207020a000701040402050204030204ff04fe04fe02fb02f704f404f306f407f80af90cf6
517,79129986,-91,11,128,1,0,0,e3344e4101fe01fd01fe03010204ff0102fc07fa04f9f9f0f1e8f7f2fefd0806110f090800fe00fd00fdfefdfdfdfefffe0100010301000000000000000000000000000000000000000000ff01fd00fdfffeff01ff03fe02fefdfffcfffe00fd01fb02fb02fe030103010102030105000100fdfefeff010101fffefdfd000105
518,79975952,-93,11,128,1,0,0,4ff11400fb05fa04fb04fe04000203010602060406030505050606050705080706060305020502030102000000fd01fb03fa05fa06fb01fe000000000000000000000000000000000000fe00f902fa01fd00fdfefafdf8fef6fef6fdf6fdf8fdf9fefbfffbfdf9fdfa00fa02fb01fc03fe05fe08fe0bfd0afb09f80bf80df90d
519,80283155,-93,11,128,1,0,0,4ff11400f800fa01fc01fc03fc05fb07fb08fb0afb0afc0afd09fd06fa05f604f702fa02fcfffbfefb00fc01fd02fd03fe05ff04ff05ff01000000000000000000000000000000000000fffffefdfbfef9fff901fa01fbfefafdf8fcfafafdfbfcfbfafbfbfafcf9fafafafbfbfdf900f800f901f704f706f703f301f101f201
520,80590370,-94,11,128,1,0,0,4ff11441fb02fd020002020102020105020703050105fd08fc09fc07fc05fc04fc03fc02fc00fcfffdff00030006fe05fe05fe06fe06ff0100000000000000000000000000000000000000000102010301050107010701070107fe06fb05f907fa07fb05fb03fa04fd0400020002000501070106ff06fc07fa0bfb0cfb0af90a
521,80999984,-93,11,128,1,0,0,4ff114410401030003ff02fe03fc03fd01fe02fc05f906f905fa06fc08fd08fc08fb06fd02fe01fe01fc02fc02fc02fb00f8fff902fa01fe000000000000000000000000000000000000000001000100010002010302040305040604040403040207020901080204030000ff00000203050209fe09ff08000a000bff0bfe0aff
522,81102395,-96,11,128,1,0,0,4ff11441fafefa01fb04ff04030403030102fe04fd07fd07fc08fc09fe08fc07fc05fe05fd04fc01fefe00ff01020004ff05000401030000000000000000000000000000000000000000fefffafffc03fe04fd03fb02f801f600f800f9fff9fff9fffafcf9fdf900fc00fcfefcfefdfffefefe00fc03fa04f806f608f507f606
523,81634116,-93,11,128,1,0,0,d22bbd4101fe02fe0100000000fefffefefffeff00000001ff01ff0000fdfffeff00fe00fe00fefffefffefd01fc01fe000001ff02ff0000000000000000000000000000000000000000fffffffe01fe02fe00fe0000fe02fe02ff01ff01fffefffcfffdfffd00ff0000fe00fcfffdfbfffc00ff00fd01080214fc0af401f901
524,82228802,-93,11,128,1,0,0,4ff11441fdfbfcfafcfdfe01fd03fb02f801f804fa06f806f804fa02fb04fa06f804fa02fd02ff02ff01000002000301050005ff05000100000000000000000000000000000000000000ffff0000020104030204010502060304020204020705070505020100010301030102010101fefffafff601f402f402f402f503f703f9
525,84686473,-93,11,128,1,0,0,4ff1144106fc02fb02feff01fc00fbfdf9fdf8fff7fdf6fbf6fbf6fcf5fdf7fdf9fdf9fefa00fd02fe01fd00fe0100020100fe00fb03fe01000000000000000000000000000000000000ff01ff04ff03ff01ff02fe06fc06fb06fd06ff07ff09fd09fb07fb04fd01ff02ff01ff0002fe05fd060008ff09fc0bfb0df90dfa0bfd
526,84721785,-93,11,128,1,0,0,688ff64100fdfdfffcff00fe0200000000ff01ff00000101030003000100fefffefffe00ff0000fffefefefd00fefffffe0000ff01fd00ff000000000000000000000000000000000000ff00ff0001fd00fcfdfdfdfeff09011201080201fd03f402fc0207050506ff02fcfffafffbfefffc04fa05fc02fefdfefcfffd00fcff
527,84737270,-47,11,128,1,0,0,1ee0010007f90cf710f414f216f017ef17ee16ee14ee11f00ef30bf607fa04fe0002fc06f909f60bf40df30ef20ff10ff20ef20cf30bfc02000000000000000000000000000000000000040011001400170019001a001a001a00170014000f0109010201fc01f601f002eb02e603e304e205e106e107e306e806ec05f104f502
528,84825420,-91,11,128,1,0,0,c99ddc4100fb00040104010100fefdfefd02000201fffffcfefdfe00fd02fd02fefffefcfdfdfbfefbfefcfdfffd00feffffff00fe02ff0000000000000000000000000000000000000000ff00fe00fdffff0002ff00fdfcfdfbfbfbfbfcfefe01ff0101000302040101fffd01fc02fd01fdffff00020505040a020e040c090b
529,84930495,-91,11,128,1,0,0,94488941fe02fd00fa00f900fb00fcfffbfffa01fb04f403ed01f5ff00fefbfff401fa0100fffefefeff01000100ff01fe01ffff00fe00ff000000000000000000000000000000000000fffffffcfffc00ff000000fefdfdfcfdfefc00fd010000fefefcfcfcfcfffc03fb02fcff00fbfcf4f7f3fdf903010303ff03f9fff7fc
530,85946301,-92,11,128,1,0,0,333ff34100fe02fe04fd00fffc00fe020107030400fffb08fc11fd0ffd06ffff0009ff0b00fe01f8fffdfe02010002fd01f9fff6fcf5fefd00000000000000000000000000000000000000ff0201ff01fdfffefd00ff00ff01000102ff00fdfefdfffdfffefe01ff02fffffefefe00fe01ff00fffefdfffcfeff00ff01fd00fe
531,87539573,-89,11,128,1,0,0,59966541020103ff02fd00fefeffff0001fe0101fe03000a070f060702fff7faedf6f6fa01fe02010202010100000000fdfffeff00010000000000000000000000000000000000000000fe01fb03fc00fcfcfdf9fdfefe040002ff01fc01fd01010304010004ff0a020a0106fd05fc04ff0105ff05fd05fc08fd070104040104
532,87540566,-90,11,128,1,0,0,7aa117410103030202ff0000fd01fbfffdfefeff00fdf5f5e6f1f1f7fefe040c0917050a00fe00fd01fd01fe01ff01ff00fd00fd01fe00ff00000000000000000000000000000000000000ff01fe03ff02000103ff04fd03020205ff04fc00fbfbfbfcfafff7fcf8f8fefb0201010200fe00fffe01fbfefbfefc07fa0df907f9
533,89601817,-95,11,128,1,0,0,4ff1144106fc06fe06ff03fdfcfbfbfafcfcfafff6fef7fcf8fef6fff6fff901fc05fc04fe04ff040002040004fe02fe03fe05fc03fb00fe00000000000000000000000000000000000000ff01fc00fc00fb00fbfffa00f900f800f802f900f9fff6fff6fdf9fdfcfffd00ff0000000500080207030703050604080506050706
534,89806633,-95,11,128,1,0,0,4ff1144101060203040205010500070107030705090408030703070405050507060605040404020002fd03fc03fd02fe00fe03fd05fe01ff000000000000000000000000000000000000ff00ff03ff02fc02fd03ff03fe02fd02fb02f903f903fa01f9fff601f703fafffdfdfefdfe0200070009fd08fd09fd0a000c000dfc0d
535,90522245,-94,11,128,1,0,0,dbbaad41fffcfffc00fe0200010000020103000000ff01ff00ff00ff01ff0000000000ff01fe00fffefefdfdfefffd01fd01ff01000000ff000000000000000000000000000000000000fffffeff000202020100ff00000002ff01fe02040a050d00030100ff04f402f1fef8fcfdfdff00010103ff01fefefefcfefc00fd0300
536,90728243,-93,11,128,1,0,0,4ff114410700070004fe00f800f601f501f401f4fff7fef900f802f602f903fb05fb05fb02fbfffafdfcfefdfefcfdfdfbfcfbfbfcfafefe000000000000000000000000000000000000ff00000002010202050405060308030a040b04090406030603070106ff040002020104ff07fd0afd0bfe0b010c030e030d010bfe0afe
537,93232463,-94,11,128,1,0,0,7ff00741fe0002fe02fffe01fdfefdfcfdfefcfffdfefefefd00fdfefdfa00fc01ff02fd02fc00feffff0000ff00ffff00fe00ff00000000000000000000000000000000000000000000ffffffff0000000001ff02000001fe01ff0000ff01fe01feff00ff01ff01ff02ff01ff00fe02fb03fa00fd00000a0211050705fe02fe
538,94209943,-93,11,128,1,0,0,4ff114000009010a000cff09020804090407050303020001ffff01fe02ff02fc03f902f801f801f800f800fa00fb00fb00fafffafdfcffff00000000000000000000000000000000000002ff08ff0601040103010201020103020102fefffdfafff8fef8faf9f9faf9f8f8f7f8fafafafbf9fbfbfbfbfdfcfe00fc05fa08fc07
539,94724529,-93,11,128,1,0,0,affbba41fdfffefc01fc02fd02000201000000fe00fd00fd01fd02fe02ff00ff00000001ff01ff0100ff00fe00ffffffffffff0000000000000000000000000000000000000000000000fffffffd00000001fe00fefff601ee03f603ff01f804f007f805020404020101fd02fe01ff00fefffeff000001ff0101ff01fdfdfefb
540,94830084,-91,11,128,1,0,0,9ff2294100fdfefbfdfafefdfe01fd00fffffffefdfefd00000201040004ff03000000fe00ff00010001ffffff00ff010101020001ff00ff00000000000000000000000000000000000000ff01ff01fefffefeffff000102020100fefdfefdff0000030002fffefdfffc00fefe01fa01f7fef9fdfeff06070d0c0706ff02fd02
541,96039717,-40,11,256,1,0,0,96600900080c081009140b170d1a0f1a1119121713141212100f0d0c090a04090008fb09f709f40bf10cf00eef0fef10f010f210f210fc0400000000000000000000000000000000000000fb01ec02eb02e902e802e801e901ea02eb03ee05f207f60af90efc11fe15ff18ff1aff1cfe1dfc1efb1df91bf917f913fa11fd0fff04040f120d140c1a0d1f0e250f28102c122d132d132c122a11270e250b2307220321ff21fb22f722f422f222f221f21ff21ef21cf31afc14fb11ff02ff00ffffff00ff0000ff01fd08f00bf009e70ce50ee410e312e315e417e518e71bea1ded20f023f327f62af82bf92efa30fa31f931f82ff72df72af724f91efb1afe1601
542,96187903,-46,11,256,1,0,0,b6600b00f711f511f412f214f216f318f419f61af81bfa1afb1afc18fc16fb14f912f710f40ff10eef0ded0deb0eeb0eea0fea0fea0ffa03000000000000000000000000000000000000ff04ff13fe14fd15fd17fe18fe18fe18fe17fe15fd14fc12fa11f810f610f410f311f213f215f317f418f619f819fa19fb18fc16fc142700e927ea28ea29eb29eb29ec28ec28ec28ed29ed29ee2aee2aed2aed29ec29ea29e928e727e626e524e422e320e21ee01cdf1add17dc15db13f206fb0101ff00fd00fe0004ff0dfd24fb24f824f623f323f123f024ee24ed24eb24ea23e823e722e622e522e522e522e622e622e622e622e623e724e725e825e926e926e927
543,96205947,-47,11,256,1,0,0,b6600b00f2fdf2faf0f7eef5ecf3e9f3e7f4e5f5e4f7e5fae6fce8fdebfdeefcf1fbf5f8f8f5faf2fceffdecfdeafde8fde7fde7fde7fff9000000000000000000000000000000000000fd03f60df50ef310f311f212f213f213f312f410f50ef50bf408f405f202f000edfeebfee8ffe6ffe501e503e605e707ea08ec07ee062c00d8fad8fad7fad7fbd8fbd9fbd9fad9fad9f9d8f9d8fad8f9d9f9d9f7daf5daf3daf2dbf0dcefddeedfede2ebe4eae6e8e8e6eae4ece3ede2f9f5fefc000001fe00fffd02f707e713e612e50fe30de20be009de08dd07dc06dc04dc02dc00dbfedafddafcd9fcdafcdafbdbfbdbfadbfadaf9d9fad9fad8fbd8fbd8fbd9fa
544,96207291,-47,11,256,1,0,0,b6600b000cf90ffb12fd15fd18fc1afb1bf81cf61bf41af317f215f312f410f70ffa0efe0d030d070e0a0f0d100f11111212121212120404000000000000000000000000000000000000fffbffee00ec01ea01e800e700e7ffe7ffe8ffea00ec02ef04f107f40af50df610f512f414f215f015ed13eb12ea10ea0deb0ced0aef320020e420e320e21fe21ee21ee31ee31ee31ee31fe31fe21fe31fe31fe420e522e723e824e924eb24ec24ee23f124f424f725f925fc25ff25010d000400fe00ff02ff0000fc02f406df08e00ae00de10fe211e213e215e116e117e219e31be41de51ee61fe61fe61fe61fe61ee71ee71fe71fe71fe61fe51fe420e420e420e4
545,96258923,-50,11,256,1,0,0,b6600b00f9f6fbf3fceffcebfce8fae6f8e5f6e5f4e6f3e7f3e9f4ecf6eff9f1fcf301f405f609f60df610f613f614f515f515f515f605fd000000000000000000000000000000000000fc03f10cef0ced0dec0fec10ec10ed10ee0fef0ef10bf307f403f4fff4fbf3f7f1f4eef3ecf2e9f2e7f2e6f4e6f6e7f9e9faebfbeefb3600e6e2e5e2e4e3e4e3e5e4e6e4e7e4e7e3e7e3e7e2e6e3e6e3e7e3e9e2ebe1eddfeedef0ddf1ddf3ddf5def8defbdffedf00df03df05e007e003f401fcff0102ff0100fc00f300ddfedefcdff9e0f6e0f3e0f1e0f0e0eee0ede1ece2eae2e8e3e7e4e5e4e4e4e4e5e4e5e4e6e5e7e5e7e4e7e3e6e3e5e3e5e3e5e4e5e4e5e4
546,96261048,-49,11,256,1,0,0,b6600b00f501f3fdf1faeef9ecf8e9f8e7f9e5fbe5fce6fee8ffea00ed00f0fef4fcf7fafaf7fcf4fef0ffee00ec01ea01e901e901e900fa00000000000000000000000000000000000000040211011301150117021803180317041603130211ff0efd0bfa08f607f306f006ed06ea08e90ae90dea0fec10ee11f010f30ef40c3800dd0bdd0bdd0cdd0cde0cde0cdf0bdf0bde0bde0bde0cde0cde0cde0ade09dd07dc06dc04dd03de01dfffe0fee1fbe1f9e2f7e3f5e4f3e5f1f6fafdfe000001fe00fffe03f909ed19ec18ea16e814e612e511e311e210e110e00fe00ddf0cde0bdd0add09dd09dd09de08de08df08de08de08dd09dd09dd0ade0bde0bde0b
547,96270257,-48,11,256,1,0,0,b6600b00f8f9faf6fcf2fceefbebf9e9f7e8f5e7f4e8f3e9f2ebf3edf5eff8f1fbf3fff503f608f70bf80ff811f813f814f715f815f805fe000000000000000000000000000000000000fe03f70df60ff411f312f313f314f414f513f611f70ef70bf707f703f6fff4fbf1f9eef7ebf7e9f7e7f8e6fae6fce7fee9ffec00ee002c00e3ebe2ebe2ebe2ebe2ece3ece4ebe4ebe4eae3eae3eae3eae4e9e5e9e6e7e8e6e9e4eae3ece2ede2f0e2f2e2f5e2f8e2fbe1fde1ffe101e100f400fc000001ff00fffc01f502e205e203e301e3fee2fbe2f9e1f8e0f7e0f6e1f5e1f3e2f1e2efe2eee2ede2ece3ece3ede4ede5ece5ece4ebe4ebe3ebe2ece2ece2ece2ec
548,96277411,-48,11,256,1,0,0,b6600b00fdf701f504f206ef08ec08e907e606e404e403e401e500e700eb01ee03f205f707fa0afe0d011004120614071508160816090502000000000000000000000000000000000000fc02f209f00aed0beb0ceb0deb0eeb0eed0def0cf10af307f503f7fff7faf7f6f6f2f5eff2edf0ecedecebedeaefeaf1ebf3edf5f0f63700f2def1def0def0def0dff0e0f1e0f1dff2dff1def1def0def1def2def4def6ddf8dcf9dbfadbfcdcfedd00de03df05e008e00ae10ce10ee205f501fdff0001000000fcfef5fae4f1e5efe7eee9ebeae9ebe7ebe6ebe5ece4ede3eee2f0e1f1e0f2dff2def2def2dff2dff3e0f3dff4dff3def3def2def1def1def1dff1df
549,96286971,-47,11,256,1,0,0,b6600b0007030508050c0511071509170b190d1a0f19101810160f140d110a0e060c010afc08f806f305ef05eb04e904e704e604e604f900000000000000000000000000000000000000fffbfdeefeecfee9fee7fde6fde5fce6fce7fdeafeedfff102f504f908fc0cff1001140117011aff1cfe1dfc1cfa1af818f715f812f83400220f230e230d230d230c210c210c210d210d220d230c230c230c220d210f201120131f151e161d161b16181716181419121b101c0e1d0d1e040b0103fffffe00ff0003fe0bfd1ef81efa1efd1eff1e021f0420052106210721082009200b200d200e200f210f200f200e1f0e1e0e1e0f1f0f200f210f220e220d220d220d
550,96300795,-46,11,256,1,0,0,b6600b0005030308020d021202160419061c071d091d0a1c0a1a0a1708130610030cff08fb04f601f2feeefbebf9e9f7e8f6e7f5e7f5fafd000000000000000000000000000000000000fdfcf5f1f4eff3edf2ebf1eaf0e9f1eaf1ecf3eef6f0f9f3fdf602f907fc0bfd10fe14fe18fd1afb1cf91cf71bf51af517f514f611f79e0022062306230623062306230523052304230423042304230423052306230723082209210b200d1f0e1e101d101b111a12181416151417121906090103fffffe00ff0002fe09fc1bf61cf71df91dfb1efd1efe1fff1f01200220042105210621072107210820092009200a200a200921092108210821082208220723072407
551,96315563,-46,11,256,1,0,0,b6600b00fa03f6fff2fcedfae8fae5fae2fae1fce0fde1fee3ffe500eaffeffff4fdf9fbfff904f709f50ef311f214f115f116f117f105fc00000000000000000000000000000000000003fd0ef510f413f314f215f115f115f113f211f40ef70bfa07fe04030107ff0cfe11fd15fd19ff1b001d021e041d051b061806140511a600ed1eed1eed1eed1eee1eee1eee1eee1eee1eee1eed1eed1eec1eec1eeb1de91de81ce71be619e518e516e413e411e30fe20de10ae107e005f401fc0000fffffe00ff0003000a011bff1bfd1cfb1cf91cf81cf61cf51df41df21df11df01cef1cee1ced1ced1bec1bec1bec1bec1bec1bed1bed1ced1ced1ded1dec1eec1e
552,96317757,-42,11,256,1,0,0,b6600b00f902f6fdf2f8edf5e9f2e6f1e4f0e2f0e1f2e1f3e3f5e6f6eaf8f0f8f6f9fbf901fa06fa0bfa10fa13fa15f916f917f917fa05fe00000000000000000000000000000000000003fd0df40ff211f113ef13ee13ee13ee12ee0ff10cf409f806fd04020108ff0dfe13fe17fe1bff1e002102220321041e041b04170414ff02fd07fb04f900f7fdf4faf2f7f0f5eef3ecf1ebf1ebf0ecf0eef0f0f0f2f0f5f0f9f0fcefffef02ef05f007f108f10af20bf30bf403f104f200fd00ffff00ff00ffff00ff00ff02ff030008fb09fc0bfc0cfd0dfe0dff0d000d020c040a060909080b060f041203150217021a021b021c031d031c031b0319031602130210
553,96319952,-42,11,256,1,0,0,b6600b00f9fff7f9f6f3f4eef1eaefe8ede6ebe5eae6e9e8eaeaededf0f0f4f3f9f6fef803fb08fd0dff100013011502160217021702050000000000000000000000000000000000000004ff11fd13fd16fd18fc19fc19fb19fb18fb14fc10fd0cff07010204fd08f90bf50ff213f117f01af01df11ef21ef51cf719f816f913fc04f40af404f2fbf1f3efebede5ebdfe9dae6d6e5d4e5d4e7d4e9d6edd7f1d9f7dbfddd03de09e00fe313e516e819eb1aee1bf01cf30ee50fe802fc00ffff00ff00ffff00ff00ff050005031202140417061808190a180d1810161212140d170819021dfd21f825f329ef2ced2fec32ec34eb35ec35ed33ef2ff12af324f41e
554,96404335,-43,11,256,1,0,0,b6600b00000dfc0df80ff411f214f117f11af31cf41ef71ef91efb1cfb19fb15fa11f80df608f304f000ecfee9fce6fbe4fae3fae3faf8fe000000000000000000000000000000000000040013031404160618061a061a061a0519051704140511050d070909060b030f021202160219041b061d091d0b1c0d1a0e170d140c128f00fe2bfe2bfe2bff2bff2bff2bff2aff2aff2aff2aff2bff2bfe2bfd2cfc2cfa2cf82cf62bf42af229f028ef26ed24eb23e920e61ee41ce21bf409fc0200fffefefffe0202070a131e121f0f200d220b230924072506260427032801280029ff29fe29fd2afc29fb29fb29fb29fb29fb29fc29fc29fc2afc2afd2afd2bfd2b
555,96417143,-42,11,256,1,0,0,b6600b000bff0b040c080e0b110e140f170f190e1b0d1c0b1b091a071706140510060b070709030cff0efc11fa14f816f818f719f71afd0600000000000000000000000000000000000001fc05ef06ee07eb08e909e808e708e707e807ea06ec07f007f309f70bfa0efd11ff140017ff19fe1bfc1cfa1bf81af618f515f513f68d0027f927f928f928f828f828f828f727f727f727f727f728f728f829f829f929fa29fc29fe280028022704270626072509230b210e20111e130a070302fefffe01ff0002fd09f81aeb1bec1cee1ef01ff120f321f422f523f624f825f926fa27fb27fc27fd26fd26fe26fe26fe26fd26fd26fc26fc27fb27fb28fb29fa29fa
556,96421475,-42,11,256,1,0,0,b6600b000b020a06090a0a0e0c110e1411151415161417121710160e140c110b0d0a080a040aff0bfb0df70ef410f112f014ef15ef15fb0500000000000000000000000000000000000001fc06f008ef0aed0beb0bea0ce90be90aea0aec09ee08f109f509f90bfc0d0010021304160418031a021c001cfe1bfc19fa16fa14fa8d0024102410250f250f250e240e240e240e250e250e260d260d260e250f2510241224132315211620171e181c191a1a191b161c141e121f1020050b0103fffffd00feff03ff0bfe20fc20fe200020032005210621082209220b220c220d220f2210221121122112201220122012201220122112211222112311241024102410
557,96435079,-43,11,256,1,0,0,b6600b00fc0bf809f407f007ed09ea0be90de810e812e913eb14ee14f012f210f30cf408f403f4fef3faf2f6f1f3eff0eeefedeeededfbfb00000000000000000000000000000000000002020b0a0c0b0e0e0f0f101011111210120f110e0f0d0c0c080b040a000bfd0cfa0ef811f713f716f818f91afb1bfd1bff19011701149500f224f224f225f325f325f325f425f424f424f424f425f425f325f325f225f125ef24ee23ec22eb21ea1fe91de81ce61ae518e315e213e111f405fc0100fffffe00ff0003010b041e021f001ffe20fc20fb20f921f821f721f522f322f222f122f021ef21ef21ef21ef21ef21ef21f021f021f022f022f022f023f023f024
558,96445441,-43,11,256,1,0,0,b6600b0009f60cfa0ffd130017001b001eff20fd21fa21f81ff51df51af517f713f910fd0d020b07090c081108140818081a091c091d0207000000000000000000000000000000000000fefcfaeffaecfae9f9e7f9e5f8e4f7e4f7e5f7e6f8e9faecfdef00f104f308f40df410f313f115ee16eb15e814e611e50ee50ce70be98d0012f312f212f212f212f212f212f211f111f111f112f112f112f112f213f213f313f314f414f514f714f814f914fa14fb14fd14fe1400140107000200ff00ff01ff0000fe02fa08ef09f00af00bf10cf10df20ef20ff20ff310f311f411f412f512f513f513f513f613f612f612f512f512f512f412f412f413f413f313f3
559,96472030,-44,11,256,1,0,0,b6600b00f3fcf5f8f7f4f8f0f7ecf5e9f3e7f0e6eee6ebe7eae9ebececeeeff0f2f2f7f3fcf401f406f30af20df110ef12ee13ed13ec05fb000000000000000000000000000000000000fd02f50bf30cf00dee0fed10ec11ec12ed12ee11f010f10df30af406f402f3fef1faeef7ecf6e9f5e6f6e4f7e3f9e2fce3fee600e8009400daf0d9f0d9f1d8f1d8f1d8f1d8f2d8f2d8f2d8f3d8f2d8f2d8f1d8f1d8f0d8eed9eddaecdceadee9dfe7e1e6e3e5e5e4e7e3eae2ece0eedff9f4fefc000002ff0100fc00f402de04de02de00ddfeddfcdcfadcf9dcf7dcf5dcf4dbf2dbf1dbefdbeedceedceddcedddeddceddceddceedceedceedbefdbefdaefd9efd9ee
560,96475690,-44,11,256,1,0,0,b6600b000c010a050a090a0d0c100e1211141314151317121710170e160c130b0f0a0b0a060a020bfd0dfa0ff711f512f314f216f217fc0500000000000000000000000000000000000001fd08f40bf30df10ff010ee11ec10ec0fec0eed0dee0cf10bf40af80bfc0cff0e0211051406170619051b031c011cff1afd18fc17fb8c00260b260b270a270a270927092708270827072707270628062807280728082809270a260c250d240f2310211120121f131d141b161a18181908090203fffffe00feff03ff0bff20ff200120032005200720082109210b210c210d210e220f2210221122112112211221122111211122102210230f230e240e250e260e270e
561,96531936,-92,11,128,1,0,0,e44bbe41fcfdfefefe01fc00ff0002ff00fefdfeff0206fc0bf406fa0103ff0dfe13fe09fe01fffe01fb03fe0100ffff00fe00fefffeffff000000000000000000000000000000000000ffffff00ff02000301020001fe01fd01ff0101010001fdfffdfcfffe000000fdfffdff00000002ff020002020203010000fefffd00fe
562,98399801,-41,11,256,1,0,0,f6633f000110ff0bfc08f805f303ef02eb03e804e506e409e30be40de60ee90eec0def0af207f603f8fefafafcf5fdf1fdeefdeafde8fffa00000000000000000000000000000000000002ff0bff0d020f051108140a160c180d190d190c180b160a13090f080a080608020afe0cfa0ff812f715f819f91bfa1dfd1dff1d001b9c00ec20ec21ed21ee22ef22f022f122f221f221f222f322f323f323f323f323f322f222f121f020f01fef1eef1dee1bed1aec19ea17e916e815f707fd0200ff00fd00ffff03fc0bf420f220f01fef1eed1deb1dea1de91de71de61de61ce51ce41be41be31be31ae41ae41be51be61be61be71ce71ce81de81ee91fe920ea20
563,98470751,-41,11,256,1,0,0,b6600b00f20bf406f602f6fdf4f8f2f4eff2ebf0e8f0e5f0e3f2e2f4e3f6e5f8e8f9ecfaf1fbf6fafbf900f704f507f20af00ced0eeb03fa0000000000000000000000000000000000000102050a030d01100014ff17ff1aff1c001d001c011b01190016ff12fd0efb0bf708f305ef04eb04e805e607e40ae40ce50fe710e8119400d905d805d806d807d908da09da0adb0bdb0bdb0cdb0ddb0ddb0edb0ddb0ddb0cdb0cdb0bdb0adb08dc07dc06dd05de04de02de00defddefcf4fefcff01ff02ff01fffc01f303dc08dc07dc04dc02db00dbffdafed9fdd9fcd8fbd8fad8fad7f9d7f9d7f8d7f8d8f8d8f9d8fad8fbd9fcd9fdd8fed8fed800d701d701d702
564,98484408,-41,11,256,1,0,0,b6600b0010050b060707020aff0dfd11fc15fd19fe1c001e021f051e061d071b06170513030f000bfc07f804f302ef00ecffe9fee7fef9ff00000000000000000000000000000000000001fd06f509f50ef511f514f417f318f219f119f117f115f212f410f70dfa0cfe0b030b070c0b0e0e10111312171219111a0f1b0d1a0b9b00191e1a1e1a1e1b1d1b1c1c1b1c1b1c1a1c191c191d181e181e191e191d191c1a1b1a1a1b191c181d161d151c131c121c101d0d1e0b1f0a1f030b0003fffffefeffff03010a071d141c161a171919181b171c161e161f15201521142214221323122412241224112412241223122213221322142115211621182018201920
565,98503451,-41,11,256,1,0,0,b6600b0010fb0cfe09020706070b070f09130b160e181018131814161514141212100f0d0b0b06090108fc07f708f308ef09ec0aea0bfa03000000000000000000000000000000000000fffdfff302f206ef08ed0aeb0ce90de70de60ce60be70ae909ec08ef08f309f80afc0d001002130417051a041c031e011efe1dfc1cfb920026082708270727062705260526042603260226012601260026002601260126022603250425052406230722082109200a1f0c1e0e1d101c110a060202fffffd00feff03ff0cff23002302230423062308230a230b240c240d240f2410241124112412241224122312231223112310230f230e240e240d250c260c270b270b
566,98503993,-41,11,256,1,0,0,96600900f8edfcf101f406f60bf610f414f217ef18ec19e918e616e513e411e60ee80cec0af109f708fc09020a070c0c0d100f1310150405000000000000000000000000000000000000fc00f201f0feedfaeaf7e7f5e4f4e2f4e1f4e1f5e2f5e4f6e8f7ecf8f1f7f6f6faf4fef101ed02e902e501e1ffdffcdefadef8dff7e19c0005ea04ea04ea03e903e902e902ea01ea01ea00ea00ea00ea00ea00ea00ea00ea01ea01ea02ea02eb03eb03ec04ec05ed05ed07ee08ee09ef03fa01feff00ff01ff00fffd00f801eb02ec03ec05ec06ec07ec07ec08ec09eb09eb0aec0aec0aec0bec0bec0bec0bec0bec0aec0aec09ec08eb08eb07eb07eb07ea06ea06e9
567,98516061,-42,11,256,1,0,0,b6600b000e060a0606070209fe0cfc10fb13fb17fc1afd1cff1d011d031c041a04170313010fff0afc07f803f500f1feeefdebfce9fbfafe00000000000000000000000000000000000001fd06f509f50df511f514f416f317f218f118f116f215f312f50ff80dfb0bff0a030a070b0b0d0e0f111212141216121810180e180c9c00161e161e161d171d171d181c181b181b191a191919191a191919191a191a181b171c161c151c141c121d111d0f1d0e1d0c1d0a1e071e061f010b0003fffffefeffff03010a061d131c151a171819171a161c151d151e141f13201321122211231123102310230f230f220f220f2210221121122112201320142015201620
568,98534724,-41,11,256,1,0,0,b6600b0010fb0cfe09010706070b070f08130a160d181019121814171415131312100f0e0b0b06090108fc07f707f207ef08ec09ea0afa02000000000000000000000000000000000000fffdfef301f104ee07ec08e90ae70ae50ae409e409e508e707ea07ee07f308f70afb0dff1002140317041a031d021eff1efd1dfb1cf99e002608260827072707270627052604260325032502260226022602260226022603260425052506240723082209200a1f0b1e0d1d0f1c101b1209060202fffffd00feff03ff0dff240024012404240624082409240b240c250d250e250f2410241124122413241323132312231123112310240f240e250d250d260c270c270c
569,98536242,-41,11,256,1,0,0,b6600b0004ef05f306f809fc0dff1101150218021c001efe1efc1efa1df91af817f813fa0ffc0bff07030407020b000fff12ff15fe17ff06000000000000000000000000000000000000fdfef5f9f5f6f5f2f4eef3ebf2e8f1e7f0e7efe7f0e8f1eaf3edf6effaf2fef402f506f50bf30ef110ee11eb11e811e60fe50ce40be596001ae31ae219e119e018e017e016e015df14df13df13de12de12de12de13de13de14df15e016e116e217e317e417e517e618e819ea1bec1ced0af903feff00fe01ff0001fc06f514e115e317e419e51ae61ce71de71ee81fe820e921e922e922ea23ea23ea22eb22eb22eb21eb20ea20ea1fe91fe81ee71ee61de51de41de3
570,98580148,-41,11,256,1,0,0,b6600b00ee01f2fff6fbf9f7faf3fbeefaeaf8e7f5e5f2e4f0e4eee5eee7eee9f0ecf3eff6f2fbf500f705f80af90ef912f915f817f805fd000000000000000000000000000000000000ff03fe0cfb0df70ff412f214f016ef17ef18f018f118f216f313f50ff50bf506f402f2feeffaecf8e9f7e5f7e3f8e1fae1fde1ffe2019800dcecdbeddbeddaeedaefdaf0daf1dbf1dbf2dbf2daf2daf2daf2daf2daf1dbf1dcf0dcefddeedeede0ece1ece3ebe5eae6e9e8e7eae5ebe4f8f5fefc000002000100fbfff2fedbf9dcf7dcf4ddf2ddf0ddefddedddecddebdee9dee8dee7dfe6dfe5dfe5e0e4e0e4e0e5e0e5e0e6dfe7dfe8dfe9dee9dde9ddeadceadbea
571,98580944,-41,11,256,1,0,0,b6600b00feee00f304f608f90cfa11fb15fa18f81af61cf31cf11aef18ee16ee13f010f30df70afb08000605060a050e0612061507170106000000000000000000000000000000000000fcfff3fef2fbf0f7eef4ecf1eaf0e8efe7eee7efe8f0eaf1edf3f0f4f5f5f9f5fef402f205ef08ec09e908e507e305e103e001e1ffe293000fdb0eda0eda0dd90cd90bd90ad909d908d908d908d907d907d907d908d908d909da0ada0bdb0cdc0ddd0ede0fe010e111e213e414e516e708f702fdff00ff02ff0100fb01f206db08dc0adc0cdd0edd10de11de12dd14dd15dd16dd17de18de18de19df19df18df18df17df16df15de15de14dd13dc13dc12db12db12da
572,98587722,-41,11,256,1,0,0,b6600b000e0909090409000afc0df910f714f618f71bf81dfa1ffc1ffe1eff1c00190014ff10fd0bfa06f702f3fef0fbedf9eaf8e8f7f9fd00000000000000000000000000000000000001fd08f60bf710f813f817f819f71bf71cf61bf51af618f615f811fa0efd0c010a050909090e0a120c150f16121715171615171317119800112412241224132314231422152115211520162016201620162016211521142113221222112210220e220c220b2109210721042102220022ff0cff03fffefefeffff030209091919181b161d141e12201121102210230f240e250d260c270c270b280a280a27092709270a270a260b260c260d250e250e250f2510251125
573,98920453,-92,11,128,1,0,0,4ff11441fbf7faf6fbf4fff3fff4fdf5fef7fffbfffcfefafcfafbfffb02fb03fd03fc04f905f806f906fa03fb01fc02fc04fe0202010100000000000000000000000000000000000000ff02fe07ff0400010000ff01ff03ff03020004fe04fe05ff06ff0801080307020600070009fe09fe070106010600050003fe00fbfffb
574,98923816,-93,11,128,1,0,0,28866241010103010101fdfefdfcfefdfeffff000002010200ff01ff0100000002000200ff00feff00ff0002ff02ffff01fe020101010000000000000000000000000000000000000000ff00ff02ff02ff02ff01ff00feff00fe01fefefdf7f7f4f4f7fbff040909090a0205000100fdfffbfefe0001010101010002ff00fefd
575,99134879,-94,11,128,1,0,0,ddd33d410300fffefcfcfdfdfffefffffd01fe0001fd08fa0ef806fcff0100f901f000f9000000fd00fd0000fe00fefffffe010001010000000000000000000000000000000000000000000001ff03ff03fefffefc00fcfdfdf8fffb00fefefdfcfffc01fd01fc01fd020000020000ff01fd01fd02fe01000001fd01f901fc00
576,99136662,-90,11,128,1,0,0,73344741f9fe00ff06ff04ff0100fffffdffff000101fd08f612fc0a03ff00f5fcecfdf7fe00fe01fe02fe0001fd02fcfefffdff01fc00fe000000000000000000000000000000000000fffffcfffc01fc01fdfffffdfffdfffe00ff0000000201050105fd00fbfefd00ff0100fffe00fe02fe01fc03fc03fdfffefdfefffd00
577,99227683,-91,11,128,1,0,0,4ff11441fb0bfa10f90df70af70bf90afb08fd07fd06fd05fe03ff0202000600090009fd08fd07ff0601060008fe09fe08fe05fe04fe01ff0000000000000000000000000000000000000001010302010302020101ff00ff01ff00fefffd01fc02fd00fcfefafef8fdf7fbf3fcf1fff302f802fafffafafaf9fbfbfefc02fc04
578,100149304,-92,11,128,1,0,0,4ff1144107f807f807fa08fc0cfe0eff0bff0a00090007ff03fefffcfffb01fb03fb04fa04fb03fc03fc02fc03fd03fd00fdfffdfefcffff0000000000000000000000000000000000000001020401030204030402020100ff00ff020102040105010301040108030a0409020704060906070703060004ff00fffdfffdfe01fd
579,100520699,-92,11,128,1,0,0,b1122b41fc02fc01fefffefffcfffbfffeff01ff01fffe01fc02fb01fc01ff030002ff00fefefdfdfafefbfeffffffffff0000ff0100000000000000000000000000000000000000000001ff02fdfffffe00fffd02fc0905090d03060001fdf9fbf1fefa0002fdfffcfbfdf8fff9fffcfbfdfbfd00fc03fd02fdfefcfa00fa01
580,100731283,-93,11,128,1,0,0,86677841fdfc01fb00fc00fd02fd01fcfffcfffb01fb01080214040d05010afb0ff907ff0002fffffdfffd00fffffffffeffff0001010000000000000000000000000000000000000000ff00fd01fd01ff020001000000fe01fe000000020102ff03fe04ff020100020002010002fefefcfcfe0002020001fefefdfbfbfcfbff
581,100868020,-92,11,128,1,0,0,4ff11441fc0bfa0cf80cfa0bfc08fd06fd05fe02000201050304030001fe02fd04fc04fe05fe06fe05fe04fe05fe05fe04fd02fc00fcffff00000000000000000000000000000000000000ff03ff02ff01ff030003ff01fc02fb03fc00fcfbf9fbf9fbfcf8fdfbfbfef8fef6fff6fff7fcfafcfbfefdfefdfefefd00fc03fb07
582,101549984,-73,11,128,1,0,0,0ee00041a9cabebcdec3fedc13e522e02bcc2ab125aa2bb239b83ab232d430fe2ac721a322c21ee11b072418271122141c181716140e04010000000000000000000000000000000000000004f610e00cd50cc813b814b622be39c53abe34af38a63dbb32d922dd10deefe2e2e5d8e2bdd8b4dcb7edebe516cacec59ac6b2b0b7
583,101813648,-73,11,128,1,0,0,0ee000413fc24ad836f31a11142c123f144c22562d522744134e1565336c3d6a27581544083efb23dff7c4e8c6ebd5f0e1f2e5eeebeffcfc000000000000000000000000000000000000f502d503d7f6d4eec8e6bcd9b4deb3f5bafcc0efb5dda3d0b1d9d3eaf0e710d821d638df51e050dc4de419f1edf0f6e4eed119bd4cb2
584,102186544,-27,11,128,1,0,0,900779410810f309e601ef0bf60bfcfe02f7fdf9f701feff03f6fcf5f5fcf506f505f3fdf9fefe02f903f802fdfffe00000001fcfdfcfeff000000000000000000000000000000000000fffe02fe0803090103fcfefe00020002fc0103fb09fa050002fd01fefd00fdfa04fd0a0207fbfdf5fbf401f50800040eff11090b0d02
585,102292455,-26,11,128,1,0,0,5aaaa541fd0afc08fefbfcf1fcfe0208070002f102ed0af40bff0310fb18f90cff03010401ff06fa03fa00fcfe00f901fe01030101feffff00000000000000000000000000000000000001010507fd04f203f50cfe08fefaf8f9fcf505f007f40ffc100a0619ff15f0ffeffc04061009160718fa10f10bf307f507f911f411eb
586,102295102,-26,11,128,1,0,0,377223410001edf5ec01f306f909030809030102f5f9fd00070a05ff05f80efd1105030af305f0fdf5f9fbf8fefe04090a0b0a05050000ff000000000000000000000000000000000000fc03f308f7f9f7f2faf904fe06fd00f5fcf8fa0401040bff0900fcfff0ffe904eafbf1f4f707fe0d030105080f0a13050313ed1be413
587,102409912,-26,11,128,1,0,0,8dd99841f3f4edf0e5fcf8070902fe03f806fdfe03f902fefe08ff0cfe09ff060106030303fa04f504f804000003fdff00000101ff01ff0000000000000000000000000000000000000003fd10f90efd0cfb0dfc0c05090304fb06fe0e000cfdfd00f5fffdf803fd0206020406fa0af50cf512fb0d08fb0bef00ebfceffef3f9
588,102530918,-29,11,128,1,0,0,2ee11241f9fcfef5f6e9f1ebf7fdf606f000f6fd00fc02fbff03ff0afa07f6fefdff0404050000fefb0000fd04fffd02fd0003fffe00fe00000000000000000000000000000000000000fcfff4faf6f4f9f4fdfdfe07ff04fefe030106fcf9f2faf103f4fcf6f7f4fdf1ffeffeeb00e8ffedfefafe0303000aff0e0708060003
589,102567809,-26,11,128,1,0,0,500ee541f3f7f803f809f90dfa13f90cfefd0af30df302f6f8f6f7f5f8f6fbfb01060209ff06020405ff08f90bf905fcfbfcf9fafef900fe000000000000000000000000000000000000010104040003fffefdf8faf6fafdfa04f80af50efa09090412050b0301fafbf4fdf3fff3fdf6fd05fc12f912fe0b0b0512040e08060a
590,102571969,-26,11,128,1,0,0,111aa1410803f90aeb12ed12f209f3fcfbfc0102fefa02fb070aff0cf404f7ff01f602f2fefafefdfdfafcf803fc0a030301f900f1fffbff0000000000000000000000000000000000000202050b010503000606000dfd0a030a0a0a0d040500f8fcf3fbfa00fdfefdf700f0fcf1ecfdedfbfaeef7fbf215f91f0412100011fe
591,102578766,-26,11,128,1,0,0,377333410d0a06fd05f602f1fce9ffed03fe0010fc13020709fe0afe0bfe06fdfafff5fef8fcf800fc050408070b040701fb04f706fb01ff00000000000000000000000000000000000001fe07fd0400fffff701f505fc0402050a0611070b0500f7fdecfff3fe01fb09f709f60afa0a02fc0cf00ff009f3faf6f0f6f3f4fcf2
592,102579326,-27,11,128,1,0,0,12200141f10bf009f207f406f50ff810fa04fdf808f904fdf7ff0300190218060105f902fc07fb08fd0403fd08f606fafffffafffcfcfffe000000000000000000000000000000000000fffffcfefbf9fff903020202fef901f70afc090100fc06fb0d0107040bff0df200eef1f3eafcf50607040afd03ff0705110017fc1402
593,102586405,-27,11,128,1,0,0,3bb11341fb0501ff06000308f907f003f50104fc05fbfefafff400f100f601f8f8f4f3f5f8f6fcf8fffe000001010502070108000a030201000000000000000000000000000000000000ff00fffd01f9fefbf904fb0cfd0afa02f804fc0505020b040a0709060202fbf9fbf8f903f407f6fbf7ecf0eff0f9f9f9fcfcfafe01f9
594,102810253,-92,11,128,1,0,0,4771144101ef00edfff002f303f403f605f905fb01fafff7fcf6fbf9fcfefc02fa02f802f701f700f8fff900f8fff9fefcfefdfefcfbfffe000000000000000000000000000000000000ff01ff060005ff05ff03ff01fe000001040105fe03fc050009030c010aff080108010a020a030a050703030102fe03fa03fa01fd01ff
595,103093267,-28,11,128,1,0,0,155ee141070104fffd01fbff02fb0500030103030308fe0aff070102feffff0002fe04fe03fffcf8f7f5fefb0402fe01fffc05fe0301000000000000000000000000000000000000000001010507020a0008fc0401020bff09f8fffbfc0304040600fdfafefb0e00170317041a011aff0cfa01f8fbfff701f9f9f8eef5e9f5eb
596,103139242,-27,11,128,1,0,0,e4499e4109f906040a0906fd01ef05f90209fe02fffdfe05030506040005fe00fdf9fafafcfe0005fe07ff0201000001ff02ff0101ff00ff000000000000000000000000000000000000ff00fc03fa05f903fd040004f800f504020c0c0a09fc07f7090209fd04f2f7f8eafceff5fbf102f201ec01e700f3fa02ff0e030dfd03
597,103140132,-26,11,128,1,0,0,122aa141f504f80200050307f603f5fb00f802f6fbf5f4fbf402fe010201fe02fe02020006fd0501fd03f9fffc00fd01fbfdfafbfefd00ff00000000000000000000000000000000000000fffffffbfefcfc03fa00f9f8fcf6fcfbfafffe02fefefbf500f30afd0b0209fc0af903f8fef107f20af902fafffb01ff03fdfdf8f5
598,103143075,-29,11,128,1,0,0,4ff0044115fc16f408f80dfd12000b02070603070407090b0a0d0b040ef512f10dfc0200fcfffbfffefe03fe030002000203040303fe00fe000000000000000000000000000000000000ff000005060b090b050606030703040507060d080f070f080b0b0b0504fffaf906f911fe05f8fcf3fd00fa0eff0b0f0716040f010411
599,103227263,-28,11,128,1,0,0,7cc55741fa0605f408f80a060f0b0f0d0305fc0007040b02fffff405f00bee08eb05ee04f306f807ff03030007ff0400fa00f600f804fe01000000000000000000000000000000000000fd02f707fdff02f803fc00fcfdf800fb04fe02f806f808fc030207060e040d05fe06ee01f4fe01f505ec07f000fbf800fe040204f7fe
600,103241780,-29,11,128,1,0,0,6ffee6410001f7f8fdff010c010d080a0dfd08f6fe03f905fafcfa02f80efa0902fc08fb04fefffe01020108ff0402ff070004fdfdfbfefe000000000000000000000000000000000000fefefafafffd0203010002f601f3fef7fdf7fff500fafe03ff090006f603ee03f1fefb00060f0b110efc0ff304fbf9fe0504110108f8
601,103434277,-32,11,128,1,0,0,1440014155085cfe5ffe6109660e650f600d5d0a600c5b1149134210430945ff4efa4bf842f23ff240f743f341f13dfe36042c082a120b06000000000000000000000000000000000000060419111a0f2315301c3415320b2b0e25102a1033173b1f4129462f482c482e4a3b493e4a334c36413d363a3534363346345132482a
602,103467628,-26,11,128,1,0,0,14400141e8e9edeff3f8f3f9eff1e9eae6ebebf1eff6f2f9f4f6f1f6ebf9ebfaf2fdf5fef5fff302f104f204f104ef03ef01f000f200fc0000000000000000000000000000000000000001fc07f107f108f108f208f206f207f207f306f307f204f1feeff9f0fbebfde8faebf9ebf9eaf9e9ffe404dd05dc01e3fdeb00ee03e6
603,103503569,-26,11,128,1,0,0,a00ffa410001fb0bf103f2f8fafbfafdf5fdf300fcfd07f502f6fffc04fd03fdfbfff9fdfb00fe070008ff03fb00fdfe02fe03fe02fe00ff000000000000000000000000000000000000fe01fc0405030302fb05f808fc080307030203ff0103fa05f8fff6fdf9fcfdfbfdfcfefcfd01ff0608030ffb0ef807fd00fefbf8f3f1
604,104118385,-25,11,128,1,0,0,1440014108f30af002ecf9e700e20adc08da06e20be912ee0df007f306f804f903f600f5fcf3fcf0fceffdf1fff1fff1fff101f103f201fc00000000000000000000000000000000000003fe0cf80ef710f712f811fa10fb11fc11fd0ffc0df90bf70efa12f912f312ed15e817ed11ee0bea0fee16ea18e614f116f718f110ea
605,104474107,-72,11,128,1,0,0,0ee000413b3322420c45fc37eb29dd22d336c55ec56ad755d23eca46d564dd6cdf58df3de31de6fbe2ddd7d2d2dad8e6ddeee3e5eddcfcf700000000000000000000000000000000000007fc21f327ee24dd27d636df3fd83dc239be3ec349c352bf47cb2ede28f62b1e2e2e22391c512756244e16521763293339e94108463e
606,104475791,-29,11,128,1,0,0,82299841fafdf5fcf80eff1bfc1af911fc00fef2f9f1f8f6f7fbf6fffd030008f908fa04fa03fbfe04fb02fefe0105fd09f708f90501010100000000000000000000000000000000000002020409040806050003fbfe02fc0cfc0e02080c090e070dff0afd06ff03fff9f5f6edfbf6f9fffa03020806090204fbfcfbfafdfe03
607,104723953,-95,11,128,1,0,0,cddffc4102fc02ff0000fefffefc00fc01fe0000feffffff02ff05ff040003010100ff00fe00fe02000100fe00fe010002ff02ff0000ff0000000000000000000000000000000000000000ff01feff00fe02fe01fefe01f303ea02f3fffd05060e0e09080102ff04000400010002010301010200030001000003ff08fe07fa01
608,104731502,-26,11,128,1,0,0,a7755a41ed05f300f5fdf4fef5fbf9f9fefbfffb00fd0b0211030afcfdfdf708f904fff701f906030b0106fafffa02fe05030208fc09fe02000000000000000000000000000000000000ffff01fdfefef8fef9f8fbf2fdf203fb0301fffbfcf0f8e702f30705fc04f907fb0afe050307050c07070f03110002f9fdf6fdf4eff2
609,104880061,-27,11,128,1,0,0,dee44d41080e0af401e900e90cf006fcf5fcf0fbf803030008f406fcfe07f8fef4f6f9f607f608fd000205020a04ff04f701fa00fb01fe00000000000000000000000000000000000000fefff3feef02f60cfe13001504110404ff02f807f304ff05130d1e12130dfe04fdf60deb10f4fb03f908120a140a00faf4e8edf6eb10
610,104902530,-27,11,128,1,0,0,70055741fdf4f7f5f90003020cfb00f2f4f0fef3fff3f8f3f8f3fef406f30bf50bfe0506ff06fe020002000a000afc03f7fefbfa02fb01ff000000000000000000000000000000000000fe00f902ff04050004ff0001fa020209090efe0afb0000f0fdf1f9ff0108091009040ff312fa0005e903e902fe09060d010a07070504
611,104983434,-25,11,128,1,0,0,611bb641f301ef04f506fc06fcf9feef04f90303ff03fb00f6fcfffc09fa01f4f6f4f9f607fc0e040503fbfdfafe00ff07fc06fb00fdffff000000000000000000000000000000000000fdfff6fbfcfa04fb07fe03fe03fe08010002f601f9fffefd02ff09fb05f5fbf6f5f9fd00080a010ef90d000c06090007fa09f506f707
612,105346843,-25,11,128,1,0,0,01155041f0f401f10afb0201fef705f606f7fff5f3f8f5ffff03000000fd06ff05fcfffafafef5fef1fbf5fcfcfffe03000001fb00fb00ff000000000000000000000000000000000000010005ff04fd07fd07fcfff8f3fbef00fcfe06000000fbfd0307040af401f1fb04f80bfa070008020405fe0b050c0c010af409eb00e6
613,105496683,-29,11,256,1,0,0,e4400e00e505e504e605e705e705e705e705e806e806e907e907e908e907e907e907e907e906ea06ea05eb05eb04ec04ec04ed04ed03fb00000000000000000000000000000000000000fa01eb04eb04ea04e903e903e803e702e702e601e601e601e601e601e601e600e601e601e602e602e602e602e603e603e504e505e505f002cc08cc07cd07ce07cf08d009d109d10ad20ad30bd30cd30cd30cd30cd40cd40cd40bd50bd60ad709d808d907da07da07db06db05dc01dc00f9fffeff00ff01ff00fffd00f901d90ad808d707d606d605d504d404d203d103d002cf01ce01ce00ce00ceffceffceffceffce00ce01ce01ce02ce03ce04cd05ce06ce06ce06
614,105496878,-29,11,256,1,0,0,e4400e0018fa18fa18fa18fa17fa17f916f916f916f916f915f915f915f815f815f915f915f915fa14fb14fb13fb12fc12fc12fd12fd04ff00000000000000000000000000000000000004fe13f913f914fa14fa15fa16fb16fb17fb18fc18fc18fd18fd18fd18fd18fd18fd18fd18fc18fc18fc18fb18fb18fb19fc19fb1afa0efd30f630f62ff72ef62df62cf52cf42bf42af42af32af32af22af229f229f329f329f328f428f527f626f725f724f823f922fa22fb22fd22fe06ff01ffff00fe00ff0001ff06fd24f325f425f526f627f728f729f82af82bf92dfa2efa2efb2ffc2ffc2ffd2ffd2ffd2ffc2ffc2ffb2ffb2ffa2ff92ff82ff82ff82ff830f7
615,105497045,-29,11,256,1,0,0,e4400e00091709170a160a160a150b150b140b140b140b130b130b130b130b130b130b130b130a120a120911091108110811071007100104000000000000000000000000000000000000010407120713071307140714071506160616061706180518051805180518051805170617061707180717081708170817081808170917050e122d122d122c122b122a1329132914281427152615261525152516251625162515251424142413231222112110210f200e200d200b200a2101050001fffffffeffff0101030610220f230e240d250c260c270b280b290b2a0b2c0b2d0a2e092e092e082e082e092e092e0a2e0b2e0c2d0c2d0d2d0e2d0f2d0f2d0f2d0f2c
616,105497450,-30,11,256,1,0,0,e0000e000cea0cea0cea0beb0aeb0aeb09eb09eb09eb08eb08eb08eb08eb08eb08eb08eb08ec08ec08ed08ed08ee08ef08ef09f009f002fc00000000000000000000000000000000000002fb09ee09ee0aee0aee0bed0bed0ced0ded0dec0eec0fec0fed0fed0fed0fed0eed0eed0eec0eec0dec0deb0deb0deb0dea0dea0ceb06f216d517d517d616d715d714d713d712d711d711d710d70fd70fd70fd70fd80fd80fd810d910da10dc10dd10de10df0fe010e110e211e312e303fb01feff00ff01ff0000fe02f90cdc0edd11de12de13de14dd16dd17dc18dc19db1adb1bda1bda1cdb1cdb1cdb1cdb1cdb1bdb1bda1bda1ad919d919d818d718d718d718d7
617,105522286,-38,11,256,1,0,0,e4400e00091609160915091509140a140a130a120a120a120a120a120a120a110a110a110a11091009100810080f070f070f070f070e0103000000000000000000000000000000000000020409110912091209130814081408150815081607170717071706170617061706170617061707170716081608160816081609170917060c1529142914291328132714261425152415231622162216211620162016201620161f151f141e131e121d111c111b101b0f1b0e1b0e1a0d1a02040001fffffffeffff01010405181e162013211222122311241125112610281029102a0f2c0f2c0e2c0e2c0d2c0e2b0e2b0e2b0e2b0f2b102b102a112a112a122912291229
618,105522434,-39,11,256,1,0,0,e4400e00f717f716f816f815f915f915fa15fa15fa14fb14fb14fb14fc14fc14fc14fc14fc13fb13fb12fb11fb11fb10fb10fb10fb0ffe03000000000000000000000000000000000000fe05fa13fa13f914f914f814f714f715f615f616f516f416f416f415f415f415f415f415f515f516f616f616f616f616f616f616f616fa0def2cee2bee2aef29f029f128f228f328f427f427f527f527f627f627f726f726f725f625f624f622f621f620f71ff71ff61ef61df41cf31bfd04ff0100ff00fe00ffff02fe06f625f525f425f225f125f026ef26ee27ed27eb28ea29ea29e929e828e828e828e828e828e828e928e928ea29eb29eb29ec2aec2aed29ed29
619,105522599,-39,11,256,1,0,0,e4400e00ff18ff18ff170017001601160116021502150215021502140214021402140214021302130113011201110111001100100010000400000000000000000000000000000000000000050114001400150015ff16fe16fe17fd17fd18fd18fc18fc18fc18fc18fc18fc18fc17fc17fd18fd18fe18fe18fe18fe18fe18fe18000e002fff2eff2dff2c002b012b022b022a0329032804280427042705270527052705260525042404230322032102210220011f001fff1efe1eff05ff01fffffffeffff0001010606250526022701270028ff29fe29fd2afc2bfb2cfb2dfa2ef92ef82ef82ef82ef82ef82ef82df92df92dfb2efc2dfd2efd2efd2efe2dfe2d
620,105522723,-39,11,256,1,0,0,e4400e00e7fde8fde8fde9fee9fee9ffe9ffea00ea00ea00ea01ea01eb01eb01eb01eb01eb01ec00ed00ed00ee00ef00efffefffeffffbff000000000000000000000000000000000000fa00ebffebffebfeeafeeafde9fde9fce8fce8fbe8fbe8fae7fae8fae8fae8fae8fae8fae8fbe8fbe8fbe8fbe8fce7fce7fde7fde7fdf1fed0fbd1fad2f9d3f9d4fad4fcd5fdd5fed6fed6ffd700d700d701d801d801d801d901d901da00dbffddffdeffdfffe0ffe0fee0fee1fce1fbfafffeff00ff01ff0000fd00f900d9ffd9fdd8fcd8fbd7f9d7f8d6f8d5f7d4f6d3f5d3f4d2f4d2f3d2f2d2f2d3f2d3f2d3f2d3f3d3f3d3f4d3f5d3f6d3f6d2f7d3f8d3f9d3f8
621,105522848,-39,11,256,1,0,0,e4400e00e7ffe8ffe800e900e901e901ea01ea01ea02ea02ea02ea02eb02eb02eb02eb02ec02ec02ed01ed01ee01ef01ef00ef00ef00fb00000000000000000000000000000000000000fa00eb02eb02ea01ea01ea00e900e8ffe8ffe8fee7fee7fde7fde7fde7fde7fde8fde8fde8fde7fee8fee8fee8fee7fee7ffe6ffe600f1fed0fcd1fcd2fcd3fcd4fcd4fdd5fed5ffd600d701d701d702d702d802d802d802d902d901da01db00dcffdeffdfffdfffe0fee0fee1fae1fafafefeff00ff01ff0000fd00f900d900d9fed900d8ffd8fdd7fcd6fbd5fad4fad3f9d3f8d2f7d2f6d2f6d2f5d2f5d2f5d2f5d2f6d2f6d2f7d2f7d3f8d2f9d2f9d2fad2fbd2fb
622,105523062,-39,11,256,1,0,0,e0000e000915081509140913091309130a120a120a110a110a110a110a110a110a110a11091009100810080f070f070e070e070e060e010300000000000000000000000000000000000002040a110911091109120913081308140814081508160716071607160616061606160715071507150715081508150815091609150a15040d0f2c0e2b0d290d290d270e260f260f250f24102310221022102210221022102110210f200f200e1f0d1e0c1d0b1c0b1c0b1b0a1b061c051b00040001fffffffeffff000102050e210d220f220e220d230c240c250b270a280a290a2a092b092b092b082b072b072b072b082b082b092b0a2a0a2a0b2a0c2a0c2a0c2a0c2a
623,105958882,-28,11,128,1,0,0,1dd44141fdff020109000d02080200fc01fb03000206040106f508f704fe00fd0003fe0afd0500f905f408ff07090007fc06010607070201000000000000000000000000000000000000ffff01fe01fcfafafafb02fc05fe03fe03f907fa0100f705fe0004f3fff2fdfcfcf8fdeefbf0fff805fc05fdfefcecfce1fce601ea08
624,106010707,-27,11,128,1,0,0,1bb00141ff10030307fe06f906f006f30400fd0cfa0d010506ff08fd08fc04fcfd02f903fa01fd04020307ff0afd05fffcfff9fdfcfbfffe000000000000000000000000000000000000fefffcfcfffc00000503080203fffefbf9f9f4f8f8fb0106040d0208fffefef700f5fff5fcf60101060c060f060806fb06f408f60bfc
625,106016795,-22,11,128,1,0,0,14400141e4e5eaece5eedee3ecd8ecd8e0dbeedcf7daf0d7f5dff7e8eeecedf1f1f1eff4e9f7e6f7e7f8eaf9eaf9ebf9edf8eef6eef5fbfd00000000000000000000000000000000000002fa0aea0ee912ea14e914e812e913ee15f110f00bed09ec03edffeb04e809e20ed508c9fcc1fbc505d807dd00d101d304d6ffd8ffe2
626,106163117,-26,11,128,1,0,0,1446614101f507f70d020c080b0b070806fc06f409f906fffff5fceffdf6ff000505090203fdfefdfffcfbf7faf702fd0404fd07fc0bff0300000000000000000000000000000000000000010105000005fb03f7f8f6f4fbfeff070109040b0006fafcf9f8f7f8f700010208fd0506020f0106fffb06f812fd15ff13fb07fa02
627,106250277,-25,11,128,1,0,0,14400141160d160d1910150a160b1d181f211a1b150f130f11161213110c0c0a0b060dfd0efb0efb0ff60ff610f911fb11fd0ffe0eff03ff000000000000000000000000000000000000fd03f70ff60ff50ff30ff20ef30bf40bf40df50df510f717fb180013040f020d010f031a051f0a180619fc21f422f11ff31bf718fa18
628,106589984,-28,11,128,1,0,0,1334414103f30500fd07f305f5030108070909fd05f5fdfdf702f4fff701fe0103fe0103030406ff03ff0103020301fefefcfb00f702fd0000000000000000000000000000000000000000fefffb00000607070b010bfd0aff0905010afb08020007fe00fefefe04ff06fb06f508f50afa0604fc0af403f5fafef70af40ff606
629,106677168,-27,11,128,1,0,0,19944141fa04f40bf60f010d0208f7fff6f7fff600f8f6f6f6f802fc08030309fd06fefffff9fbfaf8fafaf8fdf8fef901f804fa0bfb04fe00000000000000000000000000000000000001fe03fa02fc02fe00fc01f902fdff0202ff04fa01ff060a060dfa0df211f90906fe0efb12fd11020c0100fefa0002030501fdf6f4ef
630,107049570,-32,11,128,1,0,0,14400141abeda0f897ff8e0190fe96f99af29dec9de89deaaaedbbf5bf00b708a811a30daf03bb08c60bc712c11bbe13c401d6f4dff7f7ff000000000000000000000000000000000000f9fce5f2e3f0e3e2e6d8e6dbe7e0e8dee4dddcdfd6d9cdc9c7bfc7c3c5c9bfc5b5b4b5adbcb8bfbbc8b5d6b7d5c1c7c5b6bfb2c3bdcc
631,107345461,-26,11,128,1,0,0,a3377a41020404fd05fe0106f90afe060200fa01faff05fb0dfc0afb08fa06fdff0501090307fe08ff0cff0cfa07f701fa00fefffffdffff00000000000000000000000000000000000003fe08fbfffbfafefc03fd07fd00fafdfe0009000b06030302f70df90f0108fbf9eee7edeff80204fc0af004f302f507f504f7faf8f7
632,107361249,-22,11,128,1,0,0,14400141e225eb1df024e42bd91dd91edb2bdc1cd912d719e012e90eee18f319f313f715fd1afd1fff1d011a001bff19fd16fa17fa17fe05000000000000000000000000000000000000fafde8f2e7eee8ebe7e8e4e8e6ebebeaeee8eeedeaf4e9f6eafee701e5fcdff6d1f2c3f8b805bb07d1ffd7fdc903cc03d300d604e101
633,107499835,-29,11,128,1,0,0,a9911a41e9f3ebf2f505fd14fe130007fc03f608f806040210060b0804040405010501fefcf9f5fcf406fa05fd00f902fbfffefcfdffff0000000000000000000000000000000000000001fc04f404fc04ff05fe0c0210ff0bf805fa04fa05f702f5faf6fdfb0aff0207f10df10afe0a020804fd07fcfc0afb0e0f0819051607
634,107545146,-28,11,128,1,0,0,d2288d4107060205ef01ebf9f2edf3eafbef05f405ef04ee08fb0800fdf3f8e901f50407fa0dfc0909010aff070504050001ff00fcfbfefd0000000000000000000000000000000000000002fe08ff0105fc03fbf3feeb09f112fb0e030207f902f5f8f5f4fd03020dfe0100f4fff1fbf602fe040afa0df104e707e60df300fd
635,107800114,-25,11,128,1,0,0,388aa341f600fcfdfc07f804f7f6f9f3faf6f9f7f1fdf104fe0603fefbf9f504fb09020503080107f9fff4fdfafdfe000004ff02fa00fd000000000000000000000000000000000000000101050302fa04f60afc0602f904f503f603f605f501f3f9f4f8fafc01f704fa0504ff04f8fc00fa09000003f8fafee8fee0faeffb09
636,107800846,-28,11,128,1,0,0,dbb11d41f4fcec01f0f9fcf8fffcfcfb00fdff03fa03fbfbf7f5faf801fafcf6f6f6f8fa0004050bfe06f806fc0bfe0a030403fefdfcfeff00000000000000000000000000000000000001ff0402060506040307fe09feff00fbfefef801f80bfc0efb0200ff0203fe0102040c071105100d14121a121511080708010803f003
637,107822767,-28,11,128,1,0,0,eaa77e41f5ffea05ec06f3fefdf6f9eff9f2fb01f80203fe110418fc13f206f602fb020002060107020104000100fdfc00000505060201ff0000000000000000000000000000000000000100060005ff02ff07fd0bfb07fb04fa00f9fafafa06ff130216050fff03f103f302fefff907f509000b0110fb11fd0dff0608001602
638,107897274,-23,11,128,1,0,0,0ee0004106250f2e0c290d2218311a3117220928023306310125fe1b061e0a1b051206110b130a140d16111a0d1c0a1d091c05190116ff05000000000000000000000000000000000000050413131115121710190a1c062008210a20061d071a0b1a09170715081b0b241132193a1f421d41192f112b05390337042b04291226
639,107918047,-92,11,128,1,0,0,5cc6654100fd00fd000201030201010100fffefeff00010100fefffc00fb00fb01fc01ffff01fd02fb03fd02ff01ff0000ff00fe00fe00ff00000000000000000000000000000000000000ff00fcfffbfdfbfefcfffefeff01f605ec02f6010000f5fde9fff100fdff0001ff00fe00000004fe03fdfefe00ff04ff04ff03ff02
640,108253323,-25,11,128,1,0,0,0ee0004115f114f01df029f124f61efe200222fc1af910fb10fa11f80cf509f507f606f408f209f308f208ef07f009f10af20af409f502fd00000000000000000000000000000000000002020a0b0a0c090e080f091009110710060d070c090d0c0b0e040e0010031208120c16091f0b251323111b151619180f14070f09130d
641,108273698,-24,11,128,1,0,0,0ee0004104fc05fd07fd06fb06fb05fd04fc05fc07fe07fe08fe07fe05fe02ff02fe02fd01fc01fc01fc01fc02fc02fc03fc03fd02fd00ff000000000000000000000000000000000000000002030203020402040204020501050104010401040105010503030404060507040703070205010502060405040302040006000601
642,109365560,-92,11,128,1,0,0,4ff11400fcf4fbf2fcf4fdf6fdf6fdf5fdf6fef5fdf6fdf9fefbfdfdfbfffa01f802f703f803f802f701f900fbfffc01fc00fcfffc00ff00000000000000000000000000000000000000000102040204020401050004fe02ff0001ff02ff03fe05fd06fb06fb08fa09f80af90afd08fe05fc04fd07fd05fdfffefefdfefcfdfe
643,109467943,-93,11,128,1,0,0,4ff1140009f905fa04f705f707fa07fa05f703f502f600f9fefcfcfcfbfbf9fbf8fcf8fef9fff9fff800f700f8fff800f900fa01fa01fe00000000000000000000000000000000000000fefefbfbfcfcfcfcfbfcfcfbfefb00fcff01fe03ff030005ff0600060209ff0bfa09fb08fd09ff0a0009ff0700040401040005ff07fd
644,109877574,-92,11,128,1,0,0,4ff1144101f404f407f307f405f705fb04fc01fc00fb02f902fafffdfcfefafefafef9fef8fef6fdf4fcf6fcfafcfcfefbfefbfcfbfcfeff000000000000000000000000000000000000ff00ff02fe02fb01fb00fd01ff03ff030102020000fe00000403080309030803070607090707040402020401060104ff010002ff02fc
645,110098957,-25,11,128,1,0,0,0ee00041f10df50cfd11fb16f716f516f615f911fd10000ffe0ef70ef90b010b010eff0d020a040b060b080a090a080c080c070b060a0102000000000000000000000000000000000000fefdf9f4f9f3f7f2f7f2f7f0f9effceffdf0f9f2f7f6f5faf0ffec02eefff0fdeb00e601e400e4fde8f9ebf8e7fbe702eb05e505e106
646,110190336,-27,11,128,1,0,0,0aa11041fb0dfa0cfd0b03070605060707090609060a0605070009010d020d0109020804060305020502040004fc07fa07fa07fd07000200000000000000000000000000000000000000fdfff5fcf5fdf6fcf8f8f9f8f8f9f5fbf4fff201f001f4fff4fbf1fbf300f805fd05fd07fb08fa09f60ff211f30ff810fd13f913f30f
647,110191348,-28,11,128,1,0,0,1bb00141f70105ff03fff003e804f003f901f9f8faf401fc0407040806fc05f603fd06020c020d0008fffe00fb00fc02000201fffa03fd0100000000000000000000000000000000000001030109fd00fff906f901fffafffd02ff06fc05fb0cfb0cfd09010c050907ff03fbfcf8faf0f5f6f302f804fafffcf303ee08fe0714
648,110262436,-26,11,128,1,0,0,7778874102fe03ff100513070bfa0ffd1207fcfaedeaf5eaf8f5f8fe0004050b060f090d0505faf7f8f4fdfeff0101fd060108050305000100000000000000000000000000000000000001000104fa02fcf903f500fcfb07000506fe0104f407f303ff01fefefaf9fbfdfb09051110120f120c1008100b0510f407eff0eed4ed
649,110306444,-28,11,128,1,0,0,b9933b41ffee00f9f9fffaf307f20b01fb06f8020508090b0b06090901100212070f0406fef9faf7f8fffbfd01f5fdf9f801fb04ff080003000000000000000000000000000000000000fffd02f80bfa0bfc02fefcfdfbf9fdfcfa01f301f008f30cf90201fa04faf802f307fb040103fd07f50afb060800170220f51be10ee1
650,110313470,-22,11,128,1,0,0,14400141eae3f2e9f2e8eae2e5cdeec8fad3f3d4eedafce500ecfbe9f7e3f3e9f4ecf1ebe9efe6f0e8edebe9ece7ede6eee5f1e7f5e8fdfa00000000000000000000000000000000000001f906e509e20ee00fe010e413e512e30de50ae60ce409e8fde8fbe504e807db04c8fbc8f8d703dd10cb19c31ed018d810da0fda0be3
651,110362975,-28,11,128,1,0,0,add33a410df809f703f403f6fdfffd060407070306ff07000b05060201fdfefcf9faf901ff05020202040306fc02f8fefcfffcfdfbfcfeff000000000000000000000000000000000000fefffeff020100fffef700fb040404fe06f810f913f908f801ff030305fc05f503fa0103fb08fc0606fb0af50005f512f60700f804f5
652,110427731,-29,11,128,1,0,0,50099541180d1809090df802effbf406fe06fb07e90de502ecf8f106f811fa0bf5fff8fdfc02f701f6f9fef106f406fe05030104fa03fd000000000000000000000000000000000000000104050f040206f708faff05f30bf005fbf9fff6f8f7f8fdfa09fe13040c0103030a0209fbfe00f00ae602f2f106f9080103f603f505
653,110464273,-27,11,128,1,0,0,3bb44341fcf7f101f105fc06fd03f7f7faf405fa0cfc090008030a030509fe0cfc07fb08fa0aff0302fa03f808fe0702fd03fb03fe020000000000000000000000000000000000000000ff01fc0200ff03fbfaf9f6fbfdfcfff7fbf7fd04040900fdfbfcfb0900080501fe06f802f3f9e8fae600f009f80b04fd11f80b060112
654,110619688,-28,11,128,1,0,0,f3322f41fff409ec0ff10df9fff7f5fffa0604f90cf807fffd02f70bfe0a0d020afd07fb0efd0c0202fefaf8fdfc07fe08fc00fef802fd00000000000000000000000000000000000000fcfef3fbf9f9fff603f400f7fa04f907fbfcfaf9fbfa01fa07fb08f106f30401fefdfdf101f101f30cf51a011f0d1e0d1a0217f218e6
655,110623362,-30,11,128,1,0,0,9eebb9410a030eff06fa05f40ef512f914fa0ef9fcfcfc000c0013fd0dfc0603ff0af705fa00fe05fb060008070c0208fa04ff0207fd02fe000000000000000000000000000000000000000004fd05f4fff900090a11090c02fffff9fc01ff050505030c04150e13140c0c07fa07ed06ebfef6f704fbfd06ed0be904ed06f30f
656,110665110,-28,11,128,1,0,0,16666141fe00f60dfb0dfcfffbf5fef8fefd06ff0c0101fcfaf9fbfbf9f7f9f7f9f7fbf1fdf3fffafffcfefcfffe01ffff02fc06fe060001000000000000000000000000000000000000fffe00f905fe0204fa04fd01050205ff01f7fdf9fb09f90bfafefefcfcfff604f30af907f9faf1f5f9f906fdfe09fe0c0e090e0c030a
657,110702023,-27,11,128,1,0,0,1ee881410605060c040ffd06f5f5f2f2f1fcf3fff6fffd010004f802f7fdffffff0aff0701fc00f9fff7fcf7fbfdff010202020203010100000000000000000000000000000000000000fefcfcf803fc05f905f908fd0afe06fc01fbfdfafcfa0005ff10fc0afffd01f8fcf9f9f9f8fefd020afc0df80402ff0a000400f8fcf3
658,110709660,-28,11,128,1,0,0,a4422a41f7e8f8eafded0af514f40af2fdf4fceef8f1f500fa06fc09f90cff0201f4fef50101010101f902fc0002ff05fd04fb00f800fd0000000000000000000000000000000000000001ff04ff040109090b0b040401fd03f805f20cf314010811fa15fd0801f9030007050802080909090203fdfbfef0fdf0fff5fcf1fae9
659,110724646,-27,11,128,1,0,0,300ff3410af5fdfaf7faf2fcecfff1fd01fd0e030f0607fd01f501f401f4fff9fe05fc08fb05ff04040109fd0cfc06fefcfdf9fafdf9fffe000000000000000000000000000000000000fffefefa00fcff0100070309030204fc06f608f105f6f7ffee00f4ff01020906080807090805fdfbf4f2f5f0f7f7f706f60ef309f302
660,110759023,-23,11,128,1,0,0,0ee000410c0413fd1bfd1b0017021701170312060e050e050d0509ff0afa0cfc09ff06fc05f806f606f404f403f203f203f303f403f500fd000000000000000000000000000000000000fd00f302f202f102f002ef02ef02f100f200f304f407f607fb07fd08fe0dfd16fa1afa1afa1bfa1afb14fb13fe150212020d06080a05
661,111383588,-23,11,128,1,0,0,0ee00041f005ec0aed0aee08e908e504eaffefffeb01ea05ed0bef0bf007f404f704f909fd0c000a0109010b010dff0dfe0dff0dfe0cff0200000000000000000000000000000000000002fd09f70af70af70bf70df60ef60ef50bf408f409f507f802f803f305ef04f100f0fce9f8e6f5e4f6e1f7e5f4ebf6e9fdebfbf1f7f1
662,111411025,-25,11,128,1,0,0,0ee00041ee1ff225ec21ea1cf023f323f417eb15e319e619ec11f20cf210f30ffa0afe0aff0dff0dfd10fa12fa11f910f80ff80ef80dfe03000000000000000000000000000000000000fc03f20df10cf00cef0cef0aee07eb05ea05ee05f106f107f30df514f516f416f511f20cf10aed0ae00cdf0eea13ee11e90eeb0ef208
663,111641412,-26,11,128,1,0,0,d8811d41fbf3fef403faf5ffeefef1fdeb04e60ae905f7fa02f807fe0a050503fafbfcfdf807f109f9fcfff0fef3fffc040006fc01fafffe000000000000000000000000000000000000fd02f308f103fbfefb04f408f906f60de712e309f50205fe0001fd0d03130a0d10f50ded0702010cf20cec0ffa08fdfffdfdfffcf802
664,111693469,-27,11,128,1,0,0,b44ffb4114f410f207f80afc04fcf7f8f7eefaf4fdff01ff030506070401fffafef8f8fbf400f90bf90df8fefbf6fffcfbfffbfd04000200000000000000000000000000000000000000fffbfceefcf3fdf9f9fff5fef6f3f5f7f80b03190918050efc0ff613f60a01020a06060dfe04fff80b000f08ff0af809000002f802f9
665,111898054,-28,11,128,1,0,0,eaa44e41feed02ebfef7ff0a070e120210fbff02f40af108f400f7f9f5f7f9f802f70bfb0e02090204fd02fc0102010200fcfffcfe03ff0100000000000000000000000000000000000001000301fefcfffb01fdfffc02f907f607f308f80602fcfef5f2f6f1fbf302f6fefef704fc0b0208fdf9edf4e6ffe807f201fa01f704
666,111936499,-26,11,128,1,0,0,e3311e41f70eff1505010bf308000005ff01fd07f8fffbf003f309fd09030205fe0205fb05f802f904f5fff5f7fbfcf906f604f9fafefd000000000000000000000000000000000000000001010407020efd0cfc0802070201f2f8f0f8fcfbfbf3f3ebf5f1fef408f009f201f6fbf501eb08ec0bf90dfc100511120a15110d21
667,112153638,-26,11,128,1,0,0,7cc22741000c0207fe00f7fff801fcfbfaf4f7f9f5fff9ff06ff0600fd01010309050a060705030002fa03feff04ff030203ff04000400000000000000000000000000000000000000000001010202010103fd07fb0500000102fc05f705fa0c020efbfdfbf208f607f5fef1fbf3f8fef9140322fc1dee0ff307010318fd30fd
668,112179663,-26,11,128,1,0,0,e1122e41f9f8f2f5eaecf4ed0505110f18020f02040905080b0216f715fd060a030400fdf600f003f605040508000102010505fd01f9fffe00000000000000000000000000000000000004fd0bf9ff00fd030101fffefafaf6fdf904f903ef02f40104fa0bf80ffb0601f208ed02fb05ff14ff1a0717080305ed07ed07fb0903
669,112334525,-93,11,128,1,0,0,499884410304010200fefffd00fe02010103fe02fefff5faeaf8f3fcfffffaf8f6f0fcf500fd01fe01ffffffff0001010000fefffd00ff00000000000000000000000000000000000000ff000000010001000100ff01ff02fe00feffff00ff03ff04fe04fd03fc02fe02010102fe01feff00000001ff00fffe01fc01fc0001fe
670,112358871,-27,11,128,1,0,0,888778410bf701f9fbf8f6faf0fcf3fb00fc0d010d0305fdfff7fdf6fcf6fdfb020303070105030203fd01f700f500fbfd03fb04fb01feff000000000000000000000000000000000000010102040002fffffcfbf9fbfc00ff050209050c030702f904f202f7fd00fa06f806f806fc0702fc07f208f202f6f8fdf200f2fcf5f8
671,112510540,-30,11,128,1,0,0,daa33d4105ff06ff01f502f40101f505f3fff8f4f6eff8f4fcfdf704f304f900fffc01fd03030304fffefdf9fffc040005020603080402010000000000000000000000000000000000000000ff04fc04fe04ff03fe01040206070209fd0af708f100f50100060004fb07fd04fcf7f7fcf609fa0cff0a070012f918fb10f904f5
672,112620200,-36,11,128,1,0,0,b9933b4108f0eefce5f7f2f3fbf5ffff0408f800e8f4f0f5f8f7f6f5f7f7fc02fa07f804000303010101fe00fcfeffff03030006fa06fd01000000000000000000000000000000000000ff01fb05fb0301030001fb00fd03010104ff07000900110217030cfdfbf5f3f8fbfa02f9fcf8f7eef3eff2f4f3f6ed03ea09f40b0713
673,112714715,-26,11,128,1,0,0,822008410004fd0dfa0d050b0b090c0b0d0f0d050cfe09ff03fcfe01fd0fff0d00fbfef902010907090607fe07f402f2fcfbfc01fffe00fe000000000000000000000000000000000000fe01fb06fd0afd0901020afe0dfa0af307f300fcf5fcf0f8fbff0efe0efc0c050905f7ffee02f000eff2f4e501ea10fc16ff11fe1005
674,112823234,-27,11,128,1,0,0,144001412b3f3b494949424339403e41443f42433d4b384230322d2f2e2c322036173b1541153f103b0e4110441a41243d2431242026060900000000000000000000000000000000000003080c2206250230013b053e043dfc39fd30022d0033fa3efa4004430e5111510d550b62126717620457f352f74eff4907520e580d50
675,112827263,-28,11,128,1,0,0,0ee0004116ab0ca1ff9cfe98059e08a807ac0ea512a00fab09bc06c202c5f8cbebc4e7baeabee9c4e9c6e3c4e1bff0bb00bc07ca05d700f600000000000000000000000000000000000007f91be61ee22edf3ae238e035e330ef28f427ed2ee43adb42d53ccd2fc434c447c54bbe3fba39c141c849ce49d646d445c743bf3fc5
676,113688744,-27,11,128,1,0,0,ebb44e4111ec19f915030909f20cf510091a0c260a1e0d0808fffefefe04000e000b05fe06f000effafaf9fbfcfc03040507fb02f6fefdff000000000000000000000000000000000000fd05f411f50bf90aff0b0a0512030406fa01fdf5fcebfbf0fd00030b070a0501fd0002090f070e00fe02f308fefc0bec0cf406f6fbe5
677,113930783,-27,11,128,1,0,0,02299041f702f001f10b000d0f0307fcfcfdff07010cfa03f7fe00fd02f9f9faf9feff04020a020b020505ff06fa05f902fd00fe02fa01fe000000000000000000000000000000000000fefcfbf4fdfbff01020103fb01f2fef3fd00f703f0faf6f902ff09050707ff07fa08fa02f7f8f3f0f5f0faf304f90a02fefff0f7e4f6
678,113994520,-26,11,128,1,0,0,333553410efc0c0710040ff602f6fbf9fcfefa06fd0304fd08fc07fa06f609f403faff02fe06fc00fef9fffbfd03fa02f7fef903fb0afe0300000000000000000000000000000000000001020107fa03f704f705f6fcfaf500f905040607000202fe09000106f904f6fbedf2eef1ffef07e903f3ff03050308fe0403010bfe14
679,114163710,-27,11,128,1,0,0,abbeea41f9fcfef705f604030006fc01fe05020400fdf8fdfafdfdfdf901f6fef9f7fbfafbfffb03fe060005fe00fbfdfafefdfd02fe01ff000000000000000000000000000000000000010104040103000203030105fafffafafbfcf800fafefefdfd03fe050302fe04f604f405f20bf307f4fcf9fbff02fbfef3f1eef5ea0c
680,114243086,-28,11,128,1,0,0,1440014129c32bb821b31bb423b62eb532b12cb130b733bf2ac525c81ecd17c90fc00abe0bbd0ab709b907b90db91abf24c523ce1eda07f700000000000000000000000000000000000003f611d91cd828db2bdd2bdd2ee233ef31f32deb30e33adb41d93fda3bd443cb50c051b74cb747c240d141db47dd4ad84dd24fcc46c7
681,114588081,-93,11,128,1,0,0,4ff11441f2f9f2fcf4faf7f7f9f5f9f8fafcfafdfbfffc00fc00fbfffb01fb04fa05fa06fa05f804f606f706fa02fd01fe02fd02fd02ff0000000000000000000000000000000000000000ff04ff05020602040203030202000001fe02fd01fd00fb01f902f904fb06fa06f905fa05fc04fc05fc03fe00fffdfbfcf8f9fbf5fb
682,114765180,-28,11,128,1,0,0,c4433c4107f002ef01f008f10905fc16ef15ea0ceb09f50a05040dfd0afc0cfc0ef80bf709fc07fefff9fbfcff01fe01fa00fbfd02fb01ff00000000000000000000000000000000000001030207fd01fefd00f8fdf5faf7fdfefd09f90df507f904020009f504f0fef203f90401fb0af70ffd1106120713050c0101f704f80c
683,114866718,-30,11,128,1,0,0,37744341f4f7f3f6f8f207f30af705fe07020400fa04fa0efb09f3f8f4f2fcf7fef803fc060307040401fdfafcfcfd02fcfefffc04000100000000000000000000000000000000000000fffefef701f704fe050003f701fafe0bfd0dfd07f90efa10fc01f7f2f3f7fa0805070306fe0f040a03fff9f9f2f6edf5f1f8f809f317
684,115222470,-27,11,128,1,0,0,f7700f41020ef608eefbf4faf906f60afcfe07f10beb09ea03f002fd0b0510030600f9fcf701fb08fd04fc04fb0afc06000001fefbfdfeff000000000000000000000000000000000000ff02fd07fd05fe0504040afe06fb01f604f506fd07040a060707020101fa03f40ae909e7fff905090c050804090d090e0206f6fceaf2
685,115714505,-92,11,128,1,0,0,4ff11441f808f709f508f507f807fc07fb07fb06fd03fe000001020302030202030105fe07fd08fd07fe05fe06fc06fc05fe02fd02fc00ff00000000000000000000000000000000000000000203020401050005010402020201020003fe04fc02fb02f903f704f606f406f306f504f601f600f8fffcfcfcfcfbfdfdfa01f701
686,116432206,-93,11,128,1,0,0,08866041fa03fc00fefdfdffff0000fefefcfefd00fd02fe03ff0000fefffdfefe00fe00ffff00fe00fefffefefe00ff02000301030001ff0000000000000000000000000000000000000100020100ff00fe00ff0001010001ff0000000100ff00fe00ffffffffffff00fd02fc02fdfffffffefefefefcf9f9f5fafdfa03f801
687,116538828,-93,11,128,1,0,0,722cc741fefe00feff01fe02000101ff03fd02ff0101050809100408ffff07ff0fff07010002010001ff00fffefffefe00fe01ff0100000000000000000000000000000000000000000000ff00ff0001ff00fe00fe02fd02feff01fd02fe00ffff01000000fe01fe0300020000ff00fe0001000502040102ff01fbfef9fafdfa
688,117250572,-95,11,128,1,0,0,4ff114410c0b0d080d050c060a0808070804080307030502030001fc01f902fb02fb01f900fa00fa00fa01fc02fd02fd01fc01fb01fb00fe000000000000000000000000000000000000fefff9fdfbfcfdfefcfefbfdfc00fc02fe02ff03fd04fc04fb04fc05fb07fb07fb07fa06f904f703fa04fd05ff040002ff02fe02fd03
689,117660162,-93,11,128,1,0,0,4ff114410bfa0bfb0cfc0cfb09f907f806f805f805f904fb02fb00fbfffdfcfdf8fcf8fbfbfbfafbf9fbfafafafaf9faf9fbfdfc00fd00ff000000000000000000000000000000000000fefffa00fc00fdfefdfbfdfdfdfffcfffcfefdfffe02fe06fd07fd06fc08fc09fd07fc08fb08ff080207010201fe0100fe01ffff02ff
690,117878343,-33,11,128,1,0,0,0ee00041b3d4a3d89de49fea9de5a0dea6d7a7cea2c4a2c6b1ccc0d2c2e3bbf7affeaff3aeeab0f2c0f3c2f8bb00bff8c5ead5e1e8e0fbf8000000000000000000000000000000000000fbf8ece4e5e1ddd5e1d2e6d7e2d1e3cfe4d7dfdcd8d4cec0ceb5d0b9cbb9c3b6baaebeaccdb1d4b4dfb4e9b1e3b5ddbcd1b9c4bac2bc
691,118003433,-40,11,256,1,0,0,b6600b00f00af405f8fffaf8fcf2fcedfbe8f9e4f7e1f5e0f4e0f2e2f2e5f3e8f4ecf6f0f9f3fdf700fb04fe08010b020e03110412040401000000000000000000000000000000000000020009040b080d0d0f11121414171719181a18191617141510130c0f070c000afa08f407ed07e808e30adf0dde0fde11df12e112e213f903ed0cef0af207f503f7fff9fbfaf7fbf3fbf1fbeefaecfaebfaebfbebfcecfdedfeee01ef03f105f207f408f60af70bf80cf90df90af00af101fd00ffff00ff00ffff00ff02ff0dfc0cfd0a0209040908090a090d090f08110712061204120112fe11fb10f70ff30ef00dec0de90de60ee40fe210e211e311e510e710e810
692,118030398,-93,11,128,1,0,0,3aabb341fcfefd0000020103ff02fe00ff000101020202010101010201ff00fe00fffefffd01fe03ff02fffffffffe00fe02ff01010000000000000000000000000000000000000000000000010200010101000201030303020102fe00fffd01fe01fd01fc00fe02fe02000002ff0000ff0000fe00fc03f606f001f7fbfefb00
693,119624779,-96,11,128,1,0,0,43344441fcfd05030c0608020201ff00fefd00fc00ff0000fffefefffefffefdfefd00fd02fe0100010002fe02ff01000001ff00ffffffff000000000000000000000000000000000000ff00fd01fffefefffc00fdfffefffdfefffc01fc01fcfffcfefcfffcfffcfffc01fe02ff020004ff020101040003ff00fe0101ff04fa
694,119750711,-93,11,128,1,0,0,6eecc641fdfbfcfbfdfb02ff06020301fe01fd02fe01fd02fb02fd00fefffe00000001fe00000102020002ff0001fd01fd0000fe02fd00ff00000000000000000000000000000000000000ff01fffffffe00ff02ff0100ff020003ff00fefd01fdff01fe0401030002fe0501070505060507040401fc02f800fbfcff000004fe
695,120834640,-94,11,128,1,0,0,4ff11441f5fff601f601f3fef3fdf4fdf4fef701fa02fc03fd03fe0101010502060505070707080606060404040205020602060304030000000000000000000000000000000000000000fe01f904fb03ff030004ff03ff01fffffefdfffc02fb05fb07fb08fd0900080008fd08fa06fc040003ff03fc01fdfffdfffdfdfdfafc
696,120840927,-73,11,128,1,0,0,0ee0004132a934b439c339d42de32bec43e028d5e9db0fd94bd54ec950af52a051a23db31ad211f02007330640fb3afb31fc2d05260a0801000000000000000000000000000000000000fffd0df41eee19dc19bf24bd27ca22c01bb116a811a0159b13a708b711be2ace36d73ce544ec4ada4cdb4fe355d555c348b93ab645ae
697,120859696,-73,11,128,1,0,0,0ee00041b045aa3dbf23cc0db902b5edbdd9bbddb8ecb3f4aceda2ecd5fc0d04df01b201b1fec3f2e4d6e7c1e7c8f5d9f4e7eee4f6dcfff60000000000000000000000000000000000000009fc1ded12e31be334de47dc4ee645ec3deb40e84de25eeb52fb37ea2cc426b722bc0bb6f6b3fdb300e6fc1708d51b952b9c3ba143
698,120885454,-22,11,128,1,0,0,0ee00041ccfed40bd20fc607c4f1cceed5f7cef1caf1d7faddfde0f8e5efe5f0e9f5e9f7e2fae0fbe2fae4f6e5f3e5f1e5efe8edebecfbfa000000000000000000000000000000000000f902e30ae005df00dcfddafdddfbdef6dcf5ddf4e2f5dffcd300d204d70dd806d1f3c2f1bafebf00ceecdae3dfeedbf2d6f1dbf3d9fc
699,121961106,-94,11,128,1,0,0,4ff11441f904f705f507f406f602f900f902f702f803fc06fe06ff05ff04fe0300040307040a03090207010700080006ff06fe08fe07ff01000000000000000000000000000000000000fefefcfcfefdfffe01fd03fc00fdfefdfefcfdfbf9fbf7fbf8fdf9fef8fcf7faf7fbf7fbf7fbf9f8fcf7fcf9fcf9fcfbfb01fd04fd04
700,122233921,-91,11,128,1,0,0,d0099d4104fe05fd03fd02fd00fd00fe00ffffffffffff01fe00ff00ff01fe00fefeffff01020001ff0100020002ff01ff00ffffff00ff000000000000000000000000000000000000000000020401040002fffefd00fe02000100010100020002ff02000200010201040101fefefefffe03fe02fefff801ef03f304fa06fe02
701,122650687,-26,11,128,1,0,0,a2266a41f500f3f7f2f3f2f4f9fa040103fef8fef502fb0201040205fefdfdf600f804ff09ff06f9fffbfd03fe05010102ff00feffff0000000000000000000000000000000000000000feff00ff06fe06000405050606ff00f6fcfa0302080005fffefff500f209fc0700fe00ff08fb0df60cf40ef70508f408f2f9fcfc0502
702,122899152,-29,11,128,1,0,0,1440014132c033b523aa1aa925a832ac35b439b83fb938bc30c530c82ccb24cc19c217bc19b715b713c215c41cc626c82fc92cd425df09f800000000000000000000000000000000000004f313d317d521d232d53bdc36df2ee72bea29e128d82fd233d533d136c23dc447c844c441c944cf42d943e444e349db4dcc42bf36c3
703,123007582,-26,11,128,1,0,0,5dd66541fa08040708070b070f060a06fd01f6f6f7f3f7fcf505f506f605fb0304fe07fd050003fefffbfbf7fbf5fefbfe03fb04fb00feff00000000000000000000000000000000000000fe03fc02fffe00f901f803fe03030408070a09060403f705f002f6fbfff503f401f500f70104020f040e06080104f504ef07f208f9
704,123033852,-28,11,128,1,0,0,488ff44110030f08fb05f8f906f90000f5fbf9f5fe00050c0f0613f70bf301fe0009070305fafcf9fafd0002080108fa01fdfb00f9f9fefd00000000000000000000000000000000000004010f020a000104fffe09f80bfcfefd00f70dfc0808fd06ff0007030603ff02fd11fb19f20ff10ff617f211f102f3fde900e50bf719
705,123263136,-27,11,128,1,0,0,199331410beeffebf8fafefefdf4f0f6f1ff02010cff080406090502fcfff9fefffc0004fd09f703f8fffffefd01fc0200fffefdfdfbfffe00000000000000000000000000000000000000ff04fe06ff02fe02fdfffaffff0908060101f603f90401060efd11f409f90bfd10fd0800fefafdf203f608fe0dff16f618ec03ede7
706,127183634,-94,11,128,1,0,0,4ff114410b030d020b040a040a040a03090206030302020002ff04fd04fc03fcfff9fdf900f702f702f900fb00fc01fc01fb01fd02ff00ff000000000000000000000000000000000000fe00fafffafefbfffa00fcfe00ffff01fe02000103ff0202000701070107ff08fd06fd05fc04fc0600050004ff030104020103fd03fd
707,128140618,-93,11,128,1,0,0,400ff4410000fd00fdfffffffefefdfdfefdffff010107f808f103fa0103f807f006f80000fe01ff01010000fffdfdfffb01fb01fe00000000000000000000000000000000000000000000ff01fd00fffffffdfefefefefffe0000ff02fe02fe01fffdfefcffff0201050204020002ff0102ff04ff03fe01fd00ff0001fffe00
708,128141465,-93,11,128,1,0,0,80000841030004ff02fdfffffeff00fe01fe00fffeff02080911060902ff0afe0ffe06fdfffc00fd00000002fe01fefffffdfffdffffff00000000000000000000000000000000000000ff00fe01fe02fe01ff01fc01fb00ff01010201010000fcfef8fcf9fcfc010005020102fe0302040603050000fefafffdf901f200f600
709,128924468,-93,11,128,1,0,0,4ff11441080109030a06080605060407040705050604050603070305040003fc02fc03fc05fa04f803f905fa05fb03fb01fc01fe02fe00ff000000000000000000000000000000000000ff00fd02fd00fdfffefefffdfdfefc00fc01fd01fe03ff04fe07fc09fb08fb09f809f507f605f704f604f903fc04fd04fe0300040207
710,129631323,-91,11,128,1,0,0,54444541ff000102010101ff01fefefefc00fd02ff03ff010000ff00fc02fb02fe0000ff0000ff00fffffffffefffe00fe00ff01ff02ff00000000000000000000000000000000000000ff00fe0000fefffcffffff01000102000200ff01fe02fe00ffffff01fe00fdfefffe01fc01fe0103020303fef9fceffef7fdfffbfefc
711,129737914,-90,11,128,1,0,0,3aaaa3410001ff00feff00ff020000fffe01fd02fe010304080a0206fffffff7faeffaf6fdfffd01ff01010101010101fffdfefcff00ff00000000000000000000000000000000000000ff000102030001fffe00fdfcfffa01fa03fc03000203ff00fffdfefefcfefdff00ff01fc00fdfbfff8fefafefe00020001fdfefc01ff
712,129738239,-91,11,128,1,0,0,6cc33641fd00fd02fd0100ff02fe0100ff0100fdfffcfdf4feeafef3ff000a0115ff0dfe03fffffefffeff00ff0100ff00fcfefdfc01ff00000000000000000000000000000000000000fffffffeffff00ff00fd00fd02fe06fd06fe010000ff00ff02010202000000ff0101fe01fbfffdfeffff000300030101040404060002
713,130154067,-41,11,256,1,0,0,566335000911040dff0af908f208ed08e80ae50ce30fe211e313e514e814eb13ef10f20df409f704f900fbfbfbf7fbf3fbf0faeef9ecfefb00000000000000000000000000000000000001fd08f70cf712f717f61bf51ef421f223f022f020f11df219f415f710fc0d010a07080d07130719091e0b220d240f2311221321131f04060c140a12070f030cff0afb09f809f409f109ef0aed0aec0bec0bec0aed09ee08ee06ef04ef01f0fef1fcf2faf2f8f2f7f2f6f2f5edfbeefbfcffffff0000ff00ff0000ff00fd03f004f206f509f70cf80ef911fa13fb15fc16fd16fe15001402120511080f0b0e0f0c120c150c180c1b0d1d0f1f101f101e101d101b101a
714,130155112,-41,11,256,1,0,0,f9911f0002ee03f306f809fd0d001102150319031c021e001efe1dfc1bfb18fb14fb10fc0cfd080004030105ff08fe0bfd0dfc0ffc11ff04000000000000000000000000000000000000fd00f5fff2fceff9ebf6e8f5e5f4e2f3e0f3e0f4e2f5e5f6e8f7edf8f2f8f8f6fdf402f206ee09ea0be60be20adf08df06de04df03df00f902ea02ed02f104f506f808fa0afd0dff0f0010001201130113011301120110020f030e050c060b080909080a060b050c050d040d0b0b0b0b01020000ffff00ff00ffff00fd01f407f405f501f4fff3fcf2faf1f8f0f6f0f4f0f3f1f2f2f1f4f1f6f0f9effceeffed01ec03ea05e806e507e307e106e005e104e203e302e4
715,130491829,-93,11,128,1,0,0,b6677b4101fc01fcfffefcfefdfefffffc00f9fff7fef800fa00fb01fc02fb02fbff01ff03020102010000fdfffb02fb05fb02fdfe03ff0100000000000000000000000000000000000000000200010001000000ff01ff020003000100fefffeffff01ff030001fffdfcfdfe00ff0001fe02ff030003ff02ff01ff01000101ff
716,131078833,-41,11,128,1,0,0,1ee00100f4f3f9f5fdf602f606f50af30cf10eee0fec0eea0de90be909e908eb06ee05f004f404f805fc06ff070208040a060b070c070302000000000000000000000000000000000000fd01f605f404f004ec04e904e605e406e308e308e508e708ea06ed04f101f4fdf6f9f7f5f8f0f7ecf6e9f3e6f1e5efe6eee7ede8ede9
717,131138988,-41,11,128,1,0,0,1ee00100effdf3fcf8f9fbf6fef2ffef00ecffe8fee6fce5fae5f9e6f8e8f8eaf9edfaf1fbf4fef701fa04fc07fd0afe0cfe0efe0ffe03ff000000000000000000000000000000000000ff02fd0afb0cf70ff511f314f217f219f21bf31bf419f517f514f610f60bf606f401f1fdeefaebf7e7f6e4f6e2f7e1f8e1fae1fce3fd
718,131226753,-95,11,128,1,0,0,4bb5544101feff01000002fe01fe00000003ff04fe03fe00fefefdfffd01ff02ff01fc01fc00fdfffeff0000000001020102fe02fe01ff000000000000000000000000000000000000000000010000ff010003010203ff02ff00010001fffffdfefcfdfffefefffb01fd030103040204050206ff01fffafbf8f6fbfdfb04fc03
719,131285594,-41,11,128,1,0,0,1ee001000bf00af509fb0a000c050f08120b160d190d1b0c1c0b1c091b071905150312030e03090305050106fe08fb0af90cf80ef810fe04000000000000000000000000000000000000fdfef7f8f7f4f6eff6ebf4e8f2e5f0e3eee2eee3eee4f0e7f2e9f5edf9f0fef303f409f40ef313f216ef19ec1ae919e817e716e614e6
720,131287141,-41,11,128,1,0,0,1ee0010009ef09f409f90aff0d030f071309160a1a0a1c091d071d051b031902160112010e01090305040206ff08fd0bfb0dfb0ffa10fe04000000000000000000000000000000000000fdfef6f9f6f5f5f1f4ecf2e9f0e7eee5ece4ebe5ece7ede9efebf3eef7f1fdf302f408f30df211f014ed17ea17e716e514e412e311e3
721,131346507,-41,11,128,1,0,0,1ee00100090c050a0009fb08f709f40af10cef0fee11ee13ef14f015f314f512f710f90df909fa05fa02fafef9fbf8f9f7f7f6f6f4f5fdfd00000000000000000000000000000000000001fe08fa0bfb0ffc13fc16fc19fb1bf91cf81bf719f817f814fa11fc0dff0a020807060b060f071308170a1a0c1b0d1a0f1910181016
722,131389309,-41,11,128,1,0,0,1ee0010012fe0d0109040508030d021102150318051b071c091c0a1b0b180b150a12080f060c0209ff06fb04f703f402f202f002ee03fb00000000000000000000000000000000000000fffdfff401f104ee06ea07e708e407e107df06df05e105e405e705ec06f108f60afb0eff120216041b051f0521032101210021fe20fc
723,131447924,-41,11,128,1,0,0,1ee00100f2fbf8fbfefb04fa09f80df610f413f114ee15ec14ec12eb10ec0eee0bf009f307f704fb02ff0003ff07ff0afe0cfe0efe10ff0400000000000000000000000000000000000001010408040c031003150319041c041e051f051e041c031902150010fe0afb05f800f4fbf0f7ecf4e8f2e4f1e2f1e1f3e1f4e2f6e3f6
724,131484563,-96,11,128,1,0,0,4ff11441f6fef4fff4fff4fbf4fbf6fdfafcfafcfafdfcfffd00fc00fd02ff040107020801060006ff080009ff07fe04ff03ff03fe04ff0100000000000000000000000000000000000000ff02fd03fe040003020102000100000000000002fe03fc03fa04fa05f903f502f304f405f504f503f802fc00fffefefffefefff9fe
725,131491971,-41,11,128,1,0,0,1ee0010009f008f608fb0a000c050e08110b150c180c1a0b1b0a1b081a061705140310030c03080404040006fd08fa09f80bf70df60efd03000000000000000000000000000000000000fdfef6faf5f7f4f2f2eff0ecedeaebe8e9e8e9e9eaeaececefeef2f1f7f3fdf402f507f40cf210f014ed15ea16e815e613e511e510e5
726,131549911,-41,11,128,1,0,0,1ee00100f5f0faf300f505f60af60ff612f415f116ef16ec15eb13ea11ea0eec0cee0af208f606fa05fe050206060609070b080d090e0203000000000000000000000000000000000000fe01f606f306ee05ea05e606e307e109e00ae10ae30ae509e808ec05f001f4fdf6f8f8f3f9eef8e9f7e4f5e1f3e0f1e1efe2eee3eee5
727,133732908,-95,11,128,1,0,0,bbbffb410302030000fcfefcffffffffff01ff01ff0200010000fe00fe00ff0000000000ff00fe010001010001ff00fe00fd00fdfffeffff000000000000000000000000000000000000fffffe00000002fe00fefcfff9f8faf1fefb0005020c05120107fbfefbfdfdfcfefefffffffffeff00fe02fc03fc04fe04ff01fefffe
728,133944431,-94,11,128,1,0,0,fcceef4101fe00ff00fefffefdfffe00ff00fefffcfc00f205ea02f5fe00f706f30afa06ff02010103fe02fd01fe01ff00fffffffeffff00000000000000000000000000000000000000fffffffefffefffe00000002ff01fd00fe0000fffefffd00fe01fe01fe0101ff02fc02fe01fefdfffd00ffff01fd03fc02ff02030104
729,134351811,-95,11,128,1,0,0,4ff11441fa06f805f505f504f703f703f804f904fa02f901fb03fe0300030104010301040007fe08fd07fe07ff07fe08ff07010602040001000000000000000000000000000000000000fffffefcfdfcfefafdf9fdfbfefd00fdfffcfefefbfff8fefafefefefcfef7fdf6fbf5f9f5f8f8f8fbf8fbfbfbfcfbfcfc01fb06fb07
730,135171047,-94,11,128,1,0,0,4ff11441fa0cf80cf90af906f904f805f806f804fb02fd02fd03fc03fd03fd05fd08ff08ff06fd03fb05fb07fb03fa01fa02fc03fd03ff00000000000000000000000000000000000000fefef8faf8fbfafbfafbfbfdfefe00ff010101010100fe00fc02fb02f901f702f904fa03f702f602f801fafffcfefeffff01fe02fc02
731,135434117,-94,11,128,1,0,0,f8811f4101fd03fd04000102fdfffefefffdfffcfefdfdfefdfd00fd02000102ff01ff0000ffffff00000000ffffffff00010001ff01ff000000000000000000000000000000000000000100040201fefffeff000001ff01ff030003ff01fe00ff0001000100ff00fefffdfefefefffefffffe00fc000106070c050601feff00
732,135434690,-92,11,128,1,0,0,37733341ff00fdfdfdfdfe00fefffefefdfffcfffc00fc01ff0101ff01fd01fc00fd0000000200040003000000fefffe00ff00000000ff0000000000000000000000000000000000000001fe04fb00fd00fffffffefffe00ffff00ff01ff01ff000000000000010001fffe00fc00fefe00ff020103010109ff10fe0bfb05fc02
733,135540588,-92,11,128,1,0,0,211332410000020104020102ffff01fb01fc00feffff04070c10060aff0209ff13fc0afe010002000201010001ff00fefffe00ffff00ff00000000000000000000000000000000000000fffffd00ff01020102fffefcfefc02010104ff0201ff02fe01fe02fc00fafff900fbfffdfefe0101030203010500050000fffcfefdfd
734,137562981,-92,11,128,1,0,0,b6677b4103fa01fc00000002fe00fdfefe00fe02fe02ff01fffefefd00fd01fe01000001020002000000fffffffffe00fe01000101ff00ff000000000000000000000000000000000000010005010101fd00fdfffffefefeff00ff01fd00fdfdfefe000001ff01fffe01fc00ff01010100ff00ff02010f001cff10ff00ffff00
735,137567094,-94,11,128,1,0,0,ebbcce41fdfe00fe04fe03fefefff9fffcff020003010102fe01fcfefdff00010102ff03fe04fe02ff01ff01ff01010001ffff00ff00000000000000000000000000000000000000000001010404ff02fdfffefeff01020004ff04010102fe00fbfffb03fe050003fe04fc07fd070007fc06fa04fe0103090714060a05000400
736,137731107,-94,11,128,1,0,0,4ff11441f707f409f80afa09fa0af909f907fa06fb07ff080005ff040003020104ff07ff090207040604060406010600050003020203000100000000000000000000000000000000000001ff03fc02fe02ff05fd05fd06fd06fe02fffdfffcfefafef9fef9fef9fef8fdf8fbf8f9f9f8f9f7fbf8fdf8fff8fffafdfdfb00fc01
737,138096508,-92,11,128,1,0,0,d77ffd4103030202000201020003fe02fe01ff02fe01fefffffffffffefefffc00fb00feff00fffe00fe00fffffffeff00fe00fdfdfefeff00000000000000000000000000000000000000000200ff01fd00fcfdfdfbfefc00fd01fe00feffffff0000feff00ff02000103000102000100fefdfefcfffef5fee8fceffaf9fffe
738,138138845,-23,11,128,1,0,0,0ee0004128001efc1a0520062d01360a351a282024202c162a0d1c1114141611150e150d150813071709190b180d151111150d160916020500000000000000000000000000000000000005fb18f11af41df820f921fa20ff20011b0217021b002204250a240225f227f82d0536fd2ff82603330b3e0f3d16371c2f1a2a0c2d03
739,138900735,-92,11,128,1,0,0,9aabb941010003010401020002ff01feff0001020002fc00fdfffffffd00fd020003020102fe02fd01feffffff010002000000fe00fd00ff00000000000000000000000000000000000000ff0100fe00fdfefefd00ff0000ff00ff00fefffefdfffc01ff0000fefe00fd0102020202fc03f803f802fef9fdeef8f2fcfb00feff
740,139515597,-93,11,128,1,0,0,555cc541fcfefefdfffd00ff04fe03fefd04f801fafb06fe0dfc0af606faff00f800faff01fc00fcfefefffe00fe02020108050a0b070301000000000000000000000000000000000000fffffffeff00fd02fe0100010002ff01ff010101fffefefc01fb01fdfe02fd0201ff05ff03fdfff902f805fe0301fffcf8faf5fcf9fc
741,139640802,-96,11,128,1,0,0,122aa141fcfefa01f902fafefcfdfcfffc01fd00fffe00fd00fd01fd01fe00fffffffdfefcfffefefffdfffd00feff00fdfffdfefefcfffe00000000000000000000000000000000000001ff03ff020103010302ff03fe01fefefdfeffffff00fd00ffff02fe01fefffffe00fd00fdfffefe01ff04000208ff0e020706010400
742,139744281,-94,11,128,1,0,0,1552214100fcfffe00000000fd01fcfffefbfffcfcfffd06fe0eff06fffdf904f60efa08fdfefbfffc02ff030002ff0100ff00feffffff00000000000000000000000000000000000000fefffcfdfe000000fefcfdfcfefefe02ff03ff0001fe03fe01fd00fc00fe02000201000000000001fffffffffe01fd00fffb04f705fd
743,139744862,-92,11,128,1,0,0,a22aaa4103fe0000fd030005030504010300fe01fe01fc09f811fb09ffff09fe120009010000fffffffefffffd01fdfffefeff00fd01ff00000000000000000000000000000000000000fffefffc00fd02fe00fdfcfeffff0100fdfffb00fd01000002fe02fdfffefb01fd0004fe06fc01fcfcfdfefb00f900fcfe01fa02f601
744,139747982,-93,11,128,1,0,0,6339964102000001fc00fdfffd01f900fafffe00fe03fd0efe13fe090004f808f407ff0003fc01fc00fefefeffffffffffffff00ff03ff00000000000000000000000000000000000000ff00fd01fd01ff0001fe00fc02fd03000101fe00fefe01fd03fd04fd01fdfeff00fffffcfefc0001000301040106ff03020005030304
745,140231915,-92,11,128,1,0,0,61111641ff010000020002fffe01fb04fc03000002000001ff02fe01fd0000ff01fe02fe01fe00fd00fdff00010102ff01fefffffdfeffff000000000000000000000000000000000000fffffdfffe01fe00fefefefbfef9fdfbfdfefc00fbfffe000001000200ff01fb04fa05fa05fb00fef8fff7fef704f509fafffef6fff9
746,140598412,-93,11,128,1,0,0,4ff1144105050505060608060b080b090808040802060106ff05fe0200ff02fd03fc02fc03fb04f904fa04fb04fb05fc06fd03fe01ff0000000000000000000000000000000000000000fefffafffcfefcfdfdfefeffffffff02ff02fe01fe01fd03fd05fd05fc06f907f708f806f904f904fb03fc04fe050004fe0200020500
747,141225662,-42,11,256,1,0,0,166331000b0d060b010afc0af70bf30df00fee12ee14ee16ef18f118f317f615f812f90efa0afa06fa02f9fef8fbf6f8f5f6f4f5f3f5fcfd00000000000000000000000000000000000001fe08f80cf810f815f718f61bf41df21ef01ef01bf119f216f412f70efc0c000a06090b09100a150d190f1c121d131c141a1518151609091e1d191a12170b140413fd14f715f118ed19eb1be91de81ee81de81de91be918e815e811e70de609e605e502e5ffe5fee4fce4fbe208e207fa01fe0000ffff00ff0000fe00fa05e406e60ced10f015f21af31ff523f726f828f928fb27fe27012505210b1f111e171c1d1c221e27202b233026322730272d272a27272624
748,141227639,-42,11,256,1,0,0,5663350011f80dfc0a020807070d071209160b190e1a101b121a1318131511120f0f0c0c080a0408ff06fb05f705f405f206f007ef08fb02000000000000000000000000000000000000fefdfaf4fbf0fdebfde6fde2fcdffcdcfadaf9dbf9def9e1fae4fce900ef04f309f70ffa14fc19fc1efc23fa24f823f522f321f120f106fd14f912fa0ffd0c000a0309060809070c070e08100812081207120711061105110310010fff0ffc0efa0df90cf70cf60cf50bf40bf90ff90efe02ff0000ff00000000fffffdfef3f6f5f6f9f5fbf3fdf1ffef00ed02ec03ea05ea06eb07ec09ee0af00df30ff512f815f917fb1bfb1dfb1ffa20f920f81ff81ef71df61cf5
749,141228578,-42,11,256,1,0,0,3665530003ef05f407f90afd0d011103140418041a031c021c001bfe19fd16fc13fd0ffd0bff080104030106ff08fe0afd0dfd0ffd10ff04000000000000000000000000000000000000fdfff5fdf3faeff7ecf4e9f2e6f1e4f0e2f0e2f1e4f2e6f4e9f5eef6f4f6f9f6fef403f207ef0beb0de70ee30de10be009e007e006e103f30bd90bde0be50ded10f314f817fd1a001d022104230424052305220620071e091a0b170e141110130e150b170919081a071b061c0f1a0d1902040001ffff00ff0000fe00fb01e505e603eafee9f9e8f4e7efe6ebe5e8e5e5e5e3e8e3ebe2efe2f5e1fbe102df08dd0dda12d716d319cf1acb1ac818c615c812ca10cc0ecd
750,141231090,-42,11,256,1,0,0,36655300ee02f3fff7fbfaf7fcf2fdeefdeafce7fae5f8e3f6e4f5e5f5e8f5ebf6eef8f1fbf4fef701fa05fc08fd0bfe0dfe0ffe10fd04ff0000000000000000000000000000000000000002020b000efe12fc16fc19fb1cfc1ffc21fd21fe1efe1cfe18fd13fb0ef909f505f101edfee8fde4fce0fcdefede00de02df03e004f901eb03ee02f100f4fef6fbf8f9faf6fbf3fbf1fbeffbedfbedfbedfbedfceefdeefeef00f001f103f205f406f507f608f609f70af706f106f201fd00ffff00ffffffff000001010a0808090409020bff0cfe0efc10fa11f912f713f612f511f40ff30df10aef08ed06ec04e902e701e401e201e101e102e202e303e504e604
751,141233020,-42,11,256,1,0,0,9660090011070b070509ff0bfb0ef712f515f419f51cf61ef71ff91efc1cfd19fe15fe11fe0dfd08fb04f900f6fdf4faf2f9f0f8eff7fbfd00000000000000000000000000000000000000fd04f407f20bef0fec12e914e615e315e114e112e311e60fe90dee0cf40bfa0c010e06110b140f18131c141f1420122011210f200d0602150812070d0709070608020aff0bfd0dfb10fa12f913f914f914f914f912f811f80ff70df50bf409f307f305f204f203f102f001f109f108fd01ff0000ff00000000fffffefdfaf1fcf200f403f306f309f20cf20ef110f112f112f213f413f613f913fd130014041407160a170c190e1c0f1e0f1f0f1e0d1d0c1c0a1c0a
752,141234713,-46,11,256,1,0,0,966009000e0709070408ff0afc0df910f813f717f819fa1bfc1cfe1cff1a001800150011ff0dfd08fa04f801f5fef2fcf0faeef9edf9fbfe00000000000000000000000000000000000001fd07f40af40ff414f318f21af11cf01cef1cee1aef17f014f311f60efa0bff0a040a090b0d0d110f1412161516171519131911190e9e00122213221322132113211320131f131f131e131e131d131d131d131e121e101e0f1e0d1e0c1e0b1e091d081c061c051b031b011bff1bfe1bff09ff02fffffdfefeff04010d062413231521171f1a1e1c1c1e1b20192218231725162615261427132812281128102810271026102610251025102511251225122513241325
753,141240114,-48,11,256,1,0,0,9660090002f103f506f909fc0cff1000130016ff19fd1afb1afa19f817f715f712f80ff90bfc08ff060204060309020c010f011101130004000000000000000000000000000000000000fdfff4faf3f7f2f2f1efefecedeaece8ebe8ebe9ebebededf0eff4f1f8f3fcf401f506f40af20def0fec0fe90ee60de50be409e407e5340018e518e418e216e115e113e111e211e311e311e210e10fe10ee00de10de20ee30fe410e510e510e610e70fe80fe910eb11ec12ee14ee14ef07fa02feff00fe02ff0102fc07f315de16df17e118e31ae51ce61ee71fe720e621e621e721e821e922eb23eb24eb23ea22e920e91fe91ee91ee91ee81de71de51ce41ae319e3
754,141243721,-48,11,256,1,0,0,96600900f70df808f704f6fff3fcf0f9edf8eaf8e7f8e5fae4fce4fee5ffe800eb01ee00f2fff6fdfafafdf800f502f203f004ee04ed01fb00000000000000000000000000000000000002010809080c071007140718081b091c0a1d0b1c0a1b091808150511020efe0bfa09f508f109ed0aea0ce90fe812e914eb16ed16ef163b00e114e015e117e218e319e519e618e718e718e818e819e91ae91aea1aea19e918e917e816e715e815e814e912e911e90fe90ee80ce70be60af603fd0000ff01fe00fffd03f60ae61de41ce31ae218e016df14dd13dc13da13da12da12da10da0fd90ed80dd80ed80ed90fda0fdc0fdc0fdd10dd10dd11dd13de14de15df16
755,141253173,-48,11,256,1,0,0,9660090004f005f507f909fd0dff10011401170019ff1afd1bfb1af918f815f812f90ffa0cfd090006030406020a010c010f011101120004000000000000000000000000000000000000fdfef4f9f4f5f3f1f2edf1e9efe7eee6ede5ede6ede8efeaf2edf5f0f9f2fdf402f407f40bf30ef011ed11ea11e710e50ee40be509e534001ae41ae319e218e217e115e214e314e313e313e313e212e211e211e211e312e513e614e714e714e813e913ea13ec13ee14ef15f116f217f308fb02feff00ff02ff0101fb05f210da11db13dd15de17e019e11be21de21ee21fe220e320e421e622e723e823e823e822e721e720e71fe71ee71ee61ee51ee41de31ce21be2
756,141265234,-47,11,256,1,0,0,96600900f1faf5fafaf8fef501f203ee03ea02e701e5ffe3fce3fae4f9e6f9e9faecfbeffdf300f703fa07fc0afe0eff1000120014000500000000000000000000000000000000000000fe02f80bf50bf00bec0ce90de60fe510e411e511e710e90fec0cef09f205f300f4fcf4f7f2f3f0efeeedebece8ede6eee5f0e5f3e5f43600e8e1e7e0e6e1e5e2e5e3e5e5e6e6e6e7e6e7e6e6e5e7e4e7e4e8e5e9e6e9e8e8e9e7eae6ebe5ebe5ece6eee7f0e8f2e8f4e7f6e6f7e5f8e5fdf6fffc000002010100fbfef2f9dbecddebdee9e1e7e3e5e4e3e5e1e5dfe5dde5dce6dce8dbe9dbebdaecd9ecd9ebd9ebdaebdbebdcebddebddebdce9dce8dde7dee6dfe6e0
757,141266209,-47,11,256,1,0,0,76600700f0fdf5fbf9f9fcf6fff200ee00eaffe7fde5fbe4f9e4f7e5f6e7f6e9f7edf9f0fcf3fff703f907fb0afd0efe10fe12fe14ff05ff000000000000000000000000000000000000ff03fc0cf80df40ff011ed13eb15ea16ea17eb17ec16ee14f011f20df308f403f4fef2faf0f6edf3eaf1e7f1e4f1e3f3e2f6e3f8e4fa3d00e2e8e1e7e0e7dfe8dfeae0ebe1ece2ece2ece2ece2ebe1ece1ece2ede3ece5ebe6eae7e9e8e8e8e8eae8ebe9eee9f0e8f2e8f4e7f6e6f7e5fdf6fffd000002000100fb00f1ffd7fdd7fbd8f9d9f6daf3dbf1dbeedaecdaebdae9dbe8dce7dde6dfe4e0e3e0e2e0e2e0e3e0e4e1e5e2e5e2e5e1e4e0e4dfe5dfe5dfe6dfe7
758,141272783,-47,11,256,1,0,0,76600700fc0ffb0bf806f503f101ed00ea01e702e503e406e408e60ae80aea0aed09f107f404f700f9fcfbf8fcf5fcf2fceffcedfbecfefa00000000000000000000000000000000000003010c050c090d0d0e1110141116131814181417131612140f110b0f070d020cfd0cf90cf50ef211f014f017f11af21bf51cf71cf91b9900e41ce41ce41de51de61de71de81ce91ce91cea1cea1cea1cea1cea1cea1be91ae919e918e816e815e813e812e811e80fe70de70be70ae608f602fd0000ff00fd00feff04fc0df426f225ef24ec23ea22e821e720e520e320e21fe11ee01ddf1cde1bdd1bdd1add19de19de19df19e019e01ae11ae11be11be21ce21ce21c
759,141281531,-47,11,256,1,0,0,b6600b00fd0ffc0bf907f604f202ee01ea02e803e605e507e50ae70be90ceb0bee0af108f405f701f9fdfaf9fbf6fbf3fbf0faeefaecfefb00000000000000000000000000000000000003000c040d080e0c1010111313151516161716161514131210100c0e080c030bfe0cfa0df60ff312f215f218f31bf51cf71df91cfb1b3d00e61ce61de61ee71fe91fea1feb1eec1dec1cec1dec1eed1fee1fee1eee1ced1bec1aeb19ea19eb18eb17ec15ec13eb11ea0fe90ee80ce70cf704fd0100ff00fd00feff04fb0ef327f126ef25ed23ea21e820e61fe420e220e220e11fe11ee01cdf1bde1bdd1add1bde1be01be11ae119e119e11ae11be21ce31ee51ee61e
760,141281738,-47,11,256,1,0,0,b6600b00f000f4fef7fbfaf7faf3faeff9ebf7e9f5e7f3e7f1e7efe9efecf0eef2f1f4f3f8f5fcf700f805f908f90cf90ef810f711f704fd000000000000000000000000000000000000ff03fd0dfa0ef610f213ef15ee17ed19ed1aee1aef18f016f213f40ef40af405f301f1fceef9ebf7e8f6e5f6e2f8e1fae1fce2fee3002f00deeeddeedcefdbf0dbf1dcf3ddf3def4def4def4ddf5ddf6ddf6def6dff6e0f5e1f4e1f3e1f2e2f2e3f2e5f2e7f1e9f1eaefebeeecededecf9f8fefd000002000100fbfff1fed6fbd7f9d8f6d9f4daf1dbefdbeddaebdaeadae9dbe8dce7dde7dde5dee4dee4dee4dee5dee6dee7dfe8dfe8dee8dde9dceadbebdbecdbec
761,141288030,-47,11,256,1,0,0,b6600b0000f002f405f809fa0dfc11fc14fb17fa19f819f519f318f215f113f210f40df60af908fd060105050509050c050f061106120104000000000000000000000000000000000000fcfff2fcf1f9eff4edf1ebeee9ece7ebe6ebe6ece8edeaefedf1f1f3f6f4fbf400f404f208ef0aec0be90be50ae308e206e103e202e3390016e016df15de14de12de11de0fdf0fe00fe00fe00edf0dde0dde0cdf0ce00de20ee30fe30fe310e40fe50fe60fe810ea11eb13ed14ee15ef07fa02feff00ff02ff0100fb04f10cd80dd90fda12dc14dd16de18df1ade1bde1cde1ddf1de01ee21fe320e321e320e21fe21de21ce31be31be31be21be11ae019df18de17de
762,141301465,-47,11,256,1,0,0,b6600b000e0509060508010afe0dfd11fc14fd17fe19001b021b041a051906160513040f020cff08fc05f803f501f200ef00edffecfffbff00000000000000000000000000000000000001fd07f40bf40ff413f417f319f11bf01bef1aef18f016f113f310f70efb0cff0b040b080c0c0e1011121413171318111a0f1a0d1a0b3000132015201620171f171e171d161b151b151b151b161b171a1819171916181419121a111b101c101c0f1b0d190c18091807190519041a031a01090002fffffdfefeff04010c072314221520171e191c1b1a1d191f192218231824172416241424122512271127122712261225122311231123112412241423152316211720
763,141308303,-47,11,256,1,0,0,2dd552000f030b040706030a010e001200150218031a061b081b091a0a180a150912070e040b0109fd06f905f504f203f003ed04ec04fb0100000000000000000000000000000000000001fc06f309f30ef212f116ef18ee19ec19eb19eb17eb15ed12f00ff40df80cfd0c020c060e0b110e141018101a0f1c0d1d0b1d091c073200191d1a1d1c1c1d1b1d191d181c161c161b151c151d151d151e141d131c131a14191518151816181617151514131411140f150e160d170c1804080102fffffdfefeff04020d072316221721191f1b1d1c1b1e1a201a221b231a241a24182417251626152715271527162616241623162216221722182219211b201c1f1c1f
764,141311980,-47,11,256,1,0,0,2dd552000a0c050a0109fc0af80cf50ef311f214f317f419f61af81afa19fb17fc14fc10fc0bfb07f903f7fff5fcf2faf1f8eff7edf7fbfd00000000000000000000000000000000000002fe0cf90ffb13fd17fe1aff1dff1fff20fe1ffd1efd1bfd17fe13ff0f010b050809060d051105150718091b0c1c0e1b101a121712153b0001130213021303130313031203110311031103110311041104110411031002100210011000100010000fff0eff0efe0dfd0dfc0cfb0cfa0cfd04ff0100ffffffffff010104050c100b110a11081207120613051304140415031503150215011500150015ff16ff1600150015001400140014001400140114021402140214
765,141313602,-47,11,256,1,0,0,2dd55200f003f300f6fcf8f8f8f4f7f0f5edf3ebf0eaeeeaecebebedebefedf1eff4f3f6f6f7fbf8fff803f807f70af60df50ef40ff303fc0000000000000000000000000000000000000003000dfd0ff912f615f417f31af21cf31df31df41bf619f715f711f70cf608f403f100edfdeafbe6fbe3fce1fee100e103e205e4063400dbf4daf4d9f5d9f6d9f7dbf9dcf9ddf9ddf9ddf9dcfadbfadcfbddfbdefbdff9e0f7e0f6e0f5e1f5e2f5e4f5e6f4e8f3e9f1eaf0ebeeecedf8f9fdfd000002ff01fffb01f102d705d704d701d7fed8fbd8f9d7f7d6f5d6f4d5f3d6f2d7f1d8efd9edd9ecd8ebd8ecd8edd9eedaefdbefdbefdaefd9efd8f1d8f2d8f3d8f4
766,141318728,-47,11,256,1,0,0,2dd55200fb1bf813f40cef07e804e202dc02d704d307d10cd110d412d714dc13e111e60deb08f002f4fbf6f5f7eef8e9f7e4f7e0f6defdf700000000000000000000000000000000000005011409150f1617181e1b231e27202a232a232922261f221b1e151a0e160514fd14f515ee18e91de623e528e72dea30ee31f330f62ea000ee1bee1cee1cef1def1cf01cf11cf21cf31cf31cf31cf41bf41bf41bf31bf31af31af219f218f217f116f114f113f012f011ef10ee0eed0df904fd0100ff00fd00feff03fd0cf821f621f420f21ff01eee1eed1eec1eeb1ee91de81de71ce61be61be61ae61ae619e619e719e719e81ae91ae91aea1bea1bea1bea1ceb1c
767,141328645,-42,11,256,1,0,0,2dd552000ef70cfb09000805070b080f09130b150e171017111612141212110f0f0d0c0b080905070006fd05f905f605f406f207f107fc01000000000000000000000000000000000000fefdfaf6faf2fbeefbe9fbe6fae2f9e0f8dff7dff7e2f8e4f9e7fcecfff003f407f70cf911fa16fb1bfa1ef820f61ff41ef31df11cf105fc11f40ff50cf80afc09ff080308060809090b090d0a0e0a0f0b0f0a0f0a0e090e070e050d030d010dff0cfd0cfc0bfb0bfa0bf90b000fff0eff02ff00ffff00000000fffffdfff2fcf3fbf8f8f9f6fbf3fcf1fdeffeecffeb00ea01ea03eb04ec06ee08ef0bf10ef210f313f415f417f419f31bf21bf11af119f117f115f1
768,141341726,-47,11,256,1,0,0,76600700060f020cfe09fa08f609f20aee0ced0fec11ec14ed15ee16f116f314f512f60ef70af806f801f7fdf6f9f5f6f3f4f2f2f1f1fcfc00000000000000000000000000000000000003fe0dfc10ff130317051a071d081f09200820071e061c06180513050e060a07050a020eff12fe16fe1a001d021f041f071f091d0a1b9800fa13fa13fa13fb13fb13fb12fc12fc12fc12fc12fc12fc11fc11fc11fc11fb11fb10fb10fa10fa0ff90ef90ef90df80cf80bf70bf60af609fc03fe0000fffffeffff000202070514031402150015ff15fe15fd15fc15fb15fa15f915f915f815f715f714f614f614f714f713f713f713f813f813f813f813f914f914f914
769,141343583,-47,11,256,1,0,0,76600700feef01f304f608f90cfa10fa14f917f818f619f319f117ef15ef12f010f20df40bf809fc070006050608060c070f081108120204000000000000000000000000000000000000fcfff2fdf1faeef5ecf1e9efe7ede5ece4ece4ede5eee7f0eaf2eff4f4f5f9f5fef403f206ef09eb0ae709e408e206e003e001e1ffe2960010db0fdb0fda0eda0dda0cdb0bdb0adb09dc09dc08dc08dc08dc08dc08dd08dd09de0adf0be00be10ce20de30de40ee50fe710e811ea12eb06f802fdff00ff02ff01fffb00f003d506d609d60cd70ed710d811d813d815d816d818d919d91ada1ada1bdb1bdb1adc1adc19dd18dd17dc16dc16dc15db14db14db13da13d9
770,141345649,-47,11,256,1,0,0,76600700f105f401f7fef8f9f9f5f8f1f6eef4ebf2eaefeaedebecececefeef1f0f3f3f5f7f7fbf8fff803f907f80af80df70ff610f504fd0000000000000000000000000000000000000102030c000efd12fb16f919f81bf81df81ef91efa1dfb1afb16fb12fa0df809f504f201eeffebfde7fde4fee200e102e205e307e5089100dbfadafbdafbdafbdbfcdcfcdcfdddfdddfedefedefedefedefedefddefddefcdffbe0fae1f8e2f7e3f6e4f6e5f5e7f4e8f3e9f2eaf0ebeff8f9fdfe000002fe01fffc02f306dc12dc0fda0cd909d807d805d703d701d6ffd6fdd5fcd5fad5f9d5f8d6f7d6f7d7f6d7f6d8f6d9f6d9f7d9f7d9f8d9f8d9f8d8f9d8f9d9f9
771,141356325,-46,11,256,1,0,0,76600700effbf3faf8f8fcf6fff201ee01ea01e7ffe4fee3fbe2f9e3f8e5f8e7f9eafaeefcf2fff503f806fb0afc0efe10fe12ff14ff05ff000000000000000000000000000000000000fe02fa0bf60bf00cec0de90fe610e512e413e514e714e912ec10ef0cf208f403f4fef4f9f2f4f0f0edeee9ede6ede4eee3f1e3f3e3f59200e3e4e2e4e1e4e1e5e1e6e1e7e1e8e1e9e1eae1eae1ebe1ebe1ebe1ebe2ebe3eae4eae5eae5e9e7e9e8e9e9e9ebe9ece9eee8f0e8f1e7f3e6fbf6fefd000002010100fbfef2fadaeedbecdde9dee6e0e4e0e3e1e2e2e0e3dfe3dde4dce5dce5dbe6dae6dae7dae7dbe7dbe7dce7dde7dde6dee6dfe5dfe4e0e3e0e3e0e2e0
772,141361825,-46,11,256,1,0,0,766007000ef60bfa0aff09040a090b0d0e101111131216121711180f180d160b130910080b0707070207fd08fa09f60af40cf20df10efc03000000000000000000000000000000000000fefdfaf3fcf0ffec01e802e402e102df01de00de00e000e200e601eb03f005f408f80dfb11fd16fd19fd1cfb1ef81ff61ef41cf21af1940014ff14ff14fe14fe13fe13fd13fd12fd12fc12fc12fc12fc12fc12fc11fc11fc11fd11fd11fe10ff10ff0f000f000e010e010e020d030d0404010100fffffe00ff0002ff07fd13f914fa14fb14fd14fe15ff1500150016011602160216031603160416041504150415041504150315031502150215021501150115001500
773,141368706,-42,11,256,1,0,0,76600700f90ef90af805f600f3fcf0f9edf8eaf7e8f8e6f9e5fae6fce7feeaffedfff0fff4fef8fdfcfbfef901f702f503f404f204f101fc0000000000000000000000000000000000000200080409070b0b0d0e0f11111214141614161315121310110e0d0c080a030afe0af90bf50df20fef12ee16ee18ef19f11af21af31afc0bf322f41ff418f311f10bef05ec01e9fde5fae2f9dff8ddf7dcf8ddf7dff7e1f6e4f5e7f3eaf1edeff0edf2ecf5eaf6e9f7e8f8e7ecebeeecfcfcfffe0000ff00ffff01ff04fe17f916fb12031207120c121013151419141d141f121f0f200b20071f0220fd20f821f322ef24eb27e82ae62de630e732e931eb31ed2fef2d
774,141371486,-42,11,256,1,0,0,76600700080f030dff0af909f409f00aec0bea0ee910e912ea14ec15ee14f112f310f60df709f905f900fafcf9f9f8f6f7f4f6f3f5f2fdfc00000000000000000000000000000000000002fe0afa0dfb12fc16fc1afc1dfb1ffa21f820f81ef81bf818fa14fc0fff0b030808060d05120517061b081f0b200d1f0e1e101c101b03050a110810060e020bff0afc09f909f609f40af20af10bf00bf00bf00bf10af109f107f105f203f201f2fff2fdf2fbf2faf2faf2f9f0fff0fefdffffff00ffff00ff0000ff01fd07f407f508f90afa0cfb0efd10fe12ff130014011302120410060f080d0a0b0c0a0f091109140917091a0a1c0b1d0c1d0d1c0d1a0d180d17
775,141447340,-47,11,256,1,0,0,7660070007f007f407fa09fe0c021005140717071a071c061d041d011c001aff17fe13ff0e000a0206050207ff0afd0dfb10fa12f914fe05000000000000000000000000000000000000fdfef4f8f4f4f4eff3eaf2e6f1e4efe2eee1eee2eee4efe6f2e9f5edf9f0fef303f408f50df412f215f016ed17e916e714e612e510e5990021e821e720e720e61fe61ee61de61ce61be61ae51ae519e419e419e419e519e61ae71ae81aea1aeb1aec1aed19ee19f019f11af31bf51bf60afc03ffff00fe02fe0002fb09f31ade1cdf1ee120e322e523e624e726e827e928eb29ec29ed2aed2aee2aee2aef29ef29ef28ef27ef27ee26ed26ed25ec25eb25ea25e925e9
776,141451507,-47,11,256,1,0,0,966009000e060a0605070109fd0cfa0ff912f915f918fa1afc1bfe1b001a011801150111ff0dfe09fb05f802f5fff3fdf0fceefbedfafbfe00000000000000000000000000000000000001fd06f50af50ff413f417f219f11bf01bef1bee19ef17f014f210f60dfa0bfe090309080a0c0c100f1312151515171418131910180ea100161e161e171e171d171c171b181a1819181818181817181718171817171717171617151814181318121811180f180e180c180a180919071902090002fffffdfeffff03020c0820171f191d1b1b1c191e181f1721172216241525142513261226112711271026102610251025112411241223122313221321142114211421
777,141452871,-46,11,256,1,0,0,96600900ef01f3fff7fcfaf8fcf4fcf0fbecfae9f8e7f6e6f4e7f2e8f1eaf2ecf3eef6f1f9f4fcf600f804f908fa0bfb0efb11fa12fa04fe0000000000000000000000000000000000000003000cfc0ef811f514f317f119f01bf01cf11cf21bf419f515f611f70cf607f502f3feeffaecf8e9f6e5f7e3f8e1fae1fde2ffe3009a00ddf2dcf2dcf3dcf3dcf4ddf5ddf6ddf7def7def7def8def8def8def8def8dff8e0f7e0f6e1f5e2f4e3f4e5f3e6f3e7f2e8f1e9f0eaeeebedf8f9fdfd000002ff0100fb00f100d7ffd8fdd8fad8f7d9f5d9f3d9f2d9f0d9efd9edd9ecdaebdbeadbe9dce8dce8dce8dde9ddeaddebddebddecddecdceddceedceedbefdbef
778,141617219,-47,11,256,1,0,0,6dd006000ff90efd0d000e040f0712081409170919081a071a051a0318021601130110020d040a060708060b040d0310031103130314000500000000000000000000000000000000000001fc06f00aef0eee11eb13e915e715e514e413e411e610e80eec0df00df40df80ffc11ff150118011b001dfe1ffc1ff91ef71cf61af487002bff2bfe2afe2afd29fd28fc28fb27fb26fa26fa25f925f926f926fa25fa25fb24fc24fd23ff2200210120021f031e041d051c071c091b0a09040201fffffd01fe0004fd0ef929ed2af02bf32cf62df92efb2efc2ffe2fff3001300330043006300730072f082e082e082d072c072c062c052c042c042c032c032d022d02
779,141619668,-46,11,256,1,0,0,6dd00600faf0fdf200f304f206f008ee08ec08ea07e806e704e702e801e900eb00ee01f103f305f608f80af90cfa0efb10fb11fb11fb04fe000000000000000000000000000000000000fcfef2f8f1f5f0f1eeeeececeaebe9eae8ebe8ece9eeebf0eef1f2f3f6f3f9f2fdf1ffef01ec01e901e6ffe4fde3fae3f8e4f7e6f6e89100fbd9fad8f9d9f9d9f8daf8daf7dbf7dcf6dcf6ddf6ddf6ddf6ddf6def6def7def8def9dffadffce0fde0fee1ffe200e302e303e405e506e502f600fdff0001020001fdfcf7f3eadcecdbeed9f1d8f4d7f5d6f7d6f8d5fad4fbd3fdd3fed2ffd200d201d301d302d401d501d501d600d6ffd6ffd6fed6fdd6fdd6fcd6fcd6
780,142012079,-47,11,256,1,0,0,6aa006001002100511081309150a170a19091a071a051a0418021601140111020e040c070a0a090d091009130a140a150b150b150c15030500000000000000000000000000000000000003fd0ff611f614f617f619f51af31af21af218f217f315f513f711fb11fe110112031405160619061b041c021c001cfe1afd18fd16fc8c002b032b022b022b022a012a012a01290029002900290029002901290229032904280527072609250a230c220d200f1f101e111c131a15191608080202fffffd01fe0003fd0cf824ea25ed27ef28f229f52af72bf92bfb2cfc2cfe2d002d022e032d042d052d062c072c072b072b062b062b052b052b052b052c042c042d04
781,142572142,-64,11,256,1,0,0,366553000cf30ef10ff00ff00ef00cf109f205f502f9fefdfb01f806f60bf410f314f218f21af41bf51bf71afa18fd150011030d050a0102000000000000000000000000000000000000020009020c051009130c150e15101511131110100c0f080d030afe07f904f501f2ffeffdedfcedfbedfbeefbf1faf5f9f9f9fdf701f6b90002e602e602e601e601e601e701e801e801e801e801e800e801e901e901e902e903ea03ea04ea04eb04eb05ec06ec06ed08ee08ee09ef0aef03fa01feff0001010000fcfdf5f8e5ebe7e9e9e7ece6eee4f0e4f1e3f3e2f5e2f7e2f8e1f9e1fae1fce1fde2fee2ffe200e300e301e401e401e401e501e501e501e501e501e5
782,142572676,-63,11,256,1,0,0,366553001107130814081408140712050f030b0107ff01fefcfdf6fcf0fcebfde7fee3ffe100e101e203e405e706eb07f008f509f90afe020000000000000000000000000000000000000002ff09fd0dfa12f816f618f419f319f317f314f410f50bf606f800f9fbfbf6fcf2fdeffdedfeecfeecffee00f002f304f606fa08fdb30019f818f818f818f717f717f717f716f716f716f716f615f715f715f715f816f816f815f915f914fa14fb14fc14fc14fc13fd13fe1300130107000200ff00ff02ff0001fc04f40edf10e112e314e515e716e917ea18eb19ed1aee1bef1bf11cf21df31df41df51cf61cf71bf71bf71af81af81af819f719f719f819f819f8
783,142592401,-61,11,256,1,0,0,7660070001ed02eb02ea01ea00ebffecfeeefdf2fef500fa02fe050109050e071209160a190a1b091c071b051a03170214000fff0bfe02ff000000000000000000000000000000000000ff02fe09fc0cfa0ff812f715f716f616f615f713f711f70df709f605f601f5fdf3fbf2f9f1f7f1f7f1f7f1f7f3f7f5f7f7f6faf5fcf4a200f5e5f5e5f5e5f5e5f5e6f5e6f5e6f4e7f4e7f4e7f4e6f4e6f3e6f4e6f4e5f5e5f6e4f7e4f8e3f9e4fae4fbe5fce5fee500e502e504e505e502f600fdff0001000000fcfff5fde3f7e4f5e5f2e7efe8ede9eceaeaebe9ede8eee6efe5f0e4f1e4f2e4f3e4f4e3f5e4f6e3f6e4f7e4f7e4f7e4f6e4f6e4f6e4f6e4f6e4f6e4
784,142726176,-92,11,128,1,0,0,e1133e4100fffe00fcfffffd02ff00fffdfefffe01fd00fc00fe00fefffe00ff000000ff00ff00ff00fe00fd00fe01fe00ff01000301000000000000000000000000000000000000000000ff01ff0100010102ff02fdf902f107f703fefe0206070d0207ff000001fd01fc01ff0200fffefcfffe0101020101ff000003040306
785,142727809,-93,11,128,1,0,0,1ddff141ff03fc02fe010201040004ff040002ff02000101ff00ff00ff01000300020001000000000001ff00fffe00fe01fe00ff01010000000000000000000000000000000000000000ff00ff02fefffdfefe00fc00f5faeff3f6f7fcfc060311090803fefc01fe03ff01ffffffffffff01fd04fe05ff02fffefefdfefbfdfb
786,142833921,-49,11,256,1,0,0,96600900ef02ef01ef00eefeecfeebfeeaffea01ea02ea03eb04ec04ed03ee02ef01efffeffdeffbeff9eef8eef8eef8edf8eef8eef8fbfe000000000000000000000000000000000000fc01f205f004ed04eb04e805e706e607e708e809e909eb09ed07ef05f003f000f0feeefdedfcebfce9fce8fee700e802e904ea05eb058000dafbd9fbd9fbdafcdafddafddbfedbfedbffdbffdbffdbffdbffdaffdafedafddbfcdbfbdcf9ddf8def7dff6e0f5e1f3e2f2e4f0e5eee7ecf7f8fdfd000002ff01fffc01f305dd0ddc0bdc08db05da03da01d9ffd9fed8fcd8fbd8fad8f8d8f7d8f6d8f5d9f4d9f4daf4daf5daf5dbf6daf6daf7daf7daf8d9f8d9f9d8f9
787,142853899,-48,11,256,1,0,0,366553000510031001110012001400150117021704170517061606150613051203110110fe10fc10fa10f811f711f712f612f612f612fd0400000000000000000000000000000000000002020a0b0a0e0a110b130c150e160f161016101510130e110c10090f060e040f0110001200140016011803190619071909170a160a148700032804280428052805280527062706260626072607260726062606260526042602260126ff26fe25fc24fb23f922f821f520f31ff11def1cf90afd0200fffefefffe0202080a171d151f132011220e230d240b260a27082807290529042a032a022a012a002aff2aff29ff2900280028002801280229022903290329032a
788,142874416,-48,11,256,1,0,0,7660070006f008f10af20bf20df10def0eee0ded0cec0aeb09ec08ed07ee08ef08f10af30bf50df60ef710f710f711f711f711f711f804fe00000000000000000000000000000000000000fc01ef03ee05eb06e907e707e506e405e404e503e602e803eb04ee06f008f20af20cf20ef10fef10ed0feb0eea0ce90ae908ea07eb8a0012dc11dc11dc11dc10dc10dc0fdc0edc0ddd0ddd0ddd0ddc0ddc0ddc0edd0edd0fde10df11e012e212e313e414e514e715e817ea18ec19ee09f902feff000002ff01fffbfff100d702d805d808d80bd90cd90ed910d912da14da15da17db18db19dc19dc19dd19de19de19df18df17df17de16de15dd15dd15dc15dc15dc
789,142877501,-48,11,256,1,0,0,76600700ef05ef04ee02ed01ec01eb01ea02e904e905ea06eb07ec07ed06ee05ef04ef01efffeffdeffceefaedfaedf9edf9edf9edf9fbfe000000000000000000000000000000000000fd02f309f009ed09eb0ae90be80de80ee80fea0feb0fed0eef0bf009f006f003ef01ed00ebffe900e701e603e605e707e808ea09eb097e00d90bd90bd90cda0cda0ddb0ddc0edc0edd0edd0edd0edd0edd0edd0edd0edc0ddc0cdc0bdd09dd08dd06de05df04df02df00e0fee0fbe1faf4fdfcfe010001fe01fffd03f509e21ae118df16dd13dc11db0fda0ed90dd80cd70bd609d508d507d506d505d504d604d604d704d705d705d806d807d807d808d708d709d709
790,142883558,-49,11,256,1,0,0,76600700f5f3f7f2f8f0f9eff9edf8ecf6ebf5ebf4ebf3ecf2eef2eff3f0f5f1f7f1f9f1fbf0fdeffeefffed00ed00ec01ec01ec01ec00fb000000000000000000000000000000000000fcfef2f7f2f4f1f2eff0edeeebeeeaeee9efeaf0ebf2edf3eff4f2f4f5f3f7f2f9f0f9eef9ecf8ebf6eaf4e9f2eaf1ebf0ecf0eef0ef8600e8e1e7e1e7e1e6e1e6e1e6e2e6e3e6e3e6e4e6e4e6e5e6e4e6e4e6e4e7e3e7e3e8e2eae2ebe1ede1efe1f0e1f2e1f3e1f5e1f8e1fae1fce0fef4fffc000002000000fbfef3fadcf0deeedfece0e9e1e7e2e5e3e4e4e2e5e1e6dfe7dee7dde8dce9dbeadbeadbebdcebdcebdcebdcebddeaddeadee9dee9dee9dee8dee8de
791,142885548,-49,11,256,1,0,0,76600700fdeeffee01ed02ec03ea03e802e700e6ffe6fde6fce7fce9fceafdecffed01ee03ef06ef08ef09ee0aee0bed0bed0bee0bee02fb000000000000000000000000000000000000fdfcf7f0f8eef8eaf7e8f6e5f5e4f4e3f3e4f2e5f2e7f3e9f6ecf8edfbeefeee01ed03ec03e903e703e501e4fee3fce4fae5f9e6f9e7830001d400d400d4ffd4ffd5ffd5fed6fed6fdd6fdd6fdd6fdd6fdd6fed6ffd600d601d702d704d805d906da08dc09dd0bde0ddf0fe011e213e307f502fdff0001020001fdfcf8f2eadaedd9f0d8f3d7f6d6f8d5fad4fbd3fdd2fed200d102d103d104d105d106d207d307d307d306d406d405d404d404d403d303d303d302d3
792,142978481,-44,11,256,1,0,0,36655300ed0cec09ec06eb04e903e803e703e604e505e506e607e807ea07eb05ec04ed02ed00edfeedfcedfbedfbedfbeefbeefbeefbfbfe000000000000000000000000000000000000fe02f70bf40cf10eee10ed13ec17ec1aed1cef1cf11bf219f417f413f40ff30cf009ed07ea07e707e409e20ce20ee40fe510e711e811f307d917db14dc10dc0ddb0ad908d706d605d406d306d307d407d507d606d705d803d901d9ffd9fdd9fbdbfadcf9def9dff9e1f9e2f8e7f9e9f8fcfefeff0000ffff00ff00010005021c001bf716f216ed17e918e51be11dde1fdd20dc20dd1edd1bdd19db17d814d612d310d010cd11cc12ca14c917ca1acd1cd01cd41cd61c
793,142980192,-44,11,256,1,0,0,3665530013fe120011021104120613071407150616061605160415031303120310040f050e060d080c090c0a0b0b0b0b0b0b0b0b0b0b020200000000000000000000000000000000000002fe0afa0dfa10fa14f916f718f419f219f018ef16ef14f012f210f40ef80efb0ffe11001302160319031b021c001cff1bfd1afc1afb0cfe27fa24fc22fe20012004210622082309240a250a250a240924092309220a200b1f0c1e0e1d0f1c101b1119111710161015101410110d0f0e02020000ffffff00ff0000fe01fb06e708e90ef012f216f31af41ef322f225f227f128f227f325f525f725fa27fc28ff29012b032d032f03320233ff34fd32fb2ffa2df82bf7
794,143807677,-47,11,256,1,0,0,76600700ff0afb06f703f201edffe9ffe700e501e402e504e705e905ed04f103f501f8fffcfcfff901f702f403f204f104f003f003f000fc00000000000000000000000000000000000002fe09f90df812f617f51af31df11ff020ee1eee1bf017f213f50ff90afe0604040a02100115021a031e042206220821091e091c09190104040e010bfe08fb05f803f502f201ef00ed00ec00eb00eb00ec00eeffeffff1fdf2fcf4faf5f9f7f7f8f6f9f6fbf5fbf5fcf5fdf6f8faf9fafeffffff00000000ff00fffffffdfcf3fef404f807f80af90df90ffa12fb13fc14fd14ff1300120310060e090c0c0b100a1309150918091a091c0a1d0b1c0b1b0a1909160814
795,143977721,-92,11,128,1,0,0,4ff11441f2fcf4faf3f9f2faf3fbf8fafdfafcfdfafefafefc00fdfffdfffe01ff02ff04fe04fb04fb05fd05ff05fd03fd02fd03fd04ff0100000000000000000000000000000000000002000702040302010100ff02000202ff01fcfefa00fbfff9fff902fa02f800f802f706f707f905f703f801fbfffefefdfbfcf8fcf7fd
796,144026003,-49,11,256,1,0,0,76600700f9f7fdf501f204ef05ec05e905e703e501e500e5ffe7fee9feecffef01f204f607f80afb0dfd10fe12fe13ff14ff14ff13000400000000000000000000000000000000000000fd02f308ef08eb09e70ae40be30de20fe30fe50fe80eeb0cef08f204f5fff6faf6f5f5f0f3edf0eaeee9ebe9e9ebe8ede8efeaf2ebf39900eae0e9e0e9e0e9e0eae0eae1eae1eae2eae3eae3ebe3ebe3ebe2ece2ede2eee2efe2f1e2f2e1f4e1f6e2f8e2fae2fbe3fee300e402e403e501f600fd000002000100fbfff2fcdaf5dbf3dcf0ddeddeeadfe8dfe7e0e5e1e3e2e1e4e0e5dee5dde7dce8dce9dce9dceadceadceaddeaddeaddeadeeadeeadeeadee9dde9dd
797,144433295,-48,11,256,1,0,0,96600900f500f9fdfcf9fff500f101ed00e9ffe7fde6fce5fae6f9e8f9eaf9edfbf1fdf400f803fb06fe08010b030d040f051005110604010000000000000000000000000000000000000102040b020e01130017ff1aff1dff1fff1f001d001b0018ff13fe0efc09f904f500f2fdeefbe9fae6fae3fbe2fce2fee300e502e7039d00e2eee1eee1efe1efe1f0e2f0e2f1e3f1e3f2e3f3e3f3e3f3e3f3e4f3e4f2e5f2e6f1e7f1e8f0eaefebefedefeeefefeff1eef2eef3edf4edfcf9fefd000002ff0100fb00f200db00dbfedcfbdcf8dcf6dcf4dcf2ddf0ddeeddeddeecdeebdeeadee9dfe9e0e8e1e8e1e9e1e9e1e9e2eae2eae2eae1ebe1ece1ece0ece0ec
798,144491814,-48,11,256,1,0,0,966009000cfe08020506030a030f03130416061808190a190b180c150c130a10080d050a0208fe05fa03f602f301f001ee01ed01ec01fb00000000000000000000000000000000000000fffdfcf2ffef01eb03e704e404e204e004e003e003e203e603ea03ef05f508f90bfe0e01130316041a041d031e011fff1efd1bfb19fa9b00210f210f210f210e210e200d200c1f0c1f0c1f0c1e0b1e0b1e0c1e0c1d0d1c0d1b0e1a0f190f170f161014101310111110120e120d130c1304070102fffffd00feff04fe0dfd26f926fb26fe2701270427062708270a270b270d270e27102611261325142414231423142214221322132212221222122312231223112311
799,144493810,-48,11,256,1,0,0,966009000bf809fd080309080a0d0c100f131214141416131712170f150d130b0f090b0806070106fc07f807f408f109ef0aee0bed0bfb02000000000000000000000000000000000000fdfdf7f4f7f0f8eaf8e6f7e2f7dff6ddf5ddf5def6e1f7e4f9e9fced00f205f60af80ffa14fb19fa1cf81ef51ff31ef01cef1aee17ee9f0014fe14fe14fe14fd14fd13fd13fd12fd12fd12fd11fc11fc11fc11fd11fd11fe11fe10ff10ff10000f010e010e010d020d020c030c040b0504010100fffffe00ff0001fe06fb12f413f513f714f814f915fa15fb16fc16fd16fe17fe17ff1700170117011701160116011601150115011500150015001500150015ff16ff
800,144543297,-47,11,256,1,0,0,56633500fd0dfb09f806f504f103ee03eb04e905e807e809e80bea0cec0bee0af109f306f503f7fff8fbf9f8f9f5f9f2f9f0f8eff8eefefb00000000000000000000000000000000000002010b050c080e0c1010121214141514161416131511130f0f0d0b0b070a020afd0bf90df60ff412f315f418f51af71cfa1bfc1afd199400e91ce91dea1dea1deb1dec1ded1dee1dee1cef1cef1cef1cef1cef1cef1bee1bee1aed19ed18ed16ec15ec14ec13eb11eb10ea0eea0ce90bf703fd0000ff00fd00feff04fd0df724f523f323f022ee21ec21eb21e920e820e61fe51ee41de31de21ce21ce21be21ae21ae31ae41ae41ae51be51be61be61ce61ce61de71d
801,144548585,-47,11,256,1,0,0,5663350009f609fb09ff0b030d0610081309160918091907190518041702140111010d02090306050207ff09fd0cfb0efb10fa11fa12fe04000000000000000000000000000000000000fefdf8f3faf0fbecfbe8fbe5fae2f9e1f9e1f8e2f8e4f9e7fbebfdef01f204f508f70df811f814f717f519f219f018ee16ec13ec11ed930023f323f223f222f122f121f220f120f11ff11ef11ef01ef01df01df01df11df21df31df51df61cf71cf91bf91bfa1afb19fd19ff1900190209010200ff00fe01fe0002fc09f51ce41de61fe820ea22ec23ee24ef25f026f227f328f429f529f629f729f829f828f828f827f826f826f726f726f726f626f626f526f426f4
802,144550920,-47,11,256,1,0,0,56633500f104f400f6fbf6f7f6f3f4eff2ecefebecebeaece9eee9f0eaf2ecf4eff5f3f7f8f7fcf700f704f608f50af40cf20df10ef003fc0000000000000000000000000000000000000003010ffe11fb15f918f81bf71ef720f820f91ffa1dfa1afb16fa11f90cf607f303ef00ebfee7fee4ffe100e003e005e108e309e50a9600ecfdebfdebfdebfeecfeecfeecfeedffedffedffedffedffedffedffedffeeffeefeeefeeffdeffcf0fcf1fbf1fbf2fbf2faf3f9f4f9f4f8fbfdfeff000001ff00fffd00f802eb06eb05eb03eb02ea00ea00eaffeafee9fde9fce9fbe9fbe9fae9f9eaf9eaf9eaf9eaf9ebf9ebfaebfaebfaebfaebfbebfbebfbeafceafc
803,144578518,-46,11,256,1,0,0,96600900040f010bfd09f907f407f108ee09eb0bea0dea10eb11ed12ef12f111f30ff50cf608f704f800f8fcf7f8f7f5f6f3f5f1f5f0fdfc00000000000000000000000000000000000003ff0dfe10011305160719091c0a1e0b1f0a1f0a1d091a08160712060d070808030a000dfd11fc15fc18fd1cff1e011f031e051d071b9f00fc25fd26fd26fd25fe25fe24ff24002301230122012201220122012100210021ff20fe20fd1ffc1efb1dfa1cf91bf81af719f618f417f316fb08fe0200fffefdfffe0204050d0e270b27082805290329012a002afe2afc2bfb2bf92bf72bf62bf52bf52af429f429f528f528f628f627f727f827f927f927f927f927f928
804,144584276,-47,11,256,1,0,0,966009000efc0bff08030707060b070e08110a140d150f15101411121110100e0e0c0c0a080804070006fc06f907f607f308f20af10afc02000000000000000000000000000000000000fffcfff103f006ed09ea0ce70de40ee30de20ce20be30ae609e908ee08f309f80bfc0d001103140518051b041d021e001efe1dfc1bfa9b0024062506250524052404230323022202220121002100210021002100200120011f021e021d031c041b051a061906180717081609160a150b07040201fffffd00fe0004fe0efc29f729fa29fd2a002a022a042a052a072a082a0a2a0c2a0d2a0e290f29102810270f270f260f260e260d260c260b260b260a260a260a2709
805,144595845,-47,11,256,1,0,0,5663350010040c0507060409010cff10fe14ff170019021a041b061a0718071607130510030d000afc07f905f504f203f002ee02ec02fb0000000000000000000000000000000000000001fc06f30af30ff314f218f01bef1ced1dec1ceb1aeb18ed14ef11f30ef70cfc0b010b060d0b0f0f1211151218121b111c0f1c0c1c0a9100181e191e191e1a1d1a1c1a1b1a1a1a191a181a181a171a171a161a161917181717171618161815181318121710170f170d180b180a19091903090002fffffdfefeff04010e0726152517231a211c1f1e1d201c221c231b251a26192618271727162815291529142814271426142514241524152316231722182218221921
806,144607280,-47,11,256,1,0,0,96600900ffee00f303f707fa0bfd0ffe13fd16fc18fb1af91af719f517f415f412f50ff70cfa09fd070105040408030b030f021102120004000000000000000000000000000000000000fd00f3fff1fbeef7ebf3e9f0e6eee4ede2ede2eee3efe6f1e9f3eef4f3f6f8f6fdf502f306f009ed0be90be60ae309e106e104e102e29f000edd0ddc0ddc0cdc0bdc0adc09dd08dd07dd06dd05dd05de05de04de04de05de05df06e006e107e208e208e309e409e50ae60be70de80ee905f701fdff00ff02ff0100fb02f108d60ad70dd70fd812d913d914da16da17db19db1adc1bdc1cdc1cdd1cdd1cde1bdf1adf1adf19df18df17de16de15dd14dd13dc12dc12dc
807,144613345,-47,11,256,1,0,0,766007000f070a0605070108fd0bfa0ef812f715f818f91afa1bfc1bfe1aff18ff15ff11fe0dfd09fb05f801f6fef3fcf1faeff8edf8fbfd00000000000000000000000000000000000000fd04f409f30ef313f117f019ee1bed1ceb1beb19ec17ed14f010f30ef80bfd0a0209070a0c0c100f1312151515171519131a101a0e9b00191b1a1b1a1b1a1a1a191a191a181a171a161a161a151a151a151a151a16191618161717161714171317121710170f170e180c180a18091903090002fffffdfffeff04010e05270f2611241423172119201b201c1f1e1e1f1d211c221b231a241a24192418241724162316231622172217211720181f181f191f191f1a1f
808,144623172,-48,11,256,1,0,0,d6622d00f70ef809f805f700f5fcf2f9eff7ecf6e9f6e7f6e6f8e5fae6fbe8fdeafdeefef2fdf6fcfafafef801f603f405f207f008ee02fb00000000000000000000000000000000000002010906090a090f09140a180b1b0c1d0d1d0e1d0e1b0d190b150812050e010bfc08f707f208ee09eb0be90ee810e813ea15ec16ee169900e215e216e317e417e517e617e717e718e818e919ea19eb19eb19ea19ea19ea19ea18ea17ea16ea15e914e913ea12e912e910e90fe80de70bf703fd0100ff01fe00fffd03f60ae41de21be018de16dd15dc14dc13db12da11d910d80fd80ed70ed70dd80dd80dd90cd90cda0ddb0ddb0edc0fdd10de11de12df12df13de14
809,144628432,-48,11,256,1,0,0,36655300faeefdf201f605f80af90ff913f816f718f419f219ef18ee16ed14ee12f00ff30cf60afb08ff07040608060c060f061207140105000000000000000000000000000000000000fd01f303f000ebfde7fae3f8e0f7ddf7dcf7dcf8def9e1fae5fbeafbf0fbf5f9faf6fff302ee04ea05e604e202df00defddefadff9e0970002ec02ec02eb01eb01eb00ec00ecffecffecffedfeedfeedfeedfeedfeedfeedffedffed00ed00ee01ee01ef01ef02ef03f004f005f105f102fa00feff000001ff00fffdfef7fde9fee900e901e902e903e904e905e906e907e907e908ea08ea08ea09ea09ea08eb08eb08eb07eb07eb06eb06eb05eb05eb04eb04eb04ea
810,144651810,-47,11,256,1,0,0,966009000efa09fe06020306020a020f021303160518071909190a180b160b140911070e050b0108fe05fa02f700f3fff1feeefdedfdfbff000000000000000000000000000000000000fefdf8f6faf2fbedfce8fce5fce2fbe0fbdffbe0fbe1fbe4fce9feed00f203f707fb0bfe1001140218021b001eff1ffd1efb1cf91bf8a00011031103110311031102100210021001100110010f010f010f010f010f010f010f020e020e020e030d030d030c040c040b050a050a060a0603020100fffffe00ff0002ff06fe13fc13fd13ff1300130113021303130413041305130613071307130712081208120811081107110711071106110611061105110512051205
811,144668086,-48,11,256,1,0,0,d6633d00f1faf7fbfcfb02fa07f80bf60ef311f112ee12ec12ea10e90eea0deb0bee09f107f505fa04fe02030207010b010e00110012000400000000000000000000000000000000000000020209000dfd11fa16f919f71cf71ff71ff71ff71df81af916fa11fa0bfa05f9fff7faf4f5f1f1eeeeebede8ece6ede5eee5f1e6f3a700ece4ece4ebe4ebe4eae5eae6eae7e9e8e9e8eae9eae9eae9eae9eae9eae9ebe9ece9ece9ede9eee9efe9f0e9f2e9f3e9f5e9f6e9f8e8f9e8fdf7fffd000001010000fcfdf5f8e2e9e3e7e5e5e7e4e8e2e9e1eae0ebdfecdeedddeedcefdbf0dbf1dbf1dbf2dbf2dcf2dcf2ddf1ddf1def0dfefdfefe0eee0eee0eee0ede0
812,144668438,-48,11,256,1,0,0,b6600b00f001f500fbfd00fa03f606f208ee09eb09e808e607e506e504e603e803eb02ef02f302f803fd03010406050a060d060f0711010400000000000000000000000000000000000001010706070a071007150819081c091e091f091f081d071a05160411010cfe07fa03f5fff1fcecf9e8f9e5f9e2fae1fbe0fde1ffe300aa00e5ebe4ece4ece4ece4ede4eee4eee4efe5efe5f0e5f0e5f0e5f0e5f0e5f0e6f0e7efe8efe9eeeaeeebedecedeeedefedf1ecf2ecf3ebf4eafbf8fefd000002000100fbfff2fddbf8dcf6ddf3ddf1deefdfeddfebdfeae0e9e1e7e1e6e2e5e3e4e4e4e5e3e5e3e6e3e6e4e6e5e6e5e6e6e6e7e5e7e5e7e5e8e4e8e4e8e4e8
813,144678659,-48,11,256,1,0,0,b6600b00f208f604fa00fdfbfff600f101ed00e9ffe7fee5fce4fae4f9e6f9e8faebfbeffdf3fff701fb03ff060308060a090c0b0d0c0303000000000000000000000000000000000000020009020b060d0b0f1011131316141815191519131711150e120b0f060b0107fc05f603f102ec01e802e404e206e107e209e30be50ca700dffddefddefedeffdeffdf00e000e001e102e102e103e103e103e203e203e203e302e301e300e400e5ffe6fee7fde8fde8fce9fae9f9eaf8f8fdfdfe000002ff01fffb01f203da07da05da02daffd9fdd9fcd9fad9f9d9f8d9f7d9f5d9f4daf3daf3daf2dbf2dbf2dcf3dcf4ddf4ddf5ddf6ddf7ddf8ddf8ddf9ddf9dcf9
814,144678878,-48,11,256,1,0,0,166221000211000bfe05fa00f6fbf2f8edf6e9f5e6f4e3f5e2f6e1f8e2f9e5fbe8fbecfcf1fdf7fdfcfc02fc06fb0afa0ef911f913f805fe00000000000000000000000000000000000000fd05f60af610f516f51bf41ff322f323f222f320f31df519f613f90efd08010305ff0afc0ff915f81af91efa21fb23fe2300220120a800f40ff40ff40ff50ff610f70ff70ff80ff80ff80ff80ff80ff80ff80ff80ff80ef80ef80df80df70df80cf80bf70bf70af709f609f508f507fc02fe0000ff00fe00ffff02fd07f914f814f713f612f411f411f311f211f111f110f010f00ff00fef0eef0eef0eef0def0df00df10df10df10ef20ef20ef20ef30ff30ff30f
815,144694190,-48,11,256,1,0,0,b6600b000af307f805fd03030308030e04120515071809190b190c190d170d150b12090e060b03070004fc00f9fdf6fbf3f9f1f8eff7fbfd000000000000000000000000000000000000fd00f601f2fdeff9ebf5e8f1e5efe3ede3ece3ece4ede7efebf1eff3f5f6fbf801f907f90df912f716f619f31bf01bee1bed19ec17ebad0022fa22f922f822f821f820f71ff71ef61ef61df51df51cf51cf51cf51cf51cf61cf71bf81bf91af919fa18fb17fc17fd16fe16ff1601160207010200ff00fd01fe0003fd0cf923ed23ef24f225f426f626f727f928fa28fc29fd29fe2aff2a002a01290228032803270226022601260025ff25ff25fe25fd25fd25fd25fc
816,144694430,-48,11,256,1,0,0,96600900f8f1fbf5fffa04fd09000e021202160219011b001cfe1cfd1afc18fc15fc11fc0cfd08ff0301ff03fb05f807f508f30af10bfc020000000000000000000000000000000000000002fe09fa0bf40df010ec12e814e615e516e516e614e812eb0fef0cf307f702fafcfcf6fdf1feebfee7fce3fae1f9e0f7e0f5e2f4e3ae0007de06de06de06de05de05de04df03df03df02e002e002e002e102e102e203e204e304e305e406e506e607e708e808e909eb0aec0bed0cee04f901feff0000020001fefbfbf2f5daf7d9fad9fdd800d802d803d705d707d709d70ad70bd70cd80dd80dd90eda0edb0edb0edb0ddb0ddc0cdc0bdc0bdc0adc09dc09dc09db
817,144709850,-48,11,256,1,0,0,d6600d000310010aff04fcfff8fbf4f7f0f5ecf3e9f2e7f2e5f3e5f5e5f7e7f8eafaeefbf2fcf7fdfcfe01fe05ff09ff0dff10ff12ff04ff00000000000000000000000000000000000000fd01f606f50bf210f015ef18ee1bed1cec1ced1bee19f015f311f60cfa08fe04030009fd0efc13fb18fb1cfc1ffe20ff20011f021eb700f90ffa0ffa10fa10fb0ffb0ffc0ffc0ffd0ffd0ffd0efd0efd0efe0efe0efd0efd0efd0dfd0dfd0cfd0cfc0bfc0bfc0bfb0afb0afa09fa09fd03ff0000ff00fe00ffff02ff06fd12fc12fb12fa12f912f811f711f711f611f511f511f410f410f310f310f30ff40ff40ff50ff50ff60ff60ff60ff70ff710f710f710f710
818,144710365,-48,11,256,1,0,0,36655300ef02f501fbff00fc05f909f50cf20eee0feb10e80fe70de60ce70ae808eb07ee05f203f701fc0001ff05fe09fe0dfd10fd12ff04000000000000000000000000000000000000020008010a060c0b0e1110151119121b121d121d111c0e190c160911050d0108fc03f7fff1fdecfbe8f9e4f9e1fadffbdffde0fee100a900f0faeffbeffbeffbeffbf0fcf0fcf0fdf0fdf0fef1fef1fef1fef1fef1fef1fef1fef2fef2fdf2fdf3fdf3fcf4fcf4fcf5fcf5fbf6fbf6fafcfefeff000001000000fd00f9ffecfeedfdedfcedfaedfaedf9edf8edf8edf7eef6eef6eef5eef5eef4eff4eff5eff5eff5eff5eff6eff6eff7eff7eff8eff8eff8eff8eff8
819,144719453,-48,11,256,1,0,0,b6600b00ef01f501fbff01fd06fa0bf70ff411f113ee13eb13ea12e911e90feb0ded0af008f405f802fcff00fd05fa08f90bf70ef610fd0400000000000000000000000000000000000002ff08ff0b030e08110d14111515161717191619151812160f130b0f070b0207fc03f700f1fdecfbe8fae4fae1fadffbdffde0fee1ffb200f2f7f2f7f1f7f1f7f1f7f2f8f2f8f2f8f2f9f2f9f2f9f2f9f2f9f2f9f2f9f3f9f3f9f4f9f4f8f4f8f5f8f5f8f6f8f7f8f8f7f8f7f9f7f9f6fdfcfffe000001000000fdfff9ffedfcedfbeefaeef9eef8eff7eff6eff5eff5f0f4f0f3f0f3f1f3f1f2f2f2f2f2f2f2f2f2f2f3f2f3f2f3f2f4f2f4f2f4f2f5f2f5f1f5f1f5
820,144721205,-28,11,128,1,0,0,d8811d41f7f0fbf900ff010003030305ff05f704f503fd0201ff09fd0bfd02fcfcfdfcfdff000204030200fefefdfe01ff050003fe00ffff00000000000000000000000000000000000000000204ff05ff0001f804f703fb00fbfefcfcfdfef803f4fff9f600f105f501fffe0102fbfffdf902f50af70f02090afe0cfd0b0609
821,144747685,-47,11,256,1,0,0,b6600b00fbf1fdf7fffd01030408070d0a100d13101512151315131413131211100e0d0b0a0706030200fffcfcf9f9f6f7f4f5f2f4f0fdfc00000000000000000000000000000000000000010307010bfe11fb15f819f61cf41ef31ef21ef21bf318f413f60ef809fb03fdfcfff600f000eb00e600e3ffe0fedffddffce1fbe2c20006f106f106f105f105f104f104f103f203f203f202f202f202f202f202f202f302f302f303f403f403f403f503f503f603f604f705f705f702fd00ffff00ff01ff0000fe01f903ee04ef06ef07ef07f008f009f009f00af00af10bf10bf10bf10cf10cf20bf20bf20bf20bf20af20af20af209f209f208f108f108f107f1
822,144754131,-46,11,256,1,0,0,d6600d000df707fa01fefc02f707f30bf00fee13ed16ed18ed1aee1aef19f117f414f610f90cfd07000303fe06fa09f60bf30df10ef003fb000000000000000000000000000000000000fe01f905f405ee04e803e401e000defeddfdddfcdffbe2fbe7fbedfcf4fcfbfc02fc09fc0ffb15fa1af91df720f621f420f31ef31df3b70010021002100210011001100110010f000f000fff0fff0eff0eff0eff0eff0eff0e000d000d000c010c010c010b020b020a020a030a03090403010100fffffe00ffff01ff06ff12fe12ff12001201120212031204120412051206120612061207120712071107110711071107110611061106110511051104110411041104
823,144754343,-46,11,256,1,0,0,d6600d00080d05070101fdfcf8f7f4f3f0f0eceee9ede6ece5ede5eee6efe8f1ebf3eff6f3f9f8fdfc000104050708090b0b0d0e0e0f0304000000000000000000000000000000000000fefef9faf9f5f9eff9e9fae4fbe0fddefeddffdd00df01e201e702ed02f402fb03010308050f06140819091d0b1f0d200e1f0e1e0e1cb900fa0ffa0ffb10fb10fc10fc10fc0ffd0ffd0efd0efd0ffe0ffe0ffe0efe0efd0efd0dfd0dfc0dfc0cfc0cfc0bfc0afb0afb09fa09fa09f908fd03ff0000fffffe00ff000200060012ff12fe12fd11fc11fb11fa11f911f811f811f711f711f711f610f610f610f610f610f710f710f70ff80ff810f810f910f910f910fa10
824,144757229,-46,11,256,1,0,0,caa00c00f003f602fd0004fe0afc10fa14f718f51af21bf01cef1bee19ef17f013f20ff40bf706f900fcfbfff701f203ef04ec05ea06fa0100000000000000000000000000000000000001fe07fc0cfd11ff16021b041e072009210b200c1e0c1a0b150a10080a060304fc02f600efffeafee5fde1fddefeddffdd00de01df02c200f3f4f3f4f3f4f2f4f2f5f3f6f3f6f3f6f3f7f3f7f3f7f3f7f3f7f3f7f3f7f4f7f4f7f5f6f5f6f6f6f6f6f7f6f7f6f8f6f9f6faf6fbf5fbf5fefcfffe000001000000fdfff9feeefaeef9eff8f0f7f0f6f1f5f1f4f1f3f1f3f1f2f2f2f2f2f2f1f3f1f3f1f3f0f4f0f4f1f4f1f4f1f4f2f4f2f4f2f3f2f3f3f3f3f3f3f3f3
825,144769732,-29,11,128,1,0,0,6dd55641f517fa09fb00f9f5faee00f9fd02f3fdf4f6fbf701fafff9f8fdf8faf6f6f6f8fef3fdf3f9f9fefc06000504ff02fcfefbfdfeff00000000000000000000000000000000000002fe07f904fa04fbfdfaf4fdf8010002fe06f903fdfb03f606f80404030c0306f6fef5ff0100ff01f800fefc09fe0df911f10fef08f0
826,144774713,-45,11,256,1,0,0,d6600d00f80bfc06000003fb05f507f009ec09e80ae509e309e208e206e405e704ea03ef01f4fff9fdfefb03f907f70af50df310f211fc0400000000000000000000000000000000000000fe01f804f509f10def11ed15ec17eb19ec19ed18ef16f213f50ef809fc04fffe03f907f50bf10fee12eb15ea17ea19eb19ed18ee17c200e20ae20ae20be20be30be40be50ce50ce60de60de70de70de70de70ce70ce70be70ae80ae808e807e906e906ea05eb04eb03eb01ec00ecfff8fffdff00ff01fe00fffd02f707e614e512e410e20fe10de00ce00bdf0ade09de08dd07dd07dc06dc05dd05dd04dd04de04de04de05de05df06df06df07df07df08df08df08
827,144775162,-45,11,256,1,0,0,96600900fcf1fdf8feff0106030c061208170b1a0d1d0e1e0f1f101e0f1b0e180c140a0f080a050403fe01f9fff4fdf0fdecfce9fce7fff900000000000000000000000000000000000001010407040c02120018fe1cfd20fb23f923f822f720f71cf817f911fa0afc03fdfcfff500ed00e700e2ffdefedcfedbfddbfcdcfcdebb000bf30bf20bf20bf20af209f209f209f208f208f208f208f208f208f208f208f308f308f408f408f508f508f608f708f708f809f909f909fa03fe01ffff00ff01ff0000fe02f907ef07ef09f00af00bf10cf10cf10df20ef20ef20ef20ff30ff30ff30ff410f40ff40ff40ff40ef40ef40ef40ef40df30df30df30df20df2
828,144806593,-46,11,256,1,0,0,b6600b0009f702fbfdfff703f207ee0beb0ee811e713e614e715e815ea13ed11f00ef50bf908fe04030208000dfe11fd14fc16fc17fc06ff000000000000000000000000000000000000ff01fc08f80bf30eef11ea12e713e413e312e310e50ee70bec08f105f702fdff04fc0af910f715f419f21cf01dee1eed1ded1bed19eec7001f071f071f071f061f061e051e051d051d041c041c041c041c041c051b051b061a061907190817081609150a130a120b110b100c0f0d0e0e05050101fffffe00fe0003fe0bfc20f720f920fc21fe2100210222032205230622072208220a220b220c220d210d210d200d200c200c200c200b200b200a200a200a21092109
829,144807920,-46,11,256,1,0,0,b6600b000b0205fffefdf8faf2f9edf7e8f6e5f5e2f5e1f5e0f6e2f7e4f8e8f9ecfaf1fcf6fffb02ff050408070a0a0d0c0f0d110e120304000000000000000000000000000000000000fe00f702f201edffe8fde4fbe1f8e0f6e0f4e1f3e4f3e8f4edf6f2f8f8fbfffe05020b051008150a190c1c0d1f0e1f0e1f0d1d0b1c0abe000a1d0b1d0b1d0b1d0b1c0b1c0c1b0c1b0c1a0c1a0b190b190b190a190a19091908190719061805180317021601160015fe14fd14fc13fb13fe06ff0200fffefeffff030109061912181417161518141a131b111c101d0f1e0e1f0d200c210b210b210a2109210821082108210820092009200a1f0a1f0a1e0a1f0a1f0b1f
830,144812110,-46,11,256,1,0,0,b6600b0004f400fafd00f906f60bf410f214f117f01af01bf11bf21af318f415f611f90dfc090004040008fd0bfa0ff811f713f615f605fd00000000000000000000000000000000000000010109000dfe12fb17f91af61df41ef21ef11cf11af316f511f80cfb06ff0003fa07f50af00dec0fe811e512e311e210e30fe40ee6be001dfa1df91ef81ef81df81cf81cf81bf71bf71af71af61af619f619f719f719f819f919fa18fb17fc17fd16fe15ff14ff130013021303120406010200fffffe01ff0002fd09f919ee1aef1bf11cf31df41ef61ff720f820f921fa21fb22fc22fd22fd22fe21fe21ff21ff21fe20fe20fd20fd20fc20fc20fb20fb20fa20fa
831,144824845,-47,11,256,1,0,0,b6600b0001f5fefbfb00f906f70bf510f314f217f118f119f21af219f417f514f710fa0cfd080004040108fe0bfc0efa11f913f914f905fe00000000000000000000000000000000000000010309030d03120317011b001efe1ffc1ffb1efa1bfa17fb12fc0cfe06000003fa05f408ef0aea0be60ce40ce20ce10be20ae409e6ca001bfb1bfa1bfa1af91af91af819f818f718f717f717f616f616f616f616f616f716f716f815f914fa14fb14fc13fc12fd12fd12fe1100110106000100ff00fe00ff0002fe09fb1bf41bf61cf81df91dfb1efc1efd1efe1eff1f001f011f01200220021f021f031e031e021e021d011d011d001dff1dfe1dfe1dfd1dfd1efc
832,144836165,-47,11,256,1,0,0,b6600b00f601fd02030209020f02140218021a011c011d001c001b0018ff15ff10ff0cff07fe02fdfdfbf9faf5f8f2f7f0f5eff4eff3fbfc00000000000000000000000000000000000002fe09fa0ef913f918f91cfa1efb20fc20fe1eff1b00170112010b000500fefff8fef1fdecfce7fbe3fbe1fcdffcdffce1fde3fee5fec300faf3f9f3f9f3f9f3f8f3f8f4f8f4f8f4f8f5f8f5f8f5f8f5f8f5f8f5f8f5f9f5f9f5faf5faf5faf5fbf6fbf6fcf6fdf6fdf6fef6fef6fff6fffcfffe000000000000fefefbfcf4f5f5f4f6f3f7f3f7f2f8f2f8f1f9f1f9f0f9f0faf0faf0fbeffbeffbeffcf0fcf0fbf0fbf0fbf0fbf1fbf1fbf1faf1faf1faf1faf1faf1
833,144843093,-48,11,256,1,0,0,b6600b00ff09010304fd06f808f209ee0bea0be70ce50ce40be40be60ae808eb06ef04f301f8fefcfa00f703f405f107ee08ec08eb08fa02000000000000000000000000000000000000fffdfcf5fcf0fcebfde7fee3ffe001df02e003e104e404e903ee02f400fafe00fb06f90cf711f516f41af41cf41ef41ef51df61bf718d100f304f305f305f306f306f306f406f406f407f507f507f507f507f507f507f507f507f506f606f605f605f605f604f604f704f603f602f602fc00fe0000ff00ff00fffe00fb02f206f205f204f103f103f102f002f002f001f001f000ef00ef00f000f000f000f000f000f000f001f001f102f102f102f103f103f103f103
834,144843654,-47,11,256,1,0,0,b6600b00090103fefefbf8f8f3f6eff4ebf2e8f1e7f0e6f0e6f0e7f1e9f2ecf4f0f6f4f9f8fdfc01ff050109030c040f0512041403150005000000000000000000000000000000000000fd01f605f106ec06e706e405e104df02df00e1ffe4fee8feedfef4fffa00010207030c05120716091a0a1d0b1e0b1e0b1d0a1b091908d000020d020d020d020d030d030d030c030c030c030c030c030c030c030b030b020b020b020b010b010b010b000a000aff0afe09fe09fd09fd09ff03ff0000ffffffffff01010304080c070c060c050d040d040e030e030e020f020f010f010f000f000f000f000f000f000f000e000e000e000e000e010e010e010e010e010e
835,144859256,-48,11,256,1,0,0,b6600b0004060200fffafdf5faf0f7ecf5e9f4e7f3e5f2e5f2e6f3e7f4eaf6edf8f1faf6fcfbfe00ff05ff0a000e0011ff13fe15fd16ff05000000000000000000000000000000000000fdfef7f8f4f4f2f0f0ecefe8efe5efe4f1e4f2e5f4e7f7ebf9f0fbf5fdfcff020108030e05130717081b0a1d0b1e0b1d0c1c0b190b17bf00ee17ef18ef18f019f119f218f218f318f318f318f418f418f418f418f417f317f316f215f214f213f212f211f110f10ff00eef0def0bee0af903fe0000ff00fe00ffff03fd09f81bf61bf41af319f119ef18ee18ed18ec18eb18ea17ea17e916e916e815e815e815e915e915ea15eb15eb15eb16ec16ec17ec17ec17ed18
836,144859698,-47,11,256,1,0,0,b6600b00faf9fdff0005030a060f09120b160d180e190f190f180e170c150a11080e0509030402ff00fafff5fff1ffee00ec01ea02e900fa000000000000000000000000000000000000020109060c090f0d1210131414161418121911180e160c13080e05090203fffdfdf7faf2f8edf6e9f4e6f2e4f1e3f0e3f1e4f1e7f2e9c2000ce60ce50be50be40ae409e509e508e608e608e607e607e607e607e607e708e708e809e809e90aea0aea0aec0bed0cee0cef0df00ef10ff205fb01feff00ff01ff0000fc00f503e304e406e408e50ae50be50de50ee40fe410e510e511e512e612e613e613e713e712e712e711e711e710e710e610e60fe60fe60ee50ee5
837,144871112,-27,11,128,1,0,0,86600841ff19f911f80c030e040af900f1fef800040104fd02f60301020ffd10f50cf306fa08000b0103fd00fa01fc01fe01fc00fa01fe0100000000000000000000000000000000000002030a0607fd04fa06fb0804040bfe05f701fa0a0410070904fe03f308ed01f6f401f4fef9fbf404ec08f7040a050f0a170d1c0b130a
838,144871509,-28,11,128,1,0,0,600226410cf805f704fe090005f900f404f808fa07f8fef5f5f2fdf307f805fc04ff03fefdf9fff803fd0302fdfffaf8fffa010000fd00fe000000000000000000000000000000000000fdfef5fff80afc0ef809f805ff03f901f000f4fbfefe000afc0cfb0df910fc0e06060bfb09fc0208000a050b0315fb11f30cf60e0207
839,144874913,-47,11,256,1,0,0,b6600b00fdf9fe00ff06010c021103160519061c071d071d071c071a06170513040e0209020301fe01f902f402f003ed04eb05ea06ea01fa0000000000000000000000000000000000000102060a070e08130917091b081d071e061e041d031a02150110000a000300fcfff5ffefffeafee5fee2fde0fcdffbdffbe1fbe4fbe7c7000bf60bf60bf60bf50af50af50af509f509f509f509f509f509f509f609f609f60af70af70af80af80af909fa09fa09fb09fc0afc0afd0afe03ff01ffff00ff00ff0000fe01fb05f206f307f308f409f40af40af50bf50bf50cf50cf60df60df60df60df70df70df70df70df70df70cf70cf70cf70cf70cf60cf60cf60cf6
840,144875240,-47,11,256,1,0,0,b6600b00fd05010105fc08f70bf30def0fec10ea11e910e810e90fea0ded0bf008f405f801fbfdfff902f604f206f007ed07ec07eb06fa0100000000000000000000000000000000000000fd02f403f006ec08e90be70de50ee50fe60fe80eeb0cef09f305f801fdfd01f906f50af10eef11ec14eb16eb17ec17ed16ef15f113ca00e4fde4fde4fee4fee4fee4fee5ffe5ffe600e601e601e601e601e600e600e600e7ffe7fee8fde9fce9fbeafaebfaecfaedf9eef8eff7eff6fafcfefe000001ff00fffd01f602e606e505e503e401e400e3ffe3fee3fce3fbe2fae2f9e2f9e2f8e2f8e2f7e3f7e3f7e3f7e3f7e3f8e3f9e3f9e3fae3fae3fae3fbe3fbe2fb
841,144881057,-47,11,256,1,0,0,b6600b00030501ff00f9fef3fceffaebf9e8f8e6f7e5f6e4f6e5f7e7f8eaf9eefbf2fcf7fdfcfd02fd06fd0bfd0efc10fb12fa13f913fe04000000000000000000000000000000000000fefef7f7f5f4f3f0f2ecf1e9f1e6f2e5f3e5f5e6f7e9f9edfbf1fcf7fefdff030109020f03130517061a071c071d081d081b08180715c400eb12eb12eb13ec13ec13ed13ed13ee13ef13ef13ef13ef14ef13ef13ef12ef12ee11ee10ee0fee0eee0def0cee0bee0aee09ee07ee06ed05f901fe0000ff00fe00fffe02fb08f317f216f015ee14ed14ec13eb12ea12e912e811e711e710e610e60fe60fe60ee60ee60ee70fe70fe70fe80fe810e910e911e911e911e911
842,144891492,-48,11,256,1,0,0,b6600b0003fafdfef701f204ed07e909e60be40de30de30ee40de60ce90bed09f207f705fd04030208020c02100213031504160516060501000000000000000000000000000000000000fe02fa0cf80ff413f116ed18eb19e919e917e915eb11ee0ef30af806fe0204fe0afb10f814f518f21bf11def1dee1dee1bef18f016f1c9001a0e1a0d1b0d1b0c1b0c1b0b1a0b1a0a1a0a1a091a091a08190819091909180a180a170b160b150c140c120c110d100d0f0d0d0e0c0f0b0f04050101fffffeffffff03000a011d041d061c081c0a1c0c1c0d1c0e1b0f1b101b111b121a131a141a141915191519151914181419131913191219111a111a101b101b101c10
843,144899369,-48,11,256,1,0,0,b6600b0002fafdfef801f304ef07eb09e90be70de60de60de70de90cec0af008f406f905fe03030208020c020f0312041305140614070501000000000000000000000000000000000000ff02fd0bfc0ff913f716f418f219f019f018f016f113f30ff60bfa06ff0203fe08fa0df711f414f116ef18ed18ed18ed16ee13ef11f1d0001809190919081908190819071907180618061705170517051705170617061707160715081409130a120a110b100b0f0b0e0b0d0c0c0d0b0d03050101fffffe00ffff02ff09fe1afd1afe1a001a021a041a051a061a081a091a0a1a0b1a0c1a0c1a0c1a0d190d190d190d180d190d190d190c190c190b190b1a0a1a0a1b0a
844,144900674,-48,11,256,1,0,0,b6600b0003fbfdfdf7fff200ed02e904e605e406e306e306e406e605ea05ee04f203f703fd03020306040a060e071009110a110b110c0403000000000000000000000000000000000000fe02fa0af80df410f113ee14ec15ea15ea13ea11ec0eef0bf408f905fe0204ff0afd0ffb14f917f71af61cf51df41cf41af518f615f6d300160e160e170e170d170d170c160c160b160a160a1609160916091609160a150a150b140b130c120c110c100c0f0c0e0d0c0d0b0d0a0e090e03050001fffffeffffff0200090218071809170a170c170d170e160f161016111512151315141515151514151415131413141314141314131413141215111511161116111711
845,144911634,-48,11,256,1,0,0,b6600b00fafcfd02ff08010d021104150518051a061b051b051a051804150311030d0307030205fd06f908f509f20bf10df00ef00ff004fc00000000000000000000000000000000000002000b010e03120516071809190c190d180f160f130e0f0c0b0907040300fffbfcf6f9f2f6edf4eaf2e7f1e6f0e5f0e6f1e7f2e9f3ecd40011ed11ed11ec11ec10ec0fec0fec0eec0eec0eec0eec0eec0eec0eec0eed0eee0fee0fef0ff00ff10ff20ff30ff50ff60ff710f810fa10fa05fe01ffff00ff01ff0000fd02f708e809e90be90cea0eeb0feb10eb11eb12eb13ec14ec14ed15ed15ee16ee16ef16ef15ef15ef14ef14ef14ee14ee13ed13ed13ed13ed13ec
846,144915036,-48,11,256,1,0,0,b6600b00f9fbfb02fd08ff0e01140218031c031e031f031f031e021c02180114010f0209040406fe08fa0bf60df40ff211f213f214f305fc00000000000000000000000000000000000002000c001001150219041c071e091e0b1d0d1a0d170d130b0e08080404fffffafbf5f7f0f4ebf2e7f0e4efe3eee2eee2efe4f0e7f1e9d60011e911e810e810e70fe70fe80ee80ee80de90de90de80de80de80de90eea0eea0feb0fec0fed0fee0fef0ff10ff210f310f411f611f711f806fd02ffff00ff01ff0000fc01f605e406e508e50ae60ce70de70fe710e711e712e713e714e814e815e915ea16ea15ea15ea15ea14ea14ea13ea13ea13e913e913e813e812e8
847,145545863,-92,11,128,1,0,0,8dd77841fa05fc02fc02fc02fffd01fb00ffff00ff0002f806f001f8fd01000a0213000cfe03000003fe03fe02ff0200020002000101000000000000000000000000000000000000000001ff03fe01ff0000ff00fc02fd03fd02fc01fd0000fe01ff020202030102000200ff00fc00fcfffc00ff0202030105000603050302fe
848,146435365,-94,11,128,1,0,0,4ff11441f8fcf6fcf3fdf1fcf3fcf6fdf7fef7fff8fef7fef7fef9fefc00fd02fd04ff05ff07fd09fc07fb06fb06fc05fd03fd04fc05ff0100000000000000000000000000000000000000ff04fe04000302020203000401020001fdfffafefc00fc03f803f502f402f602f904fa03fa02fb04fa05fb02fefdfcfaf8f8f9f7fb
849,146929433,-92,11,128,1,0,0,88811841000003ff01fe00fe0003ff04fe01fdfffefe00fe00feffff01ff00ff0000ff0000fe03fe03ff00ff01ff01ff00ffffff00ff00ff000000000000000000000000000000000000fe00fc02ff0000ff00fefe00f803f204f900fefefb0af914fd0b00020000fffdfefcfdfdfefefe00feffff00ff01fe0000ff0103fc05
850,148526388,-94,11,128,1,0,0,1ffdd141fdfdfe01ff030202040101fefefdfd00fe03ff05000500030002010003010402030000ffff0000ff01fe01fd00fefffefeffffff000000000000000000000000000000000000fffefff9fefdfbfffbfdfffd03070610030901030a0612080805fe01fe00ff01010004fc01fd000004ff04fd01ff000004ff07ff02fe
851,148565328,-43,11,256,1,0,0,5442254100fcfb00f605f109ed0cea0fe811e712e712e712e910eb0fef0cf309f706fc040002050009fe0dfd0ffd11fd12fd12fe13fe04ff000000000000000000000000000000000000ff03fe0ffd13fc17fa1bf91ef81ff720f71ff71cf717f912fb0dff07020006fa0af40def11eb13e715e416e216e315e513e711ea0fec01fd05f802fafffdfb00f803f505f206ef08ed08eb08eb08ea07eb05ed04ef01f0fff3fdf5fbf8f9faf8fdf700f702f803f804f805f9fbf4fcf5fffeffff0000ff00ffff00ff01ff05ff04ff0006fe07fd08fb09fa09f908f806f704f802f8fefafafcf7fff301ef04ec07e90ae70ce60ee50fe411e411e510e80feb0ded0cef
852,149292792,-94,11,128,1,0,0,800aa841fffffe01ff02fffffcfefb00020508060500fe02f506f005f70100fcfdf8fbfc010202040003fe01ff010000fcfcfaf7fcf4fffd000000000000000000000000000000000000fffffffeff000001fe01fe00ff0000010001fffe00fe02ff01fe00fb02fa03fc01fffffe00fe02ff02ff00fffffffe02fd02feff01ff
853,150019446,-94,11,128,1,0,0,4ff11441f1fef1fdf6fbf9f7f8f5f7f5f6f7f7fbfbfdfdfdfdfcfcfefc00fd01fc04fc06fe06fd06fb05fb05fa04fb04fb04fb02fd02ff00000000000000000000000000000000000000000201080007ff06ff05000200010101010001ff04fe07fe06fe06fd08fd06fb06f908fb07fd06fd05ff0502040200fffefcfffc03fa
854,151346855,-92,11,128,1,0,0,72266741020003ff02000000fffffffd00fdfffeff00fcf8f5eef9f9ff0702fc06e907ed04fc0001f801f600fb00000001020002fdffffff00000000000000000000000000000000000000ff02ff01fe02fe03ff03ff020101fffffeff00ff02ff0100fe02ff0101ff0102ff06fd05fd03fe01ff00fe00fe00fffefffdfdfe01
855,151555511,-93,11,128,1,0,0,4ff114410b000dfd0efc0dfd0c020a03080006fc03fa03fc030001ff02fb03fa00fafcfaf9fbf9faf9faf9fbfaf9fbfafafdfbfdfcfcfeff00000000000000000000000000000000000000fe01fa01fa01fb00fb00fa01fb00fdfffffdfffb00fc01fe00fc02fa05f808f708f405f502f901fa00fa01fd0100ff000003030403
856,151614696,-45,11,256,1,0,0,7660074109f902f9fcf9f5f7f0f6ecf5e8f3e6f2e4f2e4f1e5f1e7f2e9f3edf5f0f8f3fbf6fef802fa06fb09fc0cfd0ffc10fc11fc12ff040000000000000000000000000000000000000002010a020e02130217011bff1efd20fb20fa1ef91bf917fa12fd0d0007040109fd0ef812f517f31bf11ff020f01ff11ef21df41bf505fe0ffb0bfb07fb03fbfffafbf9f8f7f5f6f4f4f2f3f2f1f2f1f3f0f5f0f7f0faf1fcf2fef401f502f804fa04fd05ff0501050205030df90dfa02ff00ffff00ff00ffff00ff01ff09fe08fe0304030602070009ff09fe09fd08fc07fc04fc02fdff00fb02f806f509f20df110f013ef16ee19ee1bef1cf11bf319f518f616f8
857,151619493,-50,11,256,1,0,0,75500700f7f9f9fffa05fb0afc0ffc14fc17fb1afb1cfb1cfb1cfb1afb18fb15fc11fe0d0109040607030b010e0010ff12ff14001401050000000000000000000000000000000000000001fe08fa0bf910f715f719f81cf91efc1efe1d001a01160211020c0006fe01fbfcf8f7f4f4f0f1edefeaede8ece7ece6ede7eee9f0ebdd000ceb0bea0bea0aea0aea09ea09eb08eb08eb08eb08eb08ec08ec08ed08ed08ee09ee09ef09ef09f009f109f209f30af40af50bf60bf70bf704fd01ffff000001ff00fffdfff6fee600e602e604e705e707e708e709e60ae60be70ce70de70ee80ee80fe90fe90fe90fea0fea0eea0eea0eea0dea0dea0dea0de90de90de9
858,151760294,-93,11,128,1,0,0,4ff11441f90afb0afb09f707f606f905fa03fa03fb06fc07ff070106ff03fe000102030504050305020502040404040502050105ff04ff01000000000000000000000000000000000000fffefdfbfefdfeffffff01fe03fd02fefffffcfffa00f801f900f7fef6fef6fef6fcf6fbf7fbf7fafafbfbfdfbfdfbfffb03fa06fe07
859,152210630,-45,11,128,1,0,0,1ee00100f5fffb02010506080b0a0f0d120f14101611161116111410120e0f0c0d090a05070205fe03fa02f700f400f100f000ef00ee00fb00000000000000000000000000000000000001fe06f909f60cf310f113f017ef19ef1bf01af218f415f711f90cfb05fcfffdf8fef2feecfee7fde3fddffcdefcdffbe0fbe2fbe4fb
860,152219085,-45,11,128,1,0,0,1ee00100f7fafafffe04010a030f051306160819081a091b081a081907160612050e050a0506050105fd06f906f607f408f209f109f102fc00000000000000000000000000000000000001ff09fe0cfe11fe15ff19001b011d031e041d051a06160611050c03060000fdfbfaf5f6f1f3edefeaece8eae7e9e8e9e9eaeaebecec
861,152253554,-49,11,256,1,0,0,6aa006000805050002fb00f6fdf1fbedfaeaf9e8f8e6f8e6f8e6f8e7f9e9f9ecfaf0fbf4fbf8fafdf901f804f607f509f40bf20cf10cfc03000000000000000000000000000000000000fe00f703f303ee03ea03e601e300e2fee2fce3fae6f9eaf9eefaf4fcf9fefe01030507090b0c0f0f1112131414151415141413131211d500f716f716f817f817f916f916fa15fa15fa14fa14fb14fb14fb14fb13fb13fa12fa12f911f911f910f90ff90ef90df80cf70cf70bf60af609fc03fe0000fffffeffff000201090419021a001afe1afd1afb1afa1af91af81bf71bf61bf51af41af419f319f318f318f318f317f417f417f417f417f517f617f617f617f616
862,152255488,-49,11,256,1,0,0,6aa00600080405ff02fbfff6fcf2f9eef8ebf6e9f5e8f5e7f5e7f5e8f6eaf7edf8f0f9f5faf9fafdf901f905f808f70bf60cf50ef40efc03000000000000000000000000000000000000fe00f803f403ef03ea03e602e300e2fee2fce3fae6f9e9f9eefaf3fcf9fefe01030508080c0b0f0e1211141215131514151314121310c800f415f415f516f516f616f715f714f814f814f814f914fa14fa14fa13fa12f912f811f811f811f810f80ff80ef80df70cf70bf60bf50af509fc03fe0000ff00fe00ff0002ff09fe1afd1afc1afa19f718f618f418f318f219f118f118f117f017f016ef16ee16ee16ef16f015f015f015f015f015f116f216f316f416f416
863,152255755,-45,11,128,1,0,0,1ee00100fef4fcfafa00f705f40af20ef012ee14ed16ed16ed16ee15f013f210f50df80bfc080006040407030a020d020f02100211020400000000000000000000000000000000000000010108040c061009130d1610171317161718151811170e140b11080b050503fe01f800f1ffebffe6ffe1ffde00dc00dd00de01e001e2
864,152362999,-45,11,128,1,0,0,1ee00100fd0c020606010bfc0ff813f516f319f01aef1bef1af018f116f212f40ef50af706f801f9fdf9f9f9f5f8f3f8f1f7f0f7eff6fbfd000000000000000000000000000000000000fefef7f7f5f4f2f0efebeee7eee4eee1efdff2e0f5e2f8e6f9ebfbf1fbf9fc00fb08fa0ff915f81af61ef422f323f322f320f31ef41c
865,152374719,-93,11,128,1,0,0,4ff114410a08070a050b0609050a020a02070307010702050305020302ff02ff040106000600050305060706070503030103020302030000000000000000000000000000000000000000ff01fb04fb03fc02fe01fd00fc01000104010302020201020102000402050203fe04fd09fc0cfb0afd05ff02ff03fe05ff08020a0308
866,152417232,-44,11,128,1,0,0,1ee00100f503fc04020609080e0a130c160e190f1b101b111a10180f160d120b0f080c04090106fd04f902f501f200ef00ee00ec01ec00fb00000000000000000000000000000000000000fd03f505f207ed0ae90de610e513e415e415e614ea12ee0ef109f503f9fdfdf6fff002ea04e404df05dc05da05db04dc03df03e102
867,152469716,-44,11,128,1,0,0,1ee001000a06080007fa06f406ee06ea06e607e307e208e108e208e407e706ea04ee02f1fff5fcf8f8faf5fcf2fdf0feeffeedfeecfdfbff000000000000000000000000000000000000fd01f608f30aef0dea0ee60fe30fe00edf0ce009e307e705ec04f204f904000606090c0c110f151218151a181a191919171915181316
868,152833985,-92,11,128,1,0,0,56622541fefffd01ff020101ff00ff0004ff04fd02ff01030102fe01fc00ff000100ff00fd01fe01ff000100020001fffe00fd01fe01ff00000000000000000000000000000000000000fffffdfe00ff0200020001ff02fe02feff00ff0000ff010001010102ff02fe01fc00fbfefffe02ff0101fe05f505ea05f204fa03fd03
869,152939888,-89,11,128,1,0,0,488dd441fffcfbfcfdfb02f705fa0402fc07fa07ff04000b0016030f030405f90aef05f6fffefcfffd01ff02000100fe00fd01fe01fe00ff000000000000000000000000000000000000000001fffe00fe010100010001ff02ff01ff01fe01fcfefbfafcfafefcfffffd02fc00fefbfdfdf805f605fb00feff0000060007ffff
870,153398729,-93,11,128,1,0,0,4ff11441fa04fa02fa02fc02ff030205040607050a02090208040907090806060405040503050203000001fe02fd03fb02f902f904f901fe000000000000000000000000000000000000fffffefffefefefefefcfffbfefbfefafffcfffcfef9fdf8fdf8fdfafdfdfdfffd01ff03ff04fd04fc05f807f506f607f808f709f709
871,153808278,-94,11,128,1,0,0,34433341fd04fc01fc00fc00fdfffeff010104030704090407050402030003ff03fd02fb00fbfffcfffeffff02ff05fe05ff03ff02fe00ff000000000000000000000000000000000000ff00fe010002010103000401030000ff00fcfff9fffafefefcfefdfffe02000102ff010102ff02fb00fefe02fc04fa04fa02fd04fc06
872,154320872,-95,11,128,1,0,0,f3300f4100fe03ff05fe03fe01ff0101fe02fdfe00fd0101fe02fe00ff000002000202ff02fe0000fe01ff00fefe00fe0200020001ff00ff0000000000000000000000000000000000000000010001fe01fe00fffe0002fe07fa02f6fffd0009fe0ff90dfe0505fe04fc03fc01fb01fc02fe03ffff00fc01fc01fd02fb00fbfd
873,154579431,-40,11,128,1,0,0,1ee00100020106fc0bf80ef312f014ee16ec17eb17ea16eb14ec11ee0ef10af406f701fafdfcf8fef400f001ed01eb02ea02ea01ea01fa00000000000000000000000000000000000000fffcfdf0fdedfeeaffe800e601e603e604e704eb04ef03f401f9fffffd04fa0af70ff513f316f119f01bef1cef1bf019f216f413f611
874,154580025,-44,11,256,1,0,0,36655300fffef9fef3fdeefdeafee6fee4fee2ffe2ffe300e400e701eb01ef01f502fa020003050509060d081009120b130c130d130e0403000000000000000000000000000000000000fc01f206ef06eb05e905e703e602e701e800ebffeffef3fef8fefeff04ff09000e011302160319031b031c021c021a011801150012ffc600071a08190819091909190a180a180a170b170b160b160b160b160b160b170a170a17091608160716061605150415031502140114ff13fe13ff06ff02fffffffeffff010204070c150b160a1608170718071806190519041a041b031b031c021c021c011c011c011c011c011b021b031b041b041b041b051b051b061b061b
875,154580741,-40,11,128,1,0,0,1ee0010000fdfcf9f8f4f5f0f1edefeaeee8ede7ece7ece8edeaefedf2f1f5f5f7f9fafefc02fe07ff0b000f00110013001400150015ff05000000000000000000000000000000000000fc00f000ed00eaffe8fde7fce6fae7f9e8f9ebf9effaf4fbf9fdff00040309060e09120c150e18101a121b131a121711150f120d100b
876,154581394,-40,11,128,1,0,0,1ee0010002ff02f803f204ed05e805e506e306e105e104e203e402e702eb00f0fff6fdfbfbfff903f607f40af30cf20ef10ff10ff00ffc03000000000000000000000000000000000000fdfdf5f4f4f1f3eef2ebf3eaf3e8f5e8f6e8f8ebfaeffcf4fdf9ffff0005010b02110216021a021d021f01210220021d021a02160213
877,154581921,-40,11,128,1,0,0,1ee00100000206040d05120617071a081c091d091e081d071a06170613040f030a0005fe01fbfdf8faf5f7f2f5f1f4eff3eef3eef4edfdfb00000000000000000000000000000000000002fd0bf40df310f113f115f116f217f316f514f710f90bfc06fe00fffa00f401ee02e902e502e201df01de00df00e201e501e901ec00
878,154582537,-40,11,128,1,0,0,1ee0010001fefdf8fbf3f8eef6eaf4e7f3e5f2e4f1e4f1e5f2e7f3eaf5eef7f3f9f8fafdfc02fc07fc0bfd0efd11fd13fd14fc15fc15ff05000000000000000000000000000000000000fcfff0fdedfbebf9e9f7e8f6e8f4e8f3eaf3edf4f1f6f6f8fafcff00040408080c0c0f1012131316151815191518131611130f100c0e
879,154583964,-44,11,256,1,0,0,36655300fe010107040d061109150b190d1b0e1c0f1c0f1b0e190d160b12090e0709050303fd02f702f201ee01ea02e802e603e504e501f900000000000000000000000000000000000003010e08100b110f12121214111610160d160b140810050c0207ff01fdfbfaf6f8f0f7ebf5e8f4e5f3e3f2e2f2e3f2e5f3e8f4ebf6efc50016ec16eb15ea15ea14ea13ea13ea12ea12ea12ea11ea11ea11ea11ea11eb12ec12ec13ed13ee13ef13f012f112f313f413f514f614f815f907fd02ffff00ff01ff0001fd04f60be60de70ee810e912ea13eb14eb15eb16eb17ec18ed18ed19ee1aee1aee1aef1aef1aef19ef18ef18ef18ee17ee17ed17ec17ec17ec17ec
880,154584654,-40,11,128,1,0,0,1ee00100020108fd0dfb12f816f618f51af31cf21cf11bf218f315f411f50cf707f902fafdfbf8fcf4fdf0fdeefdebfceafceafceafcfaff00000000000000000000000000000000000000fc03ef04ed06ea08e80ae70be70ce80cea0bed0af107f604fafffffb03f708f20cee0feb12e913e715e615e715e913eb11ef0ef20c
881,154585359,-40,11,128,1,0,0,1ee00100000205050a080f0b130e1510171119111910190f170e150c11090d06090305ff01fbfff7fcf4faf1f8eff7edf6ecf7ecf7ecfdfb00000000000000000000000000000000000003ff0ffc12fd15fd18fe19ff190119021803150310030b0306010000fafef4fceff9eaf7e7f5e4f4e2f3e1f3e2f3e4f4e8f5ebf7edf8
882,154585800,-40,11,128,1,0,0,1ee00100fefdf7fcf2fbedfae8f9e5f9e3f9e2f8e1f8e2f9e4fae8fbecfcf1fef600fa02ff04030707090a0b0c0d0d0e0d0f0d0f0d100304000000000000000000000000000000000000fd02f40bf10bee0ceb0ce90ce80be80ae909eb07ef05f403fa0100ff06fe0cfe11fe16fd1afd1dfe1ffe21fe20fe1dff1aff17fe13fe
883,154586267,-40,11,128,1,0,0,1ee00100000206050c071009150b170d190e1b0e1b0d1a0d180b150a12070d05090205ff01fbfef7fbf4f9f2f7f0f6eef6edf6edf6ecfdfb00000000000000000000000000000000000003fe0ef810f814f816f818f919fa19fb18fc15fd10ff0b000500fffff9fff3feeefde9fce5fbe3fae0f9dff9e0f9e3f9e6faeafbedfc
884,154586910,-40,11,128,1,0,0,1ee0010001fefff7fef2fdedfce8fce5fbe3fae1fae1fae3fae5fae8faecfbf1fbf7fbfcfb01fb06fa0af90ef910f912f813f813f713fd04000000000000000000000000000000000000fcfdf2f7f1f4eff2eeefeeeeeeecefecf1ecf3eef6f1faf5fdfa00ff0305050a070f08140a180a1a0b1d0b1e0b1d0b1b0a1708140710
885,154587440,-40,11,128,1,0,0,1ee00100010007fc0cf910f614f316f118f019ee18ee17ee15ef12f10ff30bf606f801fafcfcf8fef4fff000ee01ec01eb01eb01ea00fa0000000000000000000000000000000000000000fc02f004ee06eb08e909e80ae80be90beb0bee09f206f603fa00fffc04f809f40cf010ee12eb14e916e916ea16eb14ed12f00ff30d
886,154587871,-41,11,128,1,0,0,1ee0010000fdfdf8fbf3f9eef7eaf5e7f5e5f4e4f3e4f3e5f3e8f4ebf6eff8f3f9f8fbfdfc02fc07fd0bfd0efd11fe13fd14fd14fd14ff05000000000000000000000000000000000000fcfef0fbeff9ecf6ebf4eaf3eaf1ebf1edf1f0f2f3f4f7f7fbfbffff030407090a0d0d110f14111712191219121910160f140d110b0e
887,154617041,-44,11,256,1,0,0,36655300000004fb08f60bf10eed0fea10e710e510e40ee50de60be909ec06f003f500fafcfff803f506f109ef0ced0deb0dea0dea0dfa0300000000000000000000000000000000000001fc06f008ee0bec0deb10ea11ea12eb12ed11f00ef30bf707fb02fffe03f907f40af10dee10eb13ea15ea16ea16ec15ee14f111f30fc000e4f5e4f5e3f6e3f7e3f7e4f7e4f8e4f8e4f9e4fae4fae4fbe4fbe4fae5fae5f9e6f8e6f7e7f7e8f6e9f6eaf5ebf5ecf5edf4eef3eff2f0f1fafafefe000001000000fc00f6ffe4fee4fce5fae5f8e5f7e5f6e4f5e4f3e4f2e5f1e5f1e5f0e5f0e5efe5efe5eee6eee6efe6efe6f0e5f0e5f1e5f1e5f2e4f3e4f3e3f3e3f3
888,154628903,-44,11,256,1,0,0,36655300000105fd0af90ef511f214ef16ed16eb16ea15ea13eb11ed0eef0af306f602fafdfef801f403f005ed06ea07e807e807e706f90100000000000000000000000000000000000002fc09f30cf10ff012ef15ef16ef17f116f214f511f70dfa08fd03fffd02f804f207ee09ea0be70ce50ee50fe50fe70fe90eed0df00bc000e6f2e5f2e5f2e5f2e5f3e5f4e5f4e5f5e5f6e5f6e5f7e5f7e5f6e5f6e6f6e6f5e7f5e8f4e9f4eaf3ebf2ebf2ecf2eef1eff1f0f1f1f0f2effbf9fefd000001000000fcfff6fee5fae5f9e6f7e6f5e6f4e6f3e6f2e7f0e7efe7eee7ede7ece7ece7ece8ebe8ebe9ebe9ebe8ece8ece8ede7eee7eee7efe7efe6efe6efe6ef
889,155377967,-42,11,128,1,0,0,1ee001000006030006fa0af50cf10eee10eb12e912e812e811ea10ec0def0af207f503f8fffbfbfdf7fff400f101ef01ee01ed01ed00fb00000000000000000000000000000000000000fdfdf7f6f5f3f2eff1ebf0e8efe6f0e4f1e3f3e5f6e8f8ecfaf1fbf7fcfefd05fd0bfd12fc17fc1bfb1ffa22fa22fa20fa1efb1bfb19
890,155379309,-43,11,128,1,0,0,1ee00100fd06030208fd0ef912f616f319f11bf01cef1cef1af117f214f410f60bf806fa01fbfcfcf7fcf3fcf0fceefbedfaecfaecfafbfe000000000000000000000000000000000000fffcfdf1fceefce9fce4fde1fedfffdd00dd01e002e402e901effff5fdfcfa03f70af410f115ef19ec1deb1fea1feb1dec1bee18f016
891,155436998,-43,11,128,1,0,0,1ee0010003fafdfdf800f202ed04ea05e707e408e308e308e507e707ea06ef05f304f803fd030103060309040c040e050f06100710070401000000000000000000000000000000000000ff03fe0dfd11fc15fa19f91cf71ef61ff51ff41cf518f613f80ffc09000305fe09f90ef412f015ed18eb1ae91be91aea18ec16ee14ef
892,155437491,-43,11,128,1,0,0,1ee00100f9fdfe010206070b0a0f0d120f1411161217121711150f140d110b0d080a0605040102fd01f800f5fff2fff0ffee00ed00ed00fb00000000000000000000000000000000000003ff0dfe11fd16fd1afd1dfe2000210121021e031a03160310020a0003fefcfbf6f8f0f5ebf3e7f0e4eee2ede2ede3ede5efe7f0eaf1
893,155439698,-45,11,128,1,0,0,1ee001000afafffaf4fbe9fbe0fbd9fad4fad0fbcefbcefbd0fbd4fbdafce1fde9fef000f803000506090c0c100f13111513151515160505000000000000000000000000000000000000fd04f313ef18ea1ee423e027dc28d829d727d823dd1ee218ea12f30dfe06080113fc1ef826f52ef334f139f039f037f033f12ff32bf4
894,155446807,-94,11,128,1,0,0,4ff1144106fd05fe02fa00f6fef6fbf6f9f4faf6fcf9fbf7fbf3fff302f604f803f801f8fff8fef9fdfcfefffe00fcfefcfbfcfafafafefe00000000000000000000000000000000000000ff00fefefefffcfffbfffcfefafef900fa03fa03fb05fa07fa04fc02fd02fb01fd00fdfff7fbf4f9f8fbfbfef8fdf5fef400f303f3
895,155495381,-43,11,128,1,0,0,1ee0010003fbfdfef801f204ed07e909e70ae40ce40ce40ce50be80aeb09f007f406f904fe02020107010b010e0110011102120212020400000000000000000000000000000000000000fe03fb0df911f715f518f31bf11cef1dee1def1af016f211f60dfa08000205fd0af80ff413f017ee1aeb1ce91ce91bea19ec17ee14f0
896,155502945,-43,11,128,1,0,0,1ee00100050200fefbf9f6f5f2f2efefecedeaebe9ebe9ebeaececeeeff1f2f4f6f7f9fbfdffff030107030b040d050f0510051105120104000000000000000000000000000000000000fcfff2ffeeffe9fee5fde2fce0fadff9dff8e1f8e5f8eaf9f0faf6fdfd00030309060f0a140d180f1b111e121e131d121b10180f160d
897,155504946,-43,11,128,1,0,0,1ee00100010602ff03f804f205ed06e906e507e306e206e206e405e604ea02ee01f300f8fefdfc01f905f808f60bf50cf40df30df20dfc03000000000000000000000000000000000000fefdf9f3f8f0f6ebf5e7f5e4f5e1f5e0f6e0f8e2fae5fbeafceffdf6fefdfe05fe0cfe12fe18fe1cfe20fe23fe23fe22fe1ffe1cfe19
898,155507262,-43,11,128,1,0,0,1ee0010003fbfdfef701f203ed06e907e608e409e30ae40ae509e808eb07f006f404f903fe02030207020b020e0210031103110311040401000000000000000000000000000000000000fe03fb0df910f614f417f21af01bee1bed1bee19ef15f210f60cfa07ff0205fd0af90ff513f217ef1aed1deb1deb1cec19ee17f015f1
899,155507832,-43,11,128,1,0,0,1ee00100fbfbfe020209050f071409180b1b0c1d0d1d0d1d0d1b0b190a150810060b0406030102fb02f701f301f001ed01ec02eb02eb00fa00000000000000000000000000000000000003010e05110716091a0c1d0e1e101e121e131b131711130e0e0a08050200fdfaf8f4f3efefeaece6eae2e8e0e8e0e9e2eae4ece7eee9
900,155508347,-43,11,128,1,0,0,1ee00100fe0602ff06f90af30dee0fea11e712e513e412e411e60fe80dec0af007f403f8fffcfb00f702f405f106ef07ed07ed07ec07fb01000000000000000000000000000000000000fffcfcf0fbecfbe7fbe3fbdffcdcfddbffdb00dd01e201e701ee00f5fefdfc05fa0cf813f619f41df322f224f125f223f320f41df51a
901,155509037,-43,11,128,1,0,0,1ee00100f9fe000305070a0b0f0f131215141716181618161614141211100e0c0a08070403ff01fbfef6fcf3fbf0faeefaecfbecfbebfefa00000000000000000000000000000000000003ff0ffe13fd18fd1dfe20ff23002402240322041d04170411030a0102fefbfcf4f9edf6e7f3e3f1dfefddeddceddeeee1efe3f1e6f2
902,155509547,-43,11,128,1,0,0,1ee00100040300fdfef7fbf2f8edf6eaf5e7f3e5f3e4f3e4f4e6f5e9f6ecf8f0faf5fbfafcfefd03fd07fd0bfd0efd10fd11fc11fc11ff04000000000000000000000000000000000000fcfff2fdeefbeafae6f8e4f6e2f4e1f3e2f2e4f2e8f3edf5f1f8f7fbfd00020507090b0e0f1212151518171a171a1619141713151113
903,155510059,-43,11,128,1,0,0,1ee00100fd05020007fb0cf610f213ef15ec17ea18e917e916eb13ed10ef0df309f604f900fcfbfef700f302f002ee03ed03ec03ec02fb00000000000000000000000000000000000000fffcfff0ffec00e701e302df03dd05dc06dc06df06e306e804ee01f5fffdfb04f80af411f116ef1aec1dea20ea20eb1fed1def1af117
904,155514093,-43,11,128,1,0,0,1ee00100fa01000107020d03130417051a051c051d051d041b041804150310020c01070002fefefcfafaf6f8f4f7f2f6f1f5f1f4f1f3fcfc00000000000000000000000000000000000002fe0bf90ff813f617f51bf51df51ff51ff61df81af915fb0ffc09fd02fefafef4ffedffe7ffe3ffdfffdcffdcffdeffe0ffe3ffe6ff
905,155515271,-43,11,128,1,0,0,1ee0010005fefefef8fdf1fcecfce8fbe5fbe3fbe2fbe2fce4fce6fceafdeffdf3fef800fd010103050509070b080d090e0a0e0a0e0b0302000000000000000000000000000000000000fd01f407f108ed0ae90ce50de30de10ce10be20ae608ea06f004f603fd0104000bff12ff17fe1cfe20fe23ff23fe21fe1ffe1cfe19fe
906,155521029,-43,11,128,1,0,0,1ee00100000501fe03f804f205ec06e806e507e306e206e206e405e704ea03ef01f400f9fefefc02fa06f809f70bf50df40ef40ef40efc03000000000000000000000000000000000000fffdfbf3fbeffaeaf9e6f9e3fae0fadffbdffce1fee5feeaffeffff6fefdfe04fd0bfd12fc17fc1cfb20fb23fb23fb21fc1ffc1cfc19
907,155521566,-43,11,128,1,0,0,1ee00100fd0401ff05fa09f50cf00eed10ea11e811e711e80fe90eeb0bee09f206f603f9fffdfc01f804f606f307f108f009f009f009fc0200000000000000000000000000000000000000fd02f203ef05ea06e608e409e20ae10be10be30ae709ec07f103f700fdfc03f809f50ff213f017ee1bed1ded1dee1cef1af117f215
908,155522036,-43,11,128,1,0,0,1ee00100fb02010008fe0efc13fa16f919f81bf71cf61bf61af617f713f80ffa0afb05fc01fdfcfef8fef4fef1feeffeeefeeefdedfdfbff00000000000000000000000000000000000001fd08f50bf30ef012ed15ec17eb18eb19eb18ed15f011f40df707fa01fdfb01f404ee07ea09e50be20ce00ddf0ee10de30ce60be80a
909,155523283,-43,11,128,1,0,0,1ee00100fffafe01fc07fa0df912f816f719f61bf71cf71bf719f817fa13fb0ffd0bff06010203fd06fa08f709f50bf30bf30cf30cf303fc0000000000000000000000000000000000000002030c041005150519051c041e03200320021e001a0015000f0009000201fb02f403ed04e805e405e006dd06dd05df05e105e405e7
910,155523738,-43,11,128,1,0,0,1ee00100010401fe00f7fff1feecfee8fde5fde3fde2fde3fde4fde7fdebfdeffef4fef9fdfefd03fc07fb0afa0dfa0ff910f910f810fe04000000000000000000000000000000000000fdfdf6f6f4f3f1efefebeee9ede6ede5eee4f0e6f3e9f6ecf8f1fbf7fefe0005020b04110616071b081f09210921081f071d071b0618
911,155526116,-43,11,128,1,0,0,1ee00100020501fe01f800f200ed00e900e600e4ffe3ffe3ffe5ffe8ffebfff0fff4fef9fdfefc02fb06fa09f90bf80df70ef70ef70efd03000000000000000000000000000000000000fdfdf6f6f4f3f1efefeceee9ede7ede5eee5f0e6f3e9f5edf8f2fbf8fdfeff05010b03110416051a061e07210721071f061d051a0417
912,156573464,-93,11,128,1,0,0,f7722f41fa00fcfe02ff050003fffffdfefcfffb04fa09f907fb05fd02fefe02000505050603030100fffffefffcfffb00fb00fc00ff000000000000000000000000000000000000000001ff040004020302010200040004ff01fe02fe01fefffe01fd06fa08fe06030003fc01fe0101050107ff05fe05ff0600070007000302
913,157037028,-94,11,128,1,0,0,b33ddb41ff04fe03fe03ff00fefdfdfeff02030102feffffffff00fe010002020002ff01ff01ff00fd00ffff00ffff01ff00fefffffdffff000000000000000000000000000000000000fefffbfcfbfdfcfefefd02fc02ff0002fe03ff040004fe03fd01fc00feff00ff01ff01ff02000201020201020008fe0dfd0afd05ff01
914,157392446,-91,11,128,1,0,0,3ddbb341fdfbfefafefe020003030303020201ff04fe0604040903060003fe02ffff00ff0100020103010201000000fe02fe01ffff00ff0000000000000000000000000000000000000000ff02fd01ffff02ff02fffffefdf9fff8fffbfcfe01ff06fd04fd01ff00010002ff01fdfffeff01fefefdff02040904070303050504
915,157699669,-94,11,128,1,0,0,4ff11441fdf7f8faf600f803f901fa01fb04fb04f802f600f4fff3fff5fdf6fcf9fcfbfbfbfbfcfefe00fd01fe02fd01fb01fa03fa04fe01000000000000000000000000000000000000ff00fe03ff02fefffdfefcfefbfdf9fcf9fbf9f8faf8fbf9fefbfffefd00fb00fdfefdfffa00f8fff800f801f701f400f3fef4fbf5fb
916,157732351,-95,11,128,1,0,0,fbb99f4100fb00fbfdfcfafbf9fffd08010704020403030101fdfffffcfdfdf9fef8f9fbf9ff010206fa05f6fcf8faf5fff600ff03050101000000000000000000000000000000000000fefffcfe00010101fe01fc00fbfffdff00fd00fafffc0003ff0100fa03fb04fc03fd03ff02fe00fffe01feff00fb03fc0000feff00fb
917,158529094,-91,11,128,1,0,0,e55ffe41fe01ff00fe03fe06ff070106030202ff00fe00fefefefe01010103ff01fefefffe000000fefffe010001010001ff00fe00ff00ff0000000000000000000000000000000000000001010200fffefafef8fefbfc09f817f90efe01fff800ee01f400ff0102010200010001fffffafdf5fcf9fefdfefcfd00ff04000000
918,158633749,-94,11,128,1,0,0,7dd55741fd02ff00fefffa00fc0002fd02f9fef9fffc01fefffffefe01fe02ff01fffffefffdfffc01ff0101010001fefdfdfdfd02fd01ff000000000000000000000000000000000000ff00ffff00fe01fd01fd00fdfe00fd01fc01fc01fe02ff00fffdfefdfdfffcfffdfffefffcfffbfffbfffbfef2fcecfbf6fffc05fc04
919,158633880,-94,11,128,1,0,0,c3300c41fffdfffb02fc03fe02020303050003fd01fcfe00ff020001010102010201010002fe01fe020204050205ff05ff030001ff03ff01000000000000000000000000000000000000000001ff01fe00fefffffe00ff01fe00fbfffc010102020101fefffcfefe00010303040101fffe02ff020002fc09f710fa0801020000
920,158634546,-90,11,128,1,0,0,62255641fd0000ff010001010103ff02fefefffd00fe010103030203000000fd00fefffefafdf8fffbfdfcfcfcfdfffd01fdfffdfdffff0000000000000000000000000000000000000000ff03fe02ff0000ff00fffffdfdfcfcfdfeff0001020001ff01ff01ffffff00fe02fd00fffe02fe00fefd00fa0df717fa0ffd08fd08
921,158635000,-92,11,128,1,0,0,6aa5564100000101010001fe00000003020302030203ff02fe0200ff03fb03fbfffcf9fcfbfcff00ff03fe03fe00fffe00feff00feffffff0000000000000000000000000000000000000000020002ff01fe01ff0001000002fe020002010200010002fe03fe04fe04fd02feffffffff02ff00fffdfff505ee0af403fcfdff00
922,159542911,-94,11,128,1,0,0,4ff11441fffefcf9fbf7fbfbfbfdfcfdfc00fa00f801f803f801f600f600f7fef8fffb01fc01fb00fb01fb02fe0100030104030504050101000000000000000000000000000000000000000002020101ff020004010401030002ff03fe07ff07ff04fe03fd04fd0301ff04ff040003fe03fa02f701f405f609f809f608f407f7
923,159747717,-95,11,128,1,0,0,4ff11441f600f9fffd00fe0100030304050502070108030903080107ff09ff09ff0700060005010303020201020102020202020203020000000000000000000000000000000000000000fe00fb00fb00f9fff900fa01fb01fcfff9fcf8fbfbfbfcfefefffffdfefbfcfefc01fc01fb01fa02f803f705f705f607f507f504f404
924,160332288,-92,11,128,1,0,0,899aa841fffe00ff01010002fb01fc00010003ff03fe07060e0f090701ff05fa0cf307f90001ff00fffd01fe01ff0000ffff00ff01010000000000000000000000000000000000000000ff00fe0000fe02fd0000fd04fc04fe01ff01ff0001fefffefcfdfdfcfefdfeff00ff00fdfffefe00fefe00fe02fe02fd03000203ff04
925,160976549,-92,11,128,1,0,0,4ff114410905080306ff04fb00f9fef8fef8fef700f602f502f801f701f602f603f801fb01fc01fcfffdfcfefcfefdfefdfffcfefcfdffff00000000000000000000000000000000000001000401030001010205ff04fd03ff0702090009fc07fd06ff06ff04ff0400040202010001fe04fd08fd09fe09000a010c010b010a02
926,161144932,-93,11,128,1,0,0,299002410303030503050004fd07fd0400fc00fdfe030204020100ff02ff0102f900f8fd04020c050602fafbf8fcff0200fefef9fef9fffe0000000000000000000000000000000000000000010100010000ff00ff0000ff00ff01fe03ff020000fefffd010003010101fffffdfcfefcfefefdfffe01fe03fe04fd04fe01feff
927,161181355,-94,11,128,1,0,0,4ff11441f8fefc01fd02fd01fe01fd02fd03fd04fb04fa04f901f700f703f803f901fa02fd02fd01fd02fd03fe02000202040006fd04ff00000000000000000000000000000000000000fe00fafffb01fb03fb00fafcf8fcf8fcf9fcf8fbf8fbfafafdfafef9fcf9fbfbfafcf900fb05fc05f903f603f303f202f3fef3faf3fb
928,161795772,-94,11,128,1,0,0,4ff11441050802090108030703040502070008ff0a000b000b000a0008010701050105020602050203020402040003ff02fe03fc05fa01fe000000000000000000000000000000000000ff00ff0000000000fc01fa02fb02f901f701f901fc01fd02fd01fefefffffe01fc01fc02ff030105000600060008ff0afd0dfe0cfe0a
929,162205402,-93,11,128,1,0,0,4ff114410701050003ff02fd01fbfffafff9fff8fef8fcf6fcf5fdf6fcf7fbf8fbfbfcfdfffcfffcfdfefdfefefefefffc01fb03f904fe01000000000000000000000000000000000000fe00fd00ff01ff04ff06ff06fe07fb06fb05fc05fd07fe07fe06fe03ff0201020202050207ff09fe09ff09ff0cfe0d000c030c040904
930,162607846,-40,11,128,1,0,0,1ee00100fffbfa00f405f009ec0ce90ee610e512e412e512e611e90fed0df10bf609fb07000505040a030e031103130315041604160505010000000000000000000000000000000000000103040e051105140417031a021b001cff1bfe18fe14fe0eff09000402fd04f707f109ec0ce80ee510e311e111e210e40fe60de90bec
931,162608426,-40,11,128,1,0,0,1ee0010003ff00f9fdf4faeff7eaf6e6f5e4f4e2f3e1f3e2f4e4f5e6f6eaf7eff8f4f9f9fafffa04fa09fa0df910f812f713f614f614fd05000000000000000000000000000000000000fc00f001ee00eaffe7fde5fce4fbe4f9e5f8e8f8edf8f2faf7fcfcff010307060b0a0f0e131115131816191718171616141412121010
932,162608909,-40,11,128,1,0,0,1ee00100fefcfa02f607f30bef0fec12eb14e916e917e917ea15ed13f010f40df80afc07010406020a010e0011ff13ff15ff16ff160005000000000000000000000000000000000000000103070d0810081308160818061a051b041a02170113000f0009000301fd03f704f106eb07e709e40ae10be00be00ae20ae409e708ea
933,162609491,-40,11,128,1,0,0,1ee00100fcffff05010a030f041305170619071b081b081b071906170513050f040a0406040105fc06f807f408f209f009ef0aef0aef02fb00000000000000000000000000000000000003ff0dfe0fff130015021703170517061707140710070c0507030300fefdf9f9f5f5f2f2efefedececeaebe9ebe9edeaeeecf0eff2f1
934,162610053,-40,11,128,1,0,0,1ee0010001fcfbfdf5fdf0fdebfde8fde5fde4fde2fde3fee4fee7feebfeeffff400f802fd0301050408070a090c0b0d0c0f0c0f0b100204000000000000000000000000000000000000ff03fc0dfb0ff811f613f514f315f114f113f210f40df609f906fe0202ff07fc0cf911f814f617f51af41cf41cf41af518f615f712f7
935,162610627,-40,11,128,1,0,0,1ee00100020204fc07f609f10bed0de90ee60fe40fe30ee30de50ce80aeb07ef04f301f7fdfbf9fef501f203ef05ed06ec06eb06ea06fa01000000000000000000000000000000000000fdfdf6f5f5f2f4eef3ebf3e9f4e7f5e7f6e7f8e9faedfcf1fdf6fefcff02ff09fe0ffe14fe19fd1cfd1ffc21fc21fc1efc1bfd19fd16
936,162780506,-45,11,256,1,0,0,76600700fdfefb04f909f70ef613f517f419f41bf41cf51cf51af718f815fa11fd0c0007030307fe0afb0df810f613f515f516f517f505fd0000000000000000000000000000000000000103060d0610051404170319021b001afe19fd16fd13fd0efd09fe0300fd02f704f205ed07e908e609e409e308e208e407e605e904ecc9001c011c011c001c001bff1bff1aff1afe1afe1afd1afd1afc19fd19fd19fe19ff19ff1800180117011602150314031404130513071208110806030101fffffe00ff0002fe08fc18f818f919fb19fd1afe1aff1b001b011c021c031c041c041c051c061c061c071c061b061b061b061b061b051c051c041c031c031c021c02
937,162828465,-94,11,128,1,0,0,40088441fefdfffd00fefefbfefb00fe04fe03ffff01fe00fffefdfffd00feffffff00000000fe00fe00ffff00ff00ff00ff00000102000100000000000000000000000000000000000000ff00fefe00fd00feff00ff02fe04fd00fcfefbfefcfdfdfefffe00fd01fe00fe01ff01fffefffcfffe00fefcf7f7f0f8f8f8fefafe
938,162829480,-94,11,128,1,0,0,d3344d4102ff01ff03010202fe00fcfefffcfffdffff0000010001fe00ff00ff01fd02fe020001000000ff00ff0000ff01ff01fe00fdffff00000000000000000000000000000000000000ff01fefe010002010000fdfffbfcfdfcfefd00ff0002fe02ff0203040304ff03fd03000202ff01ffff01fe0107ff11ff0aff040004
939,162934059,-92,11,128,1,0,0,b5511b41fe02fd04fe04ff0200ff00fdfffe0000030007f707ef04f90104f503eafff4fe02ff0501040203ff02fcfffdfffffe00fcfffeff000000000000000000000000000000000000ff00ff01fffffefdfefffe02ff01fffffeff01000501060103ff01ff00fe00fcfffdfeff0100040203ff00fa00f800fafffffe04fd04
940,162934883,-93,11,128,1,0,0,633aa641020103010101ffff01ff0101fe02fd00fdfefcf7fef100f7fff9faf2f8f0fbf900fffffdfdfefc01fd01fffffffdfffd03fd01ff0000000000000000000000000000000000000000010000ff000000010001fe00fe00ff00fffffefefffffffffe00ff02ff04fd04fc03fe01ff00ff01fdfffdfeffff000200030103
941,163155443,-44,11,256,1,0,0,96600900fd0203040a060f071409180a1b0a1c0b1d0a1d0a1b091808150711050c0208ff03fbfff7fcf4f9f0f8edf7eaf7e9f8e7f8e7fef900000000000000000000000000000000000002fd0bf50ef412f416f418f41af61af719f917fb13fd0ffe09ff03fffdfff7fef1fdecfce8fce4fbe2fbe0fbe0fbe2fbe4fce8fdebfdd100fee4fde3fde3fce3fce4fce4fce5fbe5fbe6fae6fae6fae6fae6fae6fbe6fce6fde6fde7fee7ffe800e801e902ea03eb04ec05ec06ed07ed02f900feff0000010000fefdfbf7f4e8f5e7f7e7f8e6fae5fbe4fce4fde3fde3fee2ffe200e101e102e102e203e203e202e202e202e201e301e201e200e3ffe3ffe2ffe2fee2
942,163157101,-44,11,256,1,0,0,96600900fc010006040a080f0b120e151017111812191218111710140e110b0d0909070405fe04f903f403ef03ec03ea04e806e707e701f900000000000000000000000000000000000003ff0ffd12fe150018021a041b061a071808160912080d0708040301fefdf9faf5f6f1f2eeefebede9ebe8ebe8ebe9eceaededf0eff3cb000ae70ae60ae509e508e508e607e607e606e606e606e605e605e605e706e706e807e807e908e908ea08eb09ec09ed0aee0bef0cf00cf10df204fb01feff00ff01ff00fffd00f602e604e605e607e709e70ae70be70ce60ce60de60ee60fe710e711e811e811e810e810e810e80fe80fe80ee80ee70de70de70ce70ce70ce7
943,163160781,-44,11,256,1,0,0,9660090001fbfafbf4fceffceafce6fce3fce2fde1fde1fde3fde5fde9feedfff201f702fc050007040a070d0a0f0b110b130b150a160205000000000000000000000000000000000000fe03fa0ef810f412f113ee14ec14eb12eb10ec0eef0af207f704fc02020008fe0dfd12fb17fb1afa1cfa1ef91ef91cf91afa17fa14fad3000d170d160e160e150f150f140f140f130f121012101110111011101110110f110f110e120d120d110c110b110a110911081107110611061102060001fffffefeffff0202050710130f140d150c160b170a180a180919091a081a081b081b071b071c061c061b061b071b071a071a081a081a091a0a190a190b180b180c18
944,163269178,-40,11,128,1,0,0,1ee00100fefbf9fff502f105ed07ea09e70ae50be50be50be60ae90aec09f007f506f906fe05020606060a060c070e090f0a100a100b04020000000000000000000000000000000000000102070b070e08110815071706180519041902170113000e0009010402fe04f806f308ee0aea0ce80ee50fe40fe40fe60ee90ceb0bed
945,163333130,-40,11,128,1,0,0,1ee00100040103fb03f403ef03e903e603e304e104e004e004e203e502e901eefff2fdf7fbfbf8fff502f305f007ef08ed09ed09ec09fb02000000000000000000000000000000000000fcfff1ffeefeeafce8fbe6f9e5f7e5f6e6f5e9f5edf6f2f8f6fbfbffff030308070d0a120c160e190f1c0f1e0f1d0e1c0c1a0b170a14
946,163388340,-40,11,128,1,0,0,1ee0010000fbfafcf4fbeffbeafae7f9e4f9e3f9e2f9e2f9e4f9e7faebfbeffdf4fff802fc040007030a050c070e08100811081208120204000000000000000000000000000000000000ff03fb0efa10f713f515f316f117ef16ef15f012f20ff50bf907fe04040009fd0efa13f817f71bf61ef51ff51ff61df71af817f914f9
947,163388765,-40,11,128,1,0,0,1ee0010001fcfbfbf5f9f0f8ebf6e8f5e5f4e4f4e3f4e4f4e5f5e8f6ecf8f0faf4fdf800fb03fe07010a030d040f05110512051304130105000000000000000000000000000000000000fe03f90df710f512f214f015ee15ec14ec13ed10f00df309f806fe03040009fe0ffd14fb19fa1cfa1ffa21fa20fa1efb1bfc18fc15fc
948,163390004,-40,11,128,1,0,0,1ee00100030003fa03f403ee03ea03e603e403e203e103e203e402e701ebffeffef4fdf8fbfdf801f504f307f209f00aef0aef0aee0afb02000000000000000000000000000000000000fcfff1fceefbebf9e9f7e7f5e7f3e7f2e9f1ebf2eff3f3f6f7fafbfe00030308060d09120b160c190d1c0d1e0d1d0b1c0a1908160713
949,163390557,-40,11,128,1,0,0,1ee00100fbfefc05fc0cfc12fc18fc1cfb1ffc21fc22fd21fd1ffd1cfe18ff13000d0208050308ff0bfb0df80ff511f412f312f313f304fc000000000000000000000000000000000000030010031304170619091b0b1c0d1b0f1a101710120e0e0b09070402fffcfbf6f8f0f5ebf3e6f1e2f1dff0ddf1ddf2dff3e2f4e6f5e9
950,163392655,-40,11,128,1,0,0,1ee00100020306fe0af90ef511f214f015ee16ed17ed16ed15ee12f00ff20bf407f703f9fefaf9fbf5fcf2fcf0fceefcecfcecfcecfbfbfe000000000000000000000000000000000000fdfdf7f3f6f0f5edf5eaf6e7f6e6f8e5f9e6fbe8fcecfdf0fef6fefcfd02fc09fa0ef913f817f61bf51df41ef31ef41cf619f716f813
951,163393854,-40,11,128,1,0,0,1ee00100fefbf9fff301ef04eb05e706e507e308e308e408e607e807ec06f106f605fa05ff05040608070b080d090f0a0f0a0f0b0f0b03030000000000000000000000000000000000000103040e0410041403170219011bff1bfe1afe17fd13fd0efe09000303fd06f809f30cef0fec11e913e715e615e713e912eb10ee0df0
952,163395171,-40,11,128,1,0,0,1ee00100fb01fe06010b041006140717081a081c091c091b081907170613060e050a0505050006fc07f808f409f20af00af00bf00cf003fc00000000000000000000000000000000000003fe0dfb10fa14fa17fb19fc1afe1bff1a00170113020e01090003fffdfcf8f9f3f6eff3ebf1e9eee7ece6ebe7ebe8ecebededf0eff1
953,163536633,-93,11,128,1,0,0,4ff11441fbf8fbf9fbfcf8fdf7fff900fcfffcfef9fef5fef6fff801f702f800fafdfbfcfafdfbfdfd00fe02fe02fd01fe01fe02fd02ff0000000000000000000000000000000000000001ff05fc02fd00fe01fc03fa05fa04f901fa03fa06fa06fc04fe00fdfffd00ffff00fe00fffffffcfcfaf9f9faf7fcf6fdf6fdf4fdf0
954,163540780,-41,11,128,1,0,0,1ee0010000fcfbfef500f002eb03e804e605e406e306e406e605e805ec04f104f504fa03ff03040408050b050e060f071008100810080402000000000000000000000000000000000000ff02fc0cfa0ff811f614f515f316f216f215f313f40ff60bf907fd0402ff06fb0bf80ff513f316f118ef1aef1aef18f016f113f311f5
955,163627526,-45,11,256,1,0,0,36655300000403fe06f909f30bef0deb0ee80fe60fe50fe50ee70ce90bec08ef05f302f8fefcfafff602f205ef06ec07ea07e907e806fa01000000000000000000000000000000000000fffcfdf2fdeeffea00e602e403e205e306e406e706ea05ef04f401faff00fc05f90af60ff413f217f119f11bf11bf21bf319f516f614c900e3fae3fae2fbe3fce3fce4fde5fde5fde5fee5fee5ffe500e500e6ffe6ffe6fde6fde7fce7fce8fbe9fbeafaebfaecf9edf8edf7eef6eff5fafbfefe000001ff0000fd00f601e503e501e5ffe5fde5fbe4fae4f9e3f8e3f7e3f7e3f6e3f6e3f5e3f4e3f4e3f3e3f3e4f4e4f4e5f5e5f5e5f5e4f6e4f7e3f8e3f9e4f9e4f9
956,163630748,-45,11,256,1,0,0,36655300030201fbfff5fdf0fbecfae8f9e5f8e3f7e2f7e3f7e4f7e6f8eaf9eefaf3fbf9fbfefb04fb09fa0df910f813f714f615f515fd05000000000000000000000000000000000000fdfef3f8f1f5eff1eeeeedebeee9eee8f0e8f2e9f5ecf8f0fbf5fdfaff000106030c041106150719081c091d0a1d0a1c091a09170814c800eb13eb13eb13eb14ec14ed14ed14ee14ef14ef14ef14f014ef14ef14ef13ef12ee12ee11ee10ee0eee0dee0cee0bee0aee09ee08ed06ed05f901fd0000ff00fe00ffff02fc08f418f317f116ef15ee14ed14ec14eb13ea13e912e812e711e711e711e710e610e70fe70fe70fe710e810e810e810e911e911e912ea12ea12
957,163634992,-46,11,256,1,0,0,3665530003fffdfcf9f9f4f6eff4ebf2e9f1e7f0e6f0e6f0e7f1e9f2ecf4eff7f4faf8fdfc01ff050209050d061007120715071606160105000000000000000000000000000000000000fc00f201ef01ebffe7fee5fce4fae4f9e5f8e7f8ebf8f0f9f5fbfafd000005030a060e09130b160d190e1a0f1b0f1a0e190d160b1409c800fc1bfd1cfe1cff1c001b001a001a001900190119011902190219021901180018ff18ff18fe17fe17fe16fd15fc14fb14f913f812f712f711fc06fe0100fffffeffff00020209051904190219011aff1afe1afd1bfc1cfb1cfa1cfa1cf91cf81cf71cf71cf71cf71bf81bf81bf81bf81bf91bf91cfa1cfb1cfb1cfc1cfc1c
958,163635694,-41,11,128,1,0,0,1ee00100010404fe06f709f10bec0ee80fe510e210e110e20fe30de60be908ee05f302f7fefbf9fef501f204ef05ed06eb07ea07ea06fa01000000000000000000000000000000000000fdfdf6f3f5f0f3ecf2e8f2e5f2e3f3e1f4e1f6e3f8e7faecfcf2fdf9fd00fe07fe0ffd15fd1afc1ffb23fb25fa25fb23fb20fc1dfc1a
959,163639369,-45,11,256,1,0,0,3665530003fcfbfef5ffef00e902e403e104df05de05de06e006e305e705ec04f103f703fd04030409050d071109140a150b160d160e0503000000000000000000000000000000000000fe02f70cf30eef10eb12e812e512e411e40fe60ce90aed07f305f902000007fe0dfd13fb18fa1df920f822f822f721f71ef71bf717f8c700090c090c0a0c0a0c0a0b0a0b0a0b090b090a090a0a0a0a0a0a0a090a090a090a080b080b070b070b060b050a040a040a030a020a010a010a0003ff01ffffffffffff010004020d060c070c080b090b0a0b0a0b0b0a0b0a0c0a0c090d090d090e080e080e080e080e080e080e080d080d080d080d090d090d090d090d090d
960,163744424,-46,11,256,1,0,0,76600700fe04040009fb0ef712f315f017ed18ec19eb18eb17ec15ed12f00ef20af504f9fffbfafef5fff000ec00e900e7ffe7ffe6fef9ff00000000000000000000000000000000000000fc02f003ed06e909e60be30ee30fe310e510e80feb0cf008f504fafffffa03f508f00ced0fea13e715e616e617e717e915ec13ef11ce00e3f4e2f4e2f5e2f5e2f6e3f6e3f7e3f8e4f8e4f9e4f9e4f9e4f9e4f9e5f8e5f7e6f7e7f6e8f5e9f5eaf4ebf4ecf4edf3eef3eff2f0f1f1f0fbfafefe000001ff0000fc00f500e2ffe2fee2fce2f9e2f7e2f6e2f5e2f3e2f2e2f1e2f0e2f0e2efe3eee3eee4eee4eee4eee4eee4efe4efe4f0e3f1e3f1e3f2e2f2e2f2e2f2
961,163884057,-47,11,256,1,0,0,966009000106040208fd0bf80ef511f213ef15ee15ed15ee15ee13f010f20df409f705f800fafbfbf7fbf3faf0faeef8edf7edf6edf5fbfd000000000000000000000000000000000000fefef8f7f6f4f4f0f3ecf3e9f3e6f5e5f6e4f8e6fae8fcecfdf1fdf7fdfdfc03fa09f90ef813f616f519f51bf41cf51bf51af617f815cf00e700e700e601e700e700e701e801e801e801e902e902e901e901e901e900ea00eaffebfeecfdedfcedfbeefaeffaf0faf1f9f2f8f2f8f3f7fbfcfefe000001ff00fffd01f804eb0dea0be909e808e706e706e605e604e602e501e400e400e4ffe4fee4fee5fde5fce5fce5fde5fde5fee6fee6ffe6ffe6ffe6ffe6ffe5ff
962,163885709,-47,11,256,1,0,0,96600900f801fe050308080c0c0f0f121114131513161316121610140e110c0e090a0705060005fb05f705f306ef07ed09ec0aec0bec03fb00000000000000000000000000000000000001fd07f60af40ef112f016ef19f01bf11bf31af518f714f90ffb08fc02fcfcfcf6fbf0faebf9e7f8e3f7e2f6e1f6e1f6e3f6e5f7e8f9d80000e6ffe5ffe5fee6fee6fee6fee7fee7fee8fee8fee8fee8fee8fee8ffe900e901e901e902ea02eb02ec03ed04ee05ee06ef07f008f109f203fb01feff0000010000fefdfbf7f3e9f4e8f6e7f8e7f9e6fbe5fce5fde4fde4fee3ffe300e301e302e303e303e303e303e403e403e402e402e401e401e401e400e400e400e4
963,163897985,-48,11,256,1,0,0,96600900050506ff07fa08f409f00aec0be90ce70ce60ce60ce70be90aec08ef06f202f6fef9fafbf6fcf3fdf0fceefcecfbebf9ecf8fbfe000000000000000000000000000000000000fd00f401f000ecffe8fee5fce3fae3f7e4f6e6f5e9f5edf6f2f9f6fcfa00fe05010a030f05130717081a081c081d081d081b07180616df00ee0eee0fee0fef10ef10f010f010f110f210f210f210f210f210f210f210f20ff20ef20ef20df20cf20bf20af209f209f208f207f206f205fa01fe0000ff00fe00fffe02fb06f212f112ef11ee10ed0fed0fec0eeb0eeb0dea0de90de90ce80ce80be80be80ae90ae90ae90bea0bea0cea0ceb0deb0dec0dec0dec0eeb0e
964,163903701,-48,11,256,1,0,0,9660090007fc02f9fef6faf3f7f0f4edf2ebf1eaf0e8f1e8f2e9f3ebf4edf6f0f7f3f8f8f8fcf800f703f606f409f20af10bef0aef0afb02000000000000000000000000000000000000ff02ff0bfe0ffc13fa16f719f41af21af018ef16f013f20ff60cfa08ff0505030a020f01140118011b011d021e021d021c0219021701e2000614061406140614061407140713081208120811081108110811081107110711061005100510040f030f030f020f010e000e000dff0dfe0cff04ff01fffffffeffff010105060e120c130b140a15091608160716061706170418031903190319021902190218021802180218021802170317031604160416041604160416
965,164228062,-46,11,256,1,0,0,96600900fafaf900f705f60af40ff213f116f017ef18ef18f016f114f212f50ff80cfc090007050509040d0410041205130614081309040200000000000000000000000000000000000002000d001001140318051b081c0a1b0d1a0e170f140e100c0c08080405ff02f9fff3feeefce9fbe6fbe3fbe1fbe0fbe0fce2fce5fce8da0015f415f415f415f414f414f313f312f312f311f311f311f211f211f211f311f310f410f510f610f70ff80ff80ff80ff90efa0ffb0ffc0ffd05ff01ffff00fe00ff0001fe06fa13f014f115f315f416f517f517f618f718f819f81af91af91af91af91afa19fb19fb19fb19fb19fa18f918f918f817f817f717f717f717f7
966,164317924,-95,11,128,1,0,0,8002284102fd01000002010103000101000000fefffcfffe01010101010101030202030102ff0100020001ff00fefefefdfffdfffd01ff00000000000000000000000000000000000000fffffffefffefdfffeffffff06fb0df605fafdff04fd0bf806fb00ffff01ff05fd06fc03fd01fe02fe0200030205030204020204fe04
967,164320498,-91,11,128,1,0,0,399003410206000500020101fffffefdfefdff01ff0200fefffdfffe01fe0100000202020100ffff00fe00fefffefffefdfffdffffffffff000000000000000000000000000000000000fffffcfdffff0000fefffbff01ff0aff07fd0001f708f309fa040201040202fe02fc03fd02fc01fd0000ff01ff01000101ff00fc00fb
968,164321125,-93,11,128,1,0,0,e1122e41feff00fd01fc01fc0101ff04fd01fdfffe02ff030000fffe00ff02ff02ff00ff00ff00ff01fe01ff00ff000102020101fe01ff00000000000000000000000000000000000000ff00000102000100ff00fefe06fa0ff907fdfffffaf6f4f0f8f5fff803f804fb01ff010101fefcfdfafffdfefdfdfdfd02ff050103ff
969,164350935,-45,11,256,1,0,0,96600900fc03030409040f04140518051b051d051e051d051c051904160311020d0108fe03fcfff9fbf6f8f2f6f0f4edf4ebf5eaf5eafdfa00000000000000000000000000000000000001fd08f40bf20ef012ef15ee17ef18f018f216f414f610f90bfb05fcfffef8fff2ffed00e801e401e201e001e002e102e302e602e901cc00f4e7f4e7f3e7f3e7f3e7f3e7f2e8f2e9f2eaf2eaf2ebf2ebf2eaf2eaf2eaf3eaf4eaf4ebf5ebf6ebf7ebf8ebf9ecfaecfbedfcedfeedffedfff900fe000001010000fdfef9f9efecf0ebf2eaf3e9f4e8f5e7f5e6f6e6f7e5f8e4f8e3f8e3f8e3f9e3f9e3fae3fae3fae3fae3f9e4f9e4f8e4f8e5f7e5f7e5f6e5f6e5f5e5
970,164353588,-45,11,256,1,0,0,9660090000fbfbfef501f004ec06e808e509e40ae30ae30ae40ae709ea08ef06f305f905fe04030408050c061008120a130b130d130e04030000000000000000000000000000000000000003000dfe11fd14fb17f91af71bf51af419f416f513f60ff90afd05010105fc0af80ef512f215ef17ee18ec19ec18ed16ee13f011f1d3001610160f170e170e170d170d170c160c160b160b160a160a160a160a160a150b150b140c130c120c110d100d0f0d0e0d0d0e0c0e0b0f0a0f03050001fffffeffffff0200080218071708170a160b160d150e150f151015111511151214131414141414151315131413141314131314131412151215121611161116111611
971,164355878,-94,11,128,1,0,0,4ff114410505010101fc03fb01fafffbfdfcfcf9fbf6f9f6faf7fdf9fcfafbf9fcf7fcfcfc00fdfffdfffdfffd00ff030007ff08fd07ff01000000000000000000000000000000000000fffffefdfcfdfbfdfa00fb03fb03fb03f802f601f700f800f8fef9fefe000003ff0301040504070309040a07080607050a030b030803
972,164383438,-45,11,256,1,0,0,96600900fcfdfd04ff0b00110116021a031d031f0420041f041e031b03170312030d0307040105fb07f609f20aef0ced0eec10eb10ec04fb00000000000000000000000000000000000002010c070e0a100d12111314121611170f170d160a140810050b020500fefef8fcf2fbedfae8f9e4f8e1f7e0f7e0f7e1f7e3f8e6f9eacd0009f409f409f409f409f409f408f408f407f407f407f407f407f407f407f407f407f508f508f608f708f708f808f808f808f908fa09fb09fb03fe01ffff00ff00ff0000fe01fb05f406f406f407f408f509f509f509f50af50bf60bf60cf60cf60cf60cf60cf70cf70cf70cf60cf60bf60bf60bf60bf60bf50bf50bf50bf4
973,164387832,-45,11,256,1,0,0,96600900fc01020408070d0a120c160e190f1b101b101b0f1a0e180d140b10080c05080104fd00f8fdf4fbf0faecf9eafae8fbe6fce6fff900000000000000000000000000000000000002fe0cf910f914f918fa1bfb1cfc1dfe1cff1901150111020b010500fffef9fcf3fbeef9e9f7e5f5e3f4e1f4e1f4e2f5e3f6e7f7eaf9c20002e301e200e200e200e200e300e3ffe3ffe4ffe4fee4fee4fee4ffe400e501e502e503e603e704e705e806e907ea08ec09ed0aed0bee0bef04fa01feff0000010000fefdfbf7f5e8f6e7f8e7fae6fbe5fde4fee4ffe300e301e202e203e204e204e205e205e205e205e205e304e304e304e303e203e203e202e202e202e1
974,164396208,-45,11,256,1,0,0,96600900fbffff040408080d0b100f141116121813181318121710150e120c0e090a0605040002fa01f500f000ed01ea02e803e704e701f900000000000000000000000000000000000003ff0dff1100140217041a061b071b09190a170a130a0f080a06050200fefbfaf7f6f3f3efefecedeaebe8eae8eae8eaeaececefeef1cd0007e408e408e408e407e407e406e405e405e505e505e505e506e506e506e507e608e608e709e80ae90aea0beb0bec0ced0def0ef00ff10ff205fb01feff0000010000fffdfef7fbe7fde7fee600e602e603e504e505e507e408e409e40ae40be40be40ce50ce50ce50ce50ce50ce50be50be50be50ae50ae50ae40ae40ae4
975,164396642,-45,11,256,1,0,0,b6600b00fc02020309030f04140418041c041e041f041f041d041a03170313020e0008ff03fdfefafaf7f6f4f3f1f2eff1edf1ebf2eafcfa00000000000000000000000000000000000002fd0af60df511f414f317f319f31af41af618f815fa11fc0bfd05fefffef9fef3feedffe9ffe5ffe2ffe0ffdf00e000e200e600e901cd00f8f4f8f4f7f4f7f4f7f4f7f4f7f4f7f5f7f5f7f5f7f5f7f5f7f5f7f5f7f5f7f5f7f5f8f5f8f5f9f5faf5faf5fbf5fbf5fcf5fdf6fdf6fef6fffcfffe000000000000fefffcfdf6f7f6f7f7f6f7f5f8f5f8f5f8f4f8f4f9f3f9f3f9f2f9f2faf2faf2faf2faf2faf2faf2faf2faf2f9f2f9f2f9f3f9f3f9f3f9f3f8f2f8f2
976,164407836,-45,11,256,1,0,0,b6600b00020302fc02f501ef01ea00e600e300e1ffe0ffe0ffe1ffe4ffe7ffecfef1fdf7fcfdfa03f807f60bf30ef110f012ee12ed12fb04000000000000000000000000000000000000fdfdf5f6f4f3f2eff1ecf1e9f2e7f3e6f4e6f6e8f8ebfaeffcf4fefaff000006000c01120116021a021d031f031f041e041c04190415c500e60ce60de60ee60fe70fe70fe80fe80fe90fe910e910e910e910e910e90fe90ee80de80ce80be90ae909ea08ea07ea06ea05ea03ea02ea01f800fdff00ff01fe00fffe02fa06ee12ed11ec10ea0ee90de80de80ce70ce60be50be40ae40ae309e309e308e308e308e308e308e408e409e409e40ae40ae40be40ce40ce40c
977,164426717,-95,11,128,1,0,0,488ff441fd0400020105ff0300fffffffd01fd00fc00ff03030303000300030002ff02ff01ff000001fe00fd00ff01ff01fe00ffff00ff0000000000000000000000000000000000000000ff00ff00000001010001fefffffd00fdfefdfdfe0001030203030202040004000100fffefefdfd02ff0400fe09f911fb05fef902fc
978,164458254,-93,11,128,1,0,0,4ff11441060607060804090108ff04fe02fb02f901f901f804f704f803f903fa03fc04fd05fd05fe03fe00fefffdfcfcfafcfbfdfbfdfeff0000000000000000000000000000000000000000000001010102000400050104ff04fc06fc05fe03ff02fc04fb06fb06fe02000101030404060309020a010b010c040a0507030505
979,164608660,-45,11,256,1,0,0,76600700fc0500ff04f807f209ed0ae70be30be00bde0bde09de08e106e405e803ee02f4fffafd01fb06f80cf610f413f216f117f017fb0500000000000000000000000000000000000001fd08f50bf30ff113f016ef19ef1aef1af018f216f413f70efb08fe0201fd04f708f20bee0eea12e815e717e718e818e918ec16ef14c100eeffeeffeeffee00ee00ee00ef01ef01ef02ef02ef02ef02ef02ef02ef02ef02ef01f001f000f000f1fff1fff2fef2fef2fdf3fdf3fcf3fbfbfefeff000000ff0000fe00fa00f001f000f0fff0fef0fef0fdeffdeffceffceffbeffbeefaeefaeffaeffaeffaeffaeffaeffaeffbeefbeefceefceefceefceefdeefdedfd
980,164612437,-46,11,256,1,0,0,76600700fb0500ff04f907f30aee0ce90de50ee20de00ddf0ce00ae209e507e905ee03f400fafd00fa05f70af40ef211f013ee14ed14fb0500000000000000000000000000000000000001fd07f40af30ef112ef15ee17ee18ef19f017f215f412f70dfa08fd0300fd04f707f20bee0eeb11e913e715e717e817ea16ec15ef13bd00f0fbeffceffceffceffdeffdeffdf0fdf0fef0feeffeefffefffeffeeffef0fdf0fdf0fdf1fcf1fcf1fbf2fbf3fbf3fbf4faf4f9f5f9f5f8fcfdfeff000000ff0000fe00fa00f100f1fff1fef1fdf1fcf0fcf0fbf0fbf0faf0faf0f9f0f9f0f8f0f8f0f8f0f8f0f8f0f8f0f8f0f9f0f9f0f9f0f9f0f9effaeffaeffaeffa
981,164624719,-46,11,256,1,0,0,36655300fa02ffff05fb09f70df310f012ed13eb13e913e812e810e90eeb0cef09f205f701fbfdfffa03f607f30af00cee0eec0feb0ffa0300000000000000000000000000000000000002fe0afa0dfa11fa14fb17fb19fc1afd19fe18ff15ff11000d0107010202fc02f603f104ed05e907e608e409e40ae40be60be90beb0ab800e8ede7ede6eee6eee6efe7efe7f0e7f0e7f0e7f1e6f1e6f1e6f1e6f1e7f1e8f0e9efeaeeeaeeebeeededeeedefedf1edf2ecf4ecf5ebf6eafcf8fffd000001000000fdfff6fde6f8e7f7e7f5e8f3e9f2e9f0e9efe9eee9ede9ece9eceaebeaeaeae9ebe9ebe8ebe9ebe9ebeaebeaebeaeaeaeaebe9ebe8ebe8ece8ece7ec
982,164639089,-46,11,256,1,0,0,366553000601ff01f902f303ed05e807e509e30be10ce10de20ee40de70ceb0bf008f505fb02010006fd0bfb10f914f717f618f619f606fd000000000000000000000000000000000000fdfff4fcf1f9eef6ecf3eaf0e9efe9edeaedebedeeeff1f1f6f4faf8fffb04ff0a020e04130617081b081d081f071f071e051b041802b100121c121c131c131c131b141b141a1419141914191418141814191419131a121a111a101a0f1b0d1b0c1b0a1a091a071a05190319021900190009ff02fffffeffffff02010805180f1711161215141416131712181219111a111b101c101d0f1e0f1e0e1e0e1f0e1e0d1e0e1e0e1e0e1e0f1d0f1d101d101d111d121d121d
983,164688293,-46,11,256,1,0,0,b6600b0005fa03000106000c00120017011b021e042005210620071e071b06170512040c0106ff00fdfafbf4f9f0f7ecf6e9f5e7f5e6fdf9000000000000000000000000000000000000fd01f505f104ed03e902e601e400e300e3ffe5fee7feebfdf0fcf5fbfbfa01f906f70bf510f313f016ee17eb17ea16e914e912ea10ecb800110011ff11ff11ff11fe11fe11fe10fe10fe10fe10fe10fd10fd10fe10fe10ff10ff10000f000f010f010e020e020d030d040c050c050c0604020100ffffff00ff0001ff04fd0dfa0efa0efb0ffc0ffd0ffe0ffe10ff10ff1000110111011102110211021102110211021102110211021101110111011101120012001200
984,164705206,-46,11,256,1,0,0,b6600b00faf700fb06fd0cff12ff17ff1bfe1efd20fb21fa20f81ef71af716f811f90cfb06fe0001fb03f606f209ee0ceb0de90ee80ffa030000000000000000000000000000000000000002000cfe0efb11f814f717f518f419f419f418f415f512f60df708f803f9fdf9f7f8f2f7edf5eaf3e7f1e5efe4eee5ede6eee9efeca700ffedffedfeedfeedfeedfeedfeeefdeefdeefdeefdeefdeefdeefdeefeeeffeeffee00ef00ef01ef02f002f003f103f104f205f306f306f402fb00feff0000000000fffefdfbf8f2f9f2faf1fbf0fcf0fceffdeffeeffeeeffeeffee00ed00ed01ed01ed01ed01ed01ed01ed01ee01ed01ed00ed00ed00edffedffedffed
985,164725121,-46,11,256,1,0,0,b6600b00fafc00fc07fc0dfc12fa17f81bf61df41ef21ef01def1aee17ef14f10ff40af705fb00fffa03f607f20aef0ded0feb11e912fa040000000000000000000000000000000000000202090a090d0911081408170719061a0519041802150112ff0efc09fa04f7fef4faf1f6eef3eaf0e8efe5efe4efe4f0e4f2e7f5e9f6ab00f9ddf8dcf7dcf6dcf6ddf6def6def5dff5dff5dff5dff4dff4dff5dff6dff7dff8dffadffadffbdffde0fee100e201e303e405e407e408e503f601fdff0001010000fdfdf8f7ece7ede6efe5f1e3f3e2f4e1f5dff6def7def8ddf9ddfadcfadcfbdbfcdbfcdbfcdbfcdcfcdcfcdcfbdcfbdcfbdcfadcfadcf9dbf9dbf8db
986,164725565,-46,11,256,1,0,0,b6600b0004fa02000107010d02130417061b081e091f0b1f0c1e0d1c0c190b150910070b030500fffdfafaf5f7f1f4edf2eaf1e8f0e7fcf9000000000000000000000000000000000000fd02f408f107ed07ea06e705e504e504e503e702e900edfef2fdf7fbfcfa01f706f50bf20eef11ec13ea13e813e612e610e70ee90cebab0021f721f621f521f421f420f420f31ff31ff21ff21ef11ef11ef21ef21ef21ff31ff41ff51ef61ef81df91dfa1cfb1cfc1bfe1bff1b011a0309010200ff00fe01ff0002fd09fa1af01bf11cf31df41ef61ff720f820f921fa22fb23fc23fc24fd24fd23fe23fe23fe23fe23fe22fd22fc22fb22fb22fa22fa23f923f824f8
987,164743110,-46,11,256,1,0,0,36611300f6fefcfb01f805f408ef0beb0be70be40ae109df07df05e103e402e801ec01f201f801ff0205040a050f061308160918091a02060000000000000000000000000000000000000202080a070d061106140617051805190519041803160213000ffd0bfb07f703f3fff0fcecfae8f9e5f9e3f9e1fbe1fce2fee4ffe600a300f2f4f1f4f1f4f1f4f1f5f1f5f1f5f1f6f1f6f1f6f1f6f1f6f1f6f1f6f1f6f1f5f1f5f2f5f3f5f3f4f4f4f5f4f6f4f6f4f7f4f8f3f9f3faf3fdfbfffe000000000000fefffafdf2f9f2f8f2f7f2f6f3f6f3f5f3f5f3f4f3f3f4f3f4f2f4f2f4f1f4f1f4f1f4f1f5f1f5f1f4f1f4f1f4f2f4f2f3f2f3f2f2f3f2f3f2f2f2f2
988,164745802,-46,11,256,1,0,0,36611300f602fafdfef801f303ed03e803e402e100dffedefcdefbe0fae3fae7fbecfcf2fef801fd03030608090d0b110d130f151017040500000000000000000000000000000000000002010c050d080e0c0f0f10121014111510150f140d130a11070e030bfe08fa06f404ef03eb02e703e403e205e107e108e30ae50ae80aa800eefaeefaeefbedfbedfbeefceefceefceefdeefdeefdeefdeefdedfdeefceefceefceefbeffbeffaf0faf1f9f1f9f2f8f3f8f3f7f4f7f5f6fcfcfefe000001ff0000fe00fafff0fff0fef0fdf0fceffbeffbeffaeff9eff9eff8eff8eff7eff7eff7eff6eff6eff6eff6eff7eff7eff7eff8eff8eef8eef9eef9edf9edf9
989,164767622,-47,11,256,1,0,0,b6600b0001f103f705fd09020d07120a160b1a0c1e0c200a210921071f051c04170312030b020503fe03f804f206ee07ea09e70ae50bf902000000000000000000000000000000000000fd01f606f204ee03e902e601e301e101e000e100e300e600eaffeffef4fcf9f9fef603f206ee09ea0ae60ae309e007df05df03e002e1ad000bef0bef0aee0aee0aee09ee09ee08ee08ee08ee08ee08ee08ee08ee08ee09ef09ef0aef0af00af10bf10bf20bf30bf40cf50cf60df70ef705fd01ffff00ff01ff0000fe01f904ef05ef06ef07f008f009f00af00bf00bf00cf00cf00df10df10ef10ef10ef20ef20ef20df10df10df10df10cf10cf00cf00cef0cef0cef
990,164771040,-46,11,256,1,0,0,7660070002f403f905ff07050a090e0d110f151117121a111b101b0f1a0d170b13080f0609040302fd01f701f200ee00eaffe7ffe5fff9ff000000000000000000000000000000000000fd01f605f304ef02eb01e801e500e300e300e400e6ffe9ffedfef1fdf6fbfbf900f704f408f00bed0cea0ce70ce40be30ae308e406e5b00019e719e719e619e618e618e517e516e516e516e515e415e415e416e416e517e617e718e818e918ea18ec18ed18ee19f019f119f31af51bf609fc03ffff00ff01ff0001fc05f50fe411e513e615e716e817e918e91aea1bea1cea1deb1eeb1eec1fec1fed1fed1fed1fee1eed1eed1dec1deb1ceb1cea1cea1ce91ce91ce8
991,164774293,-46,11,256,1,0,0,76600700f407f802fbfcfcf7fdf1fcecfbe7f9e4f7e1f5e0f3e1f2e2f2e5f3e8f4ecf7f1fbf5fffa03fe07020b060f09120b150c160d0503000000000000000000000000000000000000020009030b060c0a0e0e0f11111312141215121510140e120b0f070c030afe07f906f405ef05eb06e707e509e30be30de40ee60fe80fa800db00db01db02db03db03db04dc05dc06dd06dd07dd08dd08dd08dc08dc08dd07dd06dd06de04df03df01e000e000e1ffe1fee2fce3fae3f9f5fdfdfe000001ff0000fc00f401e103e101e0ffe0fddffcdffbdffadef9def8def7ddf7ddf6dcf6dcf6dcf6dcf5ddf5ddf6ddf6ddf7dcf8dcf9dcfadbfbdbfcdbfddafddafe
992,164881823,-46,11,256,1,0,0,76600700f3f3f8f5fef804f909f80ff713f517f219f01aed1aeb19e917e914ea11ec0ef00bf508fa05ff0305010a0010ff14ff17ff1aff06000000000000000000000000000000000000ff02fc09f80af30bef0ceb0ee80fe611e512e612e711e910eb0eef0bf207f502f7fcf9f7f9f1f8ecf6e8f4e5f1e3efe3ede3ece5ebe7ac00f8d8f7d8f6d8f5d9f5d9f4d9f3daf2daf2dbf1dbf1dcf1dcf1dcf1dbf1dbf2dbf3dbf4dbf6dbf7dbf8dcf9ddfbddfcdefede01df03df04df01f400fc000101020001fefcfaf4f1def2def5ddf7dcf9dbfadafbdafcd9fed8ffd8ffd700d700d701d701d702d702d702d701d800d8ffd8fed8fdd8fcd7fbd7fad7f9d7f9d7
993,164886091,-46,11,256,1,0,0,766007000610030bff07fa04f501ef00ea00e600e302e004df06df08e109e309e708eb07f004f501fafefffa03f607f209ef0cec0dea03fa00000000000000000000000000000000000000fd04f809f80ef813f817f81af71cf71ef61df61cf61af616f812fa0efd090005040209000eff13ff17001b021e0420061f081e091da500fc12fd12fd13fd13fe13fe12ff12ff12ff12ff1200120012001200120012ff12ff12fe12fd12fd11fc11fc10fb10fb0ffa0ff90ef80ef70dfc04fe0100fffffe00ff0001000601110011ff11fe11fd11fc11fb12fb12fa12f912f912f912f812f812f812f812f812f811f811f911f911f911fa12fa12fb12fb13fb13fc13
994,165282736,-73,11,128,1,0,0,20000241e92df50bfff5ffe60bc21eac1eaf1e981a84069702ac10a0188e189811b507d1f8ecef18ee3ee544de34e621f012ee0ee210f704000000000000000000000000000000000000fcf9ffdd0bd3f9d4f5cc06bb0db20db613c91fd12ec538b42bb015ce0b03fe33f447e052c85fc45acb4ad243d049c756c069ce65e146
995,165319696,-45,11,256,1,0,0,b6600b000106fe00fbfaf8f5f5f1f1edeeebeceaeae9e9eae8ebeaedecefeff2f3f5f7f9fcfd0001040508080a0b0d0e0e100f120f130304000000000000000000000000000000000000fffdfdf3feefffeb01e702e504e305e206e306e506e805ec04f104f703fd0204010a010f01150219031c041f051f061f071d071a0717b400ec1aec1aec1bed1bee1bee1aef1aef1af01aef1af01af01af01af01aef19ee18ee17ed16ed15ed14ed13ec11ec10ec0eeb0dea0bea09e908f702fd0000ff00fe00ff0003ff0afc1dfa1df81cf61cf41cf21bf11cf01cee1ced1cec1beb1bea1ae919e919e819e819e918e918ea18ea18ea19ea19eb1aeb1aeb1aeb1aeb1a
996,165919556,-95,11,128,1,0,0,5998854101fe03fe02fdfffefbfffd0001020003ff0200010301030101ff00fd00fc00ffff01ff020001fffefffe0000ff00fe0000000000000000000000000000000000000000000000000101040001fffdfefcffff090112030a0101fd06f40aec03f5fffe01000102000202020305010100fdfffdfefefffc01fa00fbfdff
997,166130653,-90,11,128,1,0,0,7aacc741fdfefcfdffff02ff04fe04fc02fc02ff020008fb10f30bf803fff701ed02f501fd00fd00ff0000ff00fe00fefffefefefdffff000000000000000000000000000000000000000200060100feffff02010000fdfefdfd01fd0400040103020002fd01fefd01fbfffcfdfefd00fb01fdfffffdfffc01fe0302030400ff
998,167939943,-94,11,128,1,0,0,4ff11441fa05fe060306030404020702080209fe09fe0a0007020504060407050606030403040403040000fefefd00fb02fb02fb02fa00fe000000000000000000000000000000000000fefffcfefdfffb00fcfffd01fd03fc02f900f802f802fa01fa02f902fafffafefb00fc04fd06fb06fb08fe09010c020d010bff0bfe0b
999,168247166,-91,11,128,1,0,0,4ff11441010a010600050104040105ff07030a050b04090407060505050204000201030305020501040002fe01fc01fb01fb01fd01ff0000000000000000000000000000000000000000fefffafffcfffd01fd04fd04fd02fd02fb03f803f603f302f500fa01fa03f902fcff01000303020401050206010602080309020b020c
1000,168554354,-91,11,128,1,0,0,4ff1144106fb04fcfefcfcfbfbfcf8fdf8fef8fdf5fdf3fef3fcf3fbf6fcf8fdf700f700f9fdfbfffb03fc04fe05ff05ff04ff05fd07ff02000000000000000000000000000000000000000101020202020301030204040703070005ff05010702090008fe04fe020203030001fc00fa03fb07fb08f806f706f60af60cf70df8
1001,168656751,-91,11,128,1,0,0,4ff11441060202020301050005fe01fc02fb02fa02f905f705f504f605f806f906fa04fa02fbfffbfdfbfffcfffdfefcfcfcfafbf8fbfdfe000000000000000000000000000000000000ff00fd03ff020102ff02ff0200040006ff06fe07fe07fe05fe05fd05fd03000301020201040007fe09fd080108030b020b0208030504
1002,168739823,-94,11,128,1,0,0,688886410000fffffefffffd01fe02010305010400010c0216050b030000f605ee0bf606fe0101ff03fd03fe0100ff00ff00000001000000000000000000000000000000000000000000ff00fdfffefdfdfdfdfeffff02ff02ff010001020002ff00fffefdfefbfefcfdfefffe00feffffffff000100020100fffefbfffc0303
1003,169271722,-94,11,128,1,0,0,b4488b41fe01fb01fa00fefe02fa04f901feff0204fe09fb05fcfffdfafffa00fe020002fefffdfefdfffe00ffff00fffffffdfffdffffff000000000000000000000000000000000000ff01fe0101fd05fc05fa01fafffdfdfdfbfcfcfbfcfcfcfffc03fe03010001fffffcfdfbfefe0203030202fd04fb07fe050602090204
1004,169582037,-33,11,128,1,0,0,1440014158d85cce53cc46d14dcd5aca5ace56cf5ed161d955e34fe44dda44cf3ccb3bd240d23fce38d134cd2fce2bdc30e22feb27f709fe00000000000000000000000000000000000008fe1df91bf72bf532f62ff535ef33ee2ef036f344f754f955fb4afc4af952f75cfa5ffc5efc5e03550d500d530458fe62f961f954fd
1005,169705182,-28,11,128,1,0,0,d55bbd41ef01fe020305090311fe11fe0402f505f204fd0207020703080106fffc00f8fef9fdfa01ff0307010b000700fdfef9fbfcfafffe00000000000000000000000000000000000001000502020100fffa00f703fd02030108fe0ffa0afcfbfef1fcf6fc01fd090009030a020bfeff01f204ee04f30501050b060a08050b
1006,170121847,-93,11,128,1,0,0,e0066e41fefd00ff00fdfcfcfcfcfefffe01ff00ff00fe010102040104ff00fdfffc00fd00fefffffdfffcfefeff01ff00ffff0000030001000000000000000000000000000000000000fffefefdff00ff00fefefffd00030307050000fff5ffeff8f3f6f9fafbfefdfefffe01ff00fffffe0100040101fffefe01fe05fe06fd
1007,170226408,-93,11,128,1,0,0,e3377e4100fb01ff00ff01fd01ff00fffdfffd00ff0100020000fffffd01fe02fe02ff0001ff01ff01ff0000ff00fffffffefefefdffffff000000000000000000000000000000000000fffffcfdfefe00fe01fd00fc00fe02ff0401040405fe06fa01fefb02fc03ff01000001ff01fefffffe01fe0002fe050208000af808f7
1008,170227213,-93,11,128,1,0,0,ebb22e4101ff02ff0000fd02fe03fe01ffff01000101020101010001ff01fc00fcfefdfdfefd00fe02fe03fe03000001fe00ff000100000000000000000000000000000000000000000000000101010001ff00ff00fefffdfdfefd00fe02ff0000fc00fbfdfefdff00ff01fe00fffc01fa02fd030203fefdf6f6f6f9f8fcfdfe
1009,170332591,-91,11,128,1,0,0,0ee1104102fb08fb06fc03fb00fafefcfcfcfafdfd00f600ec00f7ff04fe0af70ef108f90102fe02fd00fc00fd00ff01ff0000ff02ff00ff0000000000000000000000000000000000000000000000ff01010202fe00fbfffd00ff01fd00fc00fd01fcfdfafbfcfdff000001000002020207030c04090102fcfffafdf9fbfbfb
1010,170332985,-92,11,128,1,0,0,0dd7704106fc03fa00f902f901fd020205060202fffb09f310ed06f8fd03fd0cfd13000a0102fd00fcfdfdfefe0000010101ff01fd01ff00000000000000000000000000000000000000ff00fffffffffefefdfefcfefcfbfefcfd00fb00fbfefdfffe03fd04fb02fb00fcfffd02fe040308040a0005fefbfffa030106050505
1011,170333861,-90,11,128,1,0,0,8aa7784100fc01fa02000102ffff01fe0100fd02fa05030b0c0e030700010dff17fe0dfd01fdfefd00000000fdfdfcfcffff01010101000000000000000000000000000000000000000000fffe00fc00fefd00fbfffbffff0001000000fe00ff02ff040004020201ff0001020003fc04f903fc010000fe00fa02f902fc010000
1012,170498651,-29,11,256,1,0,0,e4400e0016f616f616f615f614f614f514f513f513f513f413f413f412f512f512f512f512f512f612f611f711f711f810f810f910f904fe00000000000000000000000000000000000004fd11f711f712f712f713f814f814f815f816f816f816f816f916f916f916f916f916f916f916f816f816f816f716f716f716f616f60dfa2bec2bed2aed2aee29ee28ed27ed27ec26eb25eb25eb24eb24ea24eb24eb24eb24ec24ed23ee23ee22ef21f020f11ff21ff21ff31ff620f805fe01ffff00fe00ff0001fe05fc1fec20ee21ef22f023f024f125f126f127f229f22af22bf32cf32bf42cf42bf42bf42bf42bf42bf32bf22bf22bf12bf02bef2bef2aef2aef
1013,170498794,-29,11,256,1,0,0,e4400e00170b170b160b160a160a160916091608150815081507150715071507150715081408140813081208120811081108100810090402000000000000000000000000000000000000040113071307130813091309140a140a150b150c150d150d150d140d140d140d140d140d150d150c150c150c160c160c160b160b170b0d072c162b172b162a162a152914291329122911291129102910290f290f28102810271027102611251123112210211120111f111e111c141b1504030101fffffeffffff02000602240c240e240f24102412241325142515261627182719271a271a271b271b271b261b261b261a271a271a281a2819291829182a172a172a17
1014,170498954,-29,11,256,1,0,0,e4400e00190019001900180018ff18ff18ff17fe17fe17fd17fd16fd16fd17fe17fe16fe16fe16ff15ff14ff13001300130012001201040000000000000000000000000000000000000005ff14fe14fe15ff15ff16001700170117011801180219021802180218031803180318031802190219021801190119011900190019000e02300630062f062f062e052d042d032d032c022c022c012b002b002b012b012b012a022a0229022803270325032404230422052206210c200d05020100fffffeffffff0200070027042606260227032705280529062a072b082c092d0a2d0a2e0b2d0c2d0c2d0c2c0c2d0c2d0c2d0b2d0a2e0a2e092e092f082f072f072e07
1015,170499080,-29,11,256,1,0,0,e4400e0001e801e801e901e900e900ea00eaffeaffeafeeafeeafeeafeebfeebffebffebffeb00ec00ec00ed00ed00ee00ee01ef01ef00fb000000000000000000000000000000000000fffb00ed00ed01ec01ec01eb02eb02eb02ea03ea03e903e904e904e904e904e904e904e903e903e903e902e902e902e902e801e801e800f103d204d204d304d403d502d501d501d600d6ffd7ffd7fed7fed7fed7fed7ffd8ffd800d900d901db01dc01dd02de02de03df03e006e107e201fa00feff000001ff00fffefff9fedd00dd01dc02db03db04da04d905d806d707d707d608d509d509d50ad50ad50ad50ad509d509d508d507d407d406d406d405d405d405d4
1016,170499207,-29,11,256,1,0,0,e4400e0002e802e802e901e901ea01ea01ea00ea00eaffeaffeaffeaffebffebffebffeb00eb00ec00ec01ed01ed01ee01ee01ef01ef00fb00000000000000000000000000000000000000fb00ed01ed01ec02ec02ec03eb03eb04ea04ea04e904e905e905ea05ea05e905ea05ea04e904e904e903e903e903e902e802e802e802f206d307d307d407d507d506d605d605d604d703d702d702d701d701d701d802d802d903d903da03db04dc04dd04de04df05e006e00ae20be302fa00feff00ff01ff0000fe00f903dd05dd04dc05dc07db07db08da09d90ad90ad80bd70cd60cd60dd60dd70ed70ed70dd70dd70cd60cd60bd60bd50ad509d509d509d509d5
1017,170499445,-29,11,256,1,0,0,e0000e00120d120d110c110c110b110b110b110a110a110a1109110911091109110a110a100a100a0f0a0f0a0e0a0d090d090d0a0c0a030200000000000000000000000000000000000003020f090f090f0a0f0a0f0b100b100c100c100d100e100e100e100e100e100e100e100e100e110e110e110d110d110d120d120d120d0a08231a221a211a211920192017201621162115201520142014201420142013201420141f141e141d141c141a1319131913181317131515151603030101ffffffffffff010005031d121c131c131c141c151c161c171d181d191d1a1e1b1e1c1d1d1d1e1c1e1c1e1c1e1d1d1d1d1e1d1e1c1e1c1f1c1f1b201b201b201b201b
1018,170521527,-39,11,128,1,0,0,1ee00100f401f706f90afa0ffa13fa16f919f91af81bf71bf719f717f815fa11fc0fff0c020a050908080a080c080e090e090e0a0e0b0302000000000000000000000000000000000000fffdfdf2fceffcecfee9ffe601e403e305e406e607ea06ed04f100f4fcf8f7faf2fbedfce8fce5fbe2f9e0f8e0f7e2f6e4f6e6f6e8f6
1019,170524275,-38,11,256,1,0,0,e4400e0018ff18001700160016ff16ff15fe15fe14fd14fd14fd14fd14fd14fd14fd14fd13fd13fe12fe12fe11fe11fe10ff10ff0fff03ff00000000000000000000000000000000000004ff13fe14ff14ff15ff15001500160116021702180218031803170317031703170317021702170217021702170117011701180017010eff2efe2eff2dff2cff2bfe2afe2afd29fd28fc28fb28fa27fa27f926f926f926f926fa25fa24fb23fc22fc21fc20fc1ffd1efe1efe1e001e0105000100fffffe00ff0002ff06fe24f725f925fc26fd27ff28ff280029012a022b032c042d042d052d052d052d062d062c062c052c052c042d042c032c032c022d012c012c01
1020,170524439,-39,11,256,1,0,0,e4400e000e130e130d120d120d110d100e100e0f0d0f0e0f0e0f0e0f0e0e0e0e0e0e0e0e0d0e0d0e0c0d0b0d0b0d0b0c0a0c0a0c090c020300000000000000000000000000000000000003030d0f0d0f0c100c100c110c120c120c130c140c140c140c150c150b150b150b140b140b140c140c140c140c140d130d130d130d13080b1b261a26192519241823192119211a1f1a1e1a1e1a1d1a1d1a1d1a1c1a1c1a1c1a1c191b181a171a16191519141814181318121810180f1902040001ffffffffffff01010405181c171d171d171e162016211622162315241526152715281529142914291429132813281428142815271527152717261726182518251825
1021,170524603,-39,11,256,1,0,0,e4400e00fd18fd17fd17fe16fe16ff16ff15ff15ff14001400140014011401140114011300130013001200120011001000100010ff0fff03000000000000000000000000000000000000ff05fd14fd14fd14fc14fc15fb15fb16fa16fa17f917f917f916f916f816f916f916f916f916fa17fa17fb17fb17fb17fc17fc17fc17fd0ef72ef72df72cf82bf92afa2afb29fc29fc28fd28fd27fe27ff27ff27002600260025ff25ff24ff23fe22fe21fe20fe1ffe1efd1efa1df91dfe05ff01fffffffe00ffff02ff06fb25f925f925f826f726f626f527f428f429f22af12bf02bf02bef2bef2bef2bef2bf02af02af12af22bf32bf32bf42bf52bf52cf62cf62b
1022,170524736,-39,11,256,1,0,0,e4400e0011f011f011f010f00ff00ff00ef00ef00df00df00def0def0def0df00df00cf00cf10cf10bf20bf20bf20bf30bf30af40af402fd00000000000000000000000000000000000003fc0ef20ef20ff210f210f211f211f212f213f213f214f214f314f314f314f313f313f313f213f213f213f112f112f112f012f012f00af621e122e222e321e320e31ee21de21ce21be21be21ae219e119e119e118e118e218e218e318e417e516e615e715e814e914e915ea16ec17ed04fc01ffff00ff00ff0001fe04fa18e31ae41be51de61ee61fe720e621e622e624e625e626e726e726e726e826e826e826e825e825e725e725e624e524e423e423e323e322e3
1023,170524860,-39,11,256,1,0,0,e4400e0013f213f212f212f211f211f210f210f20ff10ff10ff10ef10ef10ef10ef10ef20ef20ef30df30df40df40df50cf50cf50cf603fd00000000000000000000000000000000000003fc0ff20ff310f310f311f312f312f413f414f414f415f415f415f515f515f514f514f414f414f414f414f314f314f214f213f213f20af724e323e323e422e421e420e41fe41ee41ee31ce31ce31be31ae31ae31ae31ae41ae41ae51ae619e719e818e917ea17ea16eb17ec17ed17ee04fc01ffff00ff00ff0001fe04fa18e319e41ce61de61ee71fe720e721e723e724e726e727e827e827e927e927e927e926e926e826e826e725e725e725e625e524e524e524e5
1024,170525075,-39,11,256,1,0,0,e0000e00ebf0ebf0ecf1ecf1edf1edf2edf2ecf3ecf3ecf3ecf3ecf4edf4edf4edf3edf4eef4eff3f0f4f0f4f1f4f2f4f2f5f2f5f3f4fcfd000000000000000000000000000000000000fbfdecf6ecf6ecf5ecf4ecf4ebf3ebf2ebf1ebf0ebf0ebefecefecefecefeceeeceeecefecefecefecefecefecefebefebefeaefeaf0f4f5dadedadfdbe0dce0dce1dce2dce3dce4dde5dde6dde6dce7dce7dde7dde7dde7dee7dfe7e0e8e1e8e2e8e4e9e5e9e6e9e7eae8e9e9e8eae8fcfbfefe000001000000fdfff9fcddecdeeadceadde9dde7dde6dde4dce3dce1dcdfdcdedcdddcdcdddcdedcdedbdedbdedbdedcdedcdddddddddddddcdedcdedbdedbdedbdf
1025,170576044,-39,11,128,1,0,0,1ee00100f303f607f80bfa0ffb13fb15fa18fa1af91af81af819f817f815f912fb10fe0e000c030b050a080a0a0a0b0b0b0b0b0c0c0d0303000000000000000000000000000000000000fdfdf7f5f5f3f4eff3ecf4e9f5e7f7e5f9e4fbe6fde9fdecfdf0fbf4f8f8f5fcf1ffec00e901e501e200e0ffe0fee1fde3fde5fce7fc
1026,170595596,-40,11,128,1,0,0,1ee00100f201f404f609f70df711f713f616f517f518f418f417f415f513f711f90efb0dfe0c010c030b050b070c080c080d080d080e0203000000000000000000000000000000000000fefdf9f5f8f2f7eef7ebf8e8f9e6fbe4fde4ffe501e801ec00effef3fbf6f7faf2fceefdeafde6fde3fce1fbe1f9e3f8e5f8e7f7e9f8
1027,171443397,-28,11,128,1,0,0,d6633d41f2f2eaf2f4f305f706fcfef7fbf3fcfc02fb04f902000203010201ff02fbfdf9f4fff205f8fffbf9fcfcfffc01fb00fd02fd00ff00000000000000000000000000000000000000ff03ff02fdfdfcf8fcf6fcfd02040104f803fcfd03f603f2ffecfbf000000d0712ff0cf801fcfb03f7feedfaedf8fff60bf60def0b
1028,172848403,-40,11,128,1,0,0,1ee00100fbfaf800f605f30af00ded10eb12ea13e914ea13ea12ec10ef0df30af708fb070006040608060b070e070f081009100a0f0b030200000000000000000000000000000000000003ff0eff11ff150018021b031c051d081c091a0a160912070d05090104fc01f7fef1fcecfae7f9e4f9e0f9defadefbdffce2fce5fde7
1029,172932925,-28,11,128,1,0,0,355443410810fc16fe15060807080609020308020d050803fffef405f40eff0a060005fe02040306030101ff00fe00feffff00ff00ff0000000000000000000000000000000000000000ffff00fe01fefffffc02fb05fd06fe02fb00f804f600f8f9fbfdfafff8fcf6fcfdf20fed1dfa19fe0cfa03fdff03030104fdfd04f10b
1030,173674496,-93,11,128,1,0,0,4ff1144100fafffb01fc01fdfbfef800f903f905f806f806f808f808f806fb05fe06fd07fc05fe05010404010600050005fe05fc04fc00ff000000000000000000000000000000000000ffffff000001fd01fc01fd04fa07f705f703f705f805fa04fe0400030002020105ff04ff05ff05ff04fe07fd0afc07fb04f707f509f8
1031,173879287,-92,11,128,1,0,0,4ff1144106fe05f805f704f900f9fbf9f7f8f7f7f8f8f6f9f6fbf6f9f6f9f9fbfbfdfafff900fafffbfffd00ff020003ff04fe06fe06ff01000000000000000000000000000000000000ffff00ff0001fe03fd03fd04fc06fd0600050006fe06fd05fd04fd04ff0402030403030002fe01fe04fc0af90dfb0dff0efe0ffb0ffd
1032,174536233,-27,11,128,1,0,0,fdd33f4102f212f60e02f903e9f3eaebf6f6fd0002f90af30802030e05050003fc09fd08fc01fcfcfefafefc0100030100fcfdfafcfbfffe000000000000000000000000000000000000fcfcf6f7ffff020101050409090308fb04f801f2f9f0f6f9f8fff703fe0709040e0109fb07fc0d0309fe04fb0dfa16f10beefcf7ff02
1033,174542609,-28,11,128,1,0,0,98822941fafd08fa0b02030508060807fafff2f7f6f5fdf8f9faf203f511fc0d040307050102f9fff304f0ffeef5f0f6f601fb08fd06ff0100000000000000000000000000000000000000ff03fc06fb08f805f3fcf6f401f306f801f5f7f2f4f8feff0a080b0506f103eafdf9fc0102f802ef06f508fcfafaeaf3eaf5f20aef
1034,174603306,-45,11,256,1,0,0,b6600b00000205ff0bfc10fa14f817f619f419f319f318f316f413f50ff60bf806fb01fcfcfef7fff3ffefffecffeafee9fde9fceafcfaff00000000000000000000000000000000000002fd09f30cf110ee13ed16ec17ec18ed18ef16f113f40ff70afa04fcfefff801f204ed06e907e609e40be30ce30ce40ce70beb0aee08d000ebedeaedeaedeaedeaeeeaefeaefebf0ebf0ebf1ebf1ebf1ebf1ebf1ecf1ecf0edf0eeefefeff0eff1eff2eff4eff5eff6eff7eef8eef9eefdf9fffe000001000000fdfff6fce6f5e6f3e7f2e8f0e9efe9ede9eceaebeaeaebeaebe9ebe8ece7ece7ede7eee7eee7eee8eee8ede8ede9ede9edeaeceaeceaeceaeceaeceb
1035,174678420,-45,11,256,1,0,0,b6600b00fdfffd05fc0bfc11fc15fc19fc1cfd1dfd1dfd1cfe19fe16ff12ff0d0008020204fd05f807f409f10bef0dee0eee0eee0fef03fc0000000000000000000000000000000000000103050e06110616061a051d041e031f021d011b0017ff12ff0c000501ff02f803f203ec04e804e404e104e003e003e102e401e801ebc5001bf71af61af61af51af419f419f418f417f317f316f316f316f316f316f316f416f516f616f715f815f914fa14fa13fb13fc13fe12ff120006000200ff00fe00ff0002fe08fa18f119f21af41bf61bf71cf81cf91dfa1dfb1efc1efc1efc1ffd1ffd1ffd1efe1efe1efe1efd1dfd1dfc1dfb1cfb1cfa1cf91df91df81df8
1036,174684887,-45,11,256,1,0,0,96600900000205fd0af90ef512f214ef16ed17ec17eb15ec13ed11ef0df20af505f900fcfbfef600f202ee03eb03e903e802e801e900fa0000000000000000000000000000000000000000fc04f006ed08e90be60de40fe410e411e610e90eed0cf108f603fbfefff904f408ef0cec0fe912e714e715e716e815eb13ee10f10ecd00e7f0e6f0e5f1e5f2e6f3e6f3e7f3e7f4e7f4e7f4e7f5e7f5e7f5e8f5e8f4e8f3e9f3eaf2ebf2ecf1edf1eef1f0f1f1f1f3f0f4f0f5eff6effcf9fffe000001000000fcfff5fee3fbe3fae4f8e4f6e5f4e5f2e4f1e4f0e5efe5eee5eee5ede5ece6ebe6ebe7ebe7ebe7ebe8ece8ece8ece7ede7ede6ede6eee6eee6eee5ee
1037,174695071,-45,11,256,1,0,0,96600900000306010cff11fd15fc19fb1bfa1cf91cf91bf919f916fa12fb0dfb08fb03fbfdfbf9faf4f8f1f6eef5edf3edf2eef1eff1fbfc00000000000000000000000000000000000000fc04f105ee08ea0be70de60fe511e611e810eb0eee0cf207f602fafdfef801f205ee07ea09e70be50ce30de30ee50de70ceb0bee09cf00eeebedecedececececedecedeceeecefecf0ecf0ecf1ecf1ecf1ecf1edf0eef0eef0efeff0eff1eff2eff3eff4f0f5f0f6f0f7eff8eff9effdf9fffe000001000000fdfef7fae9f0eaefebeeecededebeeeaeee9efe9f0e8f0e7f0e6f0e6f0e6f1e5f1e5f2e6f2e6f2e6f2e7f1e7f1e8f1e8f0e9f0e9efe9eeeaeeeaeee9
1038,174696769,-28,11,128,1,0,0,a2244a41eff5ecf6f2fd0003060604090208f704eefdf3f8fdfc04ff01fdfffc0601060100f800fb0302020002fe02fcfffa00fb05fd02ff000000000000000000000000000000000000fd02fb0903050202fe02ff03fd09fe0e030a05010afc0afd05fc04f805fa0a01110216fe0c00010409030f020606010705050606ff0a
1039,174704036,-46,11,256,1,0,0,96600900fffcf9fff402f004ec06e908e609e50ae50ae60ae809eb08ee07f206f705fd04020407040b050e06110712081309120a120b04020000000000000000000000000000000000000003ff0ffe12fd16fb1af91cf71df51cf41bf418f514f710fa0bfe06020106fc0bf80ff512f215f017ee18ed18ed17ed15ee11f00ff2c800150e150d160d160c150c150b150b150a150a150a150914091409140a140a130a130b120b120b110b100c0f0c0d0c0c0c0b0d0a0d090e080e02050001fffffeffffff02000901190519071808180a170c170d170e170f170f1710161116121612151314131413141314121412141213111411141115101510150f150f150f
1040,174706172,-46,11,256,1,0,0,96600900fbfffc05fe0afe10ff140017001a001b001b001a001800160012010d0209030404ff07fa09f70bf40df20ef210f211f211f304fd00000000000000000000000000000000000003010d0410061409160c180e1811181216121311100f0c0c0808050302fefff8fdf3faeef9e9f7e6f6e4f6e3f6e3f6e4f6e7f7eaf9edd40014f114f113f013f013f012ef11ef10ef10ef0fef0fef0fee0eee0eee0eef0eef0ef00ef10ef20ef30ef30ef40ef40ef50ef60ef70ef80ff905fd01ffff00fe01ff0001fd06f913ef14f015f116f217f317f317f418f519f519f61af61bf71bf71af71af81af819f819f819f719f618f518f517f417f416f417f317f317f2
1041,174706608,-46,11,256,1,0,0,9660090004ff01f8fff3fdedfbe9fae5f9e2f9e1f8e1f8e2f9e4f9e7faebfbf0fbf6fbfcfa01f806f60af40ef310f111f012ef11ee10fb04000000000000000000000000000000000000fc00ef00ebffe6fde2fbe0f8dff6dff4e1f3e4f3e9f4edf6f3faf8fefd030208070d0a120d161019121b131c131c121b111810150e11cb00f409f409f509f509f509f609f609f609f709f709f70af70af70af709f709f709f708f708f708f707f707f706f705f705f704f704f703f703fc01ff0000ff00ff00ffff01fc04f70bf60bf50af509f409f308f308f208f207f207f207f207f206f106f106f106f106f206f206f206f206f207f307f307f408f408f408f408
1042,174716245,-45,11,256,1,0,0,b6600b00040003fa02f402ef02ea01e701e501e301e301e401e600e900edfff1fef6fcfbfa00f704f507f20af00bee0bed0bec0aec09fb02000000000000000000000000000000000000fcfff1fbeef9eaf6e7f4e6f1e5efe6ede8edebeeeef0f2f3f6f7fafcfd020007020d04120616071a081c091d091d091c081a07160713cf00ec11ed12ee12ee13ef13f013f013f113f213f213f313f313f313f313f313f313f312f311f310f30ff30ef30df30df30cf20bf20af108f108fa02fe0000ff00fe00fffe02fa07ef13ee13ed12eb11eb10ea10e90fe90fe80ee70ee60de60de50de60de60ce60ce70ce70ce70ce80de80de90ee90eea0fea0fea10ea10ea11
1043,174720686,-45,11,256,1,0,0,b6600b00020306ff0bfc0ff813f615f417f218f118f117f215f313f40ff60bf706f901fafcfbf7fbf3faf0f9edf8ecf7ecf6ecf5edf5fbfd000000000000000000000000000000000000fefcfbf1fbedfbe9fce5fde2ffe101e102e203e504e903ee01f3fff9fcfff904f60af20ef011ee14ec16ec17ec17ed16ef15f112f410cc00e9f4e8f4e8f4e8f5e8f6e9f7e9f7e9f8e9f8e9f9e9f9e9fae9faeafaebf9ebf9ebf8ecf8ecf7edf7eef7eff7f1f7f2f6f2f6f3f5f3f5f4f4fbfbfefe000001000000fdfff6fde6f8e6f7e7f5e8f3e9f2e9f1e9f0e9efe9eee9eeeaedeaedebecebecebebebecebecebedebeeebeeebefebefeaf0eaf1e9f1e9f2e9f2e9f2
1044,174723262,-46,11,256,1,0,0,b6600b00020406000bfb0ff812f515f317f218f118f117f115f212f30ff50bf706f901fafcfbf8fbf4faf0f9eef8ecf7ecf6ecf5edf4fbfd000000000000000000000000000000000000fefcf9f2f9eef8eaf9e6fae3fbe1fde1ffe200e501e901ed00f3fef9fcfffa05f70af40ff213f016ee17ed19ee19ef18f016f313f410cf00e8f7e8f8e8f9e8f9e8f9e8fae8fae8fbe9fbe9fce9fde9fde9fde9fdeafceafcebfbebfbecfaecf9edf9eef9eff9f0f8f1f8f2f7f2f6f3f6fbfcfefe000001000000fd00f6ffe6fde6fbe7fae7f8e7f7e7f6e7f5e7f4e7f3e7f2e7f1e7f1e8f0e8f0e8f0e8f0e9f0e9f1e9f1e8f2e8f2e8f3e8f3e8f4e8f4e7f5e7f5e7f5
1045,174724713,-45,11,256,1,0,0,b6600b00030306fe09f80cf40ef111ee12ec13eb13ea12eb11ec0fef0df109f405f701fafcfbf7fcf3fdeffcecfbebfbeafaeaf8ebf7fafd000000000000000000000000000000000000fdfdf4f6f2f3efefeeeceee9eee6f0e5f2e5f4e7f7eaf9eefaf4fbfafc00fb06fb0cfa12f916f91af81cf81df81ef81cf91afa17fb14d300e7f9e6f9e6fae6fae7fbe8fbe9fbe9fbe9fbe8fce8fde8fde9fde9fdeafceafaeaf9ebf9ebf8ecf8eef8eff8f0f7f1f7f2f6f2f5f3f4f3f4fbfbfefe000001ff00fffd00f702e605e704e602e600e6fee6fce5fbe5fae4f9e5f8e5f8e6f7e6f7e6f6e6f5e6f5e6f5e6f5e7f6e7f6e8f6e7f5e7f5e7f6e6f8e6f9e7f9e7f9
1046,175490417,-24,11,128,1,0,0,2ff662410c010b04fffbf2fcf7050808080e070f0a0b0008f703fafcfcf9fefb02fafcf6f8f601f906000203fcfcfaf9fbfafafaf7fcfdff000000000000000000000000000000000000fd03f907fdfffd00ff0201070009050006ff020604ff0ef318f316fe0a09080e0c08090001fe00f8feeafae7fbedf4f1eff500fe1409
1047,175525015,-25,11,128,1,0,0,a9955a410eee14e506e8f7eff1f9f9020205fd03fb08fe14fd16f60cf40cf912fa0cfffc06f404f8fdfcfc0105030a010b000aff0201ff00000000000000000000000000000000000000ff00fdfcfef8fcfbf8fbfdf8fff9fc0002040b040c0400fcfaf005f11102140d1209090a010af802f3f9f3eff5e7f4e1f9e6fff2fcf1
1048,175540548,-27,11,128,1,0,0,dccffd410bf608ff040002ff01f7fdf7f6f9f9f4fbf9f4fbfcf304eb02f104030309fd02fefb04fa0300ff03fc03fb0afa0bf904f805fd02000000000000000000000000000000000000fffe00ff03010afd09fbfdfcf8feff090a0a05fbf3faef08ef0ef40008f116ed10f8020bfc12f70bf504fd0b080c0ef408eaf7f3e9e9
1049,175562829,-28,11,128,1,0,0,dbb00d41fffbfe0406070906000df70cf50bf60ffb0701fa03fafffdf7fbf7fefd09010c0007ff06fc08fa06000104fd0100ff03000200000000000000000000000000000000000000000001040206ff0403ff09fe0a030505fffdfff8fdfff500f8fe0404fefdf7eefbeffef2fff000edfdf3f900f9fef5f7f4f6fefa04040b
1050,175588914,-28,11,128,1,0,0,bbb55b4112fd07020604060408010a010302fb0100fe03fcfcfcf9fcfdf8fffbfbfffcfd00ff01040104020105000200fd02fd0000f900fd000000000000000000000000000000000000ff01000301010303040401fffdfe02020a010a0007ff01fcf8faf9f900f502f8fb04f308f70402fc0bfc0c01ff06f60ef90df400eef9
1051,175606969,-27,11,128,1,0,0,a3377a410919030ff00ced08f1ffe900ed08f601f8eafce7f8f7f0fbf5fff801f1f4eeecf4eff9fbf307f80608000aff0002fc0100fb00fe000000000000000000000000000000000000ff01010a0110ff0dff0af910f70d08060b0101fe1006180a0807030a030500f405e708f011fc18f918f11bf212ef05ee01fb04ff0efd
1052,175607253,-26,11,128,1,0,0,a6622a41020709060306fa06fa02fffffd0401000afd0506ff06fcfbf5f8f700fe0303fc06fd0804060403050106010102fd05020608010200000000000000000000000000000000000000fd01f703fa04fc04fdff00fd07fe0900070107fe07fe07010202fa02fe05050602fefdf001ed03f80200fcfdfbf608fa110512080f
1053,175607980,-26,11,128,1,0,0,3550034109fa01fa0ffc0bf6f0f0eef704fa09fe0208000a0000fbf5f7fefc0d020904fa07fb02fdfaf6f8f8fbfdfbfbfdf402f303fb00ff000000000000000000000000000000000000fa02eb0af20afb07000004fd0403070009f90a0014081505110a1611170f060ff607f3f303e10fe004ef0a020d0c020309f616eb19dc
1054,175629379,-27,11,128,1,0,0,877cc841061102070005030502fefdfef704f70504020cfc05fa01fd01fd0200fd0cfc0b07040507fc060003040504070307010300fe00ff00000000000000000000000000000000000000fd04f905040305010202030004fa06fc0406fe09fe07ff04fe0001f907f40bf307f9fe02fb03fafcfafafff500f102f90804090a07
1055,175921912,-91,11,128,1,0,0,9cc229410002000200010000000101020202000000fe02fd00fcfefdfdfbfcfdfc03fc06fb06f903fd020201fe00fb01fdff01fc02f800fd000000000000000000000000000000000000fffffdffff0100ff00fb01fe0a06110909040103f505ea01f5ff00fe00fcfffc01fe00ffff00fe01000202ff01fcfefafffe030203ff
1056,176439960,-90,11,128,1,0,0,55577541050a0102fdfefe01000101ff00000003040306000200fb01f700fdfe04ff0305000600ff00fdff00fe0201020201ff02fb04fe01000000000000000000000000000000000000fefffdff00ffff00fd00ffff01feffff01ff0601060104fe03ff0302010100feffffff0102000200fe00ff01ff03fe0205ff0afd05f8
1057,179234357,-92,11,128,1,0,0,7dd66741fffd00fe02ff01fcfcfbfcfc00fa00f8fbf8f9f2f9eff6f2faf900fffa01f7fefdf9fff9fffbfffdfd00fc01f801f502f504fd01000000000000000000000000000000000000fffefefcfdffff0001010100fe00fdfffefd00fe000000010000ffff000002010101fe01ff0102000200ff00fefffffd01fc00fdfe00
1058,180330677,-93,11,128,1,0,0,4ff11400f8f5f7f8f9fff902fa02fc04fb08f909fb0afc0dfc0efc0cfb0cfc0cfd0afd08fe060103010001ff03ff040005ff08ff0801020000000000000000000000000000000000000001000502030201010202050209030a050a040a03090407050503040103ff01fb01f903f803f900fafcfbf7f8f7f4fbf3fbf4f9f4f9f2
1059,180915762,-38,11,256,1,0,0,76600741fcf6fdfcfe02fe08ff0eff1200160019011b011c021c021a021702140210020b0307040205fd06f906f607f308f109ef09ef02fb0000000000000000000000000000000000000100060408060a0a0b0d0c100c120c150c160b1608140612040f030a0105ff00fdfafcf5fbf0faecf9e7f8e4f8e3f9e3f9e4f9e5f9e7fdf6f8e4faeafbf2fcfafd02fd09fd10fd16fd1cfc21fb24fa25f824f722f51ff41bf217f113ef0ef008f103f2fef3f9f4f6f6f3f7f1e0ffe2fdfafffeff00ffff00ffff00ff02fe0dfa0cfc0a020a060a0a090d0810061203130013fd11fa0ef60af304f0fdeef6ecefebe9ebe2eadcebd7ead3ebcfeccfeed0f0d2f2d4f4d8
1060,180919318,-38,11,256,1,0,0,7660070006f901fcfc00f703f306ef09ec0cea0ee90fe810e910ea10ed0ef00cf40af808fc060004040208000cff0efe10fd12fd13fd04ff000000000000000000000000000000000000ff01fe06fc09f90cf60ef410f211ef12ee12ee11ef0ff00cf209f606fa02fffe03fb08f80cf50ff213f015ee16ed16ed15ee14ef13f007fa16ee11f20af703fbfcfff603f006ea09e50be00ddd0ddc0ddc0bdd09e006e202e5ffe8fbecf7f1f4f6f2fbf0ffef02ee06ee08eef1e4f4e4fefbfffe0000ffffffff00000102090c060b000bfc0cf80df50df20df00bee09ed06ee02effff2faf6f5fcf002eb08e70de413e118de1cdd21db24da25db25dd23df21e21fe5
1061,180925862,-42,11,256,1,0,0,7660070001f5fffbfd02fb09fa0ff914f819f81cf81ff820f920fa1ffb1cfc18fd14ff0f0109030306fd08f80bf40df110ee11ed13ec04fb00000000000000000000000000000000000000010308020c0010fd14fb18f91bf71cf51cf41bf418f414f610f80afb05feff01fa04f406ef08ea0ae60be30be10be10be109e308e5bb000df70df70df70df80df80cf70cf70cf70cf70bf70bf70bf70bf70bf70cf70cf80bf80bf90bf90bfa0bfb0bfb0bfc0bfc0bfd0bfd0bfe0bff03ff0100ff00ff00ff0000fe03fb09f40af50af50bf60cf60cf70df70df80ef80ef90ef90ff90ff90ff90ffa0ffa0ffa0ffa0ffa0ffa0ffa0ef90ef90ef90ef90ef90ef90ef9
1062,181023564,-43,11,256,1,0,0,76600700050b050305fc05f504ef04e904e404e004dd04dc04dc04de03e102e401e9ffeefcf4f9f9f6fef202ef06ec08e909e70ae50af902000000000000000000000000000000000000fe00f800f4fdf0f9ecf5eaf1e9ede8eaeae8ece7efe7f2e9f6edf9f2fcf8fffe0105020b04110517061c071f0721072207220720071dd300f60cf60cf60cf60cf70cf70cf70cf80cf80cf80bf80bf80bf80bf80bf80bf80af80af709f709f708f708f707f707f706f706f705f704f604fc01fe0000ff00ff00ffff01ff05fd0efc0efb0ef90ef90ef80df70df70df60df50df50df40cf40cf40cf40cf40bf40bf40bf40bf40bf40bf40bf50bf50bf50bf50cf50cf50c
1063,181024970,-43,11,256,1,0,0,76600700faf6fafcfb03fc09fc0ffd14fd19fd1cfd1efd1ffd1ffd1efe1cff180014010f030a060509000cfc0ef911f713f615f517f505fd00000000000000000000000000000000000001ff06ff0a010e041107140b150e16111513131410140d120a0f070b03060101fefbfcf5faf0f9ebf8e7f7e4f6e2f6e1f7e2f7e3f7e5c90010ea10ea10e910e90fe90fe90ee90dea0cea0cea0cea0cea0cea0cea0ceb0cec0cec0ded0dee0def0df00df10ef20ef30ef40ef50ff60ff705fd01ffff00ff01ff0000fd02f607e509e60ae70ce70ee80fe810e811e812e913e914ea14ea15eb16eb16ec16ec16ec15ec15ec14ec14eb14eb13eb13eb12ea12ea12ea13ea
1064,181046801,-43,11,256,1,0,0,76600700080b070407fd07f608f008ea09e50ae10bdf0cdd0cde0bdf0be109e507e904ed00f1fbf5f6f8f2faedfbeafce6fbe4fae3f9f8fe000000000000000000000000000000000000fe00f903f503ef03ea02e500e2fde0fadff7e1f5e4f4e8f3edf5f2f7f7fbfc000005040b07100a150c1a0d1d0e200e210d200c1f0c1cd000f70bf60bf70bf70bf70bf80bf80bf80af80af80af80af90bf90bf90af80af80af809f809f808f808f808f807f806f806f705f705f704f703fc01fe0000ff00ff00ffff01ff05fd0efc0efb0dfa0df90df80cf80cf70cf60cf60cf50cf50cf50bf40bf40bf40bf40af40af40af50af50af50af50af50af50af60af60af60a
1065,181047545,-92,11,128,1,0,0,4ff1140002f4fff6fefafcfefcfefcfaf8f8f5faf6f9f7f6f6f8f6f8f8f7faf7faf9faf8fbf8fefc00ffff00fd02fc03f901f700f800fe00000000000000000000000000000000000000ffff00fd00fd01fe04fe06fc07fb08fa07fa07fc0aff0b010a01070105ff04fd02fd01fbfff9fff501f102ef02ee03ec05ea07ea06eb
1066,181053315,-43,11,256,1,0,0,76600700f2fff703fc07010b050f09130b170d190e1b0f1d0e1d0e1c0c1a0b170a13090e09090a040bff0dfa0ff711f413f315f317f305fc00000000000000000000000000000000000000fe00f902f605f108ee0ceb10ea13ea16ec17ee16f015f311f70df907fb01fcfbfcf5fceffceafbe6fae3f9e1f8e0f7e0f7e2f8e5f8d300fbe7fbe6fbe6fae6fae7fae7f9e8f9e8f9e9f8e9f8eaf8eaf8eaf8eaf9eafaeafaebfbebfbebfcebfcecfdecfeedffed00ee01ee02ee03ef01fa00feff0000010000fefdfbf8f3e9f4e8f6e8f7e7f9e6fae6fbe5fce5fde4fde4fee3fee3ffe3ffe300e300e300e400e400e400e4ffe4ffe5fee5fee5fde5fde6fde6fde6
1067,181054910,-43,11,256,1,0,0,766007000b0207fe03f900f5fdf1fbedf9e9f8e6f7e4f7e3f7e3f8e4f8e6f9e9f9edf9f1f8f6f7faf5fef302f105ee06ec07ea07e907fa01000000000000000000000000000000000000ff00fe05fc08f90bf50ef10fee0feb0fe90ee80ce909eb07ee04f303f802fe02030308040d0612071509180a190b1a0c190c170b160bd500021602160216021602150315031504150414041404130313031303140314031303130212021201110011ff11ff10fe10fe0ffd0ffc0efb0dfe04ff0100fffffeffff010203070914081407150516041703170317021701180018ff19ff19fe19fe19fd19fd18fd18fd17fd17fe18fe18ff18ff1700170017001700170017
1068,181063288,-43,11,256,1,0,0,76600700f5f7f6fdf703f709f70ff714f618f51bf41df31ef21ef31cf31af517f714fb11ff0d030b07090c090f081209140b160c160e050300000000000000000000000000000000000000ff03fb06f80af50ff413f317f41af51cf81cfa1afd17ff13000e0009ff03fcfef9f9f6f4f2f1efeeecede9ece7ece6ede5eee7efe8e1000aea0aea0aea0aea0aea09ea08ea08ea07eb07eb07eb07eb07eb07eb08ec08ec08ed09ed09ee09ef09f009f10af20af20bf30bf40cf50cf604fc01ffff000001ff00fffdfff700e702e703e705e807e808e809e809e70ae80be80ce80de90ee90ee90fe90fea0fea0fea0fea0eea0eeb0eea0dea0dea0cea0cea0cea0cea
1069,181064629,-43,11,256,1,0,0,76600700fdf2faf7f7fcf301ef05eb09e80be50de30ee20ee20de30ce50be80aec0af009f509fa0afe0c020f05110614071607180619010600000000000000000000000000000000000001ff05fe09fe0efe1300170219051a081a0b190d160e130e0f0c0b09070404ff02f901f400ee00e900e500e201e002df02e003e203e4e7000bfb0bfb0bfb0afb0afa0afa0afa09fa09fa09fa09fa08fa08fa08fa08fa08fa08fa08fb08fb08fc08fc08fc08fd07fd07fd07fe07fe07ff02ff00ffff00ff00ff0001ff03fd09f90af90afa0afb0bfb0bfb0bfc0bfc0cfc0cfd0cfd0cfd0dfd0dfe0cfe0cfe0cfe0cfe0cfe0cfd0cfd0cfd0cfc0bfc0bfc0bfc0bfc0bfc
1070,181078314,-43,11,256,1,0,0,9660090007f201f3fcf3f7f3f2f2edf0eaefe8ede6ebe6eae7eae8eaeaebecedeeeff0f3f1f7f1fbf0ffee02ec04ea06e806e605e504f901000000000000000000000000000000000000010007000aff0f00130216051808190c180f1611131110110d0e0a0a0805070008fb09f60af10ded0fea11e813e714e715e814e913ebee001207130813081308130712071207110611061106110511051105110510060f060f070e070e080e080d080c080b080a080a0909090909080a03030001fffffe00ffff02ff07ff15fe15ff150115021504150515061507150815081509150a140b140b140c140c130c130b130b130b130a130a130a130a1309130913091309
1071,181091884,-42,11,256,1,0,0,76600700effbf100f206f30bf210f114f017ee19ec1aeb1aea19eb18ec16ee13f112f410f810fc10ff110213031504180419021b011c0007000000000000000000000000000000000000fffefef9fcf6fbf1fbedfce9ffe602e405e308e409e709ea09ee06f102f4fef7f8f8f3f8eef7eaf6e7f5e4f3e3f1e3f0e4efe6f0e8f0ee0002ec03ec03ec03ec03ec03ec02ec01ed01ed01ed01ee01ee02ee02ee02ee02ee02ef03ef03f003f104f105f205f205f305f306f407f607f602fc01ffff0000010000fffefdf9faedfcecfdecffeb00eb00eb01eb02ea03ea04ea05ea05ea06ea06ea06eb06eb06ec07ec07ec06eb06eb05eb05eb04ec04ec05ec05ec05ec
1072,181126296,-43,11,256,1,0,0,76600700110310ff10fb11f712f414f216f018f019f01af11af219f317f515f513f510f50ef30df10cef0ced0dec0fec10ed12ed14ee05fb00000000000000000000000000000000000000010406060709080b0a0c0e0d110c140a160817051603150312030f040c070a0a080d0611061406170719081a091a0a190b180b170afc00fa0bf90bf90bf90bf90bf90bf90bf90bf90bf90bf90bf90af90af90af90af809f809f808f807f806f705f705f704f704f703f703f702f702fd00ff0000ffffffffff00010104040c030d020d000dff0dff0efe0efd0efd0efc0dfb0dfb0dfa0dfa0df90df90df90cf90cf90cf90cf90cf90cf90cf90cf90cf90cf90bf90b
1073,181127786,-43,11,256,1,0,0,766007000ffe0dfb0df70cf40df10eef0fed11ec12ec12ec12ed12ef11f00ff10df20bf209f107f006ee06ed06eb07eb09eb0beb0cec03fb00000000000000000000000000000000000001010504070409050c070d090e0c0e0f0d110b1209120811060f060c060908070a040d02100112011501170118021903180416041504ee00fe0bfe0bfe0bfe0bfd0bfe0bfe0bfe0afe0afe0afe0afe0afe0afd0afd0afd09fc09fc09fc09fc08fb08fb07fb06fb06fa05fa05fa04fa04fd01ff0000ffffffffff00010203050a050a040a030b020b020c010c010c010c000cff0dff0dfe0dfe0dfe0dfe0cfd0cfd0cfd0cfd0cfd0cfd0cfd0cfd0cfe0bfe0bfd0bfd0b
1074,181130691,-43,11,256,1,0,0,76600700ed05ef08f00cf110f113f016ef18ee19ec1aeb19eb18ec16ed14ef13f112f412f613f814fa16fa17f919f81af61af419f218fc06000000000000000000000000000000000000fefef8fbf6fbf3fbeffaedf7ebf4ebf1eceeeeecf0ecf2ecf4eef5f1f5f5f4f9f2fcefffec01e802e502e302e201e100e1ffe3fee4fef900fff2fff2fff2fff200f200f2fff2fff2fff300f300f301f301f301f301f301f301f301f402f402f503f503f604f604f705f805f905fa06fa02fe00ffff0000000000fefefcfcf6f5f7f4f8f3f9f3f9f2faf2faf1fbf1fbf0fcf0fdf0fdf0fef0fef0fef0fff0fff100f100f100f000f0fff0fff1fff1fff100f200f201f2
1075,181138608,-43,11,256,1,0,0,76600700120211ff11fc12f913f715f516f418f319f319f419f519f617f715f714f712f611f510f310f211f112f113f114f215f416f605fd00000000000000000000000000000000000001010405060509050c070e090f0c0f0f0e110d130b1409130711060f070c080a0a070d06100513041505170618071908180817091609f200fc09fb09fb09fa09fa09fa09fb09fb08fb08fa08fa08fa08fa07fa07fa06f906f905f905f905f904f903f903f902f901f901f900f900f900fd00ffff00ffffffffff00010203050a050a040a030b020b010b010b000c000cff0cfe0cfe0cfd0bfc0bfc0bfc0bfc0bfc0bfc0bfc0bfc0afb0afb0afb0afc0afb0afb0afb09
1076,181146407,-43,11,256,1,0,0,7660070007ec04ec01ebffe9fde8fce6fbe4fbe3fce2fce1fde2fee3fee4fee6fee7fde9fbe9fae9f9e9f9e8f9e7fae6fce5fde5ffe500f900000000000000000000000000000000000001fe07fb07f908f609f30cf10ff112f115f216f417f616f815fa12fa10f90df80bf50af209ef0aec0aea0ce80de70ee70fe70fe80fe8ff00080308030804070507050705070507050705070506050605060606060506050604060406030602060107010700060006ff05ff05fe05fe04ff01ff0000ffff00ff0001ff03fd0bfa0bfb0bfc0bfd0cfe0cfe0cff0cff0c000c010c020c020c030c030b030b030a040a040a040a040a040a040a0409040904090409040804
1077,181165814,-43,11,256,1,0,0,966009000213051308130a130c130e140f150f160f170f170e170d170c150c140c130c120d110e110f110f120f130e140c150a1609160205000000000000000000000000000000000000ff01fc08fd09fe0cfe0efd11fb14f915f616f415f214f212f210f30ef60df80dfb0efd10ff12001401170119001aff1bff1bfe1aff19f400f8fef7fef7fef7fef7fef8fdf8fdf8fdf9fdf9fdf9fdf9fdf9fdfafcfafcfbfbfbfbfbfafcfafcfafdfafdfafefafffafffa00fb00fb00fb00fe00ff000000ff00ffff01fd03f909f809f708f707f607f606f606f605f504f504f503f403f402f402f401f501f501f500f500f500f600f600f600f600f6fff7fff7fff7ff
1078,181168826,-43,11,256,1,0,0,9660090009110b100e0e100e120d140e160e160f160f161015101410130f130d120c130b130a1409150a150a150c150d140e120f11100404000000000000000000000000000000000000ff02fe080009020b020e02110114ff16fd17fb17f916f815f813f911fb0ffd0f000f030f051107130815091709180819081907180717fd00f800f700f700f700f800f800f9fff9fff9fef8fef8fef9fff9fffafefafdfafdfafcfafcfbfbfbfcfcfcfcfcfdfbfefbfefbfefbfefafffbfffeffff000000ff00ffff01fd03f909f909f808f808f707f706f606f605f505f505f505f504f503f503f502f502f502f502f602f601f601f601f601f601f601f701f700f800
1079,181189566,-42,11,256,1,0,0,36655300ef0df00ff111f213f215f116f117f017ef17ef17ef16f015f114f213f414f514f515f516f517f417f217f116ef14ee12ed10fb04000000000000000000000000000000000000fd00f501f403f304f005ee05ec05e903e801e8ffe8feeafdebfdedfeeeffef01ef03ee06ed08eb09ea0be90be80be70be70ae80ae90b0301fefafefafef9fff9fff8fff8fff8fff8fff900fa01fa01fa02f902f901f801f901f902fa03fa03fa03fa04fb04fb04fb04fc04fd05fe05ff01ff0000ff0000000000fefffcfff6fdf7fdf7fcf7fbf7faf7faf8faf8faf9fafaf9faf9faf8faf8faf8fbf8fbf9fcf9fdf8fdf8fdf8fdf8fcf8fcf9fdf9fef9fef9fef9fef8
1080,181216988,-42,11,256,1,0,0,96600900f0f3eef5ebf6e9f6e7f6e6f5e5f4e5f4e6f3e7f3e9f3eaf5ebf6ecf8ecfaebfce9fde8fee6fde5fbe5f9e5f7e7f5e9f3ebf2fbfc000000000000000000000000000000000000fffdfdf4fcf3fcf2fbf0fbeefcecfdebffea00ea01eb01ec00edffeffdeffbeff9eff7eef6edf4ecf4ebf3eaf3e9f4e9f4eaf4ecf4edf900080108010801080108010801080208020802080208020802080208020803080408040805080507050706060605060507050704070407030701020000ffffff00ff0000ff01fe03fa03fb04fb04fb04fc05fc05fd05fd05fd06fe06fe06fe06ff06ff06ff0600070007000600060006000600070007000700070007010701
1081,181221375,-42,11,256,1,0,0,966009000df40cf20cef0ced0ceb0dea0eea0fea0feb0fec0eed0dee0bef09ef08ef06ee05ec06ea06e908e809e90bea0deb0fee0fef03fc00000000000000000000000000000000000002000a000bff0cff0eff0fff1100120112031204110410040f030f020f000fff0ffd10fb12fa13f914f915f915f915f914f913f912f9fb00fc05fc05fc06fc06fc06fc06fc06fc06fc06fb06fb06fb06fb06fa07fa07fa07fa07f906f906f905f905f904f804f803f803f802f701f701fd00ff0000ffffffffff00000101030302040204020401040105010500050005ff05ff05ff05ff05fe05fe05fe05fe05fd05fd05fd05fd05fd05fd05fd05fd05fc05fc05fc05
1082,181226157,-42,11,256,1,0,0,76600700f9edf6edf4ecf3ebf1eaf1e9f1e8f1e7f2e7f3e7f4e9f4eaf4edf4eef2f0f1f1eff1edf0edefededeeebefe9f2e8f5e8f7e8fefa00000000000000000000000000000000000001fd04f504f404f205f106ef07ee09ee0aee0bef0bf00bf00af108f107f105f003ee02ed02eb01e902e802e702e702e702e802e901eaf6000405050505050506050605060506050605060506050605070507050705070508040804080309030902090209010901090008ff08fe08fe08ff03ff0000ffff00ff0000ff01ff04fd04fd04fe05fe05ff05ff05ff050005000501050105020502050205020503050305030503050305030503050404040404040404040505
1083,181249698,-41,11,256,1,0,0,76600700f3eef0eeeeeeecedeaeceaebeaeaeaeaebeaeceaedeceeedeff0eef2edf4ecf5eaf5e8f5e7f3e6f1e7efe9edebebeeeaf1eafcfa00000000000000000000000000000000000000fc01f201f101f001ee02ed03ec04eb05eb06eb06ec06ec05ed03ed02ed00edfeecfdeafce9fce7fbe6fbe6fce6fce6fbe7fae9faeafd00040704070507050605060407030704080408050805080507050704080409030a030a030b030a030a02090109000aff0aff0aff0afe0afe09ff03ff01ffffff00ff0000ff01ff04fe03fe03fe03ff03ff04000401040104010401040104020302030304040404040404040404030403050305030604050405040504050306
1084,181269985,-41,11,256,1,0,0,76600700f710f912fa14fa15fa17f918f819f818f717f716f815f913fb12fd11ff1101130214021501170018fe19fb18f917f715f614fd04000000000000000000000000000000000000fd00f403f303f204f104f004ef04ee03ee02ee02ee01ef02f002f003f105f107f008f00aef0bee0bed0ced0ced0cee0cef0cf00cf20c000103fa03f903f903f803f803f803f803f704f704f704f704f704f705f705f705f705f706f706f706f806f806f907fa07fa08fb08fb08fc08fc03fe00ffff0000000000fffffffffefdfefdfefdfefdfefcfefdfffcfffcfffc00fc00fb00fb00fb00fb00fb00fb01fb01fa01fa01fa01fa01fa01fa02fa02fa03fa03fa03fa
1085,181271760,-41,11,256,1,0,0,7660070012071406160518041a041b051c051b061a071907170615051403130113ff14fd16fb18fb19fb1bfd1cff1b021a041807170805020000000000000000000000000000000000000103040c040d050e050f0510051204130313031302120212031104100610080f0a100b100d110e120e130e130e130e120d110d100e0ef700f8fef7fef7fef7fdf6fdf6fef6fef6fff6fff6fef6fef5fef5fdf5fef5fef5fdf5fdf5fcf6fbf6fbf5fbf6faf6faf7faf7faf8f9f8f8f9f7fdfcfffe000000ff00ffff00ff00fe01fd01fd01fc01fc02fc02fc02fc01fc00fb00fb00fafffafffa00fafffbfffafefafef9fef9fef9fef9fef9fef9fef9fef9fdf8fdf7fd
1086,181273838,-41,11,256,1,0,0,76600700eff4edf5ebf5e9f5e7f4e6f3e6f3e6f2e7f1e9f2eaf3ecf4edf6edf9ecfbebfde9fee7fee6fce4fae4f8e5f5e7f3eaf2ecf1fbfc000000000000000000000000000000000000fffcfef2fdf2fdf1fdeffdeefeedffec00ec00ec00ec00edffeefeeefceffbeef9edf7ecf6ebf6eaf5eaf5e9f5e9f6eaf6ebf5edf5ef03010704070407040704070407040705070507050805080508050805080607070707070807080708060806080509040903090309020a020a010a00030001ffffff00ff0000ff00ff02fd02fd02fd02fe03fe03ff03ff03ff04ff0400040004010401040104020402050205020502040205030503050305030603060406040604
1087,181356736,-38,11,256,1,0,0,3665530011031401170119001b011c031c041c051b05190616051404120210ff10fc10fa11f713f615f617f618f818fa18fc16fe150005000000000000000000000000000000000000000103050d050e050f0510041104120313031203110310040f060e080d0a0d0c0d0e0e100f111011121113111310130f120e110e0f0e0cfd00f4faf4faf4faf4faf4faf4faf5f9f4f9f4f9f3faf3faf3faf4faf4faf4f9f4f9f4f9f4f9f5f9f6f9f6f9f7f9f8f9f8f9f8f9f8f8f9f8f9f8fdfdffff000000000000fffffefffbfffcfffbfffbfefbfefbfefafefafefafefafdfafdfafdf9fcf9fcf8fbf8fbf8fbf8fbf8fbf7fbf7faf7faf6fbf6fbf6fbf6fbf6faf5f9
1088,181357068,-38,11,256,1,0,0,b6600b001202140017ff19ff1b001c011d021c031b04190417041403120110fe10fb10f811f613f514f416f517f717f817fb16fd15fe05ff0000000000000000000000000000000000000103060c060d060e060f061105120512041204110410050f070e090d0b0c0d0c0f0d110e120f131013111212111210110f0f0f0d0e0bfc00f5f9f4f9f4faf4faf4faf5faf5faf4faf4faf3faf3fbf4fbf4fbf4faf4f9f4f8f4f8f4f8f5f8f6f9f7f9f7f8f8f8f8f8f8f8f8f8f9f8f9f8fdfdffff000000ff0000ff00fe00fcfffcfffcfffcfefbfefbfefafefafef9fef9fdf9fdf9fcf9fcf8fcf8fcf7fcf7fcf7fcf7fbf7fbf7faf6faf6faf6fbf6fbf6fbf6fbf5fa
1089,181359602,-39,11,256,1,0,0,b6600b00070f0b100e11101311151116111710170e170d150c130b110b0e0c0b0e0810061306160618071909180c170f1511121210120304000000000000000000000000000000000000fd02f50af40af30af20af10af00af009f008f108f208f409f50af70bf80df90ff911f914f915f816f817f717f716f814fa13fc12fe10fa00fef4fdf3fcf3fcf3fcf3fcf3fcf3fcf3fcf3fbf3fbf3faf3faf3fbf3fbf2fbf2fbf2fbf1fcf1fcf2fdf2fef2fff3fff300f300f301f302f300fb00fe000000000000fffffffefdfbfdfbfefafefafefafffafff9fef9fef8fef8fef8fff8fff8fff7fff7fff6fff6fff6fff6fff600f5fff5fff4fef4fef4fef4fef4fdf4
1090,181400860,-39,11,256,1,0,0,b6600b00070f0a100d120f141116111710180f180e170c160b140b110b0e0c0a0e0810051305160519061a081a0b190d160f141112110404000000000000000000000000000000000000fd02f408f308f108ef08ee07ed06ed06ee05ef04f105f306f407f609f70cf70ff711f713f615f516f516f416f515f514f712f911fc0ffe0001f200f1fef1fef2fef2fff2fff2fff1fef0fef0fdf1fdf2fdf2fef1fff1fff0fff0fff0fff0fff100f201f202f203f203f204f204f205f301fb00feff0000000000fffffffdfdf9fef9fef9fff900f900f800f700f700f700f700f701f702f702f602f502f502f502f502f503f503f502f401f301f301f301f301f402f4
1091,181410868,-39,11,256,1,0,0,966009000f081207160719071b081c081c091c0a1a0b180a160913071204100110fd11fa13f816f618f61af71cf91cfc1cff1a0219030601000000000000000000000000000000000000fe03fb0dfa0ef910f810f611f510f410f40ff50ef60df80cfa0dfd0d000f02110313041505170518041904190418031604140511060ffa00f6f7f6f7f5f6f5f6f5f7f4f7f4f7f4f8f4f8f4f8f3f9f3f9f3f8f2f8f2f8f2f7f2f7f3f7f4f6f4f6f5f6f5f5f6f5f6f5f7f5f8f4f8f4f9f4fdfbfffe000000000000fffffefefafcfbfcfafbfbfbfbfafbfafbfafbf9fbf9fbf8fbf8fbf7fbf7fbf7fbf7fbf6faf6faf6faf6f9f6f9f6f8f6f8f7f8f7f8f7f8f6f7f6f7f6
1092,181422002,-39,11,256,1,0,0,96600900fb10fd13fe16ff19ff1cfe1dfd1dfb1dfb1bfa1afb17fc14fe120110050f080f0b100d120e150d170b19091a061b031a01190006000000000000000000000000000000000000fcfff2fff0ffeffeedfdecfcecfbedfaeef9eff9f0faf1fcf2fef201f104f006ef08ed0aeb0bea0be90be80be90aea09ec09ef09f10af70003f403f303f203f103f103f103f102f102f202f202f202f103f103f103f103f104f105f105f106f206f206f207f307f408f409f609f609f703fd01ffff000000ff00fffffffdfff900f900f900f900f801f801f801f802f803f803f704f704f704f704f704f705f705f704f604f604f604f604f604f604f504f404f403f3
1093,181424312,-39,11,256,1,0,0,9660090000eefdecfbe9fae6fae4fae3fbe2fce2fde3fee5fee7fdeafbedf9f0f7f2f3f2f0f2edf1ecefebececeaeee9f1e8f4e7f7e8fefa00000000000000000000000000000000000003ff0efe0ffe11fe12ff1301140213031304110310020f010dfe0dfc0df90ef60ff410f211f013f014f014f014f113f111f20ef30bf3f900fb0bfb0cfb0cfb0dfb0dfb0dfb0dfb0dfb0efc0efd0efd0efd0efc0dfc0efb0efa0ffa0ffa0ffa0efa0df90cf80cf70bf70bf60af60af609fc03fe0000ffffff00ff000000020006ff06fe06fd06fd06fc06fc07fc07fc08fb08fb08fa08fa08fa08fa09fa09fa09fa09fa09f909f909f909fa0afa0afa0afa0bfa0bfa0b
1094,181532023,-27,11,128,1,0,0,dcc88d41fff401f80606050003f409ee0ae902f5fa06f408f404fe040403f7feed0af114f707fcf901f6fef8fbf8fef9fefeff0006fc02fe00000000000000000000000000000000000001fe03fbfffc02fbfffef90000fd03f9f7faebfde8f8f5f9fc02f3fef3fafcfbf6f7eaf1ebf5f601080c110a0a04fe04f6fcfdea0be2
1095,181586718,-38,11,256,1,0,0,b6600b00ff0d0310051307170719071b061c051c041b0319021702140310050c07090b060e051105130615071608160a140b120c110c0403000000000000000000000000000000000000fcfff3fcf1fbf0faeff8eef7eef5eff4f0f4f2f5f3f7f4faf5fdf501f404f208f00aee0cec0eea0ee90ee80de80cea0bec0aef09f208ef0006ee05ee04ee04ee04ee04ee04ee04ee04ee03ee03ef02ef02ef02ef03ef04ef04ef04ef03f003f103f204f304f304f305f405f405f405f501fc00feff00ff00ff0000ff00fd01f702f702f703f703f604f604f604f504f504f405f405f406f406f306f306f306f206f206f206f206f106f105f105f005f005f005ef05ef
1096,181609702,-38,11,256,1,0,0,9660090006f504f004ec05e806e507e308e309e40ae50ae709ea07ed05f001f3fdf5f9f6f5f5f1f4eff3eef1eeefefeef0edf2edf4ecfdfb0000000000000000000000000000000000000102060c060d060f061105130414031402130211020e030b050808050b030e011200160018001a011b021b031a041704150412031001eb00f10bf10cf10cf10df10df10df20df20df20df20df20df30df30df20df20df20df20cf20cf30bf30af30af309f308f307f307f306f405f405fb01fe0000ff00ff00ffff00fe02fb07fa07f908f908f808f808f708f709f609f509f409f409f30af30af30af309f309f30af30af20af20bf20bf20bf20bf20cf20cf20cf20c
1097,181613006,-38,11,256,1,0,0,9660090004f403ef02eb02e703e404e305e206e307e407e606e905ec02f0fff3fcf5f7f7f3f7f0f6edf5ecf3ebf1ecf0edeff0eff1effcfb0000000000000000000000000000000000000102060b070d070f071106120513041403120210030e040b060708040b020f0012ff16fe19fe1bff1c001c011a0218031502120010fff200ef0cef0cf00df10df10df10cf10cf10cf10cf10df20ef30df30df30cf20cf20cf20cf20cf20cf30bf40af409f408f408f307f407f406f406fb02fe0000ff00ff00ffff00fd02f907f907f807f807f707f607f507f508f408f408f407f307f308f208f109f109f109f209f208f208f109f109f00af10bf10bf10bf10bf10b
1098,181615040,-38,11,256,1,0,0,76600700fdf2faf0f7edf5eaf4e7f4e5f4e4f6e3f7e4f8e6f9e9faecf9f0f8f5f6f9f4fcf0ffed00ea00e8ffe7fee7fde8fbe9faebf9fafe00000000000000000000000000000000000002010c050d070e080f0a100c0f0d0e0e0d0d0c0c0a0a090709030aff0bfb0cf70ff411f214f116f017f118f117f216f413f610f70df7eb00f812f912f912fa12fa12fa12fa11fa11fa12fa12fb12fb12fb11fb11fa11fa11fa11f911fa10fa0ffa0ff90ef90df80cf80bf80bf90af90afd03ff0100ff00ff00ff0001ff03ff09fe09fd0afd0afc0afc0bfc0bfb0cfb0dfa0dfa0df90ef90ef90ef90ff90ff90ff90ff90ff80ff80ff810f910f910f911fa11fa11f911
1099,181618659,-38,11,256,1,0,0,7660070005f403ef03eb03e803e505e306e307e307e507e707e905ec03f000f2fcf5f8f6f4f6f1f5eef4edf2ecf1edf0efeff1eef3eefcfb0000000000000000000000000000000000000102070b080c080e081008120613051304120410040d040a060708040c010fff12fe15fe18fe1afe1bff1b001a0118021501120010fff100f40ef40ef40ff40ff40ff50ff50ff60ff60ff60ff60ff60ff60ff60ff60ff60ef60ef70ef70df70cf70cf70bf70af70af70af709f708f708fc02ff0000ff00ff00ffff00fe02fa08fa08f908f908f808f808f708f709f609f609f50af50af50af40af40af40af40af30af40bf40bf40cf40cf40cf40cf40df40df40df40d
1100,181621483,-38,11,256,1,0,0,96600900f506f40bf20ef011ee13ec14eb14ea13ea12eb10ed0ef00cf40bf80afd0a010b040e061008120814071606160417021601150005000000000000000000000000000000000000fffcfff2fff000ee01ed03ec04ec05ec05ee05f004f201f4fef5fbf7f7f7f3f7eff6ecf5eaf4e9f2e9f1e9f0eaf0ecf0eef2f0f4f2f7f00012fc12fb11fa11fa11fa11fa11f911f911f911f911f910f910f90ff90ff910f910f910f90ffa0efa0dfb0dfb0cfc0cfc0cfd0cfd0cfd0cfe04ff01ffff00ff00ff0000ff03fe09fc09fc09fd0afd0afd0bfd0bfd0cfd0cfd0cfd0dfe0efe0ffe0fff0fff0ffe0ffe0ffe10fe10fe10fd10fd10fc11fc11fc11fb12fb12fb
1101,181652815,-38,11,256,1,0,0,96600900f402f107ee0aeb0ce80de60ee40de40de40be60ae909ec08f107f507fa09fe0b010e031104140416031702180118ff17fe16ff0500000000000000000000000000000000000001fd07f409f30bf20df10ef110f210f310f40ef60cf708f704f700f7fbf5f8f3f5f0f2edf1ebf1e8f1e7f2e6f3e7f5e9f6ebf6eff7f2ef00150215021502140114011301130114011401140014001300130013001301130113011202110211020f020f030e030e030d030d040d040c0404010100ffffff00ff0001ff03ff0bfe0bff0bff0b000c010c010d010e010f010f010f020f031004100411041104110411031103110311031203120313021302130213021303
1102,181667714,-38,11,256,1,0,0,96600900f5f9f1fbecfce8fce5fbe3f9e2f8e2f7e3f7e5f7e8f7ebf8effbf2fef502f707f70bf70ff612f513f314f114f013ef11ef10fb0300000000000000000000000000000000000003ff0dfc0ffc11fc13fd14fe15ff1401130111020e010bff09fc06f904f502f101ed01ea02e703e504e406e306e506e706e904ed02f0ec000d0f0d0e0e0e0e0e0e0d0e0e0e0d0e0d0e0d0f0c0f0c0f0b0f0b0f0b0f0c0f0c0e0c0d0c0d0c0c0c0b0c0a0b090b090b080b080a070a070a02030001ffffffffffff00000202070607070708070807090809080a080b090b090c090d090d090e090e090e090e090e0a0e0b0e0b0e0b0e0b0e0c0e0c0e0c0f0d0f0d0f0e0e
1103,181673805,-38,11,256,1,0,0,96600900faf4f4f2f0f0ecedeaeae8e8e8e6e9e5eae5ece7eee9f1ecf3f1f4f6f4fbf301f205ef09ec0be90de70de60ce60ae607e706f90100000000000000000000000000000000000003010d060f081009120b120d120e10100f100d0e0b0b0a08090309fe0af90cf50ef111ed13eb15ea17ea18eb18ec17ee15f011f10ef2f1000416041604170417051705170516051605160615061506150715071507150615051505140414041303130312021102100110010f000fff0fff05ff01ffffffffffff00010103040b030c020c020d020e020e020e020f02100111011201130113011301130014001401140114021502150315031503160316041604170417
1104,181680713,-38,11,256,1,0,0,96600900fa09fc0efc13fd17fc1bfb1dfa1ef91ef81cf71af818f914fb10ff0d030a07070b061005130615071608160a150b140c120d0403000000000000000000000000000000000000fffcfff200f000ee01ec03eb04ea05eb05ec05ee04f102f4fff7fbf9f6fbf2fcedfceafbe7fbe5fae4f9e3f8e4f7e7f7eaf7edf9f0fbe70010f210f110f10ff10ff10ff10ff10ff10ff10ff00ef00ef00df00df10ef10ef10ef10ef20ef20df30df40cf50df60df60df70df70cf80cf904fd01ffff00ff00ff0000fe02fc06f607f708f708f709f70af70af60bf60bf50cf50df50df50ef50ff50ff50ff50ff40ff40ff40ff40ff40ff40ff30ff20ff210f210f210f2
1105,181683645,-39,11,256,1,0,0,96600900f7fbf2fdedfde9fde6fde3fce2fbe2fae3f9e6f9e8faecfbf0fdf400f803fb07fd0bfe0ffe12fe15fd16fc17fa17f915f914fe0500000000000000000000000000000000000002010b050c060e080f0a100b100c0f0d0d0d0c0c0a090806070206fd05f906f407f008ec0ae90be80ce70de70de80dea0bed09f007f2e1000e110f100f100f0f0f0f0f0f0f0f0f0f0f0f0f0f0f0e0f0e0f0e0e0e0e0e0e0e0d0e0d0e0d0e0c0d0b0d0a0d090d080d080c070c070c060c02040001ffffffffffff0100030209060907090708080809090a0a0b0a0b0b0b0b0c0b0c0b0d0a0e0b0e0a0f0a0f0b0f0b0f0c0f0c0f0c100d100d100e100e100e100e100f10
1106,181683974,-39,11,256,1,0,0,96600900f805f80bf710f514f317f219f119f019f018f016f214f410f80dfc0b0108050709060e0711081309140a140c140d120d100e040300000000000000000000000000000000000002fd08f60af50cf40ef310f311f411f511f60ff80cf908f904f9fff9fbf8f7f6f3f3f0f1eeeeededecebedeaeeeaf0ecf2eef3f1f5f4dc0012f312f313f313f312f312f312f211f211f211f211f211f210f210f210f210f210f30ff30ff40ef50ef60df60df70df70df80df90dfa0dfb04fe01ffff00ff00ff0001ff03fd09f80af80af90af90bf90cf80df80df80ef80ef80ff810f811f811f812f811f812f811f811f711f711f611f612f512f512f513f513f413f4
1107,181689966,-38,11,256,1,0,0,96600900f805f70af60ff413f216f017ef18ee18ee17ef15f013f310f60dfb0aff08040709070d071008130a140b140c130d120e100e030300000000000000000000000000000000000002fe0af70bf60ef510f511f512f613f712f910fa0dfa09fb05fa00f9fcf7f8f5f4f2f1efefedeeebeeeaefe9f0e9f2eaf3edf5f0f6f3e10014f714f614f614f514f514f413f412f412f412f412f412f412f411f311f311f311f410f510f610f610f70ff70ef80ef80ef90dfa0dfb0dfb04fe01ffff00ff00ff0000ff03fd0afa0afa0bfb0cfb0cfb0cfb0dfa0efa0ffa10fa11fb11fb12fb12fb12fb12fb12fb13fa13f913f913f913f813f813f813f814f715f615f6
1108,181691507,-38,11,256,1,0,0,96600900faf8f4f7eff6ebf5e8f3e6f1e5f0e6f0e7efe9f0ebf1eff3f2f7f4fbf700f805f90af80ef811f613f515f315f214f112f111fc0400000000000000000000000000000000000002020809090b0a0e0a0f0a110a12091208120610050d05090505060008fc0af70cf40ff112ef14ed15ed16ed16ee14f012f20ff40bf6e60006160616061606150715061506150615061507150714081408130713071306130614061406130612051104100310030f020f020f010e010e00050001ffffffffffff00010103040a040b030b030c030d030e030e030f03100310031103120312031302140214021402140314031404140415051505150515051505140515
1109,181700007,-38,11,256,1,0,0,b6600b0009fd0cf90ff512f115ef17ee19ee1aee19f018f115f312f50df608f703f7fef7f9f5f5f3f2f1f0eff0edf0ecf1ebf3ebf5ebfdfb000000000000000000000000000000000000fc00f203f002ee02ec02ea01e9ffeafeebfeedfdf0fef4fff802fc05ff09020d041106150718071a061c061d051c041a03160313030fdb00e9fee8fee8fee7ffe7ffe8ffe8ffe9ffe9ffe900e900e901e901e901e900e900eaffeaffebffecfeedfeeefeeffeeffdf0fdf1fcf1fcf1fbfafefeff000000ff0000fe00fb00f300f200f2fff1fff1fef0fef0feeffeeffdeefdedfdecfcecfcebfcebfbebfbebfbeafbeafceafceafce9fce9fde9fde9fde9fde8fde8fd
1110,181707206,-38,11,256,1,0,0,b6600b00fbf7f5f6f1f4edf2eaf0e9eee8ede8ece9ecebedeeeef0f1f3f5f5faf6fef703f708f70cf50ff311f212f013f012ef10ef0efb030000000000000000000000000000000000000102080a090c090e091009120913071306120511040e040a0505060108fc0bf80ef510f213f015f017ef18f018f116f314f410f60cf7df00091409140a140a140a130b130b130b130b120a120a120a120a120a120a120a1209120912081108110710060f050f050e040e030d020d020d00040001ffffffffffff000002030709060a060b060b060c070d070d070e070f070f071007110612061206120612061207120713081308130813091309130914091409140a14
1111,181718546,-38,11,256,1,0,0,96644900f6fef101ed03e905e506e306e105e104e204e403e602ea02ef03f404f906fd09010c030f0512061506170418031802170017000500000000000000000000000000000000000003000d000f0112021303140515061407120710070d060a0307ff04fb02f701f201ed01e901e602e403e304e205e405e604e903ed02f0e4001407150716071607160715071507150715061506150515051505140614061406130712071107110710080f080e080e080d080c080b080b0903030101ffffffffffff010004000c010d010d020d030e030e030f04100410051106110612071208120812091208130813081308130914091408140814071507150815081508
1112,181728647,-38,11,256,1,0,0,9664490008040d02120117001a001c011e021e031d031b031803140310010cff08fc04f802f400f0ffec00ea00e801e703e704e805e901fa000000000000000000000000000000000000fcfff3fbf1faeff9eef7edf5edf4eef3f0f3f2f4f4f6f7faf9fefa02fb07fb0cfa10f914f717f619f51af41af319f417f514f711f90ee400f2edf1edf1edf1eef1eef2eef2eef2eef1eef1eff0eff0eff0eff1f0f2eff2eff2eff3eff4eff5eff6f0f7f1f8f1f8f2f9f2f9f2faf2faf2fefbfffe000000000000fefffcfdf5f7f5f7f5f6f6f5f6f5f5f4f5f3f5f2f5f2f5f1f4f0f4f0f4eff4eff4eef4eef4eef4eef4edf4edf4edf3edf3edf2edf2edf1edf1edf1ed
1113,181744981,-38,11,256,1,0,0,96600900fb07fd0dfd12fe17fe1afd1cfd1efc1efb1dfb1bfb18fc14fd10000b040707030b000ffe13fd15fd17fe18ff180017011602050000000000000000000000000000000000000001fd07f409f30bf20df10ff110f110f210f40ef50cf708f803f9fefaf9f9f4f9f0f7ecf5e9f3e7f2e6f1e6f0e8f0eaf1edf2f0f5f2f7e30013f213f112f112f012f012f011f011f011f010f010ef0fef0fef0ff00ff010f010f110f10ff20ff30ef40ef50ef50df60df70df70df80df904fd01ffff00ff00ff0000fe03fc08f609f609f60af70bf70cf60df60ef60ef50ff50ff510f510f511f511f511f512f512f412f412f412f412f312f312f212f212f112f113f1
1114,181746954,-38,11,256,1,0,0,b6600b00f7fef201ed03e905e606e306e206e105e204e403e703eb02ef02f404f906fe08020b040e0611071407160617051704160316000500000000000000000000000000000000000003000d020e031004120613081309120a110a0e090c070904070004fc03f702f301ee02ea03e704e405e306e306e406e606e904ed02f0df00130c140c140c140c140c130b130b130b130b130a130a130a130a130a130a120b120b110b100b0f0b0e0b0d0b0c0a0c0a0b0a0a0a090b080b02040001ffffffffffff010004000c020c030c040c040d050e060e060f070f081008100910091109110a110a110b110b110b110b120b120b130c130b130b140b140b140c140c
1115,181749798,-39,11,256,1,0,0,b6600b00fc07fd0dfd12fd16fd1afc1cfb1dfb1dfa1cfa1afa18fb14fd0fff0b030707040b010fff12ff15ff17ff1700170216031504050100000000000000000000000000000000000001fd07f508f30af20cf10ef00ff10ff20ff40df50bf707f803f9fefaf9f9f4f9f0f7ecf6eaf4e8f2e7f1e7f0e8f0ebf1edf2f0f5f2f7e50014f413f313f213f212f212f212f312f212f212f211f111f211f211f211f311f312f311f411f410f510f60ff70ff80ff90ef90efa0efb0efb05fe01ffff00ff00ff0000fe02fc08f608f609f60af70bf70cf70df60df60ef50ff50ff510f611f612f612f612f612f612f612f612f512f512f512f412f412f312f212f213f2
1116,181757932,-38,11,256,1,0,0,b6600b0008010dfd11fa16f819f71bf71df81df81cf91bfa18fb14fc10fb0bfa06f901f7fdf4faf1f8eef7ebf7e9f8e8f9e8fbe8fce9fffa000000000000000000000000000000000000fcfff2fef0feeefdecfbebfaebf9ecf8edf8f0f8f3faf5fcf800fb04fd08fe0dff11ff15ff18fe1bfd1cfc1cfc1bfb19fc16fd12fe0fe400ebf5ebf6ebf6eaf6eaf6eaf6ebf7ebf7ebf8ebf8ebf8ebf8ebf8ebf8ebf8ebf8ebf8ecf8edf7eef7eff7eff7f0f7f1f7f2f7f3f7f4f7f4f6fcfcfefe000000000000fefffbfef3fbf3fbf3faf3faf3f9f2f9f2f8f2f8f1f7f0f7eff6eff6eef5eef5eff4eff4eef4eef4eef4edf4edf4edf5ecf5ecf5ecf5ebf5ebf5eaf6
1117,181760584,-39,11,256,1,0,0,b6600b0005f804f303ee04ea05e606e407e308e308e408e608e806ec04f001f4fdf7f9faf5fbf0fcedfcebfbe9fbe9f9e9f8eaf7ebf6fbfd000000000000000000000000000000000000fe02f90bf80df60ef50ff310f20ff10ef20df30bf509f908fd07010606060b060e081209150b170c180e170f160f140e120d0f0a0d08e400ec0bec0bec0ced0ced0ced0ced0ced0ced0ced0ced0dee0dee0cee0cee0bed0aed0aed09ee09ef08f008f006f005f005f004f004f003f102fa00fe0000ff00ff00ffff00fd03f809f808f708f608f609f509f409f30af30af20af10af10af00af00aef0aef0aef0aef0aef0aee0aee0aed0bed0bed0bee0cee0cee0ced0c
1118,181770976,-39,11,256,1,0,0,b6600b00000a050d09120c160e190f1c0f1d0f1e0d1d0c1c0a1909150810070a080409ff0bfa0ef611f313f115f117f118f218f417f605fd000000000000000000000000000000000000fffcfff1ffef00ec01ea02e903e804e905eb04ed03f001f4fef8fafbf5fef101ec03e804e404e203e002df02e001e300e600eb01ef01e50003f303f302f302f302f302f302f302f301f301f301f301f301f301f301f301f302f302f402f402f502f502f602f602f602f703f703f803f801fd00ffff00ff00ff0000ff00fd00f900f901f801f802f802f802f702f703f703f603f603f603f604f504f503f503f504f504f504f403f403f403f403f403f403f303f302f3
1119,181778749,-39,11,256,1,0,0,b6600b00f704f50af30ff013ee15ec17eb18ea18ea17eb15ed13f00ff40df90afe09040809080d09110b130c140e1410131112111012040400000000000000000000000000000000000002fe0cf80ef810f812f814f815f915fa13fb11fc0efc0afc05fb00f9fcf6f8f3f5f0f3ecf1e9f0e7f0e6f1e5f2e5f4e7f5eaf7eef8f2de00190018ff18fe18fe18fd18fd17fd17fd17fd17fc17fb17fb17fb17fb16fc17fd16fd16fd15fd14fe13fe12fe11ff11ff110011001101100105000100ffffff00ff0001ff04ff0cfd0cfe0dff0dff0e000f011001100111001201120113011301140215021502150215021502150115011601160017ff17ff17ff18ff18ff
1120,181779523,-39,11,256,1,0,0,b6600b0005080b090f0c130e1610181318151815171515141212100f0d0b0b07090108fc09f70af30cef0eed10ec11ec12ed13ef13f004fc000000000000000000000000000000000000fdfdf6f5f5f3f4f1f4eef4edf5ecf7ecf8edf9effaf2faf6fafaf8fff604f408f10bee0eeb10e911e711e610e60fe80deb0cee0bf20ad900fae8fae8f9e8fae8fae8fae8fae8fae8fae9fae9fae9fae9fae9fae9fbe9fce9fde9fdeafeeaffebffeb00ec00ed00ee01ee02ef03f003f001fa00fe000000000000fffefdfcf7f5f8f4f8f4f8f3f9f3f9f2f9f1f9f0f9eff9eef9edf9ecf9ecfaebfaebfaebfbeafbeafbeafaeafaeafae9fae9fae9fae9fae9fae8f9e8
1121,181794826,-39,11,256,1,0,0,b6600b0006060b06100614071709190a1a0b1a0c190c170c140b11090e060a0308ff06fa05f605f206ee07ec08ea09ea0aeb0bec0ced03fb000000000000000000000000000000000000fdfef5f8f4f6f3f4f3f3f2f1f3f0f4f0f5f0f6f2f8f4f9f8f9fcf900f805f709f50df310f112ef13ee14ed13ed12ee11f00ef30cf60ae700f8ebf7ebf7ebf6ebf6ebf7ebf6ecf6ecf6edf6edf6edf6edf6edf6edf6edf6edf7edf8edf9edf9eefaeffaeffbf0fcf0fcf1fdf1fdf1fdf1fffafffe000000000000fffefdfcf9f5f9f5faf5faf4faf3faf3faf2faf1faf1faf0faeffaeffaeefaeefaedfaedfaedf9edf9edf9edf9edf8edf8edf8ecf8ecf7ecf7ecf7ec
1122,181801427,-39,11,256,1,0,0,b6600b00f6fff203ed06e908e60ae30ae10ae10ae109e308e606ea06ef05f505fa060008050a090d0b0f0d120d140d160c170a170916020500000000000000000000000000000000000003000d040e05100612081309130a120b100b0e0a0b080905070004fc03f702f202ed02e902e503e304e205e106e206e505e803ec02f0e3001708170717071807180718071806170517051704170417041804180418041704160415041505140514061305120511050f050f050e060e0605020100ffffffffffff010004010c040c040d050d050e050e060f060f0710081009110912091209120a120a120b120b130b140b140a15091509150915091509160917091809
1123,181813406,-39,11,256,1,0,0,b6600b0007fa08f40aef0ceb0ee810e612e513e612e711e80feb0dee09f205f5fff7faf8f5f9f1f9edf8eaf6e9f5e9f4e9f3eaf2ecf2fbfc000000000000000000000000000000000000fd01f306f106ee07ec07eb06ea05ea04eb03ee02f102f502fa04fe060308070c0a0f0c120e150f180f190e1a0d1a0c180a150911080dda00e703e703e704e704e704e704e704e704e705e705e805e805e805e804e804e803e903e903ea02eb02ec01ed00ed00ed00eeffeefeeffdf0fdfafefeff000000ff00fffe00fb02f305f305f204f104f103f003ef03ee03ed03ed03ec03eb02ea02ea01ea01ea01ea01ea02e902e902e902e802e802e803e803e803e703e702
1124,181815648,-39,11,256,1,0,0,b6600b00f603f309f10fed13ea16e817e718e618e617e815ea12ed10f20df80afe0904090a090f09120b150d160f1610161114121312040400000000000000000000000000000000000003ff0ffd11fd14fe16fe1700180118021603130310020c0007fd03f9fff5fbf1f9ecf7e7f6e4f6e1f6e0f7dff8e0f9e3fae6fbebfbefda000d000dff0dff0dff0dff0dfe0dfe0dfe0cfd0cfd0cfc0cfc0cfc0cfc0cfc0cfc0cfc0cfd0bfd0bfd0afe0afe09fe09fe09fe09fe09ff08ff03ff00ffff00ffffffff0000020007000700070107010801080108010802090209020a020a020a020b020b020b020b020b020b020c020c020c010c010c000c000d000d000d00
1125,181815871,-39,11,256,1,0,0,b6600b00fbf7f6f5f1f3edf0eaede9ebe9eae9e9eaeaebebeeecf1f0f3f4f5f9f7fef703f708f60df410f212f113f014ee13ee11ee0ffb030000000000000000000000000000000000000102050c050e0611051305140415021502140111010e020a0406060109fd0cf910f713f516f319f31af31bf41af519f616f712f80ef9dd000018011801180118011801180118011801180118011702170216011601160016ff16ff16ff15ff14fe13fe12fd11fd10fc10fb0ffb0ffb0ffe05ff0100ffffffffff00010104040c040c030d030d020e020f021002110211011201120113001400140015001500150015001500150016ff17001700170117011700170017
1126,181821023,-93,11,128,1,0,0,7dd4474102fd02ff01fffffcfefcfd00fd02ff030002ffff00fc01fd03ff030001ff01fd01fc00fcfffeff0000010002fe01ff0000010000000000000000000000000000000000000000fffefbfdfcfffefffffeff010002ff00ff01000100ff00ff0000ffff00fe03000300010000010003000300ff06fa0df907fb01fd01fe
1127,181821577,-94,11,128,1,0,0,5bb22541fc02fc050103ff00fcfdfdff0001030003010002fd01fd00ff020001fffffefdfffd00000001010003ff0200ff00ffff00fe00ff000000000000000000000000000000000000fffffdfdfeffff02ff02000001ff00fffffeff00020004ff02fffffffd00ff02020204fd03fd01010003ff0204070a0e0709040007fc
1128,181834638,-39,11,256,1,0,0,b6600b00fd08ff0d01120217021a021d011f001fff1eff1cfe19ff160011020c040708030bff0ffd13fc16fb18fc19fd19fe19001801050000000000000000000000000000000000000000fc04f304f106ef07ed09ed0aed0bed0bef0af108f405f601f8fdfaf8fbf3fbeefbeafae7f9e5f8e4f7e3f6e4f6e7f6e9f7edf9f0fae4000fed0fed0fed0eec0eec0eec0eec0eec0eed0eed0eed0eed0eec0eed0eed0eee0eef0fef0ef00ef10ef20df30df40df50df50df70df70ef805fd01ffff00ff00ff0000fe01fc04f405f405f406f407f307f308f308f209f20af10bf00bf00cf00cf00df00df00df00df00ef00eef0eef0eee0eee0eee0fee0fee0fed0fed
1129,181841120,-39,11,256,1,0,0,b6600b00f6fef101ed04e905e606e306e106e105e105e304e503ea03ee03f404f906fe08020b040f0612071507170618051804180217000500000000000000000000000000000000000003000d020e021103120413061407130811090f080d060a03070005fb03f702f201ee01e901e602e404e305e205e305e605e904ec03efe500160916081608160816081607160716061606160616061606160616061506150614061407130712071107110710070f070e070d070c070c0804020100ffffffffffff010004010b040c040c040c050d050d050d060e060e070f08100810091109110a110a110a110a120a120a120a130a130a13091409140915091609160a
1130,181845450,-39,11,256,1,0,0,b6600b0002f700f2feedfde9fde5fde3fee1ffe100e200e301e600eaffeffdf3fbf8f8fcf4fff001ed03ea04e803e702e701e8ffe8fefaff000000000000000000000000000000000000fe02fb0cfa0df90ff711f611f512f411f40ff50df70bfa09fe07020507040c0410041405170619071b081b091a091809150911060f04e600f010f011f112f112f112f112f112f212f212f212f212f212f212f211f211f211f211f210f20ff20ef30df30cf30bf30bf30af309f309f308fb02fe0000ff00ff00ffff01fe03fa0afa0af90af80af70bf70bf70bf60cf50cf40cf30cf20df10df10df00df00ef00ef10ef10ef10ff10ff10ff10ff110f110f110f110f110
1131,181853339,-39,11,256,1,0,0,d6633d00f806f90bf810f714f618f41af31bf21bf21af218f315f512f80ffc0b010805060a050e0412051505160616081609150a140b040200000000000000000000000000000000000002fd09f70bf60df50ff411f412f512f611f70ff80cf908fa04fa00f9fbf8f7f6f3f3f0f1edeeecedecececebedebefecf1eef3f1f5f4e80013f413f313f313f313f312f312f212f211f211f211f211f111f111f111f110f210f210f310f30ff40ff50ef50ef60df60df70df80df90df904fd01ffff00ff00ff0001ff03fd0af90afa0bfa0bfa0cfa0cf90df90ef90ff910f910f911f911f911f912fa12fa12f913f913f813f813f713f713f613f613f613f514f514f5
1132,181871632,-40,11,256,1,0,0,d6633d0009fc0bf70ef210ee13ec16eb18ea18eb18ec17ed14f011f20df408f503f6fdf6f8f4f4f2f1f0f0eeefecf0ebf1eaf2eaf4eafdfa000000000000000000000000000000000000fd01f507f308f009ee09ec09eb08eb06ec05ee05f104f504f905fe070209060c090f0b130d150e180e1a0d1b0c1a0b1809150811070ee000e700e700e701e701e701e801e801e901e902e802e802e903e902ea02ea02ea01ea01ea01ea00eb00ecffedffeeffeffeeffeeffdf0fdf0fcfafefeff000000ff00fffe00fb01f402f302f301f201f101f001f001ef01ee01ee00ed00edffecffecffebfeebfeeafeeafeeaffeaffe9ffe9ffe900e900e800e800e800e800
1133,181877878,-40,11,256,1,0,0,d6633d00f706f70bf710f515f418f21af11bf01bef1af017f114f411f70efb0c000905080a070e071208140a150b150d140e130f110f040300000000000000000000000000000000000001fd08f509f40bf20df20ff110f211f310f40ff60cf708f804f9fff8faf8f6f6f2f4eef1ecefebedeaeceaebebebedecf0eef2f1f4f4de0014f714f715f615f615f615f514f413f413f412f412f413f413f413f413f412f512f512f611f611f710f710f70ff80ff80ff90efa0ffb0ffc05fe01ffff00ff00ff0001ff03fe0afa0afb0bfb0bfb0cfb0dfb0dfb0efb0ffb10fb11fb11fb12fb12fb12fb12fb12fb13fa13fa13fa13f913f913f913f913f914f815f816f7
1134,181886665,-38,11,256,1,0,0,d6633d00f502f306f00bed0eea10e711e611e511e510e70fe90ded0bf109f608fb09000a050c080e0b110c130c150b160a1708160616010500000000000000000000000000000000000002fe0af70cf60ef510f512f513f613f813f911fa0efb0afa06f902f8fdf6faf3f7f0f4ecf3eaf3e7f3e5f3e4f4e5f6e8f7ebf8eef9f0ef0016011500140014ff14ff14ff15fe15fe16fd16fc16fc15fc14fc13fc13fc13fc13fc13fc13fd12fd11fd10fe0ffe0efe0efe0dff0dff0d0004000100ff00ffffff00010003000a000a010a010b010b020c020d020e030f030f03100310041004100411041104120412041204120312031303130314021302130112011200
1135,181890794,-38,11,256,1,0,0,d6633d4107f808f309ee0aeb0ce70ee610e511e510e610e80eeb0cee09f105f400f5fbf6f7f5f3f4f0f2eff0eeefefedf0edf2ecf3ecfdfb000000000000000000000000000000000000ff03fe0cfd0efc10fa12f913f813f612f611f70ff80cfb0aff09030707060b060f071309150a170c180e180f170f150f120d100b0f0805ff11fd10f80ff110eb13e617e11bde20dc23db24dd26df26e425e923ee20f31cf717fb12fe0d0008010300fffefdfdfcfbfbfafaf90816061500030000ffffff00ff0000ff01fe05f805f70006ff07fe08fd08fd06fd04fe02000003fd06fc0bfb11fa18fb1efc23fe27012a052c092d0c2d0f2b12281323121f101a0e160b
1136,181921727,-38,11,256,1,0,0,966009000bff0efa12f516f21af01cef1ef01ff01ef11df31af515f610f70af705f700f5fbf2f7eff5ecf4eaf4e7f5e6f6e5f9e6fae6fef9000000000000000000000000000000000000fc01f206f006ee07ec07ea06e905e804e903ec03f002f303f805fc07000a030e061208160919091c091e081f071e061b051805140410ed00e8f7e8f8e9f9e9fae9fae9fae9fae8fae7fae6fbe6fce8fde9feeafdeafdeafceafce9fceafcebfcecfceefbeffbf0fbf0fbf0fbf1fbf1fbfafefeff000000000000fefffcfff4fcf4fcf4fbf4fbf4faf3faf2f9f1f9eff8eff8eff7eff7eff7eff6eef6edf5edf6edf6edf6edf6ecf6ebf6eaf6ebf7ebf8ecf9edf9edf9
1137,181935170,-38,11,256,1,0,0,966009000a010ffd14fa19f81df81ff821f821f920fa1efb1bfc16fc11fc0bfa06f801f6fdf2faeef8ebf8e8f8e6fae4fce5fde6ffe6fff9000000000000000000000000000000000000fc00f100ef00ecffebfeeafce9fbe9faebfaedfaf1fcf4fef701fa05fd0afe0eff130017ff1aff1dfe1ffd20fd1efc1bfc17fd14fe10e300f4faf5fbf5fbf5fbf4fbf4fbf4fcf4fcf3fcf3fcf3fcf4fcf4fcf5fdf5fdf5fdf5fcf5fcf5fcf6fcf6fcf7fcf7fcf8fcf9fcf9fcf9fcf9fcfdfeffff000000000000fffffefffafdfafdfafdfafdf9fcf9fcf9fcf8fbf8fbf8fbf7fbf7faf7faf7faf7faf7faf7faf7faf6faf6faf6faf6faf5faf5faf6faf6fbf7fbf7fb
1138,181940679,-25,11,128,1,0,0,877ee841f9f7f5f5fa02f800fbff0c030d0303fa04f301fefbfefef700f9fdf8fffbff04fd06fc01fb00fa04ff0402ff04fb0aff0a03020100000000000000000000000000000000000000fb03ed01ea02eb0cf30df406f100f1fdf70102fa08f10dfe0e080805fe01f6fbf0f9f2f7f6f9ec01ec0203041608170511070b110a
1139,181959111,-38,11,256,1,0,0,96600941f8faf3faeefae9fae6f9e3f8e2f7e2f6e3f6e5f6e8f6ecf8f0faf4fef702fa06fb0afc0efc12fb15fa16f917f816f615f614fd0400000000000000000000000000000000000002010b060c070e090f0a0f0c0e0d0e0e0d0e0b0c090a0706070206fe06f907f508f10aed0ceb0de90fe810e810e90eeb0dee0af008f200fbfef1f9f3f2f4ebf4e5f2dff0dbecd9e9d8e6d8e3dae1dee0e3dfe9e0efe3f5e6faeaffee02f304f806fd0602050603080209010a14f313f503fe00ffff0000000000fffffffefcf8faf8060107020703060405040303010100fffffcfff7fff300ed01e703e105dc09d90cd610d412d414d516d617d916dd13e310e70ceb
1140,181960709,-38,11,256,1,0,0,b6600b00f601f305f009ec0ce90ee70fe60fe50ee50de70ce90bed09f108f607fc070108050a080c0b0f0c110c130c140b1509150814010500000000000000000000000000000000000002ff0bfc0dfb10fc11fc13fd13fe14ff130010000d000afe07fc03f900f6fdf3fbeff9ecf8e9f8e7f9e4fae3fbe5fbe7fceafbedfbf0fcfcf2f8f1fded02e907e40bdf0dd90fd50fd20dd10bd008d105d402d9fedefbe4f8ebf6f1f6f7f6fcf800fb03fd060007030704070501e802ea00fc00ffff0000ff00fffffffefff8fef7ff06fc07fd08fe08ff0700050103010001fcfff8fdf4f9f1f5edf0eaebe8e6e8e1e8dde8d8ead5ecd4efd4f2d6f4daf6dff7e5f8e9
1141,181964693,-39,11,256,1,0,0,b6600b0005f804f204ee04ea05e606e407e208e208e209e408e706eb04ef02f3fef7f9f9f5fbf1fbedfbeafae9f9e8f8e9f7eaf5ecf4fbfd000000000000000000000000000000000000ff02fb0bfa0df90ff710f611f510f410f40ff50df70afa09fe07020607060b050f0612081509170a180c190d170d150d120b10090f07e600ec0bed0bed0bee0bee0bed0aed0bec0bec0cec0cec0ded0cee0bef0aef09ee09ed09ed09ed09ee08ef08f006f105f105f104f104f203f203fb01fe0000ff00ff00ffff00fd02f907f807f706f706f606f506f407f307f208f208f108f107f107f107f008ef08ef08ef08ef08ef08ee08ee09ed09ee09ef09ef09f009f108
1142,181978496,-38,11,256,1,0,0,b6600b00fb07fe0d00120116011a011dff1fff1ffe1ffe1dfe1afe16ff11010c040807040b010fff13fd16fd17fe19ff190018021703050000000000000000000000000000000000000000fd03f304f205ef07ee08ed0aed0bee0bef0af108f405f602f7fdf9f8fbf4fbeffbebfae8f9e6f8e4f7e3f6e5f5e8f6eaf7edf9f0fad9000fee0eee0dee0dee0dee0dee0eed0eed0eec0deb0deb0dec0ced0cee0cee0cee0cee0dee0def0df00cf10bf20bf30bf40bf50bf60bf70bf704fd01ffff00ff00ff0000fe01fc05f605f606f607f607f508f509f40af30bf30bf20cf20cf30cf30cf30df20ef20ef20df20df20df10df10ef00ef00df00df00cf10cf20cf2
1143,181979877,-38,11,256,1,0,0,b6600b0008fd0af70cf30fef12ec14ea16ea16ea16ea16ec14ee10f10cf407f602f7fdf8f8f7f3f6f0f4eef2edf0edefeeeeefeef1edfcfb000000000000000000000000000000000000fd01f404f205f005ed05ec04eb04eb03ec02ee01f101f501f803fd050108040b070f09120a150b170c1a0b1b0a1a091808150712060edb00e802e902e902ea03ea03ea03e904e904e805e805e806e906ea06eb06eb06eb05eb05eb04eb04ec04ed03ee03ef02f002f102f101f100f100fafffeff00ff00ff0000fe00fc00f501f400f400f300f300f2fff1fff0ffefffefffeeffeefeeefeeefeedfeecfeecfeecfeecfeecffebffebffea00ea00eb00eb01ec01ed00
1144,181982102,-38,11,256,1,0,0,b6600b0009fc0bf60ef111ed14e916e818e719e619e818ea16ec12ef0ef208f402f6fdf6f7f6f2f4eef2ecf0ebeeebececebeeebefebfcfa000000000000000000000000000000000000fd01f305f106ee06ec06ea06e905e804e903eb02ef01f302f804fc060109050c08100b140d170d1a0d1c0d1e0c1d0a1b091708140711db00e505e605e705e705e705e605e606e606e607e607e608e708e807e807e807e807e906e906e905ea05eb04ec03ee03ef03ef02ef02f001f000fa00feff00ff00ff00fffe00fb00f402f302f301f201f101f101f000ee00ed00ed00ec00ec00ecffecffebffeaffeaffeaffe9ffe900e900e801e801e802e902e902ea02ea02
1145,182071516,-93,11,128,1,0,0,4ff11400070406050303020003fc02fb02fb01f900f501f302f202f402f700f800f904fc05fd01fcfffafffbfdfefdfffefefcfefafefeff00000000000000000000000000000000000000000002fd02fb04fc06fd06fd06fc07fc09fa09f808f707f907fb06ff0804090606040405010aff090206040706080709080d070d07
1146,182179221,-39,11,256,1,0,0,b6600b00f3f5f0f5ecf5e9f4e7f2e6f0e7efe8eeeaeeeceeeef0eff3f1f6f2faf2fef101ef04ec06ea06e806e704e603e700e8feeafdfaff00000000000000000000000000000000000002fd08f509f40bf30df20ef20ff310f40ff40ef50cf60af607f505f302f100efffecfee9ffe6ffe500e401e402e502e702ea01edffeff900080c090c090d0a0d0a0d090d090d090d090c090c0a0c0a0c0a0c0a0c090c090c090d080d070d070c060c060c050b050b040b040b030b030b01040001ffffffffffff00000201050405040505050505060506060706070607060806080609060a060a060a060a060b060a060a060b070b070b070b080b080b080c080c080c
1147,182214838,-26,11,128,1,0,0,ceeeec410bf804f9fbfffe0105fd0d020e0c050b0001fcfbfa01fd080309070108f908fc02fafef5fcfafcff02fc04fafffbffff03010100000000000000000000000000000000000000fdfff4fafaf4fef6f8f7f3f6f200ef05e9fdeafcf804030106f903fdff04fd00f7f8f0f1eef6f206f80bfe0005fa0eff0b090011fa11
1148,182254524,-38,11,256,1,0,0,b6600b00fbf3f7f2f3f1f1efefeceeeaefe9efe8f0e8f1e9f3ebf5eef6f1f6f5f6f9f4fcf2feef00ec00ea00e9ffe8fee9fceafbebfafbfe00000000000000000000000000000000000002fe0afb0cfb0ffb10fb12fc13fd13ff130011000f000dff0bfc09fa07f706f306f007ed08eb09e90be80de80de90deb0bed0aef08f000f900e9fce9f8e8f4e6f1e4eee0ecdbecd6efd4f2d3f5d2f9d3fdd701db03e005e406e907ed06f204f501f8fefafdfbfcfcfbfdfafd1606140703010000ffff00000000fffffefff4fbf3fb03fa04f905f906f905fa05fa04f902f801f7fff5fdf1fcecfce7fce2fddeffdb02d806d609d50dd60fd710da10de10e10ee40de7
1149,182366987,-30,11,128,1,0,0,14400141ba31b43eb647b648ad45aa3ab030ae2da431a631b625c720d626e02fe63fe449e04ee24ee243e440e23cda33d735d82ad615f503000000000000000000000000000000000000f6ffdefddcfbcefbc6fcca01cbffd0f6d6f9d7feccffb5ffa8fca901ac0bac08a506a110a213a205a8f1aceeb0feb105a702a906b60d
1150,182468475,-38,11,256,1,0,0,b6600b00010104fc07f70af20dee0fec11e912e812e712e710e90eeb0cee09f205f601f9fdfdf800f402f004ee05eb06ea06e905e905fa01000000000000000000000000000000000000fffdfcf5fcf3fcf0fcedfcebfdeafeeaffea00ec00ef00f300f7fffcff01fd07fb0bfa10f914f717f61af61bf51bf61af717f815f912c600e400e500e600e600e500e500e401e402e402e402e402e502e602e702e702e801e801e800e8ffe9ffeafeebfeecfeeefeeffeeffdf0fcf0fcfafefeff000000ff00fffe00fb01f104f104f003ef03ee02ed02ec02eb01e901e901e800e800e8ffe8ffe7ffe7fee6fee6fee6ffe6ffe500e500e500e500e600e7ffe7ffe800
1151,182477310,-38,11,256,1,0,0,b6600b0004020aff10fc16fa1bf81ff721f722f623f622f71ff81bf916fa10fb09fb03fafdf8f8f6f3f4f0f2edf0eceeecedececedebfbfa000000000000000000000000000000000000fefdf9f3f8f0f8edf8eaf9e8fae7fbe6fce7fde9feedfef2fef8fdfdfb04f909f60ef313f116ef19ec1ceb1deb1cec19ee17f014f311fe02fe060004050208000cfe10fd15fd18fd1afe1aff1b001b0119021604130510070d07090806080208ff06fc04fa03f902f801f800ff10fe0eff02ff00ffff00ffffffff00ff00fe01ff01fdfbfefafff900f801f902f903fb03fc04ff040203060209000dfe10fd13fa15f817f618f419f219f219f217f214f312f40ff50d
1152,182478709,-39,11,256,1,0,0,b6600b0004030a0010fd15fb1afa1ef920f921f921f920fa1dfa1afb15fb0ffc09fb04fafef8f9f5f5f2f2f0f1eef0ecf0ebf1eaf1eafcfa000000000000000000000000000000000000fefdf8f4f7f2f6eff6ecf6eaf7e9f8e8f9e9faebfceffcf3fcf8fcfefb03f909f70ef413f216f019ee1bed1ced1bee18f016f213f410ff02ff060104050209000dff11fe14fe17fe19fe1aff1b001a0218031604130510060d060907060703060005fe03fc02fb00fafff9feff0ffe0eff02ff00ffff00ffffffff00ff00ff020002fdfcfdfafef9fef800f801f902fa03fc04fe040104040308020c010fff12fd15fb17f918f719f51af419f418f415f512f610f70d
1153,182489964,-25,11,128,1,0,0,300773410bfb03fffbfdf401ec04f2030106fe03f4fcf5fdfa02fd00f9faf6fdfd04020201fafff800feff02fb07fd08030304020402010000000000000000000000000000000000000002fd07f303f60102ff05f905f70bfb09fb02fe080510060c0107fd09fd0af70dfb0c0404fe04fa09010505040006fe020107ff0cfe02
1154,182496981,-40,11,256,1,0,0,b6600b0000f2fcf2f8f0f5edf2ebf1e8f1e7f2e5f3e5f3e5f5e6f7e9f8ecf8f0f7f4f5f7f3f9f1fbeefcecfcebfbeafaeaf9ebf7ecf6fbfd00000000000000000000000000000000000002ff0afc0cfb0ffb12fb14fc16fe17ff17011502130310020e010bfe09fa08f708f209ef0aec0cea0ee810e711e811ea10ec0fed0deff300080d080d080d080d080e070e070e070e080e080e080e080d080d070c070c060c060d050d060d050d050c040b030a020a01090109010900090003ff00ffffffffffff0100030109040904080508050806080709080a090a0a0a0a0a0a090b090b080c080c090d090d090c090c090c090d090d090e090d080d080c070b070b
1155,182504774,-40,11,256,1,0,0,b6600b00fa0efe0e030f061109130a150b170c190c1a0b1a0919081707150712080f090d0a0b0c080e0710071107130713081209120a0402000000000000000000000000000000000000fe00f703f504f105ee05eb05e903e701e6ffe7fde9fcecfbeefcf1fef501f605f709f70ef611f414f217f018ef18ee17ee15ef14f012f400f3f6f4f6f4f6f4f6f4f6f4f6f3f6f3f6f3f6f4f7f4f8f5f8f6f8f6f8f6f8f6f8f7f8f7f8f8f8f8f8f9f8f9f9faf9faf9fbfafbfafcfafcfafefdffff000000000000fefffbfef4fcf4fbf4faf3faf3f9f2f9f2f8f2f8f2f7f1f7f1f6f2f6f1f6f2f6f2f5f2f5f2f5f2f4f2f4f2f4f2f4f2f5f2f6f3f6f4f7f4f7f5f7f5f7
1156,182506613,-26,11,128,1,0,0,e8800e4110070508030207050209020906090c070a08ff08fb02ff030506060105ff06020909090c06080103000004fc03fbfffe0301010000000000000000000000000000000000000000ff0401040300fef9fbfcfe050009010902070004ffff00fc00fefe02fc05fa04fe020001f9f8f5f1fbf605fe03fcfdf9fff8faf3f1
1157,182538066,-37,11,256,1,0,0,b6600b4105f9fffefb02f606f10bee0eeb11e913e815e816e916eb14ed12f10ff40cf809fd05020206000afd0efb11fa13f914f916f805fe000000000000000000000000000000000000ff02fd09fb0cf90ff612f414f215f016ef16ef14f011f20ef40af706fc0100fd05f809f40df110ed14eb16e817e816e815ea14eb12ec07fa14ef0ff308f800fef903f307ed0be70ee110dd11da12d911d810d90ddb09de05e1ffe5faeaf5eff1f4eef9ecfeeb02eb06ea09eaede2f1e2fdfafffe0000ffffffff00000101080a0509fe0cfa0df70ef30ef00def0bee08ed05ee02f0fef4f7f8f2feec04e70be211de17db1cd820d624d427d427d626d825db21df1fe3
1158,182538292,-37,11,256,1,0,0,b6600b41f7fffe0105020b03110516051a061d061f061f051f041c031903150210010bff06fe01fcfcfaf7f8f3f6f0f5eff4eef3edf2fbfc00000000000000000000000000000000000002ff09fc0cfc10fc14fd17fe19ff1b001b011a01170213030f0309020301fc00f6fff0feebfde7fce3fbe0fadefae0fae1fbe3fbe5fbfbfff2fdf5fefafffe00030107020a040d0510061207130812091209110a0f0a0d0b0a0b070b040b010afe09fb07f906f705f603f503fb11fa10fe02ff0000ffff00ff0000ff00fe01f901fa05fc06fd08ff09000901090309050806060703070007fd07f906f406f105ed03ea02e701e500e3ffe2fee2fde4fde7fce9fceafc
1159,182549484,-37,11,256,1,0,0,b6600b00fdfc01010506090b0c0f0f12121414151515161515141312110f0d0b0a0806040300fffcfbf8f8f5f6f2f5f0f4eff3edf3edfcfb00000000000000000000000000000000000001010808090a0a0e0b110c130c150c160b160a150812050f030b0006fd01fbfbf8f6f6f1f4edf2eaf0e7eee5eee5efe6f0e8f1eaf2ecbd000be30be40be50be50ce50ce50ce40be40be30be40be40be50be60be70be80be80be90ce90cea0deb0dec0cee0cef0bf00bf10cf20cf40cf404fc01ffff000001ff00fffefff9feedffec00eb01ea01ea02e903e804e605e506e407e408e408e409e409e40ae40be40be40be40ce30be30be30be30ae40ae50ae60ae70ae7
1160,182555202,-36,11,256,1,0,0,b6600b00fefd020207070b0b0e0f1112141415151715171416131410110e0d0a0907050301fffefbfaf7f7f4f5f1f3eff2eef2edf2edfcfb000000000000000000000000000000000000020108080a0b0b0e0d100d120d140d150c150b140811060d03090005fdfffafaf7f5f5f1f2edf0eaeee7ede6ede6ede7efeaf0ecf2eebf000fe30ee40de50de50de50de50de50de40ee40ee40ee30de50de60ce70de80de90ee90eea0fea0feb0fec0eee0df00df10df20ef30ef40ef505fc01ffff0000010000fffefff9feedffec00ec01eb03ea04e905e806e607e507e508e509e60ae60be60ce50de40de40de40ce40ce40ce40de40de30de40ce50ce60be70be8
1161,182560939,-36,11,256,1,0,0,d6633d00ffff030308070d0b110e14101611181219111911170f150d110b0d080904050100fefcfaf9f6f6f3f4f1f2f0f1eef1eef1edfcfb00000000000000000000000000000000000002010b050d071009110b130d130e130f120f100e0d0c090905060102fdfef8faf4f6f1f3eef0ebede9ece7ebe8ebe9edebefedf1f0f3c50009e209e408e409e409e409e408e308e307e207e308e308e408e507e607e608e708e709e709e809e909ea09ec09ed09ee09ef0af00af10bf204fb01feff000001ff00fffefff9feedffed00ec01eb02eb02ea03e804e705e505e506e507e507e508e509e509e409e409e509e509e408e408e308e308e308e408e507e707e7
1162,182576612,-36,11,256,1,0,0,b6600b00fe03fe0afd0ffd15fd19fd1cfd1efd1ffe1eff1dff1aff160011000c0106020003fb04f605f106ee07ec08ea08ea09ea09ea02fa0000000000000000000000000000000000000103040e04100413031503160217021701160013ff0eff09ff0400ff00f900f300ee01e901e601e301e101e001e101e400e800eb00eec7001efa1cfa1cfa1bf91bf91cf91cf91cf81df81cf81cf71bf81af819f818f918f918fa19fa18fa18fb17fc15fc13fd13fd12fe12ff1100110106000100ff00ff00ff0001ff05fd0ff910f911fa12fa13fa14fa15fa16fa18fa19fb19fb19fc19fc1afc1bfd1cfd1cfd1bfd1bfd1cfc1cfc1cfb1cfb1cfa1bfb1afb19fb19fc
1163,182583936,-36,11,256,1,0,0,b6600b0002fa02f302ed02e703e203e004de04dd03dd03df02e202e701ed00f3fef9fcfff904f609f30df110ef12ed13ec12ec12ec11fb04000000000000000000000000000000000000fcfdf3f6f1f4eff1eeefeeeeeeedefedf1edf3f0f7f3f9f8fcfdfe020108030d05130617071b071e082008210720061c051804140310ce00f005f105f205f205f205f105f105f106f106f106f106f106f206f305f305f305f305f204f204f304f303f403f502f502f601f601f600f600fc00ffff00ff00ff00ffff00fd01f905f805f804f704f704f604f604f504f404f304f304f304f304f304f204f204f204f204f204f204f204f204f204f204f204f304f304f304
1164,182595527,-37,11,256,1,0,0,b6600b00fa05f90bf810f614f417f319f21af21bf21af318f415f612f90efd0a0006040309000dfe11fd14fd15fd17fe17ff16001601050000000000000000000000000000000000000003000e0110021303140414051406130711070e060b04070204fe00fafdf6fbf2f9eef7eaf6e8f6e6f6e4f6e3f7e5f8e8f9ebfaeffbf2d80019fc17fb17fa17fa17fa17fa17f917f917f817f817f716f716f815f814f814f914f914f914f914fa12fa11fb10fb0ffb0ffc0ffd0ffe0ffe05ff0100ff00ff00ff0001ff04fe0dfc0dfd0efd0ffe0ffe10fe11fe12fe14fe14fe14ff14ff14ff15ff15001600160016ff16ff16fe17fe17fe17fd17fd16fd16fd15fd15fd
1165,182598703,-37,11,256,1,0,0,b6600b00f804f70af50ef312f115ef17ee18ee18ee17ef16f113f410f70cfb090007040409030d021102140216031604160515061407050100000000000000000000000000000000000003000e0010011202140314041405130611060f060b04070104fe01fafef6fbf2f9eef8eaf8e7f7e5f8e4f8e3f9e5fae8fbebfbeffcf2d8001900170017ff16ff16ff16ff16fe17fe18fe18fd18fc17fc16fc15fc15fd15fd15fd15fd15fd13fd12fe11fe10ff0fff0f000f000e010e0105000100ffffff00ffff01ff04ff0dff0d000d010e010e020f021002120213021303130313041304140514051505150415041503150316031703170217021601150114011301
1166,182625464,-36,11,256,1,0,0,b6600b0002f501ef00eb00e700e401e202e203e203e303e503e802ec00f0fdf5faf8f7fbf3fdeffdecfeeafde9fce8fbe9faeaf9ebf8fbfe000000000000000000000000000000000000ff03ff0efe10fd12fc13fb13f913f812f811f90efb0bfe09020606050b030f021303160318041a051b071b0819081607130610040e02ea00f00ff10ff10ef20ef20ef20ef10ff10ff110f111f111f210f30ff40ef30ef30ef30ef30ef30ef40df40cf50bf50af509f508f508f507f507fc02ff0000ff00ff00ffff00fd02f908f808f808f708f608f609f509f40af30bf20bf20af20af10af10af00af00bf00bf10bf10bf10cf00cf00df00ef10ef10df20cf30bf30b
1167,182626006,-37,11,256,1,0,0,b6600b00f6faf1faecfae9f9e5f8e4f7e3f6e4f5e5f5e7f5eaf7edf8f1fbf5fff703f907f90bf90ef811f713f614f414f413f311f210fc0400000000000000000000000000000000000003000e010f021104120512061208110810080d070b05080207fe06fa05f505f106ed07ea08e80ae70be60ce60ce80beb09ed07f005f2ed000c110b0f0c0f0c0e0c0e0d0f0d0f0d0e0e0e0e0e0f0d0e0d0e0c0e0c0d0c0d0c0d0c0d0c0c0c0c0c0b0b0a0b090a090a080907090609060902030000ffffffffffff000002020608060806080609060a060a060b060c070d070e070e070e070f070f070f07100810081008100810091009100a100a100a0f0a0e0a0d0a0d
1168,182629627,-37,11,256,1,0,0,b6600b00fbf5f7f2f4eff2edf0eaf0e8f0e7f1e7f2e7f3e9f5ecf6eff7f3f7f8f7fcf500f304f106ee07ec08eb08ea07ea05eb04eb02fa0000000000000000000000000000000000000002010a080b0a0c0c0c0e0c0f0b100a10090f080d070a0606070208fe0afa0cf70ff411f314f115f117f118f217f414f511f70ef70bf8e600fd14fd13fe12fe12fe12fe12fe13ff13ff14ff130013001300120011001100110011ff11ff11ff10ff0fff0eff0dfe0cfe0cfe0bfd0bfd0bff03ff0100ff00ff00ffff01ff03fe09fe0afe0afd0afd0bfc0bfc0cfc0dfb0efb0ffb0ffb0efa0ffa0ffa10fa10fa10fa10fa10fb10fb11fb11fc12fc12fc11fc11fd10fd0f
1169,182630012,-37,11,256,1,0,0,b6600b00f606f40bf20ef011ee14ec14eb14eb13eb12ec11ef0ef20cf50bfa09fe090309070b090d0b0f0c100c120c130a1309130713010400000000000000000000000000000000000001fc06f307f209f00af00cf00df10df20df30bf508f705f701f7fdf7f8f6f5f5f1f3eff1eeefedededebeeebefebf1edf3f0f4f3f5f6ec0014001300120012ff12ff12ff12ff13ff13fe14fd14fc12fc12fc11fd11fd11fd11fd11fd10fd0ffe0efe0dff0cff0cff0cff0cff0b000b0004000100ff00ff00ffff01ff03ff09000a000a010a010b010b020c020d020e020e020e030e030f040f0410041104110411031103110311031203120212021101100110010f01
1170,182643202,-37,11,256,1,0,0,b6600b000dfe10fb14f817f61af51cf51df61df71cf81af917fa14fb10fa0bf808f605f303f002ed02ea02e804e706e707e808ea09eb02fb000000000000000000000000000000000000fe03fb0dfa0ff811f612f512f311f211f20ff40df60cf90afd0a010a050b090d0c0f0e120f140f160f180f190d180b160a130910090deb00ecfbedfcedfcedfceefceefbedfaedfaecf9ecf9ecfaedfaeefaf0f9f0f9f0f8f0f7f0f7f1f6f2f7f3f6f5f6f6f6f7f6f8f6f8f6f9f6f9f6fdfcffff000000ff00ffff00fd02f806f806f706f605f505f505f405f305f205f105f004f003f002ef01ef01ee01ee01ee00ee00eeffedffedffecffedffeeffeffeeffef0fd
1171,182646496,-39,11,256,1,0,0,b6600b00f400f205f009ee0ceb0ee910e710e610e60fe60ee80ceb0aee09f309f709fb0afe0c010e031104130414031602160116ff15ff0500000000000000000000000000000000000000fd02f303f105ee07ed09ec0beb0dec0eed0def0cf209f406f501f6fdf6f8f6f4f4f0f2edefecedebeaebe8ede8efe9f1ebf2edf3efee0013fa12fa12f911f911f911f911f911f912f912f812f811f810f80ff90ff90ffa0ffa0ffa0efb0efb0dfb0bfc0bfd0afd0afd0afd0afe09fe03ff00ffff00ff00ff0000ff03fd09f809f90af90afa0bfa0cfa0dfa0ef90ff90ff90ffa0ffa10fb11fb12fb12fb12fa12fa12fa11fb12fb12fb12fb12fb11fa10fa10fa10fb
1172,182661763,-39,11,256,1,0,0,b6600b0005f502f2ffeffcecfbe8fbe5fbe3fce2fde1fee2ffe4ffe7ffeafeeefcf1faf4f7f6f4f7f1f8eff8edf7ecf5ecf4edf3eef2fbfc00000000000000000000000000000000000002000b030d0410051207130a130c120e110f0f0f0d0d0b0b0a0809040a000bfb0df810f513f316f218f11bf11bf31af518f616f714f8f300ff12001100110011001100110011001100120012001101110110010f000f000fff0fff0fff0fff0eff0dff0cfe0bfe0afd0afd09fd09fd09ff03ff0000ffffffffff0000010305090409040a040a030b030c030d030e030f02100210011000100010001100110011001100110011001100120012001100100010000f000f
1173,182664909,-39,11,256,1,0,0,b6600b0007090b070f05130517051a061b071c081b091a09180a1509120710050e020cfe0bfb0bf80cf50df30ef210f211f212f412f504fd000000000000000000000000000000000000fe02f709f60bf30cf00dee0dec0cea0bea09eb07ee06f105f406f807fc09ff0c0110021303160319021c011e001dfe1bfe19fe17ff14ee00eef8eff8eff9f0f9f0f9f0f9f0f9eff9eff9eefaeefbeffbf0fbf1fbf2fbf2faf2faf2faf2faf2faf4faf5faf6faf7faf7faf7faf7faf7fafcfeffff000000000000fefffcfff4fff4fef4fef3fdf3fdf2fcf2fbf1fbf0faeffaf0f9f0f9f0f8f0f8f0f7eff7eff7f0f8f0f8eff8eff8eff8eff8eff8f0f9f1f9f2f9f2f9
1174,182678335,-39,11,256,1,0,0,b6600b00030a070a0c0b100c120e140f141114121412131211110f0f0d0c0b080b040b010bfd0cfa0ef810f711f712f713f813f913fa04fe000000000000000000000000000000000000fd00f401f200efffedfeebfdebfbeaf9ebf8eef7f1f8f3faf5fdf701f905f909f80df711f614f416f217f018f016f014f212f410f60ef400f5f0f5f1f5f2f5f2f5f2f5f3f5f3f5f3f4f2f4f3f4f3f5f4f5f5f5f5f6f5f6f5f6f5f6f5f6f5f6f6f7f6f8f7f9f7f9f8faf8faf8faf8faf8fefdffff000000000000fffffdfdf8f8f8f7f8f7f8f6f8f6f8f5f8f4f7f3f6f2f6f2f7f1f7f1f7f1f8f1f7f0f7f0f7f0f7f0f7f0f7f0f6f0f6f0f6f0f6f1f6f2f7f2f7f3f7f3
1175,182678715,-39,11,256,1,0,0,b6600b000cfc0cf70df310ef12ec14eb16ea16ea16eb16ec15ee12f00ff20bf306f403f3fff1fceffaedf9ebf9eafae9fae9fce8fde8fffa0000000000000000000000000000000000000002010c010f0012ff15fd16fb17f917f716f714f811fa0efe0b020906080b070f081309160b180d19101a12181216111310120e100ced00ec07ee07ef07ef08ef08ef08ef09ef09ef09ef09ef09f009f109f209f208f308f308f308f308f308f407f506f605f605f604f604f603f603fc01fe0000ff00ff00ffff00fc02f607f507f506f406f406f306f206f107f007ef07ef07ef06ef06ee05ee06ed06ed06ed06ed06ed06ed06ed07ed07ee07ee07ef07f007f007
1176,182686947,-37,11,256,1,0,0,b6600b00f201ef05ed07eb09e80ae709e609e508e507e706e905ec05ef05f306f608f80bf90dfa10f912f813f714f614f513f411f310fc04000000000000000000000000000000000000fffcfdf3fdf1feeffeee00ed01ec02ec03ed03ef02f200f3fdf5faf6f7f6f3f6f1f5eef3edf2ecf0ebeeecedeeedf0eff1f1f2f3f2f5fb000f020e010e010e000e000f000f000f000f000fff0fff0fff0eff0dff0dff0dff0dff0dff0d000c000b000a000a010901090108010801080202000000ffffff00ff0000ff02ff06ff07ff070008000800090109010a010b010b010b020b020b020c020c030c030d030d030d030d020d020d020d020d020d020d020c010c01
1177,182691115,-37,11,256,1,0,0,d6633d0006f304ef04ec04e904e605e507e508e508e609e808ea07ed05ef02f1fff2fcf3f9f2f7f1f5eff5eef5ecf6ebf8ebfaebfbebfffb00000000000000000000000000000000000003000c020e030f0410051107100810090f0a0d090c070b050b030bff0cfc0efa10f812f614f616f618f619f718f916fa14fa12fa0ffaf200f80cf80cf80cf90cf90cf90cf90cf90cf90df90df90df90cf90cfa0bfa0bf90bf90bf90cf90bfa0afa09fa08fa07fa07fa07fa06fa06fa05fd02ff0000ff00ff00ffff00ff02fe06fd06fd07fd07fc07fc07fc08fb09fb09fb0afa09fa09fa09f909f909f90af90af90af80af80af80bf80bf90bf90bf90bf90af90af90a
1178,182699096,-37,11,256,1,0,0,d6633d00040d080e0b0f0d110e130e150e160d160c160b150a130911080e080b09080b060d050f04120413051306140713081109100a0402000000000000000000000000000000000000fd02f608f509f309f109f008ef08ef07ef06f005f205f405f607f809fa0bfb0dfb10fb13fa15f916f817f617f616f614f812f910fb0ffa00faf4faf4faf4faf4faf3faf3faf3f9f3f9f3f9f4f9f4f9f4f9f4faf5faf5faf5faf5fbf5fbf5fbf5fbf5fcf5fcf6fdf7fdf7fef8fef8fff8fffdffff000000000000fffffefefcfbfbfbfbfafbfafbf9fbf9fbf8fbf7fbf7fbf6fbf5fbf5fbf5fbf5fbf5fbf5fbf5fbf4fbf4fbf4fbf4faf4fbf4fbf4fbf5fbf5fbf5fbf5
1179,182703838,-37,11,256,1,0,0,d6633d0001f0feedfdeafbe7fbe5fbe3fce3fde2ffe3ffe400e6ffe9feecfceffaf1f7f2f5f3f2f2f1f1f0f0f0eef1edf2edf4edf6ecfdfb00000000000000000000000000000000000003fe0cfa0efa10fb12fb13fc13fe14ff1300120010ff0efe0dfc0bf90bf60bf30cf00dee0eed10ec12ec13ec13ed12ef10f10ff20df2f100ff0eff0dff0dff0cff0dff0dff0dff0dff0eff0eff0eff0d000d000c000c000c000c000c000c000bff0bff09ff09ff08ff08fe07fe07fd07ff02ff0000ffffffffff0000000201060006000700070008000800080009ff0aff0aff0aff0aff0aff0afe0bfe0bfe0bfe0bfe0cfe0cff0cff0cff0dff0dff0cfe0cfe0bfe0b
1180,182725578,-37,11,256,1,0,0,b6600b00f8f3f4f3f1f3eef2ebf1eaefeaeeeaedebedececededefeff1f2f2f5f2f8f1faf0fdeefeecffebffeafee9fdeafceafbebf9fafe00000000000000000000000000000000000001fd04f505f307f109f00bf00df00ef00ff20ff30df50bf609f606f503f300f1feeffdecfde9fde7fee500e401e501e701e801ea01ebf8000b090a080a080a080a070a070a080a080b080b070b070b060a0609060906090609060806080608060706060606050505040504050405040501010000ffffffffffff000002000702070307030703070407040804080509060906090609060907090709080908090809080908090809080a080a080a080907090708060806
1181,182737312,-37,11,256,1,0,0,b6600b000cf70cf30bef0ceb0de80ee610e511e512e612e712e910eb0ded0aef07f004f001effeedfdebfce9fce8fde7ffe701e702e800fa00000000000000000000000000000000000002010b050d060f08100b110d110f10120f130d120b100a0e0a0b0a080c040e0112fe15fd18fc1bfc1efd1fff1e001c011b0219021701f000f40bf40bf50bf50cf50cf50bf50bf50bf50cf50cf60cf70cf70bf80af70af60af60af60af60af70af809f807f807f806f806f805f805f805fd01ff0000ff00ff00ffff01fe03fc09fb09fb09fa08f908f808f709f70af60bf70bf60bf60af60af50af40af40bf40bf50bf50af50af40af40bf40bf50bf60bf60af709f708
1182,182737658,-37,11,256,1,0,0,b6600b00f3f5f0f8ecfae9fbe5fae3fae1f9e1f8e1f7e2f6e4f6e7f6eaf8edfbeefeef01ef04ee06ed08ec09ea0ae909e808e806e805fa0100000000000000000000000000000000000000fc00f301f001ee03eb05ea07e909e90bea0bec0aee08f006f203f2fff2fbf1f8eff5edf3eaf3e7f3e5f3e3f5e3f6e4f7e6f8e8f9eaf60010000f000e000eff0eff0f000f000e000f000fff0fff0efe0efe0dff0dff0dff0dff0d000d000c000b000a0109010901080108010801070202000000ffffff00ff0001ff03ff09fd09fd09fe0afe0afe0bfe0cff0cff0dff0dff0d000d000e000e000e010e010f010f010f010f010f010f010f010f000e000e000d010d01
1183,182754980,-38,11,256,1,0,0,b6600b00050c090b0d0a100b130c140e150f1610151114111210100f0e0d0d0a0c060d040d010fff10fd12fd13fd15fe15ff140014010500000000000000000000000000000000000000fe02f909f80af50bf30cf10cef0cee0bed09ee08f006f206f506f807fb09fd0cff0f00120015ff17ff19fd1bfc1afc18fc17fc15fc13f400f3f9f3f9f3f9f3f9f3f9f3f9f3f9f3f9f2f9f2faf2faf3faf4fbf4fbf5faf5faf5faf5faf5faf5faf6faf7faf8fbf9fbf9fbf9fbf9fbf9fbfdfeffff000000000000fffffcfff7fdf7fcf7fcf6fcf6fbf6fbf6faf5faf4f9f4f9f4f8f4f8f4f8f4f8f4f8f4f7f3f7f4f7f4f7f4f8f4f8f3f8f3f8f3f8f4f9f5f9f5f9f5f9
1184,182758404,-38,11,256,1,0,0,b6600b00fbf3f7f4f3f3f0f2eef1ecefeceeecedececedecefedf1eff2f1f3f4f4f8f3faf2fdf0ffee00ed00ec00ebffebfeebfdecfcfbff00000000000000000000000000000000000001fe07f708f60bf50df40ff411f512f613f812fa10fb0dfb0bfa08f905f603f402f001ed01ea02e803e605e506e606e706e906eb05edee000b0a0a090a090a090a090a090a080a080a080a080a080a070a0709070907080708070807080808070707060605060505040504050405040501020000ffffffffffff00000201080408040805080508060806080708070908090809080908080909090909090a090a090a090a090a09090a090a090a090a08090808080807
1185,182774836,-38,11,256,1,0,0,b6600b00f4fbf2feef01ec03e904e704e603e503e502e601e700ea00ed01f002f304f507f709f80cf80ef810f711f511f511f410f30ffc0300000000000000000000000000000000000000fd02f503f304f106ef08ee0aee0cef0df00df20bf409f606f602f7fef6faf5f7f3f5f1f3eef3ecf2e9f3e8f4e8f6e9f7ebf8edf8efea000ffd0ffe0efe0efe0efe0efd0efd0efc0efc0efc0efb0dfb0dfc0cfc0cfc0cfc0bfc0bfc0bfd0bfd0bfd0afe09fe08fe07fe07fe07ff07ff02ff0000ff00ff00ff0001ff03fe09fd0afd0afd0afd0bfe0bfe0cfe0cfe0dff0eff0eff0eff0eff0eff0eff0f000f000f000f000fff0fff0ffe0ffe0efe0efe0dfe0dfe0dfe
1186,182780817,-38,11,256,1,0,0,b6600b00040a08090c09100a130c150d160e160f15101410120f100d0e0b0c080b040c010cfe0dfc0ff910f811f813f813f913fb13fc04ff000000000000000000000000000000000000fd01f606f406f107ef07ed06eb04ea03eb01ec00effff200f401f704fa07fc0afc0efd12fc15fb17fa19f81af719f717f715f813f910f500f6f2f6f3f6f4f5f4f5f4f6f4f6f3f5f3f5f3f4f4f4f4f5f5f5f6f6f6f7f6f7f6f7f5f7f5f7f5f8f6f8f6f9f7faf7fbf8fbf8fbf8fcf8fbf8fefdffff000000000000fffffcfef6faf7f9f7f8f7f8f7f7f7f7f7f6f6f5f6f4f6f4f6f4f7f3f7f3f7f2f7f2f6f2f6f2f6f2f6f3f6f3f6f3f6f2f5f2f5f3f6f4f6f4f7f5f8f5
1187,182796599,-38,11,256,1,0,0,b6600b00050909090d081108150a170b180c180d180e170e150d120c100a0d070c030b000bfc0cf90df70ff510f412f412f512f612f804fe000000000000000000000000000000000000fd01f505f306f006ee05ec04eb03ea02ea00ecffeffff2fff501f804fa07fc0bfd0ffd12fd15fc18fa1af91bf81af818f816f913fa12f400f3f3f3f4f3f4f3f5f3f5f3f5f3f5f3f5f2f5f2f5f2f5f2f6f3f7f4f7f4f7f5f6f5f6f5f5f5f5f5f6f6f6f8f7f9f8faf8faf8faf8faf8faf8fefdffff000000000000fefffcfef6faf6faf6f9f6f9f6f8f6f7f5f7f5f6f4f5f4f5f4f5f5f4f5f4f5f3f5f3f4f2f4f3f4f3f5f3f4f3f4f3f4f3f3f3f3f3f4f4f5f5f5f5f6f5
1188,182803865,-38,11,256,1,0,0,b6600b00020a070a0b0b0f0d110f1311141213131313111310120e100c0d0a090a060b020cff0dfc0ffa11f812f813f814f914fb14fc05ff000000000000000000000000000000000000fd00f301f100efffecfeebfcebfaebf8ecf7eff7f1f8f4faf6fdf701f805f909f80df711f513f315f117f017ef16f014f112f310f50ee600f8eff7f0f7f1f7f1f7f1f7f1f7f1f7f0f6f0f6f1f6f1f6f2f6f3f7f3f7f3f8f3f8f3f8f2f8f3f8f3f9f4faf5fbf6fbf6fcf6fcf6fdf6fdf6fffcffff000000000000fffffdfdf8f7f8f7f8f6f8f6f8f5f8f4f8f3f8f2f8f1f8f1f8f1f8f1f9f1f9f0f9f0f8eff8eff8eff8f0f8eff8f0f8eff8eff8f0f8f1f8f1f8f2f9f3
1189,182806398,-38,11,256,1,0,0,b6600b00fdf5f8f4f4f3f1f2eef0edeeecedecebecebedebefecf1eff3f2f4f5f5f9f5fdf400f203f106ef07ed07ec07eb06ec05ec04fb0100000000000000000000000000000000000002000c000e0110021204130513071309120a10090d080b06090308ff07fb07f708f30aef0bec0deb0fe911e911eb11ed0fef0ef00cf2ef000710070f080f080f080e080e080e090e090e090e0a0e0a0d090c080b080b070b070c070c080c070b070b060a05090509040804080408040801020000ffffffffffff000101030409040a040a030b030b030c030d030e040f040f040f030f030f030f031004110411041004100410040f051006100610060f060e060d060d
1190,182813543,-38,11,256,1,0,0,b6600b0002f5fef3faf0f8ecf6e9f5e6f5e5f6e4f7e4f7e5f8e7f9eafaeefaf2f9f6f7f9f4fcf1ffef00ec00eb00ea00e9ffeafdeafcfaff00000000000000000000000000000000000002010a070b090c0b0d0e0d100c120b1309130711060e050b0607070308ff0bfb0ef811f514f416f419f41bf41af618f716f814f911f9ec0002130212021102110212021203120312031203120312031103100310030f030f030f020f020f020f020e010d010c000b000aff0aff09fe09ff03ff0000ffffffffff00010103020b020c020c010c010d010d010e010f01100011001100110011ff110011ff12ff12ff120012001201120113011201120011011001100210
1191,182817538,-38,11,256,1,0,0,b6600b0006f804f302ef02eb01e702e503e404e304e305e405e604ea03ed01f1fef4faf6f7f8f3f8f0f8eef8ecf7ecf6ecf5edf4eef4fbfd0000000000000000000000000000000000000102040b040e0410031302140015ff16fe15fd12fd0ffe0c0009040608030c0110001300170019011b021c031c041904170514041202e300f510f60ff60ff60ff70ff710f710f710f711f811f811f910f910f90ff90ff90ef90ef90ef90efa0dfa0cfa0bfb0afb0afb09fa09fa08fa08fd02ff0000ff00ff00ffff01fe03fa0af90af80af80af70af70bf60bf50cf50df40df40cf40cf40cf30df30df30ef30ef30df40df40df40ef40ef40ff40ff50ef60ef60cf60c
1192,182828137,-37,11,256,1,0,0,b6600b00f803f708f60cf510f313f215f016ef16f016f015f113f310f60ef90bfd090108050809090c0a0d0b0e0c0f0d0e0e0e0f0c0f030300000000000000000000000000000000000000fd04f405f208f10af00cef0df00ff10ff20ef50bf708f804f900f9fbf9f7f8f3f6eff4edf2ecf0ebeeebecececeeeef0f0f2f2f3f4e30014fd13fc13fc12fb11fb11fb11fb11fc13fb13fb13fa12f910f90ffa0ffc0ffd10fd10fd10fc0ffc0dfd0cfe0bfe0bff0bff0bff0b000a0003000000ff00ff00ff0001ff03fd0af90bf90bfa0bfb0cfc0dfc0ffc10fb10fb11fb10fb10fc11fd12fd13fd13fc13fc12fc11fc11fd12fd13fd13fd13fc12fb11fb10fb0ffc
1193,182842099,-37,11,256,1,0,0,b6600b0000f7fbf4f8f1f5eef3ebf2e8f2e7f2e6f3e6f3e7f5e9f6ecf7f0f8f5f8f9f7fef602f405f208f009ee0aed0aec09ec08ec07fb010000000000000000000000000000000000000102040b040e04100413031401150015fe14fe12fe0eff0b0107040307000bfd0ffb12f915f818f81af91cfa1bfb18fc16fc13fd11fce200fc14fc14fd14fd13fd13fd13fd13fd14fe14fe14ff14ff13ff12ff11fe11fe11fe11fd11fe11fe10fd0ffd0dfd0cfc0cfc0bfc0bfc0afc0afe03ff0000ffffff00ff00010004000cff0cff0cfe0dfd0dfd0efd0ffc10fc11fb12fb12fb11fb11fa12fa12fa13fa13fa13fa13fa13fa13fa13fb13fb13fc12fc12fd11fc10
1194,182846282,-37,11,256,1,0,0,b6600b00fafaf4fbf0fbecfbe8fae6f9e4f9e4f8e4f8e6f8e8f8ecf9effbf3fef601f805fa08fc0cfc0ffc12fb13fa14f914f913f813fe0400000000000000000000000000000000000002010c040e060f08100a110c100d0f0e0e0e0c0d090b0707060305fe05fa06f507f108ed0aea0ce90de70fe70fe80eeb0ced0aef08f2dd000e0e0e0d0e0d0e0d0f0d0f0d0f0c0f0c100c100b100b100a0f0a0f0a0e0a0d0a0d0a0d0a0d0a0c0a0c0a0a0909080908080807080708070802020000ffffffffffff01000302090709080909090a090a090b090c0a0d0b0e0b0e0b0e0b0e0b0e0b0f0b0f0c100c100b100c0f0c0f0c0f0d0f0d0f0d0e0d0d0d0d0c0c0c0c
1195,182848115,-37,11,256,1,0,0,b6600b0008010bfd0ffa13f716f618f51af51af61af619f717f814f910f90bf906f902f7fff5fcf3faf0f8eef8ecf9ebfaebfbebfcebfffa000000000000000000000000000000000000fd01f304f104ee03ec02ea01ea00eafeebfdedfdf1fdf5fff801fb04ff07010c0310041404160419031b031c021b0119001601130110e600ebfcebfcecfcecfbebfbebfbebfcebfdebfdebfdebfeecfeedfeedfdeefdeefdeffdeffceffcf0fbf0fbf2fcf3fcf4fcf4fcf5fbf6fbf6fbfcfeffff000000ff0000fe00fb00f3fff2fff2fff1fef1fef0fdf0fdeffceefbedfbedfaedfaedfaedfaedfaecf9ecf9ecf9ecf9ecfaecfaebfaecfbecfbedfbeefbeffbeffb
1196,182855342,-36,11,256,1,0,0,b6600b0006050b041003150318041b051c061d061c061a061806140511030d0109fe06fa04f703f302ef03ec03eb04ea05ea06eb07eb01fb000000000000000000000000000000000000fcfff2fbf1faeff7edf5edf3eef2eef1f0f0f2f2f5f4f7f8f9fcf901fa06fa0bf80ff713f516f418f219f11af018f116f313f611f80ee200f2eef2eff1f0f1f1f1f1f1f0f1f0f1f0f0f0eff0eff1f0f2f1f3f2f3f3f3f3f3f3f3f2f2f2f2f3f3f4f4f5f4f7f5f7f5f8f5f8f5f8f5f9f6fdfcfffe000000000000fefffcfcf5f7f5f6f5f6f5f5f5f4f5f3f5f2f4f1f4f0f4f0f4f0f4f0f5eff5eff4eef4eef3eef3eef3eef3eef3eef3eef2eef2eef2eff3f0f3f1f3f1
1197,182876182,-35,11,256,1,0,0,b6600b000208070a0c0c100e12111413141414151415131410120e0f0c0b0907080207fe08f908f509f20bf00cee0dee0eee0fef0ff003fc000000000000000000000000000000000000fefcf9f2f9f0f9edfaebfbe9fde9fee9ffea00ed00f1fff5fcf9fafdf702f305ef08ec0ae90be60be40be30be409e708ea07ed06f006d70002e801e901e900ea00ea00ea00ea00e9ffe9ffe9fee9feeafeebfeecffecffecffecffecffecffedffee00f001f101f202f202f202f302f300fb00feff0000000000fffefffbfef1fef1fff100f100f001ef01ee01ed01ec02eb02eb03ec03eb04eb04ea04ea03ea03ea03eb03ea03ea03e902e901e901ea01ec01ed01ee
1198,182879672,-35,11,256,1,0,0,b6600b000208070b0b0d0e101013111512161217111610150e120c0f0a0b0907080208fe08fa0af60bf30cf10ef00fef10f010f110f204fc000000000000000000000000000000000000fefcfaf1faeffbecfceafde9fee900e901ea01ed01f1fff5fdf9fafdf601f204ee06eb08e809e509e308e208e406e705ea05ed04f104df0004e903ea02eb01eb01eb01eb01ea01ea00e9ffeaffeafeebfeecffedffedffedffedffedffedffee00ef00f000f101f201f202f302f302f300fb00feff00ff00ff00fffe00fb00f101f102f102f103f004ef04ee04ed05ec05ec05ec05ec06ec06ec06eb06eb06eb06eb06eb06eb05eb05ea04ea04ea03eb03ec02ed02ed
1199,182890466,-35,11,256,1,0,0,b6600b00f704f508f30cf110ef12ee13ed14ec14ec13ed11ef0ff20df60bfa09ff07030707070b080e09100a110b110c100d0f0d0e0d030300000000000000000000000000000000000003fe0cf90ff911f913fa15fb15fd15fe14ff11ff0dff09fe05fc01f9fdf7faf3f7f0f5ecf4eaf4e8f4e6f5e5f6e6f7e9f8ecf9eff9f2e10014fc13fc13fc13fc14fc14fb14fa13fa13fa13fa13fa13f912f911f910f910f90ffa10fa10fb0ffc0ffc0efc0dfc0cfc0bfd0bfd0afe0afe03ff01ffff00ff00ff0001ff04ff0dfe0dfe0efe0efe0eff0fff0fff10ff1200130013001300130013001301140114011401140014ff14ff14fe14fe14fe13fe13fe12fe12fe
1200,182893977,-35,11,256,1,0,0,b6600b00f6fcf1feecffe700e400e200e0ffe0fee1fee3fee6feeaffef00f402f804fc08ff0b010f031203140316021701170016ff16ff0500000000000000000000000000000000000003010e0510071209130b130d130f11100f0f0d0d0a0a0806070106fc05f705f106ed08e909e60ae40ce30de30de50ce80aeb08ee05f0e80010120f110f100f0f0f0f0f0f101010101110110f110f110e100d0f0c0f0c0e0c0e0c0e0d0e0d0d0d0c0c0b0b090a090a08090809070a070a02030001ffffffffffff010003030a090a0a0a0b0a0b0a0c0a0d0b0e0c0f0c100c110c110c110b110b120c120c130c130c120c120c120c120d130e120e120e110d100d0f0d0e
1201,182897803,-35,11,256,1,0,0,b6600b0009010efd13fb18f91cf91ef91ff91ffa1efa1cfb19fb14fc0ffc0afb06f901f7fdf4fbf0f9edf8ebf8e9f9e8fae8fbe8fce9fffa000000000000000000000000000000000000fcffeffeedfdebfbe9fae8f8e9f6eaf5ecf5eff6f2f8f6fcf800fb05fd0afe0ffe14fe18fd1bfc1dfa1ff91ff91dfa1afb16fc13fe0fe000eaf2ebf3ebf4ecf5ebf5ebf5ebf5ebf5eaf5eaf5eaf6ebf7ecf7edf7edf7edf6edf6edf6eef6eef6f0f6f1f7f3f7f4f7f4f7f5f6f5f6f6f6fcfcfffe000000000000fefffbfef1fbf1faf1faf1f9f1f8f0f7eff6eef5edf5edf4edf4eef4eef3eef3edf2edf2edf2edf2edf2ecf2ecf2ebf3ebf3ebf3ecf4edf4edf5edf5
1202,182902393,-35,11,256,1,0,0,b6600b00f5fff103ed06e908e509e309e209e108e208e406e705eb05f005f505fa07ff09030c060e0811091308150817071705160416000500000000000000000000000000000000000003ff0fff11ff14001602170317051606140711060e050a0207fe04fa01f5fff0feebfee7fee4ffe200e001e002e102e502e901ec00efe0001608150815071507150714071507150716061606160515041404130412051305130513051305120511050f050d050d050c050c050c060b0604020100ffffffffffff010004010d030d040d050d050d060e070f081008110911091109110a100a110b110b120b120b120a120a130a130b140b140a14091308120811071107
1203,182907686,-34,11,256,1,0,0,b6600b00f6fcf1fdecfee8fee5fee3fde2fde2fce3fce6fce9fcecfdf1fff501f904fc08fe0bff0f00120014ff16fe16fd16fc14fb14fe0400000000000000000000000000000000000003000e04100512071309130a120c110c0f0c0d0b0a080804060005fb05f605f206ed07ea08e709e60be50ce50ce60be909ec07ef04f2df000f100e0e0e0e0e0d0f0d0f0d0f0d100d110d110c110c100b0f0b0f0a0f0a0e0a0e0a0e0a0e0a0d0a0c0a0b090a090908090808080708070902030001ffffffffffff0100030309090809080a080a080b090c090c0a0d0b0f0b0f0b0f0a0f0a100a100b100b110b110b110b100b100c100d100d100d0f0d0f0d0e0c0d0c0d
1204,182947379,-34,11,256,1,0,0,b6600b00f9f2f5f0f2edf0eaefe8efe6f0e6f1e6f2e7f3e9f5ecf6f0f6f4f6f9f5fdf301f003ed05eb06e905e804e803e901ea00ebfefaff00000000000000000000000000000000000003010f0510061108120a120b110c100d0e0c0c0a0a07090309ff0afb0bf70df30ff011ee13ed15ed16ed17ee16f013f210f40cf409f5f400fc13fd12fd11fd11fd12fd12fe12fe12fe13ff13ff13001200110010001000100010ff10ff10ff10ff0fff0efe0dfe0cfe0cfd0bfd0bfd0aff03ff0100ff00ff00ffff01ff03fe0afd0afd0afc0bfc0bfb0cfb0cfb0dfa0efa0ffa0ffa0ffa0ffa0ff90ff910f910f910fa10fa10fa11fa11fb11fb11fc11fc10fc0ffc0f
1205,182950388,-34,11,256,1,0,0,b6600b000d051204160419051b061c081c091b0919091708140711050e020bfe09fa09f609f30bf00cee0eee0fee10ef11f110f310f404fd000000000000000000000000000000000000fc02f208f009ee08ec08eb07eb06eb04ed03ef03f303f605f907fc0bff0e001100150018001aff1bfd1dfc1cfc1afc16fd13ff10010df000f4f0f4f1f4f2f4f3f4f2f3f2f3f2f3f2f2f2f2f3f2f3f2f4f3f4f4f4f4f4f4f4f4f4f4f3f4f4f5f4f6f4f7f5f8f5f8f6f9f6f9f6faf6faf6fefcfffe000000000000fffffdfdf8f9f8f8f8f8f8f7f8f6f8f6f8f5f7f4f7f3f7f3f7f2f7f2f7f2f7f1f7f1f7f1f6f1f6f1f7f1f6f1f6f1f6f1f5f1f5f1f6f2f6f3f6f3f6f3
1206,182963743,-34,11,256,1,0,0,b6600b000a0b0f0c120d150f1611161315141414121310110e0f0c0b0b070b030bff0dfc0ff912f714f715f716f816fa16fc14fe13ff0400000000000000000000000000000000000000fc01f005ef04ed04eb03ea01ea00ebffecffeffff200f403f606f80af90df911f814f717f618f519f319f319f316f513f711fa0ffc0def00fceefceffceffbeffbeffbeffbeefbeefbedfaeefaeefaeffaf0faf0faf0faf0fbf1fbf0fbf1fbf1fcf2fdf2fef3fef4fef4fef5fff5fff5fffc00fe000000000000fffffefcfdf7fdf6fdf6fdf6fdf5fdf5fdf4fdf3fdf2fef1fef1fef1fef1fff1fff0fff0fff0fef0fef0feeffeeffdeffdeefdeffdeffdf0fdf1fdf1
1207,182966288,-34,11,256,1,0,0,b6600b000c0a100a140c160d17101711171215121411120f0f0d0d0a0c060b020bfe0dfa0ff811f613f515f616f716f815fa14fc13fd04ff000000000000000000000000000000000000fc01f106ef06ed06ec05eb04eb03eb01ed01ef01f202f504f707f90afb0efb11fb15fa17f919f81af61af51af518f715f912fc10fe0ef600faeff9eff9f0f9f0f9f0f9f0f9eff8eff8eff7eff7f0f7f1f8f1f8f2f8f2f8f1f8f2f8f1f8f2f9f2f9f3faf4fbf4fcf4fcf5fcf5fdf5fdf5fffcfffe000000000000fffffefdfcf7fcf7fdf7fdf6fdf6fdf5fcf4fcf3fcf2fcf2fcf2fdf1fdf1fdf1fdf0fdf0fdf0fdf0fdf0fcf0fcf0fbeffbeffbf0fbf0fbf1fbf1fbf1
1208,183036328,-26,11,128,1,0,0,1cc1114103f6fcf5fbfdf608f102f6fbfefcfffefa00f9fcfefb01ff0201000000010605060505040202fbfffaff010004fe03fb01fcffff000000000000000000000000000000000000fd01f904ff02010000fdfffbfdfffb02fc01fefffe01020004f8ffeeffed00f5fdfafaf9f1faeffff5fff6f403f31a04170cff03eef2
1209,183222258,-28,11,128,1,0,0,588ff541f902fe05f2f9edf3fbf605ef06f1050207060d031307120b0c0604fbfcfcf906fc07fd04fe03ff0202010201010202030105ff0100000000000000000000000000000000000002ff09010500fdfaff000409fe0bf507f400fcfe09060f0e100e0b09080007f600f3f9fcf500fcff06fc0af006eefcfcf905f703ebfb
1210,183224192,-27,11,128,1,0,0,daa11d410bf906f301fc0508020df80bf503f9fb01f707f805010009f802f6fa0001060404ff02fdfc01fbfffffb01fefefffafbf7fbfdff00000000000000000000000000000000000002000503010403ff05fb05000301fbf9f5f0f6f2f800f603f4fafbf2fff5fefe030409090e0914000cf7fbfcf2fef6fdfd04fc07f209
1211,183334877,-36,11,128,1,0,0,b6600b000ff20cf208f205f002ee00ecffeafee7fee5ffe400e301e402e503e703e903eb02ed00effff0fdf1fbf1f9f1f8f0f8eff8eefefb00000000000000000000000000000000000002ff09fd0bfb0df910f813f816f819fa1bfc1cfe1a0019021703140210000efd0dfa0cf60cf20def0fec11ea13ea14ea15eb16ec16ed
1212,183335149,-36,11,128,1,0,0,b6600b00140012fe10fb0ef80ef50ef20fef10ed11ec13eb14ec15ed14ef13f112f211f30ff40cf40af408f307f206f106f007ef07ee02fb000000000000000000000000000000000000020109040b030e03110414061609170c180e1610141211120f110d0e0c0b0c070d040f0112fe15fc18fc1bfb1dfc1dfe1dff1d011d02
1213,183335410,-36,11,128,1,0,0,b6600b000f0d0f0a0f061003120013fe16fc18fb1afb1bfc1bfd1bfe1aff180016011401120010ff0ffd0efb0efa0ef80ef80ff711f704fd00000000000000000000000000000000000000020409060a090b0b0e0c110c140b170a1a071b041a0219011701140310050e080c0b0a0e0a120a150b180d180f1810171117131613
1214,183335672,-36,11,128,1,0,0,b6600b000412050f070d0a0b0c090f0911091309150a160b160c150d130d120d100c0e0b0d0a0c080c060c040d020e020f01100110020400000000000000000000000000000000000000ff02fe09ff0aff0dff10ff13fd15fb17f818f617f515f413f411f60ff90dfb0cff0d020e050f071109140a1609180918081906190519
1215,183335937,-36,11,128,1,0,0,b6600b00f310f60ffa0ffd1000110313041505170619051a041b031b011a00180016001500120110030f050d060d080d090e090f09100204000000000000000000000000000000000000fd01f705f607f409f20bef0cec0de80ce60be509e506e704e903eb03ef04f206f408f60cf60ff612f516f418f219f119f019ef18ee16
1216,183336202,-36,11,128,1,0,0,b6600b00ee06f107f309f60bf80df810f912f814f816f717f617f516f415f413f511f610f70ef90dfb0dfd0dfe0dff0e000fff10ff11ff04000000000000000000000000000000000000fdfff6fff500f201ef01ed01eaffe8fde7fbe7f9e9f7ebf6edf6eff8f1faf2fdf200f204f107ef09ed0bea0ce90ce80be70ae609e608
1217,183336470,-36,11,128,1,0,0,b6600b00eefaeffcf0fff102f105f007ef09ed0beb0cea0ce90be90ae909eb07ec06ee06f006f206f407f508f609f60af60bf50cf50cfd03000000000000000000000000000000000000fefef9f9f7f9f4f8f2f7f0f5eef2eeefeeedf0ebf3ebf5ebf6ecf7eff8f2f7f5f5f8f2fbeffcedfde9fde7fce6fbe6fae6f8e6f7e7f6
1218,183336733,-36,11,128,1,0,0,b6600b00f6eff6f2f5f5f3f8f0faeefbecfceafce8fce7fbe7fae7f9e9f8eaf8ecf8eef9f0faf1fcf2fef2fff201f102f002f002ef02fb00000000000000000000000000000000000000fffdfff6fdf5fcf3fbf0fbedfceafee800e602e604e805e906ec05ee03f000f2fcf3f9f3f6f3f4f1f1eff0edefebf0eaf1e9f2e9f3e9
1219,183336998,-36,11,128,1,0,0,b6600b0004ed02effff0fcf1f9f1f7f0f4eff3eef2ecf2ebf2eaf3e9f5eaf6ebf7edf8eef9f0f8f2f7f4f6f6f5f7f4f7f3f7f3f6f2f5fcfd00000000000000000000000000000000000001fe05f805f606f407f109ef0cee0fed11ee13ef13f213f412f510f70cf709f606f404f202f001ed01ea01e702e503e505e506e607e7
1220,183337263,-36,11,128,1,0,0,b6600b0011f50ef40bf308f106ef04ed03ea03e803e603e405e406e407e607e807ea06ec05ee04ef02f000f1fef0fcf0fceffceefcedfffb00000000000000000000000000000000000002ff09fe0bfd0efb11fa14fa17fb1afd1bff1b021a0418051605130411020fff0dfc0df80ef50ff212ef14ed16ed17ee17ee18f019f1
1221,183338288,-36,11,128,1,0,0,b6600b00fa11fc0fff0e020e050e080f0a100c120c130d140c150b160915081407130611060f060d070b080a09090b080c080c090d0a0302000000000000000000000000000000000000fe01f906f908f90bf70df50ff210ef11ed10eb0eeb0ceb0aed09ef08f307f608f80afa0cfc0ffd12fd15fc18fb19fa19f919f819f718
1222,183342305,-27,11,128,1,0,0,8dd1184103e505f005ff0b0408fbfef202f70701070605050103060207040005fd0300070a0d11060cfe05fd0000fc03fc05010102f500fb000000000000000000000000000000000000fe02fd0601fe02fb05fa07fd0303fe0202020aff0fff0a08fa09f503fb02f805f80af708f001f4fbf5f8f5fff601f4f8f2fcf202f9f9
1223,183347704,-36,11,256,1,0,0,b6600b00eafded00ef03f006f10af10df010ef12ed13ec14eb13eb12eb11ec0fed0eef0df10cf30bf60cf80cf90dfa0efa10fa11f911fe04000000000000000000000000000000000000fefef8f9f5faf2f9eff8ecf6eaf2e9efe9ecebeaeee9f1e9f3ebf4edf5f2f5f6f3f9f0fdedffea01e602e301e100e1ffe1fde1fce1fbf700faf2faf3faf3fbf3fbf3fcf3fbf2fbf3faf3faf4faf4faf4fbf5fbf6fbf6fbf6fbf6fbf6fbf6fbf6fcf7fcf7fdf8fdf8fdf8fdf9fdf9fef9fffdffff000000000000fefffcfdf6f7f7f6f7f6f8f5f8f4f8f3f8f3f8f2f8f1f9f1f9f0faf0faf0faf0faf0faf0fbf0fbf0fbf0fbf0fbf0faf0faf0faf1fbf2fbf3fcf4fcf4
1224,183351402,-25,11,128,1,0,0,cccccc410d010df807de04db00e6f9f1edfbeeff05fb18fe14050000f5f8fafb0104070405010302090208fb04fa0103ff07fefffcf8fefd000000000000000000000000000000000000fd00f201f7030006fd02edfde6fef60207fd0bf308ecfef0f703f60ff60d02080604f9fffffc0d001005090afa09ff0810120d17fd15
1225,183360992,-37,11,128,1,0,0,b6600b0013ff11fd0efa0cf70bf40af10aee0bec0cea0de90ee90fea10eb0fed0eef0df10bf209f306f304f302f301f200f000ef01ee00fb0000000000000000000000000000000000000101070409040d03100413061509160c170f1511131211120e120c0f0b0c0b080c040d000ffd13fb16fa19f91bfa1cfb1cfc1dfe1dff
1226,183383006,-37,11,128,1,0,0,b6600b000812080f090b0b080d060f04110314021602180318041805170616071407120710060e050d030c010cff0cfe0dfd0efc0ffc03ff000000000000000000000000000000000000ff02fe080009020b030e031103140117ff19fd19fb18f917f815f912fb0ffd0d000c040c070c0b0d0d0f0f12101310140f160e170d17
1227,183383260,-37,11,128,1,0,0,b6600b00f916fb13ff11020f060f090f0c100f1111121114111610170f170d160b150a140911080e090c090a0b080c070e060f0610070401000000000000000000000000000000000000fe01f805f808f70bf60ef411f112ee13ea13e812e80fe70de80beb09ef08f309f60af90dfc10fe13fe17fe1afe1cfd1dfb1efa1ef81d
1228,183384568,-37,11,128,1,0,0,b6600b000911090e0a0b0b070d050f03110214011601170118021803170416051405120510050e030d020c000cfe0cfc0cfb0dfa0efa03fe000000000000000000000000000000000000ff02fe080009020b030e031103140117ff19fd1afb19f917f915f913fb10fd0d000c040c070c0a0d0d0f0f111013101410150f160e16
1239,183430824,-37,11,128,1,10,0,b6600b00011a011a0219021902180317031704170516061606160716071707160617051704170217011600140013001200110010000f00030000000000000000000000000000000000000004011001110112011301150116ff18fe19fd19fc19fb19fb19fb18fc17fc16fd17fe18ff1800180019001a011a0119011a011a011b
1240,183442389,-37,11,128,1,10,0,b6600b00ee0ced0ded0ded0eec0dec0ded0ced0cee0bef0bf00cf10cf20cf20cf20df20df10df10df00cf00bf00af108f107f206f206fc01000000000000000000000000000000000000fc01f106f106f007ef06ee06ed05ec05eb05eb04ec04ec04ec04ec05ec06ec07ec07eb08eb08ea08e908e908ea08eb07ec07ec08ec09
1242,183478499,-36,11,128,1,11,0,b6600b00f70df811f813f815f717f617f517f417f315f414f512f710f90efc0dff0d010e030f041004120413031302140013ff12fe11ff04000000000000000000000000000000000000fcffeffeeefdedfbecfaecf8ecf7edf6eef6eff7f1f8f2fbf2fdf100f003ef05ec07ea08e809e708e608e507e605e904eb04ed05ef05
1245,183485486,-36,11,128,1,13,0,b6600b0009f408f008ed08ea0ae90be80ce80de90de90deb0ced0aef08f105f202f200f2fef1fceffbedfcecfcecfdebffec00ec01ed00fb00000000000000000000000000000000000003000f041005120612081309120b110c100d0e0c0d0a0c070c040d010efe10fc13fa15f917f819f91afa1bfb1afc17fd15fd13fd11fc
1247,183571634,-92,11,128,1,14,0,77744741ff01fd00fc00fefffefcfdfd000306040605000bfc0ffa0ffd08fe00f704f70400fc04fb02ff02ff0100010007ff0aff0702010000000000000000000000000000000000000001fe02fc0000ff01fe00fc00fc00ff00fffffdfdfdfefefffdfffe0001ff01fffefefefdfffe00fe01fb00fc01000001ff0000ff02ff
1248,183649570,-38,11,256,1,14,0,b6600b00010c0106020003fb03f504f105ed05e905e705e505e505e605e804ea03ee02f200f6fefafcfef902f705f507f309f10af00afb02000000000000000000000000000000000000fffffcfcfaf9f7f6f5f2f3eff2ecf2eaf2e9f3e8f4e9f6ebf8eefaf2fcf7fdfcfe020008010d011202160219021b021c021c021a0218d400ef12ee12ee12ee12ee12ef12ef12f012f012f012f112f112f112f111f111f111f110f20ff20ef20ef20df20cf20bf30bf30af209f209f208fb02fe0000ff00fe00ffff01fd06f711f610f510f410f311f211f111f112f012ef12ee12ed12ec11ec11ec11ec11ec11ec11ec11ec11ec12ec12ec12ed12ed12ed12ed11ed11
1249,183652066,-35,11,256,1,14,0,b6600b00f204f803ff0305030c03110316031a031d031f0320031e031c031902140210010b0006fe01fbfdf8f9f6f6f4f4f2f2f0f1eefcfb00000000000000000000000000000000000000ff03fb05f808f40cf00fed12ec15ea17ea17eb17ee15f012f30ef608f903fcfcfff601f103eb05e606e207e008e008e008e008e107ca00f4f6f4f7f4f7f4f8f4f7f4f8f4f7f4f8f3f8f3f8f3f8f4f8f4f9f4f9f5f9f5f9f5f9f5f8f5f8f6f8f6f8f7f9f8f9f9f9f9f9faf9faf9faf9fefdffff000000000000fefffcfef6fcf6fcf6fbf6fbf5faf5faf5f9f4f8f3f8f3f7f4f7f4f7f4f6f5f6f4f6f4f5f4f5f4f6f4f6f4f6f4f6f4f6f4f6f4f6f4f7f5f7f5f8f6f8
1250,183658445,-37,11,256,1,14,0,b6600b000b08060301fffcfbf7f6f3f3eff0ecedeaebe9eae8eae9eaeaecedeef0f1f3f5f7f9fafefd020007020b040e0511061406150105000000000000000000000000000000000000fffffafef7fdf2fcedfae9f8e6f6e4f5e3f4e3f3e5f2e8f3ecf4f0f7f6fafbfd010106050b08100c140f18111a131b141b141a131912c000fd1efd1ffd1ffe1ffd1ffd1efd1efd1dfd1dfe1dfe1dfe1dfe1cfe1cfd1bfd1afc1afb19fb19fa18fa17f916f915f814f813f712f611f610fc05fe0100fffffeffff010204070b140a150916071706180519041a041b031c021d021e011e011f001f001fff1fff1ffe1ffe1ffe1ffe1ffe1ffe20fe20fe20fe20fe20fe20
1251,183690374,-37,11,256,1,14,0,b6600b00050e03080002fdfcfaf6f8f1f5ecf3e9f1e6efe5eee4eee5efe6f1e9f4ecf6f1f9f6fcfbfe000005020a040e0511051405160105000000000000000000000000000000000000fffffdfcfcf8faf4f8f0f7ecf6e8f6e5f6e3f7e3f7e4f8e6faeafbeefdf4fffa01000206040c06120816091a0b1d0c1d0c1e0c1d0c1bc000f51ef51ef51ef51ef51ef51ef61ef61ef61ef61df71df71df71df71df61cf61cf61bf61af519f518f517f416f415f414f413f312f211f110fa05fe0100fffffe00ff000200080016ff16fe17fd17fc18fb18fa19f91af81bf81cf71cf61cf61cf51cf51df41df41cf41df41df41df41ef41ef51ef51ef51ef51ff41ff41f
1252,183694369,-37,11,256,1,14,0,b6600b00f70dfb07fe0102fc04f607f109ec0ae80be40ce20ce10be20ae409e607ea06ef03f401f9fefefc03f908f60bf40ef210f111fc0400000000000000000000000000000000000000ff01fb03f806f408f00bed0dea0fe810e711e711e910eb0eef0cf208f704fb0000fc06f80bf50ff214f017ef1aee1bee1cef1bf119c700e106e006e007e008e008e108e108e209e209e209e209e30ae30ae30ae40ae409e408e407e507e606e606e706e805e904ea03ea02ea01ea00f800fdff00ff01ff00fffd01f803ea09ea08e907e806e705e605e504e404e304e204e204e104e103e103e002df02df02df02df03e003e004e004df04df04df05df06df06df06
1253,183711982,-36,11,256,1,14,0,b6600b000ffd09fe02fefbfff400ef01ea01e502e203e003df04df04e103e403e802ed02f302f902ff0205030a040e051206140715080502000000000000000000000000000000000000ff00fc01f803f405f007eb08e809e509e309e209e307e506e905ee03f302f90100ff06fe0dfd13fc18fc1cfb1ffa20fa20fa20fa1efac0000c080d080d080d080d080d080d080c080c080c080c070c070c070c070c070c080b080b080a080a080908090808080808070806080608050802030000ffffffffffff010003000a010a020b020b030b040b040c050c050c060c060c070d070d080d080d080c080c080c080c080c080d080d080d080d080d080d080d080d08
1254,183713578,-36,11,256,1,14,0,b6600b00f3f5f7fafcff0005030a070f09130c170d1a0e1c0e1d0e1d0d1b0b1909150710060b050504ff04fa04f504f106ed07eb08e902fa0000000000000000000000000000000000000000040108000c001101150119031c041d051d061c071908150711060b03060100fdfafaf5f6f1f3ecf0e9ede7ebe6eae6eae7eae8ebc70006e305e205e205e204e204e203e203e203e304e304e303e303e303e303e403e504e505e505e505e605e706e806ea07eb07ec08ed09ed0aee03f901feff0000010000fffdfef8fdeafdeafeea00e901e901e802e703e603e504e404e405e406e407e407e408e308e307e307e306e306e306e306e206e206e206e106e106e1
1255,183719282,-37,11,256,1,14,0,b6600b00f40af906ff0205ff0afc0ff913f717f519f31bf21cf11cf21af318f414f610f80bfa05fbfffcfafcf5fcf1fceefcebfbe9fafafe00000000000000000000000000000000000000ff01fc02f804f406ef08ec0ae90ce70de60fe60fe80eea0dee0af107f602fafefff904f508f10ced0fea12e814e714e715e814e913c400e5f6e4f6e3f5e3f5e3f5e3f5e4f6e4f6e4f7e4f7e4f8e4f8e5f8e5f8e5f7e6f6e6f6e7f5e8f5e9f5eaf5ebf5ecf5edf5eef4eff4f0f3f1f2fafbfefe000001ff0000fd00f800ea02ea00e9ffe9fee8fce8fce7fbe6fae5f9e5f8e4f8e4f7e4f7e4f6e4f5e4f5e4f4e4f4e4f4e4f5e4f5e3f5e3f5e3f6e3f6e3f6e2f6e2f6
1257,183728435,-37,11,256,1,15,0,b6600b000ffe08fe02fdfbfcf5fcf0fbebfae7f9e4f8e2f7e1f7e1f7e3f7e6f8eaf9effbf3fdf800fd030106040a070d090f0a110b130205000000000000000000000000000000000000ff00fc02f905f608f20aee0deb0ee90fe70fe60fe60de80aeb08f006f504fb03010107ff0dfe12fd17fd1bfc1efc20fc20fd1ffd1dfdcd000a090b090b090b090b090b080b080a080a080a080a080a080a080a080a08090809080908080808080808070806080607050705070408040801020000ffffffffffff010003000a020a030a030a040a050a050a060a060b070b070b080b080b080b090a090a090a090a090a090b090b090b090b090b090b090b090b090b09
1261,183754379,-37,11,256,1,18,0,b6600b00f70dfc08000405ff0afb0ef812f516f218f11af01bf01bf019f217f313f50ff70af805f9fffafafaf5faf2f9eff8ecf7ebf6fafd00000000000000000000000000000000000000fffffbfef8fcf3fbeffaebfae7fbe4fce2fde2fee3ffe500e800ed00f3fef9fdfffb05f90bf710f415f218f11bf01cef1cef1bf019d500e304e304e305e305e305e405e405e506e506e507e607e607e607e607e606e705e705e704e804e903e903ea02eb02ec01ed01ed00edffedfef9fffeff00ff01ff00fffe01f903ed09ed08ec07eb06ea06e905e805e704e704e604e503e403e403e402e302e302e302e302e302e302e303e303e303e304e304e304e304e204
1263,183784375,-36,11,256,1,19,0,b6600b000e08090405ff01fafdf5f9f0f6ecf4e8f3e5f3e2f3e1f3e1f5e3f6e5f8e9f9eefaf3faf8fafef903f808f70cf50ff311f112fc04000000000000000000000000000000000000fffffb00f802f404f006ec07e808e508e307e206e204e403e802ec01f201f802fe0304040a061008150a190c1b0e1d101d101c111b10ca00071b071b061c061c051c061c061b061b061b051b051a051a041a041a041a031a02190119011800180017ff16fe15fd14fc14fb13fb12fa12fd06ff0100ffffffffff010104040d0d0c0e0c100b110b120b130a140a150a160a17091809180819081a071a071a061a061b061b061b061b071b071b071b071b071b061c061c
1268,183812378,-90,11,128,1,23,0,4ff11400f707fa06ff050005ff08020905090609090a0a0c080b0609050a040a03090509030700050103030002fd02fc04fd07fd07fc01ff0000000000000000000000000000000000000000ff00fd01fb00f9fff8fef7fdf4fbf6faf9f8faf9fafbfbfdfafdfcfdff00ff03fa04f904fb05fb09f50cf20ff60ef80cf60cf10e
1271,183843271,-36,11,256,1,25,0,96600900f207f706fd07030708090c0a100c120e1410151215131413121310110d0f0b0c0908080408ff08fb09f70af50cf30ef20ff104fc000000000000000000000000000000000000fffefef9fcf7f9f5f7f2f6eff5ecf5e9f6e7f8e7fae7fbe9fcecfdf0fcf4fbf9f9fef603f407f10aee0ceb0ee80fe70fe60ee70de80cda00eff2eef2edf3edf3edf3edf4eef4eef4eef4eef4eef4eef4edf5eef5eef5eff5eff4f0f4f0f4f0f4f1f5f2f5f3f5f5f5f5f5f6f4f6f4f6f3fcfbfffe000000000000fefffafef1fbf1faf1f9f1f9f1f8f1f7f0f6f0f5eff5eff4eff4eff3eff3f0f2f0f2f0f1eff1eff2eff2eef2eef2eef2eef2eef2eef2edf2edf2edf2
1272,183851607,-37,11,256,1,25,0,96600900f8f2f8f7f8fdf603f508f20cf010ed13eb14e915e815e813e911eb0fee0df20bf609fb0900090409080b0a0d0c0f0d110d12030400000000000000000000000000000000000001ff07fe08fc0bf90ff712f616f518f61af71bf81afa18fc15fd10fd0bfd06fb01f8fcf5f8f2f5eef2ebf1e8f0e5f1e4f2e3f3e4f5e5e0000ced0cec0dec0dec0cec0bec0bec0aec0aec0aec0aec0aec0aec0aec0aec0aed0aed0aee09ee09ef09f009f009f109f10af20af30af40bf404fc01feff00ff00ff0000fe01fa05f006f107f108f109f109f00af00bef0bee0cee0cee0dee0dee0eee0eee0eee0fee0fee0fee0fee0eee0eed0eed0ded0ded0ded0ded0ded
1275,183878887,-36,11,256,1,27,0,b6600b00f60cfb09010807070c0811081509180b1a0c1b0e1b0f1a10170f140e110c0e090c050a0109fc08f809f40af10cef0eee0fee04fb000000000000000000000000000000000000fefefafaf7f9f3f8f0f6edf3ebf1eaeeebececebeeebf1ecf3eef5f2f7f7f7fcf702f707f50cf311f114ef17ed18ec19eb18eb16ec14e500ebf8eaf8e9f8e9f8e9f8e9f9eaf9eaf9eaf9eaf9eafaeafaeafbebfbebfaecf9ecf9ecf8ecf8edf8eef8eff8f0f8f1f8f2f7f2f7f3f7f3f6fbfcfefe000001ff0000fe00fa00ef00efffeffeeffdeffceefceefbedfbecfaebfaebf9ebf9eaf8ebf7ebf7eaf7eaf7eaf7eaf7eaf7eaf7eaf7e9f7e9f8e9f8e9f8eaf8eaf8
1276,183914793,-90,11,128,1,27,0,4ff11400f601f702f802fb02fe0303060709070c050f050e060b050a030a020a0208030604060506050403ff02fc04fd05ff060008000200000000000000000000000000000000000000fffefcfbfbfcf8fcf6fbf6faf8f7f8f5f9f3f9f2faf4faf5faf7fcfbfcfbfafbf9fef801f804f904f706f408f307f305f304f104ef06
1277,185348408,-92,11,128,1,27,0,4ff11400f8f8f8fafa00fb03f902f602f303f205f305f204f303f402f301f600fafffafcfafafbfdfc00fb01fa02fa04fa05f804f704fe00000000000000000000000000000000000000fe00fc02fc02fb00f9fff600f400f6fef7fdf6fbf8fbfbf8fcf6faf9f9fbf9fcfafcfafdfafef8fff4fff000f000f1fbf1f9f1faf5fd
1278,185417762,-35,11,256,1,27,0,6aa00600e6fae9fbedfdf000f303f508f60cf510f514f316f118ee18ec17eb16eb13ec10ed0ef00bf40af709fb0afe0c000e011001120004000000000000000000000000000000000000fffdfff4fdf5faf6f7f5f4f4f1f2efefeeedefeaefe8f1e7f3e6f5e8f7eaf7edf7f1f6f5f4f9f1fceeffea00e701e401e200e0fee0fde500f1f6f1f5f1f5f2f4f2f4f2f4f2f4f2f4f2f4f2f4f2f4f2f4f2f3f3f3f3f3f3f2f4f2f5f1f5f1f6f1f6f1f7f2f8f2f9f2faf2fbf2fcf2fcf1fefafffe000000ff0000fe00fc00f501f400f4fff4fff4fef3fdf3fcf2fcf2fbf1faf1faf1f9f1f8f1f8f1f8f2f8f2f7f2f7f1f7f1f6f1f6f1f6f1f6f1f6f1f6f1f6f1f6f2f5
1279,185422714,-35,11,256,1,27,0,6aa006001a091608130610020efe0df90df50ef010ed12ea15e917ea19eb1bed1af019f317f513f70ff80bf707f605f304f104ee04eb01fa0000000000000000000000000000000000000003010c020b050b080b0b0d0e0f1012111511170f1a0d1b0b1b091a081707140710090c0b080e05120316011a011d021f0321052106e6000606060606070607060706070607060705070507050705070507050704080408030803080308030802080208010801080007ff07ff07fe07ff02ff0000ffff00ff0000ff01ff05ff05ff05ff0500060006010601060207020702070307030703070307040704070407040705070506050605060506050605060506050605
1280,185444069,-35,11,256,1,27,0,c5544c00e707ea06ed06f107f509f80cfb0ffc13fc16fb19fa1bf81cf61cf41bf319f216f313f410f70dfa0cfe0b010c030d041004110104000000000000000000000000000000000000fdfdf7f7f6f9f4fbf2fdeffdecfde9fce7fbe5f9e5f6e6f4e7f3eaf2ecf4eef6f0f9f1fcf200f104f007ee0beb0de80ee60ee40de20cf300ef01ef00ef00efffeffeeffeeffeeffeeefeeffeeffeeffeeffeeffdeffdeffcf0fbf0fbf0faf1faf1faf2f9f3f9f4f8f4f8f5f8f5f7f6f7fcfcfefe000000ff00ffff01fd02f907f807f706f606f505f505f505f405f405f304f304f203f103f103f102f102f102f102f102f001f001ef01ef01ef01f001f001f000f000
1281,185758022,-91,11,128,1,27,0,4ff11400fe04ff02010304020700080009ff0cfe0efe0dfd0c010b020c000c000aff09ff07010602040000fcfefafefafdfafdf9fff700fd000000000000000000000000000000000000fffefdfcfcfdfafdf8fcf9fbfafcfafcf8faf7f7f5f3f5f5f6f8f8f9fafbfefdfe00fa05f907fb08fa06f607f80bfc10fc13f713f511
1282,185860428,-92,11,128,1,27,0,4ff1140007fa04fb03fb02fa01fafdf8faf7f9f8f8faf6f8f6f4faf4fbf4fbf4fbf6fdfafffbfefcfefffe02fc01fa01fb02fa02f902fe000000000000000000000000000000000000000000040106020500040006040505050506060608050b050b040a010801040303040205ff07fc0af90af70af50af60bf70cf50bf50cf5
1283,186486491,-35,11,256,1,27,0,36655300f4eff6f3f6f8f5fdf402f207ef0bec0de90fe60fe40fe30de30ce409e707eb05ef05f305f807fb09fe0c000f01120014ff16ff0500000000000000000000000000000000000001fe06fa05f805f406f107ee09ec0cea0ee910e911eb12ed11f00ef20bf406f502f5fdf5f8f4f4f2f1f0eeeeecebece9ece7eee6efe6ed0006ec06ec06eb07eb07eb06eb06eb06eb06ec06ec06ec06ec06ec06ec07ec07ec08ed08ed08ee09ee09ef09f009f00af10af20bf30cf40cf504fc01ffff0000000000fffefefbfdf3fdf3fef3fff2fff200f100f001f001ef01ee02ee03ee03ee04ed04ed04ed05ed05ed05ed05ed05ed05ec05ec05ec05ec05ec05ec05ec
1284,186489952,-36,11,256,1,27,0,3665530010f60cf607f602f6fdf4f8f2f5eff2ecf0e9f0e6f0e4f1e4f3e4f6e5f8e7f9ebfaeffaf3f9f8f6fcf4fff101ee01eb01e900fa000000000000000000000000000000000000000001040606060a060d071009120b140d14101412121310130e120c0f0a0c090809030afe0bf90df510f212ef15ed17ed18ed19ef19f0ec0012061206130714071406130613061306120612061206130613061306130612071208120811091109100910090f090d0a0c0a0c0b0b0b0b0b04040101ffffff00ff0001ff04ff0cfe0cff0cff0d000d010e010f020f0210031103110411041105110511061206120612061206120612061206120612061206130613061306
1285,186697218,-35,11,256,1,27,0,96600900f5ecf6f1f6f6f5fcf401f106ef0aeb0de80ee50fe30ee10de20be309e507e905ed04f105f606fa08fd0bff0e00110014ff16ff0500000000000000000000000000000000000001ff07fb06f806f507f109ee0beb0ee911e813e914ea14ed13ef11f20df309f504f5fef4f9f3f5f1f1efeeecece9ebe7ece5ede4efe4e20005ea06ea06ea06ea06ea06ea05ea05ea05ea06ea06ea06ea05ea06ea06eb06eb07ec07ec07ed08ed08ee08ef09ef09f009f10af20bf30cf304fb01feff0000000000fffefefbfcf2fdf1fef1fff1fff000f000ef01ee01ee02ed02ed03ed03ed04ed04ed05ec05ec05eb05eb05eb05eb05eb05eb05eb05eb05eb05eb05eb
1286,186698737,-35,11,256,1,27,0,96600900ee0df20bf70afd0a020b070d0c0f0f11111412171219111b0f1b0d1a0b1808150711060d070808040b000efe11fc14fc16fd05ff000000000000000000000000000000000000fefefaf9f8f9f4f9f0f9edf8eaf6e8f3e7f1e8efe9eeebededeef0f0f2f4f4f8f4fdf402f407f30bf00fee13ec15ea16e816e715e713e500ebfcebfbeafbeafbeafbeafbeafbeafbebfcebfcebfcebfcebfcebfcebfcebfbebfbebfaecfaecfaedf9eef9eff9f0f9f0f9f1f8f1f7f1f6fafcfefe000000ff0000fe00fb00f201f200f1fff1fef0fef0fdeffdeffdeefceefcedfbedfbedfaedfaedfaedf9edf9edfaecfaecfaecfaecfaebfbebfbebfbebfbebfbebfa
1287,186763445,-93,11,128,1,27,0,cccffc4100020001fe01fffe02fbfffbfcf9fafafc03010bfd0af203f4fffe02070107fe04fb01fcfe00fc00fc00000006fe07010206000200000000000000000000000000000000000000ff00fe00ff000001010001ff00ff01ff020001000000fefffdffff00ff01ffff00fe01ff010001020103ff02fd01fdfefdfcfffe02
1288,186782040,-91,11,128,1,27,0,4ff1140004090607060206fc05fb05fc07fb08f909f80af80bfa0bfb0bfc0cfc0bfc0afc08fb04fc01fdfffcfefbfffcfffbfdf8fbf7fefe000000000000000000000000000000000000ff01fe05fe06fe06fd06fb04fa05fa07f807f605f604f603f703f904fa05fc04ff030102020304050607060c0610061107120611040f
1289,186805375,-35,11,256,1,27,0,6aa0060011fd0dfc09fa05f702f3fff0feecfde9fde6fee4ffe201e202e303e504e804ec02f000f3fdf6f9f7f6f8f3f8f0f7eef5edf4fbfc00000000000000000000000000000000000000010307050808090a0b0c0d0d100e130d150c160a16091607140611060d060908050a010dfe10fb14f917f819f81bf81cf91cfa1bfbe7000b0e0b0f0b0f0b100b0f0b0f0b0f0b0e0a0e0a0e0b0f0b0f0b0f0b0f0a0f0a0f090f081008100810070f070f060e050e040e030e020e020e00050001ffffffffffff010003010a050a060a060a070a080a090a0a0a0a0a0b0a0c0a0c0a0d0a0d0a0d0a0e0a0e0a0e0a0e090e0a0e0a0e0a0e0a0f0a0f0b0e0b0e0b0e0a0e
1290,186807335,-35,11,256,1,27,0,6aa00600ee02f203f605fb08fe0c010f031304160419041b021d011dff1cfe1afd17fd13fe0f010c030907060a050e041005120613080502000000000000000000000000000000000000fffefef8fbf7f9f5f6f3f4f0f3edf3ebf3e9f5e8f6e7f8e8faeafaeefaf2f9f6f7faf5fef201ef04eb06e807e507e307e206e204e303df00f4f0f3f0f3eff3eff3eff3f0f3f0f3f0f3f0f3f0f3f0f3f0f3f0f3f0f3f0f4f0f5eff5eff6eff6eff6eff7f0f8f1f9f1faf1fbf1fbf1fcf0fefafffe000000000000fefffcfdf5faf5f9f5f8f5f8f5f7f5f6f5f6f5f5f4f4f4f3f4f3f4f2f4f2f4f2f5f2f5f1f4f1f4f1f4f1f4f1f4f1f4f0f4f0f3f0f3f0f3f1f3f1f3f1
1291,186809727,-35,11,256,1,27,0,6aa006000f090c050a0108fc08f708f209ee0aeb0ce80ee710e611e711e911eb10ee0df10af406f502f6fef6faf5f7f3f5f1f5eff5edfdfb000000000000000000000000000000000000fe01fc07fd09fe0cfe0ffe12fd15fc18fa19f819f718f616f613f810fa0dfe0b020906070b070f0713071708190a1a0c1a0d190e180fe30001130114011401140114021402130213021302130213021302130213021301130013ff13ff12ff12ff11fe11fe10fd0ffc0ffc0ffb0efa0efd05ff0100ffffffffff00010103050b050b040b040c030c030d030e020e020f0210021002110111011100110012001200120012001200120012011201130113011301130113
1292,186811065,-35,11,256,1,27,0,6aa00600f4f2f5f6f6fbf600f505f30af10def10ec12ea12e812e711e70fe90deb0bee09f208f607fb08fe09010b030e041005130415010500000000000000000000000000000000000001fe05fa05f805f405f107ee09ec0bea0de90fea10eb10ed0ff00cf209f405f500f6fbf6f7f5f3f4eff2ecf0ebeeeaecebeaece9eee9e70002ec03ec03eb04eb04eb03eb03ec03ec03ec03ec03ec03ec03ec03ec03ec04ec04ec05ed05ed05ee05ef05ef06f006f107f107f208f308f303fb01feff0000000000fffefefbfdf3fdf3fef3fef3fff2fff100f100f000ef01ef01ee02ee02ee02ee03ee03ee03ed03ed03ed03ed03ed04ed04ec03ec03ec03ec03ec03ec
1293,186812438,-35,11,256,1,27,0,6aa0060012050e020bfe08f906f404ee04ea05e607e308e10ae00ce10de30ee60de90bed08f004f300f5fbf5f7f5f4f4f1f2f0eff0edfbfb000000000000000000000000000000000000ff02ff08010a030d051006140617051a041c011dff1dfe1bfd18fe14ff10020c050809050e03130117011b011e022004200520071f07e800030a030a020a020b020b020a020a020a020a020b020b020b020b010b010a010a000a000aff0aff0aff0aff09fe09fe08fd08fd08fc08fc07fe02ff0000ffffffffff000002010503050305040505050505060506050605070507040804080408040804080409040903090309030903090309040a040a040a040a030a030a
1294,186813831,-32,11,256,1,27,0,6aa0060005ec02f0fdf4f9f7f3f9eefaeafae6f9e3f8e1f7e0f5e1f3e3f2e7f2eaf3eef4f1f7f3fbf5fff604f507f40bf20df00eed0ffb03000000000000000000000000000000000000020008000afe0dfb10fa13f916f91afa1cfb1dfd1bff1a001801140010ff0cfd08f905f503f101ec01e701e302e103e004e006df07e0ed000afe0afe0afe0afe0afe0afe0afe0afe0bfe0bfe0bfe0bfe0afe0afe0aff09ff09000a000a0009010901080108010701070107020602060302010000ffffff00ff0000ff01fe04fb04fb04fb05fb05fc06fc06fc07fc08fc08fc08fc08fd08fd08fd09fd09fd0afd0afd09fd09fd09fd0afd0afd0afd09fd09fd08fd08fd
1295,186815210,-32,11,256,1,27,0,6aa006000aef06f201f4fbf5f6f6f1f6ecf5e8f4e5f2e4f0e4eee5ede7edeaededeff0f1f3f5f5f9f6fdf602f406f209f00bee0cec0cfa030000000000000000000000000000000000000101070309020d011001140117021a041b061b081909170a150a12080f050c0109fd08f807f307ee08e909e50be30ce30de30fe310e5e40015fe15fe15fe15fe15fe15fe15fe15fe16fe16fd16fd16fd15fd14fd13fd13fe13ff140014001400130111010f010f020e020e030e030e0405010100ffffff00ff0001ff03fe0bfa0bfb0bfb0cfc0dfc0efc0ffd10fd11fd12fd12fd12fe12fe12ff13ff13ff14ff14ff13ff13fe14fe14fe14fe14fe13fe12fe11fe11fe
1296,187089277,-91,11,128,1,27,0,4ff1140000f6fef9fdfcfcfcfafcfafff8fff5fcf3fdf200f100f2fef4fdf7fcf9fbfafbfcfcfefcfefffd02fd02fb03fc06fc06fa04fe000000000000000000000000000000000000000000010102fe04fe05fd07fb09fe0a010b000a000aff08ff0500040004fe03fa02f802f602f600fa01fa01f503f207f204ee02ed06f1
1297,187191667,-90,11,128,1,27,0,4ff11400f8fbf9fcfafefb00fb04fc04fb05fb08fa09f50af40cf40df30bf508f705f703f703fa04fd02fd01000302050306010701060001000000000000000000000000000000000000ff00fefefcfafcf6fef7fdf7fbf7fdf600f702f604f605f404f300f600f900fafefefb00fb00f9fff5fef1faeffaf3faf1f7ecf6ecf6
1298,187601277,-92,11,128,1,27,0,4ff11400030d030c040804040305060609030dfe0efe0c000c010d040a050704080308020802050102ff01fd02fd02fb01f902fa04fc01ff000000000000000000000000000000000000ff00fd02fe03fd05fd07fa05f704f604f404f205f203f300f3fff6fffa00fc02fc04fd0500070308050c040e020d020d031004120312
1299,188152306,-38,11,128,1,27,0,cbb11c41fd120d0419f617f609f902fa06fd0c02090201f8fef2fefbff02fb01f100f0fefbfb00fdff01ff0000ff000000000000ffffffff000000000000000000000000000000000000ff00ff00ffff01ff01000202020000fafff502f505fa0a000f030cfe08f909fb0d000efe08f403f9020e011bfb13f600f7f7faf7faf1
1300,188215691,-91,11,128,1,27,0,4ff11400f6fdf802fa06fe060106020604060608050b020c050a070b060c05090307020702050203020202fe03fc03fb03f804f703f900fe000000000000000000000000000000000000fffffffe00fd03fd07fb09fb08fc08fa0af70af509f60afa09fc04fd01fc00fcfefdfafbf9f9f9faf8fcf6fdf3fbf1faecfae9f9edf8
1301,188318103,-90,11,128,1,27,0,4ff11400faf4fbf5fbfafc00fe04fc07f909f90af80bf50af308f409f508f406f405f605f903f902fc04ff05000500060006020605060101000000000000000000000000000000000000fffffefcfefcfdfafff800f501f402f804fa04f903fa03fb03f902f800f900fafefafafaf8faf6fbf5f8f4f7f3f5f3f3f4f5f5f7f5f8
1302,188420499,-91,11,128,1,27,0,4ff11400ff09fe0800050203040107030b050c030c020b040d040e040c040804060405060605060104fe02fd02fd02fb02fb04fb06fc01ff000000000000000000000000000000000000fe01fc07fe05ff05fc04f905f708f708f806f906f905f901f800f700fa01fe01ff01fd05fc09fe09030a050e020e010e011000110112
1303,189221233,-93,11,128,1,27,0,bbb77b41fefffe00000101ff00fd00fe00ff01ff01ff01fe0100ff01fe00fe00ff00ff000000ff01000201ff00fefefffeffffff0000000000000000000000000000000000000000000000ff01ff00ff00ff00ff00fefefeffff01fe01ff0000ff01fdfffffe00ff00ff01ff02fd03fe030001ff02fd09030e0a07ff01f403f7
1304,189854130,-91,11,128,1,27,0,4ff11400fa04fa03fd04010602050302060109fe0bfc0bfd0bff0b010a0207030403030102fe01fd02fc02fb00fafffafffafffb00fc00ff00000000000000000000000000000000000000ff01fefffefffe01fa03f503f501f600f503f504f604f604f503f701fdfffffcfdfcfdfc02f804f406f309f308f508f60bf60df50d
1305,190674153,-91,11,128,1,27,0,4ff11400fa07fd08fe070205050405040603090209040708070a06080308020902080106000400030003010402010302050305030502010000000000000000000000000000000000000000ff0000000502060104fe06fe06ff08ff09fd08fc07fa06fa04fc05fd05fd02ff03020704080409040c050d040c020b030c03110213
1306,190878184,-92,11,128,1,27,0,4ff11400fb05fd06fb05fe0203010602060509030d000c010b040c040c010cfd0bfb07fe070007fe03ff00fefefcfefbfefbfdfafdf9fffe00000000000000000000000000000000000000ff02fc02fa02f901f801f504f504f703f703f405f307f605f804f903fcfffdfcfdfdfffd01fb01f701f403f006ee06ef05ef06ee05
1307,190980568,-92,11,128,1,27,0,4ff11400080805040403020202ff02fc03f905f806f707f70af90bfb08fb06fb06fa06fc05fc03fa02fc00fdfefcfdfcfefcfdfafcf9fefe000000000000000000000000000000000000ffff00000003ff0500040002fd02fb08fb0bfc08fb06f707f905fd01fd01fd0402030500050006020703070608070b08110a110a0d09
1308,191492587,-92,11,128,1,27,0,4ff11400090309ff06fc01fcfffbfff900f902f804f705f706f508f509f60af708f805fa03fa02fa00fafefdfefefefbfdfafdfafdf8fffd00000000000000000000000000000000000001000501050005ff05fe05fe05fe060108050805070608050803070505080207020405fe07f807f609f60af70bf80cfa0ffb12fd12fd
1309,191501015,-39,11,256,1,27,0,36655300141512120f0f0b0c060b0009fb09f509f10bed0dea0fe811e712e812e812ea11ec0fee0bf008f303f5fff7faf8f6f9f2faeffefb000000000000000000000000000000000000fdfff8fffbfe01fe06fd0bfb10f814f517f219ef19ed19eb17e914e911eb0dee0af207f706fc05020508060d08120b150e18111a131b9f00181e171c171c171c171c181d191e1a1e1c1e1c1e1d1d1d1c1c1b1b1a1b1a1a1a1a1b1a1c1a1d191d171c151b131a121911190f1a0d1a0c1a04090002fffffffeffff010105050e110d120d130d140d150d170e180e1a0f1c0f1d0e1d0e1d0d1d0d1d0e1e0e1f0e1f0e1e0f1e101e111e121f121f131e131d121b111a1119
1310,191501570,-39,11,256,1,27,0,f6622f0015141311100e0b0c060a0109fb09f60af10bed0dea0fe911e813e913e913eb12ed0fef0cf108f304f5fff7fbf8f7f9f3faf0fefb000000000000000000000000000000000000fdfff8fefbfe00fe06fc0bfa0ff713f416f118ee18ec18ea17e914e910eb0dee0af107f605fc05010508070d09120b150e171119131a9f00181d171c171b181b181b191b1a1b1b1c1d1c1d1c1e1c1d1b1c1a1b191b191a191a1a1a1b1a1b191b181b161a1419121811180f190e180d1804080102fffffffeffff010105050f110e120e130e140d150e160e180f1a101c101c0f1d0e1d0e1d0e1d0e1e0f1f0f1f101e101e111e121e131e131e131d131c121b121a1119
1311,191594980,-92,11,128,1,27,0,4ff11400080005ff02fe01fb02f801f6fef4fdf4fff500f401f400f200f203f604f702f702f901fdfefdfcfcfbfefafffafefa00fa00fe000000000000000000000000000000000000000001ff04ff04010504060405ff07fc09fe0aff09ff07fe07fe09fe08fe05fe050003040006ff09010b010c020d030e030d040d070c0a
1312,191698341,-92,11,128,1,27,0,4ff11400f704fa04f903fb050008030806070907070a060c050c050a0507050805090407030504030401040105ff04ff04ff04ff03fe00ff00000000000000000000000000000000000000ff01fefffdfcfcfcfcfbfbf9f9f9f7fbf7faf8f9f6fcf4fef6fdfbfefdfefcfdfcfcfff805f608f507f405f505f506f508f30bf40a
1313,191712918,-40,11,256,1,27,0,966009000a1d0a1a09160612020efe0af907f305ef03ea03e603e304e104e105e205e305e504e802ec00f0fdf5fbf9f8fcf500f202ef00fb000000000000000000000000000000000000fdfff7fcfbfd00ff05ff0bff11fe16fd1afb1df91ff720f520f31df219f214f310f50bf807fc04010207000e00130117021c04200622a2000413041204120512051205120613061307130813081308130812081108110811081108120812071206110610050f050f040f030f030f020e00050001ffffffff00ff00010003000b000b000cff0cff0cff0dff0eff0fff10ff10ff10fe10fe10fe11fe11fe11ff11ff11ff1100120012001201120212021102100210020f
1314,191714395,-40,11,256,1,27,0,96600900eb18ee16f112f30ef509f504f6fef5f9f3f4f0f0eeedecebeaeaeae9eaeaebebedecf0eef3f0f8f2fdf401f506f60af70df703fe00000000000000000000000000000000000000fd00f700fa01000205040a070f0b130e17111814191619181718141711140d100a0b070505ff05f905f407ef09eb0ce80fe612e514a700e31ce51ce61ce71de71ee81ee820e921ea23eb24ec25ee25ef24f023f123f123f124f124f024f024f022f120f21ef31df31cf21bf11af119fa09fe0200ff01ff00fffd00f802e906e906e805e704e604e504e305e106df07df07df07df08df08df08de09dd0add0bde0bdf0ddf0fdf10df11e012e113e313e414e614e615
1315,191830634,-93,11,128,1,27,0,1cc3314100fffffefefd01fd02ff0000fdfefdfcfffe02ff01fcfffcfd00feff00fe00ff0001000000fe00ff000100010002000200ff00ff00000000000000000000000000000000000000ff0000fe00fffe00fdfffdfdfdfcfdfd00ff02ff02ff0101fe01fd00ff00010001fefefffc03ff0402010204060b0c07070102ff03
1316,191831692,-92,11,128,1,27,0,faa33f4100fdfffffffefffd03fd07fd05000102ff01ff00010002020101ff01fe00feff00000001fd00fc00fdfffdffffffff01fe02ff0000000000000000000000000000000000000000ff01ff0100fffffffc01fb01fd01ff0000fefffefeff00ff0103fe040102050006020007fa06fa00fffb03fd080111040a04fcfff6
1317,192107004,-93,11,128,1,27,0,4ff11400fc0afd06fe02010205030705070808070a050b040c050b040c020a030904090208020503060104fe02fc01fa01f901f902f900fe000000000000000000000000000000000000fffffcfdf9fef9fefafcf9fcf8fcf8fbf7faf6fbf5fbf6f9f9f9fafafcfbfefefe03fd05fb05fb07fc09f90df90efc0efd0dfa0df60e
1318,192316187,-41,11,256,1,27,0,b6600b0016151412110f0d0d080c030bfd0cf80df40ff012ed14ec16eb18ec18ec18ed17ee14ef11f00cf108f203f2fef2f9f2f5f2f2fcfc000000000000000000000000000000000000fefffafcfdfe02ff08ff0dff12fd17fb1bf81df51df31df11cef18ee14ef10f10cf309f706fc05020408060d08120a160d18101a121b9d001b1e1a1c1a1c1b1c1c1c1d1c1f1c201c221d231c241c231b221a221921192119211a221b221c211c1f1c1d1b1b1a191a171a161a141b131c060a0103fffffffeffff010204070b140a150a160917091809190a1a0b1c0c1e0c1e0b1e0b1e0b1e0b1e0c1f0d200d200e1f0f1f101f111f121f131f141e141c141b141a1319
1319,192323714,-41,11,256,1,27,0,b6600b00ed19ef17f213f30ff409f304f2fff0faedf6eaf3e7f1e4f1e3f0e3f0e3f1e5f2e8f2ecf2f0f3f5f3faf2fef203f106f009ee02fb00000000000000000000000000000000000001fe03fa02fd01020108010d03120517081b0b1d0e1d101c121b1318121410100c0c08090307fd06f706f208ed0bea0de811e615e517a700de1adf1ae01ae01ae01be01cdf1ddf1fdf20df21df22e122e222e321e321e320e21fe11fe01fdf1de01ce21ae318e416e415e313e212e210f505fc0100ff01ff00fffd01f804ea0be90be80be70ae60ae50ae40be20be00cdf0cdf0ce00ce00cdf0bde0cdd0cdd0ddd0ede0fde10de11de12de13de14e014e114e214e314
1320,192326922,-41,11,256,1,27,0,b6600b001e021b01170112020e040907050b030f01130018001b001e011f011f021e011d011aff17fd13fb0ff80bf507f204ef01ecfffbff000000000000000000000000000000000000fe00f900fcff01fd06fa09f60df20fed10e910e50fe30ee10be108e205e503ea02ee02f404f906fe09030e06130916091a0a1e092108a700130513041304130414041404150315031603160216021601150114011401140115021502150315031403130312031104100410050f050f0605020100ffffffffffff010003010a050a050a060a060b070b070c080d080d090e090d090d090d090e090e0a0e0a0f090f090f09100810081108110711071006100610050f05
1321,193028640,-92,11,128,1,27,0,4ff1140005f505f907fd05fcfffafbf8f8f8f6faf6f9f5f7f6f5f9f7fafbf9fbf9f9faf9fbfbfcfcfefcfdfefdfffc01fa02f902f804fd0100000000000000000000000000000000000000ff02fe03ff04fc06fa07fc0800070007ff08fe0aff0bff0a0107020601060104fe03f901f7fef8fff503ef04ee03f105f105f104f3
1322,193131321,-92,11,128,1,27,0,4ff1140008f907f803f800fbfcfbfcfbfdfafaf9f7f8f6f6f5f4f5f7f8fafaf9faf7fcf8fef9fdfbfcfefc01fd02ff04fd05fa05fb03ff0000000000000000000000000000000000000000ff01fe04ff0601070109010a010a01090209020b030b05070403050305040204ff02fd01fa01f805f807f607f509f50bf20bf10af2
1323,193319063,-92,11,128,1,27,0,caaccc4104ff0301ff01fd02fe01000001fe02fe01fe00fffe00fcfffcfdfffe02fe02fd01ff010101020003ff01ff0000ff00fe02fd00ff0000000000000000000000000000000000000000020201fffffdfeff000102fa01f1fff8fd0003fb0bf606f8fefefc02fb00fefb02fb03fe030001fffffcfdfcfefd020005010201
1324,193319615,-93,11,128,1,27,0,044880410301020000ff0001ff01fe01fe01fc02fd03ff03fdfffefd00feffffff0101020001ff000100020001ff00fefefefefeffff0000000000000000000000000000000000000000fffffffd01fe0000ff02ff02f806f10afa0302fffc0af913fb0bfe00fffe00ff02ff04fc03fb03fb02fa00fcff00ff000100000100ff
1325,193320946,-94,11,128,1,27,0,188ff141fe04ff0100ff01000101010001fefffffdfffdfe00fe03fc03fd0101ff02fe01fefffffd01fd01fefffffd01fe00fffffefeffff00000000000000000000000000000000000000ff02fc00fbfefefe0000fffbf8f6f1fef90301f504ea06f60000fb01fd00fdfefdfdfe00ff030104040104fe00fefffcfff8fcf8fa
1326,193643030,-91,11,128,1,27,0,4ff11400fff5fffafdfdfbfef901f803f604f606f708f507f405f404f306f505f805f906fb05fd01ff01000401040204040506070607010100000000000000000000000000000000000000ff03fe04fe05fd06fd08fd09fe08fe07ff08ff0aff0afe09fd07fd06fd05ff04fe03fbfff8fcf6fdf6fbf3f9f3f9f3f8f1faf0fff0
1327,194462266,-91,11,128,1,27,0,4ff11400f90a00080406050406010aff0d000c010b000eff0efe0afe09fe09fe09fe09ff080006ff04fe01fffefefdfbfff902fb02fe00ff000000000000000000000000000000000000fffffdfefd00fa01f701f502f501f6fff6fff5fff3fdf4fdf8fdfafefbfffd00fe02fd02fd02fd06fe09fe0bfe0dfd0ffb10fa13f915
1328,195021614,-92,11,128,1,27,0,8ccff8410102fe02ff0000fe00fe01fd00fd00fd03000301020202020000fefcfdfa00fd01000000fffffefffdfffdfffffefffdfefdffff000000000000000000000000000000000000fe00fcfffeffff00ff00fdfffffe00fd00fdfefefbfffe0000020002010100fe01fe010001fffffdfbfefcff0aff16ff0bfdfefcfbfc
1329,195130915,-94,11,128,1,27,0,9aacc941fd0000fe00fe01010202ff01fe00ff01fe01f607f10cf9070002fbfcf5f5f9f8fefe00ff020001fefffd00fe0000ff0000fe00ff000000000000000000000000000000000000ff00000202010100ffff00fe01fe0000ff00fffdfffbfffefeffff000000ff01ff02fe00fffcfffb00ff0002fe020002020401050003
1330,195468727,-94,11,128,1,27,0,6227764100ff01fe02fc00fcfdffff02fefff9fef8fff6fbf3f8f3fafafcfffdf7fef6fe01fc07fb05fe0200fffffffd00fa00f800f700fd0000000000000000000000000000000000000000020001ff000000010001010001fffffdfefdff01ff01ffff01010002fd00fd00ff000000010000fefffe00ff00fe01fd01fdffff
1331,195691103,-92,11,128,1,27,0,4ff11400060907070804070106ff07fc08f809f50bf50df70cf70cf70cf909fd07ff06fe04ff040002ff00fdfffdfffc00fafff9fdf9fffe00000000000000000000000000000000000000010204030402050105000501060007fe08000a010cff0cfd08fd060006020303020503070109000b040f080f080e080e080e090d09
1332,195738370,-42,11,256,1,27,0,96600900e616e816eb13ee10ef0cf007f002eefeecfae9f7e7f5e4f4e2f3e2f3e2f4e2f4e4f4e7f4eaf4eef3f3f2f7f1faeffdedffeb00fa00000000000000000000000000000000000002ff09fe06ff0103fe07fb0cf911f817f91dfa20fc23ff2402250522061e071906150410010bfc08f706f106ec06e808e40ae00ede109700ec0ded0ced0ded0ded0dee0eed0fed10ed11ee11ee12ef12ef12f011f011f011f011ef11ef11ef11ef10f00ff10ef10df10cf10bf00bf00afa03fe0000ff00ff00fffe00fb01f204f204f103f103f003f003ef03ee03ed04ec04ec04ec03ec03ec04eb04eb04eb04eb05ec05ec06ec07ec08ec08ec09ed09ee09ee09ef09
1333,195762263,-41,11,256,1,27,0,366553001417131411110e0f0a0e060d020efe10fb12f915f817f71af81bf81cf91cf91bf919f916f913f810f60cf409f206f004ee03fb0000000000000000000000000000000000000000fd00f601f903fd050109040d071108160819081c071e051f031d001afe17fc13fc0ffe0b0008040608060d0611071509180c1a0e1b99001b201a1f1a1e1b1e1c1e1d1e1f1e201e221e231d231d231c221a2119211921192119211a211b201b1f1a1c191a181917171716181418131906090102fffffffeffff010203060a130a1409150916091709190a1a0b1c0b1e0c1f0c1f0b1f0b200c200c210d220d220e220f2110211121132114211420141f141d141c141c
1334,195855947,-41,11,256,1,27,0,96600900e1fce3fee7feeafeeefdf1faf4f7f5f4f6f0f6ecf5eaf3e8f2e6f2e6f1e6f2e7f3e9f4eaf7ecfaeefdef01f004f107f109f102fc000000000000000000000000000000000000010105070205fe03fa02f502f103ec05e808e60be50de610e712ea14ed13f112f30ff60bf707f702f6fef3faeff7ecf5e8f5e5f5e2f59a00d9efdbf0dbf0daf1d9f1d8f2d6f3d5f4d4f4d4f5d3f6d4f7d4f8d6f8d6f8d6f8d6f7d6f7d5f6d6f6d7f5daf6dcf6def5dff5e0f3e1f2e2f1f5fafdfe000001000000fefef9fbedf1edf0edefedefeceeecedebece9eae8e9e7e8e7e8e7e8e7e8e6e8e6e8e5e7e4e7e4e7e3e8e2e9e1eae0eadfebdfecdfede0eee0efe1ef
1335,195857523,-41,11,256,1,27,0,966009000ce40ae609e908ec08f009f40bf70ef911fb15fc17fc1afb1bfb1bfa1bfa1bfa19fa17fc15fd12ff0f020d050c080b0b0b0d0203000000000000000000000000000000000000fd00f602f900fcfdfff901f501f001ec00e7fee4fce3f9e2f7e2f5e4f4e7f4ebf6eff8f2fcf500f605f609f50df310f112ee13ea13e79d0015db13dc13dc12dc11db11db11d910d710d60fd50ed40dd50cd60bd70bd80bd80cd80dd70dd70dd80ed90ddc0dde0ddf0de10ee20fe310e406f601fdff00ff01ff0001fe05fa10ef10ef12ef13ef14ef15ee16ed17eb19ea19ea1aea1aea1aea1ae91be81ce81be71be71ae61ae519e419e218e217e116e215e213e313e3
1336,195875851,-41,11,256,1,27,0,3665530006e305e404e704eb05ee07f209f50df710f813f816f718f71af61af51af519f518f616f814fa12fd10000e030d060d090d0b0303000000000000000000000000000000000000fd01f804fa01fcfefefafff5fff1fdedfbe9f9e6f6e5f3e5f1e6efe8efebf0eff2f2f5f4f9f6fef702f606f40af10cee0deb0ee70ee49a0011da10dc10dc10dc0fda0fd90ed80ed70ed50dd50dd40cd50bd60bd70bd70bd70cd80dd70ed70fd80fd90edc0ede0ee00fe110e211e412e506f602fdff00ff01ff0001fe04f90dee0eee0fee0fed10ed11ed12ec14eb15e916e816e816e816e816e817e718e618e617e516e516e315e314e214e114e113e112e111e210e2
1337,195889349,-41,11,256,1,27,0,36655300f4e1f4e3f5e7f7eafaecfeef02f006f00bef0eed11eb13e914e814e713e713e712e911ec10ef10f30ff710fb10ff110212040401000000000000000000000000000000000000ff02fc08fc05fc00fbfbf8f7f5f3f1f0eceee8eee6efe3f0e2f2e2f5e4f8e7fbebfdf0fdf4fbf9f9fcf5fff100ec00e8ffe4fee0fcdd9c00f9eaf9ebf9ebf8ebf8ebf8eaf7eaf6eaf6e9f5e9f5e9f5e9f5eaf5ebf5ebf5ebf6ebf6eaf7eaf7eaf8eaf9ebf9ecfaedfbedfcedfdedfdedfff9fffe000000000000fffefffbfdf3fdf3fef3fef2fff2fff1fff0ffefffeeffeeffeeffeeffeeffeeffedffecffecfeecfeecfdecfdecfcecfcebfcecfbecfbedfbedfbed
1338,196100695,-91,11,128,1,27,0,4ff1140009fd08fe08fd06fc00fbfbfbfafaf8f8f6f9f7f8f9f7fbf4fcf4fbf8faf8fbf8fef8fef9fefcfdfffd00fc02fa02f803f901fe00000000000000000000000000000000000000ffff00000202030303060309020a010901090209010800090109010601050104020005fd08fc09fc0df910f60ff810fc11fe10fc11f7
1339,196305523,-92,11,128,1,27,0,4ff11400fdf5fcf8fcfafafffa02f900f500f202f201f200f201f302f302f3fff5fdf8fdf9fefc00fd01fe01ff03ff04000501060207000100000000000000000000000000000000000000fe02fa01fb00fb01fc04fb05f908f90bf80af908fc09fe0bfd09fb05fc03fc05fb02fbfefafbf9faf7faf4f8f4f8f3faeffdeefff1
1340,196407920,-91,11,128,1,27,0,4ff1140007f905fa01fbfdfbf9fcf8fef7fdf5fcf4faf2f9f1faf4fbf4faf1faf2fbf5fbf7fcf8fdfafffc01fd01fd03fc04fd05fe06ff010000000000000000000000000000000000000100040203010702090307040807060a050709060b090909050604060405030103ff05fd08f90af709f708f508f207f207f008ef09f3
1341,196508531,-42,11,256,1,27,0,3665530014e812e810ea0eed0df10df50df90ffc12ff150218031a031c041d031d031d031c0319041605130610070d090a0b080e06100104000000000000000000000000000000000000fd00f600f9fffcfd00fb03f705f307ee07e906e504e301e1fee0fbe1fae5f9e8f9ecfaf0fdf301f605f80af80ff712f615f318f01aed900020e31fe41ee31de31ee21de11edf1ddd1ddb1cda1cd91ad919da18db18db18db19dc1adb1bdb1bdc1ade19e018e217e417e517e618e819e909f802fdff00fe00ff0002ff07fd15f715f816f817f818f819f81af81cf71ef71ff61ff61ff620f520f521f422f422f321f221f121f021ee21ed21ec20eb1feb1dea1cea1bea
1342,196510293,-42,11,256,1,27,0,36655300031f051d051904160213ff10fb0ef70df40cf00ded0eeb10e911e912e912e912ea11eb0fec0cee09ef06ef02f0fff0fceff9fbfe00000000000000000000000000000000000001fd05f804fa03fe02030307050c08100c130f151215151418121910180c150913070f050a0506060208fe0cfc10fb13fb18fb1cfc1f9a00072a0728082709270a280b280c290d2a0f2b102b112c112a11291127102710271028102910290f280e270d250b230a220921072106210421010b0003fffe00fe00ffff02ff07fd15fc16fb16fa17fa18f919f91af91df91ef91ff91ff91ff91ff920f921f922fa22fa22fb23fc24fe24ff25002601250224022303220321
1343,196511388,-42,11,256,1,27,0,f6622f00e1f9e2fbe6fce9fcecfbf0f9f3f7f5f4f7f0f8edf7e9f7e7f6e5f5e4f5e4f5e5f6e6f7e7f9e9fcecffee02f005f108f20bf203fc000000000000000000000000000000000000010205070305ff03fb01f700f200ed01e904e706e509e50ce50fe811eb11ef10f20ff50cf608f703f7fef5faf2f7eff4ebf3e7f2e4f29600d9efdaf1daf1d9f2d8f3d7f3d6f4d5f5d3f6d2f7d2f8d2f9d4fad5fbd5fbd5fbd5fbd4fad4f9d4f9d6f9d8f9dbf9dcf9ddf8def7dff6e0f5f4fbfcfe010000010000fefefbfaf1eff1eef1eef1edf1ecf0ecefebeee9ece7ece7ebe7ebe7ebe7eae7e9e7e8e6e7e6e7e7e6e8e4e8e3e9e1eae1eae0ebe0ede1eee1efe2f0
1344,196655999,-90,11,128,1,27,0,100dd141ff0100fffefcfd000203050100f9fdf6fbfcf800fdfa08f90cfd06f9fef7fdfbfdfd00fd03ff0002fe03010304030106fb08fe0200000000000000000000000000000000000000fe03fc04fd02fcfefefc01fdfefefcfd00fe03fc02fc00000000fefdf8fdf801fc03fdfdfdf9fdfbfcf9fbf8fcfdfd00ff02ff03ff
1345,196715134,-91,11,128,1,27,0,4ff11400f701fa03fc05fe040003020603080609090a0909090709080608020802080206030304020502050204ff04fd04fc05fd0600010000000000000000000000000000000000000000ff02fe00fbfefafef9fdf7fdf5fdf5fdf5fef401f403f501f4fdf6fcf9fdfefd00fc01fb01f502f204f605f506ef06ee04f102f4ff
1346,196725146,-41,11,256,1,27,0,766007000a190c1a0d190e180e170e160e140d140d130c130a1309130814071406150617051704180419041904180318031703160215000500000000000000000000000000000000000003010c050b05090607070509040b030e031104140516071709180b180d160e150e130e110d0f0c0e0b0e090f080f0610061206150616810016281526152616251726172619271a271c281d281d281d271c251b241b241b241a251a261a27182617251424122211210f210d210b210a21030b0003fffefffeffff010203070917081707180719071a071c071d081f08210822082308230723072408250826092609260a250c260d260e260f2610261025102310221021
1347,196737498,-41,11,256,1,27,0,96600900eeeaedeaedebececececedeeedefeeefefefefeff0eff1eff2eef3edf3ecf4ebf4eaf5eaf5e9f6e9f6e9f6eaf7ebf7ebf8ebfefa000000000000000000000000000000000000fcfff2fcf3fcf5fbf7faf8f7f9f5f8f2f7eff6edf4ebf2eaf0eaeeebedededefedf0edf2eff3f0f4f2f4f3f3f4f1f5f0f5eef4ecf3ea8200e0dde1dfe1e0e1e0e0e0dfe0dee0dce0dbe0dae0d9e0dae1dbe2dce3dde3dde2dde2dde1dde0dfe0e1e1e3e2e6e3e7e4e9e4ebe3ede3eee2faf5fefc000001010000fefefaf9f0ecf0ebf0eaf1e9f1e8f0e6f0e5efe3eee1ede0eddfeee0eedfeddfeddeecddecdcecddebddeadde9dee7dde7dee6dee6dfe7e1e7e2e7e2
1348,197329545,-92,11,128,1,27,0,4ff11400fcfafbfafdfbfffefb01f806f806f806f708f808f707f506f404f503f806fb07fc04fd02ff020202010200020203020302040001000000000000000000000000000000000000000001ff03fd05fc04fd04fd07fe08fe08fd09fd0afc09fd04fe01fe02fe01fc02f802f700fafefafcf7fbf5fbf4f8f6f8f6faf2fcf0
1349,197534350,-92,11,128,1,27,0,4ff11400ff09ff09000802040502050105ff08fe0afd0afe0b010b020a02090406040401040105030503030002fe03fc03fb03f903f700fd000000000000000000000000000000000000ff00fb02fb02fb04fa05fa05fb06fa08f907f704f603f603f703fb03fd02fd01fe01fd02ff040106010a000b00090009010d020f0311
1350,197739158,-91,11,128,1,27,0,4ff11441f408f609f905fd02fe03ff07020904090009fc0bfd08ff05fe08fe0cff0bfd08fb04fb04ff0406030601040104040305ff02ff00000000000000000000000000000000000000ff00fd01fd02fb01f900f701f700f700f7fef8fcfafcfbfdfcfcfcfdfbfefbfefc00fb01f902f905f709f40bf309f108f00bf10af207
1351,199226945,-91,11,128,1,27,0,4ddff441f8fced02f401fc02fe05010301ff00fe00fffe00fd00fe0001ff03fd02fe0100010101000001010202ff01fd00fdfefdfafdfeff000000000000000000000000000000000000ff00fffffffefefefdfefffd00fcfffbfefefe0000010001ff0100010001fffffffc00fdfafefafb00fa00fdfffd03fa03fbfb04ee10
1352,199353336,-34,11,256,1,27,0,766007000d0a0b0c090f09120a150b160d170f181117131513131211110e0f0c0c0b090b050b020cff0dfd0ffc10fb12fb13fc14fc14ff0500000000000000000000000000000000000003ff10fe11fe13ff15ff16ff17fe18fd18fc17fd15fe13ff120110030f060f08100b110d130e150f180f1a0e1a0c190b1809170816078c00251823172216211622162217231723172417241724172316211520151f151e151d161d171c181a18181716161415121510140f150d150c1504070102fffffeffffff020009011b031b041c061c081d091e0b1f0c210e23102311231223132214221523162317231722172217231723172417241724162216211520141f14
1353,199354894,-34,11,256,1,27,0,76600700090d060f04110313031604180519071a091a0b190c170c140b120a0f070d040c010cfe0bfb0cf90df70ef60ff510f611f612fd0400000000000000000000000000000000000003000f02100312041304150516041603170315031304110510060e080c0a0b0c0b0f0c110d130f141114131415131411140f130e120d8e0013261224112411231124112411241125122512251225122411230f220e210d210c210b220a2208220720051e041c031a021a0019ff19fe18ff08ff02fffffeffffff02010804160e160f16111513151415161518161b171d171e161f151f142014211423142413241324122313231323132413241324132212211120101f
1354,199356438,-34,11,256,1,27,0,76600700fe0ffb0ff910f611f513f415f517f619f81afa1afc19fd18fe15fe12fd0ffc0cfa0af708f506f206f006ef06ee07ee08ee09fb0200000000000000000000000000000000000002020a0b0a0d0a0e0b100c100d110e110e100e100c0f0a0e080f050f030f0111ff13fe15ff17ff18011a021b041b05190617061606158500f729f727f826f826f826f826f827f827f828f828f828f827f825f823f722f722f621f521f421f31ff31ef31bf319f317f215f214f113f012fa06fe0100fffffeffff0002020807180619051a031b021d011e01200022ff24fe25fd25fc25fb25fa25f926f927f827f826f826f826f826f927f927f927f926f924fa23fa22
1355,199378965,-39,11,256,1,27,0,3665530004ee07ef0aef0cee0eec0eea0ee80de60be509e507e505e704e903ec04f005f207f50af70cf80ef910f911f912f812f712f604fd000000000000000000000000000000000000fefcf9f0f9eefaecfaebf9e9f9e9f8e8f8e8f8e8f9eafbeafdebffeb01ec03eb04ea06e906e706e505e403e202e201e400e5ffe6ffe7800013d612d812d912da12d912d913d813d813d813d812d812d911db11dd11de12df13df14e015e115e315e514e813ea13ec13ee14ef14f115f207fb02feff000001ff00fffcfef5fce1fee100e002df03de04dd06db07d909d70ad60bd60cd70dd70ed70fd610d611d611d711d711d711d711d611d611d710d80fda0fdb0edc
1356,200486779,-95,11,128,1,27,0,beeeeb4102fd00fffefffdfdfffd01010105000202fb07fc05020004000202fa02f400f6fffa02fd04010202fe00fdff00fd01fafefafffe000000000000000000000000000000000000000000ff01ff01fffffffe00ff00010000ffffff00ff01fe00fd000101040104fe0300020302030001ff00fd01fc00fe0001ff02ff04
1357,200708825,-94,11,128,1,27,0,4ff1144106040504060104ff02fe01fb01f901f702f602f600f801f702f403f503f701f9fff9fefbfffefefffd00fd02fd02fb01f800fd00000000000000000000000000000000000000ff00fffffdfefcfdfbfcfbfef9fffafffcfffc00fbfffafdfafbfafcf9fefb00fd01fe01fe02000404060609060a050905080508040a
1358,200823597,-92,11,128,1,27,0,766ff741fefefdfefdfffe00000001000001fe01fefffffe00fd01fe0100020001ffff02fe03fe01fefffdfffeff00000001010101ff00ff000000000000000000000000000000000000fffefdfcfdfefffd01ff04020301ff02fe03000303040104000102fe01fe00010302070004fe00fd00ff0003f907f508fc0401020204
1359,200913637,-93,11,128,1,27,0,4ff11441fc07fe05fe02ff020304050306ff08ff09000901080307030601040203040205030404010401030003fe04fe04fe05fe06fc01ff000000000000000000000000000000000000ff00fd02fe03fe020002fe02fa02fb04fc03fa03fa03f901fafdfafcfbfefb00fb01fd03ff0401050108010b000cfe0bfc0bfb0afb0b
1360,201500477,-36,11,256,1,27,0,36655300fef302f608f80df912f916f819f61bf31cf11cef1aee17ee14ef11f10ef40bf809fc07010506040a040e04110513051506160105000000000000000000000000000000000000fd00f303f102ed02ea02e803e703e604e505e705e904ec03ef01f3fef6fbf9f7fbf3fceefceafce6fbe3f9e1f7e0f6e1f5e3f4e5f5e7a100fbd7fcd9fcd9fdd9fdd9fdd9fdd8fdd7fdd6fed7fed7ffd8ffdaffdb00dc01dc02dc03dc04dc05dd06df07e207e408e609e70ae90cea0deb04f801feff0001010000fefefaf9f0edf0ecf1ebf2e9f3e8f3e6f3e4f3e2f3e0f3def4def6ddf7ddf8dcf9dbf9dafadafadbfadbfadaf9daf9d9f9d9f9d9fadbfbdcfbddfcdd
1361,201511048,-36,11,256,1,27,0,36655300fe0cfa08f605f103ec02e802e503e205e106e108e20ae40be80bec0aef08f305f601f9fdfbf8fdf4fef1feeefeebfdeafde9fffa00000000000000000000000000000000000002000c000e0212031404170418031a031a021902160213030f040b050707030a000dfd11fc15fc19fc1cfe1fff20011e021d031b04199b00f612f611f610f710f710f711f711f711f712f712f712f711f811f810f80ff70ff70ff70ff60ef60ef60df70cf70bf70af709f708f608f607fc02fe0000ff00ff00ffff01ff04fe0cfd0cfd0cfc0cfb0dfb0dfa0ef90ff910f810f810f80ff70ff70ff610f610f610f610f610f610f610f611f611f611f710f70ff80ff80e
1362,201512809,-36,11,256,1,27,0,36655300f300f6fbf9f7fbf2fbedfae9f9e6f7e4f5e3f3e3f1e4f0e6f1eaf3edf6f1f9f4fdf601f906fb0afc0efd11fd13fc15fc16fb05fe0000000000000000000000000000000000000002010c010e00120014001701180119021a021802160013ff10fd0cfa08f605f202ee01ea00e700e301e103e005e206e407e508e7089b00d7fdd9fddafddafddafdd9fdd8fdd8fed7fed8ffd8ffd9ffdbffdcfeddfeddfedefddefcdefbdffae1f9e3f9e5f9e6f8e7f8e8f7e9f6eaf6f8fcfdfe000001ff00fffd00f702e805e705e604e503e402e302e201df01de00ddffdcfedcfddcfcdbfcdbfbdafbdafbdbfbdbfbdafcdafcd9fdd9fddafddbfdddfdddfddefd
1363,201513889,-36,11,256,1,27,0,f6622f00fdf501f706f80bf90ff913f816f617f418f217f016ef14ef11f00ef20bf509f807fc050104050408040c040f0511061206130104000000000000000000000000000000000000fd00f503f203ef03ed03eb04ea05e905e906ea06ec05ee04f101f4fff7fcf9f8fbf4fcf0fcedfbeafae7f8e4f6e4f5e6f5e7f4e9f5eaa00004dc04dd04de04de04de04de04dd04dc04dc04dc03dc03dd03de04e004e104e205e206e207e208e208e408e608e808ea09eb0aec0bed0bee04f901feff0000010000fffdfdf8faebfaeafbe9fce8fde7fee6fee5ffe300e100e001e002e003e003e004df05de05de05de04df04de04de04dd04dd04de03df03e003e103e1
1364,201521056,-36,11,256,1,27,0,f6622f00020cfd09f807f307ee08ea09e70ae50de40fe511e612e912ec11ef0ff20cf508f704f9fffafafbf5fbf2faeffaecf9ebf8eafefa00000000000000000000000000000000000002fe0bfb0efb11fb14fa16fa18f919f819f718f715f913fa10fd0d0009030708050c041004140518071c091e0b1e0c1c0d1b0d190d169800fa28fb26fb25fb25fb26fc26fc27fc27fc28fb27fb27fb26fb25fb23fa22fa22f921f822f721f720f61ef61bf519f517f416f315f314f213fb07fe0100fffffeffff010203070816081707180619051a041c031e03200222022301230023fe23fd23fc25fc25fc25fc25fc25fc25fc26fc27fd27fd26fc25fc23fc22fc21
1365,201734723,-36,11,256,1,27,0,966009000c0008040407010c0011ff15ff18001b021d041e061d071b071906150511030d0009fd05f902f6fff3fdf0fbedfbebfbeafbfafe000000000000000000000000000000000000fffdfdf4fef2feeeffebffe9fee7fee6fde6fde7fde9feec00ef01f304f707fa0bfd0f00130117011a011d001eff1efd1dfc1bfb19faa20020151e141e141e131e131e131f141f142014201420141f131e131c121b121a131a1319141915181516151413121310120e120d130c130b1304060102fffffeffffff0200080117031704170617071808190a1a0b1c0d1d0e1e0f1d101d101c111c121d131e141e141d141d141d141e141e141f141e141d131c121b111b11
1366,202142480,-91,11,128,1,27,0,4ff11441fd04fd01fb01fb04ff04010202010105000a000b0008fe08fb09f805f901fb01fc01fe02ff0100000000ff01fd02fe03fe06ff01000000000000000000000000000000000000000000000101030204020504030502060107010701070106ff02fe01fe02fe02000100030106060907070205fd07fe09020a020b000c
1367,202244883,-93,11,128,1,27,0,4ff1144105f700f8fefafcfdfb00fafff9fef8fef8fef8fdf9fbfafcf8fcf7faf9f9fcfafdfcfdfdfffe00fffffffd00fa03fb05fb04fe0000000000000000000000000000000000000000ff0100020003fe04fd03ff020003ff06ff07ff07ff06ff050004030302000100ff02fc02fa01f9fef900f602f503f504f405f205f2
1368,202449680,-95,11,128,1,27,0,4ff11441f6fff801fa03fd04ff040103010401060009010c020a0109ff09fd08fd08ff08000400020201030002fe02ff03ff03fe05fe01ff000000000000000000000000000000000000fffffefbfff900fafffd00fd03fa04f804f904fa05f905f904f901fc00fe01fe01fe00fdfdfbf9fbf7fbf8fdf7fff4fff4fdf3fbf3fa
1369,203064103,-93,11,128,1,27,0,4ff11441fef7fcf8fbf8fcfafefcfdfcfbfdf7fff400f5fff800f902fb00fc00fc02fc00feffff01ff0200030005ff04fd00fcfefcfdffff0000000000000000000000000000000000000000030000fffefffefefdfcfcfbfbfbfbfbfcfafcf9fef9fffa00fc01fd01fefe00fcfefbfbf9faf7fef5fef4faf4f6f7f7f9f8f9f7
1370,203438113,-37,11,256,1,27,0,6aa00600040c0009fb06f605f104ed04e905e607e509e40be50de60ee90eec0cef0af308f604f900fcfcfef8fff400f100ee00ec00ea00fa00000000000000000000000000000000000001fe08fa0af90ef911f813f715f616f517f416f514f612f710f90dfc090007040508040d041105140618081b0a1c0b1b0c1a0c190c17a000ff24ff23ff22ff22fe22fe22fe23ff24ff24ff24ff24ff23ff22fe20fe20fd1ffc1ffb1ffa1ff91ef91cf81af818f716f715f614f513f412fb06fe0100fffffeffff010103060a1309140816071707180619061b051d051f042003200220012001210022ff22ff22ff22ff22002200220023002300230021ff20ff1fff1e
1371,203441136,-37,11,256,1,27,0,6aa006000bfa09fe07030608060d071108150a170d180f191018111611140f110d0e0a0b06090106fd04f903f402f101ee02ec02ea03fa00000000000000000000000000000000000000fefef9f8f8f5f8f1f7eff6edf5ebf4eaf3e9f3eaf4ecf6eef8f0faf3fef603f807f90cfa10f914f817f71af51af319f218f117f015f09900250423032203220322032203230323032403240325022302220220021f031e041e051f051f061e071c071a071807160815081409130a120a06030101fffffe00ff0002ff07fd15f916fa17fb18fc18fd1afd1bfe1eff1fff200020002001200220032103220422042204220422042203230323032303210320031f031e03
1372,203443223,-37,11,256,1,27,0,6aa00600f304f6fff9fbfaf6fbf1fbedfae9f9e6f6e5f4e4f2e4f1e6f1e9f3ecf5eff7f2fbf5fff903fb07fd0bff0e00110013ff15ff05ff00000000000000000000000000000000000001010408040b050e051106130615071708180817071506130510020dff0afb07f705f204ee03eb03e704e406e307e409e50ae60be80b9700dbf8ddf8ddf8ddf8ddf8ddf8ddf8dcf8dcf8dcf8dbf9dcf9ddf9dff9e0f8e1f7e1f7e1f6e1f5e2f4e4f4e6f4e8f4eaf4ecf4edf3edf2eef1f9fafefe000001ff00fffd00f801e905e804e702e701e600e5ffe3fee1fddffcdffcdffbdffbdffadff9def8ddf7ddf7def7def7ddf8ddf8ddf8ddf8ddf8def9e0f9e1f9e2f9
1373,203576113,-94,11,128,1,27,0,4ff11441f7fcf7fef6fff701fb03fc03fb06fb08fa08fa08fc07fc04fb04fb04fa04fa03fb01fb01fc02fd02ff01000101030104ff05ff010000000000000000000000000000000000000000ff01fe01fc01fc01fcfffafdf8fefafefbfefafcfbfafdf8fdf9fdfefefffd01fc06fc05fb01f901f903f806f507f306f304f400
1374,204600131,-92,11,128,1,27,0,4ff11441fe05fd01ffff0400090008ff06fe08fd07fd07fd080008020802070105ff05fe04fd01fe00ff00ff00ff00ff01fe02fc02fa00fe000000000000000000000000000000000000ff01fe03fd00fbfdf9fdf801f802f702f801f8fff9fff900f800fa00ff010103ff04ff08010b010901050108ff0cfd0cfd0bfc0dfd10
1375,205931384,-93,11,128,1,27,0,4ff11441ff06fe03010304050204010006000b010d000a0107050707080506040305030703050103020203010400040004fe05ff0600010000000000000000000000000000000000000000010103010201040104000300020203020501030003fd04fd04ff03000300030001010203020503040705070409020d0110040e080a
1376,206253746,-38,11,128,1,27,0,76600700f8f5fef804fa0afb10fb15fb19f91df71ff51ff31ff21df11af216f312f50ef80afc05000104fe09fb0df910f713f715f617fd05000000000000000000000000000000000000ff02fb0af90cf60ff412f314f216f117f118f217f415f511f60ef709f803f8fef8f8f7f3f5eef3eaf1e7eee5ece5ebe6ebe7ebe9ebea
1377,206340992,-93,11,128,1,27,0,4ff1144106fc03fa01f802f800f9fff900fbfdfbf9f8fbf7fbf7f9f7f9f8faf8faf6fbf7fcfafcfdfcfefcfefefefe01fd02fc02fa01fe0000000000000000000000000000000000000000000303040204030403020401070108000800080207040503050105010201ff01ff01fe01fe00fc03fa09fb0dfe0cfd08f905f704f7
1378,206750608,-92,11,128,1,27,0,4ff11441030a0306030303ff03fe04fd06fb05f906f908fb08fb08fa07fb04fd02ff02fe03fb04fb04fb03fb00fbfefbfffbfffcfefcffff00000000000000000000000000000000000000000001ff02fd02fd02ff040006fe07fd06fd06fd0afc07fd01fdfffd00fe01ff0203020502040104010302050108020b040c030902
1379,206772855,-38,11,128,1,27,0,96600900f8f7fdf802f908f90df912f815f718f419f21af019ef17ef15ef12f10ff40cf708fb05ff0204ff08fe0cfd0ffc12fc14fb15fe05000000000000000000000000000000000000ff02fc08fb0af80df70ff511f513f415f415f514f612f710f80df909f904f9fff8faf7f6f5f2f3eef1ebeeeaeceaecebebecebeeebef
1380,206774050,-38,11,128,1,27,0,96600900f90af904f9fff7f9f5f5f3f1f0eeedeceaece8ece8ede8efe9f1ecf4f0f6f4f7f8f9fefa03fb07fc0bfc0ffc12fc14fb15fb05fe000000000000000000000000000000000000020009000b010e02110313041504160417041604140312030e030a0306040106fd08f90bf60df310f114f117f119f219f419f618f717
1381,207365284,-38,11,128,1,27,0,36655300fb08fa03f9fef7faf4f6f1f3eff1ebf0e9f0e8f1e7f2e8f4eaf6edf7f0f9f4faf9fbfefb03fb07fb0afb0dfa10f911f813f804fe00000000000000000000000000000000000002ff09ff0b000e01100212021402150216011501120110010d02090305040106fd09fa0bf70ef511f414f417f518f618f818f917fa16
1382,207367408,-38,11,128,1,27,0,36655300fa09f903f8fef7f9f4f4f2f1efeeebede8ece7ede6eee7f0e8f2ebf5eff7f4f8f9fafefb03fc08fc0cfc10fc12fc14fb16fa05fe00000000000000000000000000000000000002ff0aff0c001001120115011601180118011700150012010e020a0305040106fd09f90cf610f413f316f219f31bf51bf61af719f918
1383,207369483,-37,11,128,1,27,0,366553000bfb07000406010c0012ff17ff1b001f0222032305220621061e05190415020f000afd04fafff7faf4f6f1f3eff1edefeceefafb000000000000000000000000000000000000fdfef5f9f3f7f0f4eef2ecf1eaefe9efe8efe9efecf1eff2f3f4f7f6fdf803f909f90ef913f818f71bf51ef31ff11ef01cef1aef18f0
1384,207370990,-37,11,128,1,27,0,d6611d00f303f8fefcf9fff301ed02e802e401df00ddfedbfcdcfbdefbe1fbe5fceafeef00f502fb050008050b090d0d0f0f111113120404000000000000000000000000000000000000020109060b090d0c100e1210141115121513151112100f0e0b0c070a0208fc06f605f005eb06e707e308e00adf0ce00de20ee40fe60e
1385,207372368,-38,11,128,1,27,0,d6611d00f606f900fbfbfcf5fcf0fbecfae8f8e5f6e3f5e3f4e3f3e5f4e8f5ebf7eff9f3fdf701fb04fe08010b040e061108130914090502000000000000000000000000000000000000020009030b050d0710081209130a150a160a150912090f080c0708060305fe05f906f407f009ed0bea0de810e811e912eb12ec12ee11
1386,207407407,-38,11,128,1,27,0,7660070006f606fb060108070a0c0c100f13121514151615171417121610130e0f0b0b0906070105fb03f702f202ef01ec02ea02e902fa00000000000000000000000000000000000000fdfff6fef3fdf0fbeefaebfae9fae8fae7fae8faebfbedfbf1fbf5fbfafafff903f708f40bf10eee10eb11e810e60fe60de60be70be8
1387,207416478,-38,11,128,1,27,0,7660070001f404f907fe0a020e061208160a190a1c0a1d091e071d061a04170312030e0309030304fe05f906f507f209ef0aed0cec0cfb03000000000000000000000000000000000000fd00f603f402f002ed03eb03e904e805e805e905eb04ee03f102f400f8fefcfafff602f203ee04ea05e605e303e202e200e3ffe4ffe6
1388,207509301,-38,11,128,1,27,0,3665530008070207fc06f707f109ed0bea0de810e612e614e715e915ec14ef11f20ef50af805fa00fcfbfef6fef2ffeeffebffe9ffe8fff900000000000000000000000000000000000000fd03f604f406f107ee08ec09ea09e809e808e907eb07ee06f206f606fb070008050a090c0d0f1012131514171317121711170f160e
1389,207514713,-38,11,128,1,27,0,36655300f400f8fdfdf901f403f005ec06e806e405e204e102e101e200e400e800ed01f102f603fc0501070509090b0c0c0f0e100f11030400000000000000000000000000000000000001010508060a070d081009120a140b150b150b140a120810060d030aff07fa04f602f101ed00e9ffe600e301e203e304e405e506e706
1390,207516002,-38,11,128,1,27,0,3665530000f403f906fd0b010f04130617071a071d071e051e041d031a02160112010d0208020303fd05f906f508f209f00bee0cec0dfb03000000000000000000000000000000000000fe01f705f405f106ef07ed08eb09ea0aea0aeb0aed09ef07f205f502f8fffbfbfdf6fff200ed01ea00e6ffe3fee2fce3fbe4fbe5fae7
1391,207517291,-38,11,128,1,27,0,366553000a0106030106fd0afa0ef712f616f619f61cf71df81dfa1cfb1afc16fd12fd0dfc08fc02fbfdf9f9f7f5f6f1f5eff4edf3ecfcfb000000000000000000000000000000000000fffdfcf7fcf4fbf1fbeefaecf9eaf9e9f8e8f8e9f9ebfbeefcf1fef501f805fc09ff0d011102150319031c031d011d001cff1afe19fd
1392,207521417,-38,11,128,1,27,0,36655300f8f8fdf903f909f90ef812f716f518f31af01aef19ee17ee15ef12f10ff40bf708fb05000204ff09fe0dfc10fb13fb15fa16fe05000000000000000000000000000000000000ff02fd09fc0bfa0ef911f813f815f816f917f916fa14fa11fa0dfa09fa04f9fff8faf6f6f3f2f1efeeedebece9ece9ede9eee9f0eaf1
1393,207525681,-38,11,128,1,27,0,36655300fcf500f905fc0afe0f00140018001bff1dfe1efc1efb1cfa1afa16fa12fc0efd09ff0402ff05fb07f80af50cf30ff210f111fc04000000000000000000000000000000000000fe01fa07f809f50af30df10ef010ef11ef12f011f20ff30df50af706f901fafdfaf8fbf3faeef9eaf8e7f6e5f5e4f3e5f3e6f2e8f2e9
1394,207546598,-38,11,128,1,27,0,36655300f501f9fdfdf901f403ef05eb05e705e404e103e001e000e1ffe4ffe8ffec00f101f603fc0401060508090a0d0c0f0d100e11030400000000000000000000000000000000000001010707080a090d0b0f0c110e120f130f130e120d100a0e070c0409ff06fb04f603f102ec02e802e503e204e206e307e408e608e708
1395,207547886,-38,11,128,1,27,0,36655300fef502f906fe0b010f04130617061b061d061f051e031d021a01170012000e0008010302fe04f905f507f209ef0bee0cec0cfb03000000000000000000000000000000000000fe01f806f507f209f00aee0bec0deb0deb0eec0dee0cf009f306f503f8fffbfafdf6fef1ffecfee9fee5fce2fbe1fae2f9e3f9e5f9e7
1396,207549165,-38,11,128,1,27,0,366553000a020404ff06fa09f60df310f114f017f019f11bf21bf41bf519f715f911fa0dfb07fc02fcfcfcf7fcf3fbeffbedfaebf9eafefa000000000000000000000000000000000000fefdfbf6fbf3faf0faedf9ebf8e9f8e8f8e8f8e9f9ebfaeefcf1fff502f905fd09000e021204150519061c051e041d031c021b011900
1397,207551479,-38,11,128,1,27,0,3665530006080006fb04f504f004eb04e806e507e309e30be30ce50de80ceb0bef09f306f702fbfffffb02f705f306f007ee08ec09eb02fa00000000000000000000000000000000000000fd03f604f306f108ee08ec09ea09ea09e909ea08ed07ef07f306f706fc06010606080b0a0f0c120f15111712161315131413121211
1398,207552768,-38,11,128,1,27,0,36655300f604f9fffcfafdf4feeffeebfee7fde4fbe2fae1f9e1f8e3f8e6f9eafaeefcf2fef701fb040007030a070d090f0b110c120d0403000000000000000000000000000000000000020109040a060d080f0a110b120c130d140c130c110b0e0a0a0906070206fc05f705f306ee07eb09e80be60de60ee70fe80fea0fec0e
1399,207553341,-38,11,128,1,27,0,f6611f00faf6fff905fb0afd10fd14fd18fd1bfb1dfa1df81df71bf618f615f711f90cfb08fe0301ff04fc08f90bf60df50ff411f312fc04000000000000000000000000000000000000ff02fb09fa0bf70df60ff511f413f314f415f414f511f60ef70bf907f902f9fdf9f8f8f3f7eff6ecf3e9f1e7efe6efe8eee9efebefec
1400,207554391,-38,11,128,1,27,0,677336410303fd03ff0101fe02fb01fffc01f408f611f507e9fceaf6edf8f00afe13040d000800050101fcfef8fefcfe01030206fd03fe00000000000000000000000000000000000000fffffc00fa05fc0afd08fdff04fa0400fe0e01170310fe00fafafcfeff00fffbfef801fa0102ff0a050709fafcf1f0f7f3fd03fa15f4
1401,208192639,-38,11,128,1,27,0,9660090003f603fc05020708090d0b110e14111613181418151714151312110f0d0c0a0905060003fb00f7fef3fcf0faedf9ebf9e9f8fafe000000000000000000000000000000000000fd01f604f405f006ee06eb07e908e808e809e908eb07ee05f103f500fafdfdfa01f604f207ee09ea09e70ae409e208e207e306e406e6
1402,208195228,-38,11,128,1,27,0,96600900f908fa02fbfcfbf6fbf0faecf9e8f7e5f5e3f3e2f2e3f2e5f3e8f5ebf7eff9f3fcf800fc030007040a070c0a0e0c100d110e040300000000000000000000000000000000000002ff09fd0cfc0ffd12fc15fc17fc18fc18fc17fc14fd11fe0eff0a0105030005fb08f70bf40ff212f015ef18ef19f019f119f318f416
1403,208195464,-38,11,128,1,27,0,96600900f9f8fefb04fc0afe0ffe14fe18fe1bfd1efb1efa1ef91cf919f815f911fa0dfc08fe0300fe03f905f608f20af00cef0dee0efb030000000000000000000000000000000000000002000aff0cff0ffe12fe15fd17fd18fd19fd17fd15fd12fc0efc09fb04fafef8faf6f5f3f1f1eeeeebeceaeae9eaeaeaecebedecef
1404,208195685,-38,11,128,1,27,0,9660090007f906fe04040409050e061307160a190c1a0e1a0e1a0f180e150c120a0e070b0307ff04fb00f7fef3fbf0faeef9ecf8ebf8fafe000000000000000000000000000000000000fdfff5fef3fdf0fcedfaebfae9f9e8f9e8f9e9faebfaeefaf2fbf6fafbfa00f905f809f50df311f013ee14eb14ea12ea11ea0fea0eeb
1405,208196940,-38,11,128,1,27,0,96600900fe0bfb06f800f3fbeff7eaf4e6f3e3f2e0f2def3def5dff6e2f8e6faebfbf1fcf6fcfdfc03fb08fa0df911f814f716f617f506fd00000000000000000000000000000000000002fe09f90cf810f714f616f518f41af31af318f316f513f810fa0cfd08010406010bfe10fd15fd1afd1efe21ff2300220120021e021c
1406,208200765,-38,11,128,1,27,0,9660090009000402fe05fa09f50cf20ff013ee16ee19ef1af01af11af318f514f710f90bfb06fd01fefcfff700f200ef00ec01ea01e800fa000000000000000000000000000000000000fefef7f9f6f7f4f4f2f1f1eff0eeefedefedefedf1eff4f1f7f4fbf7fff904fc09fe0eff130017011a011d001eff1efe1cfd1bfc19fc
1407,208228845,-38,11,128,1,27,0,9660090000f502fa05ff09040d08110b140d180e1a0f1c0e1c0d1b0c190a160812060d0508040203fc02f702f202ef02ec02e902e802fa00000000000000000000000000000000000000fe01f806f608f309f00aee0ced0dec0eec0fed0eee0cf00af307f604f900fcfbfef6fff100ed01e901e500e2ffe1fee1fde3fce4fce6
1408,208259300,-38,11,128,1,27,0,6aa006000b0405050006fa09f60cf20fef12ee15ed18ee1aef1af01af218f515f611f80df908fa03fbfdfcf8fcf4fbf0fbedfaebfae9fefa000000000000000000000000000000000000fffdfef6fef3fff000ed00ebffe9ffe7ffe7ffe8ffeaffed00f001f403f806fc09000c0410071309170b1a0b1c0a1c091b081b061a05
1409,208261036,-38,11,128,1,27,0,6aa006000b0305040006fb08f60bf20ef011ee15ee17ee19ef1af11af318f515f711f80dfa08fb03fcfdfdf8fdf3fdf0fdedfdebfde9fffa000000000000000000000000000000000000fefefbf7fcf4fbf1fbeefbecfaeafae9f9e8fae9faebfbedfdf1fff402f805fc08ff0c021005140618071b071c071c051c041b031a02
1410,208905290,-38,11,128,1,27,0,3665530007fb05000206010b011101150119021c031e041f051e061c061906150411020c0007fd02fbfdf8f9f6f5f4f2f2f0f1eef0edfcfb000000000000000000000000000000000000fdfff5fef2feeffcedfceafbe8fbe7fbe7fce9fcecfceffbf3fbf7fbfdfb02fa07f80cf610f413f215ef16ed16eb15eb14ec12ec10ed
1411,208908127,-38,11,128,1,27,0,16655100f805fafffcf9fef4feeefeeafee6fce3fae1f9e0f8e1f8e3f8e6f9eafbeefdf3fff802fd04020706090a0b0d0d0f0e100f11030400000000000000000000000000000000000002ff0aff0d001001130115021702180218021702140210020d0208030304fe05f907f409f00ced0feb11e914ea15eb15ec15ee14f013
1412,208913044,-38,11,128,1,27,0,1665510007040104fb04f506f007ec08e80ae60de50fe510e511e711ea0fee0df10af507f903fdfe01fa04f606f308f009ee0aec0beb02fa000000000000000000000000000000000000fefdfbf6fbf3faf0faedf9ebf9e9f8e8f8e8f9eafaecfbeffdf2fff702fb05ff09030d061009140b170c1a0d1b0c1b0b1a0919081707
1413,208950647,-38,11,128,1,27,0,366553000307fe04f902f300edffe9ffe500e201e002e004e105e305e605ea04ef03f401f9fffefd03fb08f90bf70ef510f312f213f204fc000000000000000000000000000000000000fffdfff400f200ee01ec02ea02e802e702e702e902ec02ef03f303f704fd06020707090c0c100e131116131714171415141313121210
1414,208953749,-38,11,128,1,27,0,b6622b000207fd04f801f3ffeefdeafce6fde3fde1ffe000e101e302e602ea02ef01f400f9fffffd04fb08f90cf70ef610f412f413f304fc00000000000000000000000000000000000000fd02f504f205ef06ed07eb08ea08e908e908ea07ed06f006f405f905fe05030609070e08120a150c180e1a0f1a101810160f140e13
1415,208956609,-38,11,128,1,27,0,36655300f7fefdfb02f907f60bf30ef010ec12e912e711e60fe60ee70ce90aed07f106f604fa02000005ff0aff0efe11fe13fe15fe16ff0500000000000000000000000000000000000001010807090a0a0c0c0f0d110e120f130f130e120c10090d060b0208fe05f902f400f0feecfde8fde5fde2fde1fee2ffe400e601e801
1416,208964099,-38,11,128,1,27,0,3665530007fd03020007fe0bfc10fb14fa18fb1bfb1dfc1efd1dfe1bff19ff15ff10ff0bfe06fd01fcfbfbf7faf3f9eff8edf7ecf6eafdfa000000000000000000000000000000000000fdfff5fdf3fbf0faedf9ebf8eaf7e9f7e9f7ebf8edf8f1f9f5f9f9fafefb03fb09fa0df911f815f618f51af31af118f117f115f213f2
1417,208965393,-38,11,128,1,27,0,366553000207fd03f900f4fdeffbebfae8f9e5f9e2f9e1fae2fbe3fce6fdebfeeffef4fef9fefffd04fd09fc0dfb10fb12fa14fa15f905fe00000000000000000000000000000000000000fd01f502f204f005ed06eb06ea06e906e906ea06ed05f105f404f904fe04030508060d071109140a170c190d1a0e180e170d150d13
1418,208966677,-38,11,128,1,27,0,36655300f700fcfd00f905f508f10aee0cea0ce70ce50ce40ae409e608e806ec05f004f503fa02ff01040109010d01110113011401150005000000000000000000000000000000000000020109050a070d090f0b100c110d120d120d110c0f0b0c0a08080406ff04fa03f502f001ec01e902e603e304e305e406e606e806ea06
1419,209005761,-37,11,256,1,27,0,36655300f9f9fffa05fa0bfa11f915f818f61bf41cf21cf01bef19ef16f112f30ff60bfa07fd0301ff06fc0af90df810f712f614f515fd050000000000000000000000000000000000000002000b000dff10fe13fe15fe17ff18ff18ff17ff14fe11fe0dfd08fb03f9fef6f9f3f5f0f2edefeaede8ede6ede7efe7f1e8f2e9f3a800f8dcf9ddf9def9def9def9def9ddf9dcf9dbf9dbf9dbf9dcfaddfadffbdffcdffddffedfffde00df01e002e303e504e705e806e907ea08ea03f801fdff0000000000fefefbfaf3f0f3eff3eef4edf4ecf4eaf4e9f4e6f4e4f4e3f5e3f5e3f6e2f7e2f7e1f7e0f7e0f8e0f8e0f8e0f8dff8def7def8def8e0f8e1f9e2f9e2
1420,209617888,-93,11,128,1,27,0,4ff1144104030203030106fe06fd05fb02fb01fb04f906f804f804f605f805fa04f802f903fd03fe02fd01fc00fdfefffbfefafcfbfbfffe000000000000000000000000000000000000000000010000ff01ff01fe01fc01fa02f905f806f904fb02fe030002020003000002ff0303010500060309060c090b080c080a060404
1421,209822694,-93,11,128,1,27,0,4ff114410202010301020402040201fdfefafff800f601f700f8fef7fdf7fff800fa00fc01fb00fbfefdfc00fb00fbfffb01fa03fa01fe00000000000000000000000000000000000000ff00fd02fd01fb00fa00fb01fb00fa00f9fff900fa01fa00fcfefdfcfdfdfdfefcfefe000102030204040409050a0709080a0a0a090b
1422,209925088,-94,11,128,1,27,0,4ff11441fdfafcf9fcfbfcfdfa00fb02fc02f901f802f705f606f603f701f801f900fafffbfffc02fd04fd04ff030002ff03fe05fe05ff0100000000000000000000000000000000000000ff01fefffdfffbfffbfffb00fbfff9fef9fffb02fb05f905fa03fd02fe01fefcfefbfdfbfcfbfbf8fbf5fbf6faf5f9f5f9f7f8faf7
1423,211563785,-94,11,128,1,27,0,4ff11441f7f9fafcfdfefffdfdfdfb00fa03fa05f907f807f706f805f908f90bfb0afc09fc07fe050103030203020102010201030102000000000000000000000000000000000000000000ff00fd01fb02fb04fb05fc05fc05fc06fc05fb03f902f803f903fb01fe01ff01fffbfff8fcf9fbf8fdf6fcf5fbf7fcf8fbf9fafbfa
1424,211973146,-93,11,128,1,27,0,4ff11441ff05ff06ff0502060405030104ff08fe0afe09fd07fe080108010700060005ff04fe02fe01fd02fe03fe01fe00fdfefcfdfeffff000000000000000000000000000000000000fffffcfefcfffcfffcfffbfff901f901f9fef8fdf8fdf7fcf9fcfcfbfefeff00fffffd00fb04fe07010a000a0009000bfe0ffb10fa0e
1425,212065736,-93,11,128,1,27,0,d88eed4100060102020102010501060007ff09ff06fb03f807fd0304fe0706030afe08fe06fc02fc00fe00fe00fdfcfcf9fcfcf903f701fe00000000000000000000000000000000000000ff02ff02ff02fe00feff00fffffefefefdfefdfffd01fc00fcfffe00ff000000010000fffefd00fe01fffffffe00ff020002010100
1426,212092319,-95,11,128,1,27,0,633aa641ff03fe04fc02fb00fb00fc00f9fdf5f9f6fefb03fcfffefb02f9fef9f9fafafcfcfefeff00fefefefc0001040305fe02fafefeff000000000000000000000000000000000000ff01fe02000002ff0201010000ff00ff00ff00fe01ff01ff00fb00fd00010000fdfffb01fb00fdfe02ff040002ff00fe01fe01fd00fe
1427,212537272,-40,11,256,1,27,0,366553000309fe06f903f402ef01ea01e601e403e204e106e207e308e608ea07ee05f303f700fcfd00fa04f707f409f10bef0ced0cec03fb00000000000000000000000000000000000000fd04f606f409f20bf00cee0dec0eeb0deb0dec0bee0af109f508f906fe06030608060d071109150b180c190e1a0f19101810160f14ab00f922f923f923f924f823f823f823f822f822f821f721f721f721f621f620f520f41ff31ef21df21cf11af118f117f015ef14ef12ee11ee10f905fd0100fffffeffff01020307091408150716061705180419041a031c021d021e011f001fff20fe20fe20fd21fc21fc21fc21fc21fc22fc22fc23fc23fc23fb23fb23fa24
1428,212684454,-38,11,256,1,27,0,96600900fff603fa08fd0d001202160419041c031e021f001eff1cfe1afd15fe11fe0cff07010203fd06f908f60bf40df20ff010f011fb04000000000000000000000000000000000000fe01f706f407f108ef09ed0aec0bec0ceb0ded0cef0af108f305f602f9fefbf9fdf5fef0feecfde8fce5fbe2fae2f9e3f8e5f8e6f8e8ab000fde0ee00ee00ee00ee00edf0ede0ede0fdd0fdd0fdd0edf0ee00ee10ee20fe210e311e311e411e511e611e911eb11ed11ee12f012f112f206fb02feff000001ff00fffefff900ec01ec02eb03ea04e905e805e706e507e408e309e30ae30ae30be30ce20ce20de20de20de20de10de10de00de00de00ce10ce20ce30ce4
1429,213713979,-93,11,128,1,27,0,4ff11441010403020502050104ff06fd08fd07fe06fd0afd0cfe0bfe07fd07fe06000400040004ff03fc00fb00f900fafffb00fa01fb00ff000000000000000000000000000000000000ff00fd03fd02fe03fd02fa01f901f803f905fa05fa02f701f701f900fcfffc00fe0200030301050103050208020a020d050e050e000d
1430,214488275,-92,11,128,1,27,0,57788541010001020101020100030104ff00fcfffe02fe08fd0cff040100030b0312ff08fe0000010100fffefffe00ff010002000201000000000000000000000000000000000000000001fe02fc01fdfffdffffff00fe00feff00fd01fd00fffe01ffff00fa00fafefcfefd00ffff02fe02fd02ff030104ff06ff0403ff04fc
1431,217914536,-92,11,128,1,27,0,4ff11441fef6fff8fefbfcfffafff9fffa01fa00f900f603f404f502f4fff5fef8fffafef8fdf8fef900fc03fe04ff030002fe01fc02ff00000000000000000000000000000000000000fffefffc01fd01fc00fb00fbfffa00f800f6fff602f804fc02ff00fffffdfefdfdfdfdfefefefcfcfafbf9fbf9f8faf4faf3f9f3f7f2
1432,218015523,-92,11,128,1,27,0,4ff11441070302010000000000ff02fc02fa03f802f501f502f704fa04fc03fb03fa02fc02fc03fb02fbfffbfefcfefdfefefcfffafffeff000000000000000000000000000000000000fe00fb02fd01ff01fe01fd03fd05fe05ff06fe06fa04f804f904fd04ff030002ff03010304030705080509040a0309040707060a050b
1433,218385103,-28,11,128,1,27,0,6ff0060012ef12ef11ef11ef11ef10ef10ef0fef0fef0fef0eef0eef0eef0eef0fef0fef0ff00ff10ef20ef20ef30ef40df40df40df503fd00000000000000000000000000000000000003fc0cf20cf10df10ef10ef10ef20ff210f210f211f112f112f112f112f212f212f212f211f212f112f111f111f111f111f012ef12ee
1434,218526936,-94,11,128,1,27,0,4ff11441050204fe03fe03fc04f901fbfdfafdf6fff4fff1fdf2fdf5fdf7fbf9fdf8fef7fdf9fdfbfefcfdfdfe00fe02fb02f902fa01fe00000000000000000000000000000000000000ff00fd01fe01fe02fd03fa02f701f700f800fa02fa02f900fbfffd02fd03fe03000302020402060308010a020b050b060c040d030a04
1435,218681419,-94,11,128,1,27,0,344cc341fcfefcfffcfeff02050a0309fafff7fbfcfcfcfdfb01fd02fd00fffc05f606f9ff07fd12fe0afdf9fdf7ff01fdfdfaf6fcf8fffe000000000000000000000000000000000000ff00ff000001ff0100ff00fefffeff000100020001ff010001010000fefffe01ff0000fdfefcfcfefcfefcfffc00ff00010101010000
1436,218682479,-96,11,128,1,27,0,2774424101fd03fd02fffefe01fb04fc0203010a04080805070107fa08fd0303fefdfcfafefe0000ff00fffdfffdfefffb00f701f702fe00000000000000000000000000000000000000ff00ff01ff0001fe03fe02ff0000fe00ff00ff00fefffefeffffff00ff01ff00fefffffffffffe00fe000101010000ff000101030000
1437,218683143,-92,11,128,1,27,0,6ee11641fe05fd01fdfbfffb00fd03ff050009040d000bfb0602fe06f504f807fe07fd05fd05fe00fdfcfd00fe0702080203fe03fb02fe00000000000000000000000000000000000000ff00fe010000000001ff01ffff0100010100ff01fd03000303030301ff00fbfefbfefc00feff00fd00fe0000ff00fefffefcfffbfefd
1438,219693420,-37,11,128,1,27,0,1ee00100060a0107fb04f601f0ffecffe7ffe4ffe101e002e003e104e405e805ec04f103f501fbfffffc04fa08f70bf50df30ff210f104fc00000000000000000000000000000000000000fd02f604f406f108ee0aeb0ae90be80be70ae80aea09ed08f006f505fa05000506060b081009140b180e1a0f1b101a111911171016
1439,219703353,-37,11,128,1,27,0,1ee0010006f505fb04010507050d061208160a190c1b0d1c0f1b0f1a0f170d140b10080c04080104fd00f9fdf5faf2f8f0f6eef5ecf4fbfd000000000000000000000000000000000000fd00f602f302ef01ec01e901e702e502e402e502e801ea01ee00f3fff8fdfdfa02f807f40bf10eed10ea11e711e510e50ee50de50ce6
1440,219708613,-38,11,128,1,27,0,1ee00100f4fcfafb00fb06f90cf710f514f316f017ed18eb17ea16ea14ec11ee0ef10bf507f904fd0102fe07fc0bfb0efa11f913f814fe0500000000000000000000000000000000000001010408050b050e061207140817081809190918071606130410020cff07fc03f7fff3fbeff8ebf6e7f5e4f4e2f5e2f6e2f8e3f9e4f9
1441,219725564,-38,11,128,1,27,0,1ee00100fff301f904fe08040b090f0c120f161118111a111b111a0f190e160b12090d0808050303fe02f900f4fff0feedfeeafee9fdfaff000000000000000000000000000000000000fe01fa08f709f40bf10eef0fed11ec12ec13ec12ee10f00ef20bf507f802fbfdfdf7fff200ed01e801e400e1ffdffee0fde0fce2fce3
1442,219727110,-38,11,128,1,27,0,1ee00100fdf300f904fe08030d061009140c180c1b0d1c0c1d0b1d0a1b09170713050e0409030402fe02f901f401f001ed01eb02ea02fa00000000000000000000000000000000000000ff02fb08f90af60df40ff211f113ef14ef15f015f112f20ff40cf708f903fbfdfcf8fdf2fdedfde9fce5fbe2fae0f9e0f8e2f7e3f7e5
1443,219750860,-37,11,128,1,27,0,1ee00100f3fefafc00fa05f80bf50ff212ef14ec15e914e713e612e710e80deb0bef08f306f803fd0102ff06fe0bfd0ffc12fc14fc15ff0500000000000000000000000000000000000001010707080a0a0d0b110c130d150e170f170e160c140a12070f040b0007fb04f600f1feedfce8fae4f9e1fadffadffbe0fde2fee3ff
1444,219751539,-37,11,128,1,27,0,1ee00100fe0afd05fbfff9faf7f5f4f2f2efefededecebeceaedeaeeecf0eef3f1f5f5f7f9fafdfc02fe060009010c020f0311031304040100000000000000000000000000000000000001fe06f909f80cf70ff611f513f414f315f314f412f510f70df90afc06ff03030007fd0cfb10fa14f917f91afa1bfb1bfc1afc19fd18
1445,219752020,-37,11,128,1,27,0,1ee00100f4fdfafc00fb06f90bf610f413f115ee16eb17ea16e914e912ea0fed0cf009f406f803fd0002fe06fc0afb0ef911f913f814fe05000000000000000000000000000000000000010107070809090d0b100c130d150e160e170e160c140a12070f040b0007fc03f700f2fdedfbe9f9e5f9e2f8e0f9e0fae1fbe2fce4fd
1446,219752566,-38,11,128,1,27,0,1ee00100fcf400f904fe08020d061108150a190b1b0a1d0a1d081c071a06170513030e0309020402fe01f902f502f103ee03ec04ea04fa01000000000000000000000000000000000000ff02fb09f90bf60df410f212f114f015f015f015f112f30ff50cf708f903fafdfcf8fcf2fcedfce9fbe5fae2f8e1f7e2f7e3f6e4f6e6
1447,219755750,-93,11,128,1,27,0,4ff11441060105ff05fb00fafcfafbf9fdf7fff602f603f603f602f602f904fb06fc04fb01fb00fe020002fe00fcfefcfdfbfdfafcfafffe000000000000000000000000000000000000ff00ff0001ff03fd06fd08fe07fd06fd06ff05010602080207010401030002ff02fd02fd03fd03fe02fe06fb0af80cf90cf80cf80cf9
1448,221394210,-95,11,128,1,27,0,4ff114410602050002fe00fe00fc01fa02fb03fa04f606f205f403f603f605f704f802f900fafefdfcfefdfefefefefefcfdfbfcfcfbfffe00000000000000000000000000000000000000ff01fe0000fe02fe03fd05fc07fa06f905f806f806f906fc05fe05fd02feff01000303040307030a030a0209020a060b070b070b06
1449,225548605,-38,11,128,1,27,0,1ee00100f5f3faf7fffa05fe0b00110216031b031e032001210021ff1fff1cfe18fe13ff0eff08000201fd02f804f405f006ed07eb08fa0200000000000000000000000000000000000000010008ff0bfd0ffb13fa16f919f91bf91df91cf91af917fa14fb0ffb09fa03f9fdf8f7f7f1f5edf3e8f0e5eee4ede4ece5ebe6ebe7
1450,225549257,-38,11,128,1,27,0,1ee00100f90ffa09fb02fbfbfaf5f9f0f7ebf5e7f3e4f0e2efe2eee3eee5f0e8f2ecf5eff8f4fcf8fffc030007040a070d09100b120c040300000000000000000000000000000000000001fe07fb0afb0efa12fa16f919f91bf81cf81cf81af817fa14fb10fd0aff05020006fc0af80ef412f216f01af01cf11df21ef31df41d
1451,225550974,-38,11,128,1,27,0,1ee00100f0f9f7fafdfb04fb0bfb10fa15f819f61cf31df11df01def1bf017f114f210f50bf807fb03fffe03fb07f80af50df30ff211fc0400000000000000000000000000000000000001010407050a050f051306160619071b071d071c061a05180414020fff0afc05f900f5fbf1f7edf4e9f1e5f0e3efe2f0e1f1e2f2e2f4
1452,225551378,-38,11,128,1,27,0,1ee00100fdf0fff502fb06010a050e09120c160e1a0f1c0f1d0e1d0d1c0c190a160812070d0507030102fc01f700f2ffefffebffe9fffaff000000000000000000000000000000000000ff01fc08f90af60cf30ff111ef14ed15ec16ec16ee14ef12f10ff40bf705f900fbfafdf5feeffeeafee5fde1fcdffbdefadff9e0f8e1
1453,225605571,-38,11,128,1,27,0,1ee00100030f000afd04f9fff5faf1f6edf4e9f2e5f1e3f1e1f2e1f3e2f4e5f6e9f8edf9f2fbf8fcfefd03fe08fe0cfe10fe13fe15fe05ff00000000000000000000000000000000000000fe04f806f609f40df10fef11ed13eb14ea14eb12ec10ef0ef10cf509fa06ff0404020a011000150019011e02200420051f061f061e
1454,225606055,-38,11,128,1,27,0,1ee00100f50df807fa01fcfafdf4fdeefce9fbe5f9e1f7dff5dff4e0f4e2f5e5f6e9f8edfaf2fdf700fc0301060509090c0b0e0e100f040400000000000000000000000000000000000001ff08fe0bff0f00130117011a021c021d021d021b021802150210030a030404fe06f908f40bef0eec11e915e817e918ea19eb19ed18
1455,225658402,-38,11,128,1,27,0,1ee001000b0706050003fb02f502f001ec02e803e505e306e307e408e608e808ec07ef06f404f801fdff02fd05fa09f80bf60df50ff403fd000000000000000000000000000000000000fffefcf8fcf6fcf2fceefcebfce9fbe7fbe6fbe6fce8fdeafeeefff201f703fc050008050b090e0c110f1410161117111710170f170e
1456,225659631,-38,11,128,1,27,0,1ee001000df708fb04000006fc0bfa10f815f71af71ef820f921fa21fb1ffc1cfd18fe13fe0efe08fe02fefcfef7fdf2fdeffcebfce9fffa000000000000000000000000000000000000fd00f600f3feeffcebfbe8f9e5f9e3f8e2f7e2f7e5f7e8f7ecf8f1f9f7fafdfa03fa09f90ff814f719f51cf21ef11eef1def1cee1bee
1457,225661148,-38,11,128,1,27,0,1ee0010003f203f703fd04040409060e08120a150c170e181018101710160e130c100a0d070903050002fcfef9fbf6f9f4f7f1f5f0f4fbfc000000000000000000000000000000000000fe01fa05f706f408f109ee0aec0bea0ce90ce90ceb0bed09ef08f305f702fbfefefa02f604f207ee08ea09e609e408e407e406e406e5
1458,225661759,-38,11,128,1,27,0,1ee00100effef6fdfdfc03fa09f80ef513f216ef18eb18e918e817e815e812ea0fed0cf009f505f902feff03fc08fa0cf90ff812f714fd050000000000000000000000000000000000000101070508080a0c0c100d130f161018111911180f170d150a12070e0309fe05f902f4feeefceafae5f9e1f9def9defadefbdffce0fd
1459,225663855,-38,11,128,1,27,0,1ee00100f208f603fbfe00f903f406ef08ea09e509e108df07de06df05e104e403e703ec02f101f701fd00030008010d011102130215000500000000000000000000000000000000000002ff09ff0c001002140317041a051c061d071d071a06170614060e0508050205fc05f506f007eb08e60ae30ce10ee210e311e411e610
1460,225665748,-39,11,128,1,27,0,1ee00100fff201f702fd04020707090b0c0f0f1111131313141315121411120e100b0d09090705040001fcfff8fdf5fbf2faeff9eef8fbfe000000000000000000000000000000000000ff01fc06f908f60af30bf10def0eed0fed10ed10ee0ff00df20af507f803fbfffdfafff601f103ed03e903e602e401e301e300e400e5
1461,225666362,-38,11,128,1,27,0,1ee00100f3f5f9f8fffb05fe0c00110116021b011e0020ff21fd20fc1ffc1bfc17fc13fd0efd08fe0200fc01f703f305f006ed07eb08fa0200000000000000000000000000000000000000010308030b021002140118011a011d011e011d001a0018ff14fe0ffd0afb04f9fef6f8f4f3f1efeeebebe8e9e7e8e8e7e9e7eae8ea
1462,225668128,-38,11,128,1,27,0,1ee0010005f104f704fd0404050b061008150a190c1b0e1d0f1d101c101a0f170d130b10070b04060002fcfef8faf5f7f2f5f0f3eef2fbfc000000000000000000000000000000000000fe01f805f505f006ec06e907e608e409e309e409e608e806ec04f002f500fafdfff904f507f10aec0de80ee40ee20ee20de10ce10ce2
1463,225668895,-38,11,128,1,27,0,1ee00100f90efa08fb01fcfbfbf5faeff8eaf6e6f4e3f3e1f1e1f0e2f0e5f1e8f3ecf5f0f8f4fcf800fd030107040a080d0a0f0c110d040300000000000000000000000000000000000001fe08fb0bfb0ffb13fb17fa19fa1bf91df91cf91afa17fb14fd0ffe0a000403ff06fa0af60ef311f016ef19ef1cef1df01df11cf21c
1464,225670247,-38,11,128,1,27,0,1ee00100f2f8f8fafefb05fc0bfc11fc16fb1af91df71ff61ff41ef41cf319f415f511f70dfa07fc02fffd03f906f609f30bf10def0efb0300000000000000000000000000000000000001010407040b040f04130417041a051c051d051c041a03180214000fff0afc05f9fff5faf2f6eef2eaefe7ede5ece4ede3eee4efe4f0
1465,225671223,-38,11,128,1,27,0,1ee00100040f0109fd04f9fff4faf0f7ecf4e7f2e4f2e2f2e0f2e0f4e2f5e5f7e9f9edfaf2fbf8fdfefd03fe08fe0dff10ff13fe16fe05ff00000000000000000000000000000000000000fe02f705f408f10bee0dec0fea10e811e711e710e90fec0def0af407f905ff0405020b02110216031a051e062007200820091f091e
1466,225671831,-38,11,128,1,27,0,1ee00100050e0209fd04f900f4fceff9ebf6e6f5e3f5e0f5dff6dff7e1f9e4fae8fcecfcf2fdf8fefdfe03fe08fd0dfd10fc13fb15fb05fe00000000000000000000000000000000000000fd02f704f407f10aee0cec0ee90fe710e610e70fe90eeb0cef0af308f906ff0404040a03100415051a071e082009200a1f0b1e0b1d
1467,225672422,-38,11,128,1,27,0,1ee00100fa0efb08fb01fbfbfaf5f9eff7eaf4e6f2e3f0e2efe2eee3eee5efe9f1ecf4f0f7f4fbf9fffd040007040b070e09100b120c040300000000000000000000000000000000000001fe07fa0bfa0ffa13f917f919f81bf81df71cf71af817fa14fc10fd0a0005030007fb0af70ef412f217f01bf01df11ef21ef31ef41d
1468,225674225,-38,11,128,1,27,0,1ee00100f7f2fcf601fb06fe0c01110316041b051e042003210220001f001bff17ff13ff0dff08000201fd02f804f405f007ed08ec09fa02000000000000000000000000000000000000ff02fe09fc0bf90ff712f515f417f31af21bf31af318f415f512f70df807f901f9fbf9f5f8f0f7ebf6e6f4e3f2e1f0e1efe2efe3efe5
1469,225676065,-38,11,128,1,27,0,7ee00741f20cfd10fb0cfe0c0b0d12040d020609fd040005080a060107ff05030000fcfbfcfe0004ff01fe00fe01fd01ff02010100ffffff000000000000000000000000000000000000ffffffffff00fffffdfefefe01ff010001fc01f8f9faf4fff6fdfcf3ffef03f210f61dfa1504090f050efb07f706fb11f81af413f408
1470,225676243,-38,11,128,1,27,0,1ee00100fdf0fff602fc06010a060e09120c160e1a0f1c0f1d0e1d0d1c0b1909160711060c0407030101fb00f700f200ef00ec00e900fa00000000000000000000000000000000000000ff01fb08f80af50cf10eef10ed12eb14eb15eb15ec13ee10f00df309f604f9fffbf9fef4ffeeffe9ffe5fee1fddefcdefbdffadffae0
1471,225676883,-38,11,128,1,27,0,1ee001000a0b0507ff04f902f300edfee8fee4fee0ffdf01de02df03e104e404e804ed03f202f800fdfe02fd07fb0bf90ef711f512f404fc000000000000000000000000000000000000fffdfef600f301ef03eb04e804e505e305e105e205e505e805eb05f105f705fd060308080a0e0c120e17111a131b141a151915181517
1472,225678490,-38,11,128,1,27,0,1ee00100fa0efa08fb01fbfafaf4f8eff6eaf4e6f1e4efe2eee3ede4ede6efe9f1edf3f1f7f5fbf9fffd030107040b070e09110a130b040200000000000000000000000000000000000001fe07fa0bfa0ffa13f917f91af91cf81df81df81bf918fa14fc0ffd0a0005030007fb0bf70ff413f217f01bf01df11ef21ef31ef51d
1473,225679187,-38,11,128,1,27,0,1ee0010003f103f703fd050307090a0e0d121015131715181618171616141411110e0e0c0a0805050002fbfff7fdf3fbeffaedfaebf9fafe000000000000000000000000000000000000fe01f806f506f107ed08e909e70ae50ae40be40be60ae808ec06f003f500f9fdfef902f405ef08eb09e60ae20ae009df08e006e006e1
1474,225909896,-38,11,128,1,27,0,1ee00100effbf5fcfdfc04fb0afa10f915f719f51cf21ef01eef1dee1bef18f015f211f40cf807fb03fffe03fa07f70af40df20ff111fc04000000000000000000000000000000000000010106060709080d0a110b150c170d1a0e1b0e1b0c190b170813050f020afe05f901f5fcf0f9ebf6e7f4e3f3e0f3dff3dff5e0f6e0f7
1475,225911628,-38,11,128,1,27,0,1ee0010000ef01f502fc050207080b0d0e111214141617181817181618141612130f100c0b0906050102fcfff7fdf3fbeff9ecf8eaf7fafd000000000000000000000000000000000000fe01fa07f708f30bef0cec0eea10e812e713e712e911eb0eee0cf108f604fafffdfa00f402ef04ea05e505e104de04de03de02de01df
1476,225912898,-38,11,128,1,27,0,1ee0010010ff0a000402fd05f808f30cef0fec13ea16e919ea1aeb1aed19ef17f214f410f70cfa07fd01fffc01f703f204ef05ec05ea01fa000000000000000000000000000000000000fefff8fbf6f8f4f4f2f0f0edeeebede9ece8ece9edeaf0ecf3eef6f2faf6fff905fd0bff100115031a041e0321022101210021ff20ff
1477,225913412,-38,11,128,1,27,0,1ee0010010fb0afe0402fe05f909f50df111ef15ee18ed1bee1cef1cf01bf218f415f611f80cfb07fd01fffc01f702f303ef04ec05e901fa000000000000000000000000000000000000fefff7fef4fbf1f8eef6ebf4e9f2e7f1e5f0e6f0e8f1eaf2eef4f2f6f8f8fefa04fb0afc10fd15fd1afd1efc20fb21f920f81ff71ef7
1478,225968677,-38,11,128,1,27,0,1ee00100fdeffff602fc050209070c0b100f141217131a141b141b131a11180e150c110a0c0706040102fcfff7fef2fceffbecfaeaf9fafe000000000000000000000000000000000000ff01fc08f90af60df310f113ef14ed16ed17ed17ee15ef12f10ff40bf706fa00fcfbfef4ffef00e900e4ffe0fedefdddfcdefbdefbdf
1479,225970157,-38,11,128,1,27,0,1ee00100fcf0fef502fb050109060d0a120e161019121b121c121d111c0f190d160b12090d0607040102fc00f7fef2fdeefdebfce9fbfafe000000000000000000000000000000000000ff01fc08fa0af60df310f113ef15ee17ed18ed18ee16ef13f110f40bf706fa00fcfafef4ffeeffe9fee4fde0fcdefcdefbdefadffae0
1480,225970719,-38,11,128,1,27,0,1ee0010008f206f704fe0205020b01110216041b051e062008210920091e091b08170613040d0208ff02fcfefaf9f8f5f5f2f4eff2edfcfb000000000000000000000000000000000000fe00f703f403ef03eb03e704e404e204e105e204e404e703eb02ef01f5fffbfc00f906f60bf20fef12eb14e715e514e413e412e411e4
1481,226022228,-38,11,128,1,27,0,1ee00100f80ef908fb01fcfafcf4fceefbe9f9e5f7e1f6dff4dff3e0f3e2f4e5f6e9f8edfaf2fdf700fd03010606080a0b0d0d0f0f11030400000000000000000000000000000000000001fe07fb0afb0ffa13fa16f919f91bf81df81cf81af918fa14fb10fd0aff0502ff05fa09f60df311ef15ed19ed1bee1cef1df01cf11b
1482,226264871,-38,11,128,1,27,0,1ee0010000f001f603fd0503070a0a0f0d13101613181519161917181616141311100d0d090904050001fbfef7fbf3f9f0f7edf5ebf4fafd000000000000000000000000000000000000ff01fb07f809f50cf10eee11ec12ea14e915ea14eb12ed10f00df309f705fafffdfa00f402ee04e904e505e004de03dd02de01de01df
1483,226265493,-38,11,128,1,27,0,1ee001000ffc09ff0302fd06f809f40df111ee15ed19ec1bed1cee1cf01bf218f515f711f90bfb06fd00fffb01f603f104ee04eb05e901fa000000000000000000000000000000000000fefff7fdf4fbf1f8eef5ebf4e9f2e7f1e6f0e6f0e8f1ebf2eef4f3f6f8f8fefa04fc0afd10fd15fe1afd1ffc20fb21fa20f91ff91ef8
1484,226266654,-38,11,128,1,27,0,1ee001000f0308020103fb04f405ef07ea09e60ce30ee210e211e311e611e80fec0df00af407f903fdff02fb06f809f50cf20ef00fef04fb000000000000000000000000000000000000fefef9faf7f7f5f3f3f0f1edefebeee9ede8ede8efeaf1ecf4eef8f2fcf600fa05fe0a011004140619081d0920092008200720061e05
1485,226267297,-38,11,128,1,27,0,1ee00100f40af805fcfffff901f303ee04e904e404e003de02dd01de00e000e400e800ec00f201f801fe02030209030d041105140516010500000000000000000000000000000000000001ff08fe0bfe0fff13ff17ff1a001c001d001d001a00180114010f0109020303fd05f707f209ed0ce90fe711e513e615e716e816e915
1486,226269836,-38,11,128,1,27,0,1ee00100f003f600fcfd02f907f60bf20fee11ea12e713e412e311e30fe50de70beb09ef07f404f902fe0004fe09fc0dfb11fa14fa15fe05000000000000000000000000000000000000010008030a050d08100a130d150e171018101810160f130e100c0b0906070005fb03f502ef01ea00e501e102df03df04df05e005e206
1487,226289573,-38,11,256,1,27,0,566225000ffe09000202fc04f607f10bed0eea12e815e817e818e919eb18ed15f012f30ef70afa06fd0101fc04f706f307f009ee0aec02fb000000000000000000000000000000000000fefff7fdf4faf1f7eef4ebf2e9f0e8efe6eee7eee9efecf1eff3f3f5f9f8fffb05fd0bfe110016011b011f0021ff22fe21fd21fc1ffc06ff14fe10fe0cff07010302ff04fb05f807f509f20af00cee0ced0ced0cee0aee08ee06ef03f001f1fef3fbf5f9f7f6f8f4faf3fbf1edf4eef3fdfdffff000000ff00ffff00fe01f705f803f8fff8fdf7faf7f8f7f6f7f5f8f4f9f3faf2fcf3fff302f405f509f70df810fa13fb16fb19fc1cfc1efc1efd1efd1dfd1bfd1afd
1488,226297894,-38,11,128,1,27,0,52200500fef0fff602fd050308090b0d0f111214161518161915191418131610130d0f0b0a0705040001fcfef7fcf3faf0f8edf7ebf6fafd000000000000000000000000000000000000ff02fd08fa0bf70ef411f214f016ee17ed18ee18ef15f113f30ff50bf805fafffcf9fef3ffee00e900e400e0ffdefedefddefcdffce0
1489,226299249,-38,11,128,1,27,0,52200500f80dfa07fc00fdf9fef3feedfde8fce4fae1f9dff8dff7dff6e2f7e5f8e9f9eefcf3fef800fe02030407060b080e0a110b13020400000000000000000000000000000000000001fe07fa0bf90ff913f816f719f71bf61cf61bf719f816f913fb0ffd09ff0402fe06f90af50ef211ef15ed19ed1bee1cef1cf01cf11b
1490,226302813,-38,11,128,1,27,0,522005000b0905060003f901f3ffeefee9fde4fee0ffde00de01df01e002e402e802ed02f201f800feff03fe08fc0dfb10fa13f915f905fe000000000000000000000000000000000000fefefbf7fbf4fbeffbebfbe8fbe5fae3fae2fbe2fce4fde7feebfff001f603fc060109070c0c0f101213151617171816181618151813
1491,226304978,-38,11,128,1,27,0,52200500fa0efb08fc01fcfafbf4faeef9e9f7e5f5e2f3e1f2e1f1e2f1e4f2e7f4ebf7eff9f4fcf900fe0302060609090b0c0d0e0f10030400000000000000000000000000000000000001fe06f90af80ef712f615f517f41af31bf21af318f416f612f80efb09fe04020006fb0af80ff513f318f21bf11ef21ef41ef51ef61c
1492,226308149,-38,11,128,1,27,0,522005000ef908fd0301fe06fa0bf710f414f318f31cf31ef31ff51ff61df81af916fa12fc0dfd07fe01fffbfff600f200ee00eb00e900fa000000000000000000000000000000000000fdfff6fff3fdeffbecf9e9f7e7f6e4f5e3f5e4f5e6f5e9f6edf7f2f8f8f9fefa04fa0afb10fa15f91af81df61ff51ff41ef31df21cf2
1493,226616736,-93,11,128,1,27,0,4ff1144108fd06fe04fd04fc03fb02fbfffdfbfdfaf8fbf6fef5fff5fef7fef9fef9fef7fff9fefafdfcfefffffdfffdfcfefafff900fe00000000000000000000000000000000000000ff00000002020402030202030303040306040704070406040504030401030201040003ff030007ff08fc09f90afa09fb07fb06fc07fd
1494,226832261,-38,11,256,1,27,0,76600700f002f6fffcfc01f906f50af10ded0fe90fe50fe30ee10de20be309e607ea06ee04f303f902fe01040009000e00110014001600050000000000000000000000000000000000000100070409070c0b0e0e10111213141515161416121410130d10090d0509ff06f904f401ef00e9ffe4ffe000de01de02df03e004e105f901ec03ef02f301f7fffbfdfefa01f804f506f308f10aef0aee0bee0cee0cef0cf10cf30df60df80dfb0dfe0c010c040b060b080b091401130203000000ffffff00ff0000ff01ff09fb09fd0701070308060808070a070c060e050f040f020eff0efd0df90bf60af308ef07ec06e905e705e405e205e105e205e305e505e705
1495,226835577,-38,11,256,1,27,0,76600700f0fff6fdfcfb02f807f40bf10eed10e911e610e30fe20ee20ce40ae708ea06ef04f403f902ff01040109010e0111021402160005000000000000000000000000000000000000010106060709080e09120a150b180c1a0d1b0d1b0c190a160813050f020bfd07f803f300eefdeafbe5fae0fadefbdefcdffedfffe1fff9ffecfeeffef3fdf7fcfbfafff903f706f508f30af10bf00cf00cf00df00df10df30ef50ef80efb0efe0d010d040c060c080c0a0c0b1404130503000000ffffffffffff00ff01000a010902070406060508040a030c020e010f000fff0ffd0efb0df90bf608f305f003ee01eb00e8fee5fee3fde1fde0fde1fde3fee4fee6ff
1496,228887870,-93,11,128,1,27,0,644dd64102010000ff03010202ff00fef9fff900000102fa02f205f201f6fdfd0203040401fd00fb00feff01ff01fefffb01f802f402fc00000000000000000000000000000000000000ff00fe02fe0000ff00fefffefefffeff00000102ff02ff0101ff01fffe01fc02fe02020002000202010100ff01fd01fd010101040002
1497,230508054,-93,11,128,1,27,0,4ff1144100fcfffcfcfef900fb00fe01fd04fb06fa06f707f607f905fb04fb04f805f805fb05fd03ff02000001000200050007ff06ff010000000000000000000000000000000000000000ff000001030204030303020303030503050305020400040007ff07ff03ff0001fe02fd01fd01fb03fb04fc03f702f501f502f204f2
1498,231840169,-94,11,128,1,27,0,4ff11441fc010102050405040303040107ff07fc06fa08fa0afb0afc08fe0afc0bfc09fd06fc04fc04fd03fd01fdfffcfdfcfcfcfcfbfffe000000000000000000000000000000000000fffffefdfdfdfcfdfbfef9fef8fcf7faf7faf9fcfbfbfcfafcfdfdfefefffd03fc04ff01ff00fd03fe05fe06fd09fd09fc0afa0cfb08
1499,232062985,-38,11,128,1,27,0,1ee001000bf608fb05010207010c00120016011b021e03200520061f061d061a05160411020c0007fd02fafef8faf5f6f3f3f1f1f0f0fbfb000000000000000000000000000000000000fefff7fdf4fcf1f9eef7ebf6e8f5e7f4e5f4e6f4e8f5eaf6eef7f2f8f8f9fefa03f909f90ef713f517f31af01bee1bed1aec18ec17ec
1500,232117622,-38,11,128,1,27,0,1ee00100070b0207fe04f901f400efffebfee7ffe4ffe201e202e303e404e804eb03ef03f401f800fdfe02fb05f909f70bf50df40ef303fc00000000000000000000000000000000000000fe02f804f606f308f00aee0bec0cea0ce90ce90beb0aed09f007f406f905fe05040509060d071209150b180d1a0e1a0f190f170f15
1501,232119061,-38,11,128,1,27,0,1ee00100effdf6fcfcfb03f808f40cf110ed12e913e613e312e210e20ee40ce60aea08ee06f304f803fe02040209020e021102140316000500000000000000000000000000000000000001010508050c051005140617071a081c081d091c081a06170514030f000afc06f701f2fdeefae9f8e4f7e0f7def7def9defbdffce0fd
1502,232119581,-38,11,128,1,27,0,1ee00100effef6fdfcfb03f808f50cf210ee12ea13e613e412e311e30fe40de70aea08ef06f404f903ff01040109000e001100140016000500000000000000000000000000000000000001010608060b070f081209160a180c1a0c1b0c1a0b1809160713050f010afc06f802f3feeefce9fae4f8e0f9def9defbdefcdffde0fe
1503,232122285,-38,11,128,1,27,0,1ee001000c0007010203fd06f909f50cf20ff012ef15ef17f018f118f317f415f612f80efa0afc05fd00fefcfff700f300f000ee00ec00fa000000000000000000000000000000000000fefef9faf8f8f6f4f5f1f3eff2edf1ebf1eaf1ebf2ecf4eef6f1f9f4fdf702fa06fd0bff0f01130217031b031d021d011cff1cff1bfe
1504,232124021,-38,11,128,1,27,0,1ee0010000f002f604fd07030a080e0c110f151218131b131c121c111b0f180c140a10080b0606040002fb01f600f200ee00eb00e900fa00000000000000000000000000000000000000fe01f706f407f008ec09e90ae70be50ce40de50de70be90aed07f104f500f9fcfdf701f203ed05e906e406e005de04de03de02df01e0
1505,232124560,-38,11,128,1,27,0,1ee00100020c0007fc03f9fef5fbf1f8edf6eaf5e7f5e5f6e4f7e4f8e6f9e9fbecfcf0fcf5fdf9fdfefd03fd07fc0bfc0efb10fa12fa04fe00000000000000000000000000000000000000fe04f807f70af50df30ff211f012ef13ee12ef11f10ff30df50af807fc05010306010b000f00140118011b021c041c041b051a0519
1506,232125013,-38,11,128,1,27,0,1ee0010006f305f904ff0506050c061108160b190d1b0f1c111c121b111910150d120b0e070a0306ff02fbfff7fcf3f9f0f7edf6ecf5fafd000000000000000000000000000000000000fd00f603f302ee02ea01e701e501e301e102e201e501e800eb00f0fef6fdfcfa01f706f40af00eed10e912e612e311e310e30fe30ee3
1507,232125535,-38,11,128,1,27,0,1ee00100060d0108fd04f700f2fdedfbe8fae4fae1fbdffcdefddffee1ffe400e900ed00f3fff8fefefe03fc08fb0cf90ff812f713f605fd00000000000000000000000000000000000000fd02f604f307f009ed0bea0ce80de60ee50de60ce80beb0aef08f407f906ff0505050b06110715091a0b1d0c1e0e1e0e1d0f1b0f1a
1508,232126090,-38,11,128,1,27,0,1ee00100fc0efb07fb01f9fbf6f6f4f1f1eeedebeae9e8e8e7e9e6ebe7edeaf0edf3f1f5f5f8fafa00fd05ff09000d01100213031503050000000000000000000000000000000000000001fe08fa0bfa0ff913f816f819f71af61cf61bf619f716f913fb0efd090005040008fd0cfa11f715f619f51df51ff720f81ff91ffa1d
1509,233005276,-38,11,128,1,27,0,1ee00100ec01f2fff9fc00f905f60af20eee11e912e513e212e011e00fe10ee40be709eb07f005f604fc02020108000d00110015001700060000000000000000000000000000000000000100060408080a0c0c110d140f171119121b131a11190f170d140a10050b0107fb04f501effeeafde4fbe0fcddfddcfedb00dc01dd01
1510,233005757,-39,11,128,1,27,0,1ee00100ed05f302f9fefefa03f507f10aeb0ce60de20ddf0cde0bde09df08e207e605ea05ef04f503fb02010207030d03110414041601050000000000000000000000000000000000000100070309060b0a0e0e111113131515171617161515131311110d0e080a0207fc04f602f001ea01e501e002de03dd05dd06dd07de07
1511,233006310,-39,11,128,1,27,0,1ee00100f7f1fbf5fff904fd09000e02130417041b041d031e031e021d001b00170013000e0009000301fe03f904f505f206ef08ed08fb02000000000000000000000000000000000000ff01fe06fc09f90cf60ff512f315f217f119f219f317f415f512f70ef909fa03fafefbf8faf2faedf8e9f6e5f5e4f3e3f2e4f1e4f1e4
1512,233272725,-94,11,128,1,27,0,2112224100fb0001fd03ff0002000304060507060404fefef8fcf5fefb010102000001ff00fd02fa03fa01fe01fe00fe00010202040001ff000000000000000000000000000000000000fffffffdfffdfefefefffefffffe0001010401050102fefdfcf9fdf8fdfbfdfeffff01ff01ffff01fdfefcfafcfafffe040507090907
1513,234612109,-40,11,128,1,27,0,1ee00100f70cfc07000205fd09f80df411f014ec17ea18e819e818e917eb15ed12f10ef40af705f9fffcfafff501f101ed02ea02e801fa0000000000000000000000000000000000000000fe01f701f402f003ec04e905e607e408e309e409e608e907ed05f203f700fdfd03f908f60df311f016ee19ed1bec1bed1bed1bee1a
1514,234612562,-40,11,128,1,27,0,1ee001000af505f900fdfa02f506f009ec0ce80ee511e412e412e412e610e80eec0cf00af407fa04ff0205010aff0eff12ff14ff16ff05ff000000000000000000000000000000000000ff01fc07fb0af90df711f514f316f117ef18ef17f015f112f30ff60bfa06ff0203fd07f80bf50ff113ee16eb17e918e917e917e916ea
1515,235628194,-94,11,128,1,27,0,4ff1144103fe03fb03f902fcfefdfbfbfaf8faf6faf6f8f7faf8fef8fdf7fcfafcfcfefcfefcfefc00fd00fffd00fb01fc04fc06fa04fe000000000000000000000000000000000000000000000101020104ff06fd07fe06ff06fd09fe080005fe03fd03fe040005020303030404050206fe08fd0bfc0cfb0bfc0bfd09fe0802
1516,235731377,-92,11,128,1,27,0,24477241fb03fe03fd04fc02fe00fe01fd03fd02fe0001ff01fd03fa05fcfffcf8fafbffff03fbfcf9f8fdfb00ff0001ff00ff01010300000000000000000000000000000000000000000001000300030004010301ff00fdffff0002010202010004fe0401010401030204ff04fd02fe01fd01fc00fb00fafffcfe00ff04fe04
1517,236549811,-94,11,128,1,27,0,4ff11441fb09fb06fd0200ff03fc06fa04f903f805f904f802f502f402f704fa03fa00f9fff900fbfffcfdfefdfffe00fc02fb03fc01ff00000000000000000000000000000000000000fefefcfbfdfbfffc02fb05fa06f904f903f904f703f900fbfef9fef9fdfafcfbfdfcfdfffe00fd01fc06fa0bfa0bfc0afa0bf90cfa0d
1518,237351854,-38,11,128,1,27,0,1ee00100f2f7f7f9fefb04fc0bfc11fb16fa1af91df71ef51ef31ef21cf319f315f511f70cf907fc02fffe03fa06f709f40cf20ef110fc0400000000000000000000000000000000000000010307030b030f02130217021a021d031e031d021b011901150010fe0bfc05f900f6faf2f6eff1ebeee8ece6ebe4ece4ede4eee4ef
1519,237404154,-38,11,128,1,27,0,1ee00100f30cf706fa00fdfafef4ffeeffe9fee4fde1fcdffbdef9dff9e1f9e4f9e8fbecfcf1fff701fc03010506070a0a0d0b100d11030400000000000000000000000000000000000001ff07fe0bff0f011302170319041c041d041d041b041804150410030a040404fe05f807f30aee0cea0fe712e614e616e716e917ea16
1520,237456100,-38,11,128,1,27,0,1ee00100f80bfa06fb00fcfbfcf5fcf0fcecfae8f8e6f6e4f5e4f4e5f4e7f5eaf6edf8f1fbf5fdf900fd0301060408070a090c0b0d0c030300000000000000000000000000000000000001ff06fd09fd0dfd10fd14fd16fe18fd19fd19fd17fe15fe12ff0eff09010403ff05fa08f60bf30ef011ee14ee16ef17f018f117f217
1521,237686906,-38,11,128,1,27,0,1ee001000e120a0e060a0006fa03f401ee00e800e400e002de03dd05de06e007e307e606eb05f003f601fbff00fc04f908f60bf30df103fc000000000000000000000000000000000000fffefefa01f804f508f20bef0eec10e911e711e611e710e80fe90ded0af108f607fc06020608070e08140a180c1b0e1d101d121e131e
1522,237689043,-38,11,128,1,27,0,1ee0010001e801ed02f404fa060009050d0a110e151019121b121d111e0f1d0d1a0b170a13070e0508040303fd02f802f302ef03ec03fa00000000000000000000000000000000000000ff01fd04f903f402f001ec01e801e401e102e102e102e202e402e802ee01f3fff7fcfdf901f405f008eb09e70ae30ae109df08de08dd
1523,237718403,-38,11,128,1,27,0,52200500effff5fefbfd00fa05f70af40df10fed11ea11e811e610e60ee70de90bec08ef06f304f803fd01020107000bff0fff12ff14ff05000000000000000000000000000000000000010004040507060b070f08120a140b160c170c170b160a140812060e030aff06fb03f600f2fdeefbe9fae5fae3fbe2fce1fde2fee2fe
1524,237721023,-38,11,128,1,27,0,52200500ff0ffe0afc04fafff7faf4f6f1f3edf0eaefe8eee6efe6f0e7f2e9f4ecf5eff7f3f9f8fbfdfc02fd07fe0bff0eff11ff14ff05ff00000000000000000000000000000000000001fe04fb07fa0bf90ef811f714f616f517f417f416f514f611f70ef90afc06000204ff08fd0dfc11fb16fa19fb1cfc1dfd1dfe1dfe1c
1525,238188627,-94,11,128,1,27,0,4ff114410605050004ff020001ff00fcfcf9faf8f9f7faf5fbf4fcf4fcf6fbf8fcfbfdfcfdfdfdfefcfdfdfdfffefd01fb02fc02fd01ff0000000000000000000000000000000000000000000000fd00fc03fb05fb05fa02f902f804f703f802f701f900fe00ff00fdfffe000100030104020504070609060b080b0a09080a05
1526,238413676,-38,11,256,1,27,0,966009000cfa07fd0300fe04fa08f70cf510f313f217f219f31af41af518f716f813f90ffb0bfc06fe01fffc01f801f402f103ef03ed00fb000000000000000000000000000000000000fe00f800f5fef2fdeffbecfae9f9e7f9e6f8e7f8e9f8ebf9eef9f3faf8fbfdfc02fc08fb0dfb11fa16f919f81bf61bf51af41af418f509fa1ef019f313f80dfc07010206fc0bf80ff513f018ed1cec1dea1eea1dea1bea17e814e810e70be805e900ebfbecf6edf3eeeff0ecdcfadef8fafefeff00ff00ff00ffff01fe02f60ef60cf404f201effeeefaedf7ecf5ebf2edefefeef3edf7ecfcec02ec08ec0fec14ec1aec20eb25ea29e92ce92de82ce92bea28eb26ec
1527,238416765,-38,11,256,1,27,0,966009000d0308020202fc03f704f205ed06ea08e70ae60be60ce60de80deb0cee0af108f505f903fd0001fd04fa08f80af60cf40ef303fc000000000000000000000000000000000000fefffafbf9f9f7f5f5f2f3f0f2edf1ecf0ebf0ebf2ecf4eef6f0f8f4fcf700fb04fe08010c041006140818081a081b081b071b061a060a0222091c0814070d070607fe07f707f108ec08e60ae10ade0add09dc08de06e003e100e3fce6f8eaf4eef0f2edf7ebfae8fee601e4ebe0ede0fcfafffe000000ff0000ff00fd01ef05f103f4fcf4f9f4f4f5f1f6eef7ecf8eafae9fde900ea04ec08f00df412f817fb1bff2003250629072d09300a310a310a2f0a2c0a2a09
1528,238495461,-94,11,128,1,27,0,4ff1140005030404050206020501050006fe09fc0cf90df70cf70afa07fe060007ff06fd03fd02fe02fe01fcfffbfefb01fc03fc00fdffff000000000000000000000000000000000000ff00ff010002010101ff0000010102010304010801080107ff09fd08ff040202010100ff03ff0601080209020b030d040b040a040d05
1529,238905085,-93,11,128,1,27,0,4ff1144105010402030002fe00fdfffa00f802f803f703f602f601f601f403f503f802f902f902f900fbfefdfdfdfdfefc00fafff8fcfdfe000000000000000000000000000000000000ffffff0000020102010501080009000a0009ff08fd06fb04fb03fe040004ff0200030403050105ff07fe06fe050109030d030b040903
1530,240550999,-42,11,256,1,27,0,366333000a060306fd06f707f109ec0be80de60fe511e413e415e615e914ec12ef0ef30af705fa01fefc00f702f204ef05ec05e906e801f9000000000000000000000000000000000000fffdfef5fff2ffeeffeaffe7ffe5fee3fee3fee4fee6ffea00ee01f303f906fe09030c08100b140e18101b111d101e0f1e0e1c0c1b0ba7000e240e250e250e250e240e240e240e240e230e230e230e230d230d230c220b220a220822072206210520041e031d021c001bff1afe1afd1afe09ff02fffffeffffff0201060512101111101310140f160f170f19101a101c101d0f1e0f1f0f200e210e210d220d220d220d230d230d230e240e240f240f240f240f240f25
1531,240553307,-42,11,256,1,27,0,3663330001f303f906ff09050d0a110d141018111b121c111d101c0f1a0d170b13090e0708050204fc03f702f201ee01eb02e902e702f900000000000000000000000000000000000000fd01f605f306f007ec08ea0ae80be60ce60ce70ce90bec09f006f403f8fffcfafff502f004eb05e705e305e004de02dd01de00e000e2aa000cf00cf00cf00cf00cf00cf00bf00bf00bf00bf00bf00bf00bf00bf10bf10bf10bf20bf30cf30bf40bf50bf50bf60bf70bf80bf80bf90bfa04fe01ffff00ff00ff0000fe01fb03f403f404f405f306f306f307f307f208f208f209f10af10af10bf10bf10bf10bf10bf10bf10bf10bf10bf00bf00bf00bf00bf00cf00cf0
1532,240583703,-42,11,256,1,27,0,766007000c0206040006fa0af50df211ef15ed18ec1bec1ced1def1df11bf418f613f80ef909fb03fcfdfdf7fdf2fdeefdebfce9fce7fff9000000000000000000000000000000000000fffdfbf6fbf3faeff9ebf8e8f7e6f6e5f6e5f5e6f6e8f8ebfaeffdf301f805fc09000e03130517071b071f072106220521041f031d02a8000f0c100c100c100c100c0f0c0f0c0f0c0f0b0f0b0f0b0f0b0f0b0f0b0f0b0f0b0e0b0d0b0d0b0c0b0b0b0a0b0a0b090b080b080a070b060b02040001ffffffffffff010004010b040b050b060b060b070b080c080c090c090c0a0d0b0d0b0d0c0d0c0d0c0d0c0d0c0d0c0e0c0e0d0e0c0e0c0f0c0f0c0f0c0f0c0f0c100d
1533,240764742,-41,11,256,1,27,0,7660070005f204f904ff0506070b09110b150e18101a121b131b1319131711140f110b0d07090205fe02f9fef5fcf1f9eef8ecf7eaf6fafd000000000000000000000000000000000000fe00f702f402f003ec03e904e604e405e405e405e605e904ed03f201f7fefcfb01f805f409f00bec0de80ee50ee20ee10de10be20ae3ad001ce71ce71ce61ce61ce61be61be61ae519e519e519e518e518e518e518e618e618e718e818e918eb18ec17ed16ee16ef16f016f216f316f408fc02feff00ff01ff0001fd05f90fed10ed11ee12ee13ee14ed15ed16ed18ec19ec1aec1cec1cec1dec1dec1dec1dec1dec1deb1dea1dea1de91de91de81de81de81de71ee7
1534,240768137,-41,11,256,1,27,0,766007000c090507fe05f705f005ea05e506e108de0adc0bdc0dde0ee00de30ce80aed08f304f801fefd03f907f50af20def0fed10eb04fa000000000000000000000000000000000000fffdfef5fff2ffed00e900e500e200e100e000e100e200e600ea02f003f605fc08020b080e0d1211161419161c171d171e161d141c12a500011501150115011501150115011401140114011401140114011401140014ff13fe13fe13fd13fd12fd11fd10fc0ffb0efb0efa0df90df80cfd04ff0100ffffffffff00010203080a070b070b060c060d050e050f051005100511051104120412041303130314021402140214021402140214021402150315031503150315
1535,240775958,-41,11,256,1,27,0,76600700f80cf905fafffbf9faf3f9edf7e9f5e5f3e3f1e2f0e2efe3f0e6f1e9f3ecf6f0faf5fef902fd060109040d071009120a130b050200000000000000000000000000000000000001ff08fe0bff0fff13ff160019ff1bff1bff1bfe19ff16ff12000d0108020304fd07f90af40df111ef14ed17ed1aed1bee1bf01bf219ab00dd0fdd0fdd0fdd0fdd0fde0fde0fdf10df10df10e011e011e011e011e010e00fe00ee10de10ce20be20ae309e408e507e606e605e604e702f700fd0000ff01ff00fffe01f905ed0eec0deb0ce90ce80be70be60be50be30be20be10be00bdf0bdf0bde0bde0bde0ade0bde0bde0bdd0cdd0cdd0ddd0ddd0edd0edd0fdc0f
1536,240778671,-41,11,256,1,27,0,76600700010efe08fb03f7fdf3f9eff5ebf3e8f1e5f0e2f0e1f1e1f3e3f4e6f6eaf8eff9f4fafafc00fc05fd0afd0efd12fd15fc16fc05ff00000000000000000000000000000000000001fe06f909f80cf60ff412f214f116ef16ef15ef14f012f20ff50cf808fd05010207000cff11fe16fe1aff1e002001210220031e031cab00f610f610f610f610f610f610f710f710f710f710f710f710f710f710f70ff70ff60ef60ef60df60df60cf70bf70bf70af609f609f608f608fc02fe0000ff00ff00ffff01ff04fd0bfc0bfb0bfb0bfa0cf90cf90cf80df80df70ef70ef70ef60ef60ef60ef50ef50ef50ef50ef50ff50ff50ff50ff60ff610f610f610f610
1537,241015192,-39,11,256,1,27,0,96600900f5f0f9f4fef703fb09fd0eff14ff18ff1cfe1efd20fc20fb1efa1bfa18fa14fb10fc0bfe06000103fc06f809f50bf30df10efc03000000000000000000000000000000000000ff01fd06fb08f70bf40df210f013ef15ee17ee17ef16f014f212f50ef709f904f9fffaf9faf3f9eef7e9f5e5f3e3f2e3f0e3efe3eee4fcfaf4edf5eff8f2fbf4fef702f905fa08fc0bfc0efd11fe13fe14ff14001300120211030f050d060b08090a060b040d020e000fff0f0a12091201030000ffffffffffff00000101050904090007fe07fb08f908f709f509f409f308f207f205f303f301f4fef4fbf5f8f5f5f5f1f5eef4ebf3e9f2e7f1e6f1e6f1e7f1e8f2ea
1538,241032846,-42,11,256,1,27,0,96600900f9eefcf300f704fb09ff0e01120317041a041d031f021f011eff1cfe19fe15fe10fe0b0006010003fc05f807f40af20bf00dfb03000000000000000000000000000000000000ff01fb05f806f407f109ed0aea0ce80ee80fe80fe80fea0ded0bf009f305f701f9fdfcf8fdf2feedfee9fde5fce2fae1f9e0f8e1f7e2ab0003db03db02db02db02db03db02db01db00db00dbffdcffdcffdc00dc00dc00dc00dd01de01df03e004e104e205e305e305e406e607e708e703f701fdff000001ff00fffdfef7fde6fee600e501e402e302e203e103e104e005df06de07de07dd08dd08dd08dd08dd08dd08dd07dc07dc06db05db05db05db05db05da05da
1539,241039896,-41,11,256,1,27,0,966009000215000ffd09f903f5fff0fbebf8e6f6e2f5dff5dcf6dcf8ddfadffbe3fce7fdedfdf3fdf9fcfffb05f90af80ef611f413f305fc00000000000000000000000000000000000001fe05fa09fa0efa12fa16f91af81cf71ef61ef51df51bf517f713f90ffc0a0006040209ff0ffd14fc19fc1efd21fe23002401230222a300f511f412f412f412f512f512f612f612f612f612f712f712f712f712f712f711f711f610f610f60ff60ff60ef60df60df60cf60bf50af50afc03fe0100ff00ff00ffff01fe04fa0dfa0df90df80df70df70df60ef60ef50ff50ff40ff40ff30ff30ff30ff20ff20ff310f310f310f310f410f411f411f411f412f412f412
1540,241042868,-42,11,256,1,27,0,96600900100e0a0b0408fd07f706f106eb07e709e30be10ee010e012e212e412e811ec0ef00af406f802fcfdfff801f303ef04eb05e901fa000000000000000000000000000000000000fffe00f803f507f20aef0dec0fe910e611e511e410e40fe60de90bee09f308f907ff0805090b0b100d151019131b161b181b18191817ab0009290a290a2a0a2a0a290b290b280c270b270b260c260c260c270c260b260a2609260826072507250623052204200220011fff1efe1efc1dfe0aff03fffffffeffff010205090e190d1a0c1b0b1c0a1e0a1f0921092209240925082608270727062806280529052905290629062907290729082908290829092a092a0a2a
1541,241043408,-42,11,256,1,27,0,d6633d0000ec01f203f705fc09010d051108140a180b1b0b1d0b1e091e081c061905150410030b0305030004fb05f606f307f009ee0afb02000000000000000000000000000000000000fe00f903f602f201ee00ea00e701e401e302e302e302e502e902ed01f1fff6fdfafafff702f205ee06ea07e607e206e005df04e003e1ad0009ef09ef09ef09ef09ef09ef08ef08ef08ef07ef07ef07ef07ef07ef07ef07ef07f007f007f107f107f207f207f307f307f408f408f508f603fc01ffff00ff00ff0000fe01fb04f305f306f307f307f308f308f308f209f20af20af20bf10bf10bf10bf10bf10bf10bf10bf10bf10bf00af00af00af00aef0aef0aef0aef
1542,241074760,-42,11,256,1,27,0,76600700fc16fc10fc0afa04f8fef5f8f2f4eef0eaede7ece4ebe3ece3eee4efe6f1e9f3eef5f3f7f9f9fffa04fb09fc0efc12fc15fc05ff00000000000000000000000000000000000001ff05fc08fd0dfe12ff16ff1aff1dff1ffe1ffd1ffd1dfd19fd15fe10ff0b0105030007fc0bf80ff514f418f31cf31ff421f621f721a800f510f410f410f411f511f511f611f611f611f611f611f611f611f611f611f611f610f610f60ff60ff60ef60df60df60cf50bf50bf50af409fb03fe0000ff00ff00ffff01fe04fa0df90cf80cf70cf70cf60df60df50df50ef40ef40ef30ef30ef20ef20ef20df20ef20ef20ef30ef30ff30ff40ff40ff40ff410f310f310
1543,241077042,-42,11,256,1,27,0,766007000016ff10fe0afb05f8fff4faf0f7ecf4e8f2e4f1e2f1e0f2e0f3e1f5e4f6e8f7edf8f2f9f8fafefa03fa08fa0dfa11f913f805fe00000000000000000000000000000000000000fe04fb07fc0cfc11fc15fb18fa1bfa1df91ef81df71bf818f814f90ffc0aff06020106fe0bfb10f915f819f91df920fb21fc22fd21a400f811f811f812f812f812f912f912f912f912fa12fa12fa12fa12fa12fa12fa12f911f911f910f810f80ff80ef80ef80df80df70cf70bf60bfc03fe0100ff00ff00ffff01ff04fc0dfc0dfb0dfa0dfa0df90df90ef80ef80ff70ff70ff70ff60ff60ff60ff60ff60ff610f610f610f710f710f711f711f711f711f711f712
1544,241117884,-43,11,256,1,27,0,76600700170911070b060406fd07f709f10bec0ee812e515e418e41ae41ae61ae818eb15ef11f20cf606f900fbfafdf4ffef00eb01e800f9000000000000000000000000000000000000fffefdfafff601f103ec04e804e305e004de04dc03dd02df01e201e701ec02f304f906ff0a050e0a120e17111b131e13201322112210ab000f0f0f0f0f0f0f0f0f0f0f0f100e100e100e100e100d100d100e100e100e100e0f0e0f0e0e0e0e0e0d0e0c0e0b0e0a0e0a0e090e080f070f02050001ffffffffffff010004030c090c090b0a0b0b0b0c0b0c0b0d0c0d0c0e0c0e0c0f0c100c100c100b100b100b100c100c100c100d100d100e100e100e100e100e100f10
1545,241263823,-44,11,256,1,27,0,9660090008e807ed06f305f9060007060a0c0c110f151218141a161a171917181616141310100b0d06090106fb04f601f1ffedfeeafdfaff000000000000000000000000000000000000ff00fc02f900f4feeffceafbe6fbe3fbe0fcdffcdffde0fde3fee7feecfff2fef8fdfefb03f808f40cf00fec11e812e412e211e010e0aa000bef0bef0bef0bef0bef0aef0aee0aee09ee09ed09ed08ed08ed08ed08ed09ed09ee09ee09ef09ef09f009f009f109f109f20af20af30af403fb01feff00ff00ff0000fe03fc08f509f509f50af50bf50bf50cf50cf50cf50df40df40ef40ef40ef40ef40ef40ef40ef40ef30ef30df20df20df10df10cf10cf00cf00cf0
1546,241274116,-44,11,256,1,27,0,9660090003e703ec03f104f706fd08030b080e0d11101512181419151a141a1318121510110e0d0b07090207fc05f703f202ee01eb00fa00000000000000000000000000000000000000ff00fe02fa01f501f000eb00e701e402e203e004e105e205e505e905ed04f203f700fcfd01f805f408f00aeb0be60be30ae10adf08dea5000af00af00aef0aef0aef09ef09ef09ee08ee08ee08ee08ee08ee08ee08ee09ee09ee09ef09ef0af00af00af10af20af20af30bf40bf40cf504fc01feff00ff00ff0000fe02fb06f407f407f408f409f409f409f40af40af40bf30bf30bf30cf40cf30cf30cf30cf30cf30cf30bf20bf20bf20bf10bf10bf10bf00bf00bf0
1547,241356969,-42,11,128,1,27,0,1ee00100ee12f10ef509f803f9fdfbf7fcf1fbebfae6f9e2f7dff6def5def5e0f6e2f7e5f9e9fceefff302f805fe09020c060f0a110c040300000000000000000000000000000000000000ff03fe06000a040e071209150b190c1c0d1d0c1d0c1c0b1a09170712060c0506040004fa05f407ef09ea0ce80fe611e514e516e517
1548,241357506,-42,11,128,1,27,0,1ee0010019fd14fe0eff08020205fd09f90df612f417f21bf21ef320f320f41ff61df71af816f910f90afa04fafef9f8f9f3f8eef8ebfdfa000000000000000000000000000000000000fffffcfefcfafcf5fcf0fbecfae8f8e4f7e2f6e1f5e2f5e3f5e5f6e9f8eefbf3fef703fb08ff0d02120417051c051e04200322012200
1549,241357999,-42,11,128,1,27,0,1ee00100e707ec06f103f6fffbfafff501f003ea04e504e104de02dd01dd00de00e100e400e801ed02f304f906ff08050a090d0d0e10030400000000000000000000000000000000000000ff030104040409050e061208160a190c1c0d1c0d1c0d1a0d180c140910060c0208fd04f702f200ecffe7ffe300e001df03dd05dd06
1550,241358469,-42,11,128,1,27,0,1ee00100e6feebfef1fdf7fbfdf902f507f10aed0de80ee50ee20de00ddf0be00ae209e508ea07ef06f506fb06010707070c081009130205000000000000000000000000000000000000000002020106ff0afe0ffd13fd17fd1bfe1eff1f001f001e011b02180113000efe08fb03f7fef3faeef7e9f6e5f5e2f5e0f6def8def9
1551,241466410,-42,11,128,1,27,0,1ee00100e7f5ecf7f2f9f9f900f906f80cf711f416f119ee1bec1bea1be91ae917eb15ed12f10ef50bf907fe04040109fe0efc12fb15fe05000000000000000000000000000000000000000002020006fe0afc0ffb14fa18fa1cfa1ffb20fc20fc1ffd1cfe18ff13fe0dfd08fb02f8fcf5f7f1f2edefe9ede6ede3ede1ede1ee
1552,241467828,-42,11,128,1,27,0,c7700c4114170c1307030bf90503001a0228f51ae108d807e714f817f911f614f71afe190116ff12fb0cf807f802f5fdeff9ecf9e9fbfafe00000000000000000000000000000000000001ff050006020705090c060f051010121a111a0c1c081d041c0117fe0efdff03f50cfa09f814ef28f521ef0ee105f514151e211e1629
1553,241468570,-42,11,128,1,27,0,1ee00100ee13f10ff50af804fafefbf7fcf1fbebfae5f9e1f8dff6def5def5dff6e2f7e4f9e9fcedfff302f805fd08020b060e0a100d040300000000000000000000000000000000000000ff03fe06000a030e061308160a1a0b1d0b1f0b1e0a1d0a1b08170612050d0407040004fa05f407ef09ea0de710e612e515e517e518
1554,242402377,-41,11,128,1,27,0,1ee001000ff20cf609fa06000405030a031003150419061c081e091e0a1d0a1b0a1809160611040d0108fd04f900f6fcf3f9f0f7edf5fbfd000000000000000000000000000000000000ff00fbfff9fcf7f9f4f6f2f3eff1edefebeeeaeeeaefebf0edf1eff4f3f6f8f8fdf902fa08fa0df912f816f618f319f119ef1aee19ed
1555,242402913,-41,11,128,1,27,0,1ee0010012f50ef809fc05010306000bff10fe15ff1a001d011f0220031f041d041a03170213000dff08fd03fafef7faf5f6f2f3f1f1fcfc000000000000000000000000000000000000fefffbfefafcf8f8f6f4f4f1f2efefededebecebececededefeff1f2f5f5f9f7fef903fa09fb0efc12fb17f91af81bf61cf41cf31cf2
1556,242403216,-41,11,128,1,27,0,5ee0050012090d0708060206fc06f707f108ed0bea0de810e612e614e714e913ec12ef10f20cf508f804fbfffdfafff601f202ee03ec01fa000000000000000000000000000000000000fffffefbfff801f403f104ed05ea05e705e505e405e504e603e803ec03f103f604fb060008050b090f0d120f1511171119101a101b0f
1557,242403402,-41,11,128,1,27,0,1ee00100f00ef30af705f900fbfafcf5fbeffaeaf9e6f7e3f5e2f4e2f3e3f3e5f3e8f5ebf8eefbf3fef701fb05ff09030c0510071208040200000000000000000000000000000000000000ff0400060208050b090e0b110d130e160f170f160e150d130c110a0c0807060206fd05f706f307ee09ea0be80ee710e711e713e813
1558,242403842,-41,11,128,1,27,0,1ee001000e0d0a0a06080006fb05f504f004ea05e606e408e209e20be30ce50ce80beb0aef07f304f701fcfefffa03f605f308f00aee02fb000000000000000000000000000000000000fffffffb01f904f507f209ef0aec0bea0be80be70be70ae809ea08ee07f205f705fc05010607080c0a100c130f161117131714171516
1559,242404279,-41,11,128,1,27,0,1ee00100ed0df109f504f9fffbf9fdf2feecfee7fde2fcdefadcf8dcf7ddf7dff7e2f8e6faebfcf0fff602fb060109050c090f0c120e040300000000000000000000000000000000000001ff0500070309070c0b0f0e1210141217141814171316121410110d0d0b08080207fc06f606f006ea07e609e30ce10ee110e111e112
1560,242404907,-41,11,128,1,27,0,5ee0050008ea06ef06f606fc070308090b0f0e1412171419171a181a19181816161413110f0e0a0b0507ff05f902f400f0ffebfee9fdfaff000000000000000000000000000000000000ff00fb02f801f3ffeffdeafce7fbe4fbe1fbe0fce1fce2fce5fde9fdeefdf4fcf9fbfff804f509f20dee10e911e611e311e210e00fdf
1561,242406476,-41,11,128,1,27,0,5ee00500ec0df109f504f9fffbf8fdf2feecfde7fce2fadef8ddf7dcf6ddf5e0f6e3f7e6f9ebfcf1fff602fb06000a050d08100b130c040300000000000000000000000000000000000001ff0500070309070c0b0f0e1111141316151715171416131411110e0c0b07090107fb06f506f006ea07e609e30ce10ee110e112e213
1562,242407928,-41,11,128,1,27,0,5ee0050017ff11000b020504ff08fa0cf610f315f11af01df120f121f321f41ff61cf819f914fa0efb08fb01fafbfaf5f9f1f9edf8eafefa000000000000000000000000000000000000fefffbfcfcf8fcf3fceffbebfbe7fae4f8e1f8e0f8e1f8e3f8e6f9eafbeffef302f806fd0b00100315051a061e062005220423022301
1563,242409388,-41,11,128,1,27,0,5ee00500ed0ef10af505f8fffaf9fcf3fcedfbe7fae2f8dff6ddf5ddf3def3e0f4e3f5e7f8ecfbf1fef602fb06ff0a040e071109140b050200000000000000000000000000000000000001ff0500070309070c0b0f0e1211151317141814171316121410110e0d0b08080207fc06f606f007eb08e60be40de20fe211e213e214
1564,242410806,-41,11,128,1,27,0,5ee0050013f30ff70bfb07010407020c01120118011c03200422062307220720071d06190514020f0009fc04f9fff6fbf2f7eff4edf2fbfc000000000000000000000000000000000000fe00fafef9fbf7f7f5f3f2eff0ecedeaebe8eae8ebe9ebeaedecefeff4f3f8f6fef804f90afa0ffa15f91af81df61ef41ff21ff01fef
1565,242412435,-41,11,128,1,27,0,5ee005000eee0bf308f807fe0605060b061108160a1a0c1d0e1f101f111d111b10180e150b11070d0309fe05f901f5fef0fcedfaeaf9fafe000000000000000000000000000000000000fe00fa00f8fdf5faf1f6eef4ebf2e8f0e5f0e4f0e5f0e6f1e8f3ecf5f1f7f6f8fcf902f908f80df612f316f018ed19eb19e919e818e7
1566,242414690,-41,11,128,1,27,0,5ee0050012060d0508050205fc06f808f30bf00eed11eb13eb15eb17ed17ef16f015f212f50ef809fa05fb00fcfafdf6fef2feefffecfffa000000000000000000000000000000000000fffefdfbfff800f402f103ed04ea04e704e503e403e502e602e902ec02f103f604fa06ff09040c070f0b130d160e180e1a0d1b0c1c0c
1567,242416355,-41,11,128,1,27,0,5ee0050008150510010bfc06f703f200ecfee7fde2fddefedc00db01dc03df04e204e604eb02f101f6fffcfc01f906f609f30cf00eee03fb00000000000000000000000000000000000000fe02fa06fa0af90ff813f716f519f31bf11bf11bf119f117f213f40ff80bfc07000406020b01110116021b041f0520072109220a21
1568,242417855,-41,11,128,1,27,0,5ee005000df00af508fa06ff0505050a061008140a170c1a0e1b101b101a10170e150c120a0f060b0207fe04f901f5fff1fdeefcebfcfafe000000000000000000000000000000000000fe00fa00f8fdf6f9f4f6f1f4eef2ebf1e9f0e9f0e9f1eaf2ebf3eff5f3f7f8f8fdf902f908f80cf711f514f216f016ee16ec16ea16e9
1569,242419245,-41,11,128,1,27,0,5ee0050011f40df80afc07010406030b021103150419051c071d081e0a1d0a1b0a1809150711040c0108fd04f900f5fdf2fbeff9edf8fbfe000000000000000000000000000000000000fefffbfdfafafaf6f8f3f7eff5edf3eaf1e9f0e9f0e9f1eaf2ecf4eff7f3fbf6fff804fa09fb0efb13fb17f91af71bf61bf41cf21bf1
1570,242445763,-41,11,128,1,27,0,1ee00100ecf8f1f9f6fafcfa02f807f70cf410f112ee14eb14e914e713e711e80fea0dec0bf108f506fa05ff03040309020d02110214000500000000000000000000000000000000000000000104ff06fd0afb0efa11f914f817f819f91af91afa18fb16fc13fc0efc0afa05f9fff6faf4f7f0f3edf1e9f0e7f0e6f0e4f1e4f2
1571,242447169,-41,11,128,1,27,0,1ee00100ec06f004f501f9fdfdf8fff401ef02ea02e601e300e1ffe0fde0fde2fde5fde8feedfff101f603fb060008040b080d0b0f0d03030000000000000000000000000000000000000100040204050409050d0610071309160a180c180b170b160a140911070d0309ff06fb04f602f100ec00e801e502e303e205e207e207
1572,242447750,-41,11,128,1,27,0,1ee0010013f80ffa0afe06020206000bfe10fe15fe19ff1c001e011f031e031d041a03170212010dfe09fc04f9fff7fbf4f8f2f5f0f3fbfc000000000000000000000000000000000000fffffbfdfbfafbf6faf2f9eef7ebf6e9f5e7f4e7f4e8f4e9f5ebf6eff9f2fcf600f904fb09fd0efe13ff17fe1afc1cfb1df91ef81df7
1573,242448872,-41,11,128,1,27,0,1ee0010012f00ef40af907ff0506030c03120418051c072009210a220b210c1f0b1c0a190714040f000afd05f900f5fcf1f9eef7ebf5fafd000000000000000000000000000000000000fe00fafff9fcf6f8f3f4f1f1eeeeebece9eae8ebe9ebe9edebefeef1f2f4f7f6fdf803f909f90ff914f719f51cf21df01eee1eed1eeb
1574,242450797,-41,11,128,1,27,0,1ee0010012f70efa0afd06020306010bff10ff150019011c021e041e051e051c051905160312010dff09fc04f900f6fcf3f9f1f7eff5fbfd000000000000000000000000000000000000fefffbfdfbfafaf6faf2f8eff7ecf5eaf4e8f3e8f3e9f3eaf4ecf5eff8f2fcf5fff804fb09fc0efd13fd17fc1afb1bf91cf81df61cf5
1575,242451284,-41,11,128,1,27,0,1ee00100f2ecf5f0faf400f706fa0cfb12fc18fb1cfa1ff821f622f521f41ff31cf418f514f80ffb0afe05020106fd0bfa0ef812f714fd05000000000000000000000000000000000000ff01fe05fb06f607f209ef0bec0ee910e812e813e913ea13ec11ef0ff20bf506f701f9fbfaf5faf0f9ebf7e6f5e3f3e1f1e1efe1eee1
1576,242453003,-41,11,128,1,27,0,1ee001000beb09f007f607fc080309090b0e0e1311171419161a181a19181816161414110f0e0a0b0508ff06fa04f402f001ec01e900fa00000000000000000000000000000000000000fe00fb01f8fef5fbf1f8edf6eaf5e7f4e4f3e3f4e4f4e5f5e7f6eaf8eff9f4f9faf900f805f60af30ff012ec14e914e714e414e213e2
1577,242453540,-41,11,128,1,27,0,1ee00100f515f610f809f803f7fcf6f6f4f1f1ecede9eae6e8e6e6e6e5e7e6e9e8ecebeeeff1f4f4faf700f905fb0afd0ffd13fe16fe06ff00000000000000000000000000000000000001ff04fe07000a030e061208150a180b1b0b1c0b1b0a1a091908150710060b050506ff07fa09f50cf00fed13eb16eb19eb1bec1dec1e
1578,242454035,-41,11,128,1,27,0,1ee00100f2ebf6f0fbf400f706fa0cfb12fc18fb1cfa20f821f722f521f41ff31cf418f514f80ffb0afe05020106fd0bfb0ff812f715fd05000000000000000000000000000000000000ff01fe04fb05f606f208ee0aeb0ce80fe711e712e812e911eb11ee0ef20bf506f701f9fbfaf5faf0faeaf8e6f6e2f4e1f1e0f0e0efe0
1579,242454503,-41,11,128,1,27,0,1ee0010015f711f90cfd07020407010dff12ff18ff1d00200123032304230521051e051a03150110ff0afc05f8fff5fbf2f7eff5edf3fbfc000000000000000000000000000000000000fefffbfdfbfafbf5faf1f9ecf7e9f5e6f4e4f3e4f2e4f3e6f3e8f5ebf8f0fbf400f705fa0afc10fe15fe1afd1efc20fb21f922f722f5
1580,242477122,-41,11,128,1,27,0,1ee0010013f70efa0afe06020307010c001000150119021c031e051f061e061c061906160412020d0008fd04f9fff6fcf3faf0f7eef6fbfd000000000000000000000000000000000000fefffbfdfbfafbf6faf2f9eff8ecf6e9f5e7f4e7f4e8f4e9f5ebf6eef9f2fcf500f805fb09fc0efd13fe17fd1afb1bfa1cf81df71df5
1581,242478875,-41,11,128,1,27,0,1ee00100f1f1f5f4faf7fff805f90af90ff813f717f51af31bf11aef19ee17ee14f012f20ef50bf808fd05010205000aff0efe11fd14ff050000000000000000000000000000000000000001ff05fc05f807f509f20bef0eee10ed12ed13ed13ef12f011f30ef50af706f901f9fcf9f7f8f2f6eef4eaf2e8f0e7eee7ece7ebe8
1582,242479427,-41,11,128,1,27,0,1ee00100f3eff7f3fbf600f806fa0bfb10fc15fb19f91bf71df61df41cf31af417f414f610f80cfb08fe04020106fe09fc0dfa10f812fe04000000000000000000000000000000000000ff01fe04fb05f707f408f10aee0cec0eeb10eb11ec11ed10ef0ff10df409f605f801fafcfaf6faf2f9edf8e9f6e6f4e5f2e5f0e5efe6
1583,242481092,-41,11,128,1,27,0,1ee0010015f711fa0cfe07030308000dfe13fe18fe1dff210023022303230421041d041a0215000ffe09fb04f8fef5faf2f6eff4edf2fbfc000000000000000000000000000000000000fefffafdfafafaf5f9f0f8ecf6e9f5e6f3e4f2e4f2e5f2e6f3e8f5ecf8f0fcf300f705fa0bfc10fe16fe1bfd1efc20fa21f922f722f6
1584,242591585,-93,11,128,1,27,0,4ff114000406040103ff04ff05fe0500050007ff09ff0a000a000801070308030603050304020201010002000100020004fe04fd02fd00ff0000000000000000000000000000000000000000010300030002ff04ff050004ff06fc06fd05fe04fd03fb02fc03000302030004fe04000504060805060304050709080c040c030a
1585,242757160,-93,11,128,1,27,0,d77aad41fffdfcfcfdfd00fe00ffff01ff0100000101ff02fe01fdfefefe0001ff02ff010000000000ff00fefffeff000000020003ff01ff000000000000000000000000000000000000fe00fb01fd01fc02fe05020303ff00fdfffefe01fe02fd01fc01ffff02fd00fefdfffb01fd04fe04fe02fd00fbfafcf4fdfafa01fa05
1586,243416181,-42,11,256,1,27,0,9660090012120e0e090b0208fc07f506ef06e907e408e10ade0ddd0fde10df10e210e60eeb0cf008f504f9fffdfa01f604f106ed07ea02fa000000000000000000000000000000000000fffffdfb00f905f709f40cf00fed11ea12e713e512e511e50fe70dea0bee09f308f907000706080c0a120d17101a131c151d171d181cac00041504150415041504150515051505140614061406140614061406140614061305130513051304130412031103110210021001100010ff10ff05ff01ffffffffffff00010104030d030d020d020e010f010f0110011100110012001200130013001300130014001400140014011401140114021502150215031503150315
1587,243417181,-40,11,128,1,27,0,1ee00100140b0f090a070406fd05f706f207ed09e90be60ee410e312e412e612e911eb0fef0cf308f704fa00fefc00f702f304ef05ec01fa000000000000000000000000000000000000fffffcfdfefa00f602f204ef05eb06e806e506e405e405e404e603e902ee02f303f805fe07030a080d0c11101412171219121b121b12
1588,243418058,-40,11,128,1,27,0,1ee00100e507eb05f102f7fefcf901f404ee07e808e308df08dc06da05da04dc03df02e302e802ee02f403fb04010607070c09100a13020500000000000000000000000000000000000001ff04ff04030608070c09110b150d180f1b101b101b101a0f180e150b11070d0209fc06f603f001ea00e400e001de03dc04da06da07
1589,243418855,-41,11,128,1,27,0,1ee00100e9f7eef9f4f9fafa00f906f80cf610f313ef16ec17ea17e816e814e912ea10ed0df00af407f905fe02030008ff0dff10fe13ff05000000000000000000000000000000000000000003010104ff08fe0cfd10fc14fb17fc1afc1cfd1cfe1bfe19ff15ff11fe0cfc07fa02f7fdf4f9f1f5ecf2e9f1e6f0e4f1e2f2e2f2
1590,243420199,-40,11,128,1,27,0,1ee00100eaf0eff3f5f6fcf803f90afa10f916f81bf51ef320f121ef20ee1eee1bef18f114f40ff70afb05ff0104fd09fa0df811f614fd05000000000000000000000000000000000000000003030005fd09fa0df811f615f519f41cf41ef51ef51df61bf818f913fa0df907f901f7fbf5f5f2efefebebe8e9e7e6e6e4e6e3e7
1591,243421147,-41,11,128,1,27,0,1ee0010011ec0ef10af607fd0503040a04100516071b091f0a210c220d220d200d1d0c190915060f030aff05fa00f6fcf3f9eff6ecf4fbfd000000000000000000000000000000000000ff00fc02fafff6fcf3f9eff6ebf4e8f2e5f1e3f0e3f1e4f2e5f3e9f5edf7f3f8f9f9fff905f80bf711f416f119ef1aec1bea1ce81be7
1592,243427203,-42,11,256,1,27,0,96600900f4e8f7edfbf300f705fc0bff110216031b04200423032402240123ff20ff1cff16ff11ff0a000402fe04f806f408f00aed0cfb0300000000000000000000000000000000000000000103fd05f907f50af10dee0feb12e914e916e916ea16ec14ee11f10ef409f704f9fdfbf7fbf1fbebfae6f8e1f7dff5ddf3ddf3ddb20000eb00eb00ea00ea00eaffeaffebffebffebffebfeebfeebfeebfeebfeebfeebffecffec00ec00ed00ed00ee01ef01ef02f002f003f104f101fa00feff0000000000fffefffbfef2fff2fff200f100f100f001f001ef01ee02ee02ed02ed03ed03ed03ed03ec03ec03ec03ec02ec02ec02eb02eb01eb01eb01eb01ea01ea
1593,243440242,-43,11,256,1,27,0,96600900150d100a0a070406fd05f605f005ea07e508e20adf0cde0edf0fe010e30fe70deb0bf007f604fafffffb03f707f30af00bed03fb000000000000000000000000000000000000fffffdfdfefa00f502f103ec04e804e504e204e003e003e102e402e801ec02f203f805fe07040a090e0e1212151418151b161c151d14a9000a100b100b100b100b100c100c100c0f0c0f0d0f0d0e0d0e0d0e0d0e0d0e0d0e0c0e0c0e0c0e0b0e0b0e0a0d090d090d080d070d070d060d02040001ffffffffffff00010203060a060b060b050c050c050d050d050e060f060f0610061006100611061106110611061107110711081108110911091109110a110a110a11
1594,243446220,-41,11,256,1,27,0,9660090012f30ef50af906fe0203ff09fd0efb13fb18fb1bfc1efc1ffd1ffd1efe1bfe18fe14fe0ffe09fd03fdfdfcf8fbf4faf0f9eefefb000000000000000000000000000000000000ff00fe01fbfff7fcf4faf0f8edf7eaf5e7f4e6f4e6f4e7f5e8f6ecf8f0f9f5fbfafbfffb05fb0afb10f915f718f519f31af11bf01bef0df729e624e91fed1af115f710fd0b040709040f0016fd1cfb1ff922f725f623f421f120ee1dec18e912e80de707e601e5fce4f7e4f3d304d402f800fdff00ff00ff00ffff01fd03f015ef13f609f305f101effeedfaebf7eaf4eaf2ebf0edeef0edf4edf9eeffee05ed0bed12ed18ec1eeb24e929e72ce52de42ee42de42ce4
1595,243451108,-41,11,128,1,27,0,52200500e901ee00f4fffafd00fb05f809f40df110ed11ea12e712e611e610e70ee90ceb0aef08f305f803fe0103ff08fe0cfd0ffc12ff0400000000000000000000000000000000000000ff020003020506070a080d0b100d130f1510160f150f140e130c10090c06090106fc03f800f3feeefde9fce6fce3fde2fee0ffe000
1596,243453573,-41,11,128,1,27,0,52200500f1f0f4f3f9f6fefa03fc09ff0e00130118011c001e001eff1efe1dfe1afe17fe12fe0eff08000301fe02f904f506f207ef08fb02000000000000000000000000000000000000000001010004fe08fc0cfb10fa13f916f818f81af919f918fa17fb14fc0ffc0afc05fb00fafaf9f5f7f0f4ecf2eaf0e8eee7ede7ece7
1597,243459142,-41,11,128,1,27,0,52200500170811060b040404fd04f604f005ea07e509e20be00ddf0ee00fe20fe40ee80cec0af107f604fb0000fc05f909f50cf30ef103fc000000000000000000000000000000000000ff00fcfefcfbfbf6faf1f9edf8e9f7e5f6e3f5e2f5e2f6e3f6e6f8e9faeefcf3fff803fe08020c06110a160d1a0e1d0f1e0e200e200d
1598,243462304,-41,11,128,1,27,0,522005000b150810040b0005fb00f5fcf0f8ebf6e6f4e2f3dff3ddf3ddf4dff5e2f7e6f8eaf9f0faf6fcfdfd03fe08ff0dff12ff15000500000000000000000000000000000000000000fffffefd00f903f505f107ed09e90be60ce30ce20ce30be40ae608ea07ef05f404fb04010408040e05140719091d0b1e0c200e210e21
1599,243465723,-41,11,128,1,27,0,5220050014f30ff60afa05ff0004fc0af90ff714f519f41df420f421f521f620f71df819f915fb0ffc09fd03fefdfff7fff200ee00eb00fa000000000000000000000000000000000000ff00fd02f900f5fef0fcecfbe8f9e5f9e2f8e1f8e2f8e3f8e5f8e9f9eefaf4fbfafb01fb07fa0df913f818f61bf41df21ef11fef1fee
1600,243468774,-41,11,128,1,27,0,52200500f00ef40af806fb01fefc01f703f204ec05e804e504e204e103e102e302e501e801ec01f101f701fc01020106020a020e0211000400000000000000000000000000000000000000ff02fe05fe09ff0d001101140217021a021b021a021902170213010f010a010402ff03fa04f506f009ec0bea0ee810e811e712e812
1601,243475038,-41,11,128,1,27,0,52200500f8e9faeefdf400fa04ff09040d09120c160f1a111c121e111e101d0f1a0d170b13090e0708040202fc01f7fff2fdeefcebfbfafe00000000000000000000000000000000000000000003fe05fb09f70df510f214f017ef19ef1aef19ef18f116f313f60ef809fa03fcfdfdf7fef1fdebfce5fbe2fae0f9def8ddf8dd
1602,243478413,-41,11,128,1,27,0,52200500e906ee04f402fafe00fa06f60af20eee10e912e613e312e212e210e30fe50de80aed08f205f703fd0003fe08fc0dfb11fa14fe0500000000000000000000000000000000000000ff03fe060109040d07110a140c170f19101a1019101810160e130c0e0909070305fd03f702f001ea01e502e203df04de05dd07dd07
1603,243482021,-41,11,128,1,27,0,5220050009150610030aff04fafff6faf1f6ecf3e8f1e4f0e2efe0f0e0f0e2f2e5f3e8f5ecf7f2f9f7fbfdfd03ff08010d02110314040501000000000000000000000000000000000000fffffefcfff902f404f006ec07e809e50ae30ae20ae30ae409e608ea06f005f504fc03020308040e0515061a081d091f0b200c210d21
1604,243488467,-41,11,128,1,27,0,522005000f110b0d06080004fb01f5feeffbe9fae4f9e0f9def9ddfaddfbdffce2fde6fdebfef0fef6fefdfe03fe08fd0dfd11fd14fc05ff000000000000000000000000000000000000fffffdfdfef900f501f002ec03e803e403e204e104e104e304e503e903ef03f403fa04010507070d0a120d170f19111b131c141c141c
1605,243490883,-41,11,128,1,27,0,5220050014ff0fff09000302fe04f906f409f00ced0feb11ea13ea15ea15ec14ee13f010f30df609fa05fd0100fc02f805f506f108ef02fb000000000000000000000000000000000000ff00fd00fbfdf9f9f6f5f4f2f2f0f0eeeeeceeebeeecefecf0eef2f1f5f4f9f8fefa03fd08ff0d01120316031a031c031d021e011e01
1606,243493008,-41,11,128,1,27,0,52200500e906ee04f402fafe00fa05f60af20ded10e912e512e312e211e210e30ee50ce90aed07f205f802fd0003fe08fd0dfb11fa14fe0500000000000000000000000000000000000000ff03ff050109040c07100a130c160e19101a1019101810160e120c0e0909070305fd03f702f101eb01e502e203df04de05dd06dc07
1607,243497087,-41,11,128,1,27,0,522005000bec09f006f604fd0303020a02100216031b051e062007210721071f071c06180514030e0108ff03fcfdfaf8f8f4f6f0f5eefdfb000000000000000000000000000000000000ff00fe02fa02f502f102ec02e803e503e204e104e204e304e503e903ee02f400f9fefffb04f809f40df010ec12e913e714e514e314e3
1608,243499709,-41,11,128,1,27,0,52200500f618f812fa0bfb04fbfcfbf5faeef8e8f6e2f4def2dcf1dbf1dcf1def2e1f4e5f6eaf9f0fcf600fc030106060a0b0d0f0e120304000000000000000000000000000000000000ffff01fd04fc09fb0ff913f818f61bf51ef41ff31ef31df41bf517f612f90cfc07ff0104fc08f80ef413f118f01cef1fef21f023f024
1609,243502307,-41,11,128,1,27,0,522005000e120a0e06090005fb01f5fef0fbeafae5f8e1f8dff8def9defae0fbe3fbe6fcebfcf1fcf7fdfdfd03fd08fd0dfd11fd14fd05ff000000000000000000000000000000000000fffffefefffa00f602f103ed04e904e605e305e205e204e304e603e903ee02f403f903000506060b09110b160e190f1a111b121c131b
1610,243503707,-41,11,128,1,27,0,52200500f1edf5f1f9f6fefa04fe0a01100315051a051e0620052205220420031d02190215020f0209010201fc02f702f203ee03eb04fa0100000000000000000000000000000000000000000102ff05fd09fb0dfa11f915f819f81bf81cf81cf81bf919fa15fb10fc0bfc05fcfffbf9f9f3f7eef5e9f2e6f0e4efe3ede3ece3
1611,243505137,-41,11,128,1,27,0,52200500e801ed00f4fffafd00fb06f80bf410f013ed15e916e716e616e514e712e810eb0def0af406f903fe0004fd08fb0df910f813fd0500000000000000000000000000000000000000ff020004020607080a0b0e0d111014121613161316121511130e100b0c07090206fd03f700f2feecfce7fce3fce1fddffedeffde00
1612,243507676,-41,11,128,1,27,0,5220050010ef0cf308f805fe0204ff0afd10fd16fc1bfd1ffd21fe22ff22ff20001d001aff15ff0ffe09fe03fdfdfcf7fbf2faeef9ebfefa000000000000000000000000000000000000ff00fe01fa00f6fff1feedfde9fce5fce3fce2fce2fce3fce5fde9fdeefef4fdf9fd00fb06fa0bf710f515f217ef19ed1aeb1aea1ae9
1613,243515397,-44,11,256,1,27,0,36655300e7f8edfaf4fbfbfc03fc0afc11fb17fa1cf81ff622f423f323f321f31ff41af515f70ffa09fc03fffd02f805f308ef0aec0bfa0300000000000000000000000000000000000000ff020003030508070d0a110c150d180f1a101c101c0f1a0e180c140910050b0106fc01f7fdf2f9edf6e8f3e3f2e0f1def2dcf2dcf3ac00f4eff4eff3eff3eff3eff3eff3f0f3f0f3f0f3f0f3f0f3f1f2f1f2f1f3f1f3f1f4f0f5f0f5f0f6f0f6f0f7f1f7f1f8f2f9f2faf2faf1fbf1fefafffe000000000000fefffcfcf6f7f6f6f7f6f7f5f7f4f7f4f7f3f7f2f7f2f7f1f6f1f6f1f7f0f7f0f7f0f7eff6eff6eff6eff6eff6eff5eff5eff5eff5eff4eff4eff4ef
1614,243817837,-43,11,256,1,27,0,56633500f8ebfaf1fdf601fc040208070c0c100f1412171419151a161a1519131611130f0f0c0a0805040001fbfdf7faf3f7f0f5eef3fbfc00000000000000000000000000000000000000000102ff06fe0bfd0ffb13fa17f91af91cf91df91df91bf918fa14fb0ffc09fc03fdfdfcf6fcf0fbebfae6f8e2f7e0f6dff5dff5e0b00001ee01ee01ed01ed01ed01ed01ee00ee00ee00ee01ee00ee00ee00ee00ee01ee01ef01ef02ef02f002f003f103f103f204f304f305f405f402fb00feff0000000000fffefffbfef4fef3fff3fff300f200f200f100f101f001f001f002ef02ef03ef03ef03ef03ef03ef03ef02ee02ee02ee02ee02ee02ee02ee02ed02ed
1615,243827651,-43,11,256,1,27,0,966009000c12080d04080003fbfef6f9f1f6ecf2e8f0e5efe2eee1eee1efe3f0e5f2e9f4eef6f3f9f9fbfefe040109040d06100813090402000000000000000000000000000000000000fffffefdfef9fef4fef0feebfee7fee4fee2ffe1ffe1ffe3ffe600ea00ef01f501fc03020508060e09130b170d1b0f1d101e111e111db500ff23ff24ff24ff25ff25002400240023012301230223022302230223012301220022ff21fe20fd20fd1ffc1dfc1cfc1bfb1afa19f819f718fc08fe0200fffffeffff000201080417031702180119001aff1bff1cfe1dfe1efd1ffd20fc20fc21fb21fb21fa21fa21fb22fb22fc23fc23fc23fc23fd23fe24fe24fe24fe24
1616,243831130,-43,11,256,1,27,0,96600900100e0b0a06060002fbfff5fceffaeaf9e5f8e2f7dff8def8def9e0f9e3fae7fbecfcf2fdf8fefeff040009010e02110314030500000000000000000000000000000000000000fffffdfefcfafbf6faf1f8edf7e9f6e6f6e4f6e3f6e3f7e5f8e8f9ecfbf0fdf600fb030106060a0b0e0f111314151616181718161816b3000411041104110411041104110411041004100510051005100510051005100510041004100310030f020f020e020e010d010d000dff0cff0cff04ff01ffffffffffff00010103050a040a040b040b030c030c030d030e030e020f020f020f0210021002100210021002100210021002100311031103110311031104110411
1617,243855638,-43,11,256,1,27,0,b6600b00110d0c0906050002fafff4fceefbe9f9e4f8e1f8def8ddf9def9e0fae3fbe7fbecfcf2fdf8fefeff040009010e02120314040501000000000000000000000000000000000000fffffcfefbfaf9f6f7f1f6edf4eaf3e7f2e5f2e4f2e4f4e5f5e8f7ecfaf1fdf600fc040108060c0a100e1312171419151a161a151a14bf00080f090f090f090f090f090f090f090f090e090e090e090e090e090e090e090e080e080e070e070e060d060d050d040c040c030c020c020c00040001ffffffffffff00000303080808090809070a070a070b070b070c070d070d070e070e070f070f070f070f070f070f070f070f070f080f080f080f080f080f08100810
1618,243857225,-43,11,256,1,27,0,b6600b00f914fb0efc08fd01fefafef4feedfde8fce3fbe0fadef9ddf9def9e0f9e3fae7fbecfdf2fef800fe01040209030e041204140105000000000000000000000000000000000000ffff00fc03fa07f70bf40ef111ef14ed15ec16eb16ec15ed13f010f20cf608fa04ff0004fc09f90ef613f518f31cf31ef320f420f41fb800f20cf20cf20cf20cf20cf30cf30cf30cf40df40df40df40df40df40df40df40cf40cf40bf40bf40af40af509f509f509f508f507f507f506fc02fe0000ff00ff00ffff01fd03f809f709f708f608f508f508f408f409f309f309f209f209f209f109f109f109f109f109f109f10af10af10af20bf20bf20bf20bf20bf20c
1619,243871102,-43,11,256,1,27,0,b6600b00ebf7f1f9f8fbfefd05fe0cff120017ff1bff1ffe21fd22fc21fc20fc1dfc18fd13fd0dfe07ff01fffb00f501f102ed02ea02fa000000000000000000000000000000000000000000020104040708090c0c100e13101611181119111810170e150b11080d04090004fbfff6fbf2f7edf4e9f2e5f0e3f0e1f0e0f1e1f1b200f6f0f5f0f5f0f5f0f6f0f6f0f6f0f5f1f5f1f5f1f5f1f5f1f5f1f5f1f5f1f6f1f6f1f7f1f7f1f8f2f8f2f9f2faf2faf3fbf3fbf3fcf3fcf3fefbfffe000000000000fefffcfdf7f7f7f7f7f6f7f5f7f5f7f4f7f4f7f3f7f2f7f2f7f1f7f1f7f1f8f0f8f0f8f0f8f0f8f0f7f0f7f0f7f0f7f0f7f0f6f0f6f0f6f0f6f0f6ef
1620,243882607,-43,11,256,1,27,0,b6600b00ec0cf108f704fcff02fb06f60af10dec0fe810e511e210e110e10fe30de50be909ee06f303f901fefe04fb09f90df810f613fd0400000000000000000000000000000000000000ff02fe06fe0bff10ff140018001b001d001e001e001c011901150110010a010302fd03f704f106ec08e70ae40ce20ee10fe110e110b800dc00db00db01db02db02dc03dc04dc04dd05dd05dd06dd07dd07dd07de06de06de05df05df04e004e103e203e302e402e501e600e6ffe6fef6fffdff00ff01ff0000fd00f700e7ffe7ffe7fee7fde6fce5fbe4fbe3fae2fae1fae0f9dff9dff9dff8def8def8def8ddf9ddf9ddfaddfbddfcdcfcdcfddbfedbfedbffdbff
1621,243887781,-43,11,256,1,27,0,b6600b00ee10f30bf805fd0002fa07f40bef0de910e511e112de11dd11de10df0ee20ce709ec06f203f800fefc03f908f70df411f313fc0500000000000000000000000000000000000000ff02fc06fb0bf910f815f619f51df41ff420f41ff51ef61af816f910fb0afe0301fc04f607f10aeb0ee711e414e216e118e218e318c200ed00ec00ec00ec01ec01ec01ec01ed02ed02ed02ed02ed03ed03ed03ed03ed02ee02ee01ee01ee01ef00f000f000f100f100f2fff2fef2fdfbfffeff000000ff00fffe00fb00f202f201f201f100f1fff0fff0ffeffeeffeeefeeefeedfeedfdedfdedfdedfcedfdecfdecfdecfeecfeecfeecfeecffecffecffec00eb00
1622,243889389,-43,11,256,1,27,0,b6600b000613040e0207ff01fcfbf9f5f6f0f3ebf0e8eee5ece4ebe3ebe4ece6eee9f0ecf3f0f7f5fafafeff01040408070c09100a120204000000000000000000000000000000000000fffffdfcfef8fef3feefffea00e600e301e101e102e102e302e702eb02f102f701fd0204020a03100416051a061e0720082109210920b900fd10fd11fd11fd11fd11fe11fe11fe11fe11ff10ff10ff10ff10ff10ff10ff10ff10ff0ffe0ffe0ffe0efe0dfe0dfd0dfd0cfd0cfc0bfc0bfe04ff0100ffffff00ff00010004ff0cff0cfe0cfd0cfd0dfd0dfc0dfc0efc0efb0ffb0ffb0ffa0ffa0ffa10fa10fa10fa10fa10fb10fb10fb10fc10fc11fc11fc11fc11fc11
1623,243904121,-41,11,256,1,27,0,b6600b00f010f40bf905fdff00f903f305ed06e706e206df05dd04dc03dd03df02e301e601ec01f200f800fe0004000a000f00130016000500000000000000000000000000000000000000ff03fc07fc0cfc11fc15fc19fc1cfc1ffc1ffc1efc1cfd19fe15fe0fff09000302fd05f707f20aed0ee811e614e515e517e518e518fa06ee13f010f20df509f805fa01fcfdfef900f501f102ee03ed04eb05eb06eb07ec08ee0af00bf30cf60cf90cfd0c000c030c060c0818fd17ff04ff0100ff00ff00ff00fffffffd00f201f302f804f907fa09fc0bfd0dfe0e000f010e020d040c0609070608020aff0cfb0df70ff410f112ee14eb16ea17ea17ea16eb15ec15
1624,243904677,-41,11,256,1,27,0,b6600b0003ed03f202f802ff0205020a030f04140518071b081d091d091c081a071707140510030b0106ff01fefcfcf8faf4f9f0f8edfefb0000000000000000000000000000000000000000ff03fc06f908f60bf30df010ee12ec13ec13ec12ed11ef0ff20cf508f804fc00fffb02f604f106ed08e809e508e408e307e207e203f20bd50ad908e007e907f106f906010609060f0615061a051e052103240224ff23fc21f91ef51af216ef11ed0beb06e901e8fce6f8da0fda0df902fd0000ffffffffff000002030c110b11030bff0cfa0ef60ef20fee0feb0ee90de90ae906ea02ecfeeff9f3f4f7eefae8fee202dc05d707d209cd0acb0bcb0bcd0cce0cce
1625,244008364,-43,11,256,1,27,0,9660090013fc0efd08000202fc06f609f20def10ec14eb17ea19ea1aeb1aed19ef16f213f50ff80afb05feff01fa03f605f206ee08ec02fa000000000000000000000000000000000000ff00fb00f8fdf5faf1f6eef4ebf1e9efe7eee7eee8eee9efecf1f0f3f4f6f9f8fffa05fd0bfe11ff16001bff1efe20fd21fd22fc21fbab00100810081008100810071007100710071007100710061006100610060f070f070f070e070e080d080d080c080b080a080a0809080909080903030001ffffffffffff010004000c010c010c020d030d030d040e040e050e060f060f060f070f070f080f080f080f080f080f080f080f081008100810081008100811081108
1626,244008812,-43,11,256,1,27,0,b6600b00eef4f4f7fafa00fc06fe0d00120017001c001fff21fe21fd20fc1ffc1bfc17fc12fd0cfe06ff0000fa02f503f104ee05eb06fa01000000000000000000000000000000000000000003030306030b031004140418041b051d051d051d041b04180314010fff09fd03fafef6f8f3f3f0efecece9eae7e9e5e9e5eae5ebb700f7eff7eff7eff7eff7eff7eff7f0f7f0f6f0f6f0f6f0f6f0f6f1f6f1f7f1f7f1f7f1f8f1f8f1f9f1f9f2faf2faf2fbf2fbf3fcf3fdf3fdf3fffbfffe000000000000fffffdfcf7f6f8f5f8f5f8f4f9f3f9f3f9f2f9f2f9f1f9f0f9f0f9eff9effaeffaeffaeffaeff9eff9eff9eff9eff8eff8eff8eff8eef8eef8eef8ee
1627,244021137,-43,11,256,1,27,0,b6600b0005e903f003f703fe0406040d061308190a1d0c200e220f220f210f1f0e1b0c170912060c0306ff01fcfbf8f7f5f3f3eff1edfcfb000000000000000000000000000000000000ff01fe04fa06f509f00bec0ee910e612e413e413e413e511e80fec0cf108f504fafffff903f307ed09e80be30cdf0cdd0cdb0bda0adbb1000ef20ef10ef10ef10ef10ef10df10df10df10cf10cf10cf00cf00cf00cf10cf10cf20cf20cf30cf30cf40bf40bf50bf50bf60bf70bf70bf804fd01ffff00ff00ff0000fe02fc08f509f509f50af50bf50bf50cf50cf40df40ef40ef40ff40ff40ff410f410f410f410f410f410f30ff30ff30ff30ff20ff20ff20ff210f1
1628,244027799,-43,11,256,1,27,0,b6600b0005ec04f103f803fe0305030b04110616071a091d0a1f0b1f0c1e0c1c0b1909160711050b0206ff01fcfcfaf7f7f3f5f0f4eefdfb000000000000000000000000000000000000ff00fe03fa05f607f209ee0beb0ce80ee70fe60fe60fe80eea0cee09f206f703fbfffffa03f506f009ec0be80ce40ce10ce00bdf0ae0b2000af10af10af10af10af10af109f109f109f109f108f108f108f108f108f108f108f108f208f208f308f308f408f408f508f508f609f609f703fc01ffff00ff00ff0000fe02fc06f507f507f508f508f509f509f509f40af40bf40bf40cf40cf40cf40cf40cf40cf40cf40cf40cf30cf30cf20bf20bf20bf20bf20cf20cf1
1629,244028926,-43,11,256,1,27,0,b6600b00e8fceffcf6fdfefd05fc0cfb13f918f71df520f322f122f021f01ff11cf217f412f60df907fc0100fb03f606f108ee0aeb0bfa030000000000000000000000000000000000000000040106040a080d0c100f13121515171718171717151612130f100a0c05080004fa01f4fdeefae8f8e3f7dff6dcf6dbf7daf8dbf9b200f1f2f0f2f0f2f0f2f0f2f0f2f0f3f0f3f0f3f0f3f0f3f0f4f0f4f0f3f1f3f1f3f2f3f2f3f3f3f3f3f4f3f5f3f6f3f6f3f7f3f8f3f8f3f9f3fdfbfffe000000000000fefffbfef3fbf3faf3f9f3f8f3f7f3f7f2f6f2f6f2f5f2f4f1f4f1f3f1f3f1f3f1f2f2f2f2f2f2f2f2f2f1f2f1f2f1f2f1f2f0f2f0f2f0f2f0f2f0f2
1630,244030699,-43,11,256,1,27,0,b6600b00edf6f2f8f8fbfffc05fe0cfe12ff17fe1bfd1ffd21fb21fa21fa1ffa1bfa17fb12fc0cfd06fe0000fb02f603f104ee05eb06fa01000000000000000000000000000000000000000003020405050a070e081309160a190b1b0c1b0b1b0a1909160713040e0209fe04fafff6faf2f6eef3eaf0e6eee4ede3ede2eee2efb800f6f0f6f0f6f0f6f0f6f0f6f0f5f1f5f1f5f1f5f1f5f2f5f2f5f2f5f2f5f2f5f2f6f2f6f2f7f2f7f2f8f2f8f3f9f3f9f3faf3fbf3fbf3fcf3fefbfffe000000000000fffffdfcf7f6f8f6f8f5f8f5f8f4f8f4f8f3f8f3f8f2f8f1f8f1f8f1f8f0f8f0f9f0f9f0f9f0f8f0f8f0f8f0f8f0f8f0f7f0f7f0f7f0f6f0f6f0f6f0
1631,244037670,-43,11,256,1,27,0,b6600b00f4ebf8f1fcf601fc06010b06110a150d1a0f1d1020112110210f1f0e1c0c180a13080d0607030001fafff5fdf0fbecfae9f9fafe000000000000000000000000000000000000000001040008fe0cfd11fb16fb1afa1df91ff920f91ff91dfa1afa15fb10fc09fc03fbfbfbf4faeef8e9f6e4f4e0f2def0ddf0ddf0dfbe0000ecffecffebffebffebffebfeebfeecfeecfdecfdecfdecfdecfdedfdecfdecfdedfeedfeedfeeeffeeffefffef00f000f001f102f102f101fb00feff000000ff00fffefffbfff2fff200f200f101f101f001f001ef02ef02ee02ee03ee03ed03ed03ed03ed03ed03ed03ed02ec02ec01ec01ec01ec01ec01ec01eb01eb
1632,244042964,-73,11,128,1,27,0,0ee00041b9f9c6eedce8f0f3f4f703ec20da41c747c739ca45c159b666a36c9b6ca55fb33bcb17eb050d051c0222fa26f526f22ffd2c020800000000000000000000000000000000000003fd0806001bff15ff13f92201370d4b16581a62156219641e5c193f0d2bf919f20df2fee8eadce0c7cfb2c2a6c19ac7a2d9b1e49fd6
1633,244070044,-43,11,256,1,27,0,b6600b00ec06f104f701fdfd03f908f60cf10fed11e912e613e412e311e310e50ee80ceb09ef06f503fa0100fe05fc0afa0ef911f814fd0500000000000000000000000000000000000000ff03ff06010a030e061208150a180b190c1a0c1a0c180c150a11090d0707050104fb03f502ef02ea03e504e205e006df07df08df08b500eff9eff8eef8eef8eef9eef9eff9eff9eff9effaeffaeffaeffaeffaeffaeffaf0f9f0f9f1f9f1f8f2f8f2f8f3f8f4f8f5f8f5f8f6f7f6f7fcfcfffe000000000000fefffbfff3fef3fdf3fdf3fcf3fcf2fbf2fbf2faf1faf1f9f0f9f0f9f0f8f0f8f0f7f0f7f0f7f0f7f0f8f0f8f0f8eff8eff8eff8eff8eef8eef8eef8
1634,244130550,-43,11,256,1,27,0,b6600b00fa14fb0efc07fc01fbfafaf3f9edf6e9f4e5f2e2f0e0efe0efe2efe4f1e7f3ebf6eff9f4fdfa00fe040307070a0b0d0e0f0f030400000000000000000000000000000000000000ff02fb05fa0af80ef612f416f318f11af01af01af018f116f312f60ef909fc04010006fc0bf910f615f419f41df41ff421f521f621b900f20cf20df20df10df20df20df20df30df30df30df40df40ef40ef40df40df40df40cf40cf40bf40bf40af409f409f509f508f507f407f406fb02fe0000ff00ff00ffff01fd03f80af70af709f609f509f509f40af40af30af20af20af20af10af10af10af10af00af10af10af10bf10bf10bf10cf10cf10cf10cf10cf10c
1635,244136871,-43,11,256,1,27,0,b6600b00fb16fc10fc09fc01fbfaf9f3f8edf5e8f3e3f0e0efdeeddeeddfeee1efe5f2e9f5eef9f3fcf901fe040308080b0c0e0f1011040400000000000000000000000000000000000000ff01fc05fa0af80ef512f316f118ef1aed1bed1bed19ee16f013f30ef60afb05000005fd0bfa11f716f51bf51ff522f524f624f723af00f10df10ef10ef10ef10ef20ef20ff20ff30ff30ff30ff30ff30ff30ff30ef30ef30df30df30cf30cf30bf30bf30af309f309f308f307f306fb02fe0000ff00ff00ffff01fd04f80bf80bf70af60af60af50af50bf40bf30bf30bf20bf20bf20bf10bf10bf10bf10bf10cf10cf10cf10cf10df10df10df10df10ef10ef10e
1636,244144626,-43,11,256,1,27,0,b6600b00fdeafef000f603fd050309080c0d10111314161519161a161a1518141611130f0e0b0a080405ff01fafef5fcf1faeef8ebf7fafd0000000000000000000000000000000000000000ff03fc06f808f40bf10eef11ed13eb15eb16eb16ec14ef12f10ff40bf706fa00fdfbfff400ef01ea01e501e100deffddfeddfedeb20008ef08ef08ef08ee08ee07ee07ee07ef06ef06ef06ee06ee06ee06ee06ee06ef06ef06f007f007f107f107f207f207f307f407f408f508f503fc01feff00ff00ff0000fe01fb03f404f405f405f406f406f307f307f308f208f208f209f209f209f20af20af10af10af10af109f109f009f009f009f009ef08ef08ef08ee
1637,244147414,-43,11,256,1,27,0,b6600b0014f90efb08fe0302fd06f80af40ef113ef17ee1aed1cee1dee1df01bf219f415f610f90bfb05fe0000fa02f503f105ed06eb01fa000000000000000000000000000000000000ff00fb00f8fef4fbf0f9ecf7e9f5e6f4e4f3e4f3e4f3e6f3e9f5edf6f2f8f7fafdfb04fc0afc10fc15fc1afb1ef920f821f721f620f5bb00110312031203120312031202120212021102110111011101110111011101110111011002100210020f020e030e030d030d030c040c040c0504010100ffffffffffff01ff04000c000c010c010c020d030d030e030e040e040f040f050f051005100510061006100610061005100511051105110411041104120412041204
1638,244154493,-41,11,256,1,27,0,b6600b00eef3f3f6f9f9fffc06ff0c00120218021d0220012201220021ff1fff1cff18ff13ff0d0006000000fa01f501f002ec02ea02fa00000000000000000000000000000000000000000002020305040a050f06130617071a081c081d081c071b06180514030f0109fe04fbfef7f9f3f4eff0ebede8ebe7eae5eae4eae3eaf9faebf0eef2f2f4f6f6faf8fef902fb06fd0afe0dff10001201130214031404120611070f080c0a090b050c020cff0cfc0df90df70d0117ff17ff04ff01ffffff00ffff00ff02ff0dfe0cff0601060305050408040a030c020d010dff0dfe0cfc0bfb09f906f702f5fff3fcf1f9eef6ecf3eaf0e8efe7eee7ede7eee8eee8ef
1639,244158660,-41,11,256,1,27,0,b6600b00f1eff5f3fbf801fc07000d03120517061c0620062106220521041f031b03170212010c0106000000fa00f400f001ec01e901fa00000000000000000000000000000000000000000001030106000b000fff14ff18ff1bff1eff1efe1dfe1cfe19ff15fe0ffe09fc04fbfdf9f7f6f2f3ecf1e8eee6ece5eae5eae5eae5faf9efedf1eff4f2f8f5fbf7fff903fc06fe0a000d0210031204130513061207110810090e0a0b0b080c040c010cfe0cfb0cf80cf60c0017ff17ff04ff01ffffffffffff000002000d020b030603040503070209000bff0cfd0efc0efb0df90cf80af708f605f501f4fdf3faf2f6f0f3efefedececeaebe9ebe8ece9ece9ecea
1640,244159084,-41,11,256,1,27,0,b6600b00eff6f4f8fafafffc05fd0bff10ff15ff19fe1cfd1dfc1dfb1cfb1afb17fb14fb0ffc0afd05ff0000fb02f703f304f006ee06fb010000000000000000000000000000000000000000020103040408050c061007130816081809190818071706150511030d0108fe04fbfff7fbf4f7f0f4ecf1e9efe8efe7efe6efe6f0f3f8d9e9dfece5efecf1f4f4fbf603f80bf911fa16fb1cfc1ffd22fe24ff240122031f061c09190d14100e1208130315fe16fa18f6190c26092601060001ffffff00ffff01ff04ff16fd14fe0b010b050a09090d07110614041703180118fe17fb14f811f50cf107ed02e9fde4f8dff3dbeed7ead3e8d2e6d2e5d2e6d3e7d5e8
1641,244194454,-43,11,256,1,27,0,b6600b0008ec06f204f802ff0105000cff12ff17ff1c001f002101220221021f021c02170112000c0006ff00fffafef5fef0feecfeeafffa000000000000000000000000000000000000ff00fe02fb05f707f30aef0cec0ee910e811e711e711e810eb0dee0bf208f704fb0000fb04f608f10bed0de80fe510e210e10fe10ee1bc000ff70ff70ff60ff60ff60ff60ff60ef60ef60ef60ef60ef50df50df50df60df60df70df70df80df80df90cf90cf90cfa0bfa0bfb0bfc0bfc04fe01ffff00ff00ff0000ff03fd09f809f90af90af90bf90bf90cf90dfa0df90ef90ef90ef90ff90ff90ff90ff90ff90ff90ff90ff90ff90ff90ff80ff80ff80ff710f710f7
1642,244206101,-43,11,256,1,27,0,b6600b00faecfcf2fef801ff0305060a09100c140f17111a131b141b141a131911160e120b0e0809040400fffdfbfaf7f7f3f5f0f4edfdfb000000000000000000000000000000000000000001040007ff0cfe10fd15fc18fc1bfb1dfb1efa1dfa1bfb17fb13fc0dfc08fd01fdfbfdf4fdeefce9fbe4fae1f9def8def8def8dfb80007f007f007ef07ef06ef06ef06ef05ef05ef05ef04ef04ef04ef04ef04ef04f004f004f105f105f105f204f204f304f305f405f506f506f502fc00feff00ff00ff0000fe01fb04f404f405f406f406f407f407f307f308f208f209f209f209f209f20af20af20af20af209f109f109f109f108f008f008f008f008ef07ef
1643,244239335,-43,11,256,1,27,0,b6600b0012f70dfa07fd0101fb05f609f20def11ec14ea17e919ea1aeb1aec19ef16f213f50ff80afc05000003fb06f709f30bf00dee03fb000000000000000000000000000000000000ff00fb01f801f300eeffeafee6fde3fce1fce0fce1fbe3fbe7fbebfcf1fcf7fcfefc04fc0bfc11fb16f91af81ef620f521f420f41ff4b90010051105110511051104110411041003100310031003100210021002100310030f030f030f030e040e040d040d040c040b040b040b050a0503020100ffffffffffff010004000c010c020c020c030d040d040e050e050e050f060f060f061007100710071007100710071007100710071006100610061106110511051105
1644,244240733,-43,11,256,1,27,0,b6600b00ee0af307f803fefe03fa08f60bf10eed10e912e612e412e311e410e50ee80ceb09f006f503fafffffc04fa08f70cf50ff411fc0400000000000000000000000000000000000000ff03fd07fd0bfd10fe15fe18fe1cfe1dff1eff1eff1c00180014000e0008010202fb03f505f006eb08e70ae30ce20de10fe10fe20fb700ddffdc00db00db00dc00dc00dd00dd00dd01dd01de02de02de02de02de01de01df00df00e0ffe1fee2fde3fde4fde6fce7fbe7fbe8f9e8f9f7fdfdff000001ff00fffd00f702e706e705e603e502e401e301e200e1ffe0ffdffedffddefddefdddfcddfcddfbddfbddfbddfbddfcdcfcdcfcdcfddcfddcfedcfedbfedbfe
1645,244850549,-43,11,256,1,27,0,96600900fe13fe0dfe07fe00fdf9fcf3fbedf9e8f8e4f6e1f5dff4dff4e0f4e2f5e5f7e9f9effbf4fdfaff000105030a040e051206150105000000000000000000000000000000000000ffff00fb02f804f407f009ec0be90de70ee60fe50fe60ee80deb0aef08f405fa02ff0005fe0bfc11fb16fa1bfa1efb20fb22fc22fc21b500f50df50ef50ef50ef50ef50ef60ef60ef60ef60ef60ef60ef60ef70ef60ef60ef60df60df70cf70cf60bf60bf60af60af609f608f608f607fc02fe0000ff00ff00ffff01fe03fa0af90af90af80af70af70af70bf60bf60bf50bf50bf40bf40bf30bf30bf30bf30bf30bf30cf40cf40cf40df40df40df40df40df40df40d
1646,244933182,-43,11,256,1,27,0,96600900ee0af306f803fefe03fa08f50cf10eed11e913e613e413e312e411e60fe80dec0af007f503fa0000fc04f909f70cf510f311fc0400000000000000000000000000000000000000ff03fd07fd0bfd10fe15fe19fe1bfe1dfe1efe1dff1bff180013000e0008010202fb03f505f006eb08e60ae40ce20de10fe10fe20fb200ddfedcfedcfedcfedcfedcfeddfeddffddffddffdd00dd00dd00dd00deffdefedefedffde0fce1fbe2fbe3fae4fae5fae6f9e7f8e8f7e8f6f7fcfdfe000001ff00fffd00f701e804e703e702e601e500e400e3ffe2ffe1fee0fde0fddffcdffbdefbdefadefadefadefadefadefbddfbddfcddfcddfcdcfddcfddcfddcfd
1647,245014926,-43,11,256,1,27,0,766007000515030f0008fd01fafaf6f4f2efeeebebe7e8e5e5e4e4e4e5e6e6e8e9eaeceef1f2f6f7fbfb0000050409070d0b100e12100404000000000000000000000000000000000000fffffffb00f703f305ee06e908e60ae30ae10be00be10ae309e708eb06f105f703fe0205020c02130218031e04210624072507250823b500f711f611f612f612f712f712f812f811f811f811f811f812f912f912f811f811f810f710f710f70ff70ef70ef80df70cf70cf70bf60af60afc03fe0000ff00ff00ffff01ff04fc0dfc0dfb0dfb0dfa0df90df90ef80ef70ff70ff710f710f60ff60ff50ff510f510f510f510f610f610f610f611f611f611f611f612f612
1648,245028374,-43,11,256,1,27,0,76600700ed08f205f802fefe03fa08f50cf10fed12e913e613e413e312e311e50fe80deb0af007f503fa00fffd05fa09f80df611f413fd0400000000000000000000000000000000000000ff04fe07ff0c001002140318031b041d041d051d051b05170413030e0308020102fb03f503ef04ea05e507e209e00adf0ce00ce10cbb00eefdeefdedfdedfeedfeedfeeefeeeffeeffeeffeeffee00ee00ee00ee00eeffefffefffefffeffef0fef0fef1fef2fef2fdf3fdf3fcf3fcfbfefeff000000000000fefffbfff3fff3fef3fef3fdf2fdf2fcf2fcf1fcf1fbf0fbf0fbf0fbeffaeffaeffaeffaeffaeffaeffbeefbeefbeefbeefceefceefcedfcedfcedfc
1649,245140111,-43,11,256,1,27,0,7660070016030f0208020002f903f204eb06e608e20adf0cdd0ddd0ede0ee00ee30ce80bed08f305f902ffff05fc0af90ff712f515f405fc000000000000000000000000000000000000fffffbfef9fbf5f7f1f3eef0ebede9eae7e9e7e8e7e9e9eaecedf0f0f4f4faf7fffb05ff0c02120517071c0820082308250825072406b4000e0d0f0d0f0d0f0d0f0d0f0d0f0c0f0c0f0c0f0c0f0b0f0b0f0b0f0b0e0c0e0c0d0c0d0c0c0c0b0c0b0c0a0c090c090c080c070c070c060c02040001ffffffffffff010004010c050c060c070c070c080c090c090c0a0c0a0d0b0d0c0d0c0d0d0d0d0d0d0d0d0d0d0d0d0d0d0d0d0d0d0e0d0e0d0e0d0e0d0e0d0f0d0f0d
1650,245279725,-43,11,256,1,27,0,76600700eff3f5f7fbfb01fe07010d03130518051c061f052105220421041f031b03170211010b010500fffff9fff4fef0feecfde9fdfaff000000000000000000000000000000000000000003020506060a080f09130a170b1a0c1b0c1c0b1b0a1908160612040d0108fd02fafdf6f8f2f3efefebece8eae6eae5eae5eae5ebb600feeefeeefeedfeedfeedfeeefdeefdeefdeefdeefdeefdeefdeefdeefdeffdeffeeffeefffeffff0fff000f100f200f201f302f302f303f301fb00feff0000000000fffefefbfbf4fbf4fbf3fcf3fdf2fdf1fdf1fef0fef0feeffeeffeefffefffeeffeeffeeffeeffeeffeeffeeffeeffeefeedfeedfeedfeedfeedfeed
1651,245356192,-41,11,128,1,27,0,1ee00100eff2f4f6faf900fd07000c02120318041c041f042103220321021e021b01170112010c0106000000fa00f500f000ec00e900fa00000000000000000000000000000000000000000002030306040b051006140717071b081d081d071c071a06180513030e0009fd03fafdf7f8f4f3f0efecebeaeae8e9e6e9e6e9e6ea
1652,245411234,-41,11,128,1,27,0,1ee0010013070d0507040002f902f301ed01e702e303e004de05de06df06e106e405e804ed03f301f900fffe05fd0afc0efb12fa15f905fe000000000000000000000000000000000000fffffcfdfafaf8f6f6f2f4eff2ebf0e9efe7efe7efe7f0e9f2ebf4eff8f3fcf700fc040009040e07130b170d1a0e1c0e1e0d1f0d1f0c
1653,246222667,-91,11,128,1,27,0,e0033e4101fb03fc03ff0304060a0709060308fe06f705f506fb06fd06f901fcfa01fa01fd00ff0001000001ff0301040104ff04fc02fe00000000000000000000000000000000000000fefffc00fd00fffe00fd00fd00fe00ff01fd02ff020000fefffffeffffff0103030401fefffafdfafcfdfdfdfffc01fd03ff0401fd00
1654,246435935,-44,11,256,1,27,0,966009000f090a060403fd00f6fff0feeafee5fee1ffde01dc02dc03dd03df03e203e703ed02f401fb0001ff08fe0efe13fd18fd1bfe07ff000000000000000000000000000000000000fefff9fcf9f8f8f3f7eef7e9f7e6f7e3f7e2f8e1f8e3fae5fbe8fcedfef300f803fe060309080c0d10111313161518151a141a131911b600051005100510051006100610061006100710070f070f07100710071006100610061005100510041003100210021001100010ff10fe0ffd0ffe05ff01ffffffffffff01010304090c080d070d060e050f050f040f041003100311021102110211021101110111011101110111011102110211031103110311031104110411
1655,246446618,-43,11,256,1,27,0,966009000d0b08080304fd00f8fdf2fbedf9e9f7e5f7e2f7e0f7e0f8e1f9e3f9e6fbebfcf0fdf5fefbff010006010a020e03120414050501000000000000000000000000000000000000fffffbfcfaf9f9f4f7f0f6ecf5e9f5e6f5e5f5e4f5e5f7e7f8eafaeefdf3fff902fe050309080c0d0f10121315151716181618151714b3000b1f0b200b200b200b200b1f0b1f0c1e0c1e0b1e0b1e0b1e0b1e0b1d0a1d0a1d091d081d081c071b061a05190419031802170017ff16fe16ff07ff02fffffffeffff010105060e120e130d140d150c160c170c180c1a0c1b0c1c0b1d0b1e0a1f091f0920092009200920092009200a200a200b200b200a200a210a210a21
1656,246464839,-43,11,256,1,27,0,366553000411020b0005fdfffafaf7f5f4f0f0ededebebe9e9e9e8e9e9eaeaecedeff0f2f4f5f8f9fcfd0000040408060b090e0b0f0c0403000000000000000000000000000000000000fffefffa00f702f303ef05eb06e808e508e409e409e508e707ea06ef05f404fa03000206020c02120216031b041d051f0620071f071ebb00f90ff90ff910f910fa10fa0ffa0ffa0ffb0ffb0ffb0ffb0ffb0ffb0ffb0efb0efb0efb0dfa0dfa0dfa0cfa0bfa0bfa0afa0afa09f909f909fd03ff0000ff00ff00ffff01ff04fe0cfe0cfd0cfc0cfc0cfb0cfb0dfa0dfa0ef90ef90ef90ef80ef80ef80ef80ef80ef80ef80ff80ff80ff80ff80ff80ff90ff910f910f910
1657,246466620,-43,11,256,1,27,0,36655300ed02f301faff00fd06fb0bf810f513f216f018ed18ec18eb17eb15ec12ee0ff10bf407f803fcff00fb04f807f50af30cf10efc0300000000000000000000000000000000000000ff050007010b040f061308160a180b190c1a0d190d170c130a0f090a070505ff03f901f300eeffe9ffe5ffe200e001df02e002e102b600f1f8f0f8f0f8f0f8f0f8f0f8f1f8f1f9f1f9f1f9f1f9f1faf1faf1faf1f9f1f9f2f9f2f9f3f9f3f9f4f9f4f9f5f9f5f9f6f9f6f9f7f8f7f8fdfdffff000000000000fefffbfef4fcf4fcf4fbf4faf4faf3f9f3f9f3f8f2f8f2f7f2f7f2f7f2f6f2f6f2f6f2f6f2f6f2f6f2f6f1f6f1f6f1f6f1f7f1f7f1f7f1f7f0f7f0f7
1658,246468410,-43,11,256,1,27,0,3665530011f70cfa06fe0002fb06f60bf310f014ee17ec1aec1ced1dee1cef1af217f414f70ffa0afd0400fe03f905f507f109ee0aec02fa000000000000000000000000000000000000ff00fa01f700f2ffedfee9fde5fce2fbe1fbe0fbe1fbe3fbe7fbecfbf1fcf8fcfefc05fc0cfb11fa17f81bf61ef520f321f320f21ff2b0001105110511051205120511051104110411041104110311031103110310031003100410040f040f040e040d040d040c040b050b050b050a0603020100ffffffffffff010004000c020c020c030c030d040d050e050e050f060f060f060f070f07100710081008100810081007100710071007110711061106110612061206
1659,246807808,-42,11,256,1,27,0,96600900f9eefbf3fff902fe06040a080e0c120f161119121a121b121a11190f160d120a0e0809050402fefff9fdf5fbf1f9eef8ecf7fbfd00000000000000000000000000000000000000000004ff07fd0bfb0ff913f816f719f71bf71bf71bf719f815f911fa0cfb06fc00fcfafcf4fceefbeaf9e5f8e2f7e0f6e0f5e0f5e1b20008de08dd08dd08dd08dd08dd07dd07de06de06de06de05de05de05de05df05df06e006e107e107e208e408e508e608e709e80ae90bea0ceb04f801fdff00ff01ff00fffd00f701e802e803e804e705e606e607e507e408e309e20ae20ae10be10ce10ce00ce00ce00ce00be00bdf0bdf0adf0ade0ade0add0add0add0add
1660,246809153,-41,11,128,1,27,0,1ee00100f5f0f9f4fdf902fe07020c0511081609190b1c0b1d0b1e0a1d091a08170613050f0409020401fe00f9fff5fef1fdeefdebfcfaff000000000000000000000000000000000000000001040107000bff10fe13fe17fe19fe1cfe1cfd1afd18fd16fd12fd0cfd07fc01fbfbf9f5f7f0f6ebf3e8f1e6f0e5efe4efe4eee5
1661,246811199,-43,11,256,1,27,0,9660090006ec05f203f903000208020e0315041a061e072109230a230a21091f091b07160511030b0105fefffcf9faf4f8f0f6ecf6eafdfa000000000000000000000000000000000000ff00fd03f905f508f10aed0ce90ee70fe510e410e510e70fea0dee0af206f702fcfe00f905f308ee0bea0de50ee10edf0ede0ddd0cdeba000ff40ff30ff30ff30ff30ef30ef30ef30df30df30df30df20df20df30df30df30df40df40df50df50cf60cf60cf70bf70bf80bf90bfa0cfa04fe01ffff00ff00ff0000fe02fc08f609f609f70af70bf70bf70cf70cf60df60ef60ef60ef60ff60ff60ff60ff610f610f610f60ff50ff50ff50ff50ff40ff40ff410f410f4
1662,246819424,-43,11,256,1,27,0,966009000112000cff06fd00fbf9f9f4f7eff4ebf2e8efe5eee4ede4ede6eee7f0eaf3eef6f2f9f7fdfc000003040608090c0b0e0c100304000000000000000000000000000000000000fffffffb01f803f405f007ed09e90ae70be60ce50ce60be80aeb08ef06f404f903ff0105000bff11ff16ff1a001d001f01200220021fb100f70ef70ef70ff70ff70ff80ff80ff80ef80ef80ef80ef80ef80ef80ef80ef80ef80df80df70cf70cf70bf80af80af809f709f708f707f707fc02ff0000ff00ff00ffff01ff03fe0bfd0bfc0bfc0bfb0bfa0cfa0cfa0cf90df90df80df80df80df70df70df70df70df70df70df70ef70ef70ef70ef70ef70ef70ff70ff70f
1663,246823599,-43,11,256,1,27,0,96600900eef5f4f8fafa02fc09fe0ffe16ff1bfe1ffd22fc23fb23fa22f920fa1cfa17fb11fc0bfd04fffe00f902f404ef06ec07ea08fa02000000000000000000000000000000000000000003030407050c061107150819091c0a1d0a1e0a1d091b07180513030e0009fc03f8fdf4f8eff3ebf0e7ede4ece2ebe1ebe0ece1edae00f9edf9edf9edf9ecf9edf9edf8edf8eef8eef8eef8eef8eef8eef8eef9eef9eff9effaeffaeffbeffbf0fcf0fcf1fdf1fef2fef2fff200f200fb00fe000000000000fffefdfcf8f5f8f5f8f4f9f3f9f3f9f2f9f1f9f1f9f0f9eff9effaeefaeefaeefaedfaedfaedfaedfaedfaedf9edf9edf9edf9edf9edf9ecf9ecf9ec
1664,246839025,-43,11,256,1,27,0,366553000bee08f405fa03010108ff0fff15ff1a001e01220224032403230320031d03180212010b0005fefffdf9fcf4faeff9ebf8e9fefa000000000000000000000000000000000000ff00fb03f703f204ed04e905e506e206e007e007e007e206e605eb04f002f6fffcfc02f908f50df111ed14ea16e617e417e316e215e3b10012fa12fa13fa13f912f912f912f911f911f911f811f811f811f810f810f810f810f910fa10fa10fa0ffb0efb0efb0dfc0dfc0dfd0dfe0dfe04ff0100ff00ff00ff0001ff04fe0cfa0cfb0cfb0dfb0dfc0efc0ffc0ffc10fc10fc11fd11fd12fd12fd12fd12fd12fd12fd12fc12fc12fc12fc12fb13fb13fb13fb13fa13fa
1665,246855083,-43,11,256,1,27,0,36655300f612f90bfb05fdfefef7fff000eaffe5fee1fcdefbdcfadcfaddfadffbe3fbe8fdeefef4fffa00000106020b041005130516010500000000000000000000000000000000000000ff02fb06f90bf70ff513f317f21af11bf01cf01bf119f216f412f70dfa08fe0302fd07f90bf510f114ef19ee1cee1eee20ef20f01fb600ef09ef09ef09ef0aef09ef09ef09f00af00af00af00af10af10af10af009f009f009f108f108f107f206f206f205f305f305f304f303f303fb00fe0000ff00ff00ffff01fc03f609f609f508f408f308f308f208f208f108f008f008ef08ef07ef07ef07ee07ee07ee07ee07ee08ee08ee08ee08ef09ef09ef09ee09ee09
1666,246954525,-43,11,256,1,27,0,966009000512030c0107fe01fafcf7f7f4f2f0efedecebeae9e9e8e9e8eaeaececeeeff1f3f4f7f8fbfc00ff040307060a090d0b0f0d0303000000000000000000000000000000000000fffffefbfff801f402ef03eb03e804e504e405e305e405e605e904ed03f203f802fe0204020a031004150519071c081e081f091f091db800f51ff520f520f520f520f620f620f720f720f820f820f820f81ff91ff81ff81ef81ef71df71cf71bf61af618f617f616f515f414f314f313fb06fe0100ff00fe00ffff02fe08fc16fb17fa17f917f817f718f619f61af51bf41bf31cf31cf21cf21cf11cf11cf11df11df21df21df31ef31ef31ff31ff41ff420f420f420
1667,246971992,-43,11,256,1,27,0,36655300f210f60bfa05feff01f804f206ec08e709e309df09dd08dc07dd07df06e304e703ed02f301f9fffffe05fd0afc0ffb13fa15fe0500000000000000000000000000000000000000ff03fc07fa0cf910f715f618f41bf41df31ef31df41bf518f713f90efb08fe0201fc05f709f20ced10ea14e817e719e61ae71ae919b400ef07ee08ee08ef08ef08ef08ef08f009f009f009f109f109f10af109f109f109f109f109f208f208f207f307f306f306f406f405f404f404fb01fe0000ff00ff00fffe00fb02f405f305f304f204f204f104f104f004f004ef03ef03ee03ee03ee03ee03ee03ee03ee03ee04ed04ed05ed05ee06ee06ee06ee06ee06ed06
1668,246999482,-43,11,256,1,27,0,36655300f5ecf9f2fcf801fd06020b07100a140d180f1b101d111e101e101c0e190d150a10080b050503ff00fafef5fcf1faedf8ebf7fafd000000000000000000000000000000000000000001030007ff0cfe10fd15fc19fc1cfb1efb1ffb1efc1cfc19fc14fd0ffd09fc03fcfcfbf5f9eff8eaf6e5f4e2f2e0f1e0f0e0f0e1b10003dc03db03da03da02da02db01db00db00dbffdbffdbffdcffdcffdcffdcffdc00dd00dd01de01df02e002e203e203e304e505e506e607e702f701fdff000001ff00fffdfff700e701e702e603e504e404e405e305e206e107e007df08df08df09de09de0ade09dd09dd08dd08dd07dc06db06db06db05db05db05da05da
1669,247001413,-43,11,256,1,27,0,36655300eafbf1fcf7fdfefd06fc0cfc12fb17f91bf81ff621f521f420f41ef51bf617f711f90cfb06fe0000fb02f504f106ed08eb08fa0200000000000000000000000000000000000000000301050309070c0b0f0e11111314151515161516131411120e0f0a0b05080004fa00f5fdeffaeaf8e6f6e2f6dff6ddf6ddf7def8bc00f2f4f2f3f1f3f1f3f1f3f1f3f1f4f1f4f2f4f2f4f2f4f2f4f2f4f2f4f2f4f2f4f3f4f3f4f4f4f4f4f5f4f5f4f6f4f7f4f8f4f8f4f9f4faf4fdfbfffe000000000000fefffcfef5faf5f9f5f9f5f8f5f7f5f7f4f6f4f6f4f5f4f5f3f4f3f4f3f3f4f3f4f3f4f3f4f3f4f3f3f3f3f3f3f3f3f3f2f3f2f3f2f3f2f3f2f3f2f3
1670,247025006,-41,11,256,1,27,0,36655300ed05f202f800fefe03fa08f70df310f012ed13ea14e814e713e711e90feb0cee0af207f703fb0000fd04fa08f80cf60ef510fd0400000000000000000000000000000000000000ff03ff060109030d05110614081709190a190b180b160a140911080c0607040103fb02f602f002eb02e603e304e205e106e106e106b500def9e0fae1fae1fae1f9e0f9dffadefbddfbdefcdefcdffde1fde2fde2fde2fde2fce2fce2fbe3fbe4fae6fae8fae9faeaf9ebf9ecf9edf8f9fdfeff000001000000fdfff9ffecfcecfcebfbeafae9f9e9f9e7f9e6f8e5f7e5f6e5f6e5f5e5f4e4f4e3f4e3f4e3f4e3f4e3f4e2f4e2f5e1f6e0f6e1f7e2f7e4f8e5f8e5f7
1671,247027221,-41,11,256,1,27,0,3665530011050c0407030002fa02f402ef02ea03e604e306e207e207e308e508e807eb06f005f503fa01ffff04fd08fc0cfa0ff911f804fe000000000000000000000000000000000000fffffcfefbfcf8f8f6f5f4f1f2eff0ecefeaeeeaefeaf0ebf2edf5f1f8f4fcf800fc04ff09020d05120817091a0a1b0a1c0a1d0a1d0ab400181517141713171317131813191419131a141a131a131912181217111711171116111612161215121312111110100f100e100d100c100b1103060001fffffeffffff0100050210081109110b110c110d120e120f131114121513141414141415141514151516151615151515151515151615161516141614151314121312
1672,247060119,-43,11,256,1,27,0,766007001703100209010201fa02f303ec04e705e206de08dc09db0adc0ade0ae109e607eb06f104f802fe0004fe0afc0ffb13fa16fa05fe000000000000000000000000000000000000ff00fcfff9fdf4faf0f7ecf4e8f2e6f0e4eee3eee4eee6eee9f0edf3f1f5f7f8fdfc04ff0a01110417051c0620062306250625052505c3000e0c0e0d0e0d0e0d0f0c0f0c0e0c0e0c0e0b0e0b0e0b0f0b0f0b0e0b0e0b0e0b0d0b0d0b0c0b0c0b0b0b0b0b0a0b090b080b080b070b070b02040001ffffffffffff010004020b060b070a070a080a090a090b0a0b0a0b0b0c0c0c0c0c0c0c0d0c0d0c0d0c0d0c0d0c0d0c0d0c0d0d0d0d0d0d0d0d0d0e0d0e0d0e0d0e0d
1673,247404495,-93,11,128,1,27,0,4ff11441080101fe00fdfffdfefcfdfdfbfdf8fbf7faf7f8f7f6f7f6f8f8fafbf9fcf9fafbfbfcfdfd00fe01fe01fe01fe03fd04fc04fe00000000000000000000000000000000000000ff00ff010002ff02fe02ff02fc02fa05fb06fb04fb04fc04fd04fe040002ff01fd0000ff03ff04ff05ff07fe08000a010cfe0efc0efc
1674,247991980,-43,11,256,1,27,0,366553000c13080e05090004fbfff6fbf1f7ecf4e8f2e4f1e1f0e0f0e0f1e1f2e4f3e8f5ecf7f2f9f8fbfefe030008020d03110514060501000000000000000000000000000000000000fffffefefefafff500f101ec01e802e502e202e102e102e302e502e902ee02f402fa03000407060d07120a170c1a0e1d101e101e111dbc00ff23ff24ff25ff2500250025012401240224022302230323032402230223012300220022ff21fe20fe1ffd1efd1dfc1cfb1bfa1af819f719fc08fe0200fffffeffff000201080417031802180119001aff1bfe1cfe1dfd1efd1ffc20fc20fc21fb21fb21fb21fb22fb22fb22fc22fc23fc23fd23fd24fe24fe24fe24fe25
1675,248001503,-43,11,256,1,27,0,3665530014f60ff80afb04ffff03fa08f60cf210f014ee17ed1aed1ced1cee1bf018f215f411f70cfa07fd0100fc03f805f307f009ed02fb000000000000000000000000000000000000ff00fe01fa00f6fff1feedfde9fce6fce3fbe2fbe2fbe3fbe6fbeafceffdf4fdfafd00fd07fc0cfb12fa17f81af61df51ef31ff21ff2b7002204220423042304230423042303220322032203220222022202220222032104200420051f061e061d071c071b0719081809180a170b160c08040201fffffe00ff0002ff08fe17fd17fe18ff180019011a021b031c041d041e051e051f061f061f0720072008200820072007200721072106210621062205220523052305
1676,248002980,-44,11,256,1,27,0,36655300f9eafbeffdf500fb030106060a0b0d10101313151517171717171616151412110e0e0a0a05060102fdfef9faf5f7f3f4f1f2fcfc00000000000000000000000000000000000000000101ff05fe09fc0dfa11f915f819f71bf71bf71bf71af718f914fa0ffb0afc04fdfefdf8fdf2fdecfce7fbe4fae1f9dff9dff8dfb70003ef03ee03ee03ee03ee03ee03ee03ee03ee02ee02ee02ee02ee02ef02ef03ef03ef03f004f004f104f104f204f204f305f305f406f406f502fc00feff000000ff00fffefffbfff400f400f401f301f302f202f202f203f103f104f104f004f004f005f005f005f005f005f005f004ef04ef04ef04ef04ef04ee04ee04ee
1677,248045379,-44,11,256,1,27,0,7660070001e901ee01f502fc03030409060f08150a190c1c0e1e0f1f0f1e0f1d0e1a0c160a12070d03070002fdfdfbf8f8f4f6f0f4eefdfb00000000000000000000000000000000000000000002fd05fa08f60bf30ff011ee14ec16ec16eb16ec15ee13f110f40cf707fa02fdfc00f603f104ec05e606e206df05dd04dd04ddb9000af10af00bf00bf00af00af00af00af009f009f009f009f009f009f009f009f109f109f209f209f309f309f409f509f509f609f609f70af703fd01ffff00ff00ff0000fe01fc05f506f506f507f508f508f508f409f409f40af40af40bf40bf40cf40cf30cf30cf30cf30cf30cf30cf20bf20bf20bf20bf10bf10bf10bf1
1678,248263919,-43,11,256,1,27,0,9660090001170111000bfe04fcfef9f7f6f2f3edf0e9eee6ebe4eae4eae4ebe6ece8efebf2eff6f4faf8fefd030106050a090d0c0f0e0303000000000000000000000000000000000000fffffffd01fa04f607f30aef0dec0fe910e711e611e610e70ee90ced0af107f604fc02020008ff0efe14fe19fe1dfe20ff2200230122b000f710f710f710f710f710f810f810f810f910f910f910f910f911f910f910f910f910f90ff80ff80ef80df80df80cf80cf80bf70bf70af70afc03fe0000ff00ff00ffff01fe04fc0bfb0bfa0bfa0bf90bf80cf80cf80cf70df70df60df60df60df60df60df50df50df50ef50ef50ef60ef60ff60ff60ff70ff710f610f610
1679,248285924,-43,11,256,1,27,0,966009000e160a11050b0006fa01f4fceef9e9f6e4f4dff3dcf3daf3daf4dcf5dff7e3f8e9f9effbf6fcfdfe03ff09ff0f00140017010600000000000000000000000000000000000000fffffefefffa01f503f005eb06e607e307e007df07df07e006e205e704ec04f203f904000407060e08140b190d1d0f20112112221321b400ff14ff14ff14001500150015011401140114011401140214021402140213011301130113001300120012ff11ff10ff10fe0ffd0ffd0efc0efe05ff0100ffffff00ff00010004000d000d000dff0eff0efe0efe0ffe10fd10fd11fd11fd12fc12fc12fc12fc12fc12fc13fd13fd13fd13fe14fe14fe14fe14ff14ff14ff15
1680,248288105,-43,11,256,1,27,0,96600900190413030c030403fd04f506ef08e90ae40de110df12de14df14e014e312e710ec0df109f705fc0001fc06f70af40df00fee04fb000000000000000000000000000000000000ff00fd00fbfcf9f7f7f2f4eef2eaf0e6eee4ede3ede3eee4efe6f2eaf5eef9f3fef803fc09010e0414071a091f0a220a240a26092508b3000f0e0f0e0f0e0f0e0f0e0f0e0f0d0f0d0f0d0f0d0f0c0f0c0f0c0f0c0f0d0f0d0e0d0e0d0d0d0d0d0c0d0b0c0a0c0a0c090c080c070d070d02040001ffffffffffff010004020b060b070b080b080b090b0a0b0a0c0b0c0c0c0c0c0d0d0d0d0d0d0e0d0e0d0e0d0e0d0e0d0e0d0e0d0e0e0e0e0e0e0e0f0e0f0e0f0e0f0e
1681,248723406,-41,11,128,1,27,0,1ee00100e905ee04f402fafffffc04f808f40cef0eeb10e811e511e410e40ee50de70be90aed07f205f703fd0102ff07fe0bfd0ffc12ff0400000000000000000000000000000000000000ff02fe040107040a070d0a100c130e1510171016101510140e110c0d0909070305fe03f802f301ed01e801e502e203e104e006e006
1682,248724817,-41,11,128,1,27,0,1ee00100e9faeffbf5fcfbfc02fc08fb0dfa12f817f51af31cf21cf11cf01af118f215f311f60df808fc04ffff02fb06f709f40bf20dfc0300000000000000000000000000000000000000ff020003030407060b080f09130a160c180c190c190c180b160912070e040a0106fd02f8fef3faeff7eaf5e7f5e4f5e2f5e1f5e1f5
1683,248726075,-41,11,128,1,27,0,1ee0010008170612030cff06fa00f6fbf1f7ecf3e7f1e3efe0eedeefdeefe0f1e2f2e6f4eaf6f0f8f6fafcfc03fe08ff0d01120215020500000000000000000000000000000000000000fffffefd00fa04f607f209ee0ceb0ee70fe510e310e40fe50ee70cea09ef07f405fa04010308030e0314041a061e072008220a240b24
1684,248778962,-41,11,128,1,27,0,1ee00100e8f7edf9f4fafbfb03fb0afb10fa16f91bf71ff521f321f221f11ff21cf219f414f60ff909fc04fffe03f906f509f20cef0dfb0300000000000000000000000000000000000000ff030104040509060e071308170a1b0b1e0b1f0b1e0a1d0a1b08170611030cff07fb01f6fcf2f8edf4e8f1e4f0e1efdff0ddf0ddf1
1685,248831814,-41,11,128,1,27,0,1ee00100fb15fc10fd0afd04fbfdfaf7f9f2f6edf4e9f1e6f0e4eee4eee5efe7efe9f1ecf4eff7f3fbf8fffc0200060409070c0a0f0b0303000000000000000000000000000000000000ffff00fd03fc07fa0cf90ff713f615f418f319f218f318f316f412f60ef80afb06ff0103fe08fb0cf811f716f61af61cf61ef71ff81f
1686,248832451,-41,11,128,1,27,0,1ee0010018fc13fd0cff0501ff05f908f30cef10eb14e918e81ae81ce91ceb1bed19ef16f212f50df907fc02fffc02f704f206ee07eb02fa000000000000000000000000000000000000ff00fc01fafdf7f9f4f5f1f2eeefebece9eae8e9e8e9e9eaebeceeeff2f2f7f6fcf902fc09fe0f0015011b011f01210023ff25fe25fe
1687,248915547,-43,11,256,1,27,0,3665530014f20ff50af905fe0104fc09f90ff714f519f31df320f321f421f520f61ef71af915fa0ffc09fd03fefd00f700f201ed02eb00fa000000000000000000000000000000000000ff00fe01fa00f6fff1fdecfce8fbe4fbe2fae0fae0fae1fae4fbe8fbedfcf3fcf9fc00fc06fa0cf912f717f51bf31ef11fef1fee1fedb10012fb12fa13fa13fa12fb12fa12fa12fa12fa12fa11f911f911fa11fa11fa11fa11fb11fb11fc10fc10fd0ffd0ffe0efe0eff0eff0e000d0004000100ff00ff00ff0001ff03fe0bfa0bfb0cfb0cfb0dfc0dfc0efc0efc0ffc10fc10fd11fd11fd11fd12fd11fd11fd12fd12fd12fd12fc12fc12fc12fc12fc12fc13fc13fc
1688,248916247,-41,11,128,1,27,0,1ee00100ed0cf109f605fb01fefc02f704f207ed08e809e509e208e108e107e206e505e804ec03f102f602fc01020007000b000f0012000400000000000000000000000000000000000000ff01fe04ff08010c0210041305170619061b061a071906170514040f040a030503ff03f904f405ef07ea09e70be50ce40ee40fe50f
1689,248916719,-41,11,128,1,27,0,1ee0010017f712f90cfc06000004fb09f60ef313f117ef1bee1eee1fef1ff01ef21bf418f514f80efa08fc02fefc00f701f202ee03eb00fa000000000000000000000000000000000000ff00fd01fafff6fbf2f8eff6ebf4e8f1e5f0e4f0e4f0e5f0e7f2ebf4eff6f5f8fafa01fb07fc0efd14fc19fb1dfa1ff921f723f623f5
1690,248918385,-43,11,256,1,27,0,36655300eb0def0af405f900fefb02f605f007eb08e609e209df08dd07dd06de06e105e504ea03ef02f602fc01020108010d02120214000500000000000000000000000000000000000000ff01fe040009020d041106150818091b0a1c0a1c0a1b091908150711060b050504ff04f904f305ed06e808e40be20de10ee010e110ac00edffecffecffecffec00ec00ec00ed01ed01ed01ed01ed02ed02ed02ed02ed02ed01ee01ee00ee00ef00ef00f000f1fff1fff1fef2fef2fdfbfffeff000000000000fe00fbfff3fff3fff3fef3fef2fdf2fdf1fdf1fdf0fcf0fceffceffceffbeffbeefbeefbeefbeefbeefceefceefdedfdedfdedfdecfeecfeecfeecfe
1691,248919187,-41,11,128,1,27,0,1ee00100190913070c060405fc04f505ed06e707e109dd0bdb0dda0fda10dd0fe00ee40ce90aef07f503fbff01fc06f80bf50ff212f004fb000000000000000000000000000000000000ff00fcfffcfbfbf6f9f0f8ebf7e7f5e3f4dff3def3dff4e0f5e2f6e6f8ecfcf1fff704fd09020e07140b190e1d10201022102510250f
1692,248919610,-41,11,128,1,27,0,1ee0010009e907ee05f404fb04020409050f0715091a0b1d0d1f0e200f1f0e1d0d1b0c170913060e0309ff04fcfff8faf5f6f2f3f0f1fbfc0000000000000000000000000000000000000000ff02fb02f603f203ed04e904e505e206e106e207e307e506e806ed04f202f8fffdfb02f707f30bee0eea0fe610e410e10fdf0fde
1693,248935288,-43,11,256,1,27,0,9660090009ea07ef05f503fc0203020a02100216031b041e0621072208220820071d061a0515030f0209ff03fdfdfbf8faf3f8eff7ecfdfb0000000000000000000000000000000000000000ff02fb03f604f206ed07e909e60ae40be30be30be40be60aea08ef06f403f900fefc03f707f30bee0eea10e611e311e111e010e0b4000ef40ff40ff40ff40ef40ef40ef30ef30df30df30df30df30df30df30df30df30df40df40df50cf50cf60cf60cf70bf70bf80bf80cf90cfa04fe01ffff00ff00ff0000fe03fc08f709f709f70af70bf70bf70cf70cf70df70df70ef70ef70ff70ff70ff70ff70ff70ff70ff70ff60ff60ff50ff50ff50ff50ff50ff410f4
1694,248948935,-44,11,256,1,27,0,96600900e9feeefef5fefbfd02fb08f90df611f215ee17eb18e819e718e617e615e812eb0fef0bf407f903ffff05fc0af80ff513f315fc0500000000000000000000000000000000000001ff04ff04030508060d071207160819091b091c091c091a081807140510030b0006fc01f8fdf3faeff7eaf5e6f5e3f5e1f6e0f7e0f8b800e0efdfefdff0def0def1def2def2ddf3ddf4ddf4dcf5dcf5dcf5dbf5dbf5dbf4dbf3dbf3dbf2dcf1ddf0deefdfeee0ede2ece3eae5e9e6e7f7f7fdfd000001000000fcfef6fbe6f1e6f0e7eee8ede9ebe9eae9eae9e9e9e8e9e7eae6eae6eae6eae5e9e5e9e6e9e6e9e7e9e7e8e7e7e8e6e8e5e9e5eae4ebe3ebe2ebe2ec
1695,248951875,-43,11,256,1,27,0,96600900180712050b040404fc03f504ee05e806e308df09dc0bdb0ddc0ddd0de10ce50bea08f006f603fc0002fc07f90cf710f413f305fc000000000000000000000000000000000000ff00fdfffbfcf9f7f7f2f4edf2e9f0e6efe4eee3eee2efe4f1e6f3eaf6eefaf3fef803fd09020e061309190c1d0d200e220e240d240cb0000f0c0f0d0f0d100d100d100d100c100c0f0c0f0c100c100c100c100c0f0c0f0c0e0c0d0c0d0d0d0d0c0d0b0c0a0c0a0c090c080c070d060d02040001ffffffffffff010004010c050c060c060c070c080c080c090c0a0d0a0d0b0d0b0d0c0d0c0d0c0d0d0d0d0e0d0e0d0e0d0e0d0e0d0e0d0e0d0f0d0f0d0f0d100d100d
1696,248960132,-43,11,256,1,27,0,96600900fce8fdeefff401fb040107070b0c0e11111414171619181918181817161413120f0e0b0a06060102fcfef8fbf4f8f0f5eef4fbfc00000000000000000000000000000000000000000002fe05fb09f70cf510f214f017ef19ef1aee1aef18f116f312f50ef809fb03fdfdfef7fff100eb00e6ffe1ffdefedcfddcfcdcaf0005ee05ee05ed05ed05ed05ed04ed04ed04ee04ee03ee03ed03ed03ed03ee03ee04ee04ef04ef04f004f004f104f105f205f305f306f406f402fb00feff00ff00ff0000fe00fb02f302f303f303f304f304f205f205f206f106f106f007f007f007f007f008f008f008ef07ef07ef07ef06ef06ee06ee06ee06ee06ed06ed
1697,248961664,-43,11,256,1,27,0,9660090007160510020bff05fbfff7f9f3f5eef1eaeee7ece4ebe3ebe3ebe4ede6eeeaf1eef3f3f6f8fafefd030008030c05100712090402000000000000000000000000000000000000fffffefd00fa02f504f106ed08e909e60ae40ae30ae209e408e707ea06ef05f503fb02010208020e03140419061d0720082109220a21b000ff12ff12ff12001200120012001200120112011201120112011200120012001100110011ff10ff10fe0ffe0ffe0efd0efd0dfc0dfc0cfb0cfe04ff0100ffffffffff00010004020b010b010c000c000d000d000eff0eff0fff0fff10fe10fe10fe11fe11fe11fe11fe11fe11fe11fe11ff12ff12ff12ff12ff12ff12ff12
1698,248965778,-43,11,256,1,27,0,96600900f515f80ffa09fc03fdfcfef5feeffee9fde4fce0fbdefaddfaddfadffae2fbe5fceafdf0fff600fc02020308050c061106130105000000000000000000000000000000000000ffff00fd04fc08fa0df911f715f618f41af31bf31bf31af318f414f610f80bfb06ff0003fc08f80cf410f115ef19ee1bee1eee1fef1fbc00f10af00af00bf00bf00bf00bf10bf10bf10bf10bf20bf20cf20cf20cf20bf20bf20bf20af209f209f208f308f307f307f306f306f305f304fb01fe0000ff00ff00ffff00fc03f708f608f607f507f407f407f307f307f207f207f107f107f107f007f007f007f007f007f008f008f008f009f009f009f009f00af00af00a
1699,248998571,-43,11,256,1,27,0,96600900fee7ffee00f503fc050308090c0f10141317161a191b1a1b1a1a191817151412100e0b0a06060001fbfef6faf2f8eef5ebf4fafc00000000000000000000000000000000000000000004fc06f809f40df010ed13ea15e917e818e817e916eb14ee10f20cf507f901fdfafff401ed03e803e203de02db01d901d900d9b9000aee0aed0aed0aed09ed09ed08ed08ed08ed08ed07ed07ed07ed07ed07ed07ee07ee07ee07ef07ef07f007f107f107f208f308f308f409f503fc01feff00ff00ff0000fe01fb05f306f307f307f308f309f209f209f20af10af10bf10bf10cf10cf10cf10cf00cf00cf00cf00cf00cef0bef0bef0bee0bee0bee0bee0bed
1700,249007272,-43,11,256,1,27,0,96600900e807ee04f501fbfe02fa07f60cf110ed13e815e515e215e114e113e211e50ee80bed08f205f801feff04fc09fa0ef812f715fd0500000000000000000000000000000000000000ff04fe07010b041007140a170c1a0e1d0f1e0f1e0f1c0e190d140b0f0909060305fc03f502ee02e802e303df04dc05db07da07db08b600ecfbecfbecfbebfbecfbecfbecfcecfcecfdecfdecfdecfdecfdecfdecfdedfdedfdeefceefceefceffcf0fbf0fbf1fbf2fbf2faf2faf3f9fbfdfeff000000000000fe00fafff2fff2fef1fdf1fcf1fcf0fbf0fbeffbeffaeefaeefaeef9eef9eef9eef8edf8edf8edf8edf9edf9edf9ecf9ecfaecfaecfaecfaecfaecfa
1701,249010028,-43,11,256,1,27,0,96600900f7e9faeffdf501fb05010a060f0b140e18111b131e131f131f121e101c0e180c130a0d0707040101fbfff5fdf0fbecf9eaf8fafe00000000000000000000000000000000000000000103ff06fc0bf90ff714f518f41bf31df21ef21ef31df419f615f810f90afb04fcfdfcf5fceffbe9fae4f8e0f7ddf6dbf5dbf4dcb00002ec02ec02eb02eb01eb01ec01ec00ec00ec00ec00ecffecffecffecffec00ed00ed00ed01ed01ee01ee01ef01f002f002f103f104f204f201fb00feff000000ff00fffefffb00f200f201f201f102f102f103f003ef03ef03ee04ee04ee04ee05ee05ee05ed05ed05ed04ed04ed04ed04ec03ec03ec03ec03ec03eb02eb
1702,249018136,-41,11,256,1,27,0,96600900eaf7eff9f6fbfdfc04fd0bfd11fd17fc1bfb1ff921f822f721f71ff71cf718f813fa0efc08fe0200fd02f704f306ef07ec08fa020000000000000000000000000000000000000000030104040609080d0a110c150d180f1a0f1b0e1a0d190c170a13070e04090005fb00f6fbf2f8edf4e8f2e4f0e2f0e1f1dff1dff1b000f5f0f6f1f6f1f6f1f5f1f5f1f5f1f4f1f4f0f4f0f4f0f4f1f4f1f5f2f5f2f6f2f6f2f6f1f6f1f7f1f7f1f8f2f9f3faf4faf4fbf4fcf4fcf3fefbfffe000000000000fffffdfdf7f7f7f7f7f6f8f6f8f5f8f4f8f4f7f3f7f2f7f1f7f1f8f1f8f1f8f1f8f0f8f0f8f0f8f0f8f0f7f0f7f0f7f0f6f0f6f0f7f1f7f1f7f2f7f2
1703,249019256,-41,11,256,1,27,0,b6600b00ed11f10df707fb0100fa04f407ed09e70ae20bdd0bdb0ada09da09dd08e007e406e904f003f601fd0004fe0afd0ffc14fb17fe0600000000000000000000000000000000000000ff02fd06fc0cfc11fb16fb1afb1efa21fa22fa21fa1ffb1dfc18fc12fd0bff0501fe04f707f20aec0de711e414e316e218e219e219bd00eb02ec02ec02ec02ec02ec02ec03eb03eb03eb04eb04ec04ec04ed04ed04ee03ee03ed03ed02ed02ee02ef01f001f101f200f2fff2fff2fefbfffeff00ff00ff00fffe00fb00f302f302f201f201f200f100f000efffeeffedffedffeeffeefeeefeedfeecfdecfeecfeedffecffecffec00ec00ec00ed00ed00ee00ee00
1704,249033927,-43,11,256,1,27,0,b6600b00fb17fc11fd0afc03fcfbfbf4f9eef7e8f5e3f3e0f2ddf0ddf0ddf1dff2e2f4e6f7ecf9f1fdf700fd03030508080d0a110c140305000000000000000000000000000000000000ffff00fd03fa07f70bf40ff112ee15eb17ea17e917e916ea14ed11f00df409f905fe0104fe0afb0ff915f71af61ef622f724f725f824b400f510f410f410f411f411f511f510f510f610f510f510f510f510f510f510f510f50ff50ef50ef40df40df50cf50bf50bf40af409f408f408fb02fe0000ff00ff00ffff01fe04fc0cfb0cfb0cfa0cf90cf90cf80df80df70ef70ef60ef50ef50ef50ef40ef40ef40ef40ef40ef40ff40ff40ff50ff510f410f410f410f410
1705,249037583,-44,11,256,1,27,0,b6600b00f013f40df807fb01fefa01f403ed04e705e205de05db04da03da03dc02df02e401ea01f001f701fd0004000a000f00140017000500000000000000000000000000000000000000ff01fd05fd0bfc10fb14fa18fa1cf91ef820f820f81ef91bfa17fb11fc0bfe0501ff04f907f40bef0eeb12e816e619e51ae61be71bba00ef09ee0aee0aee0aee0aef0aef0aef0bf00bf00bf00bf00bf00bf00bf00bf00bf00bf00af009f109f108f108f208f207f207f206f205f204fb01fe0000ff00ff00fffe00fc02f507f406f406f306f306f206f106f106f006f006ef06ef06ee06ee06ee06ee06ee06ee06ee06ee07ee07ee08ee08ee08ee08ee08ee09ed09
1706,249043323,-43,11,256,1,27,0,b6600b00f6e9f9effcf500fc050209070e0c130f17121a141d151e151e141d131a11170e120b0d0807040101fbfef6fbf1f9eef7ebf5fafd00000000000000000000000000000000000000000003ff06fd0bfb10f914f818f71cf61ef61ff61ff61df71af815fa10fb0afc03fcfcfcf5fbeffae9f9e4f7e0f6ddf5dcf4dcf4ddc00001ec01ec01ec01eb01eb00ec00ecffecffecffecffecfeecfeecfeecfeecfeedffedffedffedffee00ee00ef00f000f001f101f102f103f201fb00feff00ff00ff0000fe00fb01f301f302f203f203f204f104f104f004f005ef05ef05ef05ee05ee05ee06ee05ee05ee05ed05ed04ed04ed04ec03ec03ec03ec03ec03eb
1707,249063464,-43,11,256,1,27,0,b6600b00ff15ff0ffe09fd02fcfcfaf5f8f0f6ebf4e7f2e4f0e2efe2eee3efe5f1e7f3ebf5eff9f4fcf9fffe03030607080b0b0e0c100304000000000000000000000000000000000000ffff00fc03fa06f609f30cf00eed10eb12e912e812e911ea0fed0df00af407f903fe0104ff09fd0ffb14fb19fb1dfb1ffb20fc21fc21c000f70ff70ff70ff70ff70ff80ff80ff80ff80ff910f910f910f90ff90ff90ff90ff90ff90ff90ef90ef90df90cf90cf90bf90bf80af80af809fd03ff0000ff00ff00ffff01fe03fa0afa0af90af80af80af70af70bf70bf60bf60bf50cf50cf50cf40cf40cf40cf40cf50cf50cf50df50df50df60ef60ef60ef60ef60ef60e
1708,249072511,-44,11,256,1,27,0,b6600b000b14070f0409ff03fafef5f9f0f5ebf2e6efe3ede0ecdfeddfeee0f0e3f1e7f3edf6f2f9f8fcfffe04010a030e05120715080502000000000000000000000000000000000000fffffefcfff801f302ee03ea04e504e205e005df05df06e105e504e904ef03f503fc0303040905100715091a0b1e0d210e220f220f21bd00011301130113011301130213021303130313031203120312031203120312031203120212021102110110010f000f000f000eff0efe0efe0dff04ff01ffffffff00ff00010004010c000d000dff0dff0eff0efe0ffe0ffe10fe11fd11fd11fd11fd12fd12fd12fd12fd12fd12fe12fe12ff13ff13ff130013001300130013
1709,249086549,-44,11,256,1,27,0,b6600b0012f80dfb07fd0200fc04f708f20bef0fec12ea14e916e918e918eb16ed14f011f30ef709fb05ff0003fc06f809f50cf20df003fc000000000000000000000000000000000000ff00fc01f800f4ffeffeebfde7fce4fce3fbe2fbe3fbe5fbe8fbecfcf1fcf7fdfdfd03fd09fc0ffc14fb19f91cf81ef71ff61ff61ff5ba0020072106210622062206210621052005200420042004200320032003200420041f051e051e061d061c061a0719071807170817081609150a07030201fffffeffffff02ff0800180118021803190419051a061b061c071d081d091e091e0a1e0a1f0b1f0b1f0c1f0c1f0b1f0b1f0a1f0a200a200920092108210821082208
1710,249099633,-43,11,256,1,27,0,b6600b00eafbf0fcf7fdfffe06fe0dfe14fd19fc1efb21f923f824f723f721f71df719f813fa0dfb06fd00fffa00f502f003ec04e904fa0100000000000000000000000000000000000001ff050008020c061009130d161018121a141a14191417131411100e0b0b0607ff03f900f3fdedfae8f7e3f6dff5dcf5dbf6dbf7dbf7b300f0f4eff4eff4f0f4f0f4f0f4f0f4f0f4f0f5f0f5f0f5f0f5f0f5f1f5f1f5f1f5f2f4f2f4f3f4f3f4f4f4f5f4f5f4f6f4f7f5f7f5f8f4f9f4fdfbfffe000000000000fefffbfef2fcf2fcf2fbf2faf2f9f1f9f1f8f1f8f1f7f0f6f0f6f0f5f0f4f0f4f0f4f1f4f1f4f1f4f0f3f0f3f0f3f0f4f0f4f0f4f0f4f0f4f0f3f0f3
1711,249101815,-43,11,256,1,27,0,b6600b00f8ecfbf2fef801fe050408090c0d10111313161518161916191518131611120e0e0b0a0705030000fbfcf7f9f3f7f0f5eef3fbfc000000000000000000000000000000000000000001040008fe0cfd11fb15fa18f91bf81df81ef81df81bf917fa13fa0dfb08fc01fcfbfcf4fceefbe9fae4f9e1f7dff6def6def6dfb20003ee03ee03ee02ee02ee02ee02ee01ee01ee01ee01ee00ef00ef00ef00ef01ef01ef01f001f001f102f102f202f202f202f303f303f404f401fb00feff000000ff00fffe00fb00f301f301f302f202f203f103f103f104f004f005f005ef05ef05ef05ef05ef05ef05ef05ef05ef05ee04ee04ee04ee04ee04ee04ee04ed
1712,249123988,-44,11,256,1,27,0,b6600b00e8feeffef6fefdfd05fc0cfb12f917f71cf41ff221f121f020ef1ff01cf118f313f60df907fc01fffb03f605f108ee0aeb0bfa0200000000000000000000000000000000000000ff040006030a060e09120d150f171219131a13191317131411100e0c0b06070104fb01f4feeefce8fae3fadff9dcf9dbfadafbdbfbbb00f0f5eff5eff5eff5eff5eff6eff6eff6eff6eff7eff7eff7eff7eff7eff7eff7eff6f0f6f0f6f1f6f1f6f2f6f3f6f4f6f4f6f5f6f6f5f6f5fcfcfffe000000000000fefffbfef4fbf4faf4f9f4f8f3f8f3f7f3f7f2f6f2f6f2f5f2f5f2f5f2f4f2f4f1f4f1f4f1f4f1f4f1f4f1f4f0f4f0f4f0f4f0f5f0f5eff5eff4eff4
1713,249125846,-44,11,256,1,27,0,b6600b0010f00cf407fa0300ff06fc0cf912f717f61cf620f623f624f723f821f91efa1afb14fc0efd07fe00fffa00f501ef01eb02e800f9000000000000000000000000000000000000ff00fc02f802f302ee02ea02e602e203e003df03e002e102e502e901ef00f5fffbfd02fb08f80ef513f317ef1aec1cea1ce91ce81be8b70012fa12fa13fa13fa12fa12fa12fa12fa12f912f911f811f811f811f911f911f911f911fa11fb10fb10fc0ffc0ffc0efc0efd0efe0eff0eff05ff0100ff00ff00ff0001ff04fd0bfa0cfb0cfb0dfc0dfc0efc0efc0ffc10fd10fd11fd11fd12fd12fd12fd12fd12fd12fd12fd12fd12fc12fc12fc12fc13fb13fb13fb13fb
1714,249138899,-43,11,256,1,27,0,b6600b00f5eaf8f0fdf601fc06010c06110a160d1a0f1e1021112210210f200e1d0c180a13080d0506030001fafff4fdeffcebfbe8faf9fe00000000000000000000000000000000000000000103ff07fd0cfa10f915f719f61cf51ef51ff51ff51df61af815f910fa09fb03fbfcfbf5faeef9e8f7e3f5dff4ddf2dcf1dcf1ddb100feebfeebfeebfeebfeebfeebfeebfdebfdebfdebfdecfdecfdecfdecfdecfdecfeecfeedfeedffeeffee00ef00ef01f001f002f102f103f201fb00feff0000000000fffefefbfcf2fdf2fef2fef1fef1fff0ffefffefffee00ee00ed01ed01ed01ec01ec01ec01ec01ec01ec01ec00ec00ebffebffebffebffeb00eb00eb
1715,249147462,-43,11,256,1,27,0,b6600b00e9faf0fbf7fcfefc06fc0dfb13fa19f81df620f422f222f121f11ff11cf318f412f70cf906fc0000fb03f606f109ee0beb0cfa0300000000000000000000000000000000000000000401060408090b0d0d1110151118131a131a131a11180f160c12090e0409ff05f900f4fceef9e9f6e4f4e0f4ddf4dcf4dbf5dcf6b800f6eff5eef5eef5eef4eef4eef4eff5eff5eff5eff5eff4eff4eff4f0f4f0f5f0f6f0f7f0f7eff7eff7f0f8f1f9f1faf2fbf2fbf2fcf1fdf1fffafffe000000000000fefffcfcf5f6f6f5f6f5f6f4f7f4f7f3f7f2f7f1f7f0f6f0f6f0f6eff7eff7eff7eef7eef7eef7eef6eef6eef6eef6eef6eef6eef5eef5eef5eef5ee
1716,249147901,-43,11,256,1,27,0,b6600b00f414f70efa07fc00fef9fff2ffebffe5fee0fdddfcdbfbdafadbfaddfbe1fbe5fcebfdf2fff800ff0205030a040f06130616010500000000000000000000000000000000000000ff02fc06fb0bfa10f814f718f61bf51df41ef41ef41cf519f715f810fb0afe0401fe05f90af50ef113ee17ec1beb1deb1feb20ed1fb800ee09ee09ee0aee0aee0aee0aef0aef0aef0aef0aef0bef0bef0bf00bf00af00af009f009f008f008f107f107f206f206f205f204f204f203fb01fe0000ff00ff00fffe01fc03f508f508f407f307f307f207f207f107f007ef07ef07ef07ee07ee06ee06ee06ee06ed07ee07ee07ee07ee08ee08ee08ee09ed09ed09ed09
1717,249163827,-43,11,256,1,27,0,b6600b00ee0ff30bf805fcff00f903f306ed07e708e209de09dc08da07db06dd05e004e504eb03f102f801ff0005ff0bff10ff14fe17ff0600000000000000000000000000000000000000ff03fd07fd0cfe11fe16fe1bfe1efe20fe21fe20fe1eff1bff16ff11ff0a010302fd04f607f109eb0ce70fe412e315e216e217e417b100ec01ec01eb01eb01eb01ec02ec02ec02ed02ed03ed03ed04ec04ed04ed04ed03ed03ed02ed02ee01ee01ef01f001f000f100f1fff1fef1fefafffeff000000ff00fffe00fb00f202f201f200f100f1fff1fff0ffefffeffeeefeeefeedfeedfeedfdedfdedfdedfdecfdecfeecfeecffecffecffecffec00eb00eb00eb00
1718,249172919,-43,11,256,1,27,0,b6600b00eb06f104f701fdfd02fa07f60cf20fed11ea13e713e413e312e411e50fe70ceb0af007f504fa01fffe05fb09fa0df811f713fd0500000000000000000000000000000000000000ff03ff06010a030f0513071609190b1a0b1b0c1b0b190b160a12080d0608050204fb03f502ef02ea02e503e205e006de07de08df08b600eefdeefdedfdedfdedfdedfdeefdeefeeefeeefeeeffeeffeeffeeffeeffeefeeffeeffeeffdf0fdf0fdf1fdf1fdf2fcf3fcf3fcf3fbf4fbfbfefeff000000ff0000fe00fbfff3fff3fef3fef3fdf2fdf2fcf2fcf1fcf1fbf0fbf0fbf0fbeffaeffaeffaeffaeffaeffaeffaeffaeefbeefbeefbeefceefceefcedfcedfc
1719,249178379,-43,11,256,1,27,0,b6600b00f112f50cf906fc00fff902f204ec05e605e105dd04da04da03db03dd02e002e501ea01f101f800fe0005000b00100014ff17ff0600000000000000000000000000000000000000ff03fc07fb0cfa11f916f81af71df71ff620f61ff61df71af815fa10fc0afe0301fd05f708f20cee10ea14e817e61ae61ce71ce81cb600ee09ee09ee09ee09ee09ee09ee0aef0aef0aef0bf00af00af00af00aef0aef0aef0af009f009f108f107f107f106f106f205f205f204f203fb01fe0000ff00ff00fffe00fc02f407f406f306f206f206f106f106f006f006ef06ee06ee05ed05ed05ed05ed05ed05ed05ed06ed06ed07ed07ed08ee08ee08ed08ed08ed08
1720,249185166,-45,11,256,1,27,0,b6600b00ee07f204f801fdfd01f905f408ef09ea0ae60ae30ae009df08df07e106e305e804ed03f303f902000206010c011100160019ff0600000000000000000000000000000000000001ff06ff08020a060d0a0f0e1111131314141415131412130f110c0e090b0408ff05fa02f501f000ebffe700e401e203e105e106e207b300effbeffbeefbeefbeefceefceefceefdeefdeefdeefdeefdeefdeefdeefdeefceefceefceefbeefaeffaeff9f0f9f1f8f1f7f2f7f2f6f3f5fbfcfefe000000000000fe00fafff0fef0fdf0fcf1fbf1fbf1faf1faf1f9f0f9f0f8f0f8f0f7f0f7f1f7f1f7f1f7f1f7f1f7f1f7f1f7f1f7f0f8f0f8f0f9f0f9eff9eff9eff9
1721,250438743,-44,11,256,1,27,0,96600900150710050a040303fd04f605f007eb09e70ce40fe211e113e114e314e512e810ec0df108f604fbff00fa05f509f10dee10eb04fa000000000000000000000000000000000000fe00fbfffbfbfcf6fdf1fdecfde8fee4fee2fde1fde1fde2fde5fee9ffee00f301f904fe07030a080e0c120e161019111c101d0f1e0ead00151c161d161d171d181d181c191c191b191b191b191b1a1b1b1b1b1c1a1d191d171e161f15201421132111210f210d210b22082305240324010dff04fffefefeffff020108061811171316141516141712181219111b111c111d111d101e101e0f1f0e1f0e200e200e200f1f0f1f0f1e101e111e121e131e131e141e151e
1722,250456119,-44,11,256,1,27,0,36655300f313f60ef908fc02fefcfff5ffeefee9fde4fbe0f9ddf8dcf7dcf7ddf8dff9e3fbe9fceffef501fc03020509070e09140917020600000000000000000000000000000000000000fe01fb05fc0afd10fe14ff18001b011e011f011e011d011a01160111010b010502ff04f906f408f00bec0fe912e815e817e919ea19bc00f007ef08ef08ef09ef09f009f00af00af10af10bf10bf10bf10cf10cf10cf00bf00bf00aef0aef09ef09ef08ef08ef07ef06ee05ee04ee03f900fd0000ff00ff00fffe00fb02f207f106f105f104f004f003f003ef03ef02ee02ee02ee02ee01ee01ee01ee01ee01ee02ee02ee03ee03ef03ef04ee04ee05ee05ee06ee06
1723,251331885,-44,11,256,1,27,0,36644300eff1f4f5f9f9fffc06fe0cff120018001cff20fd22fc24fb23fa22f91ffa1afa15fc0ffe08ff0102fb04f506ef07ea08e709f902000000000000000000000000000000000000010004030207000cfe11fc15fa19f91cf81df81ef81df81cf919fa14fb0ffb0afb04fafdf9f7f8f2f5edf3e9f0e7ede5ebe5eae6e9e7ac00fceefcedfcedfbedfbedfaedfaeefaeefaeef9eef9eef9eef9edf8edf9edf9edfaedfaedfbedfbedfcedfdedfdeefeee00ee01ee02ee03ee01f900feff0000000000fffefdfafaf0fbf0fcf0fdf0feeffeefffefffee00ee00ee00ed01ed01ee01ee02ee02ed02ed01ee01ee00ee00ee00ee00eeffedffedfeedfeedfded
1724,251344242,-44,11,256,1,27,0,36655300ed0af207f704fcff01fa05f407ef09ea0be50be10bde0adc09dc09de08e107e506ea04f103f702fe0105ff0cfe12fd17fc1aff0600000000000000000000000000000000000000ff04fc07ff0b020f051308160b190d1a0e1b0e1a0e180d160c120a0d0808060204fc03f602f002eb03e604e306e108e00ae00ce10cae00eefdedfdedfdedfeedfeedfeedffedffed00ed00ed00ed00ec00ec00ec00ecffecffecfeecfeedfdedfdeefceefbeffbeffaeff9f0f8f0f7fafcfefe000000ff0000fe00fa00f0fff0fef0fdf0fcf0fcf0fbf0fbf0faf0faf0f9f0f9eff9eff8f0f8f0f8f0f8f0f8f0f8eff8eff9eff9eff9effaeefaeefbeefbeefbedfb
1725,251358963,-44,11,256,1,27,0,9660090012f80dfa08fd0301fe06fb0bf810f615f419f41df41ff521f621f720f81df919fa14fb0efc07fd00fdf9fef3ffeeffe900e600f9000000000000000000000000000000000000fe00fb01f8fef6faf3f6f1f2eeefededebebebeaebeaecebeeedf1f0f5f3f9f7fefa03fc09fe0eff14ff18fe1cfd1efc20fb20f91ff8ab00110111011201120012001200120012ff12ff11fe11fe12fe12fe12fe12fe12ff12ff120012001201110211021003100310040f050f060f0705020100ffffff00ffff01ff05ff0e000e000e010e020e030e030f040f040f050f050f060f060f060f070f070f060f060f060f060f0610051005100410041104110311031103
1726,251360819,-44,11,256,1,27,0,96600900ed0bf208f703fcfefff902f304ed05e806e305df04dc03db03db02dd02e001e401ea02f002f702fe0305040c04120517041a010600000000000000000000000000000000000000ff04fd07ff0a030e07110a140d160f1811191118111710150f110c0d0a08070205fc04f603f003eb03e605e307e109e00be00de10eb100ed01ed01ec01ec02ec02ed02ed02ed03ed03ed04ed04ed04ed04ec04ec04ec03ec03ec02ec01ec00ed00edffedfeeefeeefdeefceefbeffaf9fdfeff000000ff00fffe00fa01f003f002f001f000ef00efffefffeffeeffeeefdeefdeefceefceefceefceefceefceefceefceefcedfdedfdedfeedfeedffedffedffecff
1727,251390159,-44,11,256,1,27,0,b6600b0015fd0ffe09000202fc05f708f20cee10eb14e917e81ae81ce91cea1bec19ef15f210f60bf905fdff01f904f307ef0aeb0de803f9000000000000000000000000000000000000fe00fb01f9fdf6f8f4f3f2eff0eceee9ede7ede6ede7eee8f0eaf3eef6f2faf6fffa04fe09000f03140518051c051f04210322012200b4001008100811071107110711071106110611051105110511051205120512061206110711071107100810080f090e090e0a0d0b0c0b0b0c0b0d03040101ffffffffffff010005010f040e040e050e060e070d080d080d090d090d0a0d0a0d0b0d0b0d0b0d0b0d0b0d0b0d0b0d0b0d0b0d0a0e0a0e0a0f090f090f090f091009
1728,251397505,-44,11,256,1,27,0,b6600b0015fe0ffe09000302fc05f708f20cee10eb14e917e81ae81ce91ceb1bed19ef15f210f60bf905fdff00f904f407ef0aeb0ce803f9000000000000000000000000000000000000fe00fa00f9fdf6f8f4f3f2eff1ebefe9eee7eee6eee6efe8f1eaf4eef7f2fbf6fffa04fe09010e03130518061c051f05210321022101ab000e0a0e0a0f0a0f0a0f0a0f090f090f08100810081008100810081108100810091009100a0f0a0f0b0e0b0e0b0d0b0c0c0b0c0a0d090e090e03050001ffffffffffff010004020d070d080c090c090b0a0b0b0b0b0b0c0b0c0b0d0b0d0b0d0a0d0a0e0a0e0a0e0a0e0a0e0a0d0b0d0b0d0b0c0c0c0c0c0d0c0d0c0e0c0e0c
1729,251430973,-44,11,256,1,27,0,b6600b000114000eff08fd02fafbf7f6f3f1efedeceae9e8e6e7e4e7e4e9e5eae7edebefeff3f5f6fafa00fe06010b050f08130b160d0503000000000000000000000000000000000000fffefffa03f808f60cf310f114f017ee18ee19ed19ee18f015f211f50df809fc05000105fe0afb0ffa14f919f91dfa20fb21fc21fd21b400fa10fa11fa11fb11fb11fb11fc11fc11fd12fd12fd12fd12fd12fd12fd12fd12fd12fc12fc11fb11fb10fa10f910f90ff80ff70ef70ef60dfc04fe0100ff00ff00ffff01fe05fc0ffb0ffa0ef90ef80ef80ef80ef70ef70ef60ef50ef50ef50ef50ef50ef50ef50ef50ef50ef60ef60ef70ff70ff70ff80ff810f810f710
1730,251432557,-44,11,256,1,27,0,b6600b00ed09f206f803fdfe01f905f408ee0ae90be40be10ade09dd09dd08df07e206e605eb04f202f801ff0006ff0cff12fe17fd1aff0600000000000000000000000000000000000000ff04fd08ff0c030f061309160c180e19101a101910170f150e110b0c0907070105fb03f502f002ea02e604e206e007df09e00be10bbc00eeffedffedffed00ed00ed00ed01ee01ee02ee02ee02ed03ed03ed03ed03ed02ed02ed01ed01ed00eeffeeffeefeeffeeffdeffceffbeffafafdfeff000001ff0000fe00fa00f000f0fff0fef0fdf0fdf0fceffceffbeffbeffaeffaeffaeff9eff9eff9eff9eff9eff9effaeffaeffbeefbeefbeefceefceefdedfdedfd
1731,251434608,-43,11,256,1,27,0,b6600b00f1eff5f3faf800fc06000c03110617081b091e0921092209220820071d06180513040d0207010000fbfff5fef1feedfdeafdfaff000000000000000000000000000000000000000002030206020b021002150219021c021e021f011f011d001a0015ff10fe0afd04fbfdf8f7f6f1f3edf0e8ede5ebe4eae3e9e3e9e4bc00fcedfcedfcedfcedfbedfbedfbedfbedfbeefaeefaeefaeefaeefaeefbeefbeefbeefceffceffceffdf0fdf0fef1fef1fff2fff200f200f300fb00fe000000000000fffefefbfbf4fbf3fbf3fcf2fcf2fcf1fdf1fdf0fdeffdeffdeefeeefeeefeeefeedfeedfeedfeedfeedfeedfdedfdedfdedfdedfcedfcedfcecfcec
1732,251442318,-43,11,256,1,27,0,b6600b00120c0d0907060003fa01f3ffedfee8fee3fedffeddffdcffdc00de00e201e600ec00f200f8fffeff04fe0afd0efd12fc15fc05ff000000000000000000000000000000000000fffffdfdfcfafbf5faf0f9ecf8e8f8e5f7e2f7e1f7e2f8e3f9e6faeafceffef501fa040008050b0a0f0f1312171419151b161c151c15b100051105120512051205120512051105110511051105110511051105110511041104100310031002100210010f010e000eff0dff0dfe0dfd0dff04ff01ffffffffffff00010203060a060a060b050b050c050c050d050e050f040f041004100410041003110311031103110411041104110411041104110512051205120512
1733,251461105,-43,11,256,1,27,0,b6600b00fde9feef00f602fc050308090c0e0f12121515171718191819171815161313100f0d0a0905050001fbfef6fbf2f8eff6ecf5fbfd00000000000000000000000000000000000000000003fd05f908f50bf20fef12ed14ec16eb17eb16ec15ee13f110f40cf707fa01fdfbfff501ef01ea02e501e001de00dcffdcfedcb20006ee06ed06ed06ed05ed05ed05ed04ed04ed04ed04ed04ed03ee03ee04ee04ee04ee04ef04ef05f005f005f105f105f205f306f306f406f402fb00feff00ff00ff0000fe00fb02f403f303f304f304f305f205f206f106f107f107f008f008f008f008ef08ef08ef08ef08ef08ef07ef07ee07ee07ee07ee07ee07ee07ed
1734,251464195,-43,11,256,1,27,0,b6600b00e904ef02f600fcfd03f908f60df211ed14ea16e716e416e315e313e411e70eea0bef08f404fa01fffe05fb0af90ef812f714fd0500000000000000000000000000000000000000ff03ff060209050d09100c130f161118121913191317121510110e0d0b07080105fb03f501ef00e900e400df01dd02dc03db03dc04b900edfbedfbecfbecfbecfbecfbedfbedfcedfcedfcedfcedfcedfcedfcedfcedfceefbeefbeffbeffaf0faf1faf1faf2faf3faf3f9f4f9f4f8fbfdfeff000000ff0000fe00fb00f200f2fff2fef2fef1fdf1fdf1fcf0fceffbeffbeffaeefaeefaeef9eef9eef9eef9eef9eef9edf9edfaedfaedfaedfaedfaecfaecfaecfa
1735,251465207,-43,11,256,1,27,0,b6600b00fa16fb10fc09fc01fbfafaf4f8eef6e8f4e4f2e1f0dfefdfeee0efe2f0e5f2e9f5eef8f4fcf900fe040307070b0b0d0e0f100404000000000000000000000000000000000000ffff01fc04fb09f90df712f516f419f21bf11cf01bf11af217f314f50ff80afc06000105fd0af90ff614f519f41df320f322f422f521b900f30ff30ff30ff310f310f40ff40ff40ff40ff50ff50ff50ff50ff50ff50ff50ff50ff50ef50df50df50cf50bf50bf50af50af509f508f508fc02fe0000ff00ff00ffff01fd04fa0bf90bf80bf70bf70bf60bf60cf50cf50cf40cf40cf30df30df20df20df20cf20df20df20df20df20ef20ef30ef30ef30ff30ff20ff20f
1736,251467011,-43,11,256,1,27,0,b6600b00eb03f001f7fffdfd02fa08f70cf30fef12ec14e914e714e613e611e70fe90dec0af007f504fa01ffff04fc09fa0df910f813fe0400000000000000000000000000000000000000ff03ff050208060b090d0c100f1211141215131513141211100e0d0b0a06080105fb02f601f0ffebffe6fee3ffe000df01df02e002af00eff9eff9eff9eff9eff9effaeffaeffaeffaeffbeffbeffbeffceffceffcf0fbf0fbf0fbf1faf1faf1faf2faf3fbf3fbf4faf4faf5f9f5f9fcfdfeff000000000000fefffcfef4fcf4fcf4fbf4faf4faf4faf3f9f3f9f3f8f2f8f2f7f2f7f2f7f1f7f1f7f1f6f1f6f1f6f1f7f1f7f1f7f0f7f0f7f0f8f0f8eff8eff8eff8
1737,251481162,-43,11,256,1,27,0,b6600b00160b0f0808050103f902f100ea00e400df01db02d803d804d805db05de04e304e903f002f700feff05fd0bfc10fb15fa18f906fe000000000000000000000000000000000000fffffbfefafaf8f4f6eff4eaf3e6f2e3f1e0f0dff1e0f2e1f4e5f6e9f9eefcf401fa05000a050f0a140e19121d142015221523142213ba000b110b120b120b120b120b120b110b110b110b110b110a110a110a110a110911091108110811071106100610050f040f030f020f010e010e0005ff01ffffffffffff010004020b070b080b090b0a0b0b0b0b0b0c0b0d0b0e0b0e0b0f0b100b100b100a110a110a110a110a110a110b120b120b110b110b110b120b120b12
1738,251481380,-43,11,256,1,27,0,b6600b00f1eef5f3faf800fc06000c03120617081b091f0921092208220820071d06190413030d0207010000fa00f5fff0ffecfee9fefaff000000000000000000000000000000000000000002020106000b0010ff15ff19fe1cfe1efe1ffe1ffe1dfe1afe15fe10fd0afc04fbfdf9f7f7f1f4ecf1e8efe4ede3ebe2eae2eae3b500fdedfdedfcecfcecfcecfcecfcedfcedfcedfbedfbeefbeefbeefbeefbeefceefceefceefdeefdeffeeffef0fef0fff1fff100f200f201f200fb00fe000000000000fffefefbfbf4fcf3fcf3fdf2fdf2fdf1fef0fef0feeffeefffeeffeeffeeffeeffedffedffedffedffedffedfeedfeedfeedfeecfeecfdecfdecfdec
1739,251492693,-44,11,256,1,27,0,b6600b00edf9f2faf8fcfefc04fc0afa0ff813f617f319f11aef1aed19ed18ed16ee13f10ff40af806fc0201fe05fa0af60df311f113fc04000000000000000000000000000000000000010004020305020a010f011300160019001b001b001b001a0017ff13ff0efe09fc04fafff8fbf5f6f1f3eef1ebefe8efe6f0e6f1e6f2b100e9e7e8e7e7e7e7e8e7e8e7e9e6e9e5eae5eae5eae4ebe4ebe4ebe4ebe4eae4e9e5e9e5e8e6e7e7e7e9e6eae6ece6ede5efe5f0e4f2e3f4e2fbf5fffc000001010000fdfef7f9e9eeeaedebebedeaede9eee8eee7eee6efe5efe4f0e4f0e3f1e2f1e2f1e2f1e2f1e3f1e3f0e3f0e3efe3eee4eee4ede5ece5ece5ebe4eae4
1740,251505656,-44,11,256,1,27,0,b6600b000df20af606fa03000005ff0bfe11fe16fe1aff1d001f01200220031f031c02180113000dff07fd01fcfbfbf5faf0f9ebf9e8fef9000000000000000000000000000000000000ff00fc03f901f5fff0fcedfbe9f9e7f8e5f7e4f7e5f7e7f7e9f8edf9f2faf7fbfcfc02fc07fb0cf911f715f517f219f01aef19ed18edb6000ffa0ffa0ff90ff90ff90ff90ff80ff80ef70ef70ef70ef70ef70ef70ff70ff70ff70ff80ff80ff90ff90ffa0ffb0ffb0ffc0ffd0ffe0fff05ff0100ff00ff00ff0001ff04fd0cfa0dfb0dfc0dfc0efd0efd0efe0ffe0ffe0fff0fff10ff10ff10001000100010ff0fff0fff0fff10fe10fe10fd10fd10fc10fc10fc10fc
1741,251506984,-44,11,256,1,27,0,b6600b00100d0b0906060003f901f300edffe700e201de02dc03dc05dc05de06e105e504eb03f101f7fffefd05fb0bf910f815f718f606fd000000000000000000000000000000000000fefffbfcfcf8fef300ee02ea03e604e305e105e005e105e304e604eb03f003f603fc04020608080d0b120e161118131a161a17191718b300090f090f0a0f0a0f0a0f0a0f0a0f0b0f0b0e0b0e0b0e0b0e0b0e0b0e0b0f0b0f0b0f0a0f090f090f081007100610051005100310021001100006ff01ffffffffffff010104030b0a0a0b090c080d080d080e070e070f070f060f061005100511051105110511051105100510051006100610071007100710071007100810
1742,251513037,-44,11,256,1,27,0,b6600b00fbecfcf1fef701fe050408090d0e1111141418151b161c161c151b141912150f100c0b080504ff01fafdf5faf0f7ecf4e9f1fafc00000000000000000000000000000000000000010106fe08fa0cf60ff211ef14ec15ea16ea16ea15ec14ee11f10ef40af705fafffefa00f402ee03e903e502e101dfffdefeddfddebb0009f009f008ef08ef08ef07ef07ef06ef06ef06ef06ee06ee06ee06ee06ee06ee07ef07ef08ef08f009f009f109f109f20af30bf40cf40df504fc01feff00ff00ff0000fe01fa04f005f006f107f108f109f209f20af20af20bf20bf20cf20cf20cf30cf30cf30cf30cf30cf30cf30bf20bf20bf20bf10af10af00af00af0
1743,251516125,-44,11,256,1,27,0,b6600b000c10080b0406ff02f9fef3faedf8e8f6e3f6dff6ddf6dcf7dcf8def9e1fae5fbebfcf1fcf8fefffe06ff0c00120117021a030601000000000000000000000000000000000000fefffbfbfdf700f202ee04e906e608e309e209e109e209e408e807ec06f105f704fd0404040a050f061508190b1c0d1e0e1e0f1e101dae0000110012001201120112011202120212021102110212021202120212021202120112011200120012ff12fe11fd11fd10fb10fa10f90ff80ffd05ff0100ffffffffff00010105040f030f020f01100010ff10ff10fe11fe11fd11fd11fc11fc11fb11fb11fb11fb11fc11fc11fc11fd11fd11fd11fe11fe12fe12fe12fe12
1744,251524624,-44,11,256,1,27,0,b6600b000cef08f405fa02000007ff0dfe13ff19001e01210223042405240522051e041a0314010e0007fe00fdf9fbf3faedf9e8f8e5fef9000000000000000000000000000000000000ff01fc05f703f202ed00e9ffe5fee2fde0fce0fce1fce3fce6fcebfcf0fcf6fcfcfb03fa09f80ef613f416f019ed1aeb1ae919e817e7b60012fd12fc12fc12fb12fb12fa11fa11fa11fa11f911f911f811f811f811f911f911fa12fb12fb12fb12fc11fc11fd10fe10ff10001101110206010100ff00ff00ff0001ff05fe0ffb0ffb10fc10fd10fe10ff10ff110011001201120112011201120212021202120212021201110111001100120012ff12ff12fe13fe13fd
1745,251540563,-44,11,256,1,27,0,b6600b00f8ecfaf2fdf702fd06020c07110a160c1a0e1e0e210e220d220c200b1d09190813060d040602ff01f8fff2feedfde8fbe5faf9fe00000000000000000000000000000000000000010205ff08fa0cf60ff312ef15ed17eb18eb18eb18ec16ee13f10ff40bf706fa00fcfafef4ffeeffe9fee4fde1fbdefaddf8ddf8deb70005ee04ed04ed04ed03ec02ed02ed02ed01ed01ed01ed00ec00ec00ec00ec01ec01ec01ed02ed02ed03ed03ee04ee04ef05ef06f007f008f003fa01feff00ff01ff0000fe01fa03ef04ef05f005f006f007f007f008f009f009f009f00af00af00af00af00af00af00af009f009f009ef08ef08ef07ef07ee07ee06ed06ed
1746,251543403,-44,11,256,1,27,0,b6600b00f00df409f904fdfe00f803f205ec05e705e205df04dc03db02dc01de01e100e501eb01f101f801ff0106010c02120217011a000600000000000000000000000000000000000000fe04fb08fd0dff1102160419061c081d091e091d091b09180813070e0608050204fc04f605f006eb08e60ae40ce20fe211e212e412b900ee02ed02ed03ed03ed03ed04ee04ee04ee05ee05ee05ee05ee05ee05ed05ed04ed04ed03ed02ed02ed01ee00ee00efffeffeeffdeffceffbfafefeff000000ff00fffe01fa02f107f006f005f004ef03ef02ee02ee01ed01ed00ed00edffedffedffedfeedfeedfeedfeedfeedffedffedffed00ed00ed00ed01ed01ed01
1747,251729039,-41,11,128,1,27,0,1ee00100f111f50cf906fd0000f903f305ed07e708e208df07dd07dc06dc05df04e203e603eb02f100f700feff04fe09fe0efd13fc15ff0500000000000000000000000000000000000000ff03fc06fb0bfa10f915f819f71cf61ff61ff61ef71cf81af915fa0ffc09fe0301fd04f708f20bed0fe913e716e618e619e61ae71a
1748,251781714,-41,11,128,1,27,0,1ee00100ea10ef0df408f903fffd03f807f20bec0ee70fe310e010df10de0fe00de20ce50ae908ee05f402faff00fc05fa0af80ef611fd04000000000000000000000000000000000000fffffefd02fd07fc0cfb12fb16fa1bfa1efa20fa20fb1ffb1dfc1afc14fd0fff08000203fb05f507ef0aea0de610e312e214e115e016
1749,251797486,-41,11,128,1,27,0,1ee00100f20ef60afa05fdfffffa01f403ef03ea04e604e303e102e001e101e301e600e900ee00f300f900fe00040109010d02100212000400000000000000000000000000000000000000ff02fd06fd0afd0efd12fd16fd19fd1bfd1cfc1bfd19fd16fd13fe0eff09000302fe04f906f409f00cec0fea11e913e915e916ea16
1750,251799622,-41,11,128,1,27,0,1ee00100ffebfff000f702fd04030609080e0b120e151017121813181317121510130e100b0d07090305ff01fcfdf8faf5f7f3f5f1f3fcfc0000000000000000000000000000000000000000ff03fd05fa08f70bf40ef210ef13ee15ee15ee15ef13f111f30ef60af905fb01fefc00f601f102ec03e703e302e201e101e001e0
1751,252221396,-28,11,128,1,27,0,14400141a722a533ac3aa9309d289d21a71baa1aa71bb117c014c81cd124d527d331d439d53bd538d231d132cd2bc622c923cf1fce15f304000000000000000000000000000000000000f300d3ffdcfcd9f8cbf2c9f4cdf4d2f0d9f5d8f9cdf8b5f9a4f4a4efa7eea6ec9ee69ce2a2e7aae7b3e0b3e0afe7b0f0acf3aef7b601
1752,252491227,-44,11,256,1,27,0,96600900fbeafcf0fef601fc040308080d0d1110151319141c151d151d151c131a11160f120c0c0906050001fafef5fbf0f8ebf5e9f3fafc00000000000000000000000000000000000000000204ff07fa0af60df210ef13ec15ea16ea16ea16eb14ed12f00ff30bf606fa01fdfbfff601f002ea02e602e200dfffddfdddfcdeb80005ee05ee05ee04ed04ed04ed03ed03ed03ed02ed02ed02ed02ed03ed03ed03ed04ed04ed04ed05ee05ee06ef07ef07f008f009f10af20bf204fb01feff00ff00ff00fffe00fa01f002f003f004f005f005f006f006f007f007f008f008f009f009f009f009f009f009f109f009f008f008f007ef07ef07ef07ef07ee06ee
1753,253235173,-44,11,256,1,27,0,166331000f0f0a0b06070003fa01f4ffeefee8fde3fddffeddffdb00db02dd02e002e402ea01f000f7fffdfe04fc0afb10fa15fa19f906fe000000000000000000000000000000000000fefffbfcfdf8fff302ef04ea05e706e407e208e108e208e407e706eb05f004f504fb04020508060d09120b160e19101b121c141b151aab0005110611061106110611071107100710081008100810081008100810081107110711061106110511041103110311021101110011fe11fd10ff06ff01ffffffffffff01010304080d070d070e060e050f040f0410041003100311021102110211011101110111011101110111011102110211031103110311041104110411
1754,253240519,-44,11,256,1,27,0,16633100f110f50cf807fc00fefa00f300ed00e7ffe2fedefddcfbdafadbfadcfadffbe4fce9feeffff601fd0304050a071008150919020600000000000000000000000000000000000000fe03fb07fd0cff1101150319051c061e071e081e081c081907150610050a040404fe04f805f207ed09e90ce60fe412e414e416e516b500ee04ed05ed05ed06ed06ee06ee07ee07ee07ee08ee08ee09ee09ee09ee08ee08ee07ed07ed06ed06ed05ed04ee04ee03ee02ee01eeffeefef9fffeff00ff00ff00fffe00fa02f006f005f004f003ef02ef02ef01ee01ee00ee00ed00ed00edffedffedffedffedffedffed00ed00ed00ed01ed01ed02ed02ed03ed03ed03
1755,253240809,-44,11,256,1,27,0,3663330003ea02ef02f602fc0403060a08100b150e19111c141d161d161d161b141912150e11090c0407ff02fafef6f9f1f5eef1ebeefafb0000000000000000000000000000000000000001ff05fb05f506f007eb08e708e409e209e109e109e308e607ea06ef04f401f9fefffb03f607f20aed0ce90de50ee20de00bdf0adfae000bf00af00af00aef0aef09ef09ef08ef08ef08ee08ee07ee07ee07ee08ee08ee08ee09ee09ef0af00af00af10bf10bf20cf20df30df40ef505fc01ffff00ff00ff0000fe02fa08f208f209f30af30bf30bf40cf40cf40cf40df40df40ef40ef50ff50ff50ef50ef50ef50ef40ef40df40df30df30cf20cf20cf20cf10cf1
1756,253336923,-44,11,256,1,27,0,166331000315020f0009fd03fafdf6f7f1f3ecefe8ece4ebe1eae0ebdfece1eee3f0e7f2ecf4f2f7f9fafffd06000c021105160719090602000000000000000000000000000000000000fffefefa02f807f50cf210f014ee17ed18ec19eb19ec18ee15f012f30ef609fb05ff0205ff0afd10fc15fc1afc1efd21fe2300230123ae00f610f610f611f711f711f811f811f911f912f912fa12fa12fa12fa12fa12fa12f912f912f811f811f811f710f70ff60ff60ef50ef40df30cfb04fe0100ff00ff00ffff01fd05f80ef70ef60df60df50df40df40cf30cf30df20cf20cf20cf20cf10cf10cf10cf10cf20cf20cf20cf30df30df30ef40ef40ef40ff40ff40f
1757,253347671,-44,11,256,1,27,0,1663310010f10cf508fa04ff0105fe0cfd12fd17fd1cfe20ff230024012401230120011b0016ff0ffe09fd02fcfbfaf4f9eff8e9f8e6fef9000000000000000000000000000000000000ff01fc03f801f4fdeffaebf8e8f5e5f3e4f2e3f2e3f2e5f3e7f4ebf6f0f8f5f9fcfa02fb08fb0efa13f918f71bf41df21eef1dee1cecb00012fc12fc12fb12fb12fb12fa12fa12f912f911f911f911f811f812f812f912f912fa12fa12fa12fb12fc12fd12fd11fe11ff11001102110206010100ff00ff00ff0001ff05fe0ffb0ffc0ffd0ffd10fe10ff10ff11ff1100110011011101120112021202120212021202110111011200120012ff12ff12fe12fe13fe13fe
1758,253347891,-44,11,256,1,27,0,b6600b00f915fb0ffc09fc02fbfbfaf4f8eef6e9f3e5f0e2eee0ece0ece0ece2eee4f0e8f4edf8f2fcf701fd050209070d0c101012130405000000000000000000000000000000000000fffe00fa04fa0afa0ffa14f918f91bf91df91ff91ef91cfa1afa15fb11fd0bff05010004fb08f70cf310f114ef18ef1bf01ef11ff21fb800e317e218e218e219e319e319e41ae41ae51be51be61ce51ce51ce41ce41ce31be31ae219e117e116e014e013e012e010df0ede0cdd09dd07f302fc0001ff01fe00fffe03f909ed19eb18ea17e815e614e513e413e312e212e111e111e010e010df10df0fdf0fde0edf0fdf0fdf10df10e011e012e113e114e115e015e016
1759,253348340,-44,11,256,1,27,0,b6600b00eb03f002f600fcfe01fb06f70af30def0feb11e711e510e310e30fe40de60be909ee07f304f902ff0005fe0bfc10fb14f917fe0600000000000000000000000000000000000001ff04ff06020707090b0a0f0c130d150e170e180e170d160c140a11070d04090005fc02f7fff2fdedfbe9fbe5fbe2fce1fee1ffe100ae00e0f4dff4dff5def6def6def7def8def9def9defaddfbddfbdcfcdcfcdcfbdcfbddfaddf9ddf8def7def6dff6e0f5e1f3e2f2e3f0e4eee5edf6f9fdfd000001000000fcfff6fce4f6e5f5e5f3e6f2e6f1e7f0e7efe6eee6ede6ece6ece6ebe6ebe6eae6eae6eae6eae6ebe6ece5ece5ede4eee4eee3efe2efe1f0e0f0e0f1
1760,253361977,-43,11,256,1,27,0,b6600b000613040e0209fe03fafff6fbf1f7ecf5e8f4e4f3e1f3e0f4dff5e1f6e3f7e7f8ecf9f2fbf8fcfffc05fd0afe10ff150018000600000000000000000000000000000000000000fffefefb01f905f60af40df210f013ee15ed15ed15ed14ee12f00ff20cf608fa05fe02030008ff0efe13ff17001a011d031e041e051eb400fa10fa10fb10fb11fb11fc11fc11fd11fd11fd11fe11fe11fe12fe12fd12fd11fd11fc11fc11fb10fb10fa10fa0ff90ff80ef70ef60df50dfc04fe0100ff00ff00ffff01ff05fd0efc0efb0dfb0dfa0df90df90df80df80df70df70df70df70df60df60df60df60df60df70df70df70ef80ef80ef80ff80ff90ff910f910
1761,253509091,-44,11,256,1,27,0,b6600b00e9feeffef5fefcfc03fa09f70ff313ef16ec18e819e518e318e316e414e611ea0eee0af406fa0300ff06fc0cf911f616f419fc0600000000000000000000000000000000000001ff05000604060a070f08140818091b0a1d0a1e091e091c081906150410020bfe06fa01f5fdf1f9ecf6e8f5e3f4e0f5def6ddf8ddf9ae00f0f4f0f4eff4eff4eff5eff5eef6eef6eef6eef7eef7eef7edf7edf7edf6eef6eef6eef5eff5eff4f0f4f1f3f1f3f2f3f3f2f4f1f5f0f6f0fcfafffe000000000000fefffafdf1f8f1f7f2f6f2f5f3f5f3f4f3f4f3f3f3f3f3f2f3f2f4f1f4f1f4f1f4f1f4f1f4f1f4f1f4f1f3f1f3f2f2f2f2f2f2f3f1f3f1f3f1f3f0f3
1762,253511890,-44,11,256,1,27,0,b6600b000712050d0208fe03fafff5fbf0f9ebf7e7f6e3f6e0f6dff7dff8e0f9e3f9e7faecfbf2fcf8fcfffd05fd0bfd10fe15fe18ff06ff000000000000000000000000000000000000fffffefb01f905f609f30cf10fef11ed13eb13eb13eb12ec10ee0df10bf508f905fe03030108000e00120117021a041d061e071e081db700fe10fe11fe11fe11ff11ff11ff110011001101110111011101110111011100110011ff11ff11fe11fe10fd10fd10fc10fb0ffa0ff90ef80efd05fe0100ffffff00ff00010005000eff0efe0efd0efc0efc0efb0efb0efb0efa0ffa0ff90ff90ff90ff90ff90ef90ef90ef90ffa0ffa0ffa0ffb0ffb10fc10fc10fc10fc10
1763,253515808,-44,11,256,1,27,0,aee00a00f8eafaf0fdf601fb06010b051008160b1a0d1e0d210d230d230c220a1f091b0815070e0507040002f901f300edffe8fee4fdf8ff00000000000000000000000000000000000000010204fe07f90af50df110ee12eb14ea16e916e916ea15ec12ef0ff30bf607f901fcfcfef5fff000eaffe5fee1fcdefaddf8ddf7deb20005ed05ed04ed04ec04ec03ec03ec02ec02ec02ec01ec01ec01ec01eb02eb02eb03ec03ec04ec04ed05ed06ee06ee07ee08ef09f00af10bf104fa01feff00ff01ff0000fe00fa01ef02ef03f004f005f006f006f007f007f008f008f009f009f009f009f009f009f009f009f008ef08ef07ef07ee07ee07ee06ee06ed06ed
1764,253533642,-44,11,256,1,27,0,aee00a0015020f0208010102fb03f405ef08ea0ae60de310e212e114e214e314e612e910ee0cf308f804fdff03fb08f70cf310f014ee05fb000000000000000000000000000000000000fe00fa00f8fcf7f6f5f1f4edf2e9f1e6f1e4f1e3f2e3f3e5f5e8f7ecfaf0fdf500fa04ff09030e071309170b1b0b1e0b200b20092008b5000e0a0e0a0f0a0f0a0f090f090f0910091008100810081008100810081009100910090f0a0f0a0e0b0e0b0d0b0c0c0b0c0b0d0a0d090e080e02050001ffffffffffff010005010f050e060e070d080d090d090d0a0d0a0d0b0c0c0c0c0c0d0c0d0c0d0c0d0b0d0b0d0b0d0b0d0b0d0c0d0c0c0c0c0d0c0d0b0d0b0e0b0e0c
1765,253534196,-44,11,256,1,27,0,b6600b0013080e0508030102fa02f302ed03e805e306e008dd0add0bdd0cdf0ce20be60aeb07f105f702feff04fc0af90ff714f517f406fc000000000000000000000000000000000000fe00fafef9faf9f4f9eff8eaf8e6f8e3f9e1f9e0f9e1fae3fbe6fceafeeffff502fa050008050c0a100e141117121a131c131d111d10ad000a0e0a0f0a0f0b0f0b0f0b0e0b0e0b0e0c0d0c0d0c0d0c0d0c0d0c0e0c0e0b0e0b0f0b0f0a0f090f0810081007100610051004100310021100060001ffffffffffff010004030c0a0c0a0b0b0a0c0a0d090d090e080e080f080f071007100710071106110610061006100610071007100710081008100810091009100910
1766,253556493,-44,11,256,1,27,0,b6600b00ee0cf309f704fcff00f903f304ee05e806e305df04dc03db02db02dd01e001e401ea01f001f702fe0205030b03110316031a000600000000000000000000000000000000000000fe04fc07ff0c0210051408170a190c1b0e1b0e1b0e190d170c130a0e0808060205fc04f603f004eb05e707e309e10be10ee10fe210b400ed02ed02ed02ed02ed03ed03ed03ed04ee04ee05ee05ee06ed06ed05ed05ed05ed05ed04ed04ed03ed02ee01ee01ee00ee00eeffeefdeefcf9fefeff00ff00ff00fffe00fa01f002f001f000efffefffeffeeffeeffdeefdeefceefceefceefceefbeefbeefbeefbeefbeefceefceefdeefdeefeeeffedffedffed00ed00
1767,253567593,-44,11,256,1,27,0,b6600b0011f20cf508fa03ff0005fd0bfc11fb17fa1cfa20fb23fc24fd24fe23fe20ff1bfe16fe0ffe08fd01fcfafcf4fceefce9fce5fff9000000000000000000000000000000000000ff01fb03f801f4feeffbebf8e8f6e5f5e3f4e3f3e4f3e5f3e8f4ecf6f1f8f6f9fcfb02fb09fb0efa14f918f71bf51df31ef11eef1deeb60011fc12fb12fb12fb12fa12fa11f911f911f911f911f811f811f812f812f812f912f912fa12fa12fb12fb12fc12fd11fe11ff11001101110206010100ff00ff00ff0001ff05fe0efa0ffb0ffc0ffd0ffe10fe10ff11ff11ff11001100110111011101110211021101110111011100110011ff12ff12ff12fe12fe12fd13fd
1768,253609076,-44,11,256,1,27,0,9660090013f60ef809fc0400ff05fc0bf911f716f61bf61ff722f823f924f922fa1ffb1bfb16fc0ffc08fc01fcfafdf3fdeefde8fde5fff8000000000000000000000000000000000000ff00fb02f8fef5faf2f6eff2edefeaede9ebe8ebe8ebeaececeeeff1f3f4f8f7fdfa03fc09fd0ffe14fe19fd1dfb1ffa20f820f620f5b8001200120012ff13ff12ff12fe12fe12fd12fd12fd12fc12fc12fc13fc13fd13fd13fe13fe13ff13ff1200120012011102110311041005100605020100ffffff00ffff01ff05ff0ffe0fff0f000f010f0210021003100310041004100510051105110511061106100610051005100411041104110311031202120212021202
1769,253639682,-44,11,256,1,27,0,96600900f212f60df907fc01fefafff300edffe7fee2fddefbdcfadbf9dbf9ddf9e0fae4fce9fdf0fff601fd0304050a061008150818020600000000000000000000000000000000000000fe03fb07fc0cfe11ff16001a011d021f0320031f031d041a03150310020a030403fd04f706f208ed0bea0ee711e614e616e718e818b400f008ef08ef09ef09f00af00af00af10bf10bf10cf10cf10cf10cf10cf10cf10cf10cf00bf00bf00af00af009f009f008f007ef06ef05ef04f901fe0000ff00ff00fffe00fa02f107f106f005f004f004ef03ef03ee03ee02ee02ee02ee01ed01ed01ed01ed01ed01ee01ee02ee03ee03ee04ee04ee05ee05ee06ee06ee06
1770,253643908,-44,11,256,1,27,0,966009000aef07f304f903fe0105010b01100216041a061d071f09200a1f0a1e091b08170612040d0107fe01fcfcf9f7f7f2f5eef3ebfcfa000000000000000000000000000000000000ff01fd04f903f402ef00ebffe7fee5fde3fde2fce3fce5fde8fdecfdf0fdf6fdfbfc01fb06f90bf60ff413f115ee16eb16e915e814e7ad000ffa0ffa10f910f90ff80ff80ff80ef70ef70ef70ef60ef60ef60ef60ef60ef60ef60ff70ff70ff80ff80ff90ef90efa0ffb0ffc0ffd0ffe05ff01ffff00ff00ff0001ff04fe0dfa0efb0efc0efc0ffd0ffe0ffe0ffe10ff10ff10ff100010001000100010001000100010ff10ff10fe10fe10fd10fd10fc10fc10fc11fb
1771,253653102,-44,11,256,1,27,0,b6600b0011f30cf607fb0300ff06fc0cf912f817f71cf720f823f924fa24fb23fb1ffc1bfd15fd0ffd08fe01fefafef3ffedffe800e500f8000000000000000000000000000000000000ff01fb03f701f2feeefbeaf9e6f6e4f5e2f3e2f3e2f3e4f3e7f4ecf6f1f8f6f9fdfa03fb09fb10fb15f919f71df51ff31ff11ff01eefad001200130013ff13ff13ff13fe12fe12fd12fd12fd12fc12fc12fc13fc13fc13fd13fd13fe13ff13ff1200120011011102110310041005100605020100fffffe00ffff01ff05fe10fd10fe10ff1000100111021102110311031104110412041205120512051205110511051104110411041103120312031202130213011301
1772,253654962,-44,11,256,1,27,0,b6600b00f413f70dfa07fc00fef9fef3feecfde7fbe2f9def7dcf6dbf5dcf6ddf6e0f8e5faeafcf1fef701fe0304060a08100a150b18020600000000000000000000000000000000000000fe02fa06fb0cfc11fd16fe1afe1dff1fff20001f001d001a00160010010a020403fe05f807f30aee0deb11e914e817e81aea1beb1bb900ee07ee07ee07ee08ee08ee08ef09ef09ef09ef09ef0aef0aef0aef0aef0aef0aef09ee08ee08ee07ee07ee06ef05ef05ef04ee03ee01ee00f900fdff00ff00ff00fffe01fa03f108f107f006f005f005ef04ef03ee03ee03ed03ed02ed02ed02ed01ed01ed01ed01ed01ed02ed02ed03ed03ee03ed04ed04ed05ed05ed05
1773,253659001,-43,11,256,1,27,0,b6600b0012f80dfa08fd0301fe05fa0af70ff513f418f31bf31ef41ff51ff61ef71bf817f912fb0dfc06fd00fefafff400ef01ea02e700f9000000000000000000000000000000000000fe00fa02f8fff5faf2f7f0f3edf0eceeeaedeaeceaececedeeeff1f2f5f4f9f7fefa03fc09fe0eff13ff17fe1bfd1dfc1ffb1ff91ef8ad0021042103220322022202220222012200220022ff21ff22ff22ff22ff230023012302230322042205210620071f091e0a1d0b1c0d1b0f1a1009060202fffffe00ffff03ff0afe1dfd1dfe1d001d021e041e051e061f071f081f091f0a1f0b200c200c200c1f0c1f0c1e0c1e0b1f0b1f0a200a200920082108210722072208
1774,253701490,-44,11,256,1,27,0,b6600b00f0f0f4f4f9f8fffc05fe0c00120218021d022101230024ff24fe23fd20fd1bfe16fe0fff08000101fb03f404ee05e905e605f901000000000000000000000000000000000000010004030207000cfd11fc15fa19f91cf81ef71ff71ef71cf819f915fa0ffb0afb03fbfdfaf7f8f1f6ecf3e8f1e5eee3ece3ebe3eae5ad00fbedfbedfbedfaedfaedfaedfaedf9edf9eef9eef9eef9eef9eef9edf9edf9edfaedfbedfbedfcedfdedfdedfeedffed00ee01ee03ee04ee01f900feff0000000000fefefcfbf7f2f8f1f9f1faf0fbf0fceffceffdeefdeefeedfeedfeedffedffedffed00ed00edffedffedffedfeedfeedfeedfeedfdedfdedfdecfcec
1775,253715673,-44,11,256,1,27,0,9660090014010e0109010202fd04f707f30aef0dec11ea14e916e918ea19eb18ed16f013f30ff60af905fdff00fa03f506f008ec0ae902fa000000000000000000000000000000000000fe00fbfffafcfaf7f9f2f8eef7eaf7e8f6e6f6e5f6e5f6e6f7e9f9ecfbf1fdf500fa04fe08020c051007150918091b091d081d061d05b400181619171a171a161b151b151b141b131c121c121d121d111e121e121e121d131c141c151b161a1719171817171715171418121a101b0f1c050a0103fffffefeffff0201080517101612151314141316121712181119111a111a111b111b111b111c101c101c101c101c111b111b121a121a131a141a1519171917191818
1776,253723311,-43,11,256,1,27,0,b6600b00ecfaf1fbf7fcfefc04fc0afa0ff914f617f31af11bee1bed1bec1aed17ee14f110f40bf807fc0200fd05f909f60df210f012fb040000000000000000000000000000000000000100040104050309030e03130316031a031c031c031c031a02180214010fff0afd05fb00f8fbf4f7f1f3edf1e9f0e6f0e4f1e4f2e4f3b400f0e2efe1eee0ede1ece1ece2ebe3ebe4ebe4eae4e9e4e9e4e8e4e8e4e9e4eae4ebe3ece2ece1ede1eee1efe2f0e2f2e2f4e2f6e1f8e0fadffef4fffc000001010000fdfdfaf7efe7f0e6f2e5f4e5f5e4f6e3f7e2f7e1f8e0f8dff8dff9dff9dff9dffadffadefadef9def8dff8dff7dff7dff6dff5dff4dff2dff1dff0df
1777,253724473,-43,11,256,1,27,0,b6600b00ecf9f1fbf7fcfdfc04fb09fa0ff813f617f319f01bee1bed1bec1aed17ee14f110f40bf807fc0200fe05fa09f60df210f012fb04000000000000000000000000000000000000010004010405030a020f021302160219021b021c021c021a02180114010fff0afd05fb00f8fbf4f7f1f4edf1eaf0e7f0e5f0e4f2e4f3b600ebe4eae4e9e4e9e5e8e5e8e6e7e7e6e7e6e8e6e8e5e9e4e9e4e9e4e9e4e8e5e8e5e7e6e6e7e6e8e6e9e5eae5ebe5ede4efe4f1e3f2e2f4e1fbf5fffc000001010000fdfdf9f8edeaeee9efe8f1e7f2e6f2e5f3e4f3e3f4e2f4e1f4e1f4e1f5e0f5e0f5e0f5e0f5e0f5e0f4e0f3e1f3e1f2e1f1e2f0e2eee2eee2ede2ece2
1778,254166503,-40,11,128,1,27,0,1ee0010014f80ffa09fe0301fe05fa09f60df311f015ee19ee1bef1cf01cf11bf319f515f711f90cfb07fd01fffc01f703f304ef04ec01fb000000000000000000000000000000000000ff00fc00f9fef5fbf2f9eef7ebf5e8f3e6f2e5f2e6f2e7f2eaf3edf5f2f7f7f9fcfb02fc08fd0efd14fc19fb1cfa1df91ff81ff71ff6
1779,254261096,-40,11,128,1,27,0,1ee00100ed08f106f702fcff01fb05f608f20bee0cea0de60de40de30ce30be50ae808eb07ef05f403f901feff03fe08fd0cfc0ffc12ff0400000000000000000000000000000000000000ff03fe060009020e031105150617071a081a0819081808160712060d0508040303fd03f703f103ec05e806e508e409e30be20be30c
1780,255346344,-38,11,128,1,27,0,1ee00100f1f8f6fafdfb03fb0afb0ffa14f818f61bf31cf11cf01bef19ef16f012f20ff50bf806fb02ffff03fc07f90bf70ef610f512fd04000000000000000000000000000000000000000103060209020d011101150118011a011c021c011a01180015ff10fe0bfc06f901f6fcf3f7f0f4ecf1e8efe6eee4eee3efe3f1e4f1
1781,255401298,-38,11,128,1,27,0,1ee0010010020a030404fd06f809f30bef0fec12eb15ea18eb19ec19ee19f116f313f610f80bfb06fd00fffb00f601f201ef02ec02ea00fa000000000000000000000000000000000000fefffbfbfaf7f9f3f9eff8ecf7e9f6e7f5e5f5e5f6e6f7e8f8ebfaeffdf401f805fc09000e03130517071b071e071f061f051f041e03
1782,255453396,-39,11,128,1,27,0,1ee00100f40af705fa00fdfafff400ef01ea00e6fee3fde0fbe0fae1fae3fae6faeafbeefcf3fef800fd02020506070a090d0b0f0c11030400000000000000000000000000000000000001ff07fe0a000e021103150417051a061b061b061906160613050f050a050405fe06f907f309ef0aeb0de80fe711e713e814e915ea14
1783,255503263,-29,11,256,1,27,0,e4400e00ef12ef12f011f011f111f111f111f211f211f311f312f312f312f311f311f311f311f310f30ff30ff30ef30df40df40df30cfc03000000000000000000000000000000000000fd03f40ef30ef30ef20ef20ff10ff00fef0fef0fee0fee0fee0fee0fee0fee0fee0fee0fee0fee10ee10ef10ef10ef11ef11ef11f012f60be124e123e122e222e322e422e422e522e622e722e822e822e822e822e822e822e821e820e81fe81ee81de91ce91be91ae919e918e817e716fb04fe0100ff00fe00ffff01fc05ed1eec1ee91ce81ce71ce61ce51ce31de21de11de01ddf1ede1ede1dde1dde1dde1dde1dde1dde1ede1edf1fdf1fe020e121e122e122e221
1784,255503410,-29,11,256,1,27,0,e4400e0016f815f815f814f814f714f713f713f713f713f612f612f612f612f612f612f712f712f711f811f810f910f910fa0ffa0ffb03fe00000000000000000000000000000000000004fe10f811f911f912f912f913f913fa14fa15fa15fa15fb15fb15fb15fb15fb15fb15fa15fa15fa15f915f915f915f916f816f815f80cfa2aef29ef29f028f027f027ef26ee25ee24ee24ee23ed23ed23ed23ed23ed23ed23ee22ee22ef21f020f120f21ff31ef31ef41ef61ef81ef905fe01ffff00ff00ff0001fe05fc1eee1eef1ff120f221f322f323f324f426f427f428f529f529f629f629f629f729f629f629f529f529f429f329f329f229f229f129f129f2
1785,255503567,-29,11,256,1,27,0,e4400e00f417f317f416f416f516f516f616f615f715f715f715f716f815f815f815f815f715f714f713f713f712f711f711f710f710fd04000000000000000000000000000000000000fd04f712f612f612f512f513f413f313f314f214f114f114f114f114f114f114f114f114f214f215f215f215f216f316f316f316f416f80de82de72ce82be82ae929ea29eb29ec29ed29ed29ee29ef29ef29ef29ef29ef29ef28ef27ef26ef24ef23ef22ef21ef20ee1fee1eec1ceb1cfc04fe0100ff00fe00ffff02fd06f123f023ee23ed23eb23ea23e923e824e724e625e526e426e326e325e225e225e225e225e326e426e427e427e528e529e629e72ae729e829
1786,255503691,-29,11,256,1,27,0,e4400e0016fa15f915f915f915f914f914f814f813f813f813f813f813f813f813f813f913f913fa12fa12fb11fb11fc10fc10fc10fd04ff00000000000000000000000000000000000004fe10f811f811f812f812f913f914f914f915fa15fa15fb16fb16fb16fb16fb15fb15fb15fb16fa16fa16fa16fa16fa16fa17f917f80dfc2bf32af32af329f329f328f327f227f226f126f125f125f025f125f125f125f125f224f324f323f422f521f620f71ff81ff81ff91ffb1ffc05ff01ffff00fe00ff0001ff05fd1ff11ff220f221f322f422f424f425f526f527f628f629f72af72af82af82af82af82af82af82af82af72af72af62af52af52af52af42af4
1787,255503816,-29,11,256,1,27,0,e4400e0010ee10ef0fef0fef0eef0eee0def0def0cee0cee0cee0cee0cef0cef0cef0cef0cef0cf00cf00bf10bf10bf20bf20bf30bf302fd00000000000000000000000000000000000003fc0cf20cf20df20df20ef20ff20ff110f110f111f111f111f211f211f211f211f211f111f111f110f010f010f010ef10ef10ef10ef08f51ddd1dde1dde1cdf1bdf1ade19de18de17de17de16de16de16de15de16de16df16df16e016e116e215e315e414e514e614e715e815e916e904fc01feff00ff00ff0000fe03fa12e313e316e517e518e519e51ae51be41ce41de41ee31fe320e421e421e421e421e421e420e420e320e21fe11ee11ee01ee01edf1edf1ddf
1788,255504055,-29,11,256,1,27,0,e0000e0013f513f513f512f512f512f412f411f411f410f410f410f410f410f410f410f410f510f510f60ff60ff70ef70ef70ef80ef803fe00000000000000000000000000000000000003fd0ef60ff60ff610f610f611f612f612f713f713f714f714f714f714f714f714f714f714f714f714f614f613f614f614f514f514f50bfa27ec27ed26ed26ed25ee24ed23ed23ec22ec21eb21eb20ea20ea20ea20eb20eb20ec20ec20ed1fef1fef1ef01df11cf11cf21cf31df61df705fe01ffff00ff00ff0001fe05fc1def1df01def1ef01ff120f121f123f224f225f226f227f327f327f327f327f327f327f327f327f227f227f127f127f027ef26ef26ee27ee
1789,255528930,-38,11,256,1,27,0,e4400e00eaf4eaf5ebf5ebf6ebf6ebf7ebf7ebf7ebf8ebf8ebf8ebf8ebf8ecf8ecf8ecf8ecf8edf8eef8eef8eff8f0f8f0f8f0f8f1f8fcfe000000000000000000000000000000000000fbfeedf9edf8edf8edf7edf7ecf6ecf5ecf5ecf4ebf4ebf3ecf3ecf3ecf3ecf3ebf3ebf3ecf3ecf3ebf4ebf4ebf4ebf4eaf4eaf4e9f5f2fad4eed5eed6eed6eed7efd8f0d8f1d8f2d8f3d8f3d8f4d8f4d8f4d8f5d9f5d9f5daf5daf4dbf4dcf4ddf4dff4e0f4e0f3e1f3e2f3e2f4e2f3fafdfeff000001000000fefff9ffdcfadcf9dcf5dcf3dcf2dbf1dbf0daeed9edd9ecd8ebd8ebd8ead8e9d8e9d8e9d8e9d8e9d8e9d8ead8ead8ebd8ebd8ecd7ecd7ecd6edd6ed
1790,255529074,-39,11,256,1,27,0,e4400e00efeeefefefefefefeff0eff0eff1eff2eff2eff2eef2eef3eff3eff3eff3eff3eff3f0f3f1f3f1f3f2f4f2f4f3f4f3f4f3f4fdfd000000000000000000000000000000000000fcfcf2f2f2f2f2f1f2f1f2f0f1eff2eff2eef2edf2edf2edf2ecf2ecf2ecf2ecf2ecf2edf2edf1edf1edf1eef1eef0eef0edefeeefeef6f5e0dde1dde2dee2dee2dfe2e0e2e1e2e2e1e3e1e4e1e4e1e5e1e5e0e5e0e5e1e5e1e6e2e6e3e6e4e7e6e7e6e8e7e8e8e8e9e8e9e8ece7ede6fcfbfffe000000000000fefefbfbe5e7e6e6e6e5e6e3e7e2e7e1e7e0e6dfe6dde7dce7dbe7dae7dae7dae7dae7d9e8d9e8dae8dae7dae6dbe5dbe5dce4dce4dce4dce4dde4dd
1791,255529233,-39,11,256,1,27,0,e4400e00e804e804e904ea04ea05ea05eb05eb06eb06ec06ec06ec07ec07ec06ec06ec06ec06ed06ed05ed05ee05ef05ef04ef04ef04fb01000000000000000000000000000000000000fb00ed03ec03ec03eb02eb02ea02ea02e902e901e801e801e800e800e900e900e900e900e801e801e902e902e802e803e803e803e903f101d205d204d304d404d505d506d607d707d708d808d809d809d809d909d90ad90ada09da09db09dc08dd07de07df06e006e005e004e100e1fffafffeff00ff01ff0000fe00f901db05db04db04da03da02d901d801d700d600d5ffd4fed3fed3fdd3fdd3fcd4fcd4fcd4fdd3fdd3fed3ffd3ffd300d301d302d302d403d403
1792,255529363,-39,11,256,1,27,0,e4400e00eeefeef0eff0eff1eff1eff1eff2eff2eff3eef3eef3eef3eef3eef3eff3eff3eff3f0f3f1f3f1f4f2f4f2f4f3f4f3f4f3f4fcfd000000000000000000000000000000000000fcfdf0f4f0f4f0f3f0f2f0f2eff1f0f1f0f0f0eff0eff0eef0eef0eef0eef0eef0eef0eef0eeefeff0efefefefefefefefefeeefedeff5f5dededfdfe0dfe1e0e1e1e1e2e1e3e0e3e0e4e0e5e0e5e0e6e0e6e0e6e0e6e0e6e1e6e2e6e2e6e4e7e5e7e6e8e7e8e8e9e8e9e9e8ece7ede7fcfbfffe000000000000fefefafce3e9e4e8e3e8e3e6e4e5e4e4e4e2e4e1e4e0e4dfe4dee4dde4dde4dce4dce5dce5dbe5dbe5dce4dce4dde3dde3dde2dde2dee1dee1dee0de
1793,255529488,-39,11,256,1,27,0,e4400e00e5fce6fce6fde6fde7fde7fde7fee8fee8ffe8ffe8ffe8ffe8ffe8ffe9ffe9ffe9feeafeeafdebfdecfdecfdecfdedfdedfcfbff000000000000000000000000000000000000fa00ea01ea00e9ffe9ffe8fee8fee7fde7fce6fce6fce6fbe6fbe6fae6fae6fae6fae6fae6fae6fae6fbe6fbe6fbe6fbe5fce4fce4fcf0fccdf5cef5cff5d0f5d1f6d1f7d1f8d2f8d2fad2fad2fbd2fbd3fbd3fbd4fbd4fbd5fbd5fad6f9d7f9d8f8daf8dbf8dcf8ddf8ddf7dff3e0f2fafdfeff000001ff0000fd00f8ffd7fdd7fbd7fdd6fbd6fad5f9d4f8d3f7d2f5d1f4d1f3d0f2d0f2d0f1d0f1d0f0d1f0d1f0d1f0d0f1d0f1d0f2d0f2d0f3d0f4cff5cff5cff6
1794,255529722,-39,11,256,1,27,0,e0000e00edeeedeeedefedefedf0edf0edf1edf1edf2edf2edf2edf2edf2edf2edf2edf2eef2eef3eff3f0f3f0f3f1f3f1f3f2f3f2f3fcfc000000000000000000000000000000000000fbfceff3eff3eff2eff1eff0eff0eeefeeefefeeefedefecefecefecf0ecf0ecefecefecefedeeedeeedeeedeeeeeeededededededeef5f4dddadedadfdbdfdce0dde0dfdfe0dfe0dee1dee2dee2dee3dee3dee4dee4dfe4dfe4e0e4e1e4e2e4e3e5e4e5e5e6e6e6e7e6e8e6ebe5ece5fcfbfffe000000000000fefefafbe2e5e3e4e2e4e3e3e3e1e3e0e3dfe3dee3dce3dbe3dae3d8e3d8e4d8e4d8e4d8e5d8e4d8e4d8e4d9e3d9e3d9e2dae1dae1dae0dae0dbe0dc
1795,255909084,-39,11,128,1,27,0,1ee00100ed03f300f9fcfef803f307ee09e90ae50ae109de08dd07dd05de04e203e602eb02f102f702fd03030408050d0711081409160205000000000000000000000000000000000000010006030707090b0a0f0c120e150f181119111910170f160d130910050c0009fb06f503ef01ea00e500e001de02dd04dd05dd06de07
1796,255909622,-39,11,128,1,27,0,1ee00100f3f4f9f7fff904fb0afc10fc15fb18fa1bf81df61df41cf31af317f414f510f70bfa07fd0300ff04fb07f80af70df510f411fd0400000000000000000000000000000000000000010006fe09fc0cfa0ff812f715f617f619f619f618f716f813f90ff90af905f8fff7faf6f5f4f0f1ecefe9ece8ebe8eae9eaeaeaeb
1797,255910105,-39,11,128,1,27,0,1ee001000f0809060305fb06f507ef08ea0ae60de410e212e214e315e515e913ed10f00df509f804fc0000fb02f604f206ee07eb08e902fa000000000000000000000000000000000000fffefcf9fdf5fff100ed00e900e500e300e100e100e300e501e801ed02f204f807fd0a030d08110c150f19111c121d121e111e101e0f
1798,255910542,-39,11,128,1,27,0,1ee001000411010cfd06f801f3fceff9eaf6e5f5e1f6def6ddf8ddf9dffbe2fce7fdebfdf1fdf7fefefd03fc08fb0dfa10f813f715f605fd00000000000000000000000000000000000000fe03f906f80af60ef411f214f016ee18ed18ed16ee15ef12f10ff50cf908fe06040309020f0115011a021f03210521072107210820
1799,255912361,-39,11,128,1,27,0,1ee001000a0e050a0006f904f302ed00e800e301df02de04dd05dd07e008e408e807ec05f103f701fdfe02fb06f809f50cf20eef0fee04fb000000000000000000000000000000000000fffe00f803f606f209ef0bec0dea0fe810e60fe50fe70ee90cec0af009f507fb07010707080d09130b170d1b0f1d111d121c141c141b
1800,255943566,-39,11,128,1,27,0,1ee00100ef08f403f9fefdf800f302ed03e803e303df02dd00dcfeddfddffde2fde6fdebfef100f702fd03020607080c0a0f0c110d1303040000000000000000000000000000000000000100070209040b080e0b110e131016121813181316121411110f0d0d080a0308fd07f605f105eb06e607e209e00bdf0cdf0de00ee20f
1801,255943997,-39,11,128,1,27,0,1ee001000710030bfe06f802f3ffeefce9fbe4fbe0fbdefcddfedd00df01e202e702eb02f101f7fffdfe03fc08fa0cf80ff611f413f205fc00000000000000000000000000000000000000fe01f904f708f40bf10eee10eb12e913e812e711e910ea0eed0cf109f607fc06020509050f05140719091d0b1f0c1f0d1f0e1e0e1d
1802,255944470,-39,11,128,1,27,0,1ee00100fe11fd0bfb05f8fef5f9f2f4eef0eaeee6ece4ece2ece2eee3f0e6f2e9f4edf7f3f9f9fbfefd04fe09ff0eff12ff15ff17ff05ff00000000000000000000000000000000000000fe04fa08f90cf810f714f617f51af31bf21bf21af318f415f611f90cfc08010405000afd0ffb14fa19fa1efa20fb21fd22fe22fe21
1803,255944915,-39,11,128,1,27,0,1ee00100ffee00f403fa07000b050f0a130d170f1b101e101f0f1f0d1e0c1b0a170812060d0507030102fb01f601f101ed02ea02e903fa00000000000000000000000000000000000000ff01fb05f806f407ef09ec0ae90ce60de40ee50ee60ee90ceb0aef08f304f700fafafef500f002ea03e503e102de01ddffddfeddfede
1804,255945335,-39,11,128,1,27,0,1ee0010011010b020504fe07f80af40df011ed15ec18ec1bec1dee1df01cf219f416f711f90cfb07fd01fefbfff6fff1ffedffeaffe8fffa000000000000000000000000000000000000fefffafbf9f7f9f2f8eef6ebf5e8f4e5f3e4f3e4f4e5f5e7f7eaf9eefcf201f705fb0aff0f02140419051e0621052104220322022101
1805,255945780,-39,11,128,1,27,0,1ee00100eefaf5fafcfa03f909f70ef513f216ef19ec19e919e817e715e812e90fec0cf009f405fa03ff0004ff09fd0efc11fc14fc16ff0500000000000000000000000000000000000000010207020a010e001200160019001c011e011e011c001a0017ff12fe0dfb07f902f5fdf1f8edf4e9f2e5f0e2f0e1f1e0f2e0f3e1f4
1806,255946321,-39,11,128,1,27,0,1ee001000cf609fa05ff0305010b001000140119021c041d051e061d071b061806140510030c0007fe02fbfef9faf7f6f4f4f2f2f1f1fcfc000000000000000000000000000000000000fe00f9fff6fdf3fbf0f8edf7ebf6e9f4e7f4e7f4e8f5eaf5edf6f1f8f6f9fbf901f906f90bf810f614f417f219f019ef18ee17ed16ed
1807,255946861,-39,11,128,1,27,0,1ee00100f0fbf6fbfcfb02f907f80cf510f213ef14ed15ea14e913e811e90feb0cee0af107f505fa02ff0004ff08fe0cfd10fd12fd14ff05000000000000000000000000000000000000000103050308030c0310031304160419051a051a0519041703140110ff0bfd07f902f6fef2fbeef8eaf6e6f5e4f5e3f5e2f6e2f8e3f8
1808,255947296,-39,11,128,1,27,0,1ee001000c0c06090006fa05f404ee03e904e406e107df09df0be00ce20de60cea0bee09f306f802fcff01fb04f707f309f00aee0bec02fa000000000000000000000000000000000000fffe00f802f505f207ef09ec0be90ce60de40ce40ce50be80aeb08ef07f406fa07000707090c0b110e161119131a151a161917181717
1809,255947737,-39,11,128,1,27,0,1ee00100ef07f403f9fefdf900f302ee04e904e403e002dd01ddffdefee0fde3fde7fdecfef100f702fd04020607080b0a0e0c110d1203040000000000000000000000000000000000000100060208050a090d0c100f1211141316141614141412120f100c0d070a0208fc06f605f004eb05e606e207e009df0adf0ce00de20d
1810,255948212,-39,11,128,1,27,0,1ee00100ff13fd0dfb06f7fff3f9eff4ebf0e6eee2ecdfecddedddefdff1e2f3e6f5ebf7f1f9f7fbfefc04fd0afd0ffd13fc16fc19fb06fe00000000000000000000000000000000000001fe05f909f90ef812f716f61af41df31ef21ef21cf31af417f612f80dfc09010506010bfe11fb16fa1cfa21fb24fc25fe25ff250024
1811,256006303,-39,11,128,1,27,0,1ee00100ef06f402fafefef902f404ee06e906e506e105de04de02de01e000e300e700ec00f101f701fd03020407060c070f09120a1302050000000000000000000000000000000000000100060208050b090d0c100f121114131614161414131211100f0c0d070a0207fc06f604f104ec04e604e206e007e009e00ae10be20c
1812,256057662,-39,11,128,1,27,0,1ee001000fff0a010403ff06fa09f60df310f114f017f01af01bf21bf41af617f814f910fb0bfc06fd01fdfcfef7fef3feeffdedfdebfffa000000000000000000000000000000000000fefffafbfaf8f9f4f8f1f7edf5ebf4e9f3e7f3e8f4e9f5eaf7edf9f1fcf400f804fc09fe0d01120217031a031d021e021e011e001dff
1813,256396918,-39,11,128,1,27,0,1ee00100f50cf706f9fffaf8fbf2faecf9e7f7e2f4e0f1def0dfefe0efe3f1e6f3ebf6eff9f4fdf901fe05020a050d081109140b150b050200000000000000000000000000000000000002ff09fe0c001002140318051b061d061f071e061c061906150510050a050406fd08f70af20dee10ea13e716e719e81ae91beb1bed1a
1814,256957051,-39,11,128,1,27,0,1ee00100f009f405f801fcfcfef700f201ed01e800e5ffe2fde1fce1fbe3fbe5fbe9fcecfdf1fff601fa03ff050307070a0a0c0c0d0e030300000000000000000000000000000000000001000500070309060c090f0b110e130f15101510140f120e100c0d0a09080407ff05f905f405ef05eb06e708e50ae50ce50de50fe60f
1815,256957611,-39,11,128,1,27,0,1ee00100fe13fd0dfc07fa01f7fbf4f6f0f2ecefe8ede5ece3ede3eee3f0e5f2e8f4ecf6f1f8f6fafcfb01fd07fd0bfe0ffe13fe15fd05ff00000000000000000000000000000000000000fe04fb08fb0cfb10fa14fa18f91bf81cf71cf71bf719f816f912fb0efd090004040008fc0dfa12f817f71bf81ef820f920fa21fb20
1816,256958056,-39,11,128,1,27,0,1ee00100ee08f204f800fcfbfff601f003eb03e603e202df01deffdefedffde2fde6fdeafeeffff401fa03ff05040709090c0b0f0d11030400000000000000000000000000000000000001000502070509090b0c0e0f10121214141515151414121310110d0e090b0308fe06f804f304ed04e804e406e107e009e00be10ce20c
1817,257013219,-43,11,128,1,27,0,1ee00100ebf0ebf0ecf1ecf1ebf1ebf2ebf2ebf2eaf3eaf3eaf3ebf3ebf3ebf3ebf3ecf3ecf2edf2edf2eef2eff2f0f2f1f2f2f2f3f2fcfc000000000000000000000000000000000000fcfdf3f6f3f6f3f5f3f4f2f4f2f3f1f2f1f2f1f1f1f0f1f0f0eff0eff0eff0eff0efefefefefeff0eef0eef0edf0edf0edf1ecf0ecf1
1818,257020151,-92,11,128,1,27,0,422dd441fd00fefffefffc01fafffafbfefd09050e060601fefdfdfef704f308f803fefc01fdff01fd0101fffffdfafbfefc02fefcfffdff00000000000000000000000000000000000000000000010102010000fe02000102ff01feffffff00fcfffc00ff04fe04fe02010002fe01fe02ff01fefefffffe03fb05fc04000603
1819,257064822,-39,11,128,1,27,0,1ee0010007ec06f206f806ff08050a0b0c1010141316161818181917191518131610120e0e0b09080305fe04f902f400f000ecffe9fffaff000000000000000000000000000000000000fe00f902f601f2ffeefdeafce7fbe4fbe1fce1fce2fce4fce7fcebfcf0fcf6fbfbf901f706f30aef0eeb10e711e410e310e10fe00edf
1820,257116818,-39,11,128,1,27,0,1ee00100fa13fb0efb08f901f7fbf4f5f1f1eeedeaebe7eae5eae4ebe4ede6efe8f2ecf4f1f6f6f8fbfa01fc06fd0bfe0ffe13fd16fd05ff00000000000000000000000000000000000001ff05fc08fd0cff1000150018011b011e001e001d001b00190015000f010a030405ff08fb0cf710f415f219f21cf21ef31ff420f520
1821,257117351,-39,11,128,1,27,0,1ee00100ea01f0fff7fdfdfa01f605f209ed0be90ce40ce10bdf09df07e006e205e504ea03ef03f403f904ff0505060a070e08110a120204000000000000000000000000000000000000010004040407040b041004140517061a071d081d071c071a07180513030f000afc06f702f2ffedfce8fbe4fae1fbdffcdefedeffde00
1822,257120805,-39,11,128,1,27,0,1ee001000a11060d0209fd05f702f100ecfee7fee2ffdf00de02de03df04e205e505e904ee03f401f9fffefc02f907f60af40cf20ef003fc000000000000000000000000000000000000fffe00f904f807f50bf30ef011ee13eb14e914e913e912eb10ed0df00bf508fa06ff0505050b05110616081b0a1d0c1e0d1e0f1e0f1e
1823,257121262,-39,11,128,1,27,0,1ee00100ff14fe0efd08fa02f7fcf4f8f0f4ecf1e7efe4efe2efe1f0e2f1e4f3e7f5ebf7f0f8f5fafbfb00fc05fc0afd0efc12fc14fc05ff00000000000000000000000000000000000000fe03fb07fb0bfb10fa14fa17f91af81cf71cf61bf619f717f813f90efc0aff05030107fe0cfb11f916f81bf91efa1ffb20fc21fd21
1824,257566225,-93,11,128,1,27,0,32211341fefcfbfcfffe0201ff01fd00000102020102000001ff010000fefffd01fd01fdfffdfefd00ff01000200010000ff000000010000000000000000000000000000000000000000fffffd00ff00ff01000302040104010202ff01010002020103fe02fd02010103020406040304fd01fdfcfefe060c0e15070800fd02fe
1825,257850355,-92,11,128,1,27,0,4ff11441fc06fb04fb05fe07ff060204060408040804080409050805060705070404020201010101020101ff01ff03ff04fe03ff03fe00ff000000000000000000000000000000000000ff00fe01fd02fc03fe02ff03fd04fa05fa06fb05fa04fa03fa01f801fa02fd04fd01ff010106000bff0dff0c010c020d010dff0cff0a
1826,258100935,-93,11,128,1,27,0,2cc66241030100fffefdfdfcfefdfefefefefefdfeffff01010102ff01fd00fefffffffdfefdfeffffffff00ff00fefefefcfffd000100000000000000000000000000000000000000000000fffffefffe01fe01fffffffefefefd01fc01fefe00fdfffefd00fefefefbfdfcfcfffc00ffff02fe05fd05f8fcf4f3f7f8fb01fe
1827,258332648,-27,11,128,1,27,0,c6666c4103010f060c07050305020506fb04f5fef6fff800fcfafefe030506fb02ef06f20af705fa03fb01f8fbfcf604f404fa00ff01000100000000000000000000000000000000000002fe08fc0407040c0a050e020cfc0af30afb0809030df809ef06f90002f301ea01e7faeaf4f6fdff100719140c13fd0fff0e0106f501
1828,258366557,-90,11,128,1,27,0,9dd44941ff00fe00fdfcfffa00fbfffd00ff00ffffffffff000001020102000001fe03fe03fe01fd01fe00fffffffe00ff01000000ffffff000000000000000000000000000000000000fefefcfbfffdff00fe01fefffffe00ff01ff01ff03ff05fd04fd02020103010102fe00fefefefffeffff000108070d0d070701fe01fc
1829,258486102,-27,11,128,1,27,0,188991410e070b08010b08060b060713ff14fe09060a060a00ff01f701f6f9f9f7fff901faf9fbf6fcfb03fe0604ff07fb03fdfdfefbfffe000000000000000000000000000000000000fefffdfefbfefdf70cf80f010400fbfafcfa0cfc1102030d030907fa02f903060210fa16f913010f0113000efff6f9e3ffe710f00df4
1830,258633470,-92,11,128,1,27,0,6ee99641fe00fe00fefffeff01ff01fffffffd01fe0000fc01fd0000fe02fe02ff0100010003ff02fe01fffefffefefffeffffffff00ff000000000000000000000000000000000000000000ff00ff00ff00fd02fc02fdfffeff00ff02fe03fd01feff01fe01fe00fe00000001feff00ff02ff01ffff07f510ed0af201f9fefc
1831,259166491,-96,11,128,1,27,0,f33ccf41010003fd00fdfffcffffff0001fe00fefe00fe01fe00fcfffc01fd01fdfefefeff000001010100fffffe00ff01ff00ff00ff00ff000000000000000000000000000000000000000001010102ff01fefffe01fd00fc01fb03fc03ff020000fefefefefefffefe00fd0101ff06000602040204f6faecf0f3f7fdfc01fc
1832,259167668,-96,11,128,1,27,0,e6633e41fefffefbfdfdff00010000fffe01fd04fc04fe010201030001fd00fe0100010000fffffffffe00fd01ff0101000000ff01fd00ff00000000000000000000000000000000000000ff00fffffffe00fd02fd0101fe03fe01fffefefdfdfefeff01ff03ff01fe00fe02ff01fefdfbfdfc01010206090711030703fc07fd
1833,260000064,-95,11,128,1,27,0,4ff11441f902fd05ff05ff05ff05010504040702080109040706040506030902080208030702030001ff01fe01fc00fbfdfafcf9fffa00fe000000000000000000000000000000000000ffff00fe01fe02fd02fb02fa03fb05fb05fd05fb06f804f804fb05fc03fb01fcfffefe00fb01f7fff6fdf8fdf9fff502f104f101f2fe
1834,260233306,-94,11,128,1,27,0,e1177e41010202050104000200ff00fdfffdfefffcfffb01fe03ff01fffffe00fe00fefffe00ff01fd00fdfffe00fd01fd01fd00ffffffff000000000000000000000000000000000000ff000001020002ff02000101000300030000fffffe00fe00fefffdff00fd02feff01ff020102020202fe00fbf904f40dfa0800040006
1835,260654216,-39,11,128,1,27,0,1ee00100f60ff80af904fbfefbf8faf3f8eef6eaf4e7f2e5f0e4efe5eee7efe9f1edf3f0f6f3f9f7fdfb02fe060009020c0410051206040100000000000000000000000000000000000001ff05fd08ff0c0110031304160519061b061b061a061806150512040d0407040205fc07f70af30cef0fed13eb16eb17ec18ed19ee18
1836,260720497,-39,11,128,1,27,0,1ee0010008ef07f406fa06000606070b09100b140e161118131814171416131311100e0e0b0b06070205fd02f900f5fff1feeefeecfefaff000000000000000000000000000000000000fe00fa01f7fff3fdf0fbedf9eaf8e7f7e4f7e4f7e5f8e7f9e9f9edfaf2faf7fafcf902f807f50bf30ff012ec13e913e712e611e510e5
1837,260742577,-39,11,128,1,27,0,5220050000180013ff0cfe05fcfefaf8f7f2f3edf0e9ede6eae5e9e4e8e5e9e7eaeaececefeff3f3f7f7fcfc0000040309060c090f0a0302000000000000000000000000000000000000fffffefb01f905f609f30df110ee13ec15ea16e916ea16eb15ed12f00ef40af907fe03030109fe0ffc15fc1afb1ffc21fc23fd24fe24
1838,260743978,-39,11,128,1,27,0,52200500130e0f0a09070304fc02f600f0feeafee4fee0ffde00dc01dd02df03e103e503e903ef02f401fa0000ff05fe0afc0efb11fa04fe000000000000000000000000000000000000fefffbfefbfafbf5fbf0fbecfae8fae4fae1fae0fbe1fbe2fce4fde8feed00f302f905ff08040b0a0f0f1313161518161a171c171c16
1839,261843282,-92,11,128,1,27,0,4ff11441f904fb05fd04000402030304030605060707070905080508060b050b040803050103ff02010002fe01fc01fc02fb02fb02fc00ff000000000000000000000000000000000000fffffffdfefefefd00fc01fc01fb03fb05fb04fb02fa03f902f903fa02fafffdfffdfffdfdfefbfef7fff400f4fff2fef1fcf2fcf1fb
1840,263788962,-92,11,128,1,27,0,4ff1140003f8fffbfffdfdfdfbfdfafdfafdf9fdf6fdf5fcf7fdf7fdf7fafaf9fafbf9fdf9fefafffc00ffffff00fd00fcfffa00f702fd00000000000000000000000000000000000000000001ff02fe04fe04fe02fe03fe05fd05fb04fc04fe04000401020101ff00fefffd00fcfdfbfcfbfffa00f700f501f502f602f402f4
1841,264013300,-37,11,128,1,27,0,1ee001000d0c090a05090008fb09f70af30cf00fef12ef15ef17f018f318f517f715f812f90efa09fa05fa01f9fcf7f9f6f6f4f4f3f3fcfc00000000000000000000000000000000000000fe04f907fa0afa0efa11f913f815f617f517f416f414f413f510f70dfa0bfd09010806080a080e0a120c150e161017121613151414
1842,264013792,-37,11,128,1,27,0,1ee0010009ed08f208f709fd0b020d06110a150c180d1b0d1d0c1e0a1d081b061805150411030c0307040206fe07fa09f70cf50ef410fc04000000000000000000000000000000000000fefff8fdf7faf6f6f4f3f2f0f0ededecebebebebececededeeeff1f1f5f3f9f5fef504f508f40df210ef13ec14e913e713e612e411e4
1843,264014357,-37,11,128,1,27,0,1ee00100ed09f106f501f7fcf8f7f8f2f7edf5eaf3e7f0e5eee5ece6ece8edebeeeef0f0f4f3f8f5fcf801f905fa0afb0dfa10f912f904fe000000000000000000000000000000000000010105060408020c0210021402170319051b061c061a051805160413020fff0bfb08f706f204ed04e904e505e307e209e20be20de30e
1844,264015190,-37,11,128,1,27,0,1ee00100eb01f0fff5fdf9f9fcf5fff100ec00e8fee4fde2fbe1f9e1f8e2f7e5f7e8f8ebfaeffdf400f703fb07fd0b000e01110113020500000000000000000000000000000000000000000102070009fd0cfb10fa13f916f918f91bfa1bfb1afb19fc16fc13fc0ffa0af806f502f1feedfce9fae5fae2fae1fce0fee0ffe000
1845,264016167,-38,11,128,1,27,0,1ee001000712030e0009fb07f605f203ed04e905e606e408e30ae30ce50de80deb0cee0bf108f505f801fbfdfdf9fef5fff2ffefffecfffb00000000000000000000000000000000000001fe06fb08fc0cfd10fe13fe16fe19fd1bfc1bfb1afb18fb16fb13fc0efe0b0107040408020d01110116021a031c051d071e081d091c
1846,264016683,-38,11,128,1,27,0,1ee00100f811f90cf807f702f5fdf3f9f0f5ecf3e8f2e5f2e4f3e3f5e3f7e5f9e8faebfbeffcf4fcf9fbfefa02f906f708f50bf30cf103fc0000000000000000000000000000000000000100070108030a070c0a0e0d110f1310151116111510140e120d0f0b0b0906090108fc09f80bf40df011ee14ed16ee18ef19f01af11b
1847,264017244,-37,11,128,1,27,0,1ee00100ec0bf007f402f7fcf8f6f9f0f8ebf6e6f3e3f1e1eee1ece2ebe4ebe7edebf0eef3f1f7f4fcf701f906fb0bfc0ffc13fc15fb05fe000000000000000000000000000000000000010105060509040e04120516061a071c081f091f091d081b071906150311000cfb09f606f005eb04e605e206df08de0ade0cdf0ee00f
1848,264020690,-37,11,128,1,27,0,1ee00100150010010a040407ff0bfc10fa14f919f91dfa20fb22fd23ff22001f011b01170012ff0dfd08fa02f7fdf5faf2f7eff5edf4fbfc000000000000000000000000000000000000fffefcf7fef400f002ec03e904e504e203df03df02e002e302e602ea03ef05f407f90bfe0f02140518071d0820082207230523032301
1849,264021307,-38,11,128,1,27,0,1ee001000ef00bf509fb08010807090d0b120d161119141a161a1719171716141511120e0e0c09090307fe05f904f404f004ed04ea05fa01000000000000000000000000000000000000fefff7fcf6f9f5f5f3f1f1eeefebede9ebe7eae7ebe8eceaeeecf1eff6f2fbf400f606f60cf611f516f31af11cee1ceb1be91ae818e7
1850,264021798,-38,11,128,1,27,0,1ee00100eff6f4f7f9f8fff804f709f50df20fef11ec11e911e80fe70ee70ce80aea08ed07f105f605fb04ff05040508060b080e090f0204000000000000000000000000000000000000ff01fe07fb08f80af50cf20ef010ef12ee14ef14ef14f112f210f40ef60af605f700f6fcf5f7f4f3f1efeeececebeaece9ede8eee7ee
1851,264022318,-38,11,128,1,27,0,1ee0010014030f0309050307fe0bfa0ef713f618f51bf61ff720f921fb20fd1efe1bff17ff12fe0cfc07fa02f8fdf5f9f3f6f1f4eff3fbfc000000000000000000000000000000000000fffefef701f504f206ee08ea09e70ae40ae20ae209e308e407e706eb06f007f608fb0b000e051209160b1a0d1d0d1f0c200a21082107
1852,264022874,-38,11,128,1,27,0,1ee00100f3f2f7f4fcf702f807f90bf810f713f516f217f017ef16ed14ed12ed0fef0df10af408f806fc040103050209030c030f03110004000000000000000000000000000000000000ff01fc05f906f606f207ef08ec0aea0ce90de90eea0dec0cee0bf009f306f602f7fef9f9f9f4f9f0f7ecf5e9f3e7f2e6f0e6efe7eee8
1853,264023459,-38,11,128,1,27,0,1ee00100ecf8f1f8f8f8fef703f508f20cef0eeb10e710e40fe10ee00ce109e307e606ea05ee05f404f905ff06040708090c0b0e0c1003040000000000000000000000000000000000000001ff07fc09f90cf60ff312f215f018f01af01bf11af218f416f512f60df708f602f5fdf3f8f0f3ecefe9ede5ece3ede2eee1efe1f1
1854,264024856,-38,11,128,1,27,0,1ee00100f5edf9f1fef503f809f90efa13fa18f81bf61ef41ef21df01bef19ef16f012f20ef50af907fe04020207010b000fff12ff14ff05000000000000000000000000000000000000fe01fa06f705f205ee05eb06e707e408e20ae20be40ae60ae809eb07f004f300f7fcf9f6fbf1fbecfbe7f9e3f7e0f5e0f3e0f2e0f1e1
1855,264025441,-38,11,128,1,27,0,1ee00100fe14fd0ffb09f804f500f1fcecfae7f8e3f8e1f9dffadefcdffee2ffe500e900ee00f3fff8fdfdfb01f805f508f30af00bef03fb00000000000000000000000000000000000001ff07fd0aff0d011103140418051b051d051e041c041a04180314030f030a050507000afc0ef911f716f61bf61ef81ff920fb21fc20
1856,264025911,-38,11,128,1,27,0,1ee0010012080d0707070108fc0af70cf30ff013ee17ee1aef1cf01df21df41bf618f815f910fa0bfb05fb00fafbf8f6f7f3f6f0f5eefdfb000000000000000000000000000000000000fffefff802f605f308f00aec0cea0de70de50de40ce50be60ae908ed07f207f708fd0a020c070f0b120f161219121b121c101d0f1e0e
1857,264026356,-38,11,128,1,27,0,1ee00100ebfaf1faf7fafdf802f507f20aee0cea0de60de30ce10be009e107e305e604ea04ee03f304f905fe06030807090b0b0d0d0f030400000000000000000000000000000000000000010007fe09fb0cf810f713f516f519f41cf51cf61bf619f717f813f90ef909f703f5fef2f9eff5ebf2e7f0e4f0e2f1e1f2e0f3e0f4
1858,264033561,-38,11,128,1,27,0,1ee00100ed08f105f500f9fbfbf5fdf0fdebfce6fae3f8e1f6e0f4e0f3e2f3e4f4e7f6ebf8f0fcf4fff803fc07ff0b010e03120314040501000000000000000000000000000000000000010006040608060c0610071408180a1a0b1c0c1c0c1a0b190a160813040f000bfb08f605f104ec03e704e305e006e008df0ae00ce00d
1859,264034969,-38,11,128,1,27,0,1ee0010014fb0ffe0a010505020a000ffe14ff19001d011f03210521061f071c071906150411020cff07fb03f8fff4fcf1faeef9ecf9fafe000000000000000000000000000000000000fefefbf9fcf6fdf1feedfee9fde6fde3fce1fbe1fbe2fbe4fce7fdebffef02f405f80afc0eff130118021d01200021fe22fc21fb21fa
1860,264035631,-38,11,128,1,27,0,1ee00100eb00f0fef6fcfbf900f503f006ec07e707e306e105df03df01e000e200e500e900ee01f302f904fe070209060b090e0b0f0d0403000000000000000000000000000000000000010103060209000dff11ff15fe19ff1cff1e001e001d001b0019ff15fe0ffc0af906f502f1feecfbe8f9e3f9e0f9dffadefbddfddefe
1861,264036183,-38,11,128,1,27,0,1ee001000912060d0109fb06f604f103ec02e703e305e107e009e00be20ce50ce80bec0af007f404f800fcfdfff801f402f103ee04ec01fa00000000000000000000000000000000000000fe04f907f90cf810f713f616f519f31af11af119f117f215f312f60efa0bfe08020607040d04120418061c081e0a1f0c1f0d1f0d1e
1862,264036774,-38,11,128,1,27,0,1ee00100ec05f002f6fffafafdf5fff000eb00e6ffe3fee0fcdffadff9e0f8e3f9e7f9eafbeefdf300f803fc07000a030d05100712080402000000000000000000000000000000000000010105050408040d041104150518061b071d081d081c071a06170513020fff0bfb07f604f101ec00e7ffe300e001df03df05df06df07
1863,264037223,-38,11,128,1,27,0,1ee00100fd14fc0efb08f903f5fef2faedf7e9f5e5f4e2f5e0f6e0f7e0f9e3fae6fbeafceefcf4fdf9fcfefb03f907f80af60df40ff204fc00000000000000000000000000000000000001ff06fc09fe0d001101150218031b031d031e021c021a01180114010f020a0405060009fc0df912f616f51bf51ef61ff820f921fa21
1864,264038746,-38,11,128,1,27,0,1ee0010007ed07f206f807ff08040a0a0d0e101113141615181419131912180f160d120b0e0809070405fe04fa03f603f203ee04ec04fb01000000000000000000000000000000000000fe00f801f6fef3fbeff9ecf7e8f6e6f5e4f5e3f5e4f6e6f7e8f8ecf9f2f9f7f9fdf802f607f40bf10fed11ea12e712e511e410e30fe2
1865,264039626,-38,11,128,1,27,0,1ee00100ec03f101f6fefbfafff502f104ec05e804e404e102df00dfffe0fee3fee6feeafeeefff301f803fd060208060b090d0b0f0c0303000000000000000000000000000000000000010104050408030c031104140418051b061c071c071b061905170413020fff0afb06f603f100edfee8fde3fde1fedf00df01de03df04
1866,264933818,-38,11,256,1,27,0,76600700f511f70bf905f9fff8f9f6f3f4eef2eaefe8ece6eae6e9e7e9eaeaececefeff2f3f5f8f7fdfa02fc06fd0bfe0eff12ff14ff05ff00000000000000000000000000000000000001ff06ff09010c0410061308160a190b1b0b1c0b1a0a180a160912070d0607070107fc09f60bf20dee11eb14ea17eb19ec1aed1bee1bf70be525e821ea1aed11ee09ee01eefaeef3ededebe7e9e3e8e0e8dfe9deebdeeedff2dff7e0fce102e207e40ce611e715e918e91bea12da13dc03f901feff00ff00ff0001ff03fd15f215f510fb11fe13031407160a170e18111813161412160e1609170317fd18f71af01bea1ee421df24db28d92cd92ed92edb2edd2edf2c
1867,265120170,-91,11,128,1,27,0,4ff11441fdf7fcf8fefbfdfffe01fe00f900f503f504f501f300f402f501f702f804fa02fbfffa01fb020003010500050005000602070001000000000000000000000000000000000000000000ff00fe02fc05fd070007ff08fd09fe090309020aff08ff04ff04ff04ff00fffbfdfaf7fbf6fcf9fefa00f802f800f6fff301f3
1868,266349035,-92,11,128,1,27,0,4ff11441f904fb05fb05fb03ff0003fe03fe02020305060606090409030704080408040604030403020202ff0400050004fe04fe06ff0200000000000000000000000000000000000000fffffcfefdfefcfdfafcf9faf9f7faf8fbfafcfaf9f9f9f8fdf7fff9fdfbfbfcfafbfbfcfdfdfdfef903f706f605f304f107f308f708
1869,266553785,-93,11,128,1,27,0,69933641ffff00fe00fc02fc03ff020002fe03fd02030208ff04fa00fa01fd00fefe01010303020101000100010203030403020201010000000000000000000000000000000000000000ff00fefffdfffefe00fc01fafefcff0103040003fc02fd03fd02fa01fcff00fd01fc00fb02fa03f803f904fd0400010400090007fefe
1870,266759142,-92,11,128,1,27,0,d11aad410300fe01fcff01fd060006010201fc02fdff01f901f9fffc020204050203fe02fd02ff010101000100020103010101000201000000000000000000000000000000000000000000fe00fb01fc0000ff0100fd00f902f801f9fffdff00fffefffdfdfefdfcfefbfffcfffbfefcfc00fc04fc03fefefefefc03ff0a040e
1871,267258927,-43,11,256,1,27,0,b6600b00f910fa0afb03fafdf8f7f6f1f3edefe9ece7e9e6e6e6e5e7e6e9e7ebeaeeeef1f3f5f9f8fffb05fe0a001002140418051b06070100000000000000000000000000000000000001fe06fb0afd0eff130117031a041c051e051e051c051a05160412040c0407050106fb08f60bf20eef12ed15ec18ed1bee1cf01df21ca900e015e016df17e018e118e219e319e41ae41ae41ae41be41ce41ce41ce41be41ae31ae319e218e216e215e214e212e211e10fe10de00bdf09f403fc0000ff01fe00fffd02f708e816e615e513e412e211e110e00fdf0fde0edd0edd0ddd0ddc0cdc0cdb0cdb0bdb0bdb0cdc0cdd0ddd0edd0fdd10dd11dd12dd13dd13dd14
1872,267259279,-43,11,256,1,27,0,b6600b000cf308f805fe0304030a03110416051b071e09200b210c200d1f0d1c0b180914060f0209fe04fafef6f9f3f5eff2edefebedfafb000000000000000000000000000000000000fe00f801f5fef1fbeef7ebf5e8f3e6f1e5f0e5f0e6f1e8f2ecf3f0f5f5f7fbf800f906f90cf811f715f519f21bf01ced1bec19eb18eaa60012fb12fb12fb12fa12fa12fa12f911f911f911f811f811f811f811f811f912f912fa12fa12fb12fb11fc11fd11fd10fe10ff10001001100205010100ff00ff00ff0001ff05fd0ef90ffa0ffb10fc10fc10fd11fd11fe11fe12ff12ff1200120013001300120112001200120012ff12ff12ff12fe12fe13fd13fd13fd13fc
1873,267271811,-43,11,256,1,27,0,b6600b00f1fbf6fbfcfb02fa07f80bf60ff312f014ec14ea14e813e711e80fe90dec0aef08f405f903fe0104ff09fe0efd12fc15fb17fe06000000000000000000000000000000000000010104060209010dff11fe14fd17fd19fd1afd1afd19fc17fc14fc10fc0bfb06fa01f7fcf5f8f1f5eef2ebf1e8f0e6f1e5f2e5f4e6f5a700eae5eae5e9e5e8e6e8e7e8e7e7e8e7e8e7e9e6e9e6eae6eae6eae6e9e6e9e6e9e7e8e8e8e9e7eae7ebe6ece6eee6efe6f1e6f3e5f5e4f6e4fcf5fffc000001010000fdfef7f9e9edeaececeaede9eee8eee7eee6efe5efe4f0e3f0e2f0e2f1e1f1e1f1e1f2e1f2e1f2e1f1e1f1e2f0e2efe2efe3eee3ede3ece3ece3ebe3
1874,267272026,-43,11,256,1,27,0,b6600b00f80ffa09fb03fafcf9f6f7f1f4ecf1e8eee6ece5e9e5e8e6e8e8eaeaecedf0f0f4f4faf8fffc05ff0a020f04130617081909060200000000000000000000000000000000000001fe07fb0afd0eff1201160319051c051d061d061c061906150511050c0506050006fb08f60af20dee11ec14ec17ec19ed1bee1bf01ab300e115e116e116e117e217e318e318e419e519e51ae51ae61ae51ae51ae51ae419e418e317e316e314e313e212e210e20fe20de10be109e007f402fc0000ff01fe00fffd02f808ea17e916e714e613e412e311e211e110e010df0fde0ede0edd0ddc0cdc0cdc0cdc0cdd0cdd0dde0ede0fde10df10df11df11df12de12de13
1875,267287424,-43,11,256,1,27,0,b6600b00f4f0f9f4fff805fc0cfe12fe18fe1efd22fc24fa25f825f623f620f61cf717f811fb0afe0401fe05f809f30cef0feb12e913fa0400000000000000000000000000000000000000010008fc0bf80ef411f114ee17ec19ea1aea1aeb19ed17ef13f10ff40af704f8fdfaf7faf0f9ebf8e6f5e2f3dff0deeedfede1ece3b00000ebffeaffeaffeaffeafeeafeeafeebfeebfdebfdebfdebfdeafeeafeeaffeaffea00ea01ea01eb02eb03ec04ed04ed05ee07ef08ef09f003fa01feff0000010000fffefdfaf9effaeffbeefceefdedfeedffecffec00eb01eb01eb02eb02eb03eb03eb03eb03eb03eb03eb03eb02eb02eb02eb02eb01eb01ea01ea00ea
1876,267291538,-43,11,256,1,27,0,b6600b00ffee00f402fa05ff09040d08120b160d1a0e1d0e1f0d1f0c1e0a1c08190714060f0508040203fc03f603f003ec03e803e503f900000000000000000000000000000000000000ff01fb06f706f206ee06ea06e607e407e308e308e407e606e905ed03f201f7fefbfb00f703f205ed07e907e506e205e004df02e001e0a90008ef08ef08ef08ef07ee07ee06ee06ee06ee06ee06ee06ee06ee06ee06ee06ee07ef07ef07ef08f008f109f109f20af20af30bf40cf50cf604fc01ffff00ff00ff0000fe01fa03f004f105f106f107f108f108f109f109f10af10af10bf10bf20cf20cf20cf20cf20cf20bf20bf20bf10af10af10af00af00af00af00aef
1877,267292931,-43,11,256,1,27,0,b6600b00fb12fb0bfb05fafef8f7f5f1f1edeee9eae7e7e6e4e6e3e7e3e8e5ebe8eeecf1f2f4f8f8fefb04fe0a011003150519061c07070200000000000000000000000000000000000001fe06fa0afb0ffd14fe19ff1cff1f00200020001f001c00190014010e0208030205fc08f70cf310f014ee18ee1cef1ef020f220f420ae00f10df10ef10ef10ef20ef20ef20ff30ff30ff410f410f410f410f410f310f310f30ff30ff20ef20df20cf20cf20bf10bf10af109f008f007fa02fe0000ff00ff00ffff01fc04f50df40cf30cf20bf20bf10af10af00af00aef09ef09ee09ee09ee08ee08ee08ee08ee08ee09ee09ef09ef0aef0aef0bf00bf00cf00cf00d
1878,267299653,-43,11,256,1,27,0,b6600b00ee04f401fafe00fa05f609f10cec0de70ee30ee00dde0cde0adf09e108e506ea05f003f602fd0103010a000f0014ff18ff1bff070000000000000000000000000000000000000100080109050c0a0e0e0f121115121813191219111810160d130a0f060b0107fc04f601f1ffebfde7fde2fddfffde00dd02de03df04af00eef9eef9edf9edf9edf9edfaedfaedfbedfbedfbedfbedfbedfbedfbedfbedfbeefaeef9eef9eff8eff8f0f7f1f7f1f7f2f6f3f5f4f4f4f4fbfbfefe000001000000fe00faffeffeeffdeffceffbeffaeff9eff8eff8eff7eff6eff6eff6eff5f0f5f0f5f0f5f0f5f0f5f0f5f0f5f0f6eff6eff6eff7eff7eef7eef7eef7
1879,267337186,-40,11,256,1,27,0,b6600b000e190811000af703eefde5f9ddf7d5f6cff7cbf8c9facafccdfdd2ffd800df00e7fff0fefafd03fb0bf913f718f41cf220f108fc000000000000000000000000000000000000fffd00f403f008ea0ce50fe012db15d716d415d414d613da11df0ee60cee0af80902090c09150b1d0d26112d1430173019301a2f192d050a101f0d1b08160310fe0cf907f303ee00eafee6fce2fae0f9dff8dff6e1f5e4f3e7f1ebefefedf4ebf9eafde902e805e808e70ae7fcddfedefff900fe000000000000fffffdfdf4f0f7f0fcf3fff203f006ef09ee0cee0fed10ee11f112f312f711fc10011008100e0f130f19101e11231227142b152c152a162915271525
1880,267352725,-43,11,256,1,27,0,b6600b00fceefef401f905fe0a020f06140819091d0920092207220621051e031b031602100209020303fc04f605f106ec07e808e508f902000000000000000000000000000000000000ff01fc07f807f307ee08ea09e70ae40ae30be30be40ae609ea08ee06f203f6fffbfbfef601f103ec04e803e402e101dfffdefddffce0ac0007ee07ee07ed06ed06ed05ed05ed05ed04ed04ed04ed04ed04ec04ec04ec04ed05ed05ed06ee06ee07ef07ef08f008f109f10af20bf30bf304fb01feff00ff00ff0000fe01fa03f004f005f006f007f007f008f008f009f00af00af00af10bf10bf10bf10bf10bf10bf10bf10af10af00af009f009ef09ef09ee08ee08ee
1881,267368757,-43,11,256,1,27,0,b6600b00fb11fb0afb04fafdf8f7f5f1f2edefe9ebe7e8e6e6e6e5e7e5e9e7ebeaeeeef1f3f5f9f8fffc05ff0a010f03140518071a08060200000000000000000000000000000000000001fe05f909fa0efc13fd17fd1bfe1efe1ffe1ffe1eff1bff17ff12000d0107030206fc09f80cf410f114ef18ef1bf01df11ff31ff51ead00de12de13dd14de15de15df16e016e116e116e117e117e118e118e118e117e116e015e014e013e011e010e00fe00de00ce00adf07df05df04f401fc0001ff01fe00fffd02f708e817e716e514e413e212e111e010df0fde0edd0edc0ddc0cdb0cdb0bda0bda0ada0adb0adb0bdb0bdc0cdc0ddc0edc0fdc10dc11dc11dc12
1882,267380399,-42,11,256,1,27,0,b6600b00f005f502fafffefa01f503f005eb05e704e303e002df00dfffe0ffe2fee6ffebfff001f602fc04020608070d09110a140b16020500000000000000000000000000000000000001000701080509090a0d0c110d140e160f170f170e160d150b12080e050b0108fc05f702f200ed00e900e501e302e104e106e208e408a900eefbeefbeefbeefceefceefceefdeefdeefdeefeeefeeefeeefeedfeedfdeefdeefdeefceefbeffbeffaf0faf0f9f1f9f2f8f2f7f3f7f3f6fbfcfefe000000ff0000fe00fa00f1fff1fff1fdf1fcf1fcf0fbf0fbf0faf0faf0f9f0f9f0f8f0f8f0f7f0f7f0f7f0f7f0f7f0f8f0f8f0f8f0f8eff9eff9eff9effaeefaeefa
1883,267382555,-43,11,256,1,27,0,b6600b000df409f806fe0404020a01110216041b051f072109220b210b200b1d0a1a08150510010afe04fafef6f9f3f5eff1eceeebecfafa000000000000000000000000000000000000fe00f700f5fdf2f9eff5ecf2eaefe8ede7ece7ede8edeaefedf1f1f3f6f5fbf701f907fa0dfa12f916f71af51cf21df01dee1ced1aeca40013fc13fb13fb13fb13fb13fb12fa12fa12f912f912f912f912f912f912fa13fa13fa13fb12fb12fc12fd11fe11ff11ff110010011002100305010100ffffff00ff0001ff05fd0ef90ffa0ffb10fc10fd10fd11fe11fe11ff11ff1200120013011301130112011201120112001200130013ff13fe13fe13fe13fe13fe14fd
1884,267385629,-43,11,256,1,27,0,b6600b00ef07f404f9fffdfa00f402ee02e902e401e000ddfedcfddcfbdefbe0fbe4fce9feef00f502fb050208070a0d0c110e14101704050000000000000000000000000000000000000100070108050a0a0c0e0d120f1510181119111911180f170d140a10060c0109fc05f703f101ec01e701e303e005de06de08df0ae10bb200ec01ec01ec02ec02ec02ec02ec03ec03ec04ed04ed04ed04ed04ec04ec04ec04ec03ec03ed02ed01ed01ed00eeffeeffeefeeffdeffcf0fbfafefeff000000ff00fffe00fa01f003f002ef01ef00efffeeffeefeeefeeefdedfdedfcedfcedfcedfbedfbedfbedfbedfbedfcedfcedfdedfdecfeecfeecfeecffecffecff
1885,267388564,-43,11,256,1,27,0,b6600b00f50cf807fa02fbfcfbf6faf1f9ecf6e8f4e5f2e4f0e3eee4eee5efe8f1ebf4eff7f3fbf700fb05ff09020d051108140a160b050300000000000000000000000000000000000001ff07fe09010c040f07120a150b170d180d180d170d150c120b0e090a070506ff06fa06f407f009ec0bea0de810e812e814ea15ec15ad00de09de09dd0add0bde0cde0ddf0ddf0de00ee00fe010e010e011e011e010e00fdf0edf0ddf0cdf0be009e009e108e106e105e103e101e1fff4fffcff00ff01ff00fffd01f604e40ae309e307e206e104e103e002df02de01de00ddffddffddffddfedcfedcfeddfeddfeddffdd00dd01dd01dd02dd03dd04dc05dc06dc07
1886,267500719,-42,11,256,1,27,0,b6600b00fcedfef302f906ff0b03100715091a0b1e0c210b230a2308220720051c041603100309030203fc03f504ef05ea06e606e406f801000000000000000000000000000000000000ff01fc07f807f208ed08e909e60ae30be20ce10ce20be50ae808ed06f103f6fffbfbfff601f103eb04e704e203df02dd00dcfeddfddead0008ed08ed07ed07ec06ec06ec05ec05ec04ec04ec04ec04ec04ec04ec04ec04ec05ec05ec06ed06ed06ee07ee07ef08f008f009f10af20bf204fb01feff00ff01ff0000fe01fa05ef05ef06f007f008f009f009f00af00bf00bf00cf00cf00cf10df10df10df10df10cf10cf10bf00bf00bf00aef0aef0aee0aee09ee09ed
1887,267515594,-42,11,256,1,27,0,b6600b00f1f7f7f9fdfb03fd0afd0ffc15fb19fa1cf81ef51ff31ff21df21bf318f413f60ef908fc03fffe03f906f40af00ced0feb10fa0400000000000000000000000000000000000001010406030a010e0013ff17fe1afd1cfd1dfc1dfc1cfc19fd16fd11fc0bfc06fa00f8faf6f5f3f1f1edeeebebe9e8e9e7ebe6ece7eeab00f6def6ddf5ddf4ddf4ddf3def3def3dff3dff2dff2dff2def2def2def3def4def5def6ddf7ddf8ddfadefbdffddffee001e103e105e107e102f501fcff0001010000fdfdf8f7ece6ede5efe4f2e3f3e2f5e1f6e0f7dff7def8ddf9ddf9dcfadcfbdcfcdcfcdbfddbfcdcfcdcfcdcfbddfbddfadcf9dcf8dcf7dcf7dcf7dc
1888,267521493,-42,11,256,1,27,0,b6600b000e0808060204fc03f603f004eb05e707e409e20be20de20fe40fe60ee90dee0af207f704fc0000fc05f808f40cf10eee10ed04fb000000000000000000000000000000000000fefefcf9fdf5fff101ed02e903e604e404e305e305e405e604ea04ef04f404f905ff0605080a0b0e0e11111414151615171418131711af000e1f0e1f0f1f101f111e121d121c131c131b131c131c141c141c151c141c131c121d121d111d101d0f1d0e1c0c1c0a1c081d061d051e031e010a0003fffffefeffff020206091119101a0e1b0d1c0b1d0a1e091f082008210821072206220622052205220423042205220622062107210821082109210a210b210c210d21
1889,267521699,-42,11,256,1,27,0,b6600b00f70efa08fb02fcfcfcf6fbf0faebf8e7f6e4f4e2f2e1f1e2f0e4f1e6f2e9f5edf8f2fbf7fffc030007050a090d0c100f1211040400000000000000000000000000000000000001fe06fb09fc0efe12ff160119021b021d031d031b031903150311030b0306040005fb06f609f10cee0fec12eb15ea17eb18ed18ef18ab00e111e111e112e112e213e313e314e414e515e515e515e516e516e516e416e415e415e414e413e411e410e30fe30de30ce30ae309e207e205f501fc0000ff01fe00fffd02f707e813e712e510e40fe30ee20de10ce10ce00bdf0ade0ade09dd08dd07dd07dd07dd07de07de08de09df0adf0bdf0cdf0ddf0ddf0ddf0edf0e
1890,267536942,-42,11,256,1,27,0,b6600b0008ef05f504fc0303030a04110516071b091f0c210d220f210f200e1d0d190b15070f04090003fcfef8f8f5f4f2efefeceee9fbfa000000000000000000000000000000000000fe01f905f505ef03ea02e602e201e001de00de00e0ffe3ffe7feecfef2fdf8fcfffa05f70af40ff113ed15ea16e616e416e314e212e3b20011f611f611f510f510f510f40ff40ff40ff40ff30ef30ef30ef30ef30ff30ff40ff40ff50ff510f60ff70ff70ff80ff80ff910fa10fb10fc06ff01ffff00ff00ff0001fe04fb0df40df50ef60ff70ff710f810f811f911f912f912fa12fa13fa13fb13fb13fb13fb12fb12fa12fa12fa12f912f912f812f812f812f712f7
1891,267537157,-42,11,256,1,27,0,b6600b0011040a030403fd03f605f008ea0ae60ee411e213e115e217e416e615e913ee0ff20bf706fc0101fc05f709f20cee0feb11e904fa000000000000000000000000000000000000fefff8fbf7f7f7f1f6ecf5e8f5e4f5e1f5e0f5e0f6e1f7e4f9e8fbedfef201f805fd09020d07120a160d1a0e1e0f200e210c210a2009ad0008110911091109110a100a100a100a0f0a0f0a0f0a0f0b0f0b0f0b100a100a10091008100811071107110610051004100310011000100010ff06ff01ffffffffffff010104040c0b0c0c0b0d0a0d090e090f080f081008110711071207120612061205130513051205120512061206120612071207120712081208120812
1892,267541358,-42,11,256,1,27,0,b6600b0003ef02f503fb04020608080d0b120e1511171418161817171716151413110f0e0b0a05070003fbfff6fcf2faeef7ebf5e8f3fafc000000000000000000000000000000000000ff01fb06f706f206ed06ea06e606e406e306e306e405e605ea04ee02f300f8fefdfa02f706f309ef0ceb0de80de50ce30be109e108e2b0001eed1eed1eec1eeb1dea1dea1cea1bea1bea1bea1be91be91be81be91cea1ceb1ded1eee1eef1ff11ef21ef31df41df61df81efa1efd1fff0b000300ff00fe01ff0001fc05f611e512e614e716e917ea19eb1aec1ced1ded1eee1fef1fef1fef1ff020f020f120f120f220f120f11ff11ff11ff01ff01fee1fed1fed1fec
1893,267547818,-29,11,128,1,27,0,6aa22641ec040701120011fe18fd1a0010050506010204ff0cfd08f801f701f8fbf6f7f5f7fbf5fdf9fa02fe09ff08fb01fafdfdfefc00fe000000000000000000000000000000000000fe03fc0800fe020005040103fe03fc04fa00fafff907f30cee06f5fe01fc0403040407020d0211ff0b03050c0a0b0303ed00ec0105fb
1894,267550011,-27,11,128,1,27,0,cbb00c41fff8fff608fb16030801f2f7f0f2f8f5fcfef503f305ff0c0410fe06fa00f807fc0700fd01ff0206060206fa04fe07010bfc03fe000000000000000000000000000000000000fb03f409ff0106fb02fa01000307010b020afa02ecf8edf9f600f801f905fc0a000400f801f105f70602060809fe0cf509fd08fe11f3
1895,267551071,-27,11,128,1,27,0,aee11a41fffaf204ed0ef30afa0af40fef02f2efecf0e6f9eef8f2f1f0f4f5fefe0504090204fa02f908fc03fbfaf800f706ff080b0c030300000000000000000000000000000000000001020305fff8fdedf7edf7f7ff0a050b08fe0b0014ff16f70f00fd02f4fb03050510fc03f6f6f9ee03ec05ec0de40ee706f70af50be9
1896,267553787,-42,11,256,1,27,0,b6600b00eff9f5fafcfb02fc09fb0efa14f818f61bf41cf11def1dee1bee19ef16f012f30df708fb03ffff03fa07f60bf30ff011ee13fb05000000000000000000000000000000000000010005050409030d021201160119001c001d001dff1cff1aff16fe11fe0cfc07fa01f8fcf5f7f2f3efefebede8ece6ede5eee4efe5f1ae00ede1ede1ece1ebe1ebe1eae2eae3eae4eae4e9e4e9e3e8e4e8e4e8e4e9e3eae3ebe2ece2ede1eee1efe1f0e1f2e1f4e1f6e1f8e1fae0fce0fef400fc000001010000fdfdf7f8e9eaeae9ebe8ede6eee5efe4f0e3f0e2f1e0f1e0f2dff2dff3def4def4def5def4def4def4def3dff3dff2dff2dff1dff0dfefdfeedfeedf
1897,267555908,-43,11,256,1,27,0,b6600b00f60ff909fb03fcfcfcf6fceffaeaf8e5f7e1f5dff3def1def1e0f1e3f3e6f5ebf8f0fcf500fb040107060b0b0e0f10121215040500000000000000000000000000000000000001fe06fb0afc0ffe130017011b021d031e031e031d041a04170412040c0406040005fa07f509f00ced0fea12e915e818e919ea1aec19ad00ef09ef09ef0aef0aef0af00af00af00af00bf00bf10bf10bf00bf00bf00bf00bf00aef09ef09ef08ef07ef06ef06ef05ef04ef03ef02ef01fa00feff00ff00ff00fffe01fc04f40bf40bf30af209f109f108f008f007ef07ef07ee06ee06ee05ee05ed05ed05ee05ee05ee05ee05ee06ee06ee06ee07ee07ee07ee08ee08
1898,267558847,-43,11,256,1,27,0,b6600b00faeffcf400f905fe0a030f06140819091d0a20092208220721051f041b03160310020a020302fc02f603f004eb04e705e405f901000000000000000000000000000000000000ff01fe07fa09f50af10ced0eea0fe811e711e611e710e90fec0cf009f305f701fafcfdf7fff100ec01e700e3ffe0fddffbdefadff9e0b50006ee06ee06ed05ed05ed05ed04ed04ed03ed03ed03ed03ed03ec03ec03ec03ec04ed04ed05ed05ee06ee06ef06ef07f008f108f109f20af303fb01feff00ff00ff0000fe01fa03f004f005f006f006f007f008f008f009f009f00af00af10af10bf10bf10bf10bf10bf10af10af00af009f009f009ef08ef08ef08ee08ee
1899,267566011,-43,11,256,1,27,0,b6600b0011fc0bfe06010005fb0af80ef513f318f31cf31ff421f522f721f81ffa1bfb16fc10fc0afc03fcfcfcf6fcf0fbebfbe7fbe4fef8000000000000000000000000000000000000fefff8fcf8f8f7f3f6eef5eaf5e7f4e5f3e3f3e3f4e4f5e6f7e9f9eefcf200f704fb08ff0d01120317041c041f032102210121ff20feae00120612061205120512041204120412031203120212021202120213021302130213031203120412041105110510050f060f070e070e080d0904030101ffffffffffff010005010f040f050f060e070e070e080e080f090f090e0a0e0a0e0b0f0b0f0b0f0b0f0b0e0b0e0b0e0b0f0a0f0a1009100910081008110811081208
1900,267568281,-43,11,256,1,27,0,b6600b000010ff0afd05fbfff7faf4f6f0f3ecf0e8efe5efe3f0e2f1e3f2e5f4e8f6ecf7f1f9f7fbfdfc03fd09fe0eff12ff16001900060000000000000000000000000000000000000000fe03fa07fa0cfa10fa14fa17fa19f91bf91bf91af918fa14fb10fc0cfe07010304ff07fb0cf910f714f718f71bf81df91efb1dfc1db500f01ef01ff120f120f220f320f320f521f521f621f721f721f721f721f722f621f621f520f41ff31ef21ef11df11cf01bef1aee19ec17eb16f807fd0200ff00fe00ffff03fc09f51bf31af219f019ef19ee19ed19ec19ea19e918e918e818e718e718e718e718e718e818e818e919ea19ea1aeb1beb1bec1cec1ded1ded1e
1901,267579485,-43,11,256,1,27,0,b6600b00feef00f502fa040008050c09100c140e180f1a0f1c0e1d0d1c0c1a0a170813070e0508040202fc01f601f100ec00e9ffe6fff9ff000000000000000000000000000000000000ff01fc06f906f407f007ec08e908e609e509e509e609e808eb06ef04f302f7fffcfb00f703f305ee06ea06e706e305e203e102e101e2a90010e10fe00fe00edf0edf0ddf0cdf0cdf0bdf0bdf0ade0ade0ade0ade0bde0bde0cdf0de00ee10fe210e310e411e511e612e714e915ea16ec08f902feff00ff01ff0000fc02f507e309e30be40ce40ee40fe410e411e512e514e515e515e516e516e517e517e617e616e616e615e515e514e414e413e313e212e212e112e1
1902,267595662,-43,11,256,1,27,0,b6600b000f040a040403fe04f806f308ef0bec0ee911e814e816e917ea17ed16ef13f210f50bf806fc01fefb01f603f105ed06ea08e802f9000000000000000000000000000000000000fefffbfafcf7fdf2feeeffea00e700e501e401e300e400e700ea01ee02f303f805fd07020a060d0a110d140f170f1a0f1b0d1b0c1a0bb10016191719171918191819181918181918191719161a161a161a161a171a17191818191719161a151a131a121a101b0f1b0d1b0b1c091d071d020a0003fffffeffffff0201080518101711161314151416131713181219121a111b101c101d101d101e101e0f1e0f1e0f1e0f1d101d101d111d121c121c131c141c151c151c
1903,267607022,-43,11,256,1,27,0,b6600b000e0709050304fd04f704f206ed08e90ae70de510e512e613e713e912ec10f00df409f805fc00fffb03f606f208ee0aeb0ce903fa000000000000000000000000000000000000fefefbfafdf6fff200ee02ea03e704e504e404e304e403e703ea03ef03f304f905fe070309080c0c0f1012121513171219111910180ead000c200c200d200d200e200f1f0f1f0f1e101e101e101e101e111e111e101e0f1f0e1f0d200c200b200920081f061e051e021e001efe1efc1efe0bff03fffffefeffff02020608121711180f190e1a0c1b0b1c0a1d0a1e091f08200820072107210621052105220522052206210621062107210821082109210a210b210b21
1904,267619250,-43,11,256,1,27,0,b6600b00eff7f5fafcfb03fc0afc10fb15f91af71df41ff220f01fef1eee1bef18f114f30ef709fb04fffe03fa07f50bf20fee11ec13fa0500000000000000000000000000000000000001010506040a020f01140018ff1cfe1efe1ffe1ffd1efe1bfd17fd12fd0dfc07fa01f8fbf5f5f2f1efedebebe8eae5eae4ebe3ede4efb100f9eef9edf8edf8eef8eef7eef7eff7eff7eff6eff6eff6eff6eff6eff6eff7eff7eef8eef8eef9eefaeefbeefbeffceffdeffeef00ef00ef00fa00fe000000000000fefefcfbf6f2f6f1f7f1f8f0f9effaeffaeffbeefbeefbedfcedfcedfcedfcedfdecfdedfdedfdedfdedfdedfcedfcedfbedfbedfaedfaedfaedf9ed
1905,267626957,-43,11,256,1,27,0,b6600b00f009f505fa01fefb01f604f005ea06e505e104de03dc01dc00dd00df00e300e800ee01f401fb02020308040e05130617061a010600000000000000000000000000000000000001ff07ff0a010e051109140c170e1810191119111811160f130e0f0b0a090406fe05f804f203ec03e804e406e108e00ae00ce10ee30ead00edffecffecffec00ec00ed00ed01ed01ed02ed02ed02ed02ed02ed02ed02ed02ed01ed01ed00edffeeffeefeeffdeffdeffcf0fbf0faf0f9fafdfeff000001ff00fffe00fa01ef02ef02ef00efffefffeefeeefeeefdeefceefceefbeefbedfbedfaedfaedfaeefaeefaeefbeefbedfbedfcedfcedfdedfdedfdecfdecfd
1906,267638459,-43,11,256,1,27,0,b6600b00eff8f5fafcfc03fd0afc10fb15fa1af81ef620f421f220f11ef01cf119f314f50ff809fb03fffe02f906f409f00cec0eea10fa0400000000000000000000000000000000000001010605050a050f04140418031c031f02200220011e011c0018ff12fe0dfc07fa01f7fbf4f6f1f1edeeeaece7ebe4eae3ebe3ede3efa900f9eef9eef8eef8eef8eef8eef7eff7eff7eff7eff7eff7eff7eff7eff7eff8eff9eef9eefaeefaeefbeefceffdeffeefffef00ef01ef02ef00fa00fe000000000000fefefbfbf4f3f4f2f5f2f6f1f7f0f8f0f8eff9eff9eef9eefaedfaedfbedfbedfcedfcecfcecfcedfcedfbedfbedfbedfaedfaedfaedf9edf9edf9ed
1907,267644694,-43,11,256,1,27,0,b6600b00eff8f5fafcfb03fb09fa0ff914f718f41cf11eef1eed1dec1bec19ec16ee12f10df508fa03feff03fb08f70df410f113ef15fb0500000000000000000000000000000000000001010506040a020f01130018ff1bff1efe1ffe1ffe1efd1bfd17fd12fd0dfb07f901f7fbf4f6f1f2edeeeaece7ebe4ebe3ece3eee3f0b100f1dcf1dcf0dcefdcefddefddeedeeedeeddeeddeeddfecdfecdfeddeeddeeedeefddf0ddf2ddf3ddf4ddf6def8def9defbdffedf00df02df01f400fc000001010000fdfdf7f7eae6ebe5ede3efe2f0e1f2e0f2dff3def4ddf5dcf6dbf6daf7daf8daf8daf9daf9daf9daf8daf8dbf7dbf7dbf6dbf5dbf4dbf3daf3daf3da
1908,267657627,-43,11,256,1,27,0,b6600b00060f030a0005fb01f6fef1fcecfae7fae4fae1fbdffcdffee0ffe2ffe600ea00f0fff6fefcfd02fc07fb0cf911f815f717f606fd000000000000000000000000000000000000fffe00f904f708f50cf30ff112f014ef15ee15ee15ee13f010f20df50af907fd04020207010c001100150119031c051d071d081c091bb600001100110111011101110211021102110311031103110310031003110311031102110211011101100010ff10ff10fe0ffd0ffc0ffb0efb0efe05ff0100ffffffffff00010105020e020e010e000eff0fff0ffe0ffe0ffd10fd10fc10fc10fc10fb10fb10fb10fc10fc10fc10fc10fd10fd10fe10fe10fe11fe11fe11fe11
1909,267658771,-43,11,256,1,27,0,b6600b00f8f1fbf5fffa04fd09000e02130318031c031e02200120ff1ffe1dfe19fe15fe0fff09000301fd03f805f307ee08eb09e80afa020000000000000000000000000000000000000001ff06fc08f80af40df10fef11ed12ec13ec13ec13ee11f00ef20bf507f803fafefcf8fdf3fdeefceafbe6f9e4f7e2f6e2f5e3f4e5a60002ee02ee02ee01ee01ee01ee01ee01ee00ee00ee00ee00ee00ee00ee00ee01ee01ee02ee02ee03ef04ef04f005f005f106f107f208f209f303fb01feff000000ff00fffefffafdf1fef1fff100f101f002f002f003f003f004f004f005f005f005f006f006f006f006f005f005f005f005ef04ef04ef04ef03ee03ee03ee
1910,267681499,-43,11,256,1,27,0,b6600b000310010afe05fa01f6fdf1faedf7e8f6e5f6e2f6e0f7e0f9e0fae3fbe6fcebfdf0fdf6fdfdfd03fc08fb0dfa11fa15f918f906fe00000000000000000000000000000000000000fe02f806f80af70ff712f615f518f419f419f418f416f514f710f90cfc08ff04040108ff0dfd11fc15fd19fe1cff1e011e021e031dae00f220f221f221f322f422f521f621f621f721f621f622f722f722f622f622f521f421f320f31ff21ff11df01cef1bee19ed18eb16e915e814f707fd0100ff00fe00ff0003ff0afd1dfc1dfa1df81df61df51df31df21df11ef01eef1eee1eed1ded1dec1cec1cec1cec1ced1ced1dee1dee1def1eef1fef1ff020f020f020
1911,267681825,-43,11,256,1,27,0,b6600b0001ed01f303fa050009060c0b110e151119121c131e121f111f0f1c0e190b15090f0708050203fb02f501ef00ea00e6ffe4fff8ff000000000000000000000000000000000000ff01fb06f706f105ed04e804e504e204e004e004e104e403e703ec01f100f6fdfbfa00f605f208ed0ae90be50be20adf08de06de05dfad000df10df10df00cf00cf00bf00bf00bf00af00aef0aef0aef0aee0aef0aef0aef0bf00bf00cf10cf10cf20cf30cf30cf40df50df60ef70ff705fd01ffff00ff00ff0000fe02fa08f109f209f20af30bf30cf30df40df40ef40ef40ff40ff50ff50ff510f510f510f510f50ff50ff40ff40ff40ef30ef30ef20ef20ef10ef1
1912,267687486,-43,11,256,1,27,0,b6600b000012ff0cfd06fa00f6faf2f6eef2e9f0e6eee2eee0eedff0e0f2e2f3e5f5eaf7eff9f6fafcfc03fd09fe0fff14ff18001b00070000000000000000000000000000000000000000fe03f807f80cf711f716f719f61cf51df51ef51cf61af717f912fb0efd08000304ff08fc0dfa12f817f81bf81ef921fa22fc21fd20a800f711f711f811f812f812f912f912fa12fa12fa12fa12fa12fa12fa12fa12fa12f912f911f911f810f810f70ff70ff60ef60df50df40cf30bfb04fe0100ff00fe00ffff01fe05fc10fb0ffa0ff90ff80ff70ff70ff60ff50ff50ff40ff40ef30ef30ef30ef30ef30ef30ef30ef40ef40ff50ff50ff510f510f610f611f611
1913,267696533,-42,11,256,1,27,0,b6600b000110000bfe05fa00f6fcf2f8eef5eaf3e6f2e3f2e1f3e1f4e1f5e3f6e7f8ebf9f1faf7fbfdfc03fd09fd0efd13fd17fd19fd06ff00000000000000000000000000000000000000fe02f906f90bf80ff713f716f619f51af51af519f617f714f810fa0cfc080004030008fd0cfb11fa15fa19fb1cfc1efd1fff1e001db100ec1dec1eec1eed1fed1fee1fef1fef1ff01ff01ff020f020f020ef20ef1fee1fed1eec1dec1ceb1bea1aea18e917e815e713e611e50fe40ef504fc0100ff00fe00ffff03fd0af91df71cf51cf31bf11bf01bef1bed1bec1beb1beb1aea1ae91ae819e719e719e718e719e819e819e919e91aea1bea1bea1cea1dea1dea1d
1914,267700475,-43,11,256,1,27,0,b6600b00f811fa0bfa04fafef8f7f6f1f3ecf0e9ece6e9e5e7e5e6e6e6e7e7e9eaeceef0f3f3f8f7fefa04fe0a000f03140518061b07070200000000000000000000000000000000000001fe06fb0afd0e00120216041a051c061e061e061d061b06170513040d0407050206fc08f70af20def11ec15eb18eb1bec1cee1df01da700dd13dd13dd14dd15de16df16e017e017e118e118e119e119e11ae119e019e018df17df16df15df14df12df11df0fdf0edf0cde0ade07dd06f301fc0001ff01fe00fffd02f607e614e513e311e20fe10ee00ddf0dde0cdc0cdc0bdb0adb0ada09da09da08d908da08da08da09db0adb0bdb0cdb0cdb0ddb0edb10db10db11
1915,267704131,-27,11,128,1,27,0,c77ffc41f105ea03effefaff0405090306fc04ff04020000ff00fcfff701f808fe04fdfbfcfa02fe04ff00fd00feff00fd02fe0302050101000000000000000000000000000000000000fffefafbf8fffcfd01fb0000000305fb03f1fff104f503fc010006ff0b000a030704ff07f801fefa0801fe06ee06f10bfa0af909f60d
1916,267704484,-42,11,256,1,27,0,b6600b0008f106f604fc04020508060d08120b160d18101a121a131a1318121611130d0f0a0c05080004fb00f6fdf2faeef8ebf6e8f5fafd000000000000000000000000000000000000fe00f903f601f2feeefcebfae8f8e6f7e4f7e4f7e5f7e7f8eaf9eef9f3faf8fafefa03f909f60df411f113ee14eb14e914e712e710e7a80020f120f020ef20ee1fee1fee1eed1ded1ded1dec1deb1dea1dea1dea1deb1dec1eed1eee1fef1ff01ef11ef21df41df51df71df91efb1efc0bff03ffff00fe01ff0002fd08f918ef19f01af11bf31cf41df51ef61ff720f821f821f921f922f922f922fa22fa22fa22fa22f921f821f821f721f722f622f422f322f222f2
1917,267706873,-72,11,128,1,27,0,0ee000411bb220c42bdc2ff225fa22000002ea072b045af961fc2ef9f9e63cd87bd567d33bda1cfb0d2011281725102a0b2b06310731020b000000000000000000000000000000000000fd02fdf606e0f5e4dddbe4cbf1c7e8bdd8b7cab0c6a7c9a9ccc1cdd2dccb00cd11d722e337e538d03dcb47d04fc154aa45ad2cbb2fab
1918,267716812,-42,11,256,1,27,0,b6600b000510020bff06fb01f6fef1faedf8e8f7e4f7e1f7e0f8dff9e0fbe2fce5fdeafdf0fdf6fdfcfd02fc08fb0dfb11fa15fa18fa06fe000000000000000000000000000000000000fffe00f904f708f50cf410f213f015ef17ef17ef16ef15f112f30ff60bf908fd04020207000cff11ff160019011c021e041f051e061dab00fb11fb11fb11fb11fb11fb11fc11fc11fc11fd11fd11fd11fd11fc11fc11fc11fb11fb10fa10fa0ff90ff90ef80ef80df70df60cf60bf50bfc03fe0100ffffff00ff00010005000eff0efe0efd0ffc0ffc0ffb0ffa0ffa0ff90ff90ff80ff80ff80ff70ff70ff70ff70ff70ff80ff80ff80ff910f910f910f910f910f911
1919,267720552,-42,11,256,1,27,0,b6600b00eefff4fefafd00fb05f80af50df110ed12ea12e712e511e410e40ee60de90aed08f205f703fd0103ff08fe0dfc12fb15fa18fe06000000000000000000000000000000000000010006020706070b080f091309170a190a1b0a1b091a081807150511020cff08fb03f7fff3fceff9eaf8e7f7e4f7e1f9e0fae1fce2fdb000e7e6e7e6e6e6e6e6e6e7e6e8e6e8e6e9e6e8e6e8e6e8e5e8e5e8e5e8e6e7e7e7e9e6eae5ebe4ece3ede3efe3f0e4f3e4f5e3f7e2f9e2fbe1fef4fffc000001000000fcfff5fce2f6e2f5e3f3e4f0e5eee6ede6ebe6eae6e8e7e7e7e6e7e6e8e5e9e4eae4eae3ebe3eae3eae4eae4eae4eae4eae4e9e4e8e4e8e5e7e5e7e5
1920,267734682,-42,11,256,1,27,0,b6600b00f1f7f6f9fcfb02fc09fc0efc13fa18f81bf61df41ef21df11cf01af116f212f40df708fb04ffff03fb07f70af30df010ee12fb04000000000000000000000000000000000000010104060209000efe12fd16fc19fb1bfa1cfa1cfa1bfa19fa15fb11fb0bfb06fa00f9fbf7f6f4f1f1eeeeebebeae9e9e8eae8ece8eeb300ece3ebe3ebe3eae3eae3eae3e9e4e8e5e8e5e8e6e8e6e8e6e8e6e8e6e8e5e8e5e8e4e9e4eae4ece4ede4efe3f0e3f2e3f3e3f5e3f7e2f9e2fdf5fffc000001010000fdfdf8f8eaeaece8ede7eee5efe4efe3f0e3f1e2f1e1f2e0f3dff4def4def5ddf5ddf5def5def5dff4dff4def2dff1dff1e0f0e0f0e0f0e0efdfefdf
1921,268275373,-42,11,256,1,27,0,6aa0060008ef06f505fb05020708090d0b120f161218151918191918191717151512110f0c0c07080105fb02f500f0feebfde7fce5fbf9fe000000000000000000000000000000000000fe00f703f400effdecfae8f8e6f6e4f5e2f4e2f4e3f5e6f6e9f7eef8f3f9f9f9fff805f70af50ef212ef14ec16e915e614e412e410e4a10022ed22ec22ec22eb22eb21ea20ea20ea1fe91fe91fe91fe81fe820e920e921eb21ec22ed22ef22f022f122f322f421f621f822fb22fd22ff0c000300fe00fe01ff0002fc07f616e617e719e91bea1cec1eed1fed20ee21ef22f023f124f124f225f325f425f425f425f424f424f324f323f223f123f124f024ef24ef24ee
1922,268499491,-93,11,128,1,27,0,4ff11441070207000701070105ff05fc04f803f503f503f704f805f907fb07fb06fb04fd02fe02ff01fefffdfffcfffcfffbfdf9fcf8fffe00000000000000000000000000000000000001ff04000301030202020003ff04ff05ff06fe06fd08fc0afc08fb05fb05000004fd06fd03fd01fe06ff0a020a040b040d020c020c05
1923,269113902,-94,11,128,1,27,0,4ff11441f5fcf9fdfe020203020201040306040704070409050a06080606040604060305040304030403040103ff03ff02fe02fb03f901fe00000000000000000000000000000000000000fe02fb01fb01fa01f803f904fa04fa04fa03f904f904f904fb02ffff01000002ff00fefdfefcfff9fff500f402f401f3fef3fcf2fe
1924,269622429,-42,11,256,1,27,0,d6633d000212000cfd07f902f4ffeffceafbe6fae2fadffcddfdddffde00e001e402e901ee00f4fefafc00f905f709f40df111ef13ed04fb00000000000000000000000000000000000001fe06fa0afb0ffc13fd17fe1aff1dff1efe1efe1dfe1afe17ff12ff0e0109030406000afc0efa12f917f91bfa1efb20fd21ff20011faa00f811f811f812f812f812f912f912fa12fa12fa12fa12fa12fa13fa13fa13fa13f912f912f811f811f710f710f60ff60ef50ef40df40cf30bfb04fe0100ff00fe00ffff01ff05fc10fc10fa0ff90ff80ff80ff70ff70ff610f50ff50ff40ff40ff40ff30ff30ff30ef40ef40ff40ff50ff510f510f610f610f611f611f611
1925,269625655,-42,11,256,1,27,0,d6633d000d0908070305fd05f806f307ee09eb0ce90fe811e813e915ea15ec14ef12f20ff50bf806fa01fdfcfef600f201ed02ea03e800f9000000000000000000000000000000000000fffefff702f506f309f00bee0deb0fea0fe90fe80ee90deb0bee0af208f607fb06000605070a090e0b120e1411161316141515131511a2000a210b210c210d200d200e200e1f0f1f0f1e101e101e111e111e111e111e101f0f1f0e1f0d200c200b1f0a1f081e071e051e031e011eff1eff0bff03fffffffeffff010205090e1a0d1b0b1b091c081d071e061f052004210421032202220222022201220122012201220222022203220422052206220722082208220922
1926,269639006,-42,11,256,1,27,0,966009000f0d09090207fb05f405ed06e707e20adf0ddd10dc13dd14df15e114e512ea0eef0af405fafffefa03f406ef09ea0ce60ee403f8000000000000000000000000000000000000fffdfef502f206ee0aeb0de70fe511e312e212e211e310e50ee90bee0af408fa07010808090e0b140d19101c131e161e191d1a1b1a18ae0004150515051505150615061506150714071407140714071407150715061506150515041503150315021501140014ff13fe13fc13fb12fa12fd06ff0100ffffffffff010103050a0f091008110711061205120513041404140315031502150215011501160016001601150115011501150215021502150315031603160316
1927,269644241,-42,11,256,1,27,0,b6600b0003ef03f504fb050008050b090f0c130e161019101b0f1c0e1b0c1a0b170913070d0608050204fc03f703f203ee03ea04e704f901000000000000000000000000000000000000fe01f803f502f100edfeeafde7fce5fbe4fbe4fbe5fbe7fbeafceffcf3fcf9fbfef902f707f40af10ced0dea0de70de50be309e308e4ad0019e718e618e517e517e416e415e415e414e414e314e314e214e214e214e215e315e416e517e617e718e818e918ea18ec19ee1af01bf11cf30afb03feff00ff01ff0001fc05f610e612e613e815e916ea17ea18eb19eb1aeb1bec1cec1ded1ded1eed1eee1eee1eee1eee1dee1ded1ced1cec1ceb1bea1be91be81be81be7
1928,269661113,-42,11,256,1,27,0,b6600b0001ee02f303f906ff0a030e07130a170c1b0d1e0c200b210920081e061b05160410040a030304fd05f706f207ed09e90ae70bf902000000000000000000000000000000000000fe01f804f402efffebfde8fce5fbe2fbe1fbe1fbe2fbe5fce8fcedfcf2fcf7fafdf802f606f209ee0bea0ce60ce30be10ae008e006e0a1000cf10cf00cf00bef0bef0aef0aef09ef09ef08ef08ee08ee07ed07ed08ee08ee08ee09ef09ef0aef0af00af10af10af20bf20bf30cf40df404fc01feff00ff00ff0001fe03fb0af30bf30cf40cf40df50df50ef50ff50ff610f610f610f610f610f610f610f610f610f610f50ff50ff50ff50ef40ef30ef30ef20ef10ef1
1929,269684814,-41,11,256,1,27,0,b6600b00f40df708f902f9fcf9f7f7f1f5edf2eaefe7ece6eae6e9e7e8e9eaebeceeeff1f4f4f9f7fffa04fc0afe0fff130017001a0106000000000000000000000000000000000000000100080109040b080d0c0f0f1112121313141414131311120f0f0c0d080a0308fe07f906f407ef08eb0ae80ce70fe612e714e915eb15a900dc0bdc0bdc0cdc0ddc0edd0ede0fde0fdf10df11df11df12df12de12de11de10de0fdd0edd0ddd0cde0bde0ade09df07df05df03de01defff4fffcff01ff01ff00fffd01f604e30ce30be209e107e006e005df04de03dd03dc02dc01dc01db00db00db00daffdaffdb00db00db01dc02dc03dc04db05db06db07da08da09
1930,269688438,-27,11,128,1,27,0,46633441fbfbfaf8fefffb06f6fcf6f7fa03fe0b020604fffffbfe00ff0afe0c0310030b01030001fdfdfdfb02fe03fb05fa07fd05fd00ff000000000000000000000000000000000000fdfef9fa01fc05fe03010006fe09020a0509010401fc01fa01ff08030403f305ec05f1fef4f9effbed04ee0df60a000b0311ff07f9fe
1931,269691914,-38,11,256,1,27,0,b6600b00feed00f203f807fd0b011004140719081c081f07200520041f031c02180114010f0109020403ff04fa06f608f30af00cef0dfb03000000000000000000000000000000000000fe01fa04f704f204ee04eb05e806e507e308e308e508e708e907ed05f202f6fefafafdf500f002eb03e602e201e000dffedefddefcdffff8ffe9ffec01f002f404f706fb09fe0b000e0210041205130613061307120710080e090c0a0a0c070d040e010eff0ffd10fc10fa11031502140003ff00ffff00ff00ffff00ff01fb0afb09fa06f904f603f502f302f201f000f0fff0fef1fcf3fbf5f9f7f7f9f4fbf2fdefffed00e901e701e401e201e100e1ffe2fee3fee4
1932,269699306,-41,11,256,1,27,0,b6600b0000eb00f001f503fb060109050d09110c150e190e1c0e1d0d1e0c1d0b1b0a180813060d0507040103fb03f602f103ec03e902fa00000000000000000000000000000000000000ff01fd06f905f504f002ec02e901e601e401e301e301e401e701eb01ef00f4fef9fcfdf902f505f208ee09ea0ae609e308e107e105e1b20012e212e111e011df10df10df0fdf0edf0ddf0ddf0cde0cde0bdd0bdd0cdd0cde0dde0edf0fe010e011e111e311e412e513e615e816e917ea08f802fdff00ff01ff0001fc04f50ce40de40fe510e612e613e714e715e716e717e718e819e819e81ae81ae81ae81ae819e819e818e718e717e617e516e516e416e316e216e2
1933,269709177,-41,11,256,1,27,0,b6600b000af208f707fc06020708080d0b110e151017131815181717171516131311100e0b0b06080005fb03f502f001ec00e8ffe5fff9ff000000000000000000000000000000000000fefff7fef6fbf4f7f2f3f0efeeededececebecebececeeedf0eff3f2f7f4fcf701f806f90bf810f714f516f318f019ee18ec17eb15eaa10024f524f424f424f323f323f222f222f122f122f022ef22ee22ee22ef22ef23f023f223f323f423f623f722f822f921fa21fd21ff210121030c010300fe00fe01ff0002fe09fa1af01bf11cf31df51ef61ff820f921fa22fb23fc23fc24fd24fd24fd24fd24fe24fe24fe24fe23fd23fc23fc24fb24fa24f925f825f725f6
1934,269721325,-41,11,256,1,27,0,b6600b00ee09f305f700fbfafdf4feedfee8fde3fbdff8dcf6dbf4dcf3ddf3e0f4e4f6e9faeefdf401f906fe0b030f08130b160d180f0604000000000000000000000000000000000000020008040808090d0a110b160c190d1b0e1d0e1d0d1c0c190b160812040e000afb06f604f002eb01e602e203df05dd08dd0adf0ce00cac00eb00ea00ea00ea01ea01ea01eb02eb02eb03eb03eb03eb04eb04ea04ea03ea03ea02ea02ea01eb00ebffebffecfeecfeedfdedfbeefaeef9f9fdfeff000001ff00fffe00f901ee03ee02ee00eeffedfeedfeedfdecfcecfcecfbecfbecfbecfaebfaebfaebfaecfaecfaecfaecfbecfbebfbebfcebfcebfdeafeeafeeafe
1935,269722912,-41,11,256,1,27,0,b6600b00ef03f301f8fefdfa00f502f003eb03e603e301e0ffdefedefce0fce2fce6fdeafeef00f502fa050009050b090e0d101012120404000000000000000000000000000000000000010105050509040d031103150318031b041c041c041b031903150211000dfd08fa04f601f2feedfce9fbe6fbe3fde1fee000e102e203ad00eefaeefaedfaedfbedfbedfbedfcedfcedfcedfdedfdedfdedfdedfdedfdedfcedfcedfbeefbeefaeff9eff9f0f9f0f8f1f7f2f7f2f6f3f5fbfcfefe000000000000fefffafff0fdf0fdf1fcf1fbf1faf1f9f0f9f0f8f0f8f0f7f0f7f0f6f0f6f0f6f0f5f0f5f0f5f0f6f0f6f0f6f0f7f0f7eff7eff8eff8eef8eef8eef8
1936,269729088,-41,11,256,1,27,0,b6600b00070f030bff07fb04f501f000eb00e701e302e104e006e008e109e409e708eb06f004f501fafefffa03f606f309ef0cec0eea03fa00000000000000000000000000000000000000fe03f807f80cf810f713f716f618f51af519f418f516f513f710f90cfc08ff05040208010d001100160119031c051d071d091c0a1ba600f822f923f924fa24fa24fb24fc24fd24fd24fd24fe24fe24fe25fe25fe24fd24fb24fa24f923f823f722f620f51ff41ef21df01cee1bec1af809fd0200fffffe00ff0003000b011eff1efd1efb1ef91ef81ef71ff520f420f420f320f220f220f11ff020f020f020f020f11ff21ff320f320f421f421f522f523f623f623
1937,269729541,-41,11,256,1,27,0,b6600b00f30ef608f802f9fcf9f6f9f0f7eaf4e6f1e3eee2ebe1e9e2e9e4eae6eceaf0edf4f1f9f5fff905fc0bff1002150319051c06070100000000000000000000000000000000000002ff09010a040c090f0d111113131515161616161515141311110e0e090b0409fe07f806f207ed08e90ae50ce30fe312e414e515e716a600d806d707d708d709d70ad80bd90cd90dda0dda0eda0fd910d910d910d910d90fd90ed90cd80bd90ad909da08da06db05db03db01dbfedbfcf2fefcff01ff02ff01fffc01f303de08dd06dd04dd02dc00dbffdbfedafdd9fcd9fbd9fad9fad8fad8f9d8f9d8f9d8f9d8fad8fbd8fcd8fdd8fdd8fed8ffd701d602d603d503
1938,269749142,-41,11,256,1,27,0,b6600b00f7f0fbf500f905fc0afe10ff15ff19fe1dfc1ffa20f81ff71ef61bf618f714f80ffb0afe05010005fb09f80cf40ff212f014fc05000000000000000000000000000000000000ff01fc07f808f309ef0aec0be90ce70de60ee60ee70ee90cec0af008f304f700fafcfcf7fdf1feedfde8fce5fae2f8e1f6e1f4e3f4e5a50001ed01ed00ed00edffedffedfeedfeedfeedfdedfdedfdedfdedfcedfdedfdedfdedfeedfeedffedffee00ee00ef01ef02ef03f004f005f001fa00feff000001ff00fffefffa00ef00ef01f002f003f004ef04ef05ef05ef06ef06ef06ef07ef07ef07ef07ef07ef06ef06ef05ef05ee05ee04ee04ee03ed03ed03ed02ed
1939,269753201,-42,11,256,1,27,0,b6600b0003ef03f504fb060008050c0a100d130f17101a111c101d0e1c0d1b0b180913080e0608050204fc03f603f103ed03e904e604f901000000000000000000000000000000000000fe01f803f502f0ffecfee9fce6fbe4fbe3fbe3fbe4fbe6fbeafceefcf3fbf8fafef903f707f40af00ded0ee90ee60de40ce20ae308e3b1001be71be71ae61ae519e518e417e416e415e315e315e214e114e115e115e115e216e316e417e417e518e618e718e918ea19eb1aed1bef1cf00afa03feff00fe01ff0002fd07f715e917ea18eb19ec1bed1cee1dee1eef1ff01ff020f020f121f121f121f121f121f121f121f120f01fef1fee1eed1eec1eeb1dea1de91de9
1940,269759835,-41,11,256,1,27,0,b6600b000b0f060a0107fa04f403ee02e803e305df07dd09dc0cdd0dde0ee10de50cea0aef06f402fafefffa04f508f10bed0eea10e804f9000000000000000000000000000000000000fffd01f504f409f10def11ec14eb16e917e817e816e914eb11ee0ef20bf709fd07020609050e06140719091c0c1f0f20111f131d131ba900011401140114021402140214021403140314031303130314031402140214011400140014ff14fe14fe13fd13fc12fb12fa11f910f810f70ffc05fe0100ffffffffff01010305090f080f0610051104110312031202130213011400140014ff14ff14ff14fe14fe14fe14fe14fe14fe14ff14ff14ff140014001400140015
1941,269761221,-41,11,256,1,27,0,b6600b00f0f8f6f9fcfa02f907f80cf510f213ef15ec15e915e714e512e610e70eea0cee09f307f805fe03040209010e00130017ff19ff0600000000000000000000000000000000000000010108fe0bfb0ef811f614f416f318f319f319f418f516f613f70ff80af905f8fff7faf6f5f3f1f1eeeeecebebe8ebe6ede6efe7f0a200ece1ece1ebe1eae1e9e2e9e2e9e3e8e4e8e4e7e5e6e5e6e5e6e5e6e5e6e5e7e4e8e4e8e3e9e2eae2ece2ede3eee3f0e3f2e2f4e2f6e1f7e0fdf4fffc000001010000fdfdf8f7ebe7ece7eee5f0e4f1e3f2e2f2e1f3e0f3dff4def5def5ddf5ddf6ddf6ddf6dcf6ddf6ddf5ddf4ddf4def3def2def1def0dfefdfeedeedde
1942,269762595,-41,11,256,1,27,0,b6600b00ef01f4fff9fdfef902f505f107ec08e808e407e106e004df02e001e201e601ea01f002f503fb04010607080b0a100b130c150305000000000000000000000000000000000000010105060409030e021202160118011b021c021c021b011901150011ff0cfc08f903f6fff2fceefaeaf8e6f8e3f9e1fae1fce1fee2ffa500eff8eff8eff8eef9eef9eef9eefaeefaeefbeefbeefbeefbeefbeefbeefbeefaeefaeef9eff9eff8f0f8f0f8f1f7f1f7f2f6f3f6f4f5f4f4fbfbfefe000000000000fefffafef0fbf1fbf1faf1f9f1f8f1f7f1f7f1f6f1f6f1f5f1f5f1f4f1f4f2f4f2f4f2f4f2f4f2f4f2f4f2f4f2f5f1f5f1f5f1f6f0f6f0f6eff6eff6
1943,269765577,-40,11,256,1,27,0,b6600b000012fe0dfb07f703f3ffeefceafae6fae3fae0fbdefcdefedf00e201e601ea01f001f5fffafcfffa03f706f409f20bf00cee03fb00000000000000000000000000000000000001ff07fc0afd0efe12ff160019ff1cfe1dfe1dfd1cfd1afd16fe12ff0d0109040407000bfd10fb14fa19fa1dfb20fc21fe220021011fa700f612f612f612f612f712f712f712f812f812f811f811f911f912f912f912f911f911f910f910f90ff90ef90ef90df90cf80cf80bf80af70afc03ff0000ff00ff00ffff01fe04fb0cfa0cfa0df90df80df80df70df70ef60ff60ff50ff50ff40ff40ff40ff40ff40ff410f410f510f510f511f511f511f511f511f511f511
1944,269775712,-40,11,256,1,27,0,b6600b00f40df608f802f8fdf8f7f7f2f5eef2ebefe9ede8ebe8eaeaeaecebeeedf0f0f3f4f6f9f8fefa03fb07fc0bfc0ffc12fb13fb05fe00000000000000000000000000000000000001000603070509090b0c0e0e10101211131214121311120f0f0d0c0b08090308fe07f807f408f00aec0ce90fe811e813e815ea15ec15a200df13df13df13df13df13e013e014e115e215e315e315e416e416e416e416e416e415e414e513e612e610e70fe70ee80ee80de80be80ae809f703fd0000ff01ff00fffd01f804eb0cea0ce90be80be60be60be50be40be20be10be00bde0add0add0add0add0add0add0bdd0bdd0cdd0dde0ede0fde0fde0fdd10dd10dd10
1945,269777328,-40,11,256,1,27,0,b6600b000d0e080a0207fb05f504ee04e904e405e107de09dd0bde0cdf0de20de60ceb0af007f503fafffffb02f706f308f00aed0beb03fa000000000000000000000000000000000000fffe00f802f505f208ee0aea0ce70de50de30de30ce40ce60ae909ee08f407fa07000706090c0b120e16111a131c161c171c181b1819a1000314031503150315031503140314031403140313031303130313031303130213021301130112001200110010ff10fe0ffe0efd0efc0efc0dfe04ff0100ffffffffff00010204070b070c060c060d050e050e050f051005110412041204120313031303130214021402140314031403140314031403150315031503150315
1946,269777540,-41,11,256,1,27,0,b6600b00eefbf4fbfafb00f905f70af40ef110ee12eb12e812e611e510e60ee70cea0aee07f305f804fd03020207020b020f021202140005000000000000000000000000000000000000000102060209010d0011001400170119011b021b021a021801150011ff0cfd07fa03f6fef2faeef7ebf5e7f4e4f4e2f5e1f6e1f7e3f8af00e7e4e6e4e6e4e6e4e6e4e6e4e6e5e6e5e6e6e6e6e6e7e6e7e6e7e6e7e6e7e7e7e8e7eae7ebe7ece7ede7eee8efe8f0e8f2e9f3e9f5e9f6e9fcf7fffd000001000000fdfef8fbebf3ebf2ebf0ebefebedebedeaeceaeaeae9eae8e9e7e9e5e9e5e9e4eae4eae3eae3e9e3e9e3e8e3e8e3e8e3e7e3e7e3e7e4e6e3e6e3e6e2
1947,269803866,-40,11,256,1,27,0,b6600b000cf209f807fe05030509050f061308170a1a0c1c0d1d0f1c0f1a0f170d140b10080c04080004fb01f7fef3fcf0faedfaebf9fafe000000000000000000000000000000000000fefff9fef7fcf4f9f1f6edf4ebf2e8f1e7f1e7f1e8f1eaf2edf4f1f6f5f7fbf800f806f80bf610f514f317f019ed1aeb19ea17ea16eaaf0024f224f224f223f123f122f122f021f020ef20ef20ef20ef1fef1fef1ff01ff01ff11ff21ef31df41cf51bf51af619f719f818fa18fb18fc08fe02ffff00fe00ff0002fe07fb15f316f417f519f61af61bf61cf61df61ff61ff621f722f723f723f823f823f823f823f724f724f625f525f524f424f424f424f325f325f3
1948,269812229,-40,11,256,1,27,0,b6600b00f5f1faf4fff804fa0afc0ffd14fd18fc1bfa1ef91ef71df51cf519f516f512f70dfa08fd04000004fd08fb0bf90ef711f712fd04000000000000000000000000000000000000ff01fd05fa07f609f20bef0ded0fec11eb12eb13ec12ed11f00ef20bf506f702f9fdfaf7faf2f9edf8e9f6e6f4e3f2e2f1e3f0e4f0e5a500fbdbfadafadaf9daf9daf9daf9dbf8dbf8dbf7dcf6dcf6ddf6ddf6def6def6def7dff8dff8e0f9e0fae1fbe3fbe4fce4fce5fde6ffe600e700f700fd000000010000fffdfef7fbe8fbe7fce6fde6fee5ffe3ffe200e100df01de01dd01dd01dc01dc01dc01dc01dc01db01db00dbffdaffdaffdafedafddafddafcdafcda
1949,269818265,-40,11,256,1,27,0,b6600b0003ed03f304fa06ff09040c09100d130f171119111b101c0f1b0d190b160912080d0608040204fd03f803f304f004ed05eb06fa01000000000000000000000000000000000000fe00f902f601f200ee00eb00e700e500e300e301e401e601e901ee00f2fef7fcfcf900f604f207ee09ea0ae60ae30ae108e007e006e1a2001be51be41be41be41be41ae419e418e418e418e418e418e418e417e417e518e518e718e818e918ea17eb17ed16ee16ef16f016f216f417f508fc02ffff00ff01ff0001fd04f80cea0dea0eea0fea11ea12ea13e914e816e817e818e819e81ae81ae81be81be81be81be81be71be71be61be61ce51ce51ce41ce41ce41ce4
1950,269820625,-40,11,256,1,27,0,b6600b00fdeefff303f806fd0a010f04140617071b071e071f061f041e021c01180114000f0109010402ff04fa06f608f30af10cef0dfb03000000000000000000000000000000000000fe01fa03f703f303ef03eb04e805e506e407e407e507e707ea06ee04f201f6fefafafef600f102ec03e802e402e101dfffdffedffde1a60008ee08ee08ee08ee08ee07ee07ee07ee06ee06ee06ee06ee06ee05ee05ef06ef06ef06f006f006f106f106f206f306f306f406f507f507f502fc00feff00ff00ff0000fe01fb03f404f405f405f306f306f307f307f208f209f109f109f10af10af10af10af10af10af00af00af00af009ef09ef09ef09ef09ee09ee09ee
1951,269832140,-40,11,256,1,27,0,b6600b000bf108f607fc06020508050e061308170a190d1b0e1c101c101a0f170d140b11070d04080004fb01f7fef4fcf1faeef9ecf9fafe000000000000000000000000000000000000fe00f9fff6fdf3fbf0f9ecf7e9f6e6f5e5f5e4f5e5f6e7f7ebf8eff9f4f9f9f9fff905f80af60ef312f115ee16eb17e916e815e713e8ab0023f424f424f424f424f423f523f522f522f422f422f421f421f421f521f521f621f720f81ff91efa1efb1dfc1cfd1bfd1afe19001901190309010200ff00fe00ff0001fe06fa13f014f015f117f218f319f31af31bf31df31ef41ff420f521f522f522f623f623f623f623f623f523f523f523f523f524f424f424f425f4
1952,269835840,-40,11,256,1,27,0,b6600b0011fc0cff06020106fd09f90ef712f516f419f41cf51ef71ef81ef91bfa18fb13fc0ffc09fc03fcfefcf9fbf5faf1f9eef8ecfefb000000000000000000000000000000000000fefffafbf9f8f8f4f6f0f4edf2eaf1e8f0e7f0e7f0e8f1eaf3edf6f0faf4fef703fa09fd0eff130017001b001eff20fe20fc1ffb1dfaad0010071007110711081108100710071007100710071007100710060f060f070e070e070d080d080c080c080b080b080a08090809080809080902030001ffffffffffff01ff04000c000c010c010d020d030d030e040e040f050f050f0610061007100710071008100810081008100810071007100710071108110811081108
1953,269841991,-40,11,256,1,27,0,b6600b0011010c0205030006fb08f60cf30ff013ef16ef19ef1bf11bf21bf419f616f812fa0efb08fc03fdfdfdf8fdf4fdf0fcedfcebfffa000000000000000000000000000000000000fefefbfafbf7fbf2faeef9ebf9e7f8e5f7e4f7e4f7e5f8e7f9ebfbeffef301f705fc09ff0e02120517071b071d071f06200420031e02a9000f08100810081008100810081008100710070f070f070f070f070f070f070f070f070e070e070d070c070c070b070b070a0709070907090803020000ffffffffffff010004010c030c040c050c050c060c060d070d070d080e080e090e090e0a0e0a0e0a0e0a0e0a0e0a0e0a0f0a0f0a0f0a0f0a0f0a0f0a100a100a1009
1954,269863952,-40,11,256,1,27,0,b6600b00eff9f5fafbfa02fa07f90cf611f414f116ef17ec17ea16e915ea13eb10ed0df009f406f904fe01030007fe0bfd0ffc12fc14ff05000000000000000000000000000000000000000102060209010d001200150018011b011c011c011b01190015ff11fe0cfc07f902f6fdf3f9eff5ebf3e7f1e4f1e2f1e2f2e2f3e3f5aa00e5e4e5e4e5e4e6e4e6e4e6e4e6e5e6e5e6e6e7e6e7e7e7e7e7e7e7e7e8e7e8e7e9e7eae7ece7ede7eee7efe7f0e8f1e8f3e9f4e9f6e9f7e9fcf7fffd000001000000fdfff8fceaf4eaf3eaf1e9f0e9eee9ede9ece8ebe8e9e8e8e8e7e7e6e7e5e7e4e7e4e8e4e8e3e8e3e8e3e8e3e7e3e7e3e6e4e6e4e6e4e6e4e6e3e6e3
1955,269870882,-40,11,256,1,27,0,b6600b000f0809060306fd06f706f108ed0aea0ce70fe611e613e714e914eb13ee11f10ef50af806fb01fefcfff701f302f002ed03eb00fa000000000000000000000000000000000000fffefef8fff501f102ee04ea05e705e405e304e304e403e603e903ee04f305f906fe09040c080f0c120f151218131a121b111c101c0fa70010221022102210221022102110211120112011201120111f111f111f101e101e0f1e0e1e0d1d0c1d0b1c0a1b091a0819061905180418031801080002fffffefeffff01010506101310140f150f160e180e190d1a0e1b0e1d0e1e0e1f0e200d210d210d220c220c220c220d220d220d220e230e230e230f230f2310231024
1956,269877632,-40,11,256,1,27,0,b6600b0010f90cfd07010305000afe0ffd14fc18fc1cfd1eff1f001f011e021c02180214010fff09fd04fbfff9fbf6f7f4f4f2f2f0f0fcfc000000000000000000000000000000000000fefffafcf9f9f7f5f6f1f4eef2ebf0eaefe9efe9efe9f1ebf3eef6f1faf4fef703f908fb0dfc12fd17fc1bfb1efa1ff81ff71ef61cf5a60024062506250626062606250525042404240423032303240224022302230222022103210420051f051e051d051b061a06180618071708170908030201fffffe00ffff02ff0800180019011a031a041b051b051c061d071e081f0820092109210a220b220b220b220b220b220a220a23092309230924082508250726072607
1957,269882467,-40,11,256,1,27,0,b6600b00fceefef302f806fc0a000f03140518051b051e04200320011f001c0019ff14000f0009010403ff04fa06f608f40af10df00efb03000000000000000000000000000000000000ff01fa04f705f305f006ec07e909e70ae60be60ce70ce90beb09ef07f304f700fafbfcf6fef100ec00e7ffe3fee1fcdffbdff9dff9e1ad0009ef09ef09ee09ee08ee08ee08ee08ee07ee07ee07ee07ee06ee06ee06ef07ef07f007f008f108f108f207f207f307f407f508f508f609f603fc01ffff00ff00ff0000fe01fb03f303f304f305f305f306f307f207f208f108f108f109f109f109f10af00af00af00af00af00af00af00af00aef0aef0aef09ee09ee09ed
1958,269890497,-40,11,256,1,27,0,b6600b00fc12fc0cfa06f800f5fbf2f7eef3eaf1e7f0e4f0e2f1e2f2e3f4e4f6e8f8ecf9f1faf7fbfcfb02fb07fa0bf90ef811f713f604fd00000000000000000000000000000000000001ff06fd09fe0d001101140218021a021c021c011b011900160011010d0208040306fe0afa0ef711f515f419f41cf51ef61ff81ff91eaa00e41ce41ce41de51de61de71de71de81ee81de91de91dea1dea1eea1dea1dea1cea1bea1bea1aea18ea17eb16eb14ec13ec12eb11eb0fea0ef805fd0100ff00fe00fffe02fa07f013ef13ee13ed13eb13eb14ea14e915e716e616e516e416e315e215e215e216e216e216e217e218e319e319e31ae41ae41be31be31ce31c
1959,269928540,-40,11,256,1,27,0,b6600b000c0d070a0107fb05f504f004eb05e707e409e30be20de20fe40fe70eea0dee0af207f603fafffefb01f703f304f006ed06eb01fa00000000000000000000000000000000000000fe01f903f707f409f10cee0eeb0fe90fe80fe70ee70de90bec09f008f507fb07000706080c0a110c150f181119131a151915181516a7000c240c240c250b250b250b240c240c240c230c220c220c210c220b220b220b220a2209210820071f051e041d031c021b011a001aff19fe18ff08ff02fffffffeffff010205070e130e140d160d170c190c1a0c1b0c1c0c1e0c1f0b200b220a230a230923092309230924092409250a250b250b250c250c250b250b260b26
1960,269930784,-41,11,256,1,27,0,b6600b00f109f505f800fafbfbf5fbf0faebf8e7f5e4f3e2f0e2efe2eee4efe7f1eaf4edf7f1fcf501f905fd0a000f021304170519060601000000000000000000000000000000000000010007030807080b090f0a130b160c180d190d190d180c160a130810040d0009fc07f705f204ed03e904e506e308e20ae20de40ee50fa300da03d903d904d904d905d906da06da07db07db08da08da08da08da07d906d906d905d904da02da01dbffdcfeddfdddfbdef9dff7e0f5e0f3f4fbfcfe010001ff00fffc01f504e20ce20ae108e006df04de03dd03dd02dc01dbffdbfedbfddafcdafbdafbdafadafadafadafbdafcdafddafedafedaffdaffd900d900d800
1961,269941832,-41,11,256,1,27,0,b6600b00ef0af406f700fafafbf4fbeefae8f8e4f6e0f3def1deefdeeee0efe3f0e7f3ebf7effbf400f905fd0b001003140518071b080602000000000000000000000000000000000000020009040908090d0a120b160c190d1b0e1d0f1d0e1b0d190b160812040e000afb07f504f003ea03e604e206df08de0bde0de00fe210a200ebfeeaffeaffeaffea00ea00ea01eb01eb02eb02eb02eb03eb03ea03ea02ea02ea01eb01eb00ebffecffecfeecfeedfdedfceefbeefaeef9f9fdfeff000001ff0000fe00f900ed01ed00edffedfeedfdedfcedfcecfbecfbecfaecf9ecf9ecf9ecf8ecf8ecf8ecf8ecf9ecf9ecf9ecfaebfaebfbebfbebfcebfceafceafd
1962,269977875,-41,11,256,1,27,0,b6600b00f60df808f902f9fdf8f7f6f2f4eef1ebeee8ebe7e9e8e8e9e8ebe9edebf0eff2f4f5f9f8fffa04fc09fd0efe13ff17ff1900060000000000000000000000000000000000000002ff09000a030d070f0b120e14101511161216111511130f100d0d0b08090308fe07f807f308ef0aec0ce90fe812e814e915eb16ec16a900dc07db08db09db0adb0bdc0cdd0dde0dde0dde0ede0fdd0fdd10dd0fdd0fdd0edd0ddd0cdd0bdd0add09de08df07df05df03df01dfffdffdf4fefcff01ff01ff01fffc01f504e10be10ae008e006df04de03dd02dd01dc01db00dbffdbfedbfedbfddafcdafcdafcdafddbfedbffdcffdc00dc01db02db03da04da05da06
1963,269988224,-41,11,256,1,27,0,b6600b000f0709060305fe06f808f30af00ded11eb14ea17eb19ec1aee1af019f216f512f70df907fa01fbfbfcf6fcf0fdecfde8fde6fff9000000000000000000000000000000000000fffefef701f404f107ee0aeb0be90ce70de60de60ce70be90aec08f007f506fa07ff080509090c0e0f1112131514171419121910190fa300151c161c171c181c181b191a19191a191a181a181a181b181b181b181b181b191a1a191a191b171b161b151b131c111c0f1d0d1d0b1e0a1e030b0003fffffefeffff02020707151614171318121a111b101c101c0f1d0f1e0f1f0e200d210d220c220c220c210c210c210d210e200f201020111f111f121f121f131f141f
1964,269993931,-41,11,256,1,27,0,b6600b000df70afa07ff0504040a030f04140518071b0a1d0c1d0d1d0e1b0e190c160a12060e020afe05fa02f5fef1fcedfaeaf8e7f7f9fd000000000000000000000000000000000000fefff8fbf8f8f7f3f7eff6ecf5e9f4e7f3e6f3e6f3e7f4e9f6ecf8f0fbf3fff603f908fb0dfd12fd16fc19fb1bf81df61df51bf31af2a00024042503250325022501250024ff24fe23fe24fd24fd25fc25fc25fc25fd25fe25ff25002401240223032204210520061f081f0b1e0d1d0e0a050301fffffe00feff03ff0bff1efe1fff1f011f031f051f061f0720082109210a210b210c210c210d210d210e210d210d210c210b210a220a220923092308240725062506
1965,270010754,-41,11,256,1,27,0,9660090001ef02f404fa07ff0a040e07120a170b1a0c1d0b1f0a1f091f071c06190514040e0408040204fc05f706f207ee09ea0ae80bf902000000000000000000000000000000000000fe01f804f502f100edfee9fde6fce4fce3fce3fce4fce6fdeafdeefdf3fcf8fafdf802f606f209ef0aeb0be70be40ae208e106e105e2ac0019e51ae41ae319e319e218e217e216e216e216e216e116e116e016e117e117e218e319e41ae51ae71ae81be91beb1bed1cef1df11ef31ff40bfc03ffff00ff01ff0001fc04f50de30fe411e513e614e716e717e818e819e81ae91be91cea1dea1eeb1eeb1eeb1eeb1eeb1eeb1dea1dea1ce91ce91ce81ce71be61ce61ce5
1966,270013726,-41,11,256,1,27,0,96600900eefef4fdfafbfff804f507f10aec0be80be50ae109e007df06e005e204e603eb03f003f604fc05020708080d0a110b140c17030600000000000000000000000000000000000001010307020aff0efd12fc16fb19fb1bfb1cfb1cfc1bfc19fc15fd11fc0cfb07f802f6fdf2f9eff6ebf4e7f4e4f4e2f5e1f7e2f9e3faa400f2f3f2f3f1f3f1f3f1f3f1f4f0f4f0f4f0f5f0f5f0f5f0f5eff5eff5f0f5f0f5f0f4f1f4f1f4f2f3f2f3f3f3f4f3f5f3f6f2f6f2f7f1f8f1fdfafffe000000000000fefffbfcf2f6f3f6f4f5f4f4f5f4f5f3f5f2f5f2f5f1f6f1f6f0f6f0f6f0f6f0f6eff6eff6f0f6f0f6f0f6f0f5f0f5f1f5f1f4f1f4f1f3f1f3f1f2f1
1967,270018061,-41,11,256,1,27,0,966009000cf209f707fe0604060b071109160b1a0e1d111f131f151e151c141912160e120a0e0409ff05f902f3feeefce9fae6f8e3f7f8fd000000000000000000000000000000000000fd00f6fff4fbf1f7eef3ecefeaede8ebe7eae7eae8ebeaededeff1f2f6f4fcf602f808f80ef813f617f41bf21cee1dec1cea1ae919e8a30027f328f228f128f128f027f026ef26ef25ee25ee25ed25ed25ec26ed26ed26ef27f027f127f326f526f625f725f924fa24fd24ff240224040d010400fe00fe01fe0003fd0af91dee1eef1ff121f322f423f624f725f726f826f927fa28fb28fc29fd29fd29fe29fd29fd28fc28fb28fa28fa28f928f829f729f62af62af5
1968,270129273,-42,11,256,1,27,0,96600900f1fff7fdfdfb03f808f40cf00fec11e811e411e210e00ee00de20be50ae908ee06f404fa03010207010d00120016001aff1cff0700000000000000000000000000000000000001010607070a070f07140818081a081c081d081d081b06180514030f000afc05f801f3fdeff9eaf7e6f6e3f6e0f7dff9dffadffce1fdaa00f2f2f2f2f1f2f1f2f1f2f1f2f1f3f2f3f2f3f2f3f1f3f1f3f1f3f1f2f2f2f2f2f3f1f4f1f4f0f5f0f6f0f7f0f8f0f9f0faf0fbf0fceffdeffffafffe000001000000fefffafef0fbf0faf1f9f1f8f1f7f2f6f2f5f2f4f2f3f2f3f2f2f3f2f3f1f3f1f3f1f4f0f4f0f4f0f4f0f4f1f4f1f4f1f4f1f3f1f3f1f2f1f2f1f2f1
1969,270134480,-42,11,256,1,27,0,766007000a0a0407fe05f804f204ec05e706e408e10ae00ce00ee10fe30fe60eea0cef09f405f900fdfc02f705f309ef0cec0eea0fe804fa000000000000000000000000000000000000fffd00f602f306f008ec0ae90ce70de50ee50de50de70cea0aee08f207f806fe06030609080e0a130c170f19121a141a151915161514a4000725082508250925092509250a240a240b240b230c230c230c240c240b240a250925072506250424032402230022ff21fd21fa20f820f61ffc0bfe0300fefefeffff020205090f1b0e1b0c1d0a1e091f07200621052204230323022402250125012500250025ff25ff250025002501250125022503250425052505260526
1970,270155650,-42,11,256,1,27,0,7220070007f505fb03010207020d03130418061c081e0a1f0b1f0c1e0c1c0b1909150710030b0005fc00f9fbf6f6f3f2f1efefeceeeafbfa000000000000000000000000000000000000fd00f603f201ed00e9ffe6fee3fee2fde1fde2fde4fde8fdecfdf1fcf7fcfdfb03f909f70ef511f214ef16ec17e916e715e713e711e8b10024fa24fa24f924f824f823f723f722f622f622f522f522f422f422f422f522f622f722f922fa22fb21fc20fd1fff1f001e011e041e061e080a030301fffffe00ff0002fe0afb1cf31df41ef61ef81ffa20fb21fc21fd22fe23ff23002300230124022402240323032303230223012301230023ff24ff24fe24fd25fc25fc
1971,270159295,-42,11,256,1,27,0,722007000b050504fe04f804f205ed07e90ae50ce30ee311e312e412e612e910ed0df10af505fa01fffd03f807f40af00ced0feb10ea04fa000000000000000000000000000000000000fefefaf7faf3fbeefbeafbe6fbe4fbe2fbe1fce2fce5fde8feecfff101f704fc07020a070d0b110e141018111a111c101c0f1b0d1a0baf0006230623072307230823082309220922092209220922092209220823072306230423032302230023ff22fe21fc1ffa1ff81ef61df41cf21cfb09fe0200fffefeffff020207071416121811190f1b0d1c0c1d0b1e0a2009210822072206230523042304230324022302230223022303230323042304230523062406240624
1972,270160576,-42,11,256,1,27,0,72200700fcf3fff903fe08020d061109160b1a0b1d0b1f0b200a1f081d071a06160511040a030403fe02f702f202ed02e901e601e400f900000000000000000000000000000000000000ff02fc09f90bf50ef110ef12ec14eb15ea15eb14ec12ee10f10cf408f703fafefdf9fff300ee00e900e5fee2fde0fbdffae0f9e1f8e3b30007f007ef07ef07ef07ef06ef06ef06ef06ef06ef06ef05ee05ee06ee06ef06ef07ef08f008f008f109f109f209f30af40bf40bf50cf60df704fd01ffff000000ff00fffefffa00f001f002f003f004f004f005f006f007f007f008f008f009f009f10af10af10af10af109f109f109f109f109f009f008f008ef08ef08ef
1973,270161906,-42,11,256,1,27,0,72200700fdf200f804fe08030d08120c170e1b0f1e0f210e220d210c1f0b1c09180812060b050403fd02f601f100eb00e7ffe4fee2fef8ff000000000000000000000000000000000000ff02fb0af70cf30eef11ec13e914e715e715e715e913ec10ef0df308f703fafefdf800f201ec02e702e201dfffdcfddcfbdcfadefae1b70009ee09ee09ee08ed08ed08ed07ed07ed07ed07ed07ed07ed07ed07ed07ed08ed08ee09ee09ef09ef0af00af10bf20bf20cf30df50df60ef605fc01ffff00ff01ff0000fe00f902ef03ef04ef05ef06ef07ef08ef08ef09ef09ef0aef0bf00bf00cf00cf00cf00cf00cf00cf00bf00bf00bf00bef0aef0aef0aee0aee0aee
1974,270198533,-42,11,256,1,27,0,6aa00600f5fafcfb02fb08fa0ef813f616f319f11bef1bed1aec18ec16ed13ee0ff20cf608fa04ff0004fd09fa0ef711f514f316f217fc060000000000000000000000000000000000000002020a020d011200150019ff1bff1cff1dff1cff19fe16fe11fd0cfc06fa01f8fbf5f7f2f3eff0ebeee8ede6ede4eee5efe6f2e8f3b300f2def1def0def0dff0dfefdfefe0eee0eee0ede1ede1ede1ede1ede1ede0eee0efdff0dff1dff3dff4dff5e0f7e0f8e0fae0fce1fee100e100f500fc000001010000fdfdf9f7eee8efe7f0e6f2e5f3e3f4e2f4e1f5e0f6dff7def8def8ddf9ddf9dcfadcfadcfaddfaddf9ddf9ddf8ddf7ddf7ddf6ddf5ddf5ddf4ddf4dc
1975,270198782,-42,11,256,1,27,0,6ff2260006f704fd03030309030f04140618081c0a1e0b1e0d1e0d1c0c1a0b160912060e0209fe04fbfff7faf4f6f1f2eff0ededececfbfa000000000000000000000000000000000000fd00f502f201edffe9fee6fde4fde3fce2fce4fce6fce9fceefcf3fcf9fcfffa04f90af70ef412f115ef16ec16e916e814e812e810e9ae0021f522f522f422f322f321f220f220f220f220f120f120f121f121f221f321f422f522f622f721f921fa20fc1ffd1eff1e001e031e051e060a020301fffffe01ff0002fd07f816ec17ee19ef1af11bf21cf31df41ef51ff620f721f721f822f922f922fa22fb22fb22fb22fb22fa22fa22f922f922f822f723f723f623f6
1976,270217489,-43,11,256,1,27,0,6aa006000509ff05f901f3ffedfee8fde3fde0fedd00dc01dd03de04e104e503ea02f001f7fffdfd03fa09f80ef612f415f318f21af206fc00000000000000000000000000000000000000fd01f303f006ec08e90ae60ce40de30de30ce40be70aea08ef07f506fb05020508050e061308180a1c0c1e0f1e101e111c11191116ab00fe13fe13fe13fe13fe13ff13ff13ff12ff12ff12ff12ff12ff13fe13fe13fd13fd12fc12fb11fa11fa10f910f80ff80ef70ef60df50cf40bfb04fe0100ffffffffff01010304080d070e060e050f041003100211011101120012ff12ff12fe12fe12fd12fd12fd12fc12fc12fd12fd12fd12fd12fd12fd12fd13fd13fd13
1977,270220682,-43,11,256,1,27,0,6aa00600fbf700fa05fd0bff1000150019ff1cfe1dfc1efa1df91cf819f916fa11fb0cfd07ff0202fc05f807f40af10cee0dec0eeb0ffa03000000000000000000000000000000000000ff02fe0afc0df910f713f516f417f318f318f417f515f612f70df908fa03fbfdfbf8faf3f9eef7eaf6e7f4e5f2e5f0e5efe7efeaf0eca60008df07de07de07dd06dd06de05df05df05df05df05de05de05de05de06df08df09df0ae00be00ce10de20de40ee50fe711e813ea14ec15ed07f902feff0000010000fefdfcf6f7e4f9e4fbe3fde3ffe200e202e103e004df05df07df08df09df0adf0bdf0bdf0bdf0be00be00ae00ae00ae00adf0adf09de09de09de08dd
1978,270238079,-43,11,256,1,27,0,aaa00a00f8f9fefa05fa0bf910f814f618f319f11aef1aed19ed17ed14ee11f10ef40af907fd0302ff07fc0bfa0ff813f615f517f418fd060000000000000000000000000000000000000002010b000fff13fe16fd19fd1bfd1cfd1cfd1bfd18fd14fd10fc0afb05fafff7f9f5f5f2f1efedecece9ebe7ece6ede6efe7f1e9f3ac00f7dcf7dcf6dcf6dcf5dcf5ddf5ddf5ddf5ddf5def4ddf4ddf5ddf6ddf7ddf8ddf9ddfaddfcddfdddffde00df02e004e106e208e209e30be404f601fdff0001010000fdfef8f8eaebeceaede8efe6f1e5f2e3f3e2f3e1f4e0f5dff6def7def8ddf9ddfadcfadcfbdcfbdcfadcfaddfaddfaddf9dcf9dcf8dcf8dcf7dbf7db
1979,270248327,-44,11,256,1,27,0,dcc44d000606ff05f904f305ed06e808e50ae30ce20ee210e311e510e80feb0def09f405f801fdfc01f705f308ef0aec0cea0ee90fe803fa000000000000000000000000000000000000fffdfdf3feefffea00e600e301e101e001e101e201e601ea02ef03f504fb060108070b0c0e101113151617161a161a141a12190f170dae00052505260626062607250725072407240724072407250725062506250525042502250125ff24fe24fd23fb21f920f71ff51ef31df11cef1bf909fd0200fffefeffff02020807151614171319111a0f1c0e1d0d1f0c200b210a22092307240624052504250325032503250325032503250425042504250525052605260526
1980,270275092,-45,11,256,1,27,0,966009000005fb02f7fff2feedfde9fce6fde4fee3fee3ffe400e601e901ed00f1fff6fefcfd01fb06fa0af80ef711f613f615f616f605fd00000000000000000000000000000000000000fd03f305f007ed08ea09e80ae70ae70ae809ea08ed07f006f505fa04000305030a040f0513061708190a1a0c1a0c190d170c140b11a400f31df31ef31ef31ef31ef31df41df41df41df41df41df31df31df21cf11cf01bef1bee1aed19ed17ec16eb14ea13ea11e90fe80de70be609f603fd0000fffffeffff0102030809180719051a031b011bff1cfe1cfd1dfb1efa1ef81ef71ef61ef51ef41df31df31df31cf21cf31cf31cf31df31df31df31df31ef31ef31e
1981,270337949,-45,11,256,1,27,0,7660070004fc05020608080e0a120d1610181219141a14191417131411120d0f090b0408ff05f901f4fff0fcecfae9f9e7f7e6f6e6f6f9fd000000000000000000000000000000000000fc00f002ed02e901e501e301e201e102e202e501e801ed00f2fef8fdfefb03f808f50df110ee12ea13e712e511e30fe30de50be709eaab0024f724f724f624f524f523f523f422f422f422f322f322f222f222f323f423f523f623f822f922fb22fc21fd20fe1fff1f011e041e061d080a030301fffffe01ff0002fd08f918ee19ef1af01bf21df41ef51ff620f721f822f923fa23fa24fb24fc24fc24fd24fd24fd24fd24fd23fc23fb24fb24fa24f925f925f826f8
1982,270341726,-45,11,256,1,27,0,766007000404fe06f808f30bef0fed12eb15eb17eb19ec1aee1af018f215f411f60cf806fa00fcfafdf5fef0ffebffe800e601e501e400f9000000000000000000000000000000000000fefcfaf1faeefaeaf9e6f9e4f9e2f9e2f9e3fae5fbe9fcedfef201f804fd08020c061009140c180d1b0d1d0d1f0b1e091d071a051704aa001121112112211221122112201220121f111f111f111f1120112010210f210e210c220b22092207220622042102200020fe1ffb1ef91ef81dfc0afe0300fffeffffff03000a031c0b1b0d1a0f19111814181517171719161a151c151d141e131f12201121102110210f210f210f210f211021102110211121112211221122
1983,270342766,-93,11,128,1,27,0,4ff1144107fc05fd02fc01fb00fffdfffdfafcf7fbf6fbf5fbf5fbf5fbf6faf8f9fbf9fcfafbfcfcfdfffc00fafffa00fb01fb01fa02fe0000000000000000000000000000000000000000ff02ff02000003000401040105ff05fe06ff0701090009fe0600040202020003ff0402040004fd06fc0bfb0dfb0cfb09fb08fc0cfb
1984,270457056,-45,11,256,1,27,0,6aa00600f903fafdfaf7f9f1f7ecf5e8f3e5f1e4efe4eee4ede6eee8f0ebf3eff7f2fcf601fa05fd0a010e04110614081609170a180b060200000000000000000000000000000000000003ff0eff1100150119021b021d031d031d031a03170212020d0308030104fb06f608f10bed0eeb11e914e917ea19ec19ef18f117f314b100da00d901d901d902da02da02db02db02db02db02da03da03da02db01db00dbfedbfddcfcdcfadef9dff8e0f6e1f5e2f4e4f2e5f0e6eee7edf7f8fdfd000001fe00fffd02f707e812e711e50fe40de20be10ae008de07dd06dd05dc04dc03db01db00daffdafedafedbfedbfedbfedbfedbfedbffdaffda00da00d900d900
1985,270472155,-45,11,256,1,27,0,6aa00600fe06fa01f6fcf2f9eef6eaf4e7f4e4f4e3f4e2f5e3f7e5f8e8f9ecfaf1fbf7fbfdfb03fb08fb0dfb11fb14fa17fb18fb19fb06ff00000000000000000000000000000000000002fd09f50cf30ff112ef14ee15ed15ed15ed13ef11f10ef40af807fd04020107fe0cfd11fc16fc1afd1dff1e011f021e031c04190416aa00e618e619e719e71ae81ae81ae91ae919e919e919e919e91ae919e819e818e718e617e616e514e513e511e50fe50ee40ce40ae308e306e304f501fc0000ff00fe00ffff03fe0afa1bf81bf61af41af21af019ef1aed1aec1aeb19e919e818e717e617e516e516e516e516e616e615e616e616e617e617e618e618e618e618
1986,270475197,-45,11,256,1,27,0,6aa006000305fd04f705f206ed08e90ae70ce60ee50fe611e711ea10ec0eef0bf308f604fafffefa01f604f206ee08ec0aea0be90ce803fa000000000000000000000000000000000000fffcfef1feeeffeaffe7ffe5ffe3ffe3ffe4ffe6ffe900ed01f202f804fe060308080b0c0f1012121513171319121911180e160c1409a700072207220722082208220822092109210921092109210921092108220822062205220421022101210020fe1ffd1efb1ef91df71cf51bf41afb09fe0200fffefeffff020107071314121510170f190d1a0c1b0b1c0a1d091e081f072007210621052104220422032203210321032104210421052205220622062206230723
1987,270485989,-45,11,256,1,27,0,76600700fd05fbfff8faf5f5f1f2edefeaeee8ede6ede5eee6f0e7f2eaf4eef5f3f7f8f9fefb04fd09fe0eff12011502170319041904060100000000000000000000000000000000000002fd0af50df410f213f115ef17ef17ef16ef14f112f30ff60bfa07fe0302ff07fc0cfa10f915f819f91cfa1efc1ffd1efe1c00190016aa00e314e314e315e315e415e515e515e515e515e515e515e515e515e414e413e312e311e210e20fe20de20be20ae208e206e204e202e200e2fef5fffcff00ff00fe00ffff03fd09f71bf61af31af119ef18ee18ec18eb17e917e817e716e615e514e413e313e312e312e312e311e312e312e312e313e413e313e313e314e314
1988,270493166,-46,11,256,1,27,0,76600700fb03fcfdfbf7fbf2f9edf7eaf5e7f4e5f2e5f1e6f1e7f1e9f3ecf6eff9f3fdf700fb04ff08030b070d0a0f0c110e120f1210040400000000000000000000000000000000000002fe0cf90ff913f816f818f719f71af719f817f914fa10fc0bfe06000103fc06f70af40df210f013ef16ef18f019f219f418f616f813ad00df05de05de06df06df06e006e006e106e105e006e006e006e006e005e004e003e002e000e0ffe1fee2fce3fbe4fae4f9e5f7e6f5e7f3e8f1f7fafdfe000001fe00fffe02f907ed14ec13ea11e80fe70ee60de40ce30be20be10ae108e007e006df05df04df03df03df03df03e003e003df03df03df03df04df04de04de04
1989,270844526,-92,11,128,1,27,0,7ff11741fcfffdfdfefd01fe01fcfbfcfefd06f807fa01fdfbfafffb04ff03fcfff9fdfcfefe000000ff02fe05ff050004010203fe06fe01000000000000000000000000000000000000fefffcfeff0000ff02ff040003ff02fd03fc04fd04ff02fefffefe00fe01ff010000fe00ff010201030001ffff03fb05fc03010107fd
1990,272083586,-92,11,128,1,27,0,4ff1144105040303020102fe01fb00fafef8fbf5fbf4fef700f900f8fff900fa02f900f9fff8fffafffdfffefefffd01fc02fa00f9fefeff000000000000000000000000000000000000ff00fd00ff01000300040105fe06fa06fa06fb06fb06fc06fb05fc04ff01fffe01fe040104010601080109020a0009ff09000c020d03
1991,272390778,-94,11,128,1,27,0,4ff1144100fbfdf9fcf8fbf9fbfdfafef9fef9fdf7fef500f300f301f500f6fef6fef6fff800fb01fd02fe03fe03fe03000301020002ff00000000000000000000000000000000000000ff00ff0000ff020002020401060006ff07ff07ff0601050204030303040005fe05010402030100fcfff402f201f3fef500f601f402f2
1992,273037975,-95,11,128,1,27,0,d44bbd4101fafffc00fe00feffffff00fe00fd00fc00fe0000ff00fffffefffeffffff00fffefffeff00ff01000000ff00fe00ffff00ff00000000000000000000000000000000000000ff00fd02000001fe0000ff05ff060104000201ff04fc02fdfefcfefc00fd01fd01fd02fefd00f804f805fc0201030508030803050205
1993,273629982,-42,11,256,1,27,0,766447000a010402fe03f805f308ee0beb0ee911e713e715e816e916eb14ee12f10ff50af806fc0100fc04f707f30aef0cec0eeb0fea04fa000000000000000000000000000000000000fefff8fbf6f7f4f3f2eff1ecf0eaefe8f0e7f0e8f2eaf4ecf6f0faf4fef802fc06000b031006140718081b091e081e061e051d031b03b500121c131d131d141d141c141b141b151a151a141a151a151a151a141b141b131c111c101d0f1d0e1d0d1d0b1d091c071c051c031c011c001cff0aff03fffffeffffff02010905180f1710161115131415131613171219121a121b111c101c101d0f1e0f1e0e1e0e1e0e1e0e1e0e1e0e1e0f1e101e101d111d121d121d121d
1994,273632438,-42,11,256,1,27,0,76644700ff0afe04fcfef9f9f6f4f3eff0ecedeaebe9e9e9e8e9e8ebeaedecf0f0f2f4f6f9f9fffd040008030c061008120b150d160e050300000000000000000000000000000000000000fe04f807f60bf30ff112f014ef15ee16ee15ef14f112f30ef60bf907fd0302ff06fc0bfa10f915f818f91cfa1efb1efc1efd1cfe1ab400e515e515e516e516e516e617e717e817e817e817e817e818e718e717e717e616e615e514e512e511e510e50ee50de50be409e407e405e403f501fc0000ff00fe00fffe02fb09f318f118f017ee16ec15ea14e914e814e714e613e512e512e411e311e311e210e210e210e310e310e311e411e412e412e413e414e414e314
1995,273660829,-43,11,256,1,27,0,76600700f7fcfdfd03fe0afd0ffd14fc18fa1bf91df71ef61df51cf519f516f712f80cfb07fd0100fc02f704f206ee08eb09e909e709f90200000000000000000000000000000000000001010707080a090e0a120b150c170c190c190b1809160713050f020aff05fc01f8fcf5f8f1f4edf2eaf0e7f0e5f0e4f0e5f2e6f4e8f6ad00f8e0f8dff7dff7dff6dff6e0f6e1f5e1f5e1f5e1f5e1f5e1f5e1f5e1f5e1f6e1f8e0f9e0fae0fae0fce1fde2fee300e302e404e405e507e502f601fdff0001010000fdfdfaf8f0e9f1e8f2e7f4e6f5e4f7e4f7e3f8e2f9e1fae0fbe0fbdffcdffddffddffedefedffedffddffddffde0fcdffcdffbdffbdffadffadef9de
1996,273864174,-43,11,256,1,27,0,96600900fbfefffa02f605f107ed07e908e607e406e205e203e302e502e902ed02f202f803fe03030409040d05110515051705180419010600000000000000000000000000000000000002010c050e07100a120b140d140e140e130d120d0f0b0b0907070205fd03f802f301ee01ea02e703e504e405e407e508e708ea08ed07ab00e3f1e2f1e2f1e1f1e1f1e2f1e2f2e2f2e2f3e2f3e1f3e1f3e1f2e1f1e2f1e3f0e3efe5eee6ede7ece9ebeaeaeceaedeaefe9f1e8f3e7f4e6fcf6fffd000001ff0000fd00f601e602e600e5fee5fce5fae5f9e4f8e4f6e4f5e4f4e4f2e3f1e3f1e4f0e4efe5efe5eee5eee5eee4efe4efe4efe4efe4f0e3f0e3f0e2f0e1f0
1997,273870910,-43,11,256,1,27,0,966009000204fb04f504ef05ea07e609e30ce20ee20fe210e411e710ea0eee0bf307f703fcfe01f905f509f10bee0eeb0fea11e912e904fa000000000000000000000000000000000000fefcfbf1fcedfce9fce6fce4fde3fde2fde3fee6fee9ffee01f302f904ff07040a090d0d11111413171419141a121a11190e170c140aa90008240824082408240924092409230a230a220a220a220a2309230923072406240524032302230023ff22fd21fb20fa1ff71ef51df31cf21bfa09fe0200fffefeffff0202070714151316121810190e1b0d1c0c1d0b1e0a200920082108220723062306230524042404230423042304230523052306230623072407240824
1998,273877596,-43,11,256,1,27,0,96600900fc03fafdf8f8f5f3f2efefedecebeaeae9eae8ebe8edeaefedf2f1f4f5f7fafa00fd05ff0a010f041205150717081809180a060200000000000000000000000000000000000002fd0af60df510f413f315f216f216f215f214f411f60ef90afc06000204fe08fb0cf910f714f718f71af81cf91dfb1cfc1afd17fe14b100e514e514e514e514e515e515e615e616e716e715e715e615e515e515e414e414e412e411e40fe30de30be30ae309e307e305e403e401e4fff6fffcff00ff00fe00ffff02fc08f418f317f117ef16ee16ed15ec15eb14e914e713e613e512e412e411e411e410e30fe30fe310e310e411e411e412e512e412e412e312e313
1999,273883572,-42,11,256,1,27,0,76600700ff04fa01f5fef0fcebfce6fbe3fce1fde0fee0ffe200e400e801ec00f2fff8fefefd04fc09fb0efa12f915f918f919f91af906fe000000000000000000000000000000000000fffc00f101ee02eb03e804e705e605e605e705e905ec04f004f604fb04010407050c061108140a170c190e1a0f1a10180f160e130c10a800f720f721f721f821f821f821f821f921f921f920f920f820f820f720f720f51ff41ff31ef21df11cf01bef19ee18ed16ec15ea13e911e80ff705fd0100fffffeffff010203090819071a051a031b011b001cff1dfd1dfc1efb1ff91ff81ff71ff61ff61ff51ff51ff51ef51ef51ef61ef61ff61ff61ff620f620f620f620
2000,273888805,-43,11,256,1,27,0,766007000203fc04f606f107ed0aea0ce80fe711e712e813e913ec12ef0ff20cf508f903fcfe00fa03f505f108ee09eb0bea0ce90ce803fa000000000000000000000000000000000000fefdf9f3f9f0f9ecf9e9f8e7f8e6f8e6f9e7fae9fbecfdf0fff501f904fe07030b070e0a120c150e180e1a0d1b0c1a0b190916071306b00006210721072107210821082108200820082008200920092008200720062005200320022001200020fe1ffd1efb1df91cf71bf61af419f319fb08fe0200fffefeffff020106061213111410150e170d190b1a0b1b0a1c091d081e071e071f061f052004200420032003200320032003200420042005200620062107210721
2001,273981507,-43,11,256,1,27,0,b6633b00fffc05fc0afb10f914f717f519f31af11aef19ef17ef14f011f30df60af905fd0102fd06f90af60df310f011ef12ee13ed12fb040000000000000000000000000000000000000202080c090f0a120a140b160b170b170a1608140611040d0109fe04fbfff7fbf3f8eff5ecf3e9f2e6f2e5f2e4f4e5f5e7f7eaf9edfab600efe3efe3efe3efe3eee2eee3eee3eee4ede4ede5ede5eee4eee4eee3efe3f0e2f1e2f2e2f4e2f6e2f8e2f9e2fae2fbe3fde4ffe401e503e501f600fd000001000000fdfef8fbeaf1ebf0ebeeececedebedeaeee9efe8efe7f0e5f1e4f1e3f1e3f2e2f3e2f4e2f4e2f4e2f4e2f3e2f2e2f2e3f2e3f2e3f2e2f1e2f1e1f0e1
2002,273992314,-43,11,256,1,27,0,b6633b00fcfd00f804f307ee09e909e509e108df07de06de05e003e303e803ed03f303f903000306040c041104160419031b031c021d000700000000000000000000000000000000000003010f0511061408160a180b190c190c170b150b11090d0807060205fc03f502f002eb02e604e305e107e009e10ae20be50be90aec09b000f0f6eff6eff6eff6eff6eff7eff7eff7eff7eff7eff7eff7eff7eff7eff7f0f6f0f6f0f5f1f5f2f4f3f4f4f4f4f3f5f3f6f3f7f2f8f2f9f1fdfafffe000000000000fefffafff1fef2fdf2fcf2fbf2faf1f9f1f9f1f8f1f7f2f7f2f6f2f5f2f5f2f4f2f4f2f4f2f4f2f4f2f4f2f4f2f4f1f5f1f5f1f5f1f5f0f5f0f5f0f5
2003,274016581,-43,11,256,1,27,0,b6600b000103fc05f708f30bef0eed11eb14eb16eb18ec18ee17f015f312f50ef809fa04fcfefef801f303ee04eb06e807e608e608e502f9000000000000000000000000000000000000fdfdf7f4f6f2f4eff3ecf3ebf2eaf2eaf3ebf4edf6f0f9f3fcf600fa04fe08020d041106150718081b071c061d051c041a0217011401b9000e1d0f1e101e111d111d111d111c111c111c121c121c121c121c121d111d101e0f1e0d1f0c1f0a1f081f071e061e041d021d001dfe1dfc1dfe0aff03fffffeffffff02010705130f1210111210130f150f160e170d180d190c1a0c1b0c1b0b1c0b1c0a1d0a1d0a1d0a1d0a1d0a1d0a1d0b1d0c1d0c1d0d1d0e1e0e1e0f1e
2004,274021545,-43,11,256,1,27,0,b6600b00fb00fcf9fdf2fcecfbe7fae3f8e0f6dff5def4dff4e1f4e5f6e9f8eefbf2fff803fe07030b080e0c10101213131513161217040500000000000000000000000000000000000003ff0ffe12ff15ff18ff1b001c001b001a00180014010f010a020403fe05f807f309ef0ceb0fe912e814e816e917eb17ed16f013f311b200ed03ed03ed03ed04ed04ed04ed04ed04ed04ed04ed04ed04ed04ed04ed04ed04ed03ed02ed01ed00eeffeefeeefeeffdeffcf0fbf0faf1f9fafdfeff000000ff00fffe00fb02f407f306f306f205f204f104f104f003f003ef02ef01ee01ee01ee00ee00ee00ee00ee00ee00ee00ee01ee01ee01ee01ed01ed02ec02ec02
2005,274034095,-42,11,256,1,27,0,b6600b00fcfd01f906f50af10ced0ee90fe60ee40ee30ce30be409e708ea07ef05f504fb02010107000cff11fe15fd18fc1afb1afa1bfe0600000000000000000000000000000000000003010c060e08110a130c140d150e150e140e110d0e0b0b0906070104fc02f601f1ffecffe8ffe500e301e102e203e304e505e905ec04a900e8e7e7e7e6e7e6e8e6e8e7e8e7e9e7e8e7e8e7e8e6e9e6e9e6e8e7e7e8e6e9e5eae4ece4ede3efe3f0e3f2e3f4e3f6e3f8e3fae3fce2fee2fff500fc000001000000fdfff7fee7fbe7fae7f8e7f5e8f4e8f2e7f1e7efe8eee8ede8ece8eae9e9e9e8e9e8eae7eae7eae7eae7ebe8eae7eae7e9e7e9e7e8e7e7e7e7e7e7e7
2006,274037241,-43,11,256,1,27,0,b6600b0002fc07000c04120717081b091f0921092208210720051d04180313030d030603ff03f803f203ec03e802e502e302e101e100f8ff000000000000000000000000000000000000ff03fc0ffb12f915f818f71af61bf61bf619f717f813f90efa08fb02fcfcfcf6fcf0fbebfae6f8e3f6e1f4e0f3e1f2e2f2e5f3e9f4ecb60008ef08ef08ef08ee08ee08ef08ef08ef08ef08ef08ef08ef09ef09ef0aef0af00bf00cf10cf20cf30df40df50df60ef70ef80ef90ffb0ffc05fe01ffff0000000000fffefefbfdf2fef2fff100f101f102f002f003f004f005f005f006f007f007f008f008f008f008f008f008f008f008f008f008f008ef08ef09ef09ef
2007,274180935,-40,11,256,1,27,0,b6600b00fbfffffa03f505f007eb08e708e408e308e207e206e305e604ea04ee03f302f902ff01040009000e0011ff13ff15ff16fe16ff0500000000000000000000000000000000000003ff0dfd0ffc12fc14fb16fb17fa17fa16fb14fb11fc0dfd08ff0301fe03f805f308ef0aec0de90fe811e712e813e913eb12ee10f00daf00e0f5dff5dff5dff5dff4e0f4e0f4e0f4e0f4e0f4e0f5e0f5e1f5e1f5e2f4e2f3e3f2e4f2e6f1e7f1e8f1eaf1ebf1ecf1eef0eff0f0f0f1effbfafefe000001ff00fffe00f901ec03ec02eb01ea00e9ffe8fee7fde6fde5fce4fce4fbe3fae3f9e2f8e2f7e2f7e1f6e1f6e2f6e1f6e1f6e1f6e0f6e0f6dff6dff6dff6def6
2008,274183207,-42,11,256,1,27,0,b6600b0002fd050109060d0a110d140e170f190f1a0e1a0d1a0c180a140910070b060504ff03f901f400effeebfde9fce6fce5fbe5faf9fe000000000000000000000000000000000000fe02f80bf60df40ff211f012f013f013f012f110f30df60af805fb01fdfcfff700f201ed02e901e600e4ffe3fde3fce4fbe6fbe9fbecac001bed1bec1beb1aeb1aeb19eb19eb19eb19eb19eb19ea19ea19ea1aea1aec1bed1cee1cef1df01df11cf31cf51cf71cf81dfb1dfd1dff1d010a000300ff00ff01ff0000fd03f709e90bea0dea0eeb10ec12ec13ec14ec15ed16ed17ee18ef19ef1aef1af01bf01bf01af01af01af01af01af01aef1aee1aee1aed1aec1aec
2009,274188388,-42,11,256,1,27,0,b6600b00fb01fbfafaf4f9eef7e9f4e5f2e3efe1eee1ede2ede5eee7f0ebf4eff8f3fdf802fd07020b060f0a120d150f161117121713050400000000000000000000000000000000000003fe0ef911f815f818f71af71bf71bf71af817f914fa0ffc0aff05010005fb08f60cf210f014ee17ee1aee1cf01df21cf41bf617f814ae00da05da05da06da06da07db07db07db08db08db08db08db09db08da08da07da05da04da03db01db00dcfeddfcdefbdefadff7e0f5e1f3e2f1f5fafdfd000001fe00fffd02f706e810e70ee60de50be309e208e108e007df06de05de04dd03dd02dc01dc01dc00dc00dc00dc00dc00dc01dc01dc02db02db03da03da04da04
2010,274190646,-42,11,256,1,27,0,b6600b0003ff0205020b021003150418061b071d091d0a1c0a1a091808140610030b0006fd01fafcf7f7f5f3f3f0f2edf1ebf1eaf1e9fcfa000000000000000000000000000000000000fc01f204ef04ec04e904e704e604e604e803ea03ed02f101f6fffbfe00fb05f909f60df310f012ed13eb13ea12e910e90eea0bec09efaa0020022102210121002100200020002000200020ff20ff20fe21ff21ff20002002200320041f061e071d081c091b0a1a0b190c180e1710151207060202fffffe00ff0002fe08fc17f517f718f819fa19fc1afd1bfe1cff1c001d011d021d021e031e041e051e051e051e051e051e051e051e051e041f042003200321022102
2011,274192010,-42,11,256,1,27,0,b6600b00ff03f901f400efffeaffe600e301e202e103e204e305e605ea04ee03f301f9fffffd04fb09f90ef711f614f516f417f518f506fd000000000000000000000000000000000000fffcfdf1feeeffebffe9ffe700e600e600e800ea01ed01f202f602fc04010506070b090f0b130e1510161216131513141211100e0e0cad00f81ff820f920f920f920fa20fa20fb20fb1ffb1ffb20fa20fa20f920f920f720f61ff51ff41ef31df31cf21af019ef17ee16ec15eb13ea12f806fd0100fffffeffff010202080717051804180219001aff1afe1bfd1cfc1cfb1dfa1df91df81df71df61df61df51df51df51df61df61df61df71ef71ef71ef81ff71ff720
2012,274203263,-41,11,256,1,27,0,b6600b00fe03fafef5faf0f7ecf5e8f4e5f3e3f4e2f5e1f6e3f7e5f8e9faeefaf3fbf9fc00fd06fe0bff10001401170119021a031b04060100000000000000000000000000000000000000fc01f103ef04ec05e906e707e707e707e807eb06ee05f204f703fd03020208020d031204160519071b081c091c0a1a0b180a140912b600ec1bec1ced1ced1ded1cee1cee1cee1cee1cee1cee1cee1cee1ced1cec1beb1aea1ae919e817e816e814e712e710e60fe50de40be409e307f502fc0000fffffe00ff00020009ff19fe19fc19fa18f819f719f519f41af31af21af01aef19ee19ed19ec19ec19ec19ec18ec18ec18ec19ec19ec19ec1aec1aec1bec1bec1b
2013,274206519,-42,11,256,1,27,0,b6600b0003000106fe0cfd12fc18fc1cfd20fe22002301220220021d02190114000efe07fc00fafaf9f4f8eef7eaf6e7f6e4f6e3f7e2fdf8000000000000000000000000000000000000fc00ef00ecffe9fee6fde4fce3fce3fce4fce7fcebfcf0fcf5fcfbfc02fb08fa0df812f716f419f21bf01cee1bec19ec17ed13ee11f0b200110412041204120412041204120412031203120312031203120412041205120512061106100710080f090e090d090d0a0c0a0b0b0a0c090d03040001ffffff00ff0001ff04fe0dfc0dfc0efd0efe0fff0f000f000f0110021003100310041004100510051005100610061006100610051005110511051105120512051205
2014,274212404,-42,11,256,1,27,0,b6600b000003fa01f5feeffdeafde6fde3fde2fee1ffe100e201e502e901ed01f300f8fefefd04fc0afb0ffa12f915f918f919f91afa06fe000000000000000000000000000000000000fffcfef2feefffecffe900e700e600e600e801ea01ed01f102f602fb03010406060b080f0a130c160e1710181117121511130f100d0eb800f91ff920fa20fa20fa20fb20fb20fb20fc20fc20fc20fb20fb20fb20fa20f920f820f61ff51ef41df31cf21bf11af018ee17ed15eb14ea12f806fd0100fffffeffff0102030807170617041803180119001aff1afd1bfc1cfb1cfb1cfa1df91df81df71df71df71df71df71df71df71df81df81ef81ef81ef91ff91ff920
2015,274313322,-42,11,256,1,27,0,b6600b00fd03fafff6faf2f7eef5eaf3e6f2e4f3e3f3e2f4e3f6e5f7e9f9edfaf3fbf8fbfffc05fd0afd0ffe14fe17ff19ff1a001b00060000000000000000000000000000000000000001fd07f409f20cf00eee10ed11ec11ec10ed0fef0df20bf508f905fe03030008ff0dfe11fe16fe19001b011d021d031c041a05170514ac00e717e717e718e718e818e818e918e918e918e919e919e919e919e819e818e717e616e515e515e513e512e510e40ee40ce40ae308e206e204f501fc0000ff00fe00ffff02fd08f718f517f416f216f015ef15ed15ec15eb16ea15e915e814e814e713e613e613e512e612e612e613e613e613e614e615e715e716e616e616
2016,274414307,-40,11,256,1,27,0,b6600b00f9fffcfafff501f001eb02e701e400e2ffe1fee1fde3fde5fde9feedfff200f702fc0401060508090a0c0c0e0d100d100d11030400000000000000000000000000000000000002010b040d060f0712081409160916091508130811070d0608050305fe04f805f305ef07eb08e80ae60ce50de50fe60fe90fec0dee0ca600ddf8ddf8ddf8ddf8def8def8def8def8def8dff8dff8dff8dff8e0f7e0f6e0f6e1f6e2f5e4f4e5f3e7f2e8f2e9f2eaf2ecf2edf1eef0eff0fafafefe000001ff00fffd00f902ec07eb06ea05e904e803e703e602e501e400e2ffe1fee0fde0fde0fce0fcdffbdffbdffbdffadffadffadefadefadefaddfaddfadcf9dbf9
2017,274439180,-40,11,256,1,27,0,b6600b000106fb04f603f102ec02e803e604e405e306e307e407e707ea07ee05f203f700fbfd00fb04f807f509f20bf10cf00def0eee03fb00000000000000000000000000000000000000fd01f402f203ef03ec03ea03e803e802e902ea02ed02f103f503fa04ff060408090a0d0c110e13111513151415141413121210100ea600ff21ff22ff22ff22ff22ff21ff21ff20ff20ff20ff20fe20fe20fe20fd20fc20fb1ffa1ef91df91cf91bf819f818f717f616f515f414f313fb06fe0100fffffeffff0101030609110811071206130615051605170519051a051b041c031d021d011e001e001eff1fff1f0020002000210021002100210021ff21ff21ff21
2018,274439401,-40,11,256,1,27,0,b6600b0002f906fe0a030f071309170b1b0c1d0c1e0b1e0a1d091b08180613050e0508040204fc04f704f205ee06ec07ea07e907e807fa01000000000000000000000000000000000000fd01f508f309f00bee0ded0fec11ec11ec11ee10f00ef30af506f802fbfdfdf7fff100ec00e700e4fee1fddffbdffbe0fae2fae5fae8b4000df20df20df20df20df20df20cf20cf20cf20cf20cf20cf20cf20cf30cf30cf40cf40df40df50df60cf60cf70cf80bf80bf90bfa0bfb0bfb04fe01ffff00ff00ff0000fe01fc03f503f504f505f506f506f407f408f308f309f30af30af30bf30bf30bf30cf30cf30cf30cf30cf30cf20cf20cf20cf20cf20cf20df10df1
2019,274447998,-40,11,256,1,27,0,b6600b000404fe06f908f40af00ded0fec12eb14eb15ec16ed15f014f212f40ff70af905fb00fdfbfef6fff2ffef00ec00eb00ea00e900fa000000000000000000000000000000000000fffdfcf4fcf2fbeffbecfaeaf9e9f9e8f9e9f9ebfaedfcf0fef401f904fd08010c04100713081609190a1b091c081c071a0618051504a7000f1f0f1f0f1f0f1f0f1f0f1f0f1f0f1f0e1e0e1e0e1d0e1e0d1e0d1e0c1e0b1e0a1e091e091d071d061c051a0319021801180017ff17fe17ff08ff02fffffeffffff01000603100b100c100d100f10101011101210141115101610171019101a0f1b0f1b0f1c0f1c0f1d0f1d0f1d0f1d101d101d101e101e101e101f101f
2020,274459294,-40,11,256,1,27,0,b6600b0005fb060108070a0d0d11101513171518161817171715161313100f0d0b0a06070005fa02f500f1ffedffeafee8fee7fee7fef9ff000000000000000000000000000000000000fd00f301f001ed02e902e703e604e505e605e805ea04ee02f300f8fefdfb02f706f309ee0cea0de60de30de10be00ae109e208e507e8b40022ed22ed22ed23ed23ed22ed22ed21ed21ed21ed20ed20ec20ed20ed20ee20ef20f01ff11ff21ef31df51cf61cf71bf81af91afb19fc19fd09ff02ffff00ff01ff0001fe05fa0fef10ef11f013f014f015f016f018f01af01bf01df01ef01ff01ff020f120f120f120f120f021f021ef21ef21ee21ee21ee22ee22ed23ed
2021,274467200,-40,11,256,1,27,0,b6600b0002f807fe0b030f061409180b1b0c1d0b1f0a1f091e081b07180514050e0408040204fc05f705f207ef07ec08ea08e909e909fa02000000000000000000000000000000000000fd01f507f308f00aed0ceb0dea0fea10eb0fed0eef0cf209f505f801fbfcfdf7fff200ec01e700e3ffe0fedffcdffbdffbe1fbe5fbe8b0000cf00cf00cf00cf00cf00cf00cf10cf10cf10bf10bf10bf10bf10bf10cf20cf20cf30cf30cf40cf50cf60cf60bf70bf80bf80bf90bfa0cfb04fe01ffff00ff00ff0000fe00fc02f502f403f404f405f405f306f306f307f208f209f209f20af20af10af10bf10bf10bf10bf10bf10bf10bf10bf10bf00bf00bf00bf00cef
2022,274483627,-40,11,256,1,27,0,b6600b0004fa060008050b0a0e0d111014111612171218111810160e130c100a0b0806060104fb03f702f302ef02ec02eb02ea02e902fa00000000000000000000000000000000000000fd00f403f104ee04ec05ea06e907e808e908eb07ed06f004f402f8fffcfb00f703f306ee07ea08e708e407e206e105e204e403e602e9ab0018e619e619e61ae61ae619e619e618e618e718e718e718e718e718e818e818e918ea18ec18ed18ee18f017f117f216f316f416f516f716f808fd02ffff00ff01ff0000fd02f907ed09ec0aec0bec0ceb0deb0eea0fea10e912e913e915e915e916e917e917e918e918e918e918e818e717e717e618e718e719e71ae71ae6
2023,274486700,-41,11,256,1,27,0,b6600b00fe06fa02f500f0feecfde8fde5fee2ffe201e202e303e604e903ed02f101f7fffcfc00f905f609f40cf10eef10ee12ee13ed04fb00000000000000000000000000000000000002fe09f70cf60ef511f412f313f213f213f211f30ff50df80afb06fe04030207000cff1000140117021a041b051b071a071807150612a200f620f720f720f821f821f821f821f921f921f921f920f821f821f721f721f621f520f41ff21ef11df01cef1bee1aed18eb17ea15e913e812f706fd0100fffffeffff010202080617051803180119001aff1afe1bfc1bfa1cf91df81df71df61df51df51df41df41df41df41df41df51df51ef51ef51ef51ff51ff51ff520
2024,274489146,-41,11,256,1,27,0,b6600b00f800fafafcf4fceffceafae6f8e3f6e1f4e0f3e0f2e2f2e5f3e8f6ecf9f1fdf502fa07fe0b0110051307160a180b1a0c1a0d060300000000000000000000000000000000000002010b080d0b0e0e1010121213131313131211100f0f0b0c070a0208fd06f804f204ed04e905e607e409e30ce30ee50fe70fea0eed0ca000dafcdafdd9fdd9fdd9fed9fed9ffd9ffd9ffd9ffd9ffd9ffd8fed8fed8fdd8fcd9fbd9f9daf8dbf6dcf5ddf3dff2e0f1e1efe3ede5ebe6e9f7f7fdfd000001ff00fffd01f604e50ae409e307e205e103e002e001df00deffdefdddfcddfbdcfadcf9dcf9dcf8dcf8dcf7dcf8dcf8dcf9dcf9dbfadbfadafadafad9fad9fb
2025,274491762,-41,11,256,1,27,0,b6600b00fcfa01f907f70bf50ff312f013ee14eb13e912e810e80ee90cec0af008f406f905ff0404030a020e0212021602180119011a0006000000000000000000000000000000000000ff02fe0cfd0efb11fa14fa16f917f917fa17fa15fa12fb0efb0afa05fa00f8fcf6f7f4f3f1f1eeefeceeeaeee9efe8f1e9f3ebf6edf7a700f0e2efe2eee2eee2eee2eee2eee3ede3ede3ede3ede3ede3ede2eee2efe1efe1f0e1f2e0f3e0f5e0f7e0f9e0fae1fbe1fde1ffe201e203e201f500fc000001000000fdfef8fbeaf2ebf0ecefededeeeceeeaefe9efe8f0e6f0e5f1e4f1e3f2e3f2e2f3e2f3e2f4e2f4e2f3e2f3e2f3e2f3e2f2e2f2e2f1e2f1e2f0e1f0e1
2026,274494739,-41,11,256,1,27,0,b6600b000405fe07f809f30bef0fec12eb15ea18eb1aec1bee1bf019f216f412f60df807fa00fbfafcf4fceffceafde7fde4fde2fde1fff8000000000000000000000000000000000000fffcfff101ee02eb02e803e603e403e403e503e703ea03ee03f304f906fe08030b080e0c110f141017111a111b0f1b0d1a0b18091508a3000f22102210221122112211221221122112201220122012211221112210230f230e240c240b2409240724052303230122ff22fc22fa21f821fd0bfe0300fefeffffff02010805171016121514141513171219111a111b101d0f1e0f1f0e200d200d210c220b220b220b220b210b210c210c210d220d220e220f220f230f23
2027,274497436,-41,11,256,1,27,0,b6600b00fafa01f807f40cf110ed13e814e414e113df12de0fdf0de10be509ea08f007f606fe0505050c05120517051b051e0520052101080000000000000000000000000000000000000003021002130117001a001d001e011f011d011b0018ff13fd0efb08f902f6fdf2f8edf4e9f1e5f0e2f0e0f1def3def5e0f7e3f9e6faaa00f4eef4eef3eef3eef3eef3eef3eef3eef3eef3eff3eff3eef3eef3eef4edf4edf5edf6ecf7ecf8ecf9ecfaecfbecfcecfdecffec00ed01ed00f900fd000000000000fefffafdf1f8f1f7f2f6f3f5f3f4f3f3f4f2f4f1f4f1f4f0f5eff5eff5eef5eef6eef6eef6edf7edf6edf6edf6edf6eef5eef5edf5edf4edf4edf4ed
2028,274502549,-41,11,256,1,27,0,b6600b00fb04f8fff5faf2f6eef2eaf0e7efe4efe2f0e1f2e2f4e4f5e7f7ecf8f1f9f7fafefa04fa0afa0ffa14f917f91af91bf91cf907fe00000000000000000000000000000000000003fe0dfc10fc14fc17fc19fc1afc1bfc1afc18fd14fd10fe0c0007020205fe09fa0cf710f514f418f41af51cf61df81dfa1cfc19fd16a500e116e117e117e118e218e217e317e317e317e318e318e318e218e118e017e015df14df13de11de0fde0dde0bde0ade08de05de03de00defdf3fefcff01ff00fe00ffff03fc09f61af41af219f019ee18ed18eb17ea17e817e716e616e515e415e314e214e213e213e212e212e212e213e213e213e214e215e216e116e116
2029,274502748,-41,11,256,1,27,0,b6600b00f9fefdf901f403ef04ea05e604e203e001de00defedffde2fde6feeafff001f504fb060109060b0b0e0f0f1310151116111704050000000000000000000000000000000000000202080b090e0a110b140d160d170d170d160c140a12070f040b0007fb04f601f2ffedfee8fee5fee200e102e004e105e406e706ea06a400f0f6eff6eff7eff7eef7eff7eff8eff8eff8eff8eef8eef8eef8eef8eef7eef7eff7eff6f0f5f0f5f1f4f2f4f3f4f3f3f4f3f5f2f6f2f7f1fdfafffe000000000000fefffafff1fdf1fcf2fbf2faf2faf1f9f1f9f1f8f1f7f1f7f1f6f1f5f1f5f2f4f2f4f2f4f2f4f2f4f2f4f2f4f1f5f1f5f1f5f1f5f0f5f0f5f0f5eff5
2030,274505703,-41,11,256,1,27,0,b6600b00f800fbfafcf4fdeffceafbe6f9e3f6e1f4e0f3e1f2e3f2e6f3e9f6edf9f1fdf602fa07fe0b020f051307160a180b190c1a0c060300000000000000000000000000000000000002020b080c0b0e0e1010121213121313121211100e0f0b0c070a0207fd05f704f204ed04e905e607e409e30be30de50ee70feb0eed0ca500da02da02da03da03da03da03da04da05da05da05da05da05da05d905d904d903d902da01daffdbfddcfbdcfaddf9def7dff6e1f4e2f2e3f0f5fafdfd010001ff00fffd01f604e50ce40ae308e207e105e104e003df02df01de00ddfeddfddcfcdcfcdcfbdcfbdcfbdcfbdcfcdcfcdcfddcfddcfedbfedbfedafedafed9ff
2031,274522516,-41,11,256,1,27,0,b6600b00f905f7fef4f8f0f4ebf0e7eee3ede0eddeedddefdef2e0f4e4f6e9f7eff8f6f9fdf905f90cf911f816f71af71df71ff720f708fd00000000000000000000000000000000000003ff10fd13fe17fe1bff1dff1fff1fff1eff1cff180013010e0208040207fd0af80ef412f216f11af01ef120f321f521f81ffa1cfb19a000f00ff00ff00ff00ff00ff010f110f110f210f210f210f110f110f010f010f00ff00fef0eef0def0bee0aee09ee09ee08ee07ed05ed04ed02f900fd0000ff00ff00ffff01fe05fa0ff90ff80ff70ff60ef50ef50ef40ef30ef20df10df00df00df00def0cef0cef0cef0cef0cef0cf00df00df00df00df00def0eef0eef0e
2032,274531200,-41,11,256,1,27,0,b6600b00fffa04fc09fe0eff13ff17fe1afd1bfb1cfa1cf81af818f715f811fa0dfc08ff0402ff06fc09f80cf50ff312f213f114f014fb05000000000000000000000000000000000000fe02f709f50af20cf00eef0fee10ee10ef10f00ef20cf409f606f901fbfdfcf8fdf4fdeffcebfbe8f9e6f7e5f6e5f5e7f4e9f5ecf6eeb0000be20be10be10be00be00be00ae00ae00ae009e009df09df0adf0adf0be00de00ee10ee20fe210e411e512e712e813e915eb16ed18ef19f109fa02feff000001ff00fffdfef7fce7fde7ffe602e604e605e506e507e409e40ae40be40be40ce40de40ee40ee40fe40fe50fe50ee40ee40ee30de30de30de30de30de20de1
2033,274532574,-41,11,256,1,27,0,b6600b00fafb00f906f60bf30ef011ec12e913e612e410e30ee30ce50ae809ec08f206f805fe0404040a040f04140418041a041c031c00070000000000000000000000000000000000000003010e01100014ff17ff19ff1aff1bff1aff18ff15fe11fd0cfc07fa02f7fdf4f9f0f5edf3e9f1e7f1e4f1e3f3e3f5e4f7e7f9eaf9a400e8e4e7e4e6e4e6e3e6e4e6e4e5e4e5e5e5e5e5e5e5e5e6e5e6e4e5e3e6e3e6e2e8e2e9e1ebe0ede0eedff0dff2dff4dff6dff9dffbdffedffff400fc000101000000fcfff6fce5f5e5f4e6f2e7f0e7eee7ede7ece8eae8e9e9e7e9e6e9e5e9e4eae3eae3ebe3ece2ece2ebe2ebe2eae3eae3eae3e9e3e9e3e9e2e8e2e8e1
2034,274541664,-41,11,256,1,27,0,b6600b00fef903fa09fb0efb12fa16f919f71af51af319f217f115f213f30ff60cfa08fe05020106fe0afc0ef911f814f716f617f517fd05000000000000000000000000000000000000fe02fa0af80cf60ef410f312f213f213f312f411f50ef70bf807f903fafefaf9faf5f9f1f8edf6eaf4e9f2e8f0e9efeaefecf1eff2f1a90008e008e007df07df07df06df06e006e006df06df06de07de07de08df09df0be00ce00de10ee10fe210e311e512e613e815ea16ec18ee18ef09fa02feff0000010000fefdfcf7f6e8f7e8f9e7fbe7fde6fee500e401e302e303e204e205e206e207e208e209e209e209e209e209e209e209e209e109e108e008e008e008e0
2035,274551609,-41,11,256,1,27,0,b6600b00f801f9fbfaf5faeff8ebf6e7f4e4f1e2efe2eee3ede5eee8f0ebf3eef7f2fcf601f907fc0cff1101150318051a061c071c07070200000000000000000000000000000000000002010c070d09100c120e140f151015101410130f100d0c0b08090307fe06f805f305ee06ea08e70ae60de50fe511e712e912ec11ef0fac00da07da07da08d908d908da08da09da09da09da09da09d909d908d808d807d806d805d903d901daffdafddbfbdcf9ddf8def6dff4e0f1e1f0f5f9fcfd010001fe00fffd02f806ea12e811e70fe50ee40ce30ce20be10ae008df07de06dd05dc04dc03dc02dc02dc02dc02dc02dc03dc03db04db04db04db04da04d905d905
2036,274556012,-41,11,256,1,27,0,b6600b00f8fefcf9fff401ee02e902e501e2ffdffddefbdefae0f9e3fae6fbebfef000f504fa07000b040e08110c140f15101611161205040000000000000000000000000000000000000102070c080e081209150a170b180b180b170a1509130610030cff08fb05f602f1ffedfee9fee5ffe200e102e004e106e407e707ea069d00f0f5eff5eff5eff5eff6eff6eff6eff6eff6eff6eef6eef6eef6eef6eff5eff5f0f4f0f3f1f3f1f2f2f2f3f2f4f2f5f1f6f1f8f0f9f0faeffefafffe000000000000fe00fafff1fef1fef1fdf1fbf1faf1faf1f9f1f8f1f7f1f7f1f6f1f6f1f5f1f5f1f4f1f4f1f4f1f4f2f4f2f4f1f4f1f4f1f4f1f4f0f5f0f5f0f5eff5
2037,274560975,-41,11,256,1,27,0,b6600b00fa05f700f4fbf0f8ecf5e8f4e4f3e2f4e0f5dff7e0f8e2fae6fbebfbf0fbf6fbfdf903f808f60df511f314f217f118f019f106fc00000000000000000000000000000000000003ff0efe10ff1400170019001a001b001a001800150011010c0207040206fe09fa0cf710f514f418f41bf51df71ef91dfb1cfc19fd16a000f10cf10cf10cf10cf10df10df10df20df20df20df10df10df10df10df00cf00cf00bef0aef09ef08ef07ef06ef05ef04ef03ee02ee00eefff9fffeff00ff00ff00ffff01fe05fb0dfa0df90df80df70cf70cf60cf50cf40cf40cf30cf20bf20bf10bf10bf10af10af10af10af10af10af10af10bf10bf10bf10bf00cf00c
2038,274564854,-41,11,256,1,27,0,b6600b0000f806fa0bfc11fd16fc1afb1df91ef71ff51ef41cf31af316f513f70efa0afe05030107fd0cfa10f814f617f519f41af31afc06000000000000000000000000000000000000fd02f60af30bf00ced0eeb0fea10ea10eb10ec0eee0cf109f405f701f9fcfbf7fcf2fcedfbe9fae5f8e3f6e2f4e2f3e4f2e6f2e9f3eca80007da06da06d906d906d907d907d906d906da06da06da07da07d908d909d90bda0dda0edb10dd12de13e014e115e317e518e71aea1bec1cee0afa03feff0000010000fefdfaf7f1e6f2e5f4e4f6e3f8e2f9e1fbe0fcdffede00dd01dc03dc04dc05dc06dc06dc07dc07dc07dc07dc07dc07dc07db07db07db07da07d906d9
2039,274570391,-41,11,256,1,27,0,b6600b00fa05f800f5fbf1f8edf5e9f4e6f3e3f4e2f5e1f6e2f8e4fae7fbecfbf1fbf7fbfdfa03f908f70df611f414f316f317f218f206fc00000000000000000000000000000000000003ff0dfd10fe13ff16ff18ff19ff19ff19ff17ff140010000c0207030206fe09fa0cf70ff513f416f519f51bf71cf91cfb1bfd18fd15a000e418e418e519e519e519e519e519e619e619e619e619e519e419e318e318e217e116e114e012e010e00ee00de00be009df07df04df01dffff4fffcff00ff00fe00ffff02fe09f91af81af61af31af219f019ef19ed19ec19ea18e918e817e717e616e516e515e415e414e415e415e515e516e516e516e517e417e417e417
2040,274582396,-41,11,256,1,27,0,b6600b00f9fbfef703f407f009eb0ae70ae40ae108df07df05e003e203e603ea03f004f605fc070209070b0c0d100f1410161017101804060000000000000000000000000000000000000003010e00100014ff17ff19ff1a001b001a0018ff15fe11fd0cfc07f902f6fef2faeef7ebf5e7f5e4f5e2f6e1f8e1fae3fce6fde9fe9c00f4f0f4f0f4f0f3f0f3f0f3f0f3f0f3f1f3f1f3f1f3f1f3f0f3f0f3f0f4f0f4eff5eff6eef7eef8eef8eef9eefaeefceefdeefeeeffee00ee00f900fe000000000000fefffbfef2faf2f9f3f8f3f7f4f6f4f5f4f4f4f4f4f3f5f2f5f2f5f1f5f1f6f0f6f0f6f0f6f0f6f0f6f0f6f0f6f0f6f0f6f0f5f0f5f0f4f0f4f0f4f0
2041,274582603,-41,11,256,1,27,0,b6600b0002f807fc0c00110215041a041d032002210021fe1ffd1dfc19fc15fd0fff0a010404ff07fa0af50ef210ef12ed14ec15eb15fa05000000000000000000000000000000000000fd01f306f006ec06e907e707e608e608e608e807eb06ee04f301f7fefbfafef601f102ed03e903e502e200e1fee0fde1fbe3fbe6fbe9a8000cf20cf10cf10cf10cf00cf00cf10bf10bf10cf10cf00cf00cf10df10df10ef20ef20ff30ff30ff40ff50ff60ff810f910fa10fc11fd11fe06ff0100ff00ff00ff00fffe00fa01f102f103f104f205f206f207f108f108f109f10af20af20bf20cf30cf30cf30cf30df30cf30cf30cf30cf20cf20cf20cf20cf10cf10cf1
2042,274596753,-41,11,256,1,27,0,b6600b00fb06f801f4fcf0f9ebf7e7f5e4f5e1f6e0f7dff9e0fae2fce6fdebfdf0fcf6fbfcfa02f807f60cf410f313f115f017f018f006fc00000000000000000000000000000000000003ff0efc10fd14fd17fd19fd1afd1afd1afd18fd15fe11ff0c0007030306fe09fb0df811f615f618f61bf81df91efb1efd1cfe19ff16a400f40ef40ff40ff40ff40ff40ff50ff510f510f50ff50ff50ff50ff40ff40ff30ff30ef30ef20df20cf10bf10af109f009f007f006f005ef04fa01fe0000ff00ff00ffff01ff05fd0efc0efb0dfa0dfa0df90df80df80df70df60df50df40df40df40df30df30cf30cf30cf30cf30df30df40df40df40df30ef30ef30ef30e
2043,274605183,-41,11,256,1,27,0,b6600b00fbfa00f806f50bf20eef10eb11e811e510e30fe20de30be509e808ed07f206f805fe0504050a060f06140717071a071b071c01070000000000000000000000000000000000000003000eff11fe14fd17fd19fd1afd1afd19fd17fd14fd10fc0bfb06f901f7fcf4f8f0f4edf2eaf1e7f0e5f1e4f3e4f5e5f7e8f8ebf9a000efdeefdeeedeeedeeedeeedfeddfeddfeddfeddfeddfeddfeddeeeddefddf0dcf1dcf3dcf4dcf6dcf7dcf9dcfcddfedd00de02de05de06df02f401fcff0101010000fdfef7fae8efe9edebebeceaede8ede7eee6efe5efe3f0e2f0e1f1e0f2dff3dff3def4def4def4def4def4def3dff3dff2def2def1def1def0ddf0dd
2044,278330153,-92,11,128,1,27,0,4ff1144105f906fa01f9fdf9fdfafcfcfbfefbfffcfffbfdf9faf7f8f5f9f4fbf5fef7fff9fdfafcfbfefd01ff03ff04fe06fd05fc02fe00000000000000000000000000000000000000ff0000020201040004010403050605070407040505060607030701070206030105fd04ff010002fd04fb06f907f606f505f406f509f7
2045,278637352,-93,11,128,1,27,0,4ff11400f6fbf9fbfb00fb01fa01fb03fd06fd07fc08f905f804f806f906f905fa05fa04f903f804fc03ff01ff01000201040005ff06ff0100000000000000000000000000000000000000ff02fd01fb00fcfefbfef8fef8fdf9fef700f501f500f600fa03fa01fafffbfffcfffdfdfefa01f700f7fbf4f9f1fcf2fef4fcf6fb
2046,278944544,-92,11,128,1,27,0,4ff11441f7f8f8faf9fdfc00fd01fc02fc04fa06f806f606f405f908fd0bf902f7fdff020504ff02f900fa01fc02fc01fc00fa01f803fd01000000000000000000000000000000000000ff00fd01fa02f901f900f802fa02fbfffbfcfbfcfcfcfbfcfcfafef8fbf8fafcfbfffc00fdfffa02f706f506f902fa00f5fff4fff4ff
2047,278965641,-38,11,256,1,27,0,966009000ff90cfd0a010906090a0a0e0c110f1311141314151416121610150d130b0f090b0807070207fe07fa08f709f40bf30df20efc03000000000000000000000000000000000000fffdfff501f302f004ee04eb04e904e703e603e602e702e902ec03f004f306f709fa0dfc11fd14fe18fd1bfb1cf91df81cf61af519f4960027fe27fd28fd27fd27fd26fc26fc25fb25fb25fa25fa25f924f924f924fa23fb23fb22fc21fd20fd1ffe1efe1dff1c001b011a021a03190409010200ff00fe00ff0002ff09fd1afa1afb1bfc1cfd1dfe1efe1fff20ff21ff2300230124012502250226032603260326032602260126012600260027ff27ff27fe28fe29fe
2048,278967104,-38,11,256,1,27,0,966009000cf50bf90afe0b020d061009130b170c1a0c1c0b1d091e061d041b03180214020f030a040607020afe0dfb10f913f816f818fe06000000000000000000000000000000000000fffcfdf2fff001ed03eb04e804e604e504e403e403e603e803eb03ef05f207f50af80dfa11fb14fb17fa19f81bf51bf31af118f016ef960027f527f426f326f326f225f124f024ef24ef23ef23ee24ee24ee24ee24ef24f025f125f225f325f425f524f723f923fa23fc23ff230123030c010300fe00fe01fe0003fd0bfa1ff020f221f422f623f823f924fa25fb25fc26fd27fe27ff28ff2800280028002700270027ff27ff27fe27fd27fb27fa27f928f928f828f7
2049,278969415,-38,11,256,1,27,0,96600900ffef01f304f608f80df911f915f718f51af31af019ed18ec16eb13ec10ee0ef10cf50afa09ff09040909090d0a110c140d150305000000000000000000000000000000000000fdfef3faf3f7f2f4f1f1efeeededececebecebedeceeeeeff1f1f4f3f8f4fcf400f303f206ef09ec09e909e608e406e203e201e2ffe4960008d808d807d807d806d806d805d704d703d703d802d802d803d703d704d704d705d707d808d909da0bdb0cdc0ddd0ede10e011e114e215e408f602fdff000002ff01fffcfef3feddffdd02dd04dc06dc08dc09db0adb0cdb0ddb0edb0fdb10db10db11db11db11dc11dc10dc0fdc0edb0edb0ddb0cda0cda0cd90bd80bd7
2050,278970958,-38,11,256,1,27,0,96600900f4f4f8f5fcf501f405f208ef0aeb0ae80ae408e205e103e002e201e400e701eb02f004f506f909fd0d0110031305160618070601000000000000000000000000000000000000fd01f305f104ee02eb01e800e500e400e301e401e602e802eb01eefff2fdf5faf7f7f8f3f8eff8ecf7e9f4e7f2e6efe6ede8eceaecec9b00f6d9f5d8f5d8f5d8f4d9f4d9f4d9f4daf3daf3daf2daf2daf2d9f3d9f3d9f5d9f6d9f8d8f9d8fbd9fdd9feda00db02dc04dc06dd09de0bde04f401fcff0101010000fdfdf7f6eae3ece2eee1f0dff2def3ddf4dcf6dbf7daf8d9f9d8fad8fbd7fcd7fcd7fdd7fdd8fdd8fcd8fcd9fcd8fcd8fbd8fad8f9d8f9d7f8d7f8d7
2051,279036058,-93,11,128,1,27,0,6995564101ff0200fffefdfeff02030101f9fbf8fbf8fdf3fcf0fcf0fef6ff00fef900f7040203050202010000010104ff08fd0bfb0afe02000000000000000000000000000000000000ffffffffff00fd00fe01ff01fe00fdfffefefffefffdfffd00fe0000ff030103020103ff00fdfdfdfefffe00fbfffbfefd01fd02fd01
2052,279052303,-38,11,256,1,27,0,b6600b000f050b060709030c011000140118021b041e061f091f0b1e0c1c0c190b160812050e010bfc08f707f206ee05eb05e806e606f90100000000000000000000000000000000000002fd0af50df611f614f617f519f41af31af219f217f315f413f610f90efc0c010c050c090e0d100f1311161119111b101b0d1c0b1b0893001c1e1d1e1e1e1f1d1f1c1f1b201a201a201920192119211822192119211a201a1f1b1e1c1d1d1c1d1a1d181d161e151e121f10200e210c22040c0003fffffdfeffff03010b061f131e151d171b191a1a1a1c191d191e191f1821182217231724162415241524142414241523162316221722182119211a211b201c201c20
2053,279165260,-93,11,128,1,27,0,a00cca410002010202ff00fffb00fbfdfef703f80103f80bfb0e08090704fdfffaf5fff705fe06fd01fdfefffefdffff0204050307fd01fe000000000000000000000000000000000000ff00fd01fd03fd03fe02ff020002010101000000000102020402030003fc02fb00fdfefdfefdfffe00fe00fcfffbfefffe02feff00fd
2054,279196296,-34,11,256,1,27,0,b6600b00f60af506f402f2feeffcedfaeaf9e7fae4fbe3fde3ffe400e602ea02ed02f001f4fff7fcfaf9fcf6fdf3fef1feeffeedfeecfffb0000000000000000000000000000000000000102040a030c030f031204140515061707170816071406120410020eff0bfb0af70af30af00bee0dec0feb12eb14ed15ef15f015f114f908eb1aec16ec10ec0aea05e701e4fde1faddf9daf9d8f8d8f8d8f9daf9dbf9ddf7e0f5e2f2e5efe7eceae9ece7ede6eee4efe3f0e2e6e9e8e9fbfcfefe0000ffffffff000002020c0c0b0d0710061304160219011c001eff21fe22fd21fb20f81ff51df11ced1be91be51be21cdf1ede20dc23db25dd26e026e325e623e822
2055,279196854,-34,11,256,1,27,0,b6600b000fff0c030a07080b081009130a160d181019121913171415131311100f0d0b0c070a0309fe09fa09f70af40bf20cf10ef00ffc0300000000000000000000000000000000000000fd04f406f208f00aee0bec0cea0ce80ce70be80aea09ec08ef08f209f70bfb0efe1100140218031b031e021f001ffe1efd1dfb1bfa0bfd25fa20fd1b011706140b13111217131c141f15211623172417241623142311220e210a2105220122fd21fa21f721f521f421f222ff24fe23ff06ff01ffffff00ff00fffefffcfdec00ed05ec09eb0ce910e813e716e518e41ae51be71ce91eec1fef20f322f725fa28fd2bff3000340037ff39fe38fb36f933f72ff62cf6
2056,279215960,-36,11,256,1,27,0,b6600b00f5f6f9f5fdf400f203f004ed05ea04e703e502e400e4fee5fde7fceafdedfef000f402f705f908fb0bfd0efd10fd11fd12fd04ff000000000000000000000000000000000000fd00f503f303f002ed03eb03e904e905e806e906eb06ed05ef03f101f3fef5fbf5f7f5f4f4f0f2eef1eceeebececebedeaeeeaf0ebf28b00ebdfebdfebdfebdfebdfebe0ebe0ebe1ebe1ebe1ebe2ebe2ebe2ece2ece2ede2eee2efe2f1e2f2e3f3e4f4e5f5e5f6e6f8e6f9e7fbe7fce7fef7fffd000001000000fdfef8fbebf1ebf0ebeeebececebeceaece9ebe7ebe6ebe5ebe4ebe2ece1ece0ece0ecdfecdfeddfecdfecdfecdfebe0ebe0ebe0ebdfebdfeadeeade
2057,279225172,-36,11,256,1,27,0,b6600b0006f208f70afb0dfe1000140117011a001cff1dfc1cfa1bf919f816f813f90ffb0cfe080106050408030c030e0311041304140105000000000000000000000000000000000000fefdf8f6f8f4f7f1f6eef4ecf3ebf1eaf0ebf0ebf1edf3eff5f1f9f2fdf301f305f309f20cf00eed0feb0fe80fe50de40be409e508e694001ee51ee51ee41de41de41de41ce41be41be41ae41ae419e419e419e419e419e518e618e718e818e918eb17ec17ed16ee16ef16f116f216f408fb02feff00ff01ff0001fd05f80fea11ea12eb14eb15eb16eb17ea18ea1ae91be91ce91de91ee91fe920e920e920e920e920e91fe81fe81fe71fe61fe61fe51fe51fe41fe4
2058,279231888,-36,11,256,1,27,0,b6600b00f5f5f9f5fef402f206ef09ec0ae90ae709e407e306e204e302e501e801eb01f003f404f807fc09ff0c010f031104130414040501000000000000000000000000000000000000fd01f505f305f005ed06eb07e909e80ae80be90bea0aec09ef07f104f300f4fcf5f8f5f3f3eff2edefebede9eae9e9ebe8ece8eee9f09a00efdaefdaefdaefdaefdaefdbefdbefdcf0dcf0ddf0ddf0ddf0ddf0ddf1ddf2ddf3ddf5def6def7dff8e0fae1fbe2fce3fde4ffe500e501e600f700fd000001010000fdfef8faebefebedecececeaece8ece7ede6ede5ede3ede1ede0eddfeddeeeddeedcefdbefdbefdbefdbefdbefdbeedbeedbeedbeedbeedaeedaedda
2059,279237947,-37,11,256,1,27,0,b6600b000b080609020afe0cfb0ff913f816f819f91bfa1cfc1dfe1cff1a00170013ff0ffe0bfc07f903f600f3fef0fdeefcecfcebfcfaff00000000000000000000000000000000000001fe08f80bf80ef710f613f514f315f215f114f112f210f30ef60df90bfd0b010b060b0a0d0e0f101212151317121811190f180d170b94001123122312231223122312221221122111201120112011201120102010200f200e200d200c1f0b1e091d081c071b061b041a0319011900190008ff02fffffeffffff02010705140f1411131213141315131713181319141b141c141d131f1320122012211121112111221122112212221222122212221322132313231324
2060,279239179,-36,11,256,1,27,0,b6600b00fef102f506f70bf80ff912f815f718f519f319f118ef16ee13ee11f00ef20cf609fa08fe06020606060a070c080f09100a110204000000000000000000000000000000000000fdfff4fef2fcf0faedf9ebf8e9f8e7f8e7f9e7fae9faebfbeffaf2f9f6f8faf6fdf3ffef01ec01e901e600e3fee2fde2fbe2fae4f9e697000bda0bda0bd90bd90bd90ada0ada09da09da09db0adb0adc09dc09dd09dd0add0ade0bdf0be00ce20ce30de50de60de70ee90fea0feb10ec05f901feff000001ff00fffdfef6fde5fee5ffe400e302e302e203e104df05de06dd07dc09dc0adb0bdb0bdb0bdb0bdb0bdb0bdb0bda0ada0ada0ada0ad90bd90bd90bd90cd9
2061,279247547,-37,11,256,1,27,0,b6600b00f7f5fcf501f505f409f30cf00eee0feb0fe80ee70ce60ae608e706ea05ed05f105f605fa06ff08030a060c080e090f0a100a0402000000000000000000000000000000000000fd01f605f305f005ed06eb07ea08e909e909ea0aeb09ed08f005f203f4fff6fbf7f7f7f3f6eff5ecf3e9f0e8eee8ede9eceaecececee9100fdd9fdd9fcd9fcd9fcd9fcdafcdbfcdbfcdcfcdcfcdcfcdcfcdcfcddfdddfeddffdeffde00de00e001e102e303e404e505e606e707e808e803f701fdff0000010000fefdfbf7f4e9f4e8f5e7f6e6f7e5f8e3f9e2f9e0f9dff9defadefbddfcdcfddbfddbfedafddafddafddbfddafddafcdafcdafcd9fcd9fcd9fcd9fcd9
2062,279249857,-37,11,256,1,27,0,b6600b0004f306f708fc0cff0f011303160319021b011c001cfe1bfc19fb16fb12fc0efd0aff070203050108ff0bfe0efd10fd12fe13ff05000000000000000000000000000000000000fdfef6faf4f8f2f6f0f4eef2edf1ebf1ebf2ebf2ecf4eff5f2f6f6f6faf6fef503f406f209ef0bec0ce90be60be409e408e406e505e6940017e217e217e117e116e216e216e215e215e215e214e314e314e314e314e415e415e515e615e815e915eb14ec14ed14ee14f014f114f214f407fb02feff00ff01ff0000fd02f707e709e70ae70ce70de60ee60fe510e511e513e414e415e316e317e317e417e417e417e418e318e318e318e218e217e217e117e118e118e1
2063,279251889,-38,11,256,1,27,0,b6600b000c0009030707050b050f0613071509170c180e181017111611130f110d0e090c050a0108fc07f706f307f007ed08eb09e90afa0200000000000000000000000000000000000000fc03f306f108f00aee0cec0ceb0dea0ce90cea0bec0aee09f108f509f90afd0c010e0411061407170719061b041b021b0019fe18fd9d00220923092308240824072407230623062305230523052405240524062406240723082309220b210c200d1f0e1d0f1c0f1a1119121714161507080202fffffe00feff03ff0bfe1ffd20ff200120032005200720082009210a210b210d220e220f21102110201020102010200f200f200e210e210d220d220c230c240c240b
2064,279254559,-38,11,256,1,27,0,b6600b00f301f5fef7faf8f6f8f2f6eef4ebf1eaeee9eceaebeceaeeebf0edf2eff4f3f5f8f7fdf702f706f70af60df410f311f112f104fc000000000000000000000000000000000000ff03fd0dfb0ef910f712f514f515f416f516f616f714f712f80ff80bf707f603f300f0feedfceafbe8fce5fde4ffe401e504e705e906a000dcf9dbfadbfbdbfbdbfcdbfddbfedcffdcffdbffdb00db00db00db00dbffdbffdbfedcfddcfcddfadef9dff8e0f7e1f6e2f5e3f3e4f1e4eff6f9fdfd000001ff0100fc00f400e001e000e0fedffcdffadff9dff8def6def6def5def3def2def1def1def0def1def1def1def2dff3def3def4ddf5ddf5dcf6dcf6dbf7dbf7
2065,279254766,-38,11,256,1,27,0,b6600b00f9f5fdf602f606f50af30df10eee0feb0fe80de60ce50ae608e707e906ed05f105f606fb08ff0a030c060e09100b120d130e0503000000000000000000000000000000000000fc00f303f001edffebfee9fee7fee6fee6ffe7ffe900ebffeffef2fdf6faf9f7fbf4fcf1fcedfceafae8f8e6f6e6f4e6f2e8f2eaf2ec9b0001db00db00daffdafedbfedbfddcfddcfddcfcdcfcdbfcdbfcdbfddbfddbfedb00db01dc02dc03dd05dd06df07e008e10ae20ce30ee410e506f602fdff0000010000fefcfbf5f4e2f6e1f8e0fae0fcdffddfffde00dd01dc02dc03dc04dc05dc06db06db06db06dc06dc06dc06dd06dd05dd04dc04dc03db02db02da01da
2066,279263600,-38,11,256,1,27,0,b6600b00fa0af806f702f3fff0fdecfce9fce6fde4fee300e302e404e605e905ed04f002f4fff8fcfbf8fef5fff101ee02eb02e903e800f900000000000000000000000000000000000002010a080a0a0a0d0b100c120d140e140f140e130d110b10080e050c010afd09f90af50bf20cf00fef12ef14f016f117f318f617f7169700e518e518e518e519e519e619e619e719e719e819e81ae71ae71ae61ae519e418e417e315e314e312e311e30fe30ee20ce20ae107e105e003f401fc0000ff00fe00ffff03fc0af51df31df11cef1bed1aec19ea19e919e818e618e517e416e316e315e215e214e214e213e313e314e314e314e415e415e416e417e417e318
2067,279266424,-38,11,256,1,27,0,b6600b00f607f603f6fff4fbf1f8eef6ebf5e8f6e6f6e5f8e4fae4fbe6fde9feedfef1fdf5fcf9fafdf701f404f206ef07ed08eb09e902fa0000000000000000000000000000000000000102060b050d051005130515061706170617061606140512030f000dfd0afa08f607f207ef08ec09ea0bea0dea10eb11ed12ef12f1129b00de0add0add0add0add0bde0bde0bde0bdf0cdf0bdf0bde0bde0bdd0add09dd08dd07dd06dd04de03de01df00e0fee0fce1fae2f8e2f5e3f4f5fbfdfe000001fe00fffe02f808eb16e915e713e611e410e30fe20ee10de00cdf0bde0ade09dd08dd07dc06dc06dc05dd05dd06dd06de07de07dd07dd08dd08dd08dc08dc09
2068,279270219,-38,11,256,1,27,0,b6600b00f708f704f6fff4fcf1f9eef7ebf6e8f6e5f7e4f9e4fbe4fde6fee9ffedfff1fef5fcf9fafdf701f403f105ef06ec07ea08e902fa0000000000000000000000000000000000000102060b060d0510051306150617071807170716071405120310010dfd0bfa09f607f307ef08ed09eb0bea0eea10eb12ed13ef13f1129200de0dde0dde0ede0ede0edf0edf0ee00ee00fe00fe00fe00fdf0fdf0edf0dde0cde0ade09de07de06de04df03df01e000e1fee1fbe2f9e2f7f5fcfcfe000001fe00fffe03f909ec19eb17e916e814e613e512e311e210e10fe00edf0dde0cde0cdd0bdd0add09dd09dd09dd09dd09de0ade0ade0ade0bde0bde0cdd0cdd0c
2069,279280272,-38,11,256,1,27,0,b6600b000a0506060308000cff0ffe13fe160019011a031b051b0719071707150611040e000bfd07f904f503f101ee00eb00e900e800f90000000000000000000000000000000000000001fd08f60af50df510f412f313f213f113f112f111f20ff40df70bfa0afe0a020a050b090d0c0f0e120f140e170e180c180a1708160693001a161b161b161c151c151c141d131d131d121d121d111d111d121e121e121d131d141b141a1519161816161715171418121810190e1a0d1b04090103fffffeffffff030109041b0d1a0f19101912181317141715171616171618161a161a151b151c151c141c141c141c151b151b161a171917191819181919191a191a19
2070,279308072,-38,11,256,1,27,0,16633100fdf401f605f709f80df711f513f314f015ee14ec13ea11ea0feb0ced0bf009f408f808fd08020807090a0a0e0c100d120e130304000000000000000000000000000000000000fc00f200f0feeefcecfaeafae8f9e7f9e7fae8fbeafbedfbf0fbf3faf7f8fbf6fef400f001ed01ea00e7ffe5fde4fae4f9e5f8e8f7ea9f0003dc03db02db02db02db01db01dc01dc00dc00dc00dc00dc01dc02db02dc03dc04dc06dc07dd08de0adf0be00ce10ee210e411e513e714e807f702fdff0000010000fefdfbf6f3e4f5e3f7e2f9e1fbe0fcdffddfffde00dd01dd02dc04dc05dc06dc06dc07dc07dd07dd07dd07dd06dd06dc05dc05dc05dc05db04db04da
2071,279311743,-38,11,256,1,27,0,1663310007f607fa09fe0c020f041306160619051b041c021c001bfe19fd16fd13fe0fff0a0106040307000bfe0efc11fb13fb16fa17fe06000000000000000000000000000000000000fdfdf7f5f7f3f7f0f7edf6ebf6e9f5e9f4e9f5eaf6ecf7eef9f0fcf300f504f608f70bf60ef511f313f113ee12ec11ea0fea0dea0beb93001fef1fef20ee1fee1fee1eed1eed1dec1dec1dec1deb1deb1deb1eec1eec1eed1fee1fef1ff01ff21ff31ff51ff61ff81ffa1ffc1ffe1e000b000300fe00fe01ff0002fd07f715e916ea17ec19ee1aef1bf01cf01df11ff11ff220f321f422f422f522f622f621f621f621f621f521f421f421f321f321f221f222f122f1
2072,279314623,-38,11,256,1,27,0,16633100f4fcf8fafbf7fef3fff0ffecfee8fde6fbe4f9e4f7e4f6e6f6e8f7ebf8eefbf1fef502f806fa0afc0efd11fe14fe16fe18fe06ff000000000000000000000000000000000000fe02fa0bf70cf40df20ff010ef11ef12f012f012f110f20ef40bf507f503f5fff4fbf2f8f0f5edf4ebf3e8f4e6f5e5f7e6f8e7fbe9fc9b00e5e7e5e7e4e7e4e7e4e8e4e8e4e9e4e9e4e9e4e9e4e8e4e8e4e8e5e7e5e7e6e6e8e5e9e4eae3ebe3ede3efe3f1e3f3e2f5e2f8e1fae1fce0fef400fc000001000000fcfff5fee1f9e2f7e2f5e3f3e3f1e4efe4eee4ede4ece4eae5e9e5e7e6e6e7e5e7e5e8e5e8e5e8e5e8e5e8e5e8e6e7e6e7e6e6e6e6e6e6e6e6e5e6e5
2073,279318610,-37,11,256,1,27,0,16633100f5f6faf600f505f308f00bec0de90de60de30be20ae207e205e404e703eb03f004f505fa07ff09030c060e09100a110b120b0402000000000000000000000000000000000000fe02f709f50af20cef0ded0fec11eb12eb13ed12ee11f00ef20bf306f402f4fdf4f8f2f4f0f0eeedebebe8ebe6ebe5ece5eee6f0e7f29800eedaeed9eed9eed9eedaefdaefdbefdbefdbf0dcf0dcf0dcf0dcf0dcf1dcf2dcf4dcf5ddf6ddf7def8dff9e0fbe1fde3fee3ffe401e402e401f600fd000001000000fdfef7fae9efe9eeeaeceaeaeae9ebe7eae6eae4eae3eae1ebe0ebdeecddeddceddbeddbeedbeddbeddbeddbeddbeddaeddaeddaeddaedd9edd9edd8
2074,279319204,-37,11,256,1,27,0,36633300000cfc09f906f404f003ec04e905e706e609e60be70ce90deb0dee0bf109f407f703f9fffafbfcf7fcf4fcf1fbeffbedfbecfefb00000000000000000000000000000000000002ff0aff0d001001120115011701180118011700150013000f010c0308050508020b000fff13ff16ff19001b021c041c051b061906179e00f121f121f121f121f121f120f120f220f21ff21ff11ff11ff11ff11ef01df01cef1bef1aef19ef18ee17ef15ef14ef12ee11ee10ed0eed0df904fd0100fffffeffff00020108031802180119001afe1bfd1bfc1cfb1dfa1ff920f820f721f621f421f421f321f321f321f321f321f321f322f322f322f222f222f222f222
2075,279319392,-37,11,256,1,27,0,b6600b00fbf400f604f709f70df711f513f315f115ef14ed13ec11eb0fec0dee0af109f507f906fe060206060709080c090e0a0f0b100204000000000000000000000000000000000000fd00f503f202ef02ed02ea03e803e704e804e905eb05ed04f002f3fff5fcf8f9faf5fbf0fbedfae9f9e7f7e5f5e4f4e5f2e7f2e8f3ea9300fddbfddafddafddafedbfedbfedbfddcfddcfedcfeddffddffddffddffde00de01df02df03e004e105e305e406e507e607e708e909ea0aeb03f801fdff0000010000fefdfaf8f2ebf3eaf4e8f4e7f5e6f6e5f6e3f6e2f7e1f7e0f8def9ddfadcfbdcfcdcfcdcfddcfddbfddbfddbfcdbfcdbfcdbfcdafcdafddafdd9fed9
2076,279325998,-37,11,256,1,27,0,3662230009f709fc09010b050d09100b130d150e170d190c190a19091707150511040d04090504050007fc08f90af70cf60ef510f511fd04000000000000000000000000000000000000fefdf9f6f8f4f7f1f6eef5ecf4ebf3eaf2ebf2ebf3edf5eff8f1fbf3fff504f608f60cf610f412f214f015ee15ec14eb12ea10eb0eec930025f825f725f725f724f724f723f722f722f722f722f722f722f721f721f821f920fb20fc1ffc1efd1dfe1cfe1bff1a00190118021804170508020200fffffe01ff0001fe06fa13ef14f016f117f219f31af31bf31cf31ef31ff420f421f522f623f723f724f724f823f823f823f724f724f724f624f625f625f625f626f6
2077,279343896,-37,11,256,1,27,0,366223000b0606070209fe0cfb10fa13f916f919fa1bfc1cfd1cff1b001901160112000efe0afc06f902f6fff3fdf1fceefbedfbecfbfafe00000000000000000000000000000000000001fd06f608f50bf30df20ff00fee10ec0fec0eec0dee0cf00bf30af70afc0a000b040d080f0b120d150f180f1a0e1a0d1a0b19091807a000161e171e171e171e171e171e161d171d171c161c161b161b161b151c141c141c121c111c101c0f1b0d1a0c190b190918081806170517041701080002fffffeffffff02000703150b150c150e15101511161216141615171717181719171a171b171c161d161d161d161d161e161e161e171e171e171e171e181e181e181e
2078,279344801,-37,11,256,1,27,0,96600900f609f604f5fff4fbf1f8eef5ebf4e9f3e6f4e4f6e4f7e5f9e6fbe9fcedfcf1fdf6fcfafafef802f605f407f208f008ee08ed02fb00000000000000000000000000000000000001010708080a090d0a0f0c120d130e130f130e120d110c0f090d060b010afd09f809f40bf10cee0eec11eb13ec15ed17ef17f116f3159400dd0fdd0fdd0fdd0fdd0fdd0fde0fde0fde0fdf0fdf0fdf0fdf0fe00ee00ee00de00ce00be10ae209e308e306e405e504e603e702e700e7fff7fffdff00ff01fe00fffe02f906ee12ed11ec11ea10e910e810e610e510e410e310e10fe00fdf0fde0ede0ede0dde0ddd0ddd0ddd0edd0edd0fdd0fdd0fdc10dc10dc0fdc0f
2079,279347387,-37,11,256,1,27,0,b6600b00f3faf8f8fdf600f303ef04ec04e904e602e401e3ffe3fde4fce6fceafcedfef100f503f906fc09ff0c000f021102120214020500000000000000000000000000000000000000fe02f909f70af40cf20ef110f011f013f013f113f212f30ff40cf508f604f5fff4fbf2f8eff5ecf3eaf2e7f2e5f3e4f4e4f6e6f8e8f99c00e3e5e3e5e3e6e3e6e3e6e3e7e3e8e3e8e3e9e3e9e3eae3eae3e9e3e9e4e9e5e9e6eae7eae8eae9eaebeaeceaedebeeebf0ecf1ebf2ebf3ebfbf8fefd000001000000fdfef8fbeaf3eaf2e9f0e9efe9eee9ede8ece8ebe7eae7e8e7e7e7e6e7e5e7e4e7e4e7e4e7e3e7e3e7e3e6e4e5e4e5e5e5e5e4e5e4e5e4e5e3e5e3e4
2080,279349877,-37,11,256,1,27,0,b6600b00f3fbf8f9fcf6fff301ef03eb03e802e500e4ffe2fde3fbe4fbe6fbeafbedfdf1fff502f905fc09fe0c000f011101130114010500000000000000000000000000000000000000fe02fa0af80bf60df40ff312f214f215f315f415f513f511f60df609f605f500f3fcf1f9eef6ebf5e8f4e5f4e3f5e3f7e3f8e5fae7fb9300e2e7e1e7e1e7e2e7e2e7e2e7e2e8e2e8e3e9e3e9e3e9e3e9e3e9e4e9e4e9e5e8e6e8e7e8e9e8eae8ebe9ede9eeeaefeaf1eaf2eaf4eaf5eafcf8fffd000001000000fdfff6fde6f9e6f8e6f6e6f4e6f3e5f2e5f1e4f0e3eee3ede3ebe2eae2e9e2e8e2e8e3e8e3e7e3e7e3e7e2e7e2e7e1e8e1e8e1e8e1e8e1e7e0e7e0e7
2081,279354725,-37,11,256,1,27,0,b6600b00f3fcf7fafbf7fef300ef01eb00e8ffe6fee4fce3fae4f9e5f8e8f9ebfaeefcf2fef502f905fb08fd0cff0f001100120013ff04ff000000000000000000000000000000000000ff02fc0bfb0df90ff711f713f615f616f616f716f814f812f80ef80af706f502f3fef0fbedf9eaf8e7f7e4f8e3f9e3fbe3fde5fee7ff9200e3e6e3e6e3e6e3e6e4e6e4e7e4e7e5e7e5e7e6e7e6e7e6e7e7e7e7e6e8e6e9e6eae6ece6ede6efe6f0e6f1e7f3e8f4e8f6e8f7e8f9e8fae8fef7fffd000001000000fdfff6ffe6fde6fce5fae5f8e4f7e4f5e3f4e3f3e2f2e1f0e1efe1ede1ece1ebe1eae2e9e2e9e2e9e2e8e2e8e2e8e2e8e2e8e2e8e1e7e1e7e1e7e1e6
2082,279356124,-37,11,256,1,27,0,b6600b000cfc0a0008050809080e09110b140d160f161116131413131211110e0e0b0a0906080107fd06f906f506f307f108ef09ee0afb02000000000000000000000000000000000000fffdfdf4fdf2feeffeecfde9fde8fce7fce7fce8fceafdecfeef00f303f607f80bfa0ffb13fc16fb19fa1bf81cf61bf51af418f316f4a00025092508250824082408240823082308220722072206220622062207210820081f091e0a1d0b1c0b1b0b190b180b170b160c140c130d120e06050101fffffe00ff0002ff08fd19fa19fb1afd1bfe1cff1d001e011f0220032104220522052306230724072408240824092309240924092409240825082508260726072707
2083,279358712,-37,11,256,1,27,0,b6600b0007f608fb09ff0b030d0610081309150917081806190518031602130110010c01080204040106fe08fc0afa0cf90ef90ff910fe04000000000000000000000000000000000000fefef8f8f7f6f6f4f5f1f3f0f2eff1eef0eff0eff1f1f3f2f6f4faf5fef602f605f609f40cf30ef110ee10ec10ea0fe90de90bea09eba0001ded1ded1ded1ded1ced1ced1cee1bee1bee1bee1bee1bee1aee1aee1aef1af01af21af31af419f518f618f717f816f916fa16fc15fd15fe07ff02ffff00ff01ff0000fd03f80beb0ceb0eeb0fec11ec12ec13ec14ec16eb17eb18eb19ec1aec1bed1bed1ced1ced1ced1ced1ced1ced1ced1ced1cec1cec1dec1dec1dec
2084,279370402,-38,11,256,1,27,0,b6600b00f300f6fdf8f9f9f5f9f1f8edf6eaf4e9f2e8efe8ede9edebedeeeff0f2f2f6f4faf6fff703f808f80cf80ff712f614f516f505fd000000000000000000000000000000000000ff03fe0dfc0ef910f712f614f616f617f717f716f714f812f80ef80bf707f603f3fff0fdedfbeafbe8fbe5fde4fee400e502e704e9049d00dff1def1ddf1ddf2ddf3ddf4ddf4def4def5def5ddf6ddf6ddf6ddf6ddf5def3def3dff1e0f1e1f0e2efe3efe5eee6ede8ebe9eaebe8ece7f9f7fefd000001000000fc00f4ffe0fde0fce1fae1f8e1f6e1f4e1f3e1f2e0f1e0f0e0efe1eee1ede1ece1ebe1ebe2ebe2ebe2ece2ece2ede1ede1eee0eee0eedfefdfefdfef
2085,279375212,-37,11,256,1,27,0,b6600b00f709f704f600f4fcf2f8eff6ecf5e9f4e7f5e5f6e5f8e5fae7fbeafdeefdf2fdf6fcfbfbfff902f704f406f207f108ef08ee02fb00000000000000000000000000000000000001010808080a090d0b0f0c110e120f1210120f110e100c0e090c050b010afd09f90af40bf10def0fee11ed14ed16ee16f016f216f3159300dd0ddd0ddd0ddd0ddd0ede0edf0edf0ddf0ddf0ddf0de00de00ce00ce00be00ae10ae108e207e206e305e404e504e603e701e800e8ffe8fef7fffdff00ff00fe00fffe02fa06ef13ee12ec11eb11e910e810e710e610e411e310e210e00fdf0edf0ede0edd0ddd0ddd0ddd0ddd0dde0ede0edd0edd0edd0edd0fdd0fdd0e
2086,279377472,-37,11,256,1,27,0,b6600b00060a0209fd09f90af50cf20ef010ef13ef15f017f218f418f616f814f910fa0cfa08fa03f9fff7fbf6f8f4f6f2f5f1f4f0f3fcfc00000000000000000000000000000000000002fe0afa0cfa0ffa12f914f816f716f616f615f613f711f80ffa0cfd0a0108050709070d08110a140c160e1710181117121512131111940002250325032503250424042404230423042304220422042204220322022101210020ff20ff1ffe1efe1dfd1bfc1afb19fa18f917f817f716fc08fe0200fffffeffff010204070d150c160b170a18091a081b081c081e081f0720072106220523042303240324032403240324032403250325042504250425042504250425
2087,279384341,-37,11,256,1,27,0,b6600b00f303f5fef7faf7f6f7f2f5eef4ecf1eaefe9edeaecebecedecf0eef2f1f4f5f6f9f8fdf802f905f809f80cf70ef60ff40ff403fc0000000000000000000000000000000000000002010b000dff10ff13ff15001700180118021701160013ff10fd0dfb09f806f404f003ec02e903e604e406e308e409e50ae70bea0b9a00dbfedaffdaffdaffdaffdaffdb00db00dc00dc01dc01dd01dc02dd01dd01dd00deffdffee0fee1fde2fde3fce5fce6fce7fbe8fae8f9e9f8f7fdfdfe000001ff00fffd00f702e605e604e503e402e301e201e100e000dfffdefeddfddcfcdcfcdbfcdbfbdbfbdbfbdbfadbfbdafbdafcdafddafddafdd9fdd9fed9fed9fe
2088,279394812,-37,11,256,1,27,0,b6600b00fdf301f605f80af90ef911f814f616f417f217f016ef14ee12ef0ff00df30af608fa06fe05030506060a060d070f081008110204000000000000000000000000000000000000fd00f401f200efffecfeeaffe8ffe7ffe700e800e900ec00effef3fdf6faf9f7fcf4fdf0feecfee9fde6fbe4fae3f8e3f7e4f6e6f6e9990006db06db06db06db06db06dc06dc05dc05dd05dd05dd05dd05dd05de06de06df07e007e008e108e309e409e509e60ae80ae90bea0ceb0cec04f901feff0000010000fffdfdf7fae7fbe6fde6fee5ffe400e301e202e103df03de04de05dd06dd07dc07dc07dc08dc08dc08dc07dc07db07db06db06db06db06da07da07d9
2089,279397572,-37,11,256,1,27,0,b6600b00f607f603f6fef5f9f3f5f1f2eef0ebefe9f0e7f1e7f2e7f4e8f6ebf8eef9f2faf7fafbfa00f903f806f609f40af30bf10cf003fc00000000000000000000000000000000000001020609060b060e0711081309150a150b150b140a130911060e030cff0afb09f708f208ef09ec0bea0de90fe911e912eb13ed12ef119c00db07db07da07da07db07db07dc08dd08dd07dd07de07de07dd07de07de06df05df04e003e003e102e201e400e5ffe6fee7fde7fbe8fae9f9f7fdfdff000001ff00fffe01f905ec0feb0eea0ee80de70ce60ce50ce30ce20ce10bdf0bde0ade09dd08dc08dc07dc07dc07dc07dc08dc08dc08dc08db08db08db08da08da08
2090,279405138,-37,11,256,1,27,0,b6600b0009f609fb09000b040d08100a130c160c180c190b1a0919071806150411030d03090404050006fd08fa0af80cf60ef610f511fd04000000000000000000000000000000000000fefef8f7f8f4f7f1f6eff5edf3ebf2ebf1ebf2ecf3eef5eff8f2fbf4fff503f607f60bf50ff411f213f014ed14eb13ea11ea0fea0deb9b0023f323f323f323f322f322f322f321f321f320f320f320f320f320f31ff41ff51ff61ff71ef81df91cfa1bfb1afb19fc18fd18ff1800170108000200ff00fe01ff0001fe06fa12ef13ef15f016f017f118f11af11bf11cf11ef21ff220f321f321f422f422f422f522f522f522f422f422f322f323f323f323f224f224f2
2091,279405488,-37,11,256,1,27,0,b6600b000b0606070209fe0cfb0ffa12f916f918fa1afb1bfd1bff1a001801150112000efe0afc06fa02f7fff4fdf1fceffbedfbecfbfbfe00000000000000000000000000000000000001fd06f608f50af30cf20ef00fee0fed0fed0eed0dee0cf10bf40af80afc0a000b040d080f0b120d150e170e190d190c190b180917079900161d161d161d161d161d161d161c161c151b151b151a141a141b141b131b121b111b101b0f1b0e1a0d1a0c190a180918081706170517041701080002fffffeffffff02000703150b150c150e151015111512161316141716171717181719161b161b151c151c141c141d151d151d161d161d161d161d161d161d161e171e
2092,279415917,-37,11,256,1,27,0,b6600b00f2fcf6f9fbf6fef200ee00ea00e6ffe3fde1fce0fae1f8e2f7e5f8e8f9ecfbf0fef401f805fb09fd0dff100013001400150005ff000000000000000000000000000000000000ff02fb0cfa0df710f612f515f517f518f619f718f716f713f70ff70bf607f502f2feeffbebf8e8f7e5f7e2f7e0f9e0fae0fce2fde5ff9b00dbecdbecdbecdbecdbecdcecdceddcedddeeddefddefddefddefddefdeefdeeedfeee0eee2ede3ede5ede6ede8eee9eeeaedecededeceeecfaf8fefd000001000000fdfff6fee4fbe4fae3f8e3f7e2f5e2f4e1f3e0f2dff1dfefdeeedeedddecddebddebddebddeaddeaddeaddeaddebdcebdcebdcecdbecdbebdaebdaeb
2093,279427389,-73,11,128,1,27,0,20000241f345f344e434c12eae39b330b02ea441ac49c64ad048c847c84ec84dbe3fc536d731d417c5f4b0ebacf3c0ffc908cafed2eff5fb000000000000000000000000000000000000fe01f709ff18162e20481b50163f1433152e11281a352a502e4829360d35e732d63bc744be3ec742cf45d548d756db61e86ef56bf65b
2094,279434914,-37,11,256,1,27,0,9660090005f407f809fd0c000f031204160519041b031c011c001bfe18fd15fd12fd0efe0a00060303060009fe0bfd0efc10fc12fc13ff04000000000000000000000000000000000000fdfef6faf4f8f3f5f1f3eff2edf1ecf1ecf1ecf2edf3f0f4f3f5f7f6fbf6fff503f407f20aef0ced0dea0de70ce50be409e507e606e7950019e419e318e318e318e318e417e417e417e417e517e517e517e517e617e617e717e817e917eb17ec17ed16ef15f015f115f215f415f515f707fc02ffff00ff01ff0000fd02f706e808e809e70be70ce70de60ee60fe510e412e413e414e315e316e417e417e518e518e518e518e418e418e318e318e318e318e319e319e2
2095,279439576,-37,11,256,1,27,0,b6600b00f70af705f600f4fcf1f9eef7ebf5e8f5e6f6e4f7e4f9e5fbe7fceafdedfef1fdf6fcfafbfef901f704f406f207f007ee08ed02fb000000000000000000000000000000000000010107070809090c0b0e0c100e120f1210120f110e100c0e090c050b020afe0af90af50bf20def0fee12ed14ee16ef17f017f217f3169d00e216e217e117e217e217e216e316e316e316e416e415e415e415e415e414e413e412e411e510e50fe60ee70de70ce80ae809e807e906e904f701fd0000ff00fe00fffe02fb07f315f215f014ef14ed14ec15eb15ea15e915e716e616e515e415e315e214e214e114e114e215e215e215e216e316e216e216e116e116e116
2096,279445294,-37,11,256,1,27,0,b6600b0008090309ff09fa0af60df40ff212f115f117f219f419f619f818f915fa11fb0dfb09fa04f900f7fcf5f9f3f7f1f6f0f5eff5fbfd00000000000000000000000000000000000002fe08f90bf90ef810f712f614f515f415f314f312f410f60ef80cfb0aff09030808090c0a0f0c120e1411151316141515131411130f9b000e220e220e220e220e220e220e210e210e200e200e1f0e1f0e1f0d1f0d1f0c1f0b1f0a1e091e081d071c061b051a0419031801180017ff17ff08ff02fffffefeffff010106061111101210140f160f170e180e190e1a0e1b0e1d0e1e0d200d200d210c210c210c210c220c220c220d220d220e220e220e220e230e230e24
2097,279451625,-37,11,256,1,27,0,b6600b00f80bf706f601f4fdf1fbedf9eaf7e7f7e5f8e4fae4fbe4fde7ffeaffedfff1fff5fdfafbfdf900f603f404f205ef05ee06ed01fb0000000000000000000000000000000000000201080609080a0b0c0d0e0f0f1011101110110f0f0e0d0d0b0b070a030afe0afa0af60cf30ef111f013ef16f018f118f319f518f7169d00e015e015e015e015e114e114e214e214e214e214e214e213e313e312e312e311e311e30fe40ee40de50be60ae609e708e706e805e804e803f701fd0000ff00fe00fffe02fb07f314f114f014ee14ed13ec14eb14ea15e815e715e515e415e314e214e213e113e113e113e114e114e114e114e115e115e115e015e015e015
2098,279459848,-37,11,256,1,27,0,b9900b000c0208040408020b000f001300160119021a041b051b0719081707140611040d020afe06fb04f702f400f100efffed00ec00fb0000000000000000000000000000000000000000fd02f504f306f107ef08ec08eb08e907e907e906eb06ed06f106f507f909fc0b000e031105140617061a061c051c031b021a0018ff95001c161c161d161d161d161c151c151c151c141b141b141b131b131a141a141914181517151615141513151214111410130e130d130c130b1304070102fffffeffffff02000802170617071709170a180c180d190e190f1a101b111b131b141c151b161b161b161b161b161b171b171b171c161c161c161d161d161d171e17
2099,279462157,-73,11,128,1,27,0,0ee00041443a324125441d490d4ff651ee20f9b909bc1021044e09582b643662235b0d4ffb39eb24d71bc426c12fd126e523dc1cca11f10300000000000000000000000000000000000006081c1c280f3703400440124716480a3afe37f749f464f65ffd4500300f25302a4025461d51244c23401d48255a34653c5c46434a3d
2100,279463806,-73,11,128,1,27,0,0ee00041bbdac2dbd9d4ecb5eaa1f2a8f3a3e891e194d6aacfb2cbadc1afc1afd3acdbbadbcff6d51dd32ac421ba14c610cb17d11fdf08f800000000000000000000000000000000000000fefcf5ecf3d1f9b7f4b4ebc4edccf6cfffd5ff03002405eb0cbc0fcaf8e1d6dec3dab8dfb6d7b9d4b7d2bac5bcb7bda9c2a9ccb5d2
2101,279473387,-37,11,256,1,27,0,966009000af609fc09010b060d0a0f0e1210151018101a0f1b0e1a0b1909160712060e0509050405ff06fb08f709f50bf30df20ff10ffc04000000000000000000000000000000000000fefdf8f7f7f4f6f1f5eef3ecf2eaf1eaf0eaf1ebf1ecf4eef7f0fbf3fff403f508f60df511f414f216f017ed17ea16e914e912e910eb9d0023ed23ec23ec23ec23ed22ed22ec21ec20ec20ec1fec1fec1fec1fec1fec1fed1eee1ef01df11df21cf41bf41bf51af519f718f818f918fb08fe02ffff00fe01ff0001fd06f913ed14ed16ee17ee19ee1aee1bef1cef1def1fef20ef21ef22ef23f023f023f024f024f024ef24ef24ee24ee24ed23ed24ed24ed24ed24ed
2102,279481240,-37,11,256,1,27,0,b6600b000b080608010afc0cf910f613f517f519f61cf81dfa1efc1dfd1bfe18ff14fe0ffd0afb06f902f6fef3fbf0f9eef8edf8ebf8fafe00000000000000000000000000000000000001fd07f60af50df40ff211f013ee13ed13ed12ed11ee0ff00df40cf80bfc0b010b060d0a0f0e11101412171319121b111b0f1a0d180ba2001521152115221522152215221521152115201420141f141f131f131f121f111f101f0f1f0e1f0d1e0c1d0a1c091b071a061905190319021900090002fffffeffffff02010805170e1710161216131615161616171619171a171c171d161e1620152015211521142214221522152215221622162216221622162216231623
2103,279482040,-73,11,128,1,27,0,2000024132c72cd630e74df15cf052fb1cfdbbf6b7ee18dd4ddd53de56cc5bcd60e450e630df21fb2320382c492b3f1e351029171d2206090000000000000000000000000000000000000401140115ee09cf0ab314b118bf19c412c60acb0bbe12a50ca901ba15cb34de41d94cdb51e748e243e240e246d357c257af44a93cb6
2104,279485859,-37,11,256,1,27,0,b6600b00f2fbf7f9fcf600f302ef04eb05e704e403e201e1ffe1fde2fce4fce7fdebfeef00f402f806fc09000c020f041104130515050501000000000000000000000000000000000000ff02fc0bfa0cf70ff511f413f415f316f417f516f515f612f70ff70af606f501f3fdf0f9edf7eaf5e7f4e4f4e2f5e2f6e2f8e3fae5fc9400e3e4e3e3e2e4e2e4e3e4e3e4e4e4e4e4e4e5e4e5e4e5e5e5e5e5e5e5e6e5e7e5e8e4e9e4ebe4ece5eee5efe6f1e6f3e7f4e7f5e7f7e7f8e7fdf7fffd000001000000fdfff6fde6f8e5f6e5f5e5f3e5f2e5f1e5efe4eee3ede2ebe2eae2e8e3e7e3e6e3e5e3e5e3e5e3e5e3e5e3e4e3e4e2e4e2e4e2e4e2e4e1e4e1e3e1e3
2105,279490175,-37,11,256,1,27,0,76600700050c000afb09f609f20aee0beb0de910e912e914eb16ec16ef15f113f410f60cf707f802f9fef9f9f8f5f7f2f5f0f4eef4eefcfb00000000000000000000000000000000000002fe0afb0dfb10fb13fb15fa18fa19f919f818f816f813f910fb0dfe0b020806060a050f0613071608190a1b0d1c0e1b0f1a0f180f159500032702280228012801280128012701270226022502250225012501240024ff24fe23fd23fb22fa20fa1ff91df91cf81bf819f618f517f416fb07fe0200fffffeffff010205070e160e170c180c190b1b0a1c0a1e091f08210822072307240625052504250426032603260326032703270327032703270327032803280329
2106,279493022,-37,11,256,1,27,0,b6600b00020efe0af908f406f006eb07e808e60ae50ce40ee510e711ea11ed0ff00df309f605f801f9fcfaf8faf4faf1f9eef8ecf8ebfdfa00000000000000000000000000000000000002ff0bfe0eff11001401160119001a001aff19ff18ff150011010e030a050608030c011000140018011b031d051f061f071d081c081a9f00f326f326f326f326f326f326f325f425f424f424f424f424f423f423f322f222f121f120f11ff01df01bf01af018ef17ef15ee14ed12ed11f906fd0100fffffeffff00020109041a031b011b001cff1dfe1efd20fc21fb22fa23f824f724f625f525f425f425f325f325f325f425f426f426f526f527f427f427f327f327
2107,279496761,-37,11,256,1,27,0,b6600b00f408f503f6fdf5f9f3f4f0f1eeefebeee8ede6eee5f0e5f2e7f4e9f6edf8f1f9f6f9fbf900f904f708f60af40cf30df10ef003fb00000000000000000000000000000000000001020709060c070f081209150a160b170c170c160b1509130710030dff0bfb09f608f209ee0aea0be80de610e612e714e914eb14ed139500db0fda0fda0fdb0fdb0fdc0fdc0fdc0fdc0fdd0fdd0fdd0edd0ede0ede0dde0cde0cdf0ae009e008e107e205e304e404e502e501e600e6fef6fffdff00ff01fe00fffe02f907ed14ec14ea13e912e712e612e512e412e313e112e012de11dd10dc0fdc0fdc0edb0fdb0fdb0fdb0fdb10db10db10db10da10da10d90fd90f
2108,279502845,-37,11,256,1,27,0,b6600b00f60af605f500f3fbf1f7eef4ebf2e8f2e6f2e4f3e3f5e3f7e5f9e8faecfbf0fcf5fbfafafef902f706f508f309f10aef0bed02fb00000000000000000000000000000000000002010807090a0a0d0c100d120f131014101410130f110d100a0e070c020bfd0af80af40bf10dee0fec12eb14eb16ec18ee18f018f2169b00d90cd90cd90dd90dd90dda0cdb0cdb0cdb0cdc0cdc0cdc0cdc0cdc0cdd0bdd0add09de07de06df05e004e203e302e401e500e6fee6fde6fcf7fefdff00ff01fe00fffe02f906ec13eb12ea11e810e60fe50fe40fe20fe10fdf0fde0edd0edc0ddb0cdb0cda0bda0bda0bda0bda0cda0cda0cda0cda0dd90dd90dd90dd90d
2109,279506185,-37,11,256,1,27,0,b6600b00080b0309fe09f90af40cf10eef11ee14ed16ee18ef19f119f318f616f812f90ef909fa04f9fff8fbf6f8f5f5f3f2f2f1f1f0fcfc00000000000000000000000000000000000002fe09f80cf80ff711f714f616f416f317f316f314f412f610f80dfb0bff09040808090d0a110b140d17101812181318141614141312a0000c250c250c250c250c250c250c240c240b230b230b220a220a220a2209220822072206210520041f031e021d001dff1cfe1bfc1afb19fa18fd08ff0200fffeffffff02010705141113121314121512171118111a111c121d111f1120102110220f230e230e230d240d240d240d240e240e240e240e250e250e250d250d26
2110,279516160,-37,11,256,1,27,0,d6600d0007f408f809fd0c020f051208160919091b081d061e041d021b01180014000f000b0206030206ff09fc0bfa0ef910f912f914fe05000000000000000000000000000000000000fdfef7f8f6f5f5f2f3f0f2eef0ecefeceeeceeedefeef1f0f4f2f8f3fcf401f405f409f30df110ef12ec12e912e710e50ee50ce60be8a40022ed22ec22ec22eb22eb21eb21eb20eb20eb1feb1fea1eea1eea1eeb1eeb1eec1eed1dee1def1cf01cf11bf21af319f419f519f718f818fa08fe02ffff00fe01ff0001fd06f913ed14ed15ee17ee18ef19ef1bef1cef1eef1fef20ef21ef21f022f023f023f023f023f023ef23ef23ee23ee23ed23ed23ec23ec23ec23eb
2111,279525195,-37,11,256,1,27,0,b6600b00fc0dfa09f704f301efffebfde8fde5fee3ffe201e202e304e505e805ec05f003f401f8fefcfafef700f401f102ee02ec02eb00fa00000000000000000000000000000000000002000a030c040e071108130a150a170a170a1709150913080f080b080708030afe0cfb0ef811f715f618f61bf71df91dfa1dfc1cfd1a9900e71fe81fe81fe81fe81fe91fe91fea1fea1eea1dea1dea1dea1cea1cea1cea1bea1be91aea19ea17ea16ea14ea13ea11ea10ea0eea0dea0bf804fd0100ff00fe00ffff02fd09f819f719f519f419f21af11af01bef1cee1ced1deb1dea1de91de81de71de71de71de71de71de81ee81ee81fe81fe81fe81fe71fe61fe61f
2112,279546655,-37,11,256,1,27,0,b6600b00f4f7f9f7fef603f407f10aef0ceb0ce80ce60be409e307e405e504e803eb03f003f404f906fd08010a040c070e09100a110a0402000000000000000000000000000000000000fe01f807f608f209f00aee0cec0dec0fec10ec10ed0fef0df10af306f402f5fef5faf4f5f3f2f1efeeedebece9ebe8ece8eee8f0e9f29f00ebdeebdeecdeecdeecdeecdeecdeecdfede0ede0ede0ede0ede0eee0efe0f0e0f1e0f2e0f3e1f5e1f6e2f7e3f8e4f9e5fae6fce6fde7fee7fff700fd000001000000fdfef8fbeaf2eaf0eaefeaedebecebeaebe9eae8ebe6eae4eae3eae2eae1eae0ebe0ebdfecdfecdfecdfecdfecdeebdeebdeebdeebdeeadeeaddeadc
2113,279547392,-38,11,256,1,27,0,b6600b00030dff0afb08f607f207ee07ea09e80be70de70fe811e912eb12ee10f10ef40af606f802fafdfaf9faf5f9f2f9f0f8eef7edfdfb00000000000000000000000000000000000002ff0afd0cfe10ff12ff15ff17ff18ff19fe18fd17fd14fe11ff0e000b030706050a030e021202160319051b061d081c0a1b0a1a0a189b00f626f526f525f525f525f524f624f623f623f523f523f523f523f422f421f321f220f21ff11df11cf11bf119f017f016f014ef13ee12ee11f906fd0100fffffeffff0002020806180519041a031b011c001dff1eff1ffe21fd22fc22fb23fa23f923f824f724f724f624f724f724f725f725f725f725f725f626f626f626
2114,279561980,-38,11,256,1,27,0,b6600b000cf90afe08020807080c0a100c120e1410151315141415121410130e100b0c0908070306ff06fa06f706f407f109f00aee0bfb02000000000000000000000000000000000000fffdfcf6fdf3fdf0fdedfdebfce9fbe7fae7fae8fae9fbebfceefef201f405f709f90dfa11fa15fa18f91af71bf51af319f217f115f19500250225022602260126012501250124012400230023ff23ff23fe23ff22ff22002101210220031f031d041c041b041a04190518061707170808030201fffffe00ff0002ff08fe18fc19fd19fe1aff1b001c011d011e021f022003210322042205230623062406240624062405240524042404250325032603260326032703
2115,279564795,-38,11,256,1,27,0,b6600b00f2fbf7fafbf8fff402f104ed05ea05e704e502e300e2fee3fde5fde8fdecfef000f402f804fc07ff0a020d040f05110513050401000000000000000000000000000000000000ff02fc09fa0bf80df60ff411f313f314f415f415f514f611f60ef70af706f602f4fef2faeff7ecf5e9f4e7f4e5f4e4f6e4f8e5f9e6fb9e00e8e3e8e2e8e2e8e2e8e2e8e2e9e3e9e3eae3eae3eae3eae4eae4eae4ebe3ece3eee3efe3f1e3f2e3f3e3f4e4f6e6f7e6f9e7fae7fce7fde7fff7fffd000001000000fdfff7fde7f8e8f7e8f5e8f3e7f2e7f0e6efe6ede5ece5ebe5eae5e8e5e7e5e6e6e6e6e5e6e4e6e4e6e4e6e4e7e4e7e4e7e4e7e3e6e3e6e3e6e3e6e2
2116,279572495,-38,11,256,1,27,0,b6600b000d0109040507020b000eff12ff160019021a031c051c071a071807160612050e020bff07fc04f801f500f2ffefffedffecfffaff00000000000000000000000000000000000000fd01f503f305f107ee07ec08ea08e808e807e806ea06ec06ef06f307f709fb0bff0e021104140617061a061c051d031c021b0019ffa100210f210f220f220f210f210f210e210e200d200d200d1f0d1f0d1f0e1e0e1e0e1d0f1c0f1b0f1a0f180f170f150f140f130f111010100f1105060102fffffeffffff02ff0900190119021a041a051b061c071c081d091e0a1f0b1f0c200d200f200f2010201020102010201121102110210f210f210f220f221022102210
2117,279579110,-38,11,256,1,27,0,96600900f2fcf7fafbf8fff502f103ed03ea03e702e501e4ffe3fde4fce6fbe9fcecfdf0fef401f804fc07fe0a010d020f03110312030400000000000000000000000000000000000000ff02fb09f90bf70cf50ef410f312f314f314f414f413f511f60df60af606f602f4fef2faeff7edf5eaf4e7f4e5f5e4f6e4f8e5f9e7faa300e3e9e3e9e3e9e3e9e3e9e3e9e3eae3eae3ebe3ebe3ece3ece3ece4ece5ece5ebe6ebe7ece8ece9eceaecececedeceeedefedf1edf2ecf3ecfbf9fefd000001000000fdfff7fce8f6e8f4e8f3e8f1e8f0e8efe7eee6ede6ece5ebe5eae5e9e5e8e6e8e6e7e6e7e6e7e6e7e6e7e5e7e5e7e4e7e4e7e4e7e3e8e3e8e3e7e3e7
2118,279584738,-27,11,128,1,27,0,f1155f41fceafff804000cfb0cf008ef01f600fc02020206070401faf7f2faf602fd0404ff0afb0aff0206fa06fa02fe02fe02fb00fbfffe000000000000000000000000000000000000fd00f7fdfcf800f9fefef902fd05070304ff00010208fe04f8f7f9f6fdfafef900fc0002fc00fcfc00fef6fcf400ff090113fe11fb03
2119,279585175,-27,11,128,1,27,0,cff88c410efc05f7fcfaf2fdeefef500f201ed01f6fffdfefb02000105f301f0fcf600f407f202f5fcf904fb06fcfefefbfc03fa0bfa03fe000000000000000000000000000000000000fefefefa08fb0800000a000e010a0404070408060805fe04fbfb05f801fffafe03f814ff1012fd11f506fb0802040207f618ec17f20f
2120,279587069,-38,11,256,1,27,0,b6600b000a0905080109fc0af90df60ff412f315f417f519f61af81afa19fb16fc13fd0ffc0afb06fa02f8fef6fbf4f9f2f7f0f6eef6fbfd00000000000000000000000000000000000001fe07f80af80cf70ff611f513f314f214f213f112f210f40ef60cf90bfd0a0109050a0a0b0d0d100f121213141415131611160f150d97000e220e220f220e220e210e210e200e200e200e1f0e1f0e1f0e1f0d1f0c1e0b1e0a1e091e081e081d071c061b051a041902180118ff17fe17ff08ff02fffffeffffff020107051310121112121114111511161118111a121b121c111d111e101f0f200f200e210e210e210e210e210f210f210f210f221022102210221022
2121,279594592,-38,11,256,1,27,0,b6600b00fd0ffb0af705f302efffebfee7fee4fee100e002df04e106e307e607ea06ef05f302f7fffbfbfef700f401f102ee02eb02ea00fa00000000000000000000000000000000000002000b020d04100613081509180a190a1a091a091808150811070d080808040aff0cfc0ff913f717f71af71df81ffa20fb20fd1efe1c9800f410f411f411f411f411f411f511f510f510f610f610f610f610f610f610f60ff60ff50ef50ef50df60cf60bf60bf60af609f609f608f507fc02fe0000ff00ff00ffff01fe04fb0dfa0df90df80df80ef70ef70ef60ff50ff50ff410f410f30ff20ff20ff20ff20ff20ff20ff210f310f310f310f310f310f311f311f311
2122,279599246,-38,11,256,1,27,0,d6611d0006f107f609fc0c000f04130717081a091d081f0620041f021d011a0016ff12000c0108030305ff08fc0bfa0ef810f813f714fd05000000000000000000000000000000000000fdfef5f9f4f7f2f4f0f1eeefecedebedeaedeaeeebefedf0f1f2f5f3faf4fef403f308f10cef0eec10e911e611e410e30ee20ce30be49a0010f310f310f210f210f20ff20ff20ff20ef30ef30ef30ef20ef20ef20ef30ef30ef40ef40df50df60df60df70cf80cf80cf90cf90cfa0cfb04fe01ffff00ff00ff0000fe03fb08f409f40af40af40bf40cf40df40df40ef40ff40ff410f410f411f411f411f411f411f411f411f411f410f310f310f311f311f311f311f2
2123,279603841,-38,11,256,1,27,0,d6611d00fcf000f405f70af90ff913f917f81af61cf41cf11cef1aee17ee14ef11f10ef40bf808fc06010506040a050e0511061307140105000000000000000000000000000000000000fd00f400f1ffeefdebfce8fce5fce4fce3fce4fde5fde8fdecfdf0fbf4f9f8f7fbf4feef00eb00e700e4ffe1fddffbdff9dff8e1f8e3980006ec06eb06eb06eb06eb05ec05ec05ec05ec05ec04ec04ec04ec04ec04ed04ed05ed05ee05ef06ef06f006f106f106f206f307f307f408f502fc00feff000000ff00fffe00fa00f100f001f002f003f003ef04ef04ee05ed05ed06ed06ed07ed07ec07ec07ec07ec07ec07ec07ec07ec07eb07eb07eb06eb06eb06eb06eb
2124,279604171,-38,11,256,1,27,0,b6600b000df70bfc090109060a0b0c100f13121514161716181419121810160e130b0f090a0805060006fb07f707f409f10aef0cee0dfb03000000000000000000000000000000000000fefdfaf5faf2fbeefbebfae8f9e6f8e4f8e4f7e5f8e7f9e9fbecfdf000f304f509f70ef813f816f719f61cf41df11cf01bef19ee17ed98002afe2afe2afe2afd29fd29fd28fd27fc27fc26fc27fb27fb27fb26fb26fb25fc25fd24fe24ff22ff21ff1f001e001d011c021b041b051a0609020200fffffe00ff0002fe09fd1bf81cf91dfa1efc1ffd20fd22fd23fe25fe26ff27002701280128022903290329032903290229022901290129002a002a002aff2bff2cff
2125,279618983,-38,11,256,1,27,0,36655300f1f8f7f7fcf601f305f008ed09e90ae509e207e005df03e002e201e500e900ed01f202f705fb08ff0b030e051007130814080502000000000000000000000000000000000000fe02f909f60af20bef0ded0fec11eb12eb13ec14ed12ef10f10df209f405f400f3fbf2f6f0f2eeefebede8ece5ece3ede3efe3f2e5f4a300f5edf5edf4edf4edf5edf5edf5eef5eef5eff5eff5eff5eff5eff5eff5eff6eff6eff7eff8eff8f0f9f0f9f1faf1fbf1fbf2fcf2fdf2fdf2fffbfffe000000000000fefffbfcf4f6f5f6f5f5f5f4f5f3f5f3f5f2f5f1f5f0f5eff5eff5eef5edf6edf6edf6edf6edf6edf6edf6edf5edf5edf5edf5edf5edf5edf5edf5ed
2126,279620733,-38,11,256,1,27,0,36655300f3f5f9f6fef603f408f20bef0eec0fe90fe60ee40de20ae208e407e605ea04ee04f304f805fd070209050b080e0a0f0c110c0403000000000000000000000000000000000000fe02f708f508f109ee0aeb0be90de80ee80fe90fea0fec0def0af106f302f4fef5f9f4f4f3f0f1ecefeaece9eae8e8e9e7eae7ece8eea200f3d8f3d8f3d7f3d7f3d8f3d8f3d9f3daf2daf2daf2dbf1dbf2dbf2dbf3dcf5dcf6dcf7ddf8ddf9def9dffae1fbe2fce3fee4ffe400e501e500f600fd000001010000fdfdf9f8ede9eee8efe7f0e5f1e4f2e2f2e1f2dff2def3dcf3dbf3daf4daf4d9f5d9f5d8f5d8f5d8f5d8f5d8f5d8f4d8f4d8f4d7f3d7f2d7f2d7f2d6
2127,279622394,-38,11,256,1,27,0,96633900f9f1fef403f607f70cf711f615f517f318f019ed18ec16eb14eb11ec0eef0bf209f607fb060005050509060d0710081209130204000000000000000000000000000000000000fd00f503f202ee02eb01e802e602e503e403e504e604e803ec02f000f3fdf6f9f9f5faf0fbecfbe9fae5f9e2f7e1f5e1f3e2f2e4f2e69c0004d704d705d705d706d706d705d805d804d804d904d904d904da04da05da06db07dc07dd08de09df09e00ae20ae40ae50be60ce80de90eea05f801fdff0000010000fefdfcf6f7e5f8e4fae3fbe2fce1fde0fedfffde00dc01db02da02d903d804d805d805d806d806d806d805d805d705d705d705d705d605d605d505d5
2128,279625862,-38,11,256,1,27,0,366553000f010a040607020bff0ffe13fd17fe1aff1d011f031f041e061c061906150411020dff09fc04f801f5fff1fdeefcecfcebfcfaff00000000000000000000000000000000000000fd00f402f205ef06ed08ea09e809e608e508e507e707e906ed07f107f609fa0bfe0e021205150719081c081f07200520031e021d01a200120a120a110a110a110a11091109110911091009100910091009100910090f0a0f0a0e0a0d0a0d0a0c0a0b0a0a0a0a09090a080a070a070a02030001ffffffffffff01ff04000d010e010e020e030e040f050f051006100610071108110811091109110a110a110a110a110a110a110a110a1109110911091209120a120a
2129,279685973,-73,11,128,1,27,0,20000241c2c4d1c0dcb7e5b7f4bc08bd0fac0691fa8df2a0fcacf7a8d99dca9cd2a4e5b3f6ca02da19dc2bcf2cc91ed713de1fe22ce80bfa000000000000000000000000000000000000f9f8e9e3e9e7daeccbe3d0d5d5d4cedec9e9c2ecb6eca3e7a8e8c2f5d4ebe5cbe7bdedbdf4b6e9b6e7bceeb7e3a8d59ad1a2c8b1beab
2130,279689335,-38,11,256,1,27,0,b6600b0010fb0cff09030708060d0612071509180b1a0e1b101b1119121711140f110c0d080b0408ff06fa05f604f204ef05ed06eb07fa01000000000000000000000000000000000000fffdfdf4fff200ef01eb02e802e501e401e300e400e500e801eb02ee04f207f60afa0efc13fe17ff1aff1dfd1ffc1ffa1ff81df61bf69b00280928092809280928082708270726072606260626052504250425052405240623062207220720081f081d081c081a081909180a170b160c08040201fffffe00ffff03ff0aff1d001d011e021e041f052006210722082309240a240a250b250c250d260d260e260e260d270d270c270c270c270b270b280b280b290a2a0b
2131,279710358,-39,11,256,1,27,0,b6600b00f40bf506f502f4fdf2f9eff6ecf4e8f3e5f3e2f4e1f6e0f8e1fbe4fce7fdebfef0fdf5fbfaf9fef602f305f007ed08ea0ae802f90000000000000000000000000000000000000103040c030f01120015ff18ff1aff1b001c001b001a0017ff14fe11fc0df90af608f206ee05eb06e807e60ae50ce50fe610e812ea129c00db11db11db12db12dc13dd14de14de15df16df17e017e017e017df17df17de16de16de15de13de11de10de0fde0dde0cde0add08dd05dd03f300fcff01ff01fe01fffc02f507e213e112e010de0edd0cdd0bdc0bdb0ada09d908d807d806d706d706d706d705d705d805d906d907d908da09d90ad90bd90cd90dd90ed90e
2132,279725109,-39,11,256,1,27,0,b6600b00060e030cff0afa0af60bf20cef0fed12ec15ed18ee1af01bf21bf419f616f712f80ef808f703f6fef4f9f2f6f0f3edf1eceffafb00000000000000000000000000000000000003ff0dfe0f0111031405160718081a081a081a071906160613060f060c070808050b020e011100150018021b041d061d081c0a1b0b198e00fd28fd28fe28fe28ff2800280127012701270227022702270228012801280028fe28fd28fc27fb26f925f824f723f522f321f120ef1eed1df90afd0300fefffdfffe0103030c09220722052302230023ff24fd25fc26fb26fa27f927f827f727f627f627f526f526f526f525f625f725f826f927f927f927fa28fa28fa28
2133,279727119,-39,11,256,1,27,0,b6600b00f2f6f7f6fbf600f403f106ee07ea07e706e404e102e000e0fee1fde4fde7feec00f002f405f808fc0cff10011303160319040601000000000000000000000000000000000000fd01f406f105ee03eb02e802e602e403e404e504e604e804eb03ee01f2fff4fbf6f8f7f4f7f0f6edf4eaf1e8efe8ece9ebeaeaeceaee9d00f4daf3daf2d9f1d9f0daf0dbefdbefdcefdceedceeddedddedddeddceedcefdcf0dbf2daf3daf4daf6daf7dbf8dcfadcfcdcfedc00dc02dc01f300fc000101010000fdfcf8f5ece2eee1f0e0f3dff4def5ddf6dcf7dbf8daf9d9fad8fbd8fbd8fcd8fcd7fdd8fcd8fcd8fcd8fbd8fbd9fbd9fad9f9d9f8d8f6d8f6d8f5d7
2134,279837826,-39,11,256,1,27,0,7660070004f005f407f90afc0e001201160219011c001efd1ffb1ff91df81af717f813f90ffc0bff07030407020c0010ff13fe17fe19ff06000000000000000000000000000000000000fdfef5f9f4f6f4f2f4eef3ecf1eaf1e9f0e8f0e9f0eaf1ecf4eef7f0faf2fef402f407f40bf20ef010ed10ea10e80fe60de50be409e59f0019e319e219e119e119e119e018e017df17df16df16df16df16df16df17df17e018e119e21ae31ae51be61be81ce91ceb1ced1def1ff11ff30bfb03ffff00ff02ff0001fc04f40ee010e112e214e316e417e518e51ae51be61ce61de71ee71fe820e820e920e91fe91fe91fe91ee81ee81de71de61de51de51de41ce31ce3
2135,279838903,-39,11,256,1,27,0,966009000a0c060a010afd0af80cf50ff312f115f118f21bf41df61df81dfa1bfb18fc14fb0ffa09f904f600f3fcf0f9eef6ebf4e9f3fafc00000000000000000000000000000000000002fe0bfb0efd11ff1400170119011b011b001b001a0017ff140010010d030a060709050c04100414061708190b1a0d1b0f1a101811169100092609260a260b260c260d250e250e240f231023102310231123102310240f240e240d250b250a24092407240623042302220022fd22fb22fe0cfe03fffefffefffe0203050b0e1e0d1f0b2008210722062305240424032502260126012600270027ff27ff27ff27ff270026012601260226032604270527062707270727
2136,280435342,-97,11,128,1,27,0,6aa44641fe01ff060007030306000401010000ffff00ff01020102ff01fe00fe02fd04fe020001fe00fd0000010000ff0000010000fe00ff000000000000000000000000000000000000000002010000fffefffefefeff00020002fe01fe01ff02fd03fd03ff02fe00fffd01fc00fcfefefe0000ff020308090c050802050200
2137,280685404,-94,11,128,1,27,0,4ff11441f8f7f9f9fafbf9fdfafefafffb02fd05fa06f705f603f301f302f604f704fa01fcfefdfffd00fe0300040003fe02fd03fd03ff00000000000000000000000000000000000000fffffffd00fbfffafefafffb02fa00f700f703f802f803f803f904f903fafffcfcfbfbf9fbf8fbf9f9fbf7fbf7f9f8f9f8f9f9f6faf4
2138,281493080,-38,11,256,1,27,0,b6644b00080f050d010bfd0af90bf60df30ff112f115f118f31af41cf61bf81afa17fb14fb10fa0bf906f702f4fef1fbeff9ecf7eaf6fafd00000000000000000000000000000000000003ff0cff0d020e051008120a140b160c170c170c170b160a130910080d080908050a030c010fff12ff150018021a051b071b091a0b189a00fd25fe26fe26ff2600260126022602250325032503250426042604260426032602260126ff26fe25fd24fc23fa22f921f721f520f21ff11ffa0bfd0300fefffdfffe0103020c052103220122ff22fd22fb22fa23f923f824f724f624f624f525f424f425f425f424f424f524f624f724f724f825f925f925fa26fa26fb26
2139,281508498,-39,11,256,1,27,0,9660090006ee06f207f609f90cfc10fe14ff18fe1bfd1dfa1ef81ef51cf41af317f414f510f80dfb0aff08040609060d0511061506180106000000000000000000000000000000000000fdfdf7f6f8f3f9f0faecfbe9fae7fae5f9e5f8e5f8e6f8e7f9eafaedfcf0fff203f307f40af40ef310f112ee12eb12e810e70ee60ce697001de51de41de31ce21be119e018e017e017e017df16de16de15dd15dd15dd16dd17de17df18e019e119e219e31ae51ae61be81dea1eec1fed0bf903feff00fe01ff0002fd09f71ae71be81dea1eeb1fec20ed20ee21ee22ef23ef24f024f025f125f125f125f124f124f023ef22ee22ed21ec21eb21ea21e920e820e720e6
2140,281515686,-39,11,256,1,27,0,b6600b00f20cf409f504f500f4fcf1f8eef6ebf5e7f4e4f5e2f6e1f8e1fbe3fce5fde8feedfef2fcf6fafbf7fff402f104ee06ea07e801f90000000000000000000000000000000000000102030c010dfe0ffc12fa15f917f919f91afa1afa1afb18fb15fb12fb0ff90bf708f406f104ee04ea04e806e608e50ae50de70fe8109a00da0cda0cda0dda0edb0fdb0fdc10dc11dd12dd12dd13dd14dd14dc13dc13dc13db12db11db0fdb0edc0cdc0bdc0adc08dc06dc04dc01dcfff3fffcff01ff01ff01fffc01f405df0edf0cde0add08dd06dc05dc04db03da03d902d901d900d800d8ffd8ffd8ffd8ffd900d900d901d902da03da04d905d907d908d908d909
2141,281524615,-27,11,128,1,27,0,711447410cf2fff6f8f6f1f6ecf5f5f604000b0f091109050bfa0df80cfa05fcf800f401f7fef901fe06040a030d010504fb07fa06ff0100000000000000000000000000000000000000fe01f903fdfe02ff09ff0cfb04fafcf9f6f5f3f2f7f9f80bf513fa0d04030cfd0dff0c0209fef9faebf7ecf5f3fcf80bf814f40ef203
2142,281526914,-39,11,256,1,27,0,b6600b00ed00f1fff4fcf7f9f8f5f8f0f8edf6eaf3e7f0e6eee6ece7eae9eaebebeeeef0f2f3f7f4fcf601f606f60af50ef411f213f105fc000000000000000000000000000000000000fe02fa0bf70bf40af00bee0beb0cea0ee90fea0fea10ec0fee0df00bf208f304f300f3fdf1faeff7ecf5e9f5e6f6e4f7e3fae3fce4fe9600dcefdbefdbf0daf1daf2daf3daf4daf6daf6daf7d9f8d9f8d8f8d8f9d8f8d8f8d8f8d8f7d9f5daf4dbf3dcf3ddf2def1dfefe0eee1ece2ebf5f8fcfd010001010000fcfef5f9e1eee2ede3ece4eae5e9e5e7e5e6e5e5e5e5e5e4e5e3e6e2e6e2e6e2e6e2e6e2e6e3e5e3e5e4e4e5e3e6e2e7e1e8e0e9dfe9deeaddeaddea
2143,281533783,-39,11,256,1,27,0,b6600b0002eb03ef05f409f70cfa11fc15fb19fb1cf91ff620f31ff01def1bee18ef14f211f50df90bfe09040809070e0712081609190206000000000000000000000000000000000000fdfef5f8f5f4f6f0f6edf6eaf5e7f4e5f3e4f2e4f2e6f3e8f4eaf6ecf9effdf101f205f309f20cf00fed10ea10e70fe40de20ae109e192000cee0ced0ced0bed0bed0aed0aec09ec09ec09ec09ec09eb09eb09eb09eb09ec0aec0bec0bed0ced0cee0cef0df00df10ef20ff310f410f506fc01ffff00ff01ff0000fe02f907ee08ee09ef0aef0bf00cf00df00df10ef10ef10ff10ff10ff110f210f210f210f210f20ff20ff10ff10ef10ef00ef00eef0def0dee0dee
2144,281540245,-39,11,256,1,27,0,b6600b000ef40cf70bfb0bff0c030e07110a140b180c1a0b1c0a1e081e051c041a02160212020d0309050408000bfd0efb11f915f817fe06000000000000000000000000000000000000fffdfef300f203f006ee07eb08e909e709e609e608e607e806ea06ed06f107f409f80bfa0ffc12fd15fc18fb1af91bf61bf419f218f1950025f425f325f225f124ef23ee22ed22ed21ec21eb21ea21ea21e921e921e821e922ea22eb22ec22ed22ee22ef21f021f121f322f522f723f90cfd03fffe00fd00fe0003fe0cfd22f922fb23fd23fe230024002401240225022602260326042605260526052605260426032602260125ff25fe26fc26fb27fa28f928f828f7
2145,281570368,-39,11,256,1,27,0,36655300ec00f0fef4fcf7f9f9f5faf0f9ecf7e9f5e6f2e5efe4ede5ebe7eceaedecefeff2f2f7f4fcf601f606f60bf60ff512f314f205fc000000000000000000000000000000000000fe02f90af60af309f00aed0bea0ce90de80ee90fea0feb0eed0cef0af107f304f300f3fcf1f9eff6ecf4e9f4e6f4e4f6e3f8e2fae3fc9300daf1daf2d9f2d9f3d9f4d9f5d9f6d8f7d8f9d8fad8fbd8fcd7fcd6fbd6fbd6fad7fad7f9d8f8d9f6daf5dbf4dcf4ddf3ddf2dff0e0eee1ecf5f8fcfd010002000000fcfef4fbdff1e0f0e1eee2ece2ebe2eae2e9e2e8e2e6e3e5e3e5e3e4e2e4e2e4e2e4e3e5e3e5e3e5e2e6e2e6e1e7e0e8dfe9deeaddecdceddbeddbed
2146,281583335,-39,11,256,1,27,0,36655300ff12fe0efb0bf808f406f005ec06e807e609e40ce40ee411e612e913ec12ee0ff10cf407f602f7fdf7f8f7f3f6eff5ecf4eafcfa00000000000000000000000000000000000003010c050b080b0c0b0f0c120d140e160f1710160f160f140d120a10070e040d000cfc0cf90ef610f413f416f419f51bf71dfa1dfb1d9a00ed23ed24ed24ed24ee24ef24f024f125f125f225f325f326f226f226f126f026f025ee24ed23ec22ec20eb1fea1eea1de81be619e417e316f507fc0200ff00fd00feff03fd0cf622f421f121ef20ed1fec1feb1fea1fe91fe71ee61ee61ee51de41de31de31de31de41de51de51de61ee71ee81fe820e920e921ea22ea23
2147,281593523,-39,11,256,1,27,0,36655300fa11fa0df909f606f303ef01eb01e801e403e205e108e20ae30ce50ce80ceb0aef07f204f500f8fbf9f6faf2faeefaeaf9e8fef900000000000000000000000000000000000002010908080b070e0612061407170819081a09190918091708150612040f000dfd0cf90bf50bf20df00fee12ee15ef17f019f31af41a9200e018e019e01ae01be11be21ce41ce51ce51ce61ce61ee61fe620e620e61fe51de51ce41be31be31ae319e317e316e215e113e010df0ede0cf304fc0000ff01fe00fffd02f608e517e416e214e113e011df10de0fdd0fdc0fdb0edb0edb0dda0dda0cd90cd90cd90cda0ddb0ddc0edd0fdd10dd11dd12dd14dd15dd15dd16
2148,281614444,-39,11,256,1,27,0,96600900f4f0f8f2fcf400f404f308f10bee0cea0ce70be40ae208e105e104e202e502e902ed03f205f608fb0bfe0e011203150518060601000000000000000000000000000000000000fc00f300f2fdf0faeef7ecf5eaf3e9f3e7f3e7f3e7f4e8f6ebf7eef8f2f7f5f7f8f5fbf3fdf0feedfee9fde7fbe4f8e3f6e4f4e5f3e69100f7d9f6d8f5d8f3d8f2d9f1daf0dbefdbeedceddcecdcebdcebddeaddeaddeadcebdcebdcecdbeddceedcf0ddf1ddf2ddf3ddf5ddf7dcf9dbfdf2fffb00010002ff01fffcfff300dc02dc03dc05dc06dc07dc08dc09db09da0ada0ad90bd90bd90bd90bd90ad90ad909d908d906d905d903d901d800d8ffd8fed7fdd7fcd6
2149,281616795,-39,11,256,1,27,0,b6600b00fc12fb0efa0af707f405ef04ec04e805e607e40ae40ce40fe610e810eb10ee0ef10af306f502f6fdf7f8f6f4f6f0f5edf3eafcfa00000000000000000000000000000000000002010908080b060e0612061406170718081908190918081707140612030f010dfd0cfa0bf60cf30ef110f013f016f118f31af51bf71b9100e81fe920e921ea22eb22ec22ed23ee23ef23f024f024f124f125f125f125f025ef24ee24ed23ec22ec20eb1feb1eea1de91ce71ae618e416f607fc0200ff01fe00fffe03f80aeb1cea1ce81ae719e518e518e417e317e117e017df16df16de16de15de15de15df15df15e016e116e217e219e31ae41be41ce51de51ee61e
2150,281623216,-39,11,256,1,27,0,b6600b00fc12fc0efa0af707f305ef03eb03e804e506e309e20be30ee40fe70fea0fed0df009f305f501f7fcf8f7f8f3f8eef7ebf6e8fdfa00000000000000000000000000000000000002010a060909090d091009130a160b170c180c180d170c150b130911060e020cfe0cfa0cf70df40ef211f114f117f319f41bf71bf81b9800e61fe71fe720e820e921ea21ea21eb21ec21ed22ed23ed24ed24ec24eb23eb23ea22e921e820e71fe61ee61ce51ae519e417e214e112df10f405fc0100ff00fe00fffe03fa0bf01fee1eec1dea1ce81be71be61ae51ae31ae219e119e118e118e018e018e018e017e017e117e118e218e319e31ae41be41ce51de51ee51f
2151,281638799,-39,11,256,1,27,0,b6600b000511030d000bfb0af709f20aef0cec0feb11eb14eb17ed19ef1af119f317f514f70ff70af705f600f5fbf3f7f1f4eef1edeffbfb00000000000000000000000000000000000003000c010d040e070f0b110d130f141016101610150e140d120c0f0b0b0a080a040b000dfe0ffc12fb15fc19fd1bff1d011d041d051c9500fc27fc27fd27fe28fe28ff280028022703270426042704270427042804280428032802280127ff27fe26fd25fc24fb24f923f722f421f221fa0bfe0300fe00fd00fe0003ff0cfe23fc23fa23f822f622f522f422f323f223f124f024f024ef24ef24ef24ef24ef23f023f123f224f324f324f425f525f626f727f727f827
2152,281641685,-39,11,256,1,27,0,b6600b0012fd0eff0b020906080a080e09120b150d17101813181517161515131410110e0d0c090a0409fe09f909f50af10cee0eec0ffb0300000000000000000000000000000000000000fc03f306f30af30df210f112f013ee14ed13ec12ed11ee0fef0df20cf50bf90cfd0c010f041106140717081a071c051d031d001cff980023102410250f260e260d260d250c250b250a250a2609260927092709270a270b260c250e250f23102211211120121e131d141b161918181a08090203fffffdfffeff03000c0222072108210b200d200f1f101f12201320141f151f161f171f171f181f181f181f181f181f171f171f162016201521152214231324122412
2153,281646948,-39,11,256,1,27,0,b6600b0012000e010a030807050b050f0513061709190b1b0e1b101b1119121710140e110a0e060c010afc08f707f207ee08eb09e90afa0200000000000000000000000000000000000000fc04f307f30bf30ef211f113f015ef15ee15ee14ee13ef11f00ef30df70cfa0cfe0c020e061009130a160b190b1b091d071d041c0299002214231424142413241224112410240f230f240f240f250f250f250f2410241123122314221621161f171e171c181a18181a161c141e121f060b0103fffffdfffeff03000c0223072209220b210d200f20112012201420151f161f171e181e181e191d1a1d1a1d1a1d1a1e1a1e191e181e181e171f172017211622162316
2154,281660628,-39,11,256,1,27,0,b6600b00eef9f1f9f6f8faf6fcf3feefffebfee8fde4fae2f8e1f6e1f4e3f3e5f4e8f5ebf8eefbf200f504f709f80ef911f915f917f906fe000000000000000000000000000000000000fd02f608f406f005ed04ea04e804e605e506e506e606e706ea06ed04f002f200f4fcf4f9f4f5f3f1f1efeeeeecede9ede7efe6f1e5f38e00e3e5e2e5e1e5e0e6e0e6dfe7dfe8dee9deeadeeadeeaddeaddeadceadce9dde9dee8dee7e0e7e1e6e2e5e3e5e5e4e7e3e9e2ebe1eddfeedefaf3fefc000001010000fcfdf5f8e4eae5e9e6e7e7e6e8e4e9e4eae3eae2eae1eae0ebdfebdeebddebddecddecddecddecddecdeebdfeae0e9e1e8e1e7e1e6e1e5e1e4e2e3e2
2155,281662950,-39,11,256,1,27,0,b6600b0012fe0f000b020906070a070e08120b150d17101813181517161515131410110e0d0c090a0309fe09f90af50bf20cef0eec0ffb0400000000000000000000000000000000000000fd04f407f40bf40ef411f313f215f115f015ef13ef12ef10f10ef30cf70bfa0bfe0c010e0410071309160919081b061c041c021c009100240d250d260c260b270a27092708260726072606260527052704280428052806280627082709260a250b240c230d220e200f1f111e131d150a080202fefffdffffff03000b03200b1f0c1f0e1e101d111d121e131e141e151d161d171d181d181d181d191d191d181d181d171e161f151f14201421132212231124112510
2156,281665377,-39,11,256,1,27,0,b6600b00f6eff9f2fdf401f406f40af20eef10ec11e810e50fe20de10be109e207e506e906ed06f207f809fd0c010f051208140b160c0503000000000000000000000000000000000000fc00f300f1fdf0faeef7ebf5e9f4e7f3e6f3e5f4e6f5e7f6eaf7edf7f1f7f5f7f8f5fbf3feefffecffe9fee5fce3f9e2f7e2f5e3f4e49300f6d8f4d8f3d7f2d7f2d8f1d8f0d8efd9eed9eed9eddaeddaedd9edd9edd9eed8eed7f0d7f1d7f3d7f4d8f6d8f8d8f9d8fbd9fed900d903d901f200fb000100020001fefcfbf3f3ddf5ddf7dcf9dcfbdbfcdafddafed9fed8ffd801d701d702d602d602d602d701d701d700d7ffd7fed7fdd7fcd6fbd6fbd6fad6f9d6f9d6
2157,281671539,-36,11,256,1,27,0,b6600b000014ff10fc0cf809f407ef06eb06e707e509e30ce30ee410e611e911ec10ee0ef10bf407f602f8fef8f9f8f5f7f2f6eff5edfdfb000000000000000000000000000000000000020009020a050c080e0b100d120e15101710170f160e150d130c100b0c0a080a040b000dfd10fa13f917f91bfa1dfb1efd1fff20001fff070016ff14ff11fd0efb0cf90af609f308f108ef07ed08ec08ec08ec08ec08ed06ed05ee03ee01effef0fcf0faf0f8f0f6f0f5f0f4ebf9ecf9fcfeffff0000ffffffff00ff02ff0c000b010902090309060a070a090a0b0b0d0b0e0a0e090e080e070f050f02100010fe12fc13fb15fa17fa19fa1bfb1cfc1cfd1cfe1bff1a
2158,281676342,-36,11,256,1,27,0,b6600b00f8eefbf1fff303f507f50bf40ef311f012ed12ea11e810e70ee70ce90aeb08ed07f106f606fa07fe09020a050c070e0810090402000000000000000000000000000000000000fd00f6fff5fdf3faf1f8eff7edf6eaf6e8f6e8f7e9f8eaf8ebf9eef9f2f9f5f8f8f6fbf4fdf0feedfeeafee6fce4fae4f8e4f6e4f5e5fcf3f5d9f6ddf9e0fce401e706e90be910e914e717e618e519e51ae51ae51ae61ae91aec1af11bf41cf81dfd1e001f032005210722082701260206000100ffff00ff0000fe00fb00e902ea00edfeecfbebf7eaf4e9f1e8efe7ece6ebe7ebe9eaebe9ede8f1e6f5e5f8e2fbdffddcfed8fed4fed0fdcdfbccf9ccf7ccf5cff4d1
2159,281677144,-36,11,256,1,27,0,b6600b00ec05ef02f3fef5faf6f5f6f1f5edf3eaf0e8ede7ebe7e9e9e9ebeaedecf0eef2f2f4f6f6fbf700f704f708f60bf50df30ff103fc0000000000000000000000000000000000000002ff09fd0bfa0df80ff612f514f417f418f519f618f717f815f812f80ef70af506f203ef00ecffe8fee4ffe200e102e104e106e207f203d40bd70add07e203e6fee8f8eaf2ebeceae8e9e4e7e0e6dfe6dee5dee6dee8deebdfefdff4dff8dffddf01e005df08df0ade0cddfed5ffd6fff800fd0000ffffffff00010104061705160014fd14f815f517f118ee1aeb1cea1ce91be819e717e515e412e20edf0add07d904d502d102cc02c904c806c907cb09cd0bcd0c
2160,281702470,-39,11,256,1,27,0,b6600b00f8f0fbf3fff403f606f60af50df20ff011ed11ea10e80ee60de60be709e908ec07f006f407fa08fe0a020c060e09100b120d0403000000000000000000000000000000000000fd00f4fff3fcf2f9f0f6eef4ecf3ebf2eaf2e9f3eaf4ebf5eef6f0f7f4f7f7f6fbf5fef300f101ee02eb01e8ffe6fde5fbe4f9e5f8e6990008dc08db07db06da05da04db02db02db01db01db00dbffdaffdaffdaffda00db01db02db03db04db05dc06dd07de08df0ae00ce10ee210e206f502fcff00ff02ff0000fc01f405df07df09e00be00ce10de10fe110e011e011e012e013e013e014e114e114e013e112e111e111e010e00fdf0fdf0ede0ddd0cdd0bdc0bdb
2161,281738244,-39,11,256,1,27,0,b6600b000910060d020bfe0af90bf50cf10fef12ed15ed18ee1bf01df21df41cf619f716f811f90cf806f601f4fcf2f8f0f4edf2ebf0fafc00000000000000000000000000000000000002ff0cfd0eff100313051507180819081b081b071a071806160612050e060a070709040c020f011301160219041c061d091d0b1c0d1b9a00fa27fa28fb29fc29fd29fe29fe28ff28ff270027012801290129012a0029ff29fd29fc29fa29f828f727f725f524f423f222ef21ec20ea1ff80bfd0300fffffdfffe0003020c052303230124ff24fd24fb24f924f825f626f626f526f426f426f326f226f126f126f226f326f425f425f425f525f526f627f828f829f929
2162,281739668,-39,11,256,1,27,0,b6600b00f7f0faf3fdf501f605f509f40cf20eef0fec0fe90ee70ce50ae508e607e805ec05f005f406f908fd0a010c050f07110a130b0502000000000000000000000000000000000000fd00f400f3fdf2faf0f8eef6ecf5eaf4e9f4e9f5e9f5ebf6edf7f0f8f3f8f6f8f9f6fcf4fff100ee00ebffe8fde6fbe5f9e5f7e6f6e89e0000db00dbffdbfedbfddbfcdbfbdbfadcf9dcf9dcf8dcf7dcf6dcf6dcf6dcf7dcf8dcf9dbfadcfbdcfbdcfcddfddeffde00df03df05df07df02f401fcff000001ff00fffc00f401e002e004e006e008e009e00ae00ae00bdf0cdf0ddf0dde0dde0dde0dde0dde0dde0ddf0cdf0bdf0ade09de08dd07dd05dc04dc03db03db
2163,281757587,-39,11,256,1,27,0,b6600b00f711f80cf708f504f200effdebfce6fce3fde0ffde01de04df06e107e507e906ed04f101f5fdf9f9fcf4fef0ffecffe8ffe5fff90000000000000000000000000000000000000202080a070c0510041304160419051b051c061c071b0619051604130110fe0dfb0bf70af30aef0bed0deb0fea12ea15ec17ee19f0199800f00cef0def0df00ef00ef10ef10ef20ff20ff20ff20ff210f210f210f210f210f20ff10ff10ef10ef10df00cf00bf00bf00aef08ee07ee06f902fd0000ff00ff00fffe01fb04f20cf20cf10bf00af009ef09ef09ee09ee08ed08ed08ec07ec07ec07ec07ec07ec07ec07ed07ed08ed08ee09ee09ee0aee0aee0bee0bee0c
2164,281759114,-39,11,256,1,27,0,b6600b0010040c0508060508020b000f001201160219041a071b091b0a1a0b180b150912070e030bff09fb07f605f205ef04ec05e905fa0100000000000000000000000000000000000001fd07f70af80df910fa13fa15f917f918f818f717f715f713f810fa0efc0cff0a020a060a090c0c0e0e10101310150f170e180c180a9a001b181b181c181c171d161d151e141e131e131f121f121f121f122012201220131f131e141e151d151b161a161817171815191419121a111b050a0103fffffefeffff0301090719141816161715181319131a131b131c131d121e121e111f11201120112010201020111f111f121e131e141d151c161c171c181b191b191b
2165,281759551,-39,11,256,1,27,0,b6600b00fe13fd0ffa0af707f305ef04eb04e706e408e30be20ee210e411e712ea11ed0ff00bf306f501f7fcf7f7f7f2f6eef6eaf5e8fdfa00000000000000000000000000000000000002010a060a09090d0a110a140b160c180e180e180e170d150b130911060f030dff0cfb0cf70ef410f212f116f219f31bf51df71df91c9800e621e721e822e922ea23ea23eb24ec24ed24ed25ee25ef25ef26ef26ee26ee25ed25ec24eb23ea23e921e920e81fe81de61be519e317e216f507fc0200ff01fe00fffe03f90bec1eea1de81ce71ae519e419e318e218e118e018df17de17de16dd16dd16dd16dd16de17df17e018e019e119e11ae21be21de31ee31fe41f
2166,281762862,-39,11,256,1,27,0,b6600b00f30ff50af506f402f2feeffaecf8e8f7e4f7e1f8dffadffddfffe101e402e802ec00f1fef6fbfaf8fdf400f002ec03e804e601f90000000000000000000000000000000000000102040b020d0010fe13fd16fc19fc1bfd1cfd1cfe1bfe1afe17fe13fd10fb0cf80af507f107ed07ea08e80ae60ce50fe611e813ea149800ec08ec09ed09ed09ed0aee0aee0bee0bef0cef0cef0cef0def0def0def0dee0cee0cee0cee0bee0aee0aee09ee08ee07ee07ed05ed04ed04f901fd0000ff01ff00fffe00fa02ef07ee06ee05ee04ed04ed03ed03ec02ec02ec02ec01eb01eb01eb00eb01eb01eb01eb01eb01eb02ec03ec03ec04ec04ec05ec06ec06ec07
2167,281764384,-39,11,256,1,27,0,b6600b000cf10bf50afa0bfe0d021005130817091a091d071f06200320021e001bff18ff13000e0209050508010cfe0ffd13fb17fb19fe06000000000000000000000000000000000000fefdfbf3fdf100ef02ec04e904e704e504e404e303e402e602e802ec03ef05f307f60bf80ff912f915f918f719f41af119ef18ed17ec980013f913f913f813f713f713f712f612f612f612f612f512f512f512f512f512f612f613f713f713f813f912fa12fa12fb12fc12fe13ff130006000200ff00ff00ff0001fe05fd10f810f911fa11fb11fb12fc12fc12fd13fd13fe14fe14ff14ff14ff14ff14ff14ff14ff14fe13fe13fd13fd13fc13fc14fc14fb14fb14fa
2168,281766867,-39,11,256,1,27,0,b6600b00f0f3f4f5f9f5fdf402f205ef07eb08e708e407e104df02df00dfffe1fee4fee8ffec01f104f607fa0bfd10001302170419040601000000000000000000000000000000000000fd01f405f203ef01ecffe9fee6fde4fee3fee3ffe4ffe500e800ecffeffef2fcf5f9f7f5f8f1f8eef7ebf5e8f2e6efe6ede7ebe9ebeb9d00f6edf6edf5edf5edf4eef4eef4eef4eff3eff3eff3eff3eff2eff2eff2eff3eff3eef4eef4eef5edf6edf7eef7eef8eef9edfbedfcedfdedfff9fffd000000000000fefefcfaf6f0f7f0f8eff9eff9eefaeefaedfbedfbedfbecfcecfcecfcebfcebfdebfdebfcecfcecfcecfbecfbecfaecfaecf9ecf9ecf8ecf8ecf8ec
2169,281768239,-39,11,256,1,27,0,b6600b00ffec01f003f407f70bf90ffa13f917f719f51bf21bee1bec19eb17eb14ed11ef0ef30cf80afd09020807090c0a100b140c170305000000000000000000000000000000000000fdfff4faf4f7f4f4f3f0f2edf1ebf0e9efe9eee9eeebefecf0eef3f0f6f2faf3fef302f306f109ef0bec0be90ae509e306e204e102e1910014dc13db12da11d90fd90ed90dd90dd90cd90cd80bd80bd70bd70bd70cd70cd70ed80fd810d811da12db12dd13de14df15e118e21ae41ce60af603fdff00ff02ff0101fc04f30cde0edf10e012e114e115e217e218e219e21ae21be31be31be31ce31ce31de31ce31ce31be31ae319e219e118e018df17de16dd15dc15db
2170,281769684,-38,11,256,1,27,0,b6600b0004ec04f006f509f90cfc10fe140018001cff1efd1ffb1ff91ef71cf718f615f811fa0dfd090006040408020c010f011201150005000000000000000000000000000000000000fdfff7fbf6f8f5f5f4f1f3eff1ecefebedeaecebececededf0eff2f1f6f2faf3fef302f306f10aee0cec0de80ee50de30be20ae108e19a001ade19de19dd19dd18dd17dd16dd16dd15dd15dc14dc14dc14dc14dd14dd14de14df14e014e114e214e314e514e614e714e914ea15eb15ed07f902feff00ff01ff0001fd05f70fe710e711e713e714e715e716e717e618e519e41be41ce41de41de41de41de41de41de41de31de21ce21be11be01ae01adf1bdf1bde1bde
2171,281777677,-38,11,256,1,27,0,b6600b0011f60ef90cfe0b020b070b0c0d10101213141515171419121a10190e170c140a0f080b0705070007fc08f80af50cf30ef20ffc04000000000000000000000000000000000000fffdfef600f402f104ee05eb06e805e505e404e304e403e503e803ec04f006f408f70cfa10fb14fc17fc1bfb1df91ef71ef51df41cf3980029fa2af92af829f829f729f728f728f627f527f426f326f326f325f325f325f324f424f423f522f621f720f71ff81ef81df91cfb1cfc1cfd0aff03ffff00fe00ffff03ff0aff1dfd1dfe1eff1f001f0120022202230324032504260427042804280428042804280428042903290229012a002aff2afe2afd2afc2bfc2bfb
2172,281787599,-38,11,256,1,27,0,b6600b00ffeb01f004f407f80cfa10fc14fc18fb1bfa1df81ef51ef31cf219f116f213f40ff60bfa08fe06030507040b040f041205140105000000000000000000000000000000000000fdfff6fdf4faf3f7f1f4eef2ecf0eaefe8efe8efe8f0e9f1ecf3eff4f3f5f7f5fbf400f203ef06ec07e808e508e207e005df03df01e0910009ed09ed09ec09ec09ec09ec08ed08ed08ed08ed07ed07ed07ed07ed07ed07ed07ee08ee08ef08f008f008f108f208f208f309f409f409f503fc01ffff00ff00ff0000fe01fa04f104f105f106f107f107f108f008f009ef09ef0aef0bef0bee0bee0bee0bee0bee0bee0bee0bee0bee0bed0aed0aed0aed0aed0aec0aec
2173,281791560,-38,11,256,1,27,0,b6600b0014ff0f010b040708050c041004140518061b081d0b1e0d1d0f1b0f180e150d110a0e060b0108fd06f805f405f005ee06ec06fa0100000000000000000000000000000000000000fd02f505f408f30bf10eee0fec10ea11e810e80fe80eea0dec0bef0bf30bf70cfc0d001003140617081a081d071f06200420021f009c00130913091308130813081308130713071306130613051305130513051205120611061106110610060f070f060e060d060d060c060c070b0704020100ffffffffffff010005010e050e050e060e070e070e080f080f090f0a100a100b100b110b110b110c110c110c110c110c110b120b120b120a120a120a130a1309130a
2174,281813733,-38,11,256,1,27,0,b6600b00ec05f002f3fff6faf7f5f7f1f6edf4e9f2e7efe6ece6eae7e9eaeaececefeef2f2f4f6f6fbf800f805f809f80cf70ff510f404fc0000000000000000000000000000000000000002000afe0cfc0ef911f814f717f719f71bf81bf91bf919fa16fa13f90ef80af507f203ee01ebffe7ffe4ffe101e003e005e107e2079900d6fbd5fcd5fcd5fcd6fcd6fcd7fdd7fed8ffd800d800d801d801d801d801d900da00dbffdcfeddfddefde0fce1fce2fce3fce3fbe4f9e5f8f6fdfdff000001ff0000fc00f500e100e1ffe1fde0fcdffbdefaddf9dcf8dbf7daf6d9f6d9f5d8f5d7f5d7f5d6f5d7f4d7f4d7f5d7f5d6f5d6f6d6f7d6f7d5f8d5f9d4f9d4f9
2175,281829385,-38,11,256,1,27,0,b6600b00ebfef0fdf5fbf9f7fcf3feefffebfee7fde4fbe1f9e0f7e0f5e2f5e4f5e8f6ecf8f0fbf3fff703f907fb0bfd0ffe12fd14fd05ff000000000000000000000000000000000000ff02fd0afb0bf70cf40ef211f013ef15ef16f017f017f115f313f40ff50cf507f402f2feeffbedf8eaf6e6f5e3f5e1f6e0f8e0fae1fc9e00e0e4e0e3e0e3dfe3dfe4dfe5dfe6e0e7e0e7e0e7dfe8dfe8dee9dfe9e0e9e1e8e2e8e4e8e4e7e5e7e6e7e7e8e9e9ebeaede9eee9f0e8f1e7faf7fefd000001000000fdfef6fbe6f1e6f0e6eee6ede6ebe6eae5e9e5e7e4e6e4e5e3e4e3e3e3e2e3e1e3e1e4e0e4e0e4e1e4e1e3e1e3e2e2e2e2e2e1e2e1e3e0e3e0e3dfe3
2176,281839691,-38,11,256,1,27,0,b6600b0013040e0509060509020cff10fd14fd18fe1bff1d021f041f061e071b071806150510020cff08fb05f702f300f0ffedffebfffaff00000000000000000000000000000000000000fd03f606f60af50df30ff211f013ee13ec13eb12eb11ed0fef0df20cf50bfa0bfe0c030e07110a140c170d1a0d1c0d1d0b1d091d089d002314241324132413241324132412241124112310231022102210221022112211211120111f111d111c121a1219121812161215121412131206060102fffffeffffff030009021b081b0a1b0b1b0d1c0e1d0f1d0f1e111f121f131f1420162017201720181f181f1720182017211722172216221622152315231624162416
2177,281847513,-38,11,256,1,27,0,b6600b000113ff0ffc0bf908f406f004eb04e705e507e309e20be20de40fe70fea0eed0cf109f405f701f9fdfaf8fbf5faf1faeef9ecfefa00000000000000000000000000000000000002000a000b030d060f08120a140c170c180c190c180b170a140911090d080909050a010dfe10fb13fa17fa1afb1dfc1ffe20001f021e9f00f713f713f713f713f712f712f712f812f812f812f812f812f812f812f811f711f711f710f70ff60ff60ef70df60cf60cf60bf60af509f509fc03fe0000ff00ff00ff0001ff05ff0efe0efd0efc0ffc0ffb0ffb10fa10f911f911f812f812f712f712f712f612f612f612f612f712f712f712f712f712f713f713f713f713
2178,281856852,-29,11,128,1,27,0,2222224103f506f008f70403fb06f501f900fd01fb0100fe08ff04fffbfefdfc05fa00fafbfa01f905fa06fc06fc07fd06fe02feffffffff000000000000000000000000000000000000fe00fb01fdfdfefefb01f80200040703fffbf7fbf803fe09ff0dfd0efe0701fc03f5fefdf80aff0f050b0005fb00f9fcfbfbff030012
2179,281857159,-26,11,128,1,27,0,12222141fa14fefbfeed02fb05050504fdf4f7effbfff801f2f8faf90205050b0907050104030505fffff8fbf6fbfdf804f503f70000ff0100000000000000000000000000000000000000fcfff1fdf8fe01010203ff04fb05f804fa01fafff7fdf9fcfefefd02fb0905070dfc05f8fafbf805f91003110708f903f202fefc0b
2180,281859409,-38,11,256,1,27,0,b6600b0013060e060907040a010dfe10fc14fc18fc1bfe1e001f021f041e051c051905150311010cfe08fa05f702f300f0ffedfeebfffaff00000000000000000000000000000000000001fd05f608f70bf60ef512f414f215f116ef16ee15ee14ef12f110f40ef70cfb0c000c040d08100c130e161019101b101c0f1d0d1c0b91001a201a211b211b211b201b1f1b1e1b1d1b1d1b1d1b1d1b1d1b1d1b1c1b1c1a1c191c181c171c161c151b141a121910190e190d190c1a0b1a03090002fffffefeffff02010706161315141515151614181419151a151c161d161f16201621152215231523152315231623162316221722172218221822192219221a221a22
2181,281859845,-38,11,256,1,27,0,7660070011f50df80bfd0a020a060c0b0e0f11111413161319121a111b0f1a0d170a140810070b0606060107fd08f90af60cf40ef310fc04000000000000000000000000000000000000fffdfdf6fef400f102ed03ea03e803e503e402e301e401e500e801ec02ef05f308f60bf90ffa13fb17fb1af91df71df51df31cf11bf1a10026f127f127f027f027f026ef26ef25ee24ed24ed23ed22ed22ed22ed22ed22ee22ee22ef21f020f11ff21ef31df41cf51cf61bf71bf91bfa09fd02ffff00fe00ff0002fe09fb1af41bf51cf61df71ef720f721f722f823f824f826f927f928f928f928f928fa28fa28f928f929f828f728f628f528f428f429f329f32af3
2182,281884368,-38,11,256,1,27,0,b6600b0014fc0ffe0c020906070a060f061308170a1a0c1b0e1c101b1219121711140f100c0d070a0308fe07f906f506f207ef08ed09fb02000000000000000000000000000000000000fffd00f503f406f208f00aed0ceb0ce80ce70ce60be60ae809ea08ee08f109f60afa0dfe1001130317041b041e031f02200020fe1ffc980014041404150415041504140314031402140214021401140114011301130113011302120212021103110310030f030e030e030d040d050d0504020100ffffffffffff010005000e020e020e030f030f040f041005100511061106120712071207120812081208120813071307130713071406140614061406140515051505
2183,281889378,-38,11,256,1,27,0,7660070014ff0f010b030707050b040f03140417061a081c0a1d0d1d0e1b0e190e160c12090f060b0208fd06f805f404f104ee05ec06fa0100000000000000000000000000000000000000fd02f504f408f30af10def0fec10ea10e90fe80ee80de90ceb0aef0af30af70bfc0d001003130616071a081d071f06200420021e009300120813081308130813081307130712071206120613061305130512051205120511061106100610070f060f060e060d060d060c070b070b0804020100ffffffffffff010005010e050e050e060e070e070e080e080f090f09100a100a100b100b100b100c100c100c110b110b110b110a110a120a120a120a130913091309
2184,281911071,-38,11,256,1,27,0,b6600b0003eb04f006f509f90cfd10ff140018001bff1efd1ffb1ff81ef71bf618f614f710f90cfc08ff05030307020b010f021202140005000000000000000000000000000000000000fdfff6fbf6f8f5f5f3f1f2eef0eceeebecebebebebececedeeeff1f1f5f2f9f3fef303f207f00aee0ceb0de70de40ce20be109e107e29d001bde1bde1ade1ade19de19dd18dd17dd16dd15de15de14de14dd14dd14dd14de14df14e014e114e314e413e613e713e813e913ea14ec14ec07f902feff00ff01ff0001fd05f711e712e714e715e716e717e718e61ae61be51ce51de51ee51fe520e520e520e520e51fe51fe41fe31ee21ee11de11de11ce01de01ddf1dde
2185,281915653,-38,11,256,1,27,0,b6600b00ffeb01ef04f407f70bfa10fb14fc18fb1bf91df71ef41df21bf119f016f112f30ff60bf909fd06020506050a050e061106130104000000000000000000000000000000000000fdfff5fcf5faf3f6f1f3eff1edefebeee9eee8eee8efeaf0ecf1eff3f3f4f7f4fcf300f204ef06ec08e909e508e207e005df03df02e0950008ec08ec08eb07eb07eb07eb06ec06ec06ec05ec05ec05ec05ec04ec04ec04ec05ed05ed05ee05ef05ef05f005f105f105f206f306f307f402fb00feff00ff00ff0000fe01fa04f105f106f106f107f107f008f008ef09ef0aee0aee0bee0bee0bee0bee0bee0bee0bee0bed0bed0aed0aed09ec09ec09ec09ec09eb09eb
2186,281919260,-38,11,256,1,27,0,b6600b00110a0c090709020afe0cfa0ff813f617f61af71df91ffb1ffd1fff1d001a00160011fe0cfc08fa04f700f3fef0fceefbecfafafe00000000000000000000000000000000000001fe07f80af80df911f914f817f719f51af41af319f317f314f512f70ffa0dfe0b020b070c0b0d0f0f1212151416171618141a131a119200142415241524152416241623162216211621172017201720171f171f161f161f151f141f131f121e111d0f1c0e1b0d1b0c1a0a1a091a081a02090002fffffefeffff02020608121711181119101b0f1c0f1d0f1f0f20102110220f240f250f250e260e260e260e260f260f26102611261226122613261326132614251425
2187,281926830,-38,11,256,1,27,0,b6600b0005ec06f107f609fa0cfe1001140218031b021e001ffe20fc1ffa1cf919f915f911fb0cfd080105040208010c000f0012ff14ff05000000000000000000000000000000000000fdfef7faf7f7f6f4f5f0f3edf2ebf0e9eee9ede9edeaeeebf0edf3eff6f1faf2fff304f208f10bef0eec10e910e60fe40de20ce20ae2a10010f310f210f210f210f210f210f20ff20ff20ff20ef20ef10ef10ef20ef20ef20ef30ef30ef40ef50df50df60cf60cf70cf80cf90cf90cfa04fe01ffff00ff00ff0000fe03fb09f40af40bf50bf50cf50df50df50ef50ff50ff510f510f511f511f511f512f512f512f511f511f511f411f411f311f311f311f211f211f2
2188,281929980,-38,11,256,1,27,0,b6600b0014050f050a070609020c0010fe14fe18ff1b011e021f051f071e081c081807140510030cff08fc05f803f402f001ed01eb01fa0000000000000000000000000000000000000001fd05f707f60bf60ef511f313f115ef16ee15ed15ed13ee11f00ff30df60cfa0cff0d030e07100a130d170e1a0f1c0e1d0d1d0b1d099f001e1c1f1c1f1c1f1c201b201b201a20191f191f181f181f181f181f171f171e181d181c181b181a181817171715161416121611160f160e1705080102fffffeffffff02010905190f19111812181318151816191719191a1a1a1b1a1c1a1d1a1e1a1f1a1f1a1f1a201a201a1f1b1f1c1e1c1e1d1d1d1d1e1d1e1d1e1e1f1e
2189,281937692,-26,11,128,1,27,0,5116654101110611fe0d02060afe08010009f804fc0101060003ffff05fc06f90102ff05020006020209fb0bfa05feff0202030501020000000000000000000000000000000000000000ff00fffc03f5fff5fdf505f409f102f6fb03fc08040208fc03f6f7f5f8f409ef06f1f101ed10ee12eb0bf300f5fdeffcfbfd0a070c0c
2190,282020263,-39,11,256,1,27,0,b6600b00ffec00f003f406f60af70ef712f716f518f219ef19ec18ea16e913e911eb0fed0df10bf60afb0a000a050b090d0d0f1110130404000000000000000000000000000000000000fcfef3f9f4f6f4f2f4eff3ecf2eaf1e8f0e8efe8efe9f0ebf1edf4eff7f1fbf2fff202f206f008ee0aeb0ae809e508e306e203e101e292000fda0fd90ed90ed90dd90cd90bd80ad80ad809d809d809d80ad70ad70bd70cd70dd80ed80fd910da11db12dd13de14df16e118e319e51be709f703fdff00ff02ff0100fb01f204db06db09dc0bdc0ddd0fdd10dd11dd13dd14dd15dd16de17de17de18de18de18de18df17df16de15de15dd14dd13dc13db13da12da12d9
2191,282119057,-95,11,128,1,27,0,4ff11441000400040104040304020302050007fd09ff0900070107030604050505040605050402010101020102ff03ff0500060005010100000000000000000000000000000000000000ff00000201000301040003000403040703070005ff07000901070104fd04fb01fe000001020103020504070407040607090c090d080a
2192,282268023,-27,11,128,1,27,0,0ee00041a821a92da32c9926982b9f29aa20ae17ad12b214ba13c411d013d61dd22acf2fcf2ed02cd42cd72cd426cd21d220d918d00ff203000000000000000000000000000000000000f303d106d6fccef4c1ecc4eccfedd7ebd9f1d2f7c8f6beeeb2eaabedadf0ade9a7e0a8e1ace7ace8b1e3bddfbfe2b7f0a9f49df49cf9
2193,284064696,-93,11,128,1,27,0,4ff1144106fb03fdfffcfefa00fbfffdfc00f702f501f6fff5fbf3faf4fbf5fdf6fdf7fdf8fff902fd030102020301040003ff04ff05ff0100000000000000000000000000000000000000ff00ff01000102010301050008ff07fe05fe06fe070008000702070505060106010704060304fe05fa06f806f707f60af20bf20cf6
2194,284538779,-93,11,128,1,27,0,d3399d4100fc01feff0001fe03fc02ff0001ffffff00fe03fe0000fd01fd02fe01fefefefdfffffffefdfdffff0000000101020004ff01ff000000000000000000000000000000000000000001010001ff01ff00fefef802f307f90200fd06f70af204fafe00fefefefdfefefffffffeffffff01fefffffeff00030207020301
2195,284576727,-91,11,128,1,27,0,4ff11441fdf7fbf8fbfcfbfffafefafff802f705f703f5fff5fef7fff9fffa00f8fff9fffa00fa01fb01ff0101010003fe04fd04fe04ff0100000000000000000000000000000000000000ff02fe02ff03fd04fb04fb03fb04fc07fc08fb07fb07fd07fe05fe03ff02fd01fc00fbfffafdfbfbfbfaf7fbf4fdf4fcf3fdf401f6
2196,284781504,-93,11,128,1,27,0,4ff11441fcfbf8fbf9fbfbfefa01fc03fe05fe060006040a040e020d020904060407030603020102ff04ff0301ff01fd01fc02fb02fb00fe000000000000000000000000000000000000ffffff0001020003fd03fb04fd05000501050306030701060005ff0201ff02fe0000ff00fffefffc01fb02fa00fafef7fdf4fdf4fef5
2197,285404064,-39,11,256,1,27,0,f6600f000811060d03090005fc02f7fff3fdeffbeafbe7fbe5fce4fde4fee5ffe700e900ed00f200f600fbff00fe04fc07fb0af90df803fd000000000000000000000000000000000000fffefffa01f905f708f50bf30ef110ef12ed12ec12ed11ee10ef0df20bf508f906fe04020307030c0311041505180619081a091b0a1aac00001f001e001e001e001e011e021f031f031f031f0420041e041d041c041b031b031b021b021b021b011a01180016ff15ff14fe14fd13fc13fe06ff01fffffffeffff0002010704150316021601170018ff19ff1afe1cfe1efd1efd1efc1efc1dfb1dfb1efb1ffb1ffb1efc1efc1ffd1ffd20fd20fe1ffe1eff1cfe1bfe1b
2198,285405749,-38,11,256,1,27,0,f6600f00ebf4f0f6f5f8fbfa02fb08fb0dfa12f817f61af31bf11bef1bee19ee16ee14f010f20cf509f905fd0101fe05fb09fa0df90ffe04000000000000000000000000000000000000010103050208ff0cfd10fb13f917f81af81df81ef81df81cf919fa15fb10fb0bfa06f800f7faf4f5f1f1eeedebebe9eae7eae5eae4eba700f4ddf4def4def3def3def2dff1def0dff0def0deefdeefdfefe1efe2efe3f0e4f1e4f1e3f1e2f2e2f2e3f3e5f4e8f6e9f7e9f8e9f9e9fae9fef7fffd000000010000fefdfcf7f6e7f7e6f7e5f8e4f9e4fae2fae1fadefadcfadbfbdbfbdcfbdcfcdcfcdcfcdbfbdbfbdbfadbfadbf9dbf9dbf8dcf8dcf7def7dff7e0f7e1
2199,285407541,-38,11,256,1,27,0,3665530003160211010bfe06fb01f7fcf3f8eef5eaf3e6f2e4f2e2f3e1f4e3f6e5f7e7f9ebfaf0fbf5fcfbfd00fd05fd09fd0efd10fd04ff000000000000000000000000000000000000fffe00f904f808f70df611f414f317f21af01aef1af018f117f314f510f70bfb08ff04040109ff0efe14fe19fe1dff1e002001210222a800fa11fa10fb10fb10fb10fb11fc11fc12fc12fd12fd12fd11fd10fe10fe10fe0ffd0ffd0ffd0ffd0ffd0efd0dfd0cfd0bfc0bfc0bfc0afb0afe03ff0100ff00ff00ffff01ff04fd0cfc0cfb0cfb0cfa0dfa0df90ef90ff810f810f810f80ff70ff70ff70ff610f710f70ff710f810f810f810f911f910fa10fa0ffa0efa0e
2200,285414254,-41,11,256,1,27,0,3665530004ea03ef03f404fa050007050a0a0d0d111014121612181219111910180e150b11090d0708050303fe02fa01f501f101ef01fb00000000000000000000000000000000000000ff01fb04f803f402f000ebffe8ffe5fee3ffe2ffe2ffe3ffe6ffe9ffeefef3fdf8fbfdf901f505f209ee0bea0ce70ce40ce20be10ae1a80019e619e519e418e418e417e416e415e415e414e413e313e312e312e312e312e412e412e612e712e812e911ea11eb10eb10ec11ed11ed12ee06f902feff00fe01ff0001fd05f811ea12ea14eb15eb16eb17eb18eb19eb1aeb1beb1ceb1dea1eeb1eeb1feb1feb1eea1dea1dea1de91ce91ce81ce71be71be71be61be61be6
2201,285428708,-40,11,256,1,27,0,76600700160111010b0105030005fb08f70bf30ff113f017ef1af01bf21cf31bf519f717f913fa0efc09fd04fefefef9fdf5fdf1fdeefffb000000000000000000000000000000000000fefffafcfbf9fbf4fceffcebfbe8fbe4fae2fae1fae1fae3fbe6fceafdeefff302f806fc0a000e03130617081b081e071f0620052004b2000f0910091009100910081008100710070f070f060f060f060f050f050f050f050e050e050e050e050d060c060c050b050a060a060a06090603020100ffffffffffff010004020c060c070c070c080c090c090c0a0d0a0d0b0d0b0d0c0d0c0d0c0d0d0d0d0d0d0d0d0e0c0e0c0e0c0e0b0f0b0f0b0f0b0f0a0f0a0f0a100a
2202,285432112,-41,11,256,1,27,0,7660070018fb12fc0cff06020106fc0af80ff614f418f31cf31ff421f622f721f91efb1afc16fd10fe0afe04fdfefcf9fbf4faf0f9edfefb000000000000000000000000000000000000fefff8fef8faf7f5f6f0f5ebf3e7f2e4f0e2f0e1f0e1f1e3f3e5f5e9f8edfcf200f605fa0bfd110016011b012001220024ff25fe24fdad001304140414041404140413031303130313021302130213011301120212021202120211021102100310030f030e030e030d040d040c040c0504010100fffffeffffff01ff05001000100110021003110311041204120512051306130613071307130713081308130713071307130714071406140614061405140514051505
2203,285622859,-41,11,256,1,27,0,966009000c12090e06090105fd01f8fef3fceefae9f9e6f9e3f9e1fae1fbe1fce4fde7feebfef0fff5fffafffffe04fe09fd0dfc0ffc04fe000000000000000000000000000000000000fefffcfbfef801f404f006ec08e909e60ae40be30be40be50ae809ec07f006f605fb05010507050d071208160a190c1b0d1c0e1c0f1baa0000210022002200220022012102210221032003200420041f041f041f041e041e031e031d021d021c011b001a0019ff18fe17fd17fc17fa16fd08ff0200fffffeffff00020209061b051c041c021d011d001eff1fff20fe21fe22fd22fc22fc22fb22fa23fa23fa23fb23fb23fc23fc23fd22fd23fe22fe23ff23ff23fe24
2204,285626965,-41,11,256,1,27,0,96600900120f0e0b09080305fc03f601f000ea00e601e202df03dd05dd06df07e107e507ea06ef04f403fa01fffe04fc09f90df70ff604fd000000000000000000000000000000000000fefffafcfcf8fdf3ffed00e901e401e102df02de03de03e003e302e703ed03f304f906ff08060b0b0e1011151417161818191a191a18b0000412041205120512051205120512051106110611061106110610061006100510051005100410040f030f030e020e020d010d010d000dff0dff04ff01ffffffffffff00010204080d070d070e060e050f05100510051105120412041304130313031303130213021303130313031303130313041304130413041304130413
2205,285667101,-41,11,256,1,27,0,8ff0080005150410020bff06fc02f8fdf4f9f0f7ebf4e8f3e5f3e3f4e3f6e3f7e5f8e8f9ebfaf0fcf5fdfafefffe04fe09fe0dfe10fd04ff000000000000000000000000000000000000fffefffa02f906f70af50ef211f013ee15ed16ec17ec16ee13ef10f20df509f906fe04030208000d00120017011b021d031f041f051fb700fc21fc22fc22fd22fd22fe22ff22ff21002101210120022002200220031f031f031e031e021d021c011b001a00190019ff18fe18fd18fc17fe08ff0200ff00fe00ffff02fe09fc1afb1afa1af91bf81bf71cf71df61df51ef41ff41ff320f320f220f220f220f320f320f421f521f521f722f822f922fa22fa22f922f922
2206,285769375,-41,11,256,1,27,0,96600900f7e7f9edfcf300f804fe09020e061209170a1b0b1e0c200b210a20091e071b06160511030b020502ff01f901f402f002ed02fb0000000000000000000000000000000000000000010105fd07f90af50df110ed13eb15e917e818e818e917eb14ee11f10df508f703fafcfcf6fdf0feeafde5fce1fbdef9dcf8dcf7dca60002ec02ec02ec02ec02ec02ec01ec01ec01ec01ec00ed00ed00ed00ed00ed00ed01ed01ee01ee01ef02ef02f002f103f103f204f204f305f301fb00feff000000ff00fffefffafef0fff000f000ef01ef01ef02ee02ee02ed03ed03ed04ec05ec05ec05ec05ec05ec05ec05ec04ec04ec04ec03ec03ec03ec03eb03eb03eb
2207,285772264,-41,11,256,1,27,0,96600900e7fbecfcf2fcf9fc00fb06f90cf711f415f117ed19eb19e919e818e816e913eb0fee0cf208f704fc0101fe06fc0afa0ef911fe04000000000000000000000000000000000000010005010505050a060f07140818081c091e091f0a1f091e081b07170512020dfe08fa03f6fef1faecf7e7f5e3f4e0f4def4ddf5ddf6ad00f4f0f4f0f3f0f3f0f3f0f3f1f3f1f3f2f3f2f3f2f3f2f2f2f2f3f2f3f2f3f3f3f3f3f4f3f4f2f4f2f5f3f5f3f6f4f7f4f8f4f8f4f9f4f9f3fdfbfffe000000000000fefefcfcf5f5f5f4f5f3f6f3f6f2f6f2f7f1f6f0f6eff6eff6eff6eff6eef6eef7eef7eef6edf6eef6eef6eef6eef5eff5eff5eff4eff4eff3eff3ef
2208,285778092,-41,11,256,1,27,0,96600900eb09f007f504f900fefc01f804f305ee06ea07e606e305e205e104e203e402e701eb01f000f500fa010001040209030c040f010400000000000000000000000000000000000001ff05fe07010a040d08100a120d140f1611171117111610140f110d0d0a08080306fd05f704f203ed04e905e506e308e10ae10be30cb300defaddfaddfaddfbddfbddfcdefddefedffedfffdfffdf00df01df01e001e000e100e1ffe2ffe2fee3fee5fee6fee7fde8fde8fce9fbe9faf7fdfdff000001000000fdfff6ffe5fde5fce4fbe4f9e3f8e3f7e2f6e1f5e0f5e0f4dff4dff4dff4dff3dff3def2def2def3def3def4def5ddf5ddf6ddf7ddf7ddf8dcf9dcf9
2209,285778325,-41,11,256,1,27,0,76600700fd18fd13fd0cfd06fbfff9f9f6f3f3efefebece8e9e7e7e7e6e7e6e9e8ebeaeeedf1f2f5f6f8fcfb01fe06010a030e0511060401000000000000000000000000000000000000fffe01fa04f90af80ff714f618f51bf41df31ff31ff31df41af516f712f90dfc08000305ff0afb0ff814f719f61df620f622f723f823b200f40ff410f510f510f510f610f610f710f711f811f811f911f911f910f910f910f910f910f90ff90ef90ef90df90df90df90cf90bf90bf80afd03ff0100ff00ff00ffff01fc04f70cf60cf50bf40bf40bf30bf30cf20cf20cf10cf10cf00cf00df00df00df00cf00cf00df10df10df10ef20ef20ef30ff30ff30ff30ff30f
2210,285795240,-40,11,256,1,27,0,766007000eed0bf207f805fd03030208020e03130418061b081d0a1e0b1d0c1c0c190b160911070d04080104fe00fbfcf7f9f4f6f2f5fcfd000000000000000000000000000000000000ff01fb04f801f4fef0fcecf9e9f8e5f7e3f6e2f5e2f5e4f5e7f6eaf8eff9f4fafafa00f906f70bf610f314f016ee18eb19ea18e817e8b70020f021ef20ef20ef20ef1fee1eee1ded1cec1beb1beb1aea1aea1aea19ea19eb19eb18eb18ec17ed16ee15ef15f014f114f114f214f314f407fb02feff00fe00ff0002fe09fc1af61bf71cf81df91efa1ffa1ffa20fa21fa22fa23fa24fb24fb25fb25fb25fb24fa24f924f924f824f724f523f423f422f322f323f223f2
2211,285802143,-41,11,256,1,27,0,76600700f010f40cf808fa02fdfcfef7fff1ffedfee8fde4fce2fae1f9e1f9e2f8e5f9e8faecfbf0fdf5fffb010003040508080b090d020300000000000000000000000000000000000000fe03fb06fd0bff0f01130317041a051c061d061d061b061806150510040b040505ff06fa07f509f00bec0de910e813e714e815e915b300e00de00ee00fe00fe00fe00ee10fe20fe210e310e311e311e311e411e410e410e50fe50ee50de60ce60ce70be80ae80ae908e907e906e905f801fd0000ff01fe00fffd02f805e910e80fe70de60de50ce40ce30ce20ce10ce00cdf0bde0bdd0add0add09dd09dd09dd09dd0add0bdd0cdd0cde0cde0cde0dde0dde0dde0d
2212,285805752,-94,11,128,1,27,0,4ccff44101feff02fa03f803f903fd0001fe01fe00fdfefcfbffff010402fe01f9fffffe06ff04010000fffdfffd00fe030003fe01fa00fe00000000000000000000000000000000000000ff01fefefdfffc01fd0001fe03fc00feff00010302050304030001fefdfefbfefefe0000fd03fb03fc02fafff9fdfbfd02fd09fd07
2213,285831465,-41,11,256,1,27,0,3665530012ef0ef309f705fd0203ff09fd0ffc15fc19fc1efd21fe22ff220021011f011b01170111000b0005fffffdfafcf5faf1f9eefefb000000000000000000000000000000000000ff01fb04f702f200edfde9fce5fae1f9dff8def7def7e0f7e3f8e8f9edfaf3faf9fa00f907f80df713f517f21bf01ded1eeb1eea1de9aa0011f711f711f711f611f710f710f610f60ff60ff50ff50ef50ef50ef50ef50ef50ef60ef60ef60df70df80df80cf90cf90cf90cfa0cfa0cfb04fe01ffff00ff00ff0001fe04fd0df80df80ef90ff90ff910f910f911f911f912fa12fa13fa14fb14fb14fb13fb13fb13fb13fa13fa13f913f913f812f812f812f812f813f8
2214,285832465,-41,11,256,1,27,0,d6600d000fed0bf108f605fc02020009ff0fff14ff19001d0120022104210520051e051a05160410020b0105fffffdfafbf6f9f2f7effdfb000000000000000000000000000000000000ff01fc04f803f301eeffe9fee5fde1fddffcdefcdefbe0fbe3fbe8fcedfcf3fcf9fb00fa06f80cf511f315ef18ec1aea1be81be71ae7ae0011f811f811f711f710f710f710f60ff60ff60ef60ef50ef50ef50ef50ef50df50df50df60df60df70df70cf70bf80bf80bf80bf90bfa0bfa04fe01ffff00ff00ff0001ff05fd0ef90efa0ffa0ffb10fb10fb11fb11fc12fc12fc13fc13fc13fc13fc13fc13fc13fc13fc13fc13fb13fb13fa13fa12fa12f912f912f912f8
2215,285835914,-41,11,256,1,27,0,16633100eafeeffff5fffbff01fe06fc0cfa11f814f517f319f219f019ef18ef16ef13f110f30cf607f903fcfffffb02f805f508f309fc0200000000000000000000000000000000000001ff04fe060109040c080f0c110f1412151316141514131411120e0f0a0c06090105fc02f7fff2fdedfbe9fae5fae2fae0fae0fbe0fbba00e3efe3efe3f0e3f0e3f1e3f1e3f2e3f3e3f4e3f5e3f5e3f6e3f6e3f6e3f6e3f6e4f6e5f6e5f6e6f6e7f6e8f6e9f6eaf6ebf5ecf5ecf4edf4f9fbfefe000001000000fdfff7fbe8f4e8f2e9f1e9efe9eee8ede8ede7ece7ebe7eae6eae6e9e6e9e6e9e6e9e6e8e7e8e7e8e6e9e6e9e6eae5eae5ebe5ece4ede4ede3ede3ec
2216,285855035,-41,11,256,1,27,0,96600900e806ed05f403fa0000fd06f90bf50ff213ee15ea16e717e616e515e514e711ea0eed0af106f603fbff00fc04f908f60cf50ffd0300000000000000000000000000000000000000ff04fd07ff0c011004150618091b0b1d0c1e0d1e0d1c0d190c150a10080a060405fd03f603f002ea02e502e103de04dc06dc07dc07b900eefaeef9eef9edfaedfaeefaeefbeefbeefbeefbeefceefceefceefceefceffceffbf0fbf0fbf0faf1faf2fbf2fbf3fbf4faf4faf4f9f5f9fcfdfeff000000000000fe00fafff0fef0fdf0fdf0fcf0fbf0faf0faeff9eff9eef9eef8eef8eef8eef7eef7eef7eef7eef7eef7eef7eef8eef8eef8eef8edf8edf9edf9edf9
2217,285855424,-41,11,256,1,27,0,9660090012140d0f080a0305fd00f6fcf0f9e9f6e4f5dff4dcf4daf4d9f5daf6ddf8e1f9e6faecfcf2fef9ff000006010c02110214030500000000000000000000000000000000000000fefffbfdfbf8fcf2fcecfce7fde2fddefddbfedafedaffdc00e000e501eb01f103f904000707090e0c141019131d151f17201820181fbc000413041404140514051405140613061306120612061207120712071207120611061105110511041104100410030f030e020e010e010e000e0005ff01ffffffffffff00010205060f060f05100410041103110312021302140214021502150215011501150115011501150215021502150215021503150315041504150415
2218,285862032,-41,11,256,1,27,0,96600900ed11f20df708fb03fffd02f705f106ec07e708e308df07de06dd05de04e003e402e801ee00f400faff00ff05fe0bfe0ffe12ff0400000000000000000000000000000000000000fe02fb06fb0bfc11fc16fd1afd1dfe20fe21fe21ff1f001c00170012000c010602ff04f806f308ee0be90ee611e413e315e316e416b500ee04ed04ed04ed04ed04ee04ee05ee05ef05ef06ef06ef06ef07f007f006f006f006f005f005f004f104f104f204f304f303f303f302f301fb00fe0000ff00ff00fffe00fa01f104f103f002f002f001ef01ef01ee00ed00ed00ed00ed00ec00ec00ecffecffecffecffec00ec00ed01ed01ed01ed02ed02ec03ec03ec03
2219,285863501,-41,11,256,1,27,0,9660090013090f070a050403fe01f801f300ed00e901e501e303e104e205e206e406e806ec05f004f603fb01000004fe09fd0cfb0ffa04fe000000000000000000000000000000000000ff00fbfffafbfaf6f9f2f8edf7eaf6e7f6e5f6e4f6e3f7e5f8e8faebfbeffdf400f903fe07030b070f0b120e160f181019111a111a10bb00121a131a131a141a14191419141814171416141615161515151515151515151514151314131412131113101210120f120e120d120c120b1303060102fffffefeffff0101050710140f140f160e160e180e180e190e1b0e1c0e1c0e1d0e1d0d1e0d1e0d1f0d1f0d1f0d1e0e1e0e1e0f1d101d101d111c111c121c121c121c
2220,285868705,-41,11,256,1,27,0,96600900f111f40cf808fb03fefd00f701f202ed02e802e401e200e1ffe0fee1fde3fde7fdebfdf0fef5fffb000001050209040d040f010400000000000000000000000000000000000000fe02fc06fc0afe0fff130017001a011c011d011d021c021902150210020b020503ff04fa06f508f00bec0dea10e812e714e715e915b900e009e009e00ae00be00ce10de10ee20ee30fe30fe410e411e412e512e511e511e610e70fe70fe80ee80ee90dea0ceb0ceb0beb09eb08eb08f802fd0000ff01ff00fffd00f602e606e505e504e403e302e202e102e102e002df02de02dd01dd00dd00dc00dd00dc01dd02dd03dd04dd05dd06dd07dd07dd07de08de08de08
2221,285869250,-41,11,256,1,27,0,76600700f211f50df808fb03fefdfff700f201ed01e800e4fee2fde0fce1fbe2fbe4fbe7fcebfcf0fdf5fefb000001050309040c050f010400000000000000000000000000000000000000fe02fb05fc0afd0efe13fe17ff1aff1cff1dff1d001c001900150010000b0106020004fb07f609f10cee0feb12ea14e916ea17ea17b800e00adf0bdf0bdf0bdf0ce10ce20de20de30ee30ee30fe30fe410e410e510e50fe60fe60ee70ee70de80de80ce90cea0bea0aea09eb07eb06f802fd0000ff01ff00fffd00f602e606e606e505e404e303e302e202e102e002df02de02dd02dd01dd01dd00dd00dd00dd01dd02dd03dd04de05de06de06de07de07de08de08
2222,285888684,-41,11,256,1,27,0,b6600b00e901ee01f400faff00fd05fa0af80ef512f214ef16ec16eb16ea15ea13eb11ed0ef00af407f703fc0000fd04fa08f80bf60dfd0300000000000000000000000000000000000000ff03fe050108040b080e0c110e1311151315131514141312110f0e0c0c07090205fd03f800f2ffedfde8fde5fde2fde0fee0ffe0ffb100e1f3e1f4e0f4e0f4e0f5e0f5e0f6e0f7e0f7e1f8e1f9e1f9e0fae1fae1fae1f9e2f9e3f9e3f9e4f9e5f9e6f9e7f9e8f8e9f8eaf7eaf6eaf5f8fcfdfe000001000000fdfff7fce8f6e8f5e8f4e8f2e7f1e7f0e6f0e6efe5eee5eee4ede4ece4ebe4ebe4ebe4ebe4ece4ece3ede3ede2eee2efe2efe2f0e1f0e1f0e1f0e0f0
2223,285894358,-41,11,256,1,27,0,b6600b000fec0bf007f604fc0102fe08fd0ffc14fb19fb1dfc21fd22fd23fe22ff1fff1cff17ff11000b0005fffffff9fff4fff0feedfffb000000000000000000000000000000000000ff01fe04fa05f405ef05ea06e506e206df06de06de06e005e304e703ed01f200f8fefffb05f80bf410f114ee16ea18e819e619e519e4b40011f711f711f711f711f710f710f710f710f70ff70ff70ff70ff70ff70ff70ff70ff80ff80ff90ef90efa0dfa0dfb0dfb0dfc0cfd0cfd0cfe04ff01ffff00ff00ff0001fe03fc0bf60bf60cf60df70df70ef70ff70ff710f710f711f811f812f912f912f912f912f912f912f912f812f812f812f812f812f812f812f812f8
2224,285895870,-41,11,256,1,27,0,b6600b00ef13f30ef709fb03fefd01f703f004ea04e504e103de02dc01dc01dd00e0ffe3ffe8ffeefff4fffa00000006010b020f0212000400000000000000000000000000000000000000fe02fb06fb0bfc11fc16fd1afd1efd20fd22fd21fe20fe1cff18ff13000d0106020005f907f40aee0dea10e713e516e518e519e619b800ee05ed05ed05ed05ed05ee06ee06ef06ef06ef07ef07ef07ef07ef08f007f007f007f006f006f106f105f205f205f304f304f303f302f302fb00fe0000ff00ff00fffe00fa01f104f104f003f002ef02ef02ee01ee01ed01ed01ec01ec01ec00ec00ec00ec00ec00ec00ec01ec01ec02ec02ec02ec03ec03ec03ec04ec04
2225,285896303,-41,11,256,1,27,0,9660090009e806ed04f403fb02010208020f03140419051d072009210a210a200a1e0a1a08150610040a0205fffffdfafaf6f8f2f7effdfb0000000000000000000000000000000000000001ff05fb06f507f008eb09e70ae40be10ce00ce00ce10be409e808ed05f302f8fffefb03f608f20bed0ee910e511e211e011df10dfb8000ff40ff40ff40ff40ef40ef30df30df30df30cf30cf20cf20cf20bf20bf20bf20bf30bf30bf40bf40bf50af50af509f609f609f70af80af803fd01ffff00ff00ff0001fe04fc0cf70cf70df80ef80ef80ff90ff910f910f911f911f911f912f912f912f912f912f912f812f811f711f711f711f711f610f610f510f510f4
2226,285899475,-41,11,256,1,27,0,3665530016fc10fd0aff0400ff03fa05f508f10cee0fec12eb15ea17eb17ec17ee15f113f410f70cfa08fd0300ff02fb04f706f307f102fc000000000000000000000000000000000000ff00fb01f8fef5faf2f7eff3edf0ebeee9ede8ece9eceaececeeeff0f3f3f8f6fdf903fc08fe0eff130118011c011e0020ff20fe1ffead000e080e090e090e090e080e080e070e070e060e060e060e060e060e060e060d060d060d060c060c070b070b060a060a06090609060807080702020000ffffffffffff010004010c040c050c060c060c070c070c080d090d090d0a0d0a0e0a0e0a0d0b0d0b0d0b0d0b0d0b0d0b0d0a0d0a0e0a0e0a0e0a0e0a0f090f090f09
2227,285902349,-41,11,256,1,27,0,b6600b0017f611f80bfb05ff0004fb08f70df412f117f01bf01ef020f120f320f41df61af816fa10fc0afe0400fe01f801f302ef02ec00fa000000000000000000000000000000000000ff01fb03f700f3fceff9ebf6e7f3e4f1e2f0e1efe1efe3efe6f1eaf3eff5f5f7fbf902fa09fb0ffb15fb1bfa1ff922f723f623f523f4ad001300130013ff13ff13ff13fe12fe12fe12fd12fd11fd11fc11fc11fc11fc11fd11fd10fd10fd10fe0ffe0ffe0efe0dff0dff0dff0c000c0004000100ff00ff00ffff01ff05ff0fff0f000f001001100211021102120212031303130313041304140414041304130413041304130314031402140214021401140114011401
2228,285907409,-41,11,256,1,27,0,b6600b00100d0d0a08060303fd01f7fff2fdedfde8fce5fde2fde1ffe000e100e401e701eb01f001f501fb0000ff05ff09fe0dfd10fd04ff000000000000000000000000000000000000fefffbfefbfafbf5fcf0fcecfce8fce5fce3fce1fde1fde3fee6ffea00ef01f402f904ff0705090a0c0e0f1212151416161717171716af0008200820092009200920091f0a1f0a1e0a1e0a1e0b1e0b1d0b1d0b1d0b1c0a1c091b081b071b071a0619051805180417031702160016ff16ff08ff02fffffffeffff010205070f150e160d180c190b1a0b1b0a1c0a1d0a1f092009210821082107220722062206220622062107220722072207220821092109210a210a22
2229,285911675,-41,11,256,1,27,0,b6600b00ea08ef06f503fb0000fc04f908f40bf00dec0ee80ee60ee40de30ce40be509e907ec05f103f601fbff00fe05fd09fc0dfc10ff0400000000000000000000000000000000000000ff04fd07ff0a020e061108140b170d190e1a0f1a0f190e160d120b0e0909070306fd04f703f202ec02e703e404e206e007e008e109b200dff6dff6def6def7def8dff9dffae0fbe0fbe0fce0fce0fde0fee0fee1fee1fee2fde2fce2fce3fce4fce6fce7fce8fce9fbe9faeaf9eaf9f8fdfdff000001000000fdfff6fde6f8e5f7e5f5e5f4e5f3e5f2e4f1e3f0e2efe2efe1efe1eee1eee1ede1ede1ede1ede1eee1efe0f0e0f0dff1dff1dff2dff3def3def4ddf4
2230,285917363,-42,11,256,1,27,0,b6600b00eff2f3f5f7f9fdfb02fd08fe0eff13ff18fe1bfd1efb1ff91ff81ef71cf719f814f90ffa0afc04ffff01fa04f506f008ed09fb02000000000000000000000000000000000000010005030307010bfe10fc14fa17f81af71cf61cf61cf61af717f814f90ffa0afa04fafffaf9f8f4f6eff4ecf1e9efe7ede7ece7ebe8b400f3e1f3e0f2e0f1e1f1e1f0e2f0e2efe3eee3eee3eee3ede3ede3eee3eee2efe2efe2f0e2f1e2f2e2f3e2f4e2f6e2f7e2f9e2fbe1fee1ffe100f500fc000001010000fdfdf8f6ece5ede4efe3f1e1f3e0f4e0f5dff6def7def7ddf8ddf9dcfadcfadcfbdcfbdcfbdcfbddfbddfadef9def9def8def7def7def6def5def5de
2231,285924708,-41,11,256,1,27,0,b6600b000bea08ef05f503fc01020009ff10ff15001a001f0221032304230521051f051b04160410030a010400fffff9fdf4fcf0fbedfefb0000000000000000000000000000000000000001fe05fa06f507ef08ea09e60ae20be00bdf0bdf0ae009e308e806ed04f301f9fefffa04f609f20eee11ea14e615e315e115e014e0b20010f611f611f610f610f50ff50ff50ef50ef50ef50ef40df40df40df40df40cf40cf50cf50cf60cf60cf60bf70af70af70af80af90af90bfa04fe01ffff00ff00ff0001ff04fd0df80df80ef80ef90ff90ff910f911fa11fa12f912f912fa13fa13fa13fa13fa13fa13fa13f912f912f912f812f812f812f712f712f712f6
2232,285937605,-41,11,256,1,27,0,96600900f111f40df808fc03fefd01f702f203ec03e803e402e201e000e0ffe1ffe3fee6feebfeeffef5fffaff0000050109020d0210000400000000000000000000000000000000000000fe02fb05fb0afc0ffc14fc18fc1bfc1dfc1efd1efd1dfd1afe16ff11ff0b0006020004fa07f509f00ced0fea12e914e816e817e917b600e00ce00ce00de00de10de20ee20fe30fe410e410e511e511e512e512e611e611e711e710e70fe80ee90ee90dea0deb0cec0beb0aeb09eb08f802fd0000ff01ff00fffd01f603e508e507e406e305e204e204e104e004df04de03de03dd03dd03dd03dd03dc02dc03dc03dc04dc05dd06dd07de08de09de0ade0ade0ade0a
2233,285938956,-41,11,256,1,27,0,96600900150510040a020401fe01f802f202ed03e805e507e308e20ae20be30be50be90aed08f107f604fa02ffff04fd08fb0cf90ef703fd000000000000000000000000000000000000fe00fa00f9fcf7f8f5f3f3eff2ecf0e9f0e7efe6f0e5f1e7f3e9f5ecf8f0fbf5fff903fe08020c051108150a190b1b0c1d0c1f0b1f0bb3001716181718171817181718161815181418141813181318121812181218121712171316121512151214121311111110110f110e110e120d1204060102fffffeffffff02010705160f15101411141314141415141614171419151a151a151b141c141c131c131c131c131b131b141b151b151b161a161a16191719171a171a
2234,286010365,-95,11,128,1,27,0,4ff1144105fb09f707f902fa00fafefcfcfcf9f9f9f9f9faf9f9faf9f9f9f7f8f9f9fcfcfdfefcfefd00fd02ff03ff04fd06fc06fd04ff010000000000000000000000000000000000000000010102020003fd04fd05ff050005fd06fc06fd06fe07ff0601040203030203020203030206000afe0afe07fe06fe08fd0bfb0dfc
2235,286062357,-41,11,256,1,27,0,966009000def0af306f803fd0002fe08fc0dfb12fb16fb1afc1dfc1efd1ffe1eff1bff18ff14000f000a000400ff00fa00f5fff1ffeffffb000000000000000000000000000000000000ff01fe04fa04f504f104ec05e805e505e305e205e204e304e603ea02ef01f4fffafdfffb05f80af60ef312f014ed16ea16e916e815e8b0001ff41ff41ff41ff41ff41ef31df31df21cf21cf21cf21bf11bf11bf11af21af21af319f419f519f518f617f716f815f915f915fa15fb15fc07fe02ffff00fe00ff0002fe08fb17f317f318f419f51af51bf61cf61df61ff720f721f821f822f922f922fa22fa22fa21f921f922f822f721f721f720f620f621f621f621f6
2236,286063367,-41,11,256,1,27,0,96600900150510030a020402fe02f802f203ed04e905e607e408e20ae20be40be60bea0aed08f207f704fc02000005fd08fc0cf90ff804fd000000000000000000000000000000000000ff00fb00f9fdf6f9f4f5f2f1f0eeeeebede9ede8ede8efe9f1ebf3eef7f1faf5fff904fd09010d04120716091a091c0a1e0a1f091f08ae00141a141a131b131b131a131a131a131913191318131814171417131713171217111710170f170e170d160d150b150a14091408140714061402070002fffffeffffff02010705150e150f15101412141413151316131814191419141a131b131c131c121d121d121d121d121d121d131c131c131c131c131c141c141c141c
2237,286065232,-41,11,256,1,27,0,966009000614050f030a0004fdfff9faf6f6f2f3eef0ebede9ece7ede6eee7efe8f1eaf3eef6f2f8f6fbfbfeff00040208040c060e070301000000000000000000000000000000000000fffffdfbfff902f505f107ed0aea0ce80de60ee50ee50ee70de90bed09f207f705fc03020208020d01130217031b041e041f051f061fb700ff2100210021012101200220022003200320041f041f041e041e051e051e051d051d041c041b031a021902180118011801170016ff16ff15ff07ff02fffffffe00ff00020009011a001afe1bfd1bfd1cfc1dfc1dfb1efb1ffa1ff920f821f822f722f721f721f821f821f921f921fa22fb22fc22fd22fd22fe22fd22fd22
2238,286066584,-41,11,256,1,27,0,96600900eb09f007f504fb01fffd04f808f40af00cec0ee80ee60ee40de40ce40ae609e807ec05f003f601fbff00fd05fc09fb0dfb0ffe0400000000000000000000000000000000000000ff03fd06fe0b010f031205160619081b091c0a1b0a1a0a170914080f0609050404fe04f804f204ed04e806e507e309e10ae10be20bbc00dffedefedefeddffdeffde00df01df01e002e002e103e104e104e105e104e204e304e303e403e402e402e502e701e801e900e9ffe9fee9fef8fffdff00ff01000000fd00f6ffe5fee4fde4fce4fae4f9e3f9e3f8e2f8e0f7e0f7dff7dff6dff6dff5def5def5def5def6def7def7def8def8def9defadefaddfbddfbddfb
2239,286070763,-41,11,256,1,27,0,96600900e806ee05f402faff00fc05f809f30def0feb11e712e412e311e20fe30ee40ce709eb06f004f501fbff00fe06fc0afb0efa11fe0400000000000000000000000000000000000000ff04fd07000b040e07120a150d18101a111b121a1219121610130e0e0b09090306fc04f603f002ea01e502e103de04dd05dc06dd07b700edfcedfcedfdedfdedfdedfdedfeedfeedfeeeffeeffee00ee00ee00ee00eeffefffefffeffff0fff0fef1fef2fef2fef3fef3fdf3fdf3fcfbfefeff000000000000fe00fafff1fef1fef0fdf0fcf0fbf0fbeffbeffaeefaeef9eef9edf9edf9edf8edf8edf8edf8edf8edf9edf9edf9edfaedfaedfbedfbecfbecfbecfb
2240,286164511,-41,11,256,1,27,0,b6600b0014080f060a040403fe02f802f202ed03e904e605e307e209e30ae40ae60ae909ed08f206f604fb02ffff04fd07fa0bf80df603fd000000000000000000000000000000000000fe00fbfefbfbfaf6faf1f9edf9e9f8e6f8e4f8e3f8e3f9e4fae7fbeafceffef401f904fe07030b070f0b130d160f19101a101b101b0fb200121a131a131b131b141a141915181518151715161616161517151714171316131513151314131412131212101110100f100f0f100e100e1104060101fffffffeffff010204080d170c170b180a190a1a091b0a1c091d0a1e0a1f0a1f091f0a200a20092009200a200a200b200c200d1f0d1f0e1e0f1e101e111d111d121e
2241,286168343,-41,11,256,1,27,0,b6600b00eeeef2f2f7f7fdfb02fe08010e03140418051d051f052104210220011e001a0016ff11ff0bff05fffffffa00f501f001ee02fb00000000000000000000000000000000000000010004030307010c0011ff16ff1afe1dfe20fd21fd20fc1ffc1bfd17fd11fc0cfc05fafff9f8f7f3f4eef1e9eee6ece4ebe3eae4eae5b300f9eef9eef8eef8eef8eef8eff8eff8eff7f0f7f0f7f0f6f1f7f1f7f1f7f1f7f1f7f1f7f1f7f2f8f2f8f3f9f3f9f3faf3faf4faf4fbf4fbf4fefbfffe000000000000fffefdfbfaf2faf2fbf1fbf1fbf0fceffceffceefceefceefdedfdedfdedfdecfdedfdedfdedfdedfcedfcedfbedfbedfaedfaedfaedfaedfaedfaed
2242,286171489,-41,11,256,1,27,0,b6600b0015f610f80bfb05ff0003fb07f70cf410f114ef18ef1bef1def1ef01df21bf418f714f90ffb0afe0400ff01fa03f504f105ee01fb000000000000000000000000000000000000ff00fb03f801f3feeffceaf9e7f7e3f6e1f5e1f4e1f4e3f4e6f5eaf6eff8f5f9fbfa02fb08fb0efb14fb19f91df81ff621f521f421f3af00120112011201120112011201110111001100110011ff11ff11ff11ff10001000100010000f010f010e010e010d020c020c020c030c030b0304010100ffffff00ff0001ff05ff0efd0efe0fff0f000f0010011001110111021102120312031203120412041204120412041203120312031203120312021202120213021302
2243,286176038,-39,11,256,1,27,0,b6600b0004180313020cff06fcfff9f9f6f3f2efeeebebe9e8e7e6e7e5e8e6eae7ece9eeedf1f1f5f5f8fafcffff040209050d070f090402000000000000000000000000000000000000fffefdfa00f804f408f00ced0fea12e714e515e415e514e712e910ec0cf109f706fc03020109ff0ffe15fe1bff1f0021002301240224b400f912f911f911f910fa11fa11fa11fb12fb12fc12fc12fd12fd11fd10fd10fd10fc0ffc0ffc10fc0ffc0efc0dfc0cfc0cfc0bfc0bfb0bfb0afe03ff0100ff00ff00ffff01fe04fb0dfb0dfa0df90df90df80df70ef70ff610f510f50ff50ff50ff50ff50ff510f510f50ff60ff610f610f610f610f710f810f80ff90ff90e
2244,286187379,-38,11,256,1,27,0,b6600b00ffe6ffec00f201f903000506080c0b120e161119131b151c161b16191417131410110c0d08080404ff00fbfcf7f9f3f6f1f4fcfc00000000000000000000000000000000000000010105fe07f90af50df110ee13eb15e817e718e717e815e913ec10f00cf407f802fcfcfff601f003ea04e504e104de04dc03da02d9ae0008ee08ef08ef08ef08ef07ef07ee07ee07ee07ee07ed06ee06ee06ef06ef06f006f006f007f007f107f207f306f406f406f507f607f608f703fc00ffff00ff00ff0000fe00fb01f202f203f204f205f105f106f107f007ef08ef08ef08ef09f009f009ef0aef0aef09ef09ef09ef09ef09ef09ee08ef08ef08f007f107f1
2245,286192088,-39,11,256,1,27,0,b6600b000be908ee06f404fa02010108000e00140119031e0420052206220620071e061b05170411030c0106ff00fdfafbf6f9f2f8effefb0000000000000000000000000000000000000001fe04fa05f505f006eb07e707e308e008df08e008e107e306e705ed04f201f8fffdfb03f708f40df011eb13e814e514e314e114e0b7000ff40ef50ef50df50df40df40df40df30df30df20df20cf20bf30bf30bf30bf40bf40bf40cf40bf40bf50af60af709f709f809f80af90af903fd01ffff00ff00ff0000fe03fc0af70af70bf80cf80cf80df80ef80ff810f810f810f810f810f810f811f811f811f810f810f810f710f710f610f60ff60ef60ef60df60df6
2246,286207898,-39,11,256,1,27,0,b6600b00e707ed05f303f900fffd05f909f40df00feb11e712e512e211e210e30ee50de70aeb08ef05f402fa0000fe05fc09fb0efa11fe0400000000000000000000000000000000000000ff04fd07000b040f08120a160d19101b111b121a1219121710140e0f0b09080406fd04f702f101ea01e402e103df04de05dc06dc06b900eff8eff8eff9eff9eff9effaeefaeefbeefbeefcedfceefdeefdeffdeffdf0fdf0fdf0fdeffceffcf0fcf1fdf2fdf3fdf4fdf4fcf5fcf5fbfcfefeff000000000000fefffbfdf4f9f4f9f4f8f4f7f4f7f4f6f3f5f2f5f1f4f1f4f1f4f1f4f2f4f2f4f1f3f1f3f1f3f1f4f1f4f1f4f0f5f0f5f0f5f0f6f0f7f1f8f1f8f1f8
2247,286226490,-39,11,256,1,27,0,b6600b00ff16ff11ff0bfe04fcfefbf8f9f3f6eef4ebf1e8efe7ede6ece7ece9edecefeef2f1f5f5f8f9fcfc0000030307060a090c0a0302000000000000000000000000000000000000fffefefa01f806f60af30df110ef13ec15eb16eb15ec15ed13ef11f10df509f906fe02030008fd0efc13fb18fa1bfb1dfb1ffb20fc20b000f70ef70df70df70df70df80df80ef80ef80ef80ef80ef90ef90efa0dfa0dfa0cfa0cfa0cf90cf90cf90bfa0afa0afa09fa08fa08f908f907fd02ff0000ff00ff00ffff01fe04fb0bfa0bf90bf90bf80bf80bf70cf60df60df50df50df50cf50cf40cf40cf40cf40cf40cf50cf50cf50df50df50df60df60df70cf70cf70b
2248,286236975,-39,11,256,1,27,0,b6600b00f00ff40cf807fc02fffd01f703f204ec04e803e402e201e101e100e2ffe5ffe8ffebfef0fef5fffaff0000050109010d020f000400000000000000000000000000000000000000fe02fb06fb0bfc0ffd14fd17fe1bff1eff1eff1d001c001900160010010b020503ff05f907f409ef0ceb0ee911e813e714e716e816bc00e00ce10be20ce20ce20de30de30ee30fe30fe310e310e410e610e710e810e90fe90ee80ee80ee80de90cea0cec0bed0aee09ee08ee07ed06f902fe0000ff01ff00fffd01f804e80be80ae709e608e507e407e206e007de07dd07dd06de06de05de04dd04dc04dc05dd05de06de07de07de08de08df09e109e209e408e408
2249,286238409,-39,11,256,1,27,0,b6600b00fbe8fceefef400fa03010607090c0d1110141416161718171917181516121510110d0d0909060402fffffbfcf7f9f3f7f1f5fcfd000000000000000000000000000000000000000102050008fc0cf910f514f217f019ee1ced1ced1bed19ee17f113f40ef608f902fbfcfdf5ffef00e900e3ffdfffdefedcfddbfcdab90006ee06ee06ef06ef05ef05ef05ee04ee04ee04ee04ee04ee03ef03f003f004f104f104f104f104f104f204f304f404f504f505f605f606f702fc00ffff000000ff00fffefffbfff200f101f102f103f103f004ef04ee05ee05ed06ee06ee06ee07ee07ee08ed08ee08ee07ee07ee07ee07ee06ee06ee06ef06ef05f005f0
2250,286246012,-39,11,256,1,27,0,b6600b00150110000a000400fe01f902f404ef06eb08e80ae60ce50ee50fe70ee90eeb0def0bf208f706fb03ffff03fd07fa0af80cf603fd000000000000000000000000000000000000ff00fb01f9fef6faf3f7f0f4eef1eceeeaeceaebebebececeeedf1f0f5f4f9f7fefa02fd07000c02120417051a061c061d051f051f04b500191318131713181218121911191119101a111a101b101a0f190e190d180d170d160e160f16101610150f130e110d100d0e0d0e0e0d0f0d0f04050101fffffeffffff02000703150a150b150c140d140f14101512161317151815171516151615151615171618161816171616171617161716171517151714161316121511
2251,286249668,-39,11,256,1,27,0,b6600b00ffe7feedfff300fa02010407070c0a110d151018121a141b141a1418131612140f100c0c080804040000fcfcf8f9f5f6f2f4fcfc00000000000000000000000000000000000000010105fe07fa0bf60ef211ef14ec16ea18e918e917ea15eb13ef10f20cf607f902fcfcfff601f003ea04e504e103df02dd02dc01dbbc0008f008f008f007f007f007f006f006ef06ef06ef06ef05ef05f005f004f104f105f105f105f105f105f205f305f404f405f505f605f606f602fc00ffff00ff00ff0000fe01fb05f406f306f307f308f308f309f20af20af10af10bf10bf10bf20bf20cf20cf20cf10cf10bf10bf10af10af10af109f109f108f208f208f3
2252,286315458,-27,11,128,1,27,0,d55ddd410807020bfa10f814f413f907fefcfc02f904f6fcfa01fc0bfb0800ff00fcfafffd0206030100f4fff603ff0402fd00f7fef7fffe000000000000000000000000000000000000ff02fd0afe08000206fe0403fd0204f90af407f404f400fcff07ff0606040d0208f401ec03ec02eafaf1f603ed05effbfcfc03fd09fb
2253,286335409,-39,11,256,1,27,0,b6600b00f6ebf8effcf400f805fc0bfe100015001a001dfe1ffd20fb20f91ef81bf718f713f80ef909fc05ff0002fd05fa09f70cf60ffd04000000000000000000000000000000000000ff02fd08fa08f508f009ec0ae90be50ce30de30de30de50ce70bea09ee05f202f5fef8f9faf4fceefce9fce4fbe2f9e0f8dff6def5dfa70000eb00ec00ed00ed00ed00ed00ecffecffecffecfeecfeedfeeefeeffeefffefffefffef00ef00ef00f000f100f201f301f302f402f403f401fb00feff0000000000fffefefbfdf1fdf1fef1fef0fff0ffefffee00ed00ec01ec01ec02ec02ec03ec03ec03eb03eb03ec02ec02ec02ec02eb01eb01ec01ed01ed01ee01ee
2254,286370146,-39,11,256,1,27,0,b6600b00f314f60ff90afb04fdfdfef6fff0feeafde5fce1fadff8def7def7e0f7e3f7e6f8eafaeffbf5fefa000002050409070c080f020400000000000000000000000000000000000000fe02fa06fa0bfa10fa15fb19fb1dfb20fa21fa20fb1ffc1cfc18fd12fe0c0006020005fb08f60cf110ed14eb17ea19ea1bea1deb1db700ee07ef07ef07ef07f007f008f008f008f009f009f00af10af20af20af309f309f309f308f308f308f307f407f507f506f606f505f504f504fc01fe0000ff00ff00fffe00fb02f305f305f204f104f104f003ef03ee03ed03ed03ed03ed03ed03ed02ed02ec03ec03ed03ed03ed04ed04ed05ed05ee05ef05f005f005f005
2255,286377733,-39,11,256,1,27,0,b6644b0003150210010aff04fcfff9faf6f5f3f2efefececeaece8ece8ece9eeeaf0ecf2eff4f3f7f7fafcfd0000040208040b050e070301000000000000000000000000000000000000fffffefb00f904f507f20aef0ded10ea11e912e812e911ea10ec0eef0bf308f806fd03020208000d0013ff18001b001d011e02200320ae00fa0ffa0ffb0ffb0ffb0ffb0ffc0ffc0ffc10fd10fd10fd0ffd0ffd0efd0efd0dfd0dfd0dfc0dfc0dfd0dfd0cfd0bfd0afc09fc09fb09fb08fe03ff0000ff00ff00ffff01ff04fd0bfd0bfc0cfc0cfb0cfb0cfa0dfa0df90ef90ff80ff80ef80ef80ef80ef70ef70ff80ef80ef80ff90ff90ff90ff90ff90efa0efa0dfa0d
2256,286381266,-39,11,256,1,27,0,b6600b0012ef0df309f805fd0103fe08fc0efb14fa19fa1dfa20fb21fc21fd20fe1dff1aff16ff11000bff05fffffffafef5fdf1fdeefffb000000000000000000000000000000000000ff01fc04f803f301ee00eafee6fde2fcdffcdefbdffbe1fae3fae7fbedfbf3fcf9fb00fa06f80cf712f417f21aef1bed1cec1dea1de9b50012fb11fb11fb11fb11fb11fb11fb11fa11fa11fa11f910f90ff90ffa0ffa0efa0efb0ffb0ffb0efb0efb0dfc0cfc0bfd0bfd0bfe0bfe0bfe04ff01ffff00ff00ff0001ff04fe0cfb0dfc0dfc0efd0efd0ffd0ffd10fd11fe12fe12fe12fe12ff12ff13ff13ff13ff12ff12ff12fe12fe12fd12fd12fd11fd10fd10fd0ffd
2257,286392985,-39,11,256,1,27,0,b6600b00ee0ef20bf607fa02fdfd00f802f203ed03e803e402e201e100e1ffe2fee4fee7feebfef0fff4fffa00ff01040309040c050f010400000000000000000000000000000000000000fe03fc06fd0a000e021204160519071b081c081c091a08180714070f050a050504ff05f906f407ef08ea0ae70de60fe510e511e512af00e00de10de20de20de20ee30ee210e310e211e312e312e512e611e711e711e811e811e711e710e810e90eea0dec0cec0bed0aed0aed09ec08f902fd0000ff01ff00fffd01f803e908e807e806e606e505e405e306e106df06df05df04df04de03de03dd03dd04de04de05de05de06de07de08de09df09e109e309e408e408
2258,286395060,-39,11,256,1,27,0,966009000ced0af107f604fc02010107000d01120216031a041c051d061d061b071906160513040e03090105ff00fdfcfaf8f8f5f7f2fdfc000000000000000000000000000000000000ff01fd04fa03f502f100ed00e9ffe6ffe3fee2fee3fee4fee6feeafeeffef4fdf9fcfefa04f809f60df311f013ed14eb15ea15e814e7ad001cee1bef1bef1aef1bef1aee1bed1bec1beb1aeb1aeb19eb17ec16ec16ed16ed16ee17ee17ee17ef16f015f113f312f412f512f512f612f706fd01ffff00fe00ff0002fe06fb13f214f214f315f416f418f419f41bf41df41ef41ef41ef51ef51ff51ff520f520f51ff41ff41ff31ef31ff21ef21df11cf11af219f219f3
2259,286398442,-39,11,256,1,27,0,96600900fc19fc13fd0dfd06fcfffaf9f8f3f5eef3eaf0e7ede5ebe4eae5eae7ebe9edebf0eff3f3f7f7fbfb00fe040208050c070f090302000000000000000000000000000000000000fffe00fa04f909f80ef712f616f41af21cf11df11df11cf219f316f511f70cfb07ff0303ff08fb0df813f618f61cf61ef620f722f722b400f40ff40ef50ef50ef50ef60ef60ff610f610f710f711f810f810f80ff90ff90ff90ef90ef90ef90ef90df90cf90bfa0bfa0af90af909f909fd03ff0000ff00ff00ffff01fd03f709f609f609f509f409f409f309f20af10bf10bf10bf10af10af10af00af00af00bf10bf10bf20bf20cf20cf20df30df40df40cf50bf50b
2260,286407264,-39,11,256,1,27,0,b6600b0011110d0d09090305fd02f700f1feecfde7fde2fddffeddffdd01df02e102e403e802ee02f301f900fffe04fd09fb0dfa10f904fe000000000000000000000000000000000000fefffbfcfdf9fff401ef02ea03e604e305e005df05e005e105e405e804ed04f304f905ff0605080b0b110e161019121a141b161c171cb60007110710070f070f070f080f0810091009100a0f0a0f0a0e090e090d090d090d090d090d090d080d080c070b060b060b050a050a040a040a01030001ffffffffffff00010104050c050c040c040d040d030e030f031003110311031103110311031103110312031203120311041204120412051205110610050f050f050e
2261,286415971,-39,11,256,1,27,0,1663310006ea04ef03f403fa03000406050b071009140b170d190e1a0f1a0f180f160d140b10080c05080204ff01fbfdf8faf5f8f3f6fcfd0000000000000000000000000000000000000001fe04fb04f604f205ee05ea06e707e507e408e407e506e706eb05ef04f301f8fffdfb01f805f408f00bec0ce80ce60ce40ce20be2aa0014e513e613e612e612e512e511e411e411e311e311e210e30fe30ee40ee50ee60fe710e710e710e810e90fea0eec0ded0def0ef00ef10ff205fb01feff00ff01ff0001fd03f90bec0cec0eec0fec10ec11ec12eb14ea16e916e916e916ea17ea17ea18ea18ea18e918ea17e917e916e816e816e715e814e813e912e912e9
2262,286421296,-39,11,256,1,27,0,b6600b00eb08ef06f504fa00fefd03f906f409f00bec0ce80ce50be40be30ae408e607e906ec04f002f501fa00ff0004ff08ff0cfe0fff0400000000000000000000000000000000000000ff04fd06ff0a020d051108140a160c180e190e180e170e150d120b0e0909070405fe04f803f303ed03e804e505e306e208e109e109b400defcdffde0fde0fde0fde0fddffedfffde00de01de01df01e101e201e201e301e301e300e300e3ffe4ffe6fee8fee9fdeafdebfcebfbebfbf8fefdff000001ff0000fd00f700e700e7ffe7fde6fce5fbe4fae3fae2f9e0f9e0f8e0f7e0f7e0f6e0f6dff5dff5dff5dff6dff6dff7dff8def9def9dffae0fae2fae3fbe3fb
2263,286425320,-25,11,128,1,27,0,188aa141f7f4080116030ffd03f6fcfdf70c050618f615fb0afd03f603f203ef02f103f600fbfc01f702f6fcfdfbfd01f903fefd07fc02ff00000000000000000000000000000000000001000303fc06fa0dfd0afdfffbfefefefcf9f0fce802f401010bfb14f400eff4f400030b0112fb0d020309050b0402f6fcf5091a154f
2264,286427541,-39,11,256,1,27,0,b6600b0016fc10fc0bfe06010004fb07f70bf40ff113f017ef19f01bf11bf21af419f616f812fa0efc09fd04fffe00fa00f500f101ef00fb000000000000000000000000000000000000fe00fa00f8fdf6f9f4f5f2f1f0eeeeebede9ece8ede9eee9efebf2eef5f1f9f5fef803fb08fd0eff130018001c001eff1ffe20fd21fcaf001105100410041004100410041004100311031003110310020f020f020e020e030e030e030e030e030d030c030b030a030a0309040904090403010000ffffffffffff01ff04000c000c010c020c020d030d030e040f041005100510060f060f060f061007100710070f070f06100610061006100610050f050f050e050e05
2265,286428888,-39,11,256,1,27,0,b6600b00fb16fc11fd0bfc04fbfffaf9f7f4f4eff1eceeeaebe9eae9e9e9eaebebeeedf0f0f3f4f6f8f9fcfc01ff050109030d0410050401000000000000000000000000000000000000fffe01fa04fa09fa0ef912f915f919f81cf71cf71cf81bf819f915fa11fc0cfe07020305ff09fb0df812f617f51af51cf61ef61ff71fb300e81be919e919e919e919e919e91aea1bea1ceb1ceb1cec1ced1bee19ee19ee18ee17ed17ed17ed16ed14ee13ef11f010f00fef0eef0def0cfa04fe0100ff00fe00fffe02fb07f315f215f014ef14ee14ed15eb16e917e718e618e617e617e616e616e517e417e417e516e516e517e517e518e518e618e818e917ea16ea15
2266,286447351,-39,11,256,1,27,0,b6600b00e8f9edfbf4fcfbfd01fd08fd0efc13fa18f81bf61ef41ef21ef11cf11af217f313f50ff70af905fc00fffb03f706f408f10afc0200000000000000000000000000000000000001ff0500070408090a0e0b120d160e1a0f1c0f1d0e1c0d1b0b1909150610030cff07fa02f6fdf1f9ecf6e7f3e4f2e2f2e0f3def3ddf3ad00f6f1f6f1f6f1f6f1f5f1f5f1f5f1f4f2f4f2f4f2f4f2f4f2f4f3f4f3f5f4f5f4f6f4f6f3f6f3f6f3f6f3f7f4f8f5f9f5faf5faf5fbf5fbf5fefcfffe000000000000fefffcfcf6f6f6f5f6f5f7f4f7f3f7f3f7f2f7f1f6f0f6eff7eff7eff7eff8eff8eff8eef7eef7eef7eff7eff7eff7eff7eff7eff7f0f7f1f7f1f7f2
2267,286460355,-39,11,256,1,27,0,b6600b00f714f910fb0afc04fdfefdf8fdf2fcedfae9f8e5f6e4f5e3f4e3f4e5f4e7f5e9f7edf9f1fbf6fdfb00ff03030507080a090c0203000000000000000000000000000000000000fffe00fb04fa09f90df912f815f719f71cf61cf61cf61af718f815f910fb0bfe06010104fd08f90cf510f214f117f019f01bf11df11db200e514e613e613e613e613e614e614e715e616e616e716e816e916ea15eb14eb14eb13ea12e912ea11ea10eb0fed0eee0cee0bee0aee09ed09f903fe0000ff00fe00fffe02fa06ef12ee12ed11ec11eb11e911e811e612e412e312e311e310e310e20fe10fe10fe110e210e210e211e311e211e311e311e511e610e710e80f
2268,286464083,-39,11,256,1,27,0,b6600b0004180312020cff06fc00f9faf5f5f0f2ecefe8ece6ece4ece3ede4eee6f0e8f2ebf5f0f7f5fafbfc00ff050109020e0311040401000000000000000000000000000000000000fffefefa01f706f40af10def11ec14e916e716e716e815e914eb11ee0df30af807fd04030209000fff15ff1aff1e0020012202240324ba00f911fa10fa10fa11fa11fb11fb11fc11fc12fc12fd12fd11fd11fd10fd10fd0ffd0ffd0ffd0ffc0ffc0efd0dfd0cfd0cfc0bfc0bfb0afb0afe03ff0100ff00ff00ffff01ff04fc0dfc0dfb0dfa0dfa0df90ef90ff810f810f711f710f710f60ff60ff610f610f610f610f710f710f710f711f811f811f910f90ffa0efa0e
2269,286471652,-39,11,256,1,27,0,b6600b00120f0e0c09080405fd02f700f0ffebffe6ffe200df02de03de05e006e206e506ea05ee04f403fa01ffff04fd08fb0cf80ff703fd000000000000000000000000000000000000fefffafcfcf8fdf3ffee00e901e502e102de02de03df03e003e203e703ed03f304f9060008060a0b0d111015131815191719191a191ab10007110710071007100710071008100810081009100910090f080e080e080d080e070e070e070e070e060d050c040c040b040b030b030a020a00030001ffffffffffff00010203070b070b070c070d060d060e060f061006110611061205110511051205120512051205120512051205120612061206110610060f050f050e
2270,286471979,-39,11,256,1,27,0,b6600b0001180113000cfe05fcfff9faf5f4f2f0eeedeaebe7eae5eae5ebe6ede7efe9f1ecf3f1f6f6f9fbfc00ff050109030d0410050401000000000000000000000000000000000000fffefef902f707f50cf310f014ee17ec19ea1aea19eb18ec16ee13f00ff40bf907fe0304010afe0ffc15fc1bfc1efd20fe22ff240024b200f911fa11fa10fa10fa11fa11fa11fb11fb12fc12fc12fc11fc10fd10fd0ffc0ffc0ffc0ffc0ffc0ffc0efc0dfc0cfc0bfc0bfb0bfb0afb0afe03ff0100ff00ff00ffff01ff04fd0dfc0dfb0dfa0dfa0ef90ef90ff810f811f711f711f710f710f610f610f610f610f610f610f710f710f711f811f811f910f90ff90ff90e
2271,286474690,-39,11,256,1,27,0,b6600b0007170612030c0006fc00f8fcf3f8eef4eaf2e6f1e3f1e1f1e0f2e2f4e4f5e6f7eaf8effaf4fcfafdfffe05ff09000e0011000400000000000000000000000000000000000000fffefdfa00f704f408f00bed0eea11e713e513e413e512e711e90eec0bf109f706fc04020309020e0215021a031e0520062107220822b100f811f910f910f910f910fa10fa11fa11fa11fb11fb11fb11fc10fc10fc0ffc0ffc0ffc0ffb0ffb0efb0efc0dfc0cfc0bfc0bfb0afb0afa0afe03ff0000ff00ff00ffff01fe04fc0dfb0dfa0dfa0df90df80df80ef70ff610f610f610f60ff60ff50ff50ff50ff50ff50ff50ff610f610f610f610f710f710f80ff80ef80e
2272,286476734,-39,11,256,1,27,0,b6600b0000e700ec00f201f903ff0605090b0c100f141316161717171816181517131511120e0d0a09070404ff01fafef6fcf2faeff9fbfe00000000000000000000000000000000000000010005fc07f708f20aee0cea0de60fe410e311e410e50fe70eea0cef08f304f800fcfbfff602f005eb06e607e206df05dd05dc04dbaf0008ee07ef07ef06ef06ef06ef06ef05ee05ed05ed05ed04ee04ef03ef03ef03ef03f004f004f004f004f104f204f304f304f404f405f505f501fc00feff00ff00ff0000fe01fb05f305f306f307f307f308f208f209f10af00af00af00af10bf10bf10bf10bf10bf10bf10bf00af00af009ef09ef09ef08f008f007f107f1
2273,286476946,-39,11,256,1,27,0,b6600b000a150811050b0106fc01f7fdf2f9edf7e8f5e4f4e1f4e0f5dff6e0f8e2f9e5fae9fbeefcf4fdfafefffe05ff0aff0efe11fe04ff000000000000000000000000000000000000fffefcfafff803f306f009ec0ce90ee610e410e310e410e50fe70ceb0af008f506fb05010408040e05140619071d081f0a210b210c21ad0000120011001100110011011101120212021202120312031103100310020f020f020f02100210020f020f010d010c010c000c000bff0bff0bff04ff01ffffffff00ff00010004000d000dff0dff0efe0efe0ffd0ffd11fd12fd12fc12fc11fc11fc11fb12fb12fb12fc12fc12fc12fd12fd12fd12fe12fe11fe10fe10fe0f
2274,286496057,-39,11,256,1,27,0,b6600b00edf3f1f6f6f9fcfb02fd07fe0dfe12fe16fd1afc1cfa1df81df71bf719f616f713f80ef90afb05fe0000fc03f805f508f30afc02000000000000000000000000000000000000010004030306010aff0ffe13fd16fd1afd1cfd1dfc1cfc1bfc18fc15fd10fc0bfb06fa00f8faf6f5f3f1f0ededebeceaeaeae8eae7eab100f2e0f2e1f2e2f2e2f1e3f0e3efe3eee3ede3ede4ece4ece5ece7ede8ede9ede9eee9ede8ede8eee8efe9f0eaf2ecf3edf4edf5edf6edf6ecfcf9fffd000000010000fffdfdf7f8e8f8e7f9e7fae6fae5fbe5fbe3fbe1fbdffbdefbdefcdffcdffcdffcdefcddfbddfbdefadef9def8def8def7def6dff6e1f6e2f6e4f6e4
2275,286508137,-41,11,256,1,27,0,b6600b000eeb0bef08f505fb04010307030e04130518071c091e0a200c200c1e0c1c0b180a140710040a0105fe01fafdf7f9f4f6f2f4fcfc000000000000000000000000000000000000ff01fc04f802f400effdeafce7fbe3fae1fae0fae0fae1fae4fae8fbedfcf2fbf8fbfef905f70af50ff213ef15ec17e917e717e516e5b40011f711f711f711f611f610f610f50ff50ff50ff50ef40ef40ef40ef40ef40df40df50df50df60df60df60cf70cf70bf80bf80bf90cf90cfa04fe01ffff00ff00ff0001ff04fd0dfa0dfa0efb0efb0ffb0ffb10fc10fc11fc12fc12fc12fc12fc12fc13fc13fc13fc13fb12fb12fa12fa12fa12fa12f912f912f812f812f7
2276,286512614,-41,11,256,1,27,0,b6600b0017fa12fb0cfd07000103fc07f80cf510f214f018f01bf01df11ef21ef31cf519f715f910fa0bfc05fefffffafff500f100ed00fb000000000000000000000000000000000000fe00fa01f8fef5f9f2f5f0f2edeeebece9eae8e9e8e9e9eaececefeff3f2f7f5fcf802fa08fc0efe13ff19ff1dfe20fd22fc22fa22f9ad0011041204120412041204120411041104110411031103110311031103110311031004100410040f050e050e050d050c050c050b060b060b0703020100ffffff00ffff01ff05ff0e000e000f010f020f020f031003100411041105110511061106110711071107110711071107110611061206120612051205120512051205
2277,286529489,-41,11,256,1,27,0,b6600b000b150910050b0106fb02f6fef0fcebfae6f9e2f9dffaddfbddfddefee1ffe400e900ee00f400faff00fe05fd0afb0efa10f804fe000000000000000000000000000000000000fffefdfa00f704f408f10ced0fea11e712e513e413e412e611e80eec0cf009f607fc05020508050f0514071a081d0a1f0c210d210e20a800fd13fd13fd13fd13fd13fe13fe13ff12ff12ff1200120012001200120012001100110011ff10ff10ff0fff0fff0eff0dfe0dfe0dfd0dfc0cfe04ff0100ff00ff00ff0001ff05ff0ffe0ffe0ffd0ffc10fc10fb10fb11fa12fa12fa12f912f912f912f912f813f913f913f913fa13fa13fa13fa13fb13fb13fc14fc14fc14
2278,286538086,-41,11,256,1,27,0,b6600b000d140a0f060a0106fc02f6fef0fcebfbe7fae2fbdffbdefdddfedfffe100e501e901ef01f400faff00fe05fd0afc0efa11f904fe000000000000000000000000000000000000fefefcfafff702f305ef08eb0ae80ce50ee30ee20ee20de30ce60bea09ef07f506fb06010608060e071309180b1c0d1e0f1f111f111eb60005120512061206120611061106110711071007100710070f070f070f070f070f070f070f060e060e050e050d040d040d030d030c020c020c00040001ffffffffffff00010204060d050e050e040f040f04100410041103120312031302130213021302130213021302130213031303130313041304130412041204130413
2279,286538301,-41,11,256,1,27,0,b6600b000914060f040a0005fc01f7fef3fbeff9eaf8e6f7e4f7e2f8e2fae3fbe5fce8fdecfef0fef5fffbff00fe04fe09fe0cfd0ffc04ff000000000000000000000000000000000000fffefdfa00f804f507f20aef0dec10ea11e911e811e810e90feb0def0bf209f706fc05020407030d04120417061a071c081d0a1e0b1db400f721f721f721f821f921fa20fb20fc20fc1ffc1ffd1ffd1ffe1ffe1ffe1efe1efd1dfd1dfd1cfc1cfc1bfc1afc18fb17fa16f916f915f815fd07ff0200ff00fe00ffff02fe09fc1afb1af91af81bf71bf61bf51cf41df31ef21ff21ff120f11ff11ff01ff01ff01ff120f120f220f320f320f420f421f421f521f621f621
2280,286539440,-41,11,256,1,27,0,b6600b00eafceffcf5fdfbfd01fc06fa0bf80ff512f314f015ed16eb15eb14eb12ec10ed0df009f406f703fc0000fe04fc08fa0cfa0efe030000000000000000000000000000000000000100050105040509050d061207160719081b081c081b071a071806140410010cfe07fa03f7fef3fbeff8eaf6e7f5e4f5e2f6e2f6e2f7ac00e8e7e7e7e7e8e6e8e6e9e6eae6eae6ebe6ece6ede5eee5eee4eee5efe5efe6f0e7f0e7f0e8f0e8f0e9f0eaf0ebf1ecf1edf1eef1eff0f0f0fafafefe000001010000fdfef9f8edecedebeeeaeee8eee7efe6eee6eee5eee4ede3ede2eee2eee1eee1eee1eee1ede1ede2ece2ece3ebe3ebe4eae4eae4e9e5e9e5e8e5e7e5
2281,286539649,-41,11,256,1,27,0,b6600b0008e806ee04f403fb03010408050e07130a170c1a0e1c101d111c121b111810150d110a0d07080304fe00fafcf6f9f3f7f0f5fcfd000000000000000000000000000000000000ff01fd05f905f404ef04ea04e604e205e005de05de05e004e303e703ec01f2fff8fdfefa03f608f20bee0ee910e511e311e110e00ee0aa000ff40ff30ff30ef30ef30df30df30df20cf20cf20bf20bf20bf10af10af20af20af20af30af30af409f409f409f509f509f609f609f709f703fd01ffff00ff00ff0001fe04fc0cf70cf70df70ef80ef80ff80ff810f810f811f811f812f812f812f812f812f812f812f812f711f711f611f611f610f510f510f510f410f4
2282,286547335,-41,11,256,1,27,0,b6600b00e707ed05f303f8fffefb03f707f20aed0ce80de40de10ddf0bde0adf08e107e405e904ee02f402fa01000106010b010f0112000400000000000000000000000000000000000001ff05fe07010a060c0a0f0f121214151617171817181517131510120d0f080b0208fc05f603f001ea01e501e002de03dc04db06dc07af00ecfeebfeebfeebfeebfeecffecffec00ec00ed00ed01ed01ed01ed01ed01ed01ee01ee01ee00ef00effff0fff1fff1fff2fff2fef2fef2fdfbfffeff000000ff0000fe00fa00f0fff0fff0fef0fdeffceffceefceefbedfbedfbecfaecfaecfaecf9ecf9ecf9ecf9ecfaecfaecfaecfbebfbebfbebfcebfcebfcebfcebfc
2283,286592876,-22,11,128,1,27,0,14400141ff04fd06fd06ff05ff08ff08fe05fd06fe07ff06fe05fe05ff030002000301040103010301040004ff04ff04ff04ff03ff03ff00000000000000000000000000000000000000ff01fe04fe04fd04fd04fd03fc03fc03fd03fd03fd03fe04fd04fd05fd06fd07fe08ff06ff04fd03fa05fa05fc03fd04fd05fe04fe05
2284,286633369,-25,11,128,1,27,0,9ff0094101f903fa040309ff0cfb0700fd06fd0bfe0cfd02fff401f200fc0001040100fefbfbfefb00fdfefffe0001000202ff02ff010000000000000000000000000000000000000000fe03fb0afd01fbfdfcfafffaff040109070a080a050407030d050efe03fafd010109070d090707fb09f20af80008f710fe0f050dfd0a
2285,286649712,-73,11,128,1,27,0,0ee00041c359c545d128ec18f917f609eae9d9d1cccbc6c4cab7c8b5aea9999e93b09ebfb6c8cedaede7fae900ef10f71af821f60feffefa00000000000000000000000000000000000005f719ed1e041e10201923282833333540394f43564551483b3c291a21110d170319031bec1acf1bbd24b229a1359a46a73fb035a748
2286,287158341,-28,11,128,1,27,0,60022641fafa0407030eff09fe0a030f0511000c000b020bfdfff9faf9fffefd06ff050504fc05f404f402f7fffbf9faf4fdf80001fb01fd00000000000000000000000000000000000000fafeebf7f0f7f7fdfbfefcf6feed00effcfb000c0b0f0101ecf5ecf1faf9ff02fa00f9fef5fcf3f500f110f306fcf009f60a090202
2287,287167430,-25,11,128,1,27,0,144001410aed0ced0df00bee0bed0eee0ded0cea10ec14f210f408f305f402f701f303f201f4fff6fef5fef300f200f301f402f503f600fd00000000000000000000000000000000000003000d030d030d050d060c060c050f050f050e040c010c0113ff17ff16fd15fa14fb15fd16fd17ff17011303150319fc15fc0f050d07
2288,287212313,-25,11,128,1,27,0,14400141fc1af61bf320f624f81cf415f115f515f70ff70cf70efa0b000404040408060a0709060b060c060d060d070c060b050a040a0002000000000000000000000000000000000000fcfdf3f6f3f5f2f5f2f5f4f5f5f7f5f7f4f7f4f8f2fbf0fbecfde603e403e7ffeb01e802e4fde4fde404eb04f103ec06ed07f106ea02
2289,287246590,-26,11,128,1,27,0,6eeaa64104030505060e000eff0903080204fffffbfdf6f5f9f203f706fe080707090200fefbfdf8fef80100030505fe07f902fefc00feff000000000000000000000000000000000000fffd00fa0405050508fd0bfc0b03090a030afe08f907f602fb000000fff9f6f5edfcf6080811130d100109fb0af910ef0fec0bfa0903
2290,287263951,-73,11,128,1,27,0,0ee00041b24ab837d022ed18f410f6faf7e0ecd3e0d1e1c4e8ade5a0cec8b9f8b6ccc1a4cfb2d8ceeee707ea14f21cfe220123050dfdfefd00000000000000000000000000000000000003fa14f51b0a1f1b242827352c3a383544374a414e4450474139271c151afd1ef317f317db17c119b41faa2397268d289728a1309a43
2291,287265430,-29,11,128,1,27,0,deeddd410afa1a030a0ef715ef0cebfedffddefde6fdee0300080309f406f304fe000cfd0b00f703f5ff00fa00ff0202fdfdf4f9f8f1fffb0000000000000000000000000000000000000207080d05f1fcf0f601f903fef906e80fe112ef11f60cf80302030511fe0fef00e500f30603090a000cfa1502240525030a02f1f2ef
2292,287347967,-25,11,128,1,27,0,cbb44c4119ef1cf414fd0e040906020302ff01fbfbf9f6f8f5f7f3f9f6fbfffd0304000902010afd0a05050601ff0002010602fd04f201fc000000000000000000000000000000000000000002ff06fd05fcf8f9f7fd070314070f0cff0dfb0c060a070500030808120208f6fcf5fdf7fbfbf202eefcf2eff9f2fcf8fcf5f8eb
2293,287368294,-73,11,128,1,27,0,200002413aaf38be2bd612e608f009001218202628252c332c493552505b5e5f5d51554143362f2712180018f712eb09e409e006ef05ff01000000000000000000000000000000000000fd06f112e6ffe1efd9e5d2dbcdd2c1d2b8cfafcba6cfa7cdbed3d7eae2ebf4e1ffe101e218de32d73ed245d054c75dbd57c14fc253af
2294,287791717,-26,11,128,1,27,0,e99cce4103ff01f4fdebffef00fffe0501fa06f70201010501fcfefd010c0210ff0bff08010502ff00fe0003050104fdfffb00fb02fd00ff000000000000000000000000000000000000fdfff4fdf8fb01fd030402fffafbf101f308f808fdfc04f707ff090c030af8faf4f4f3f4f2f2f5f9fa03f904f201f300f803f50bed13
2295,288186635,-27,11,128,1,27,0,f9922f41f9050a1516220d13f7fdf1fef8fd02f103e9fcee03000a0c050f09090d060a0a01fffdf305f507fdfd01f90203070508fc00fdfe00000000000000000000000000000000000001fb01edfef0fffffb09050a140b110408f607f70e04130913010c02030f010cfb09ec0ee204eef602ed0beefaf2f1f1fbf3f701f319
2296,288493984,-28,11,128,1,27,0,7cc11741effafb01fa0bf910ff0a05fd0cf50dff09080606fe07fd0d0309020001fe02fdff00fa05f805fa01feff02fd02fafbf9f8fdfe00000000000000000000000000000000000000fb01ef05f200f500fc05fd01fbf7fbfefc0cfd0ffd0afcfffcf906fd0bf803f3fffbfbfdf3f6f3f3fbf0feeffef403fb11011b07160e
2297,289363832,-26,11,128,1,27,0,89911841ee01e8f5ecf3f1f1f5f2fb01010dfb0bf304f702f909fd090203fa02faff03fc02fcfefe02fd06fbfdfdf501fb080105fcf9fefd00000000000000000000000000000000000000000004fd02fafbfcfcfd02fd06020005fb02f4fcf4f704f90dfe0bfd05fffe05010108000206fc00fefafb09fb1afc10f5fcfaf207
2298,290537922,-72,11,128,1,27,0,1440014156a05893549e54b25bba5ebe58c046bd42b449b940ce29d415ca0db90cb007b105b20ab711bd12ba14be19cf13d713e01cf107fe0000000000000000000000000000000000000900200916111a0d1a0818091f0a1e0c130a16032ef541e342e145e44ee752e95ae055da44e143eb48f75003550150f15cdb6bd168d4
2299,291847294,-91,11,128,1,27,0,4ff11441f7fcf9fefb00fd01fb01f900f903fa06fa05f701f4fff3fdf5fdf6fdf6fcf9fcfafcf8fefa00fdfffcfefbfffa01fa03fa03fe00000000000000000000000000000000000000ff00ff02fe02fc02fb04fa06f907f906f903f801f8fff8fdfbfefd00fc00fb00fdfffcfff902f905f704f605f703f500f200f200f4ff
2300,291937149,-92,11,128,1,27,0,544ff541ff02fe03fe0300020003fd04fd040002000100020101010001fe02fe0100000000ff00ff00000001000000ff01ff01fffd02ff00000000000000000000000000000000000000ffff00fc03ff05020501ff02f508ef08f802ffff05020c050805ff02fdfcfcf9fefdfe00fd03fe070304060006ff04000501060001fd
2301,292154689,-93,11,128,1,27,0,4ff1140003f702f8fffafbfef8fff7fef8fff900f9fef7fdf7fcfafcf8fdf4fef4fef6fff700f901fb02fe010001ff01fd02fd03fe03ff00000000000000000000000000000000000000010003010201030004ff0400050105010601070009000900070206010400020003fd02fb01fbfffafef9fdf6fff401f301f102f103f1
2302,293535370,-92,11,128,1,27,0,5555554100feff02ff05ff04fe02fd01fd00fefefffdfd01fd02fefefefefe00feff00fe01fe01000001ff02000100ff00fd00fc01fc00ff0000000000000000000000000000000000000000ff00ff01ff02fe00feff06fd0efb08fb00fdf902f006f504fe00ff00ff00fffe00fe0000ff0100010001000001fc03f704f401f8
2303,294100234,-92,11,128,1,27,0,4ff11400fd09ff05010302010301040005fe07fc08ff0a020a0209010a010b01090106ff04000202000101fe02fc01fa01f8fff7fff800fe000000000000000000000000000000000000ff00fffffffcfdfbfcfbfbfcf9fcf7fcf8fef7fef7fdf9fcfafafbfafbfbfbfdfcfffe02fd04fe04ff05fd05fb08fc0bfd0bfd0bfc0b
2304,295124191,-93,11,128,1,27,0,4ff11441fb08fa06f905fd040104030503060307040605070409030b010aff08ff0700070006ff04fe04ff030002000201030504050601010000000000000000000000000000000000000001010402040003fd01fa03f904fb05fc04fb03fa02f901f900fa01fafff9fffb03ff06020401050007010a010bfc0cf90ffb0efa0d
2305,295533821,-92,11,128,1,27,0,4ff114410bfc05fc02fc03fc02fb00f9fef6fff7fff9fcf7fcf6fcf8fdf8fff700f9fffafffc00fd00fcfefcfdfefcfefafff900fa01fe00000000000000000000000000000000000000fffffefeff0100030203030402060107000601060109000aff08fe0500040305030504030503040005fc06fb07fa0bf90ef90efb0cfc
2306,296144038,-92,11,128,1,27,0,e9922e41010200020003010002fe020102010100fffefd00fc01f9fff9fdfbfc00fc06ff0402fefdf9f9f9fdfe01020000fcfefdfc02fe0000000000000000000000000000000000000000010002fffffeffff01020308050c050501fffffb05f60afc07010201010001fd01fb00fefe02fe03fe04fd05fe04010302000000fd
2307,296353439,-92,11,128,1,27,0,4ff1144109f904f901fa01fa00fcfcfcf9fafaf9fbf8f9f7f8f6fdf901fb00fafdf8f9fbf5fdf9fcfffb00fcfffdf9fff601f800fcfcfffe000000000000000000000000000000000000ffff00fe01fd03fc04fd04fe04fd06fc08fc09fe09ff0800050003fe03fe04fd04fb00fcfffd00fa00f901fa02fa04f706f306f106f2
2308,298298675,-94,11,128,1,27,0,4ff11441fa00fb03fd05ff0600060007010901080107020a020c010d000b00080004ff040006020502020200030003ff03ff040004020100000000000000000000000000000000000000ff00fefffefefdfdfbfbfafafafbfafcf9fbf9fafbfafefa01fc00fdfcfdfafff901f902f901f8fffb01f903f403f203f201f1fef3fd
2309,298708295,-93,11,128,1,27,0,4ff1144100f800f6fdf9fbfcfbfbfcfbfafdf7fff600f6fff6fef6fdf6faf6faf8fcfbfffcfdfbfcfcfffd01fd01fc01fc02fd03fc03fe00000000000000000000000000000000000000fffffffe01fe03fe03fd02fb02fb04fb05fb05fb04fb05fc05fe04ff02fefffffd01fe00fefefefbfbf8f9f5fdf4fff4fdf5fef701f8
2310,298913093,-93,11,128,1,27,0,4ff11441f7fbf6faf8fbf8fcf8fff903fa05fb07fc0afb0afa07f904fc03fc04fa05fa06fa05fb04fc03fe03000300020203030504060001000000000000000000000000000000000000fffffdfdfdfbfffb01fb00fafff9fffcfefdfdfbfff902f904f904f904fa02fa01fa00f9fefcfdfdfafbf8fbf7fbf8fbf5faf4faf8f8
2311,299732320,-93,11,128,1,27,0,4ff1144105fa04fc04ff02fefffbfefcfdfbf9faf6f9f6f8f6f7f8f8f9fafafbfafcfbfefc00fc01fb00fb00fc02fb03fb02fc03fc04fe00000000000000000000000000000000000000ff00ff0101030303030303050308020bff09ff0700070006ff0500040104000100fd01ff04ff07fd0afc0bfb09fb09fc09fd0afe0cff
