sequence,timestamp_us,rssi,channel,csi_len,flags,queue_drops,label,csi_hex
0,2616149,-93,11,128,1,0,0,4ff114000efd0efb0dfd0d000b0009010b030a04050004fd04fc05fa05fc00fcfef8fef7fff802fa04fa05f805f703f702f803fa04fc01ff000000000000000000000000000000000000fe00fa04fa04fb03fb03fd02fe03fe04fe04fe04020505050408030b020d030b020c030c0309010a030b03090006ff06020604030300
1,2923242,-91,11,128,1,0,0,4ff114000af408f309f509f909f80bf609f906fc03fb03fb01fbfffbfffafefafdf9fcf9faf8faf6fcf2fcf3fcf7fcf9fef800f901fb00ff00000000000000000000000000000000000000010207010702060102ff02fe03ff03020303040603080208030a020c020d060c07070605060807090608060707040401fd00f9fff7
2,3332900,-94,11,128,1,0,0,4ff1140003ef03ef02f203f301f102f005f301f5fdf5fcf7fcfafcfcfdfffb01f800f6fff502f602f6fff6fdf7fcf8fdf9fdfbfefc01ff00000000000000000000000000000000000000000202070005fe05fd06fd04fe03ff0302020302050208020a030b040d030d020b030b050b030b020a03070405040602060002fdfff8
3,5306133,-28,11,128,1,0,0,a00aaa4116ff0c00f702f207f206f206fa0607030a04fe06f602fcff05fe0cf907f7fcfcf804f903fcfb00fb0201fffef9fcfe010a020400000000000000000000000000000000000000fd01f607fb080106fe02f606fb07060305fd00f3fcf0f8f9fd0400fdf6eff1eff6f7fc0004fd09fb080b07170013f400f9f80101f202
4,6097775,-91,11,128,1,0,0,4ff11400fef301ef02eefdf1fbf1fff203f603f602f5fff600fb00fefffefcfffa00fafef9fef9fdf9fcf8fcf8fcfbfbfdfbfdfcfcfcfeff0000000000000000000000000000000000000100060304020402040103010402050105fe03fd03ff04fc04f906f908f90bf90ffa0ffa0bfc08fc05fc06fb09fb07fc02fbfdf8fafa
5,6176053,-92,11,128,1,0,0,477114000e04110711070f070e040b0109020a0108fe05fd03ff03fe03fc03f902f702f606f708fa06fc06fc05f903fa02fd01fd02fd00ff000000000000000000000000000000000000fe02f907fa03fa01f900fcffff00000101030004fe06fe07ff09000bff0afe08fc09fa0bfb0cfc0bfe09ff0500030005ff0600050404
6,6712144,-91,11,128,1,0,0,4ff11400ff0e000f01100110010e030c040a0208ff07ff04020103fd02fc01fc04fc07fc08fa08f806f704f702fa03fb03fb02fb01fa00fe00000000000000000000000000000000000001ff06ff05ff05fe06fe08fd06fd02fefefffdfefefefcfdf9f9f8f6f9f6faf7fbf8faf9f8faf8fafaf9fcf7fdf8fffc01ff0102ff07
7,6814508,-92,11,128,1,0,0,4ff114000f0013011201120112010f020c030a0207030503050005fe02fefffd00fb04f908f709f706f705f905fc05fd04fc05fc05fe01ff000000000000000000000000000000000000fe01fb05fd04fd03fe02fe00fe01fe040004030303020202040405040506040a030b030a030804090309030806070405000403050803
8,7326681,-93,11,128,1,0,0,4ff114000bfa0dfd0ffd0dfa0bf90cfb0cfd0bfc07fc05fc05fa03f703f804f803f704f805f805f806f606f504f604fa04fc03fc03fe00ff00000000000000000000000000000000000000010305040404050505060404030103020204ff03fd03fc09fd0cfd0cfc0dfc0fff0f040d090b060a0108ff06ff0602080103fcfff7
9,8453082,-90,11,128,1,0,0,4ff11400f8f6f4f3f5f0f8f2f9f6f7f6f5f6f6f9f9f7faf7fbfbfcfdfdfbfcfef802f707f809f807f903f904f705f703fa01fcfffcfeffff0000000000000000000000000000000000000101040304030405030601040003010202fe02fc03fc05fa07f908f909f609f209f10af509fa06fa07f805f801f702f601f8fcf8f8f6
10,9272222,-91,11,128,1,0,0,4ff1140007f507f40bf70bfa0af90af90afa08f706f603fa01fbfffbfbfdfafcf9f9f7f9f7f9f7f9f6faf7fbf8fbf8fbfafcfcfcfcfbfefe000000000000000000000000000000000000fd00f802fa01f9fff9fef9fefa00fe00010002010303020402060308040a040a050805060507040a030a030605010500040203ff06fe
11,9784219,-89,11,128,1,0,0,4ff11441fc10fe120014fe14fd12fd11fd0dfd0afc09fe06000203010701080209010801080009fe0900060207010800080107010601010000000000000000000000000000000000000000fd00f7fdf9fdf900fa02fcfffcfcfdfbfffa00fafff900f701f500f501f401f201f101f201f3fef6fdfa00fc01fefefafef503fb09
12,9989433,-91,11,128,1,0,0,4ff11400f5f3f5f2f6f2f8f2f7f3faf3fef5fdf7fcfafcfdfbfefa01fc05fe05fa04f705f704f604f605f804fa03fb03fb04fd03ff03000000000000000000000000000000000000000001010605060403030103020405040603050204fe04fc05fc06fb09fb09f90af70df90ef70df50bf608f907fc05fc03fd01fb00f702f7
13,11115467,-93,11,128,1,0,0,4ff114000aef09f008f309f509f60af609f807fa07fb05fd03fd00fbfaf9f8f8f9f8faf8f9f6f8f4fbf4fff4fef4fef6fef8fdf9fdf9fffe000000000000000000000000000000000000ff01fe0501060105ff03fe04fe05ff0502030501060108000a010c040b070c050c030b060a060904070404020601080207ff06fa04f8
14,11217880,-90,11,128,1,0,0,4ff1140009080c0a0e0b0d0b0c0a0b080906070406040703070305040402050006fd06fa05f907f808f807f905fa07fc09fd07fd03fc00ff000000000000000000000000000000000000fefef9fdfafff9fef9fcfbfefc01fe03ff04fd05fb06fc07fd08fd08fc08f808f408f40bf70bf90cf80cf708f904fc03ff0402060209
15,12139518,-91,11,128,1,0,0,4ff114000b080d090d0a0d0b0c0c0b080a040a02060004ff0200010001ff02fd02f902f702f602f503f504f603f801f801f702f902fc00ff000000000000000000000000000000000000fefffbfefbfbfaf8fcf700fbfffffc00fb00fb01fb03fb05fa05fb04fa07f70cf40cf40af809f705f500f702f906fb08010705070408
16,13470726,-90,11,128,1,0,0,4ff11400f108f007ef04ef05f002f2fff5fef7fdf8fff902fa02fc00010103030206010902090008ff08ff0a000a0008000501040103000000000000000000000000000000000000000000fe02f802f902fb02fc02fd00fefefcfdfbfefcfdfcfbfaf8f6f7f5f8f6f8f5f7f3f7f3f8f4fbf4fdf7fcf9f8fcf9fefcfbfcfcfaff
17,13880434,-90,11,128,1,0,0,4ff11441fff200eeffeffcf3fcf3fdf2fef3fef5fdf7fdfa00fd00fefdfff900f702f603f401f502f702f702f703f704f903fc01fc02ff0000000000000000000000000000000000000000010006ff07fd08fd07ff0201ff020100ff02f903fc06ff0cfc10fb0ffe0e010e020d040e030c010a0009ff08ff08fe07fd04fc02fc
18,13982748,-92,11,128,1,0,0,4ff11441fbeffbecf9effaf3f7f3f7f2fcf2fef5fdf7fef7fefbfcfefb00f901f703f701f7fff6fdf8fcf9fdf9fcf9faf9fbf9fdf9fefeff0000000000000000000000000000000000000100060007ff07ff07fe0600050106ff05fd01fbfef9fef801f803f705f607f70bf70af808f808f508f507fa05fc01f9fdf6faf8f8f9
19,14085133,-90,11,128,1,0,0,4ff11400f4f2f4f1f4f4f5f6f6f4f5f4f6f6f9f9fcfafcfbfcfefd00fc01f902fa03ff060006fb05f806f907f907fa05fa03fa02fa03fe0000000000000000000000000000000000000002010904090207040404030204020402030103fd04fb04f905f706f707f608f509f608f70af80bf808f806f803f9fff8fff7fff8faf4
20,14496006,-91,11,128,1,0,0,4ff11400ef04ed06f007f505f703f601f800fbfef9fcf7fef801fc03fd05fd08fb08f907f904f702f604f606f605f702f901fa01fd02ff00000000000000000000000000000000000000fffdfbf8fafafbfcfdfcfefbfefdfdfefdfffcfefbfefafff9fff7fef6fef7fef5fdf1fbf0fbf4fcf9fafdf9fefafdfcfafbfafafdfc
21,14600680,-93,11,128,1,0,0,4ff11400080e090f050e010c020c040b030802060206030502030102020106fe08fa07f908fc09fe08fd08fd09fe08fd07fc05fe04000000000000000000000000000000000000000000fffdfdf6fff700fa01fc01fb00fbfefdfdfffb00f802f702f401f201f203f403f100f000f402f402f3fff5fef801fa02fe01ff04fe06
22,14700784,-89,11,128,1,0,0,4ff1140006f709f109f10bf50cf909fb05f904f907fc06fc04fc03fc01fb01f901f8fef8fef802f806f907f606f508f709fa05fb03fb00fe000000000000000000000000000000000000010005000600050003ff05fe05ff03ff040003fe04fd06fb07f90af90dfa0dfb0bfb07fe060009020c0308ff04fe04fd03f803f706f7
23,14801981,-91,11,128,1,0,0,4ff11400f003eb04ec05ef03f102f302f601f702f903fb04fb05ff050103000300050305070507060607040703070208020701050002ff000000000000000000000000000000000000000101050605050604040502060304030104fe05fd04fc04fb02f901f603f305f405f604f803f707f508f803fb00fcfefdfafff6fff3fd
24,14904445,-92,11,128,1,0,0,4ff11400fc0cf912f511f70ffa0dfc0cff0b000a01070106010203ff04ff05fe05fa05fa07fb07fc06fc06fa06fb04fb03fa03fa01fc00ff000000000000000000000000000000000000020107070606050504040303020101fe00fbfffa01fb00fafff800f5fdf6fcf5fff503f800f8fdf7fdf5fdf7fcfcfd01fd02f903f604
25,15621197,-93,11,128,1,0,0,4ff11400f0faf0f6f0f6f0faf4fdf7fcf6fbf7fdfafdfbfcfbfefc00fd00fc02fb04fa05fa07f809f60af808fb04fb02fb03fc04fb05fe0100000000000000000000000000000000000001ff07fe06ff04030304050006fe06fd04fc01fa02fa04fb06f806f705f605f305f403f304f405f604f504f702fbfefdfbfef9fff7fd
26,15690873,-92,11,128,1,0,0,acceea4103fe02fd02fc04fe01fe01fd02ff02ff03fc02f3ffeefff700ff04fa08f601f9fdfc00ff0102010203ff03000201ff01fe02ff00000000000000000000000000000000000000fffffdfd00fe03ff01fe00fdfffcfdfd00000000fdfefcfdfdfffc01fc01ff00030103020002fe02fe0000ff01ff00fe00feff02fc06
27,16134043,-92,11,128,1,0,0,4ff11400f609f40af40bf70cf80df90df90af907fd07010503030402050005fe06ff0a000c010c010bff08fe07ff060005ff05ff03ff00ff00000000000000000000000000000000000001ff06fd06ff06ff04ff020002ff01ff0001000100fefffbfcf9fcf7fdf6fef5fef4fcf1faf0fbf2fcf5fdf6fff8fbfef9fffe00fe05
28,16288943,-95,11,128,1,0,0,bddddb41fcfffbff00000401030005ff0401020806080704ff02fefb03f500f5fdf701f901fcff01fe02ff01020003fd04fb03fffd05fe01000000000000000000000000000000000000ff00fc01fd02fe02fd00feffff00000000ff00fd01fe02ff02fe01ff01020103020201fffffefefeff000002ff0200020002fffffffe
29,17157249,-91,11,128,1,0,0,4ff11400eafcecfcf0f9f2f9f4fcf5fdf501f804f902f901fd0300040303050203030505080807080408070408020704050404040405010100000000000000000000000000000000000000010007ff09fe08fb07fb04fd01fffe01ff020102ff03fb05fa07fc08fd07f906f708f908fa07f909f708fa01fcfcfbfcfaf9fef701
30,19102978,-92,11,128,1,0,0,4ff11441fb10fe0e000dfe0dfc0afb06fa05fb05ff050004000201000301050204ff05fc0afd09ff05fe04fe05fd06fb05fa02fb01fc00ff0000000000000000000000000000000000000200090008ff07ff06000301010101010000fefcfdf9fdf9fef7fdf6fdf8fdf7fcf4fef5fdf6f8f5faf5fbf8fafafcfffe03fa05f705
31,19614974,-93,11,128,1,0,0,4ff11441080a0a0a080c070c0709050405050606050404020100fffdfffa01fb03fc04fb06fa08fc07fc06fb04fb03fc04fd05fe04fe01ff000000000000000000000000000000000000fffffbfefbfdfdfdfefcfffd00fefffeffffff02fe04fb03fa02fc05fc08fd09fd07fb05fa04fa01f902f904fa03ff04030905090805
32,20331713,-93,11,128,1,0,0,4ff11400f909f90bfa0ef910f90ffb0cfc09fc05fb04fd050004020304030403040206010801070207040504050306030604030401020000000000000000000000000000000000000000fffffdfcfcfbfdfbfffdfffdfefefcfffbfffa00f901fafffafdf8fff400f200f2fef5fef9fff8fcf7fbf9fcfafdfafffb01fa05f707
33,21499139,-90,11,128,1,0,0,6ffbb64101fd030404080205ff00fdfefafe00010502020b0014000bfefef5f7f0f3fbf90200010202ff02fd00000002010001fd00fcffff000000000000000000000000000000000000ff00fd03fe01fd00feff02fe01fefdfefe000100020000fffefdfffe00fbfdfdfe0201ff01f600f7fefffd0001000402fd04f901fdfc
34,21500026,-88,11,128,1,0,0,833ee841ff00fc01fe03020103010404070204fffd02f10aea10f507feff030a0815040901ff01ff01fe03ff02fffffffd00000002fe00ff0000000000000000000000000000000000000001ff02fd00fd01fe0100ffffffff0100ff01fefffffd00fbfffafdfafbfcfd00fc00fbfdfffffe01fdfe05ff090105020c0015fb0d
35,21869963,-93,11,128,1,0,0,4ff11441f802f8fef9fff802f504f703f902f700f600f902fb03fd03fe05fe08fe07fe06fe06fc05fa04fa03fb01fcfffd00fc00f9fffeff000000000000000000000000000000000000fffffffbfff900fa00fbfffcfffdffffff00fefffbfff8fffa00fbfffafbf7f9f5f9f6f9f9f9fcf9fcfbfdfffd01fa01fb03fd03faff
36,22277358,-91,11,128,1,0,0,4ff11441100310030d020b030b02090107020503030102ff00fd02f904f702f901fa00f9fef9fff800f7fff8fffa02fb02fb02fb02fd00ff000000000000000000000000000000000000ff01fb04fa01fafefdfefe00fb02fa03fc03ff04010602070006ff07ff0afe0bfb07fa06fa07f909fc0afe09fc08ff06040506050600
37,22572368,-47,11,256,1,0,0,5dd11500effcf2fbf4f8f5f5f6f2f5f0f3edf1eceeecececeaedeaefeaf0ecf2eef2f1f3f4f3f8f2fcf0ffef01ec03eb04e905e705e601f9000000000000000000000000000000000000fd00f402f201efffecffe9ffe7ffe600e502e603e704e904ec04ef02f200f4fdf4faf5f7f3f4f1f2eff1ecf1e9f1e8f3e7f6e7f8e7f99000e0e9dfeadeeaddebddecddecddeddceedceedceedbefdaefdaefd9eed9eddaecdaebdbeadce9dde8dee7dfe6e1e5e3e4e5e2e7e0e8dfeaddf8f3fefb000001000000fcfef4fbe1f3e1f1e2efe3ede4ece4eae5e9e5e8e5e7e5e6e6e5e6e4e6e3e7e2e7e2e7e2e7e2e7e3e7e3e7e4e6e5e5e5e4e6e4e6e2e6e1e7e1e7e0e7
38,22582746,-48,11,256,1,0,0,5dd115000f030c050a08090b090f0a120c140e1511151315141415121410130e100d0c0c080c040d000efd10fa11f713f615f517f518fd0600000000000000000000000000000000000002fe0afb0cfc0ffc13fd15fc17fb19fa19f918f817f815f812f90ffb0dfe0c010b040c080d0b100d120e150d180c190a1a081a0619042d002016211622162315231323122312221223122312251125112611251125122413231523162318221820191e191c1a1a1b181d161f15211322060c0103fffffeffffff03000b031f091e0a1e0c1d0e1c101b121b131c151c161c171c181b181a191a1a1a1b1a1c1a1c1b1b1a1a1a191a191b191c191d191f19201820172116
39,22595120,-49,11,256,1,0,0,5dd11500f60af406f103ed02ea02e603e404e207e109e20be40de60ee90dec0bef08f204f3fff4faf4f5f4f1f3edf2eaf1e8f0e7efe7fbf90000000000000000000000000000000000000103040d030f0312021502170319041a05190518041703140111fe0ffb0df80bf50bf10cee0ded0fec12ec15ee17f018f218f416f5153300dc17dc18dc19dd1ade1bdf1ae01ae01adf1adf1bdf1ce01de01ddf1cde1add19db18da17da16da15db13db10db0edb0bda08d906d803d702f100fbff01ff01fe00fffe03f90bee1eec1deb1be919e718e517e317e117e017df16df15de14dd13dc12db11da11da12db12dc12dd12dd12dc12dc13dc15dc16dc17dd17dd17
40,22660155,-51,11,256,1,0,0,36655300f2f9f0f6edf5ebf4e8f5e7f6e6f8e7fae8fcebfeeefef2fef6fdfafbfef902f604f306f008ed08eb08ea08e907ea06eb05ec01fb00000000000000000000000000000000000003030c0f0c100c110c120c120b120a110810050e020dfe0cfa0af60af30af00aed0cec0dec0fec10ed11ef11f110f30ef50cf708f7053800dc00dc01dd01de01df00dfffdffedffedefedefedffee0fde1fce1fae1f8e1f7e1f5e2f4e3f3e5f2e7f1e9f0ebeeececedebefeaf1e9f2e9fbf7fefd000000fe00fffe03fb0af11cef1bed19ea17e816e615e414e313e212e110e00ddf0bdd0adc09dc08dc07dd06dd05de04de03dd03dd03dc03dd03dd03dd02dd02dd01
41,22664568,-51,11,256,1,0,0,36655300feebfde7fce3fae0f8dff6dff3e1f2e4f2e7f3ebf5f0f8f4fdf802fb08fe0e00130118011c011f01200020ff1efe1cfd1afd06ff000000000000000000000000000000000000010506160517031802180118ff16fe14fb12f90ff60bf308ef04ec02e9ffe6fee3fee2fee1ffe100e302e503e803ec02f000f4fdf6fa4100f2eff2eff2f0f3f0f4f0f4f0f5f0f4eff4eff3f0f3f0f4f1f5f0f6f0f7eff7eef8edf8edf9eefaeffceffdefffef00ee01ee02ef02ef03f001fa00feff0001ff0000fd00f900edffedfeedfcedfaedf9edf7edf7eef6eef5eff4eff3f0f2f0f1f0f0f0f0f1f0f2f0f2f0f3f0f3eff3eff2eff2eff2f0f2f0f3f0f3f0f3ef
42,22737754,-49,11,256,1,0,0,6aa00600f6f8f9f5fcf2fdeefeebfde8fbe5f8e4f6e3f4e4f3e6f2e9f3ecf5eff8f2fcf501f706f80bf90ff913f815f717f618f518f406fd000000000000000000000000000000000000fd02f60af409f109ef09ed09ec09eb0aeb0aeb0aed08ee07f004f102f2fff2fbf2f8f1f5f0f3eef2ebf2e9f2e8f3e7f5e8f7e9f9ebfa3100e7e1e6e1e5e2e4e2e5e3e5e4e6e4e7e3e6e3e6e3e5e3e5e4e5e4e7e3e8e2eae1ebe0ecdeeddeefdef0dff3e0f5e0f8e0fbdffddeffde00de00f300fc000101000000fcfff4fde1f7e1f5e3f3e4f1e5efe5ede5ebe5e9e5e8e5e7e6e6e7e5e8e3e8e2e9e1e9e1e9e1e9e2e9e2eae2eae2eae1e9e1e8e1e7e1e6e2e6e2e5e2
43,22748483,-48,11,256,1,0,0,6aa00600f2fff6fbf9f7faf2faedf9e8f7e5f5e2f2e1efe1ede3ede5ede8efecf3eff7f2fcf502f808f90dfa12fb16fb1afa1cf91df907fe0000000000000000000000000000000000000002000cfe0efb11f914f716f718f619f71af71af818f815f811f80df709f504f300effdecfbe8fae5fae2fce0fee000e102e304e5043800d9f1d8f1d6f2d6f3d6f5d7f6d8f6d8f6d8f6d7f6d6f6d6f7d6f7d7f7d8f6d8f4d8f2d8f0d8efd9efdbefdeeee0ede2ebe4e8e5e6e6e4e7e3f7f5fdfc000002ff0100fc00f300ddffddfeddfcdefadef7def5ddf4dcf2dbf2dbf1dcf0dcefddedddecddebddeadcebdcecdcedddedddeddceddbeedaeed9efd8f0d8f0d8f1
44,22762559,-47,11,256,1,0,0,6aa006000e020a050708050c051105150718091a0b1b0e1b0f1a101810150f130c10080d040bff0afa09f509f00aed0bea0ce90de80df90300000000000000000000000000000000000001fd05f609f60cf510f412f314f115f015ef15ee14ef12f00ff30df60cfa0bfe0b020d060f09120b150c180c1b0b1c091c071b051a033500191e1b1e1d1e1e1d1f1b1e191e181d181d191e1920192119211820181f191d1a1d1c1c1d1c1e1c1d1a1d171c151d121e0f1f0e210c220b23030c0003fffefefeffff03010a061d121c131a14191517171619161b161c171d171e161e151f14201321122213221322142214201420141f151f1620172019201a1f1b1e1b1d
45,22765145,-48,11,256,1,0,0,6aa00600faeefef103f408f40cf410f213ef15ec16e915e614e512e50fe60de80ceb0bf00af50bfb0c000d050f09110d130f151116120504000000000000000000000000000000000000fd00f5fff3fcf1f9eef6ebf3e8f2e5f2e4f2e3f3e4f4e6f6eaf7eef8f2f8f7f7fbf5fef201ee02ea02e601e3ffe0fcdffae0f8e1f6e33b0003eb03ea03e902e902e901ea01ea01ea01ea01ea01e900e900e900e901ea02ea03ea04ea04ea05ea05eb06ec07ed08ee09ee0aef0cf00df004fa01feff0000010000fffefef9fceefdeefeeeffee01ee02ed03ed03ec04ec04eb05ec05ec06ec07ec07ec07ec07ec07ec06ec06ec06ec06ec06eb05eb05ea04ea04ea03ea
46,22771045,-48,11,256,1,0,0,6aa0060000ee02f304f708fb0bfe1000140118011b001dff1efd1dfc1cfb1afb17fb13fd0fff0b0207050309000dfe10fb13fa15f917fe05000000000000000000000000000000000000fe00f9fff6fcf3f9f0f6edf3eaf2e7f1e5f1e5f2e5f3e7f5eaf6eef8f3f9f8f9fdf902f706f409f00bed0ce90be50ae308e206e204e23b0017e418e218e117df15de13df11df11e011e011df11de10dc0fdc0fdc0fdd10df12df13e014e014e014e114e214e415e617e819ea1beb1ceb0af803fdff00fe01ff0001fc06f611e512e513e614e815e916ea18eb1aea1be91ce91ce91cea1ceb1dec1eed1fec1feb1eea1de91ce91be91be91be81ce71be51ae319e217e1
47,22853600,-49,11,256,1,0,0,96600900f2faf0f7eef5ecf3eaf3e8f4e8f5e7f7e8f9eafaecfbeffbf2faf5f8f8f6faf3fcf1fdeefdecfdebfdebfdecfdedfdeefeeffffc000000000000000000000000000000000000fd05f615f517f419f41cf41df51df61df71af817f813f80ff60af406f002ed00e9ffe6ffe301e203e205e307e509e80aeb09ee07ef052600d7fbd7fbd7fcd8fcd9fcdafbdbfbdafadafadafbdbfbdcfbdcfaddf8ddf7def5def4dff3e1f2e3f1e5f0e7efe9edeaececebeeebf0eaf1eafbf8fefd000001fe01fffd03f50be31de11bdf18dd14db11d90fd70ed50dd50bd509d507d504d401d300d2fed3fed4fed5fdd6fcd7fcd6fbd6fbd5fbd5fcd5fcd6fcd6fcd6fc
48,22856167,-49,11,256,1,0,0,96600900f3f5f2f2f1f0efeeedeeebefeaf0eaf2ebf4edf6eff7f2f7f5f6f8f5fbf3fdf1ffef00ed01eb00eb00eb00ec00ed00ef01f100fc000000000000000000000000000000000000fb04ee11ed12eb14ea16ea17eb17ed17ee15f012f10ef209f205f100effcecfae9f8e6f8e4f8e2fae1fce2ffe401e602e901ed00efff3000daeedaefdaefdbefdcefdeefdeeedeeedeeddfeddfede0ede2ede3ebe4eae5e9e6e8e8e7eae7ece7efe6f1e6f4e5f5e5f7e5fae5fce6fde6fff700fd000002fe01fffc03f309dd1adc17db13d90fd70bd509d407d305d304d301d3fed3fbd3f7d3f5d3f4d3f3d4f3d6f3d7f2d8f1d8f0d7f0d7f0d7f0d8f1d8f0d9f0d9ef
49,22887726,-50,11,256,1,0,0,966009001afb1af919f717f514f511f50ef60af808fc070006050709090d0c100e11111213111410140d130b10070d050a03050102010000000000000000000000000000000000000000fbfaefeaf0eaf0eaf2ebf3ecf6edf9eefdef01ef06ef0aee0ded0fec10eb10e90fe80ee80ce90aea09ed08f008f40af70cfa0ffd11fe3a0023f222f322f321f421f421f421f320f21ef21df31df41df51df61ef61ef61ef61df71bf91afb1afd1aff1a001a001901170215031306120806030101fffffe02fe0002fc09f41ae01ce21fe521e723e924ea25eb25ec26ed27ef28f12af22af32bf42af529f628f728f728f728f728f627f526f525f525f525f525f526f5
50,22936586,-50,11,256,1,0,0,6aa006001ffb1cfa18f913f90efb08fd04010006fe0cfd11fc16fd1bff1e012003210420061d07190615050f03090104fefefbfaf8f6fdfd000000000000000000000000000000000000fa00e902ec00f0fdf3f9f7f5faf2feed00e903e604e305e005df04e003e103e402e702eb03f004f507fa0bfe0f01140318041c041f033f0012021202120312021302130012ff12ff11fe10ff10ff11ff11fe12fe11fd11fd10fe10fe10ff1000100010000f000e000d010d020c040c0504020100fffffeffffff020006021306130713081209120912091109110a110b110b120c120c120b120b110b110b110b110b110a120a12091208110711071207130613061405
51,22955237,-51,11,256,1,0,0,6aa00600e10be60beb0af207f904ff0105fc0af70ff212ed15e916e516e216e115e113e311e50de909ee05f301f9fcfef803f508f20cfc03000000000000000000000000000000000000fdfbf8f0fcf202f608f90dfd120217061b0a1e0d1f0f20111f111d101a0e150c100a0a080306fc04f502ef02e902e303df04dc06da075600ef01ee00ed00ed00ed01ed03ee03ef04f003f003ef03ee03ee04ee05ef05f005f003f002ef01ef01ee01ef01f001f100f2fff2fdf2fcf1fafafdfeff000001ff0000fd00f800ea02ea01ea00eaffeaffebfeebfdebfcebfbeafbeafbeafbeafbebfbecfaecf9ecf9ebf9ebfaecfcecfcedfdedfcedfcecfdecfeebffebff
52,22956918,-51,11,256,1,0,0,6aa0060012e60ee80aec06f102f8fffefc05fa0cf912f818f81df821f924fa25fb24fc22fc1efe19ff13000d020603ff05f906f308ef02fb00000000000000000000000000000000000004010f050b060408fd09f60af00bea0be40be00add09dc08dd07df06e205e704ed02f300f9fd00fb06f80cf411f015ec17e919e61ae454000ef80ff810f810f810f70ff60ef50df60cf60cf70df70ef60ef50ef50df50cf60cf70df90efa0ffa0ff90ff90df90cfa0cfc0cfe0dff0e0005000100ff00ff00ff0001fe05fb10f311f312f412f512f612f712f813f914fa14fa15fa15fa14fa13fb13fc13fd14fd14fc14fb13fa12fa11fa11fb11fb12fb12f912f812f7
53,22994215,-92,11,128,1,0,0,4ff1144105f605f704f805f605f505f505f803fb00f901f902fb00fbfefbfcfbfbfbfaf9faf9fbfcfdfcfdf8fdf7fefa00fd00fefffeffff000000000000000000000000000000000000000102050104010301020002010101010001030206030602060006000a000b010a030a030802060106020602040002fc02fc01ff01fe
54,23095617,-93,11,128,1,0,0,aee11a4104ff06ff040102040102000000010201030203020001fd00f600f0fcf4f8fbfdf700f70400080302fffd00fe01ff02000202000000000000000000000000000000000000000000ff01fd01fffffffefdfffbfdfbfcfefc01fa00fbfefffd01fe00fffefefffe01000001ff00000000fe01fc03fd04ff050100fff8fc
55,24436619,-47,11,256,1,0,0,7dd00700ff08000e01130217031a041c041d041d031c031902150111010b010402fe03f705f108ec0ae80de610e512e613e814ea14ed05fb00000000000000000000000000000000000001020609080a0a0b0b0c0c0d0c0d0c0d0c0c0a0a09070704050103fd01f8fff4fdf0fcedfbeaf9e9f9e8f8e8f8e9f8ebf9eefaf2faf56f001af81af719f618f517f517f618f619f61af51af31af219f119f219f41bf51df61ef51ef51df51cf61af91afc1bfe1dff1d001e011d021c0309010200ff00ff00ff0000ff03fd08fa08fa08fb09fc0afd0bfd0dfd0efc0efb0efb0efc0efe0fff11ff12ff13fe13fd12fc12fd12fd13fe15fd16fc16fa16f915f915f916f9
56,24500197,-49,11,256,1,0,0,7dd0070008fb0af60cf10eed10e912e714e615e715e814ea12ed0ff00af305f5fff7f9f7f2f6edf4e9f1e7eee6eae7e7eae5ede4f0e4fcf9000000000000000000000000000000000000fc00f200f101ef02ed03ec03eb03eb03eb02ed02ef02f203f504f906fd09000c030f051207140817091809190918081707140710060d8300e802e804e806e907eb08eb07eb06e907e808e70be80dea0deb0deb0be90ae70ae60be60de70de90dea0bea08e806e706e506e506e506e605f702fd0000ff00ff00fffe00fc00f701f801f800f9fff8fef7fdf5fcf4fdf3fef3fff4fef4fdf3fbf2faf0faeffbeffdf0fef0fef1fdeffcedfcecfdebffeb01eb02ec01ed01
57,24522575,-48,11,256,1,0,0,72200700f9fcf3fdeefde9fce5fce3fce1fbe1fbe2fae4fae7fbecfcf1fdf700fd030207070c0a110c160c1a0b1d0a1f0720041f021e0007000000000000000000000000000000000000fe02f90af90bf80ef810f711f712f712f711f810f90efb0bfe080205050209000dfd10fb13fa16f917f817f717f716f713f80ff90cf97b00030c040c050c050b050b050a040b040c050c060c070c070c060b060b050c050d050e060e060e050d040d030d010d010e000e000eff0eff0eff05ff01ffffffffffff00000101020402040204010401040105010601070107010701070107000700080009000901090109010801080109010a010a020a030a030a030a030a
58,24530235,-91,11,128,1,0,0,4ff11441f2fcf0fcf2fcf4fbf5f7f8f6f9f8fafbfbfcfafdfcfdfd00fb04fb04f801f6fff7fff800f700f7fff7fff800fafffbfffc00ff0000000000000000000000000000000000000000fe02fa01fafffbfffd00fdfefbfdfbfefcfffcfdfbf9faf8f9f9faf9fbf9fcfaf9fbf4fbf5fdf7fff9fefbfafcf8fdfcfdfcfef502
59,24557788,-48,11,256,1,0,0,6aa0060004f605f106eb07e708e509e309e209e309e508e707eb05f002f5fefafafef502ef05ea06e506e205e003e000e1fee3fce5faf9fe000000000000000000000000000000000000fcfef2faf0faeffaeefaedf9eef9eef9f0faf2fbf4fdf700fa03fd06ff0a010d031104140616061707180717071606130610050c05087600e6fde6ffe600e701e801e800e700e600e501e403e505e505e604e602e501e300e200e101e201e400e6fee6fce6fae5f8e5f7e5f7e6f6e7f6f7fcfdfe0000000000fffe00fc00f600f6fff7fef7fdf6fcf5fbf3fbf2fbf2fcf2fcf3fbf3faf2f8f0f8eff8eef9eefaeffbeffbeffaeef9ecf9ebfaeafceafdeafeebfeebfd
60,24561176,-48,11,256,1,0,0,6aa00600f6f9f0f8ebf6e6f4e3f3e1f2e1f2e1f2e3f2e6f3eaf5eff8f4fcf900fe05030b06110717081c0720052202230022fd20fb1dfe07000000000000000000000000000000000000fd02f40bf30cf20df10ef10ff10ff10ef30df50bf80afc08000605050a030e021201160019001bff1bff1bfe1afe17fe13fd0efd0afc7c00fb0dfc0dfd0efe0dfe0dfe0dfe0dfe0efe0fff0f010f010e010e000eff0fff10ff10ff100010ff0ffe0efd0efc0efb0ffb0ffb0ffb0efb0dfe04ff0100ff00ff00ffff00ff01fd05fd04fc04fc04fb04fa04fa05fa06fb06fb06fb06fa05f906f906f907f908fa08fa08fa07fa08f908f909fa0afb0bfb0bfc0bfc0bfc0b
61,24622230,-48,11,256,1,0,0,6aa00600f306ef09ec0ce90ee70fe610e50fe60ee80dec0bf00af508fb06010507060d071208160b190d1a101a121814161413141013030400000000000000000000000000000000000002030b0e0c0f0c100c110b120b120910080e070b0607060306fe06f907f508f008ed09ea0ae80ae70ae70ae809ea07ed05f102f500f88400111312121310130e120e120e120f140f160f170d170b160a150a140c150d170e180e180d170c150c130d120e111012111211121111100f1005050101ffffffffffff00010204060c050b040c030c020e020f031004100510040f0310021002120313041405130612071106110612061308130a130c130d120d110d110d11
62,24624276,-48,11,256,1,0,0,6aa006000a090f0b130c160e1810191018111710150f120d0e0a0b06080105fc03f602f002eb03e704e307e209e10be30ce50de80deb03fb00000000000000000000000000000000000001fb04ee05ed06eb06eb07eb07ec07ee06f004f202f5fef8fbfbf6fdf2ffee00eb01e802e602e502e502e602e902ec02f002f502f80380000eea0ce90ae909ea09eb09eb0beb0be90ae708e606e706e806e908e90ae90be70be60ae609e709e90aeb0ced0fed10ec11ec10ed0fee0ef005fa01feff00ff00ff0000fe02fb06f406f507f608f70af70cf60cf40cf30cf30bf40cf50df60ff510f410f30ff20ef10df20df30ef30ff310f10fef0eee0ced0cee0bee0cee
63,24636729,-43,11,128,1,0,0,1ee00100f003eb05e706e406e206e105e104e204e403e802ed02f203f804fd060209070d09100b140b170b190a1a081a06190417031500050000000000000000000000000000000000000401110712081309130a130a120a110a0f080d060a0208fe07f906f505f005ec05e806e506e407e408e408e507e806eb04ef01f3fef6
64,24692222,-44,11,128,1,0,0,1ee0010009fa0bf50df110ee13ed15ec17ed18ed17ef16f113f310f50bf706f800f7fcf5f8f2f6eef4ebf5e8f6e6f8e5fae5fde6ffe7fff9000000000000000000000000000000000000fd02f60cf60cf60df60df60ef60ef60ef60ef80dfa0dfc0cff0c020c050c080c0b0d0d0e0f0f10101112111310120e100d0e0c0c0b09
65,24736351,-43,11,128,1,0,0,1ee001000208080b0d0e111214151518161a151b141b121a0f170c13090e0708060107fa09f50cf00fec13ea15ea18eb19ed19f019f206fc00000000000000000000000000000000000000fcfff2fef1fceffbedfaebfaeafae8fae8faeafaecfaeff9f3f7f7f5fbf3ffef03ec06e909e60ae30be20be20ae409e707ea07ed06
66,24739489,-43,11,128,1,0,0,1ee0010004060a0610071508180a1a0c1b0e1c0f1b0f180f150d110b0d08090305fe03f802f303ee04e905e607e50ae40be50de70de903fa000000000000000000000000000000000000fffdfdf3fcf2faf1f8eff7eef7edf6ecf6ecf7edf8eff8f2f8f5f7faf6fef403f207f00aee0dec0fea10e911e910eb0eed0df00bf209
67,24742895,-44,11,128,1,0,0,1ee0010003040a0510071509190b1c0d1d0f1e101d101a10170e120c0d09080404ff01f9fef3fdedfde8fee4ffe201e103e105e306e401f900000000000000000000000000000000000001fd05f504f304f003ed03eb03ea04e804e804ea03ec01effff3fcf7f9fbf6fff102ed05ea08e709e40ae30ae309e508e807eb07ee06
68,24797975,-43,11,128,1,0,0,1ee001000b0111fe16fb1bfa1ffa21fb22fc23fd21fe1eff1a0015ff0ffe09fc04f8fff4fceffaeaf9e5fae2fce0fedf01e003e105e301f8000000000000000000000000000000000000fbfeeefbedfbebfaeafae9fae9f9e9f9eaf9edfbf0fdf2fff503f707f90bfb10fb14fb18fb1bfb1dfa1efa1ef91dfa19fb15fc12fe0e
69,24799153,-43,11,128,1,0,0,1ee0010005f706f207ee09ea0ae70ce60de50ee60ee70dea0ced09f005f401f7fcfaf7fbf2fbedfbeaf9e8f8e7f6e8f4e9f2ebf2ecf1fbfc000000000000000000000000000000000000fc01f307f208f109ef09ef0aee09ee09ef09f208f507f807fc080008040a070b0b0d0d0f0f111012111311140f130d110b0e0a0b0909
70,24799626,-43,11,128,1,0,0,1ee0010009050f06140718091b0b1d0c1d0e1c0e1b0e180e140c10090c05080105fb04f603f004eb05e707e509e40be40de60ee80eea03fa000000000000000000000000000000000000fdfcf7f2f6f1f5f0f4eef4eef4edf4edf5eef6f0f7f3f7f7f7fbf600f505f309f10cef10ed12ec13ea13ea13eb11ed0ff00df30cf70a
71,24842781,-43,11,128,1,0,0,1ee0010008fc0bf810f314f017ef1aee1bef1cef1af018f215f411f70bf905fafefbf8faf2f8eef5ebf3e9f0e9eee9ecebebedebefebfcfa000000000000000000000000000000000000fdfef3f7f2f7f0f7eef6edf6ecf6ecf5edf6eff7f1f9f3fcf6fff803fa08fc0cfd11fe15fe18fe1afe1cfd1dfd1bfd18fe15fe11ff0d
72,24844003,-43,11,128,1,0,0,1ee00100fcf7f8f3f4eff2eaf0e7f0e5f0e3f1e2f2e3f3e6f6e9f8eef9f4fbfafb01fa07f80df611f315f116ee17ed16ec14ec12ec10fb03000000000000000000000000000000000000fd02f509f40bf30df30ef210f210f110f210f40ef60cf90bfd09020707060c051004140418041a051c051d051b061805150411030e01
73,24845275,-43,11,128,1,0,0,1ee00100ff08010d02120316041a041c031d021d011c001900150011000b020504ff06fa0af60df310f013ef14f016f116f316f515f705fd00000000000000000000000000000000000003ff0cfd0efc0ffb11fa12fa12fa13f912f910fa0dfa09fa05fa01f9fcf8f8f6f4f5f0f3eef1ecf0ebefeaefecefeef1f1f3f3f5f5f7
74,24846449,-43,11,128,1,0,0,1ee0010005060a090e0c120f1412141414151415131411120e100b0c0708040202fd01f701f201ed03e904e705e607e608e709e909eb02fa00000000000000000000000000000000000002fd08f609f409f20af00bef0cef0cef0bf00af207f304f500f8fcfaf8fcf3fdeffeebffe8ffe6ffe4ffe4ffe6fee9ffecfff0fff3ff
75,24847643,-43,11,128,1,0,0,1ee00100f805f40af00eec11e914e714e615e514e613e810ec0df00af607fc04030209010f01150219031b041c061c081b09180a160a05020000000000000000000000000000000000000103070c090d0a0f0c100d110d120d120d110b0f0a0c0807070306fd05f805f305ee05e905e606e306e207e107e306e605ea03ef02f2
76,24848089,-43,11,128,1,0,0,1ee00100fff7fdf1fcecfbe8fbe4fce2fce2fde1fde3fee6feeafeeffef5fdfbfc01fa06f70bf40ef111ee12ed12ec11ec10ec0eed0cfb02000000000000000000000000000000000000fcfff2fff0ffee00ed00eb00eb00eb00ec00ee00f101f502f903fe050207070a0a0c0e0f101111121214121411130f110d0e0b0b0908
77,24848811,-43,11,128,1,0,0,1ee0010008020e02130317041b051c061d061d071b07180614050f040a0204fffffcfaf8f7f4f4f0f2edf1eaf2e9f3e8f4e8f6e9f8eafefa00000000000000000000000000000000000001fd07f407f308f009ef09ee0aed09ed09ee08f005f303f6fff8fbfcf7fff301ef04eb06e907e708e508e508e608e906ed05f004f404
78,24850508,-42,11,128,1,0,0,1ee00100000a02100316031b041f0321032202220220011c01180112010b020403fd06f708f10ced0fea11e813e814e914eb13ed13ef04fc00000000000000000000000000000000000003010e04100513051505160517051705150513040f030b0006fd02fafdf6f9f2f5eff2ebf0e9eee7ede5ede5efe6f1e9f3edf5f1f7f5
79,24850970,-42,11,128,1,0,0,1ee00100f6faf0f7ebf4e7f2e3f0e2eee2ede2ede4eee7efebf2f0f6f5fafafeff04030a060f07140819081b071d061d041c031a01190006000000000000000000000000000000000000fd02f308f20af00cee0ded0eed0fed0eee0ef00cf40af808fd06030509030e02130118001b001e00200120011e011a01160112000eff
80,24904113,-43,11,128,1,0,0,1ee00100fd0ffe15fe19fe1dfc20fb21fa20f920f91dfa1afb15fd10000b040709030e0013ff17ff1b001d011d031d051b0619071708050200000000000000000000000000000000000002fb08ef09ee0aed0bed0ced0cee0bef0af107f304f500f6fbf7f6f7f2f8edf7e9f6e7f5e5f4e5f3e4f2e5f2e8f2ebf4eff7f2fbf5fe
81,24906767,-42,11,128,1,0,0,1ee00100f70cf512f317f11bef1dee1eed1dec1ced1aef16f212f60efb0b000807060d05120517071a081c0a1c0c1b0e190f16101410040400000000000000000000000000000000000003fe10f811f713f714f714f714f714f812f80ff90bf906f802f7fdf4f8f2f4f0f1ecefe9eee8eee6eee5eee5f0e7f2ebf4eff6f4f7f8
82,24907393,-42,11,128,1,0,0,1ee0010008f30aed0ce90fe511e312e214e314e413e611e90eed0af105f4fff7f9f9f3faedfae9f8e5f6e4f4e3f2e4f1e6f0e9efebeffbfb000000000000000000000000000000000000fb01ef05ed06ec06eb06ea06ea05eb05ec05ef04f305f806fc08010a050d09100c130e160f18101a101b0f1b0d190b160911080d0808
83,24929551,-47,11,256,1,0,0,7660070008f90bf40ff012ed14eb15ea16ea16ea15ec13ee10f10cf406f701f9fbfaf4fbeefae9f8e6f6e3f3e3f0e4eee6ece9ebecebfbfa000000000000000000000000000000000000fcfdf3f6f2f6f0f5eff4eff4eff4f0f4f1f5f3f7f5faf6fdf801fa05fb09fc0dfc11fd14fd17fd18fd19fd19fd18fe15ff12000e020ae000eaf6e9f6e9f7e8f8e8f8e8f9e7f9e7fae6fbe6fbe5fce5fce5fce5fce4fbe4fbe4fae4fae4f9e5f9e6f8e6f7e7f7e7f6e8f5e9f3e9f2eaf1f8fafdfe000000000000fffffdfdf9f9f9f9f9f9f8f8f8f7f8f7f7f6f7f6f7f5f6f5f6f4f5f4f5f3f5f3f4f3f4f2f3f2f3f3f2f3f2f3f1f3f0f3eff3eef4edf4ecf4ecf4ebf5
84,24946514,-47,11,256,1,0,0,6aa0060007070c081009130b160c180e180e170f150e130d100b0d080904060004fa02f502f002eb04e706e508e40ae40de60ee90eeb03fb00000000000000000000000000000000000000fc02f102f002ee02ed02ed02ed02ed02ee01f100f3fef6fcf9f9fcf5fef200ef02ec04ea05e805e806e806e906eb05ef04f304f604e100feebfeeafdeafde9fce9fce9fbe9fae9fae9f9e9f9e9f9e9f8e9f8e8f8e8f9e7f9e7f9e7f9e7fae8fbe8fce8fde9fee9ffe900e902e903e901f700fd0000ff00ff0000ff00fd01f702f702f702f702f602f602f503f503f403f304f304f204f204f104f104f104f004f004ef03ef03ee02ed02ed02ed01ec01ec00eb00eb
85,24958196,-47,11,256,1,0,0,6aa006000a020f01140019001c001e001f011e011d021a02160211010bff06fd00f9fcf5f8f0f6ecf5e7f6e3f7e1fadffde000e202e400f9000000000000000000000000000000000000fffcfcf0fbeffaedfaecfaebfaebfbecfbedfbf0fbf3faf7f9fbf7fff503f307f00aee0ded0fec10eb11ec11ed10ee0ff10df50bf909d700f8f6f8f6f7f6f7f6f7f6f7f6f6f7f6f7f6f7f6f7f5f7f5f7f5f7f5f7f5f7f5f6f5f6f5f5f6f5f6f5f7f5f7f5f8f5f8f4f9f4faf4faf3fbf3fefbfffe000000000000fffffffefdfbfdfbfdfbfdfbfdfafdfafdfafdf9fdf9fdf9fdf8fdf8fdf8fdf8fdf7fdf7fdf7fcf7fcf7fcf7fbf7fbf7fbf7faf7faf6faf6f9f6f9f6
86,25032262,-46,11,256,1,0,0,3ee223000a0110ff15fe1afd1dfc1ffc20fc20fc1efd1bfd17fe12fe0bfd05fcfefaf8f7f2f3eeefebeceae8eae5ece3efe2f2e3f4e4fdf900000000000000000000000000000000000001fd05f305f205f005ee05ed05ed05ed05ef04f102f300f6fdfafafdf700f403f006ed08eb0aea0ce90de90dea0dec0cef0af409f707d900fbf3fbf3faf3faf3f9f3f9f3f9f3f9f3f8f3f8f3f7f4f7f4f7f3f7f3f7f3f7f2f8f2f8f2f8f2f9f2f9f2faf2fbf2fbf1fcf1fdf1fef1fef1fffa00fe000000000000fffffffefefbfefbfffafffafffafff9fff9fff9fff8fff8fff8fff7fff7fff7fff6fff6fff6fff6fff6fff6fef5fef5fef5fdf5fdf4fcf4fcf4fcf4
87,25034494,-46,11,256,1,0,0,3ee22300f6fcf0fcebfce6fbe3fbe1fbe0fae0fae2fae5fae9fbeefcf3fff902ff05040a090f0c130d180d1c0c1f0a200720041e021d0007000000000000000000000000000000000000fe02f80af80cf70df70ff610f610f610f70ef80dfa0bfd080006040308010cff0ffd12fb15fa17f918f818f817f815f811f90df909fad400010c010c020c020c020d020d030d030d030d030d040d040d040d040e040e040e030e030e020e020e010e010e000eff0efe0efd0efd0dfc0dfe04ff0100ffffff00ff0000000100040004ff05ff05ff05ff05ff05ff06fe06fe06fe07fe07fe08fe08fe08fe08fe08fe09fe09fe09ff09ff0aff0aff0a000a000b000b000b
88,25111878,-48,11,256,1,0,0,6aa00600f7f5f3f2f0efeeedecebeceaece9edeaefebf1edf3f1f5f5f6faf700f705f60bf40ff113ee15eb15e915e713e710e70de80bfa02000000000000000000000000000000000000ff04ff12fe12fd13fd13fc12fc11fc10fd0dfe0b0008030606030a010d0010ff13fe15fd17fd18fd18fd16fd15fd12fd0efc0afb07fae200f611f712f712f813f813f914f914fa14fa15fb15fb16fb16fc16fc17fc17fc17fb17fb17fa17fa16f916f915f815f714f614f513f412f312fb06fe0100ff00ff00fffe00fc02f506f506f406f406f405f405f306f306f306f206f206f207f207f207f208f208f209f209f20af20bf30bf30cf30df40df40ef40ff510f510
89,25164028,-48,11,256,1,0,0,6aa006000efa11f614f317f119f01bef1cf01cf11af318f415f610f70bf706f501f3fdf0f9ecf8e8f8e4f9e0fcdeffde02df05e107e301f9000000000000000000000000000000000000fc02f10bf00bef0cee0bee0bee0aef09f109f308f609f909fc0bff0d020f0511061408160817091809190818081707140711070d080ae800f6fcf6fdf5fdf5fdf5fef5fef5fef5fef5fff5fff4fff400f400f400f4fff4fff4fff3fff4fff4fff4fef5fef5fef5fdf5fdf5fdf5fcf5fcfcfefeff000000000000fffffffefdfcfdfcfdfcfdfbfdfbfdfbfdfbfcfbfcfbfcfbfcfafcfafcfafbfafbfafbfafafafafafafafafaf9faf9faf8fbf8fbf8fbf7fbf7fbf7fb
90,25174224,-47,11,256,1,0,0,6aa0060000f2feedfce9fbe5fbe2fbe0fcdffde0fee1fee4fee8feecfcf1faf7f7fbf2ffed02e803e402e101dfffdffce0f9e2f6e4f5f9fd000000000000000000000000000000000000ff03fc0ffc11fb12fb13fa13f913f912f911fb0ffd0d000b030907070b060f0512051506170619061a07190718061606130410010dffe400f706f707f807f808f808f808f808f808f809f809f90af90af90af80af80af80af70af70af70af709f709f708f708f607f607f606f506f505fc01fe0000ff00ff00ffff00fe00fc02fc01fc01fb01fb01fa01fa01fa02fa02f902f902f902f902f802f802f802f802f802f803f803f703f703f704f704f705f705f705f706
91,25182434,-46,11,256,1,0,0,6aa00600fc09ff0e01120317031a031d031f021f011f001d001a00150110020b06060a010efe14fc18fb1dfc1ffe210121041f071e09070200000000000000000000000000000000000001fd07f607f507f307f208f109f009f009f008f107f304f401f6fef7faf7f6f8f2f8eff8ecf7eaf7e8f7e8f7e8f7eaf7ecf8effaf1fce00005f705f705f605f605f605f504f504f504f504f404f404f404f304f304f304f304f304f305f305f405f406f406f406f407f507f508f609f603fc01ffff00ff00ff0000ff00ff01fd01fd01fd02fd02fd02fd03fd03fd03fd04fd04fc04fc04fc05fc05fc05fc05fb06fb06fb06fa05fa05fa05fa06f906f906f906f806f8
92,25250941,-44,11,128,1,0,0,1ee00100ee03eb06e908e609e309e208e206e205e304e503e902ed02f104f406f709f90dfa10f913f716f517f317f116ef14ef11ee0ffb03000000000000000000000000000000000000fffafde9ffe900e801e901ea02eb01ec00edfeeffcf0f9f1f6f1f3f0f0f0eeefeceeebecebebecebeceaedeaefecf1eef2f2f2f5f2f7
93,25307461,-45,11,128,1,0,0,1ee00100fb0dff0e020f0511061407160718061a041b031b0119ff17ff13000f020c050908080c080f09110b120e121111130e150c160205000000000000000000000000000000000000fb00ee00ee00ef00f000f002f003f004ef05ee06ee06ed07ed07ee07ef08f009f10af20bf20df30ff211f212f212f212f211f310f30f
94,25307935,-45,11,128,1,0,0,1ee001000f0310ff11fb13f816f619f51bf51ef61ff71ff91dfc1afe16ff12fe0efc0af908f508f109ed0bea0ee812e815ea17ed19f006fc0000000000000000000000000000000000000005021401130112021103110511061108120913091309140a140a130b120b100d0f0e0e100d120d140d160d160d150d150d140d130c
95,25308386,-45,11,128,1,0,0,1ee00100040f070e0b0d0f0d120f1411161316151616141711170e160b13090f090a0a060d0210ff14fe18ff1a011c031c071b0a1a0d0603000000000000000000000000000000000000fb02ef0bef0af009f10af20bf30cf30ef30ff311f211f212f212f312f412f611f812fa13fb14fc16fd18fe19fe1afe19fe18fe18fd16
96,25308831,-45,11,128,1,0,0,1ee00100f80bfb0dfd0fff1201150117001aff1bfd1cfb1bfa19f916f913fb0ffe0c010b050a090b0c0d0d100e120d150a18071904190106000000000000000000000000000000000000fbffeefceffcf0fcf0fdf0fef000ef01ee02ed02ec02ec02eb02ec03ed03ee04ef06ef08ef09ef0bef0dee0eee0eee0eed0dee0dee0d
97,25309284,-45,11,128,1,0,0,1ee00100f1fff103f106f009ee0cec0de90de70de60ce60be608e806ec05ef04f405f707fa0afb0dfb11f914f716f416f116ee14ed12fb04000000000000000000000000000000000000fefbfaeffaeffaf0faf1f9f2f7f2f6f1f5f1f4f1f3f0f3f0f3eff3f0f3f1f2f3f1f4f0f6eef7edf8ebf8eaf8e9f8eaf8ebf8ebf7ecf7
98,25311133,-45,11,128,1,0,0,1ee00100faf2f7f3f4f4f1f4edf3ebf2eaf0eaeeeaecebebeeeaf1ecf3eef6f2f6f6f5faf4fdf100ed01ea00e7ffe6fce5f9e7f6e8f3fafc00000000000000000000000000000000000003fc0df40cf40cf40af409f409f209f108ef09ee09ee09ed09ed09ed08ee06ee04ee03ed01ec00ebffeafee8fee8ffe8ffe8ffe9ffea
99,25311562,-45,11,128,1,0,0,1ee00100f106f30af40df411f415f217f019ee1aeb19ea18ea15eb11ed0ef10cf60bfa0bfe0d011002140218011afe1dfa1df61cf31bfc06000000000000000000000000000000000000fcfcf0f2f1f2f2f3f2f4f1f6f0f7eef7edf7ecf7ebf7eaf6eaf6ebf7ebf9ecfaebfcebfeea00e901e703e603e503e603e602e602e702
100,25353781,-44,11,128,1,0,0,1ee00100fa06fa0bfa11fa15f818f61af51bf31bf31af317f413f610f90cfd08020508040d03110415061708180a170d160e140f1210040400000000000000000000000000000000000002fd0af70af60af40af30af20af10af10af009f107f205f303f4fff4fcf5f8f6f4f5f1f4eef4ecf3ebf2eaf1ebf1edf2eff4f2f6f4f7
101,25414119,-47,11,256,1,0,0,7660070007fd09f70cf20eee11eb13e914e815e815e914eb12ee0ff10af405f7fff9f8faf2f9edf8e8f5e5f2e4efe4ece6eae9e8ece8fbfa000000000000000000000000000000000000fdfef5f9f4faf1fbeffbedfbecfbecfbecfbedfbeffcf1fdf400f702fa06fc0afe0d001101140217031803190319031803150311030ee600e900e901e802e803e803e804e805e805e806e707e707e708e708e609e609e509e508e407e407e406e505e505e504e503e502e500e5ffe5fdf6fefdff00ff00ff0000ff00fe00fb01fa00f900f8fff8fff7fff6fef6fef5fef5fdf4fdf3fcf2fcf2fcf2fcf1fbf1fbf0fbeffbeffbeefceefcedfdedfdecfdebfeeafee9fe
102,25414510,-43,11,128,1,0,0,1ee0010004f903f203ec04e705e306e108e009df0ae00ae309e608eb05f001f5fdf9f7fdf1feecffe8fee4fce3fae2f8e3f6e5f4e7f3fafc000000000000000000000000000000000000fd01f507f408f40bf30df30ef20ff110f110f20ff30df60cf90bfe0a020a07090b0a100b130c150e170f18101710150f130e100c0e09
103,25414906,-43,11,128,1,0,0,1ee00100f803f708f50df211ef13ed14eb15ea15ea13eb11ed0ff00cf409f907ff0605060a070e09110c120e1311121311140e140c14020500000000000000000000000000000000000002ff0bfd0bfb0cfa0ef80ff710f711f711f710f70ef80cf809f805f701f6fdf5f9f3f6f0f4eef3ecf2eaf2e9f3e9f4ebf5edf7f0f8f2
104,25429194,-48,11,256,1,0,0,76600700fbf4f6f2f2f0eeedecebebe9ebe7ece6ede6efe7f1eaf3edf5f2f5f7f4fcf201ef05eb08e709e309e007de04de00dffde1faf8fe00000000000000000000000000000000000003020d0a0d0b0e0b0f0b0f0c0f0c0f0c0e0b0e0a0d080d060c030d000dfd0ef90ff611f413f214f115f015f014f013f111f20df40af4ec000308030803090309040904090409050905090509050905090509060a060a060a050a050a040b040b040b040b030b030b020b010b000b000b0004ff01ffff00ff00ffff00ff00ff02ff02ff02ff02ff02ff02ff03ff03ff03ff04ff04ff05ff05ff05ff05ff05ff06ff06ff06000600070007010701070107010801080208
105,25457590,-43,11,128,1,0,0,1ee00100f7f7f1f6edf5eaf3e7f1e6efe6ede6ece8ebeaecedeef0f1f3f6f5faf600f505f30af10dee0feb10e80fe60ee60be609e706f90100000000000000000000000000000000000003000e030f03110312031303130313041304120310020e000cfd0bfa09f609f309ef09ec0ae90be80de70ee70ee80deb0bed09ef07f1
106,25459139,-43,11,128,1,0,0,1ee0010000f3fdeffaebf9e7f9e4f9e2fae0fce0fde1fee3ffe7ffebfdf0fbf5f8f9f4fcf0feecffe8fee5fde4fbe3f9e4f7e7f5e8f4fafc0000000000000000000000000000000000000103060d070e080f081009100911091109110810080d090b0a080b040d010ffe12fc14fa17f919f91bf91bf91afa18fb15fc12fb0ffb
107,25459732,-43,11,128,1,0,0,1ee00100020b070e0a120c150e180e1b0d1c0c1d0a1c081b07180513050e060908040b000ffd13fb17fb1afb1bfd1cff1c021a0419060601000000000000000000000000000000000000fdfdf5f5f4f4f2f4f1f3f1f3f0f2f0f2f1f2f2f3f3f5f3f8f3fbf3fef202f105ef09ed0beb0de90ee70ee70ee70ce90bec0aef09f209
108,25461345,-43,11,128,1,0,0,1ee00100f301f005ed08e90ae60be30be20ae109e208e406e704eb04f004f505fa07fe0b010f021302170119001bfd1cfb1bf919f718fd0500000000000000000000000000000000000002fd0bf60cf50cf40df30ef20ef20ff20ef20df30bf408f405f402f3fef2fbf1f8eef6ecf4eaf4e8f4e7f4e6f5e6f6e9f7ecf8eff8f2
109,25463443,-43,11,128,1,0,0,1ee0010007f607f107ec08e80ae50ce40ee30fe410e510e80eeb0bef08f203f5fef6f9f6f4f5f0f3eef0ecedecebeee9f0e8f3e8f5e8fdfa000000000000000000000000000000000000ff03fe0ffe10fe11fe12fe13fe13fe14fe13fe12ff10010e030c070a0a080d07110714071608180819091a0a180b160a130911070f05
110,25466756,-43,11,128,1,0,0,1ee0010005f503ef03eb04e705e407e208e10ae10be30be50ae908ed04f100f4fbf7f6f8f1f8edf6eaf4e8f2e8f0e9edebeceeebf0ebfcfa000000000000000000000000000000000000ff03ff0f001000110012001300130014001300120110030d050b08090b070f0512041504170419051b061b0619071707140612041002
111,25467331,-43,11,128,1,0,0,1ee0010009f80bf30def0fec12e914e916e917ea17eb15ee13f10ff30bf505f600f6fbf5f7f2f4eff2ebf2e8f3e6f5e5f8e4fae5fce6fff9000000000000000000000000000000000000fe03f90df80ef810f811f711f712f712f711f810fa0efc0dff0c030c070b0a0b0e0c110d130f141015111512131211100f0e0d0c0c09
112,25522723,-44,11,128,1,0,0,1ee00100060b0b0b0f0c130e16101713171517161517131710150d120b0e0a090a040bff0efb12f815f719f71bf81dfa1dfd1c001b030601000000000000000000000000000000000000fc00f000f000ef00ee01ed01ed01ec01ec02ed02ee02f003f105f307f50af60df610f613f615f616f518f419f418f416f514f712f910
113,25523239,-44,11,128,1,0,0,1ee0010005f302ef01eb00e700e301e102df04df06df07e107e506e904ed01f1fdf4f8f6f3f6eff4ebf2e9f0e9edeaeaece8efe7f2e6fcf90000000000000000000000000000000000000203090c0a0c0b0c0c0d0c0d0d0d0e0e0e0e0d0d0d0c0d0a0e080e050f0210ff12fd14fb16fa18f91af91bf91afa19fb17fb15fb13fa
114,25567979,-43,11,128,1,0,0,1ee00100f608f60df510f413f216f017ee17ed17ec15ec13ee10f10ef40cf80afd0a010b050e0711091408170719051a021a001afe19ff06000000000000000000000000000000000000fefcfaf2faf1f9f0f9f0f8eff8eff8eef8eef9eff9f1f8f2f7f4f5f6f3f8f1faeefbecfbeafbe8fbe7fae6f9e7f9e9f9ebf9edfbeffc
115,25568913,-44,11,128,1,0,0,1ee00100f201ef06ec09e90ce60de30de20ce10be10ae207e506e905ee05f306f709fb0cfd10fe14fe18fd1bfa1cf71cf41bf219f117fc0500000000000000000000000000000000000001fc04f004ef04ee04ed04ed05ec05eb05ec04ed03ee02effff0fcf0f9f1f6f1f3f0f0efeeeeedececebeceaedeaefecf1eef2f1f3f3
116,25569897,-49,11,256,1,0,0,5ee00500f408f40df312f217f01aee1cec1ceb1cea1aeb18ec15ef12f310f80efe0d040e0a100d141018101d0f200c23082404240023ff0800000000000000000000000000000000000001fb04ef04ee04ed03ec04eb04ea04ea04eb04ec02ed01effef0fbf2f7f3f4f3f0f3edf2ebf1e9f1e8f0e8f0e8f0e9f1ebf3eef6eff8f00009fc09fc09fb09fb09fa09fa09fa09f909f909f909f809f809f809f80af80af80af80af80af80af90af90afa0bfa0bfb0bfb0cfc0cfc0cfd04ff01ffff00ffffff000000000001000100010001000200020003ff03ff03ff04ff04ff04ff05ff05ff05ff06ff06ff06ff06ff06ff06fe07fe07fe07fe08fd08fd08fd08fd
117,25600031,-90,11,128,1,0,0,bdd55b410403ff02f802fa0004fe06fe030301060006ff04fb01f9fffbfefdffffff01fe01fd01ffff01ff010000ff01ff00fe00ff02000000000000000000000000000000000000000000ff03fd03fc01fdff01ff03fe0000ff01ff00fe02ff0002fefffffcfffefdfefefafdf8faf6fef504fd0400fceff6e5fcf503020003
118,25630829,-44,11,128,1,0,0,1ee00100ff0d030f07110a140c170d1a0d1d0c1e0a1f081f061d041903150410060b09070d041203160319041c071c0a1b0d191017120504000000000000000000000000000000000000fcfef1fbf0fbf0fceefcedfdecfdebfdeafdebfdecfdedfeeeffef01f004f107f10af10df010ef12ed13ec14ec13ec12ed11ee10f00f
119,25631372,-44,11,128,1,0,0,1ee00100ff0d040f08110b130d170e1a0e1c0e1e0c1f0a1e081c06190514050f070a0a060d03120116011a021c041d071d0a1b0d190f0604000000000000000000000000000000000000fcfef1faf0fbf0fbeffcedfcecfcebfcebfcebfdecfdedfdeeffef01f004f107f10af10ef010ef12ee13ed14ec14ed12ee11ef0ff10e
120,25631991,-44,11,128,1,0,0,1ee001000af808f208ee08ea09e60be40de30fe211e312e511e810ec0cef08f203f4fef4faf3f6f0f3ecf2e9f2e6f4e3f7e2fae1fde2fff80000000000000000000000000000000000000103040e050e060e070f0810091009110a120a110910090f0a0e0b0b0d080e0611041303160218011b011c021b021a03180316021501
121,25632530,-43,11,128,1,0,0,1ee001000c000dfb10f812f515f318f31af31bf41bf51bf719f916fa12fb0dfb09f905f603f302ef01eb02e805e607e50ae60ce70ee903fa000000000000000000000000000000000000fe03fb0dfb0dfc0efc0ffd10fd11fd12fd12fd12fd11fe10000f020e040d070d090d0c0d0f0e100f12101211111110100f0f0e0e0d0c
122,25633025,-44,11,128,1,0,0,1ee00100000d040f08110b140d180e1a0d1c0c1e0b1e091e071c05180414050f060a0a060e031202160219031b051c081c0b1a0e18100504000000000000000000000000000000000000fcfef1fbf0fceffceefcedfdecfdebfdebfdebfdecfeedffee00ef03f105f108f10bf10ef010ef12ed14ec14ec13ed12ee11f010f20f
123,25633919,-43,11,128,1,0,0,1ee00100000c040d07100a120b160c180c1a0b1b091c071b051904150412040d060909050c0310021402170419061908180b170e150f0504000000000000000000000000000000000000fcfff2fcf2fcf1fdf0fdeffdeefdedfdedfdedfdeefeeffff000f102f205f307f30af20df10ff010ef12ee12ee11ef10f00ff20df40c
124,25634574,-44,11,128,1,0,0,1ee001000bfd0df90ef511f314f116f018f019f11af219f417f614f810f90cf908f804f501f2ffeeffeb00e802e604e507e509e70be803fa000000000000000000000000000000000000ff03fd0dfe0efe0eff0fff10ff11ff12ff12ff1100110110020e040d070c090b0c0b0e0b110b120c130d140e130f120e100d0f0b0e0a
125,25635175,-44,11,128,1,0,0,1ee00100f203f108f00cee10eb12e813e613e412e311e40ee60ce90aed08f208f809fc0bff0f01130217011aff1cfd1efa1df71cf51bfd0600000000000000000000000000000000000000fc01f000f000efffeeffedfeecfeebfeebfeecfeedfdeefbeff9f1f7f3f4f4f1f4eef4ebf4eaf3e8f2e7f1e8f1eaf1ecf2edf4eff6
126,25642836,-48,11,256,1,0,0,5ee00500fdf4f8f3f4f1f0eeeeecece9ebe8ece6ede6efe7f1e8f3ebf5f0f6f5f6faf400f104ed08e90ae50ae109df06de03deffdffcf8fe0000000000000000000000000000000000000202080b090b0a0b0b0c0c0c0d0c0d0d0d0d0d0c0c0b0c090c060c030c000dfd0ffa10f712f413f314f215f215f214f212f30ff40df5f1000208020802080209030903090309040904090409050905090509050a060a060a050a050b050b050b040b040b040b030b030b020b010b000c0004ff01ffff00ff00ffff00ff00ff00ff00ff01ff01ff01ff02ff02ff02ff02ff03ff03ff04ff04ff04ff04ff05ff05ff05ff05ff0600060006000600070007010701080108
127,25660669,-44,11,128,1,0,0,1ee00100f5fcf200ef03eb04e805e505e304e203e201e4ffe7feeafeeefff301f704fa07fc0bfc0ffc13fa16f818f518f317f115ef13fb0400000000000000000000000000000000000002fe0af80af70bf60bf50bf30cf30cf20cf20cf20bf30af308f305f302f3fff2fcf0faeef8ecf7ebf6e9f6e8f7e8f8e9f9ebfaedfaf0
128,25696617,-48,11,256,1,0,0,766007000209070a0b0c0e0e111012121313121511150f140d130b10090c0708070208fd0bf90df511f315f218f31bf51cf81cfc1bfe06ff000000000000000000000000000000000000fefdf8f4f7f4f6f4f5f3f4f3f3f2f3f2f3f2f4f3f5f4f5f6f5f8f5fbf5fff302f205f007ef09ed0bec0cec0cec0cec0bee0af10af309ec00fceffbeefbeefbedfbedfaedfaedfaedf9ecf9ecf8ecf8ecf8ebf8ebf9eaf9eafae9fbe9fbe9fce9fde9fee9ffe900e901ea03ea04ea05ea02f800fdff0000000000fffffffffefdfefdfefcfefcfefbfefafefafef9fff8fff8fff7fff6fff600f500f500f400f400f4fff3fff3fff2fff2fff1fef1fef0fdf0fdf0fdef
129,25698421,-48,11,256,1,0,0,7660070007f906f307ee07ea07e609e30ae20be10de30de40ce70beb08ef04f3fff6f9f8f3f8edf6e9f4e6f1e6ede7eae9e7ece5efe4fcf9000000000000000000000000000000000000fd03f70cf70df70ff710f711f712f612f612f711f810fa0efd0d000c040b080b0b0b0e0c110c140d160e160e160e150e130d110a1008e900ee0aee0bef0cef0def0def0eef0eef0eef0fef10ee10ee11ee11ee11ed11ec11ec11eb10eb10eb0feb0eea0dea0de90ce80be809e708e707f702fd0000ff00ff00ffff00ff00fd02fd02fc02fb02fa02fa02f902f803f803f703f703f603f503f503f403f403f303f304f304f204f205f106f106f107f007f008f008ef09
130,25701970,-92,11,128,1,0,0,344bb34104fe05fd03f900f6fef8fffd02fe01fc00fb0bff14040805010209050f070a0102fdfefffe01ff00ff00fe00ff01fe00fe00ff00000000000000000000000000000000000000fffffefffe0000fe01fe00fffdfffcfffdfffdfffd00ff01fffffffc00fc00fc02fc04fb04f706f706fd02fffcfefefe01fb00fa04ff
131,25704519,-90,11,128,1,0,0,ebb66e4102ff0100ffff00ff0100010000fffe01fc00f1fee801f403fc01020a0813030800fd01fe00ff00ff01ff01fe00ffff00fe00ffff000000000000000000000000000000000000fffffcfdfdfefdfdffff01010001fe00fd00fe01fc01fd00000001010002fd01fd00ffff020003010100ffff01ff03fe02fdfefdfcff
132,25748402,-49,11,256,1,0,0,766007000cf90cf40df10eee0feb10e911e813e814e914ea13ed11ef0ef10af306f301f2fdeffaecf9e8f9e4fbe0ffde03de07df0be003f8000000000000000000000000000000000000000502140214011301120112011102110310040f050f070e080e0a0d0c0c0d0c0f0b100b120a130a140a150915091408130713051204ed00f902f902f903f903f903f904f904f904f904f805f905f906f906f806f806f706f706f606f606f706f705f605f605f604f504f403f403f402fb00fe0000ff00000000fffffffefefcfffcfffcfffcfffcfffcfffcfefdfefdfefdfefdfefdfefdfefefdfefdfefdfefdfefcfffcfffcfffbfffb00fb00fb00fb01fa01fa01
133,25754731,-48,11,256,1,0,0,76600700f303f107ef0bed0eeb0fe910e810e710e70ee80cea0bed09f109f509fa0afe0c021004140418031b011efe1ffa1ff71df41bfd0600000000000000000000000000000000000002fc08f008ef09ef09ef09ef09ef09f008f107f105f203f200f3fef2fbf2f8f1f6f0f4eff2eef1edf1edf1edf1edf2eef3f1f4f3f5f6ec000fff10ff10fe11fe11fd11fd11fc11fc11fb12fa12f912f912f913f913f914f914f914fa14fa14fb14fc14fc14fd14fd15fe15ff1501150207000200ff00ffffffff00000101030503040304030403050405040505050505050505050605060507050705080508050904090409040a040b030b030c020d020d020e010e01
134,25766752,-44,11,128,1,0,0,1ee00100040c080d0c0f0f11111411161118101a0f1a0d190a170813070f070a09050b010eff12fd16fc19fd1bff1c011c041a0618080602000000000000000000000000000000000000fbffeefeeefeedfeedfeecfeecfeecfeecffedffee00ef02f104f206f309f40cf40ff311f213f214f015f016f015f113f211f40ff60d
135,25827244,-43,11,128,1,0,0,1ee00100010b050e09100b130c160c190c1a0b1c091b071a05170413040f050a07060a020d0011ff15ff170019021a0419071709150a0502000000000000000000000000000000000000fcfef2f9f2f9f1f9eff9eff9eef9eef9edf9eefaeffaf0fcf1fef101f204f207f10af00def0fee10ec11eb11eb10ed0eef0df10bf30b
136,25827790,-44,11,128,1,0,0,1ee00100f9f5f5f5f1f4edf2ebefeaedeaebebeaeceaefeaf1ecf4eff6f3f7f8f7fdf501f305f008ed09ea09e808e606e604e701e7fffaff00000000000000000000000000000000000003000e010f01100111001100120012001200110010ff0ffe0dfc0cf90bf709f409f009ed0aeb0bea0ce90de80dea0cec0bee09f008f1
137,25829021,-44,11,128,1,0,0,1ee00100000c040e071109140a170a19091b071c061b041a03170213020f030a060609030d00110015001701190319061808160a140b0503000000000000000000000000000000000000fcfdf3f7f2f7f1f7f0f6f0f6eff6eff6eff6f0f7f1f9f1fbf2fdf200f103f106ef08ee0bec0ceb0dea0ee90ee90ceb0bee0af009f309
138,25829494,-44,11,128,1,0,0,1ee001000a080f06140618061b081d091e0b1e0d1c0d1a0d160d120b0e080b0309fe08f909f40bf00eed10ec13ec16ed17ef17f217f505fd000000000000000000000000000000000000fb00ef03ee03ed04ec04ec05eb05eb05eb05ed06ee06f107f309f50bf80dfa10fb14fc17fc19fb1bfb1cfa1dfa1bfa19fb16fc13fd11
139,25829999,-44,11,128,1,0,0,1ee00100fd0bff0e021203160319021b001cff1dfe1cfd1afc16fc13fe0e000a040708050c04100414051607160a160c150e120f10100304000000000000000000000000000000000000fdfdf6f3f5f3f5f2f4f2f4f1f4f1f3f1f3f1f4f2f4f4f4f6f3f9f2fcf1fff001ed03eb05e906e806e606e606e705e904eb04ee04f104
140,25833407,-44,11,128,1,0,0,1ee00100f7f9f2faeefbeafae6f9e5f7e4f6e4f4e5f4e7f3ebf4eff6f2f9f6fdf901fa06fa0bf90ff713f515f315f015ef13ee11ed0ffb0300000000000000000000000000000000000003010e040f0410041104120412041204120311030f010eff0cfd0afa09f708f307f007ed08eb08e909e70ae70ae809ea08ed07ef05f1
141,25912344,-43,11,128,1,0,0,1ee00100f807f80df811f615f418f21af11aef1aef18f016f112f30ff70bfc08010607050c061007140a150c160f1511131210120e13030400000000000000000000000000000000000002fc08f208f109f009ef0aee0aee0aee0aee09f006f103f200f3fcf4f8f5f4f4f1f4edf2ebf1eaf0e9efe9eeeaefecf0eff2f1f5f3f7
142,25913067,-43,11,128,1,0,0,1ee00100000b041007140a190b1d0a1f092108210620051e031a0215020f040906030afe0efa13f817f71bf81df91efc1dfe1c011a030601000000000000000000000000000000000000fffbfceefcedfbebfaeafae9fae9fbe9fbeafaecfaeff9f2f7f5f4f8f1fceeffea01e703e404e204e004e003e103e402e702eb03ee03
143,25954989,-44,11,128,1,0,0,1ee001000dfb0ff712f315f118f01bf01cf11df21df31bf518f714f80ff90af806f602f2ffeffeeaffe700e402e205e207e30ae50be703fa000000000000000000000000000000000000fe04fb10fb11fa11fa12fa12fa12fa12fb12fc11fe10000f020f050e080d0b0e0e0e100f1210131113131314121310110f0f0e0c0d0a
144,25963895,-93,11,128,1,0,0,4ff1140001f502f001eefdf0fdf2fef4fef5fdf5fdf7fdf9fdfdfdfffc00fb00fa01f900f9fef9fef8fdf7fcf9fdfbfefafdfafcfdfcffff0000000000000000000000000000000000000001010500040004fe03fe0100010101020004fe07fc07fc07fe09000c010d010b010b020a0309040902060005ff03ff02fdfff8fcf1
145,25989240,-44,11,128,1,0,0,1ee001000cfd0ff912f616f419f31bf31df41ef51ef71cf818fa14fb0ffb0afa05f701f4ffeffeebfee700e402e204e207e309e50be702fa000000000000000000000000000000000000fd03f50cf50cf50df40df50ef50ef50ff50ff70ff80efa0efd0e000e030e060f08100b120c130d140e160e170d160c140b120a100a0e
146,25989925,-44,11,128,1,0,0,1ee0010006090a0a0e0b120d140f151115131414121410140d110b0e090a080608010afc0cf910f613f516f518f61af81afb19fd18ff0500000000000000000000000000000000000000fcfff1fcf1fcf0fcf0fceffceffdeffdeffef0fef1fff201f303f405f508f50af50df510f512f413f314f214f313f412f510f70ef90d
147,25990426,-44,11,128,1,0,0,1ee001000c0010fd13fa17f91bf91df91ffb1ffc1efd1cff190014000fff0bfc06f903f402f002eb03e705e507e30ae40ce50ee80fea04fa000000000000000000000000000000000000fc02f209f109f109f10af10af10bf10bf10cf30cf50bf70cf90cfc0dff0e01100412061407150817081908190718061606140611060e
148,25990827,-44,11,128,1,0,0,1ee001000afc0cf80ef411f214f016f018f119f218f317f514f711f90cf907f903f7fff5fcf1faeefaeafbe7fce5ffe501e504e706e801fa000000000000000000000000000000000000fd03f70cf70cf70df70df70ef70ef80ff80ff90efb0dfc0dff0c010c040c070c090d0c0e0e0f0f100f110f120e120d100b0e0a0c0a0a
149,25991400,-44,11,128,1,0,0,1ee00100040b080d0c100f1311161019101b0f1b0d1b0b1909160812070e070808030cfe0ffc14fa18fa1afb1cfc1dff1d011b0419060601000000000000000000000000000000000000fcfdf1f7f1f7f0f7eff7eff7eff7eff7eff8eff9f0fbf1fdf100f202f205f208f10bf00eef10ed11ec11eb11ec10ee0ff00df20cf50b
150,25991881,-44,11,128,1,0,0,1ee00100030c070e0b110e140f170f1a0f1b0e1c0c1b0a1a08170613060e070808030bfe0ffb13f917f91afa1cfc1dfe1d011b0319050601000000000000000000000000000000000000fdfdf3f4f3f4f2f4f2f4f1f4f1f4f1f4f0f5f1f6f1f8f2faf1fdf100f103f006ef09ee0cec0deb0eea0fe90fea0eec0cee0bf10af409
151,25992389,-44,11,128,1,0,0,1ee00100f6f7f1f8ecf7e8f6e5f4e4f2e4f0e4efe6eee9eeecf0eff3f3f7f5fcf601f607f40bf20fee11eb12e912e710e60de60ae608f90100000000000000000000000000000000000004001002100211011201120112011300120011ff10fe0efc0dfa0bf709f408f208ee08eb08e908e809e70ae60ae809ea08ec06ee04f0
152,25992889,-44,11,128,1,0,0,1ee00100f301f005ec08e90ae50be30be20ae108e206e405e703eb03f103f605fb08ff0c011002140218011bfe1cfb1df91cf71af618fd0500000000000000000000000000000000000003fd0df60df50df40ef40ef30ef30ef30df30cf30af307f305f202f2fef1fbeff9edf7ebf5eaf5e8f4e7f5e6f6e7f7e9f8ecf8eff8f2
153,25993416,-44,11,128,1,0,0,1ee00100f401f105ee07eb09e80ae609e508e407e506e704ea03ed03f203f704fb07ff0b010f011301160018fd19fb1af919f717f615fd0500000000000000000000000000000000000002fd0bf50bf50bf40cf40cf30cf30cf30bf30af308f406f403f300f3fef2fbf1f8eff7eef5ecf5ebf5eaf5e9f6eaf7ecf8eef8f1f8f3
154,25993968,-44,11,128,1,0,0,1ee00100f4faeffceafce6fce3fbe1fae1f8e1f6e2f6e5f5e9f6edf8f1fbf5fff704f809f80ef713f416f217ef17ed16eb14eb11ea0ffa0300000000000000000000000000000000000004ff10fe11fd12fd12fd12fc13fc13fc12fc11fb0efa0cf90af708f506f204ef03ec02e902e702e603e404e404e604e803eb02ee00f0
155,25994451,-44,11,128,1,0,0,1ee00100f8f5f2f4eef3ebf0e9eee8ebe8eae9e8ebe8eeeaf0ecf3f0f5f5f6faf6fff405f209ee0beb0de80de50ce40ae407e404e502f90000000000000000000000000000000000000003010f06100611061106120612061206120510040f020e000dfd0dfa0cf70cf30cf00ded0eeb0fea10e910ea10eb0fed0def0af107f2
156,25994879,-44,11,128,1,0,0,1ee001000cff10fb14f818f71bf61df71ef81ff91efb1bfc18fd13fe0efd09fb05f702f300efffea00e601e403e306e309e40be60ce803fa000000000000000000000000000000000000fc02f20af20af10bf10bf00cf00cf00cf10cf30cf50bf70bfa0cfd0d010f031006120814091609180a19091a0818071606130610060d
157,25995299,-44,11,128,1,0,0,1ee00100040c080f0b120d150e190e1b0d1c0c1d0b1c091a07170612050d060808030cff10fc14fb18fb1bfc1dfe1d001c031a0518070601000000000000000000000000000000000000fcfdf2f5f1f5f1f4f0f4f0f4f0f4f0f4f0f4f1f6f2f8f2fbf2fef101f104f007ee0aed0ceb0eea0fe90fe80fe90deb0ced0bf10af30a
158,25995835,-44,11,128,1,0,0,1ee0010009080e09130a160c190e1a10191219141714141311110e0d0b090a0409fe0af90cf50ff113ef16ef18f01af21af51af819fa06fe000000000000000000000000000000000000fbffeffdeefdedfdecfdecfdecfdecfdecfdeefef0fff102f304f407f50bf60ef611f514f416f417f318f218f216f314f512f810fa0e
159,25996430,-44,11,128,1,0,0,1ee00100050c090e0d11101411171119101b0f1b0d1b0b1909160811070c070709010cfd10fa14f817f71af81cf91dfc1cfe1b0119020600000000000000000000000000000000000000fcfdf2f5f1f5f1f4f0f4f0f4f0f3eff4f0f4f1f6f2f8f2fbf2fef201f105f008ef0bed0dec0feb10e910e810e90eec0dee0bf10af409
160,25997816,-44,11,128,1,0,0,1ee001000c04110315021a021d031e051f061e081d091a09160812060e030aff08fa07f507f008ec0ae90de710e712e813ea14ed14f005fc000000000000000000000000000000000000fb00ef03ee03ed03ec04ec04ec04ec04ed04ee04f105f307f509f80bfa0efc11fd14fd17fe19fd1afd1bfc1cfc1afc17fd14fe11000f
161,25998358,-44,11,128,1,0,0,1ee00100f9f4f4f2f0efedececeaece7ece6eee5efe5f1e7f4eaf6eef7f3f7f9f6fef403f007ec09e80ae609e308e206e303e400e5fef9ff00000000000000000000000000000000000003020f080f081009110911091109110911090f070e050e020dff0dfc0df80df50ff210ef11ee13ed14ec15ed14ee12f00ff10cf309f4
162,26271115,-92,11,128,1,0,0,4ff114410df60cf80afa08fc09fd0cfe09ff04fd01fb03fb03fb01fb00fbfffafef9fef9fefa01f903f803f803fb02fc02fb01fb02fc00ff00000000000000000000000000000000000000000102ff04fe05ff04ff02fc02fb020002050106000502070509050b050b05080505060408030804070407030402ff03fe03fc02fa
163,26595313,-96,11,128,1,0,0,b66aab41fc00feff00fefffefb00fc01fd01fc0304060a090a0305f804f60601010afc06fcffff02000500010101fe01f800f702fb08ff0200000000000000000000000000000000000000ff01fe00fffffffffefffefefefffefefffc01fd01fd00fe01010101ffff00ff02fd00fdff01000302020101ff01feff00fdfffffd
164,26890094,-93,11,128,1,0,0,4ff11441ee05f002f403f206f207f705fa05fa06fc06ff0703050401030003ff04ff070007fd08fc08fd06fc06fb07fb07fc04fd01ff0000000000000000000000000000000000000000ff01ff05fe05fe06fe05ff01ff00010104020504050305ff07fc09fc0afe0afe0afb09fa07fa07f906f905f903fb00fdfefdfcfcf9f8
165,27194600,-95,11,128,1,0,0,eccaae41fefe01fa02f900fd00ff0200030000fefefe00ff0000010003010102ff02fe01ff0000fe00feff00ff01ff0000ff00ff00ff0000000000000000000000000000000000000000fffffefdfdfefd01ff0000fefffffffffffffefeffff0000ff02fd03fe02ff0000ff01fe00fe01fe01ffffff06fc0ff80afc04030303
166,27195550,-92,11,128,1,0,0,f99eef41ff00fe00000002fe02fd03ff01000000020002fe00fefe00ff0101000100ff00010001ff00feffffff000101020000ffff00ff00000000000000000000000000000000000000ff00fe0001fe02ff01ff02fe02fe02fd03fd0000fe02ff02ff02ff010002010001fd00fd02fd04ff02020001fe0afc15f80bf4fef9fe
167,27299866,-91,11,128,1,0,0,b9911b4100fffd01fd01ff0100010000ffffff00ff010a0213030901000106fc0df506f9fffe00fd00fdfffffeffff00010001ff01ff00ff00000000000000000000000000000000000000ff01fefffeffff000001010101ff00ffff000100fffffdff0001020103ff03ff01fffdfffc00feffff00fe03fd04fc04ff04020002
168,27445378,-48,11,256,1,0,0,b6600b00ff0c011103150418051b051c041d031d031c021902150211030c050708020cfe11fb15fa1afa1dfb1ffd20ff1f021e051b07060200000000000000000000000000000000000001fb06ee06ee07ed08ed09ed09ee08ef07f006f203f400f6fcf7f8f8f4f8f1f9eef8ebf8e9f8e8f7e8f7e8f8e9f8ebf9eefbf1fef400e00007f907f907f807f807f807f706f706f706f606f606f606f606f606f606f506f506f507f507f507f507f607f607f708f708f709f809f809f903fd01ffff00ff00ff0000ff01ff04ff04ff05ff05ff05ff05ff06ff06ff06ff06ff06ff06ff07ff07ff07fe07fe07fe07fe07fd07fd07fd07fc08fc08fb08fb08fb08fa08fa
169,27446946,-44,11,128,1,0,0,1ee00100040b080e0b110d140e170e180d190c190b1809160812060e060a060408ff0afb0df710f513f316f317f418f618f817fa16fc05ff000000000000000000000000000000000000fefcfaf0faeffaeefaedfaecfbedfbedfbeffbf1fbf4f9f7f7fbf5fef201f003ed05ea06e807e707e606e606e805eb04ef04f204f604
170,27454544,-49,11,256,1,0,0,36655300fef7faf3f7eff5ecf4e9f3e7f3e5f3e5f4e6f5e8f7ebf8effaf4fafafa00f906f70cf410f113ee15eb15e814e712e60fe70cf902000000000000000000000000000000000000fd01f406f307f208f109f00af00af00af109f208f508f807fc060006040608070c070f0812091409150a150a1509130811060d040b03df00f211f212f312f313f313f313f413f414f415f415f516f516f517f417f417f318f218f217f117f116f115f014ef13ee13ed12ec11eb10ea0ef805fd0100ff00ff00ffff00fe02fb05fb05fa05fa05f906f806f806f707f607f607f507f507f408f408f308f308f309f309f209f20af20bf20bf20cf20df20ef20ef20ef20e
171,27456829,-48,11,256,1,0,0,3665530007050c05120517061a071d081e081e091c091a09170812060d03080003fb00f6fcf0fbeafbe5fce2fedf01de04de07e009e202f800000000000000000000000000000000000000fc03f102f002ee02ec02eb02eb02eb01ec01ee00f1fef4fcf7f9faf6fef301f003ed06ea08e809e70ae80ae80aea09ed08f107f506d500fdf4fcf4fcf4fbf4fbf4fbf4faf4faf4faf4faf4f9f4f9f3f9f3f9f3f9f3f9f2f9f2faf2faf2faf2fbf2fbf2fcf2fcf2fdf1fef1fff100f100fa00fe000000000000fffffffefffcfffcfffbfffbfffbfffa00fa00fa00f900f900f800f800f800f700f700f700f700f700f700f6fff6fff6fff6fff6fef5fef5fef4fdf4
172,27461583,-48,11,256,1,0,0,366553000009040e07120a160b190c1b0c1d0b1d0a1c091a08170613050e0508070109fb0cf610f214f019ef1cef1ef11ff51ff81efb07ff00000000000000000000000000000000000002fc08f308f209f009ef0aee0aee0aee09ef08f106f203f400f6fcf7f7f8f3f9f0f9ecfaeafae7f9e6f9e6f9e7fae9fbebfceefef1ffdb000eee0ded0cec0cec0beb0ceb0bea0bea0be90ae809e809e709e70ae70be60ce60de60de60ee60ee70ee80fe910ea11ea13eb14ec14ed15ee07f902feff00ff00ff0000ff01fe05fa05fa06fb06fb07fb07fa08fa09fa09f90af90af90bf90bf90cf80cf80df70df70df60df60df60df50df40df40df30df20cf10cf00def
173,27469661,-48,11,256,1,0,0,3665530007fa09f40bef0deb0fe811e612e513e512e711e90fec0cef08f402f7fcfaf6fceffde9fce4fae1f7dff4dff1e1eee4ece6ebf9fa000000000000000000000000000000000000fdfef3f9f2f9f0f9eff8eef8edf8edf8eef9f0faf2fbf4fef601f904fb08fd0cff0f001301150218021902190318031603140410040ce300f4fef3fef3fff3fff300f300f300f300f200f201f202f202f202f201f101f101f000f000f000f000f1fff1fef1fef1fdf1fcf1fcf1fbf2fafbfefeff000000000000fffffefffcfefcfefcfefcfefcfefbfdfbfdfafdfafdfafdfafdfafcf9fcf9fcf9fcf8fcf8fcf8fcf8fcf8fcf7fcf7fcf6fcf6fdf6fdf5fdf5fef4fe
174,27476728,-48,11,256,1,0,0,36655300f6fff202ed04e905e606e406e306e306e405e704ea04ef03f403fa04000506070b0a0f0e111212151218111a0e1b0b1a091902060000000000000000000000000000000000000003020d030e031004110412041303120311030f030c04080504060008fd09f90bf50df20ef00fee10ed10ed0fee0def0bf108f405f6de000e100f101010100f110f120f130e130e140d140d140d150d150d160d170d170d160e160f150f1510141114111311121111120f130e140d1404070102ffffffffffff0000010203070308030803090409040a040a030b030b030c030d040e040e040e040f040f040f05100610071007100810081009100a100b110c110d11
175,27526845,-47,11,256,1,0,0,3665530007f709f20ced0ee90fe710e611e511e610e80eeb0bee08f203f6fefaf9fdf200ec01e700e3ffe0fddffbdff9e1f7e3f5e6f4f9fd000000000000000000000000000000000000fcfdf3f6f2f5f1f4f0f3f0f3f0f2f1f3f2f4f4f6f6f9f8fdfa01fb05fd0afd0efe12fe15fe18fe19ff19ff19ff1700150111020c0208d300f4faf4faf4fbf4fbf4fbf4fcf3fcf3fcf3fcf2fcf2fdf2fdf2fdf2fcf2fcf2fbf2fbf2fbf2fbf2faf3faf4f9f4f9f4f8f4f8f5f7f6f7f6f6fcfcfffe000000000000fffffefffafdfafdfafcfafcfafcfafbfafbfafbf9fbf9faf9faf9faf9faf9f9f9f9f8f9f8f9f8f9f8f9f8f9f8f9f7f9f7f9f6faf6faf6faf5faf5fa
176,27549016,-47,11,256,1,0,0,3665530007f608f109ec0be80ce60ee40fe40fe50ee60de90bed08f004f4fff7f9faf4fceefce9fbe5f9e2f6e2f3e2f1e4eee8edeaedfafb000000000000000000000000000000000000fc00f001ef01ee01ed01ec01ec01ed01ee01f101f302f703fa05fe08010b030e05110713091509170a170a17091509130810070b0708de00e9fee8ffe800e801e801e802e802e803e704e705e705e706e706e705e605e505e504e504e504e603e602e601e700e6ffe6fee6fde7fbe7faf7fdfdff000000000000fffffdfff8fdf8fcf8fcf7fbf7fbf6fbf6faf5faf4faf4faf3f9f3f9f3f8f2f8f2f8f1f8f1f8f0f9f0f9eff9eff9eefaedfaecfbebfcebfcebfceafd
177,27603988,-47,11,256,1,0,0,36655300f809f60ef513f318f11af01cf01cf01cf019f217f413f70ffb0b000606030c0113ff18ff1c001f03200520071e0a1b0b190c060300000000000000000000000000000000000003010f04100413041405150615061407120610050d030a0007fd04f901f5fff0fdecfbe9fae6fae4fae4fae4fae6fae8fbecfbf1fcf5dd000c000c000d000dff0dff0dff0dfe0dfe0dfe0dfe0dfd0dfd0dfd0dfd0efd0efd0efe0efe0efe0dff0dff0d000d000d010c010c020c030c0304010100ffffffffffff00ff0100050005000500050106010601060207020702070207030803080308030803090309030903090309030a030a030a020b020b020b010c010c01
178,27614768,-42,11,256,1,0,0,36655341faf5f5eff2ebf0e6eee3ede1eee0efe0f0e1f2e4f4e8f7eef9f4fafbfa02f909f80ff514f217f019ee1aec19ec16ec14ec11fb04000000000000000000000000000000000000fd02f50af40cf30ef210f111f011f011f110f30ff60cfa0aff08040709050f04140418041b041e05200620061e061a06160512030e0000fe00fafef7fbf4f8f0f7edf6eaf6e7f6e4f7e2f9e2fbe3fde5ffe701ea03ee05f206f607fa06fe0501040402060007ff07fd07fc0709fe08fe01ff00ffffffff00ff0000ff01ff06fb06fbfe02fd02fc02fc02fc02fd01fd00ffff00fe03fd06fc09fb0dfb11fb14fb16fc18fd1afe1a001a0119011802140211020d010b00
179,27618689,-42,11,256,1,0,0,3665534105f506ee08e90ae40ce10ddf0edf0fdf0fe10ee50ce909ee05f300f8fafcf4ffef01e901e501e200e0fee0fce2fae4f9e6f8f9fd000000000000000000000000000000000000fc00f100ef01ed02eb02ea02e902e902ea02ec02f002f403f805fd08020b060e09110c150e170f19101b101c0e1a0c180b14090f080b01ff05fc05f905f406f008ed0aea0ce80ee610e611e712e912eb11ee10f20ff50df90afc08ff05010202ff02fc02fa02f901f900f9ff0805060501000000ffffffffff00000001ff080008fffdfffcfffbfffbfffbfefcfefdfdfffd01fd03fe06ff09010c040f061009120b120d130f1211111210120f110c100a0d080a0707
180,27622007,-47,11,256,1,0,0,36655300f807f70df513f317f21af01cef1cef1cef1af118f314f610fa0cff0805040b02120117011c031f052008200b1e0d1c0f1910060400000000000000000000000000000000000003000d020f0211021302140215031404130411030e020bff08fd04fa01f6fef2fceefaebf9e8f8e6f8e5f8e5f8e6f8e8f9ecf9f0faf4d7000c010c010c000d000c000c000d000d000dff0dff0dff0efe0efe0eff0eff0e000f000e000e010e010d020d030d030d030c040c050c060b0704020100ffffff00ff0000ff01ff04ff04ff05ff05000500060006000601060107010702070207020802080308030803090209020902090209020a020a020b020b010b010c01
181,27623923,-47,11,256,1,0,0,76633700f5fef000eb02e603e304e004df03df03e102e401e801ec01f202f804fe07030a080f0b130c180c1c0a1e08200520021f001dff070000000000000000000000000000000000000103060c080d090f0a100a110a120a120911080f070c07080704080009fb0af70bf20def0eec0feb10ea10e90fea0dec0bef08f206f4db0007090709080908090809080808080808090809080a080a080a080a080a090a090a090a0a090a090a080a080a070a070b060b050b050b040b01040001ffffffffffff000001010303020302030204020402050205020502060206020602070207020802080208030803080308030803080409040905090509050906090609
182,27724000,-25,11,128,1,0,0,1440014103120218fb1af616f615f415f016f019f017f211f70df90dfe0d010b000a000a010d000f01100010fe0efd0cfc0cfb0bfb0afe02000000000000000000000000000000000000fe03fb0efa0ef70df70df70cf60bf409f60af70bf80dfa0dfc0dfc12fb14f513ed18ec17f210f60bf50ff312ef0eea0dec14f517fd13
183,27837539,-48,11,256,1,0,0,96600900f3fdef00eb01e802e502e302e201e200e4ffe6fee9feedfff201f604fa07fd0cfe11ff15fe19fb1cf91df51df31bf018ef16fb0500000000000000000000000000000000000003000f00100011ff120013001300120111000f000dff0bfd09fb07f805f504f104ee03ec03e903e804e704e704e803ea02ed00f0fff3ee000d0b0e0b0f0b0f0b100a100a100a1109110912091308130813081408140914091409140a130a130b120b120c110c100d0f0d0e0e0d0f0d1004050101ffffffffffff000001010205020502050306030603070307030804080409040a040a040b040b040b050c050c060c060c070c080c080c090c090c0a0c0b0c0b0c0c0c
184,27841228,-47,11,256,1,0,0,16611100070a0b0c0f0f1211141314151416131611150f130d100b0c0a07090209fd0bf70df310f014ee17ee1aef1bf11cf41bf71afa06fe000000000000000000000000000000000000fdfcf7f1f7f0f6eff6eef7edf7edf8eef9f0f9f2f9f5f8f8f7fbf5fff302f005ee07eb08ea09e80ae80ae80aea09ec08ef08f307f707e80003ec03ec02ec01eb01eb00ea00eaffeaffeafeeafdeafdeafde9fde9fde8fde8fee8fee8fee8ffe8ffe800e901e902e903ea05ea06eb07eb02f800fdff00ff00ff0000ff01fd04f804f804f804f805f705f705f706f606f607f507f507f408f408f408f308f308f308f208f207f107f107f006f006ef05ef05ee05ed04ed
185,27870775,-47,11,256,1,0,0,76600700f3fceefdeafee6ffe3fee1fee1fde1fce3fce6fce9fceefef200f603fa08fd0dfe11fe16fd1afb1cf81ef51df31cf119f016fc0500000000000000000000000000000000000003010f051006110612071208120811080f080e060c040a0109fd08f908f508f208ee09eb0ae90ae80ae80ae80ae908ec07ee04f202f4e6000a110a110b110c110c110d100d100e100f0f0f0f100f100e100e110f110f11101011101110110f110e110e110d110c120b120a130913091303070002ffffffffffff0001000301080108000800090009000a000b000b000c000c000d000d000e000e000f010f010f01100210021003100310041005100610071107110811
186,27906628,-47,11,256,1,0,0,76600700f506f30bf00eee11ec13ea13ea13ea12eb11ed0ff00cf40af909fe08040809090e0a110d13101413131512170f180c170a17020500000000000000000000000000000000000003ff0ffd10fc12fc13fd14fd14fe13ff11ff0fff0cfe09fc05fa02f700f4fef0fcedfbeafae8fae7fae7fae7fae8fbebfbeefbf3fbf6eb00130713071406140615051505150415031503150215021601160116011602170217021703160316041504150514051406130713071208110906030101ffffffffffff0000020107040705070507060807080708080908090909090a0a0a0a0a0b0a0b0b0b0b0b0b0b0c0b0c0b0c0b0d0a0e0a0f0a0f091009110911091109
187,27913429,-47,11,256,1,0,0,76600700faf5f5f3f2f0f0edeeebeee9eee8efe8f0eaf2ecf4eff5f2f7f7f8fcf802f607f40bf10eee10eb11e810e70ee60ce709e807fa010000000000000000000000000000000000000003030f0310031103130213021301130111010f020c0409060608030b000ffe11fc14fb16fa18fa18fa18fa17fb14fb11fb0dfa0afae400f812f913f913fa13fa13fa13fa14fb14fc15fc15fd15fd15fd16fd16fd16fc16fc17fb16fb16fb15fa15f914f914f813f712f612f511f411fb06fe0100ff00ff00ffff00fe02fc07fb07fb07fa08fa08f908f908f809f809f70af70af60af60af50bf50bf50bf50cf50cf50cf50df50df50ef60ef60ff710f710f711f711
188,28015444,-43,11,128,1,0,0,1ee0010009f40bf00cec0fea11e812e813e913ea13ec11ee0ef10af306f501f6fcf5f7f4f4f2f1eff0ecf0ebf1e9f2e8f4e8f7e9f8eafefa000000000000000000000000000000000000fe03fa0ff910f811f811f711f711f710f80ff90efc0cff0b030a070a0a0a0e0a110c130d140e1510151114111210100e0d0b0c080b05
189,28016015,-44,11,128,1,0,0,1ee001000ffe14fc18fa1cfa1ffb20fc20fd20fe1eff1a0016ff11fe0dfc08f904f502f101ec01e802e504e306e208e30ae50be70be903fa000000000000000000000000000000000000fc02ef08ee08ed08ec08ec07ec07ec06ed06f006f306f708fa0afd0d000f031304160519051b041c031d021d011b01170213030f040b
190,28070951,-43,11,128,1,0,0,1ee00100f606f50bf40ff213ef15ed16ec16eb15eb14ec12ee0ff10cf50afa090008050a090c0c0f0e120e150d170c190a1907180518010600000000000000000000000000000000000001fc06f306f206f106f006ef07ee07ee07ee06ef05f102f200f3fcf4f9f5f6f5f2f4eff3edf2ecf1ebf0ebefecefeef0f0f2f2f5f3f7
191,28079119,-44,11,128,1,0,0,1ee00100f8f1f4eef1ecf0e9efe6efe4f0e4f1e3f3e5f4e7f6ebf7eff7f4f6f9f4fef102ed04ea06e606e405e303e201e3ffe5fde7fcf9fe000000000000000000000000000000000000040210081009110a110b110c110c100c0f0b0e090c060c020cfe0dfa0ef70ff411f113ef15ee16ee17ee17ef16f113f30ff40cf509f6
192,28080375,-43,11,128,1,0,0,1ee00100ef00eb03e704e304e003df01df00e0ffe2ffe5fee9ffed00f202f606f90afb0efc13fb16fa19f81bf61bf41bf319f216f214fc0500000000000000000000000000000000000003fd0ff510f512f513f513f513f613f711f80ef80bf807f604f401f2feeffbecfae9f9e6f9e4fae3fce2fde2fde5fee9fdedfcf1fbf4
193,28081695,-43,11,128,1,0,0,1ee00100f5f6f0f4edf2eaf0e9eee9eceaebebebedecefeef1f1f3f5f5faf6fff603f508f30bf00eed0feb0fea0fe90de90bea09eb07fa0100000000000000000000000000000000000003010e070f081009100a100b100b0f0b0e0a0c080b050a010afd0af90af60bf20def0fed11ec12ec13ec13ed12ef0ff10cf308f505f6
194,28082848,-43,11,128,1,0,0,1ee001000b071108140a170c190e1910181117111510130f100c0d080a0409ff08fa09f50af10dee0fec11ec12ec14ed14f013f213f404fd000000000000000000000000000000000000fcfef0f9eff8eef7edf6edf6eef5eff5f0f6f2f8f4fbf5fef602f606f60af50ef411f214f115ef15ee15ee14ef12f110f40ef80cfc0a
195,28083284,-43,11,128,1,0,0,1ee00100f7f4f3f1f0eeeeebede9ede7eee6efe7f1e8f2ebf4eef6f3f7f8f7fdf602f407f10aee0ceb0de90ee80de70be709e907ea05fa0100000000000000000000000000000000000002030a0c0a0d0b0f0b100b110a110a11090f080d0709080609020bfe0dfa0ff711f414f216f217f219f218f317f513f60ff70cf808f8
196,28084523,-43,11,128,1,0,0,1ee00100f309f00eed12ea15e716e616e515e514e612e910ec0df10bf70afd090309090b0e0d111013131415131711180f180d180b17020500000000000000000000000000000000000003fd0ff710f612f614f514f615f615f713f710f80cf808f704f6fff4fbf1f7eff4ebf2e8f1e5f1e4f1e3f2e3f4e5f6e8f7edf7f1f8f5
197,28085011,-43,11,128,1,0,0,1ee00100f3f9eef8eaf7e6f6e4f4e3f2e4f1e5f1e7f1e9f3edf5f0f8f4fcf701f906fa0bfa10f914f717f618f419f318f216f114f112fc0400000000000000000000000000000000000002020b0a0c0b0d0c0e0d0e0e0e0f0d0f0c0e0b0b09080904080009fc0af70bf30def0fed10eb12ea13ea13eb12ed10f00cf209f406f6
198,28126230,-47,11,256,1,0,0,96600900020a050e08130a160b180c1a0b1b0a1b091a07170614050f050a060508ff0bfa0ef612f416f319f31cf41df61df91bfc1afe06ff00000000000000000000000000000000000000fc02f102ef03ee03ec04eb04eb04ec04ed04ef02f100f4fdf7f9f9f6fbf2fceefdebfde8fde6fde6fde6fde7fde9fdecfef0fff401e20008ed08ec08eb08eb08ea08ea07ea07ea07ea07ea07e907e907e907e907e808e809e909e90ae90aea0beb0cec0cec0ded0eee0fef10f110f206fb01feff00ff00ff0000ff00fd02f702f703f703f704f705f605f606f607f507f508f408f409f409f30af30af30af30af20af20af10af10af10af00af00aef0aef0aee0aed
199,28216743,-91,11,128,1,0,0,4ff114410bff09010b010f020e030b020a01070103ff01fe01fc01fa00f901f901f9fff8fff701f700f7fef7fef8fff9fefbfffd01ff0000000000000000000000000000000000000000fdfff7fef8fef8fef8fcfafefc00fd01ff020004ff0700090109020b010cfd0bfc09fe08fe06ff050006fe050004040306ff07fd07fd
200,28234879,-43,11,128,1,0,0,1ee0010009090f0a140c170f19111a13191518151615131310100d0d0b08090208fc09f70bf20eef11ed14ec16ed17ee18f117f316f505fd000000000000000000000000000000000000fcfdf1f7f0f7eef6edf5ecf4ecf4ecf4edf4eff6f1f8f2fbf3fff404f408f30cf110f013ee15ed16eb17eb16eb14ed12f00ff40df80c
201,28289431,-44,11,128,1,0,0,1ee001000f031202160119011c021d031d051c061b061806150612040f010cfe0bfa0af60bf20def0fed11ed14ed15ef16f116f416f605fd000000000000000000000000000000000000fd03f50ef50ff40ff30ef30ef30ef40df50df60df90cfb0dfe0e000f03100412061407160717061806190519051704150412050f060c
202,28289926,-44,11,128,1,0,0,1ee00100fd0dfe11ff14ff16fe19fd1afc1afb19fa18fa16fb13fc10fe0d010a050909090c0a0e0b100d110f10110f120d130b1309130204000000000000000000000000000000000000fcfdf2f7f2f6f2f5f2f5f2f5f3f5f3f5f3f6f4f8f4faf4fcf3fff201f103ef05ed06eb07ea07e906e906e905ea04ed04f004f305f506
203,28341537,-44,11,128,1,0,0,1ee00100fcf4f9f0f7edf6eaf5e7f6e5f7e5f8e5fae6fbe8fcebfcf0fbf4faf9f8fdf400f103ed04ea04e803e702e7ffe7fde9fcebfbfafe0000000000000000000000000000000000000103070c080d090e090f091009100910080f080d070b080809050b020cfe0ffb11f914f816f717f719f819f817f914fb11fb0efb0bfa
204,28342225,-44,11,128,1,0,0,1ee0010002f200ed00e900e501e203e105e006e106e306e605ea03ee00f2fdf6f8faf3fbeffcebfbe8f9e6f7e6f5e6f4e8f2eaf1ecf1fbfc0000000000000000000000000000000000000004021002110213021402150115011500140112020f040c07090a060d041102150118011a011c021d041d051b051705140311010eff
205,28342721,-44,11,128,1,0,0,1ee001000dff12fc16fa1afa1dfb1ffc1ffd1ffe1dff1aff160011ff0cfd07fb03f700f3ffeeffeaffe701e503e405e406e508e809e902fa000000000000000000000000000000000000fc01f005ee06ed06eb06eb06ea05ea05eb05ee05f105f406f808fb0bfe0e011102150318031a031c021d011d001b001800140210030d
206,28343163,-44,11,128,1,0,0,1ee001000a060f0613071609180a190c190d180e160d130c100a0d080a0408ff06fb06f607f208ee0bec0deb0eeb10ec10ee10f010f204fc000000000000000000000000000000000000fcfef1faf0faeff9eef8edf8edf7eef7eff7f0f9f2fbf4fef501f605f709f70df610f513f315f216f116f016f114f311f50ff80dfb0b
207,28343740,-43,11,128,1,0,0,1ee001000bfc0ff913f716f619f61bf61bf81bf91afa17fb13fc0ffc0afb05fa01f7fdf4fbf0f9edf9eafae8fbe6fde6ffe700e902ea00fa000000000000000000000000000000000000fc01f105f006ef06ed06ec06ec06ec05ed05f005f305f606f908fd0a000d020f0413051606180519051a041b031902160212030e040b
208,28344263,-44,11,128,1,0,0,1ee0010005f405ef06eb07e809e60ae50be50ce60ce70bea09ee06f103f5fef8fafaf5faf1faedf9eaf7e9f5e9f4eaf2ebf1eef1eff1fcfc000000000000000000000000000000000000fe03f90ef80ff810f711f612f611f611f610f80efa0cfd0b0109050909080d091109130b150c160d170e160f150e120d0f0a0c070a04
209,28344733,-43,11,128,1,0,0,1ee00100f8f5f4f3f1f0eeededeaede9eee8efe8f1e9f3ebf5eef6f3f8f7f8fdf802f607f40af10dee0eec0eea0de90ce90aea08eb06fb010000000000000000000000000000000000000203090c0a0d0a0e0b100b100b110a110910080e080b080709030aff0cfb0ef810f513f315f217f218f218f317f414f610f70df809f8
210,28350483,-43,11,128,1,0,0,1ee00100fcf3f9eef7eaf6e6f6e3f6e2f8e1f9e2fae3fae6fbeafbeffbf4fafaf7fff403f006ec08e909e708e507e506e604e702e900fa000000000000000000000000000000000000000003000f0011001200140014ff15ff15ff13ff11000e030a060709040d02110014fe17fe1afe1cfe1dff1d001b001700130010fe0dfd
211,28351158,-43,11,128,1,0,0,1ee00100010c041106150719071c061e051e041e031c021902150210030b050608010bfd0ffa13f817f819f81afa1bfb1afe18ff1601050000000000000000000000000000000000000000fc00f000ef00ed00eb01eb01ea02eb02ec01ee00f1fdf4faf7f7faf3fceffeebffe8ffe5ffe3ffe2fee2fde4fde8fdebfeeffff201
212,28351661,-43,11,128,1,0,0,1ee0010000f3ffeefee9fee5fee200e001e002e103e203e502e901eefff3fcf8f8fcf4ffef01eb02e701e500e4fee4fde5fbe8fae9f9fafe000000000000000000000000000000000000ff03fc0efc10fb11fb13fa13fa14f914f912fb10fc0eff0b030907070b050f041304160419051b061c071b0819081607130610030d01
213,28421512,-93,11,128,1,0,0,4ff11400030d060e060d050d060c050c020b0106040306010401020003fe06fd08fc06fa06fb07fd06fd06fd05ff04020302030003ff00ff000000000000000000000000000000000000fffffbfefafefbfdfdfbfcfafcfcfefeff00fd02fa02fa02fb05fb07fa08f807f606f606f806f904fc03fb04fb04fd03ff0301060108
214,28633984,-45,11,128,1,0,0,1ee001001307140714071406140613051305140514041404140414041404140414041405130513051306120612061107100710071008040200000000000000000000000000000000000003010e050e050e050f060f0610071008110811091109110a110a110a110a110a110a110a110911091209120912081208120813081408
215,28635647,-43,11,128,1,0,0,1ee00100f80bf811f816f71af51df31ef21ef01df01cf018f215f511f90dfe0a04070a070f071309170b190d19101812151412151015030500000000000000000000000000000000000001fc06f006ee06ed07ec07ec08ec08ec07ed05ee03f000f2fdf3f9f4f5f5f1f5edf5e9f4e7f3e6f2e5f1e5f0e7f1eaf2edf4eff7f2fa
216,28638787,-44,11,128,1,0,0,1ee00100fd0d00120116011a011eff1ffe20fc20fb1ffb1cfb18fc13fe0e010a06060b041003140318051a071b091b0c190e160f14100404000000000000000000000000000000000000fefbf9eff9eef9edf9ecf9ebf9ebf9ecf9edf9eff9f1f7f4f5f7f2faf0fdedffea00e701e501e301e200e2ffe4ffe7ffea00ed01f002
217,28639247,-44,11,128,1,0,0,1ee0010009f609f00bec0de80fe610e512e513e513e712ea10ed0df108f303f6fef6f8f6f4f4f0f1edeeecebede9efe7f1e6f4e6f7e7fef9000000000000000000000000000000000000ff04fb11fb12fa13fa13fa14fa14fa13fa13fc11fe0f000e040c080b0b0a0f0a120b150c170d180e190f180f170f140e120b0f080e06
218,28639781,-44,11,128,1,0,0,1ee00100fd0dff120016001a001dff1ffd20fc20fb1efa1cfa18fc13fe0f010a06070b041003140318051a071b091a0c190e160f14100404000000000000000000000000000000000000fefbfaeefaedfaecfaebfaebfaebfaebfaecfaeff9f1f8f4f5f7f2f9f0fcedfee9ffe700e500e300e2ffe2ffe4fee7feeaffed00f002
219,28640291,-44,11,128,1,0,0,1ee00100f6f5f1f5ecf3e9f1e7efe6ede6ebe7eae9eaebebeeeef1f1f4f6f6fbf600f505f30af00dec0fe910e70fe50de50ae507e605f90100000000000000000000000000000000000004001102120213031403140414041404130311020f000dfd0cfa0bf70bf30af00bed0cea0de80ee70fe70fe70fe90deb0bed08f005f1
220,28640858,-44,11,128,1,0,0,1ee00100f2feee01ea03e604e204e003e002df00e1ffe3fee7feebfef000f503f907fc0bfe10fe14fd18fb1af81bf61bf41af217f115fc0500000000000000000000000000000000000003fd0ff610f611f612f512f612f612f611f60ef60cf609f506f303f100effeedfceafbe7fae5fae4fbe3fbe3fce5fde8fcebfceefbf1
221,28641324,-44,11,128,1,0,0,1ee00100020d061109140a170b1b0b1c0a1e091e071d061b04170413040e050908040c0010fe14fd18fd1bfe1c001d031c051a0818090502000000000000000000000000000000000000fcfdf1f4f1f3f0f2f0f2f0f1f0f1f0f1f1f3f2f4f2f7f2faf2fdf101f004ee07ec09ea0be80ce70de60ce50ce70be909ec09ef09f209
222,28641880,-44,11,128,1,0,0,1ee001000cf90ef410f013ed16ec17ec19ec1aed19ef18f115f411f60cf707f701f6fdf4f9f0f7ecf6e9f6e6f8e4fae3fde3ffe401e500f9000000000000000000000000000000000000fe04f911f911f812f813f713f713f712f811f910fc0eff0e020d050d090d0c0e0f0f12101312141314141414121310110e0e0d0b0c08
223,28642421,-44,11,128,1,0,0,1ee001000d04110216011a011d021e031f041f061d071a07170713050f020bff08fa07f507f108ec0ae90ce80fe711e813ea14ed14f005fc000000000000000000000000000000000000fc02f009ef09ee09ed09ed09ed08ed08ee08f008f308f60af80bfb0efe10ff1301160118011a011b001c001cff1aff1800140111020f
224,28642884,-44,11,128,1,0,0,1ee001000b041003140317031a041b051b061b071a081708140710060d030a0008fc07f707f308ef0aec0deb0feb11ec12ee13f113f304fc000000000000000000000000000000000000fc01f006ef06ee06ee06ee06ee06ee06ef06f106f306f608f80afa0cfc0efe11fe13ff16ff17fe18fe19fd19fd18fd15fe120010010e
225,28668823,-43,11,128,1,0,0,5220050000f5fef0fdecfde8fde5fde3ffe300e300e401e701eb00effff4fdf9fafdf601f203ee05ea05e804e703e601e7ffe9feebfdfaff000000000000000000000000000000000000fe03fa0dfa0efa10f911f912f812f812f811fa0ffc0dfe0a020906070a050e051105140517051806190719071807150712060f030c01
226,28675396,-43,11,128,1,0,0,5220050007fd09f80cf40ff012ee14ed16ec17ec17ee16f014f210f50cf706f901fafbf9f6f8f2f5eff3edf0ededeeebf0eaf2eaf4eafdfa000000000000000000000000000000000000fd00f400f301f102f003ef04ee04ed04ed04ee04f104f304f605fa07fd09010b030e061108130915091709180818071606130611050e
227,28680001,-43,11,128,1,0,0,5220050008000dfd12fa16f81af71df71ff71ff81ff91dfb1afc15fd10fd0afc04fafff7fbf3f8eef7eaf7e6f8e4fae2fce2fee300e400f9000000000000000000000000000000000000fdfff5fcf3fdf1feeffeeeffecfeebfeebfeedfeeffef1fff401f604f907fc0bfe0fff1300160019001bff1cff1bfe19fe17ff140011
228,28684459,-43,11,128,1,0,0,5220050007f606f006eb08e609e30be10de00fe10fe20fe50ee80bed08f103f4fdf7f8f7f2f7edf5eaf2e8efe8ede9eaebe9eee8f1e8fcfa000000000000000000000000000000000000ff03fc0efd0ffd10fe12fe13fd14fd15fd15fd14fe11000f020d060b09090d081107140717081a091c0a1c0b1a0b180b150a13071105
229,28687800,-94,11,128,1,0,0,e1177e41fe03ff0201ff02fd01fd01fe01ff00ff00feff00fd01ff010002ff020000fffefdfdfffe00fe0000ff01ff00010002000200000000000000000000000000000000000000000000000000ff0000010101ff0204fe0bf905fe00010bfa11f709fb02000003000202ff02fe02000202ff03ff0200fefffcfcfef9fefbff
230,28886687,-43,11,128,1,0,0,1ee0010005f704f105ec06e807e409e20ae10be10ce30be50ae908ee05f201f7fcfaf6fdf1feecfee8fde5fbe4f9e4f6e5f5e8f4eaf3fafc000000000000000000000000000000000000fd02f508f40af30bf30df20ef10ef10ff10ef20df50cf80bfc0a000a040a090a0d0b100d130e150f1611171215111310110e0e0b0c09
231,28887357,-43,11,128,1,0,0,1ee0010007fc0af70cf30ff012ee14ed15ed16ed16ef15f112f30ef60af805f9fffafaf9f5f8f1f5eef2edf0edeeeeecf0ebf3ebf5ebfdfb000000000000000000000000000000000000fd00f301f202f103f003ee04ee04ed04ee04ef04f104f405f706fb07fe09010c040f06110814091509170918081707150612050f050c
232,28893152,-43,11,128,1,0,0,1ee00100f805f70af60ff413f216f018ee18ed18ed17ed15ef11f10ef60bfb08000706060b071008130b150d16101512131411140e15030500000000000000000000000000000000000002fe0bf90bf80cf60cf40df30ef30ef20ef20df30bf408f405f502f5fef5faf4f6f2f3f1f1efefeeeeecedeceeecf0edf2eff4f2f5f4
233,28894735,-44,11,128,1,0,0,1ee00100f9f7f3f7eef6eaf4e6f2e4f0e4eee4ece5ece8ecebeeeff1f3f5f6faf700f806f70cf511f214ef16ec16ea16e814e710e70ef90300000000000000000000000000000000000002020a0a0b0a0d0a0e0a100b100b110c110c100b0f090e070d040c000cfc0bf80cf40df00fed10eb12ea13e913ea11ec10ee0df00bf2
234,28954022,-44,11,128,1,0,0,1ee0010009f80af40cf00fed11eb13eb14eb15ec15ed13ef11f20df409f604f7fff7faf6f6f3f3f0f1edf1ebf2e9f3e7f6e7f8e8fae9fefa000000000000000000000000000000000000fd03f70cf70df60ef60ff50ff50ff50ff60ef70df90cfc0bff0b030b060b090b0c0d0f0e110f11101212121210120e100c0d0b0a0a08
235,28955356,-44,11,128,1,0,0,1ee001000a050e041304170519061b081b091b0a190b160a13090f070c04090006fb05f605f207ee08eb0be90de80fe911eb11ee12f004fc000000000000000000000000000000000000fcfff1fcf0fceffceefcedfcedfcedfceefcf0fdf2fff301f504f607f70af80df811f813f815f717f618f618f616f714f811fa0efc0c
236,28956716,-44,11,128,1,0,0,1ee0010006090b0a0f0b120d1410151115131414121410130e100b0d0909080408ff09fb0bf70ef411f214f216f218f418f617f917fb05ff000000000000000000000000000000000000fcfef1faf1f9f0f9eff8eff8eff8eff8eff9f1faf2fcf3fef401f404f507f40af30df210f112f013ef13ef13ef12f110f30ef60df80b
237,28957257,-44,11,128,1,0,0,1ee001000bfd0ef911f714f517f419f41af51bf61af718f915fa11fb0cfb07fa03f8fff5fdf1fbedfbeafce7fee500e502e504e706e901fa000000000000000000000000000000000000fd02f40af30af20bf20bf20bf10bf20bf20bf40bf60af90afc0bff0c020d040e071109120a140a150a170a17091608140711070e070b
238,28957696,-44,11,128,1,0,0,1ee00100f707f60cf40ff312f115ef15ed15ec15ec13ed11ef0ef20cf609fb0800080509090b0c0e0d110e130d150b17091806170416010500000000000000000000000000000000000001fc04f104f005ef05ee05ee05ee05ee05ef04f002f200f3fdf4faf4f6f5f3f5f1f4eef3ecf3ebf2ebf1ebf1ecf1eef2f0f4f2f6f3f9
239,28959577,-44,11,128,1,0,0,1ee0010003f402f001ec01e902e603e404e305e406e506e706ea05ee02f2fff6fbf8f6faf2faeef9ebf7eaf5e9f2eaf0ecefeeeef0edfcfb0000000000000000000000000000000000000103040e050f051005100511041104110410050e050c070a09080b050d03100212011400160018001901190117021501120110000efe
240,28961305,-44,11,128,1,0,0,1ee00100f200ee03eb05e706e407e206e105e004e102e401e700ec00f002f504f907fc0cfe10fe14fd18fc1af91bf61bf41af317f215fc0500000000000000000000000000000000000003fd0df40ef40ef30ff30ff30ff30ff30ef30cf40af407f404f301f1fef0fbeef9ebf8e9f7e8f7e6f7e5f7e5f8e7f9e9faecf9eff9f2
241,28961857,-44,11,128,1,0,0,1ee00100fd0dff1101150119011c001efe1ffd1ffc1dfb1bfb17fc13fe0f010b06080a060f0513061608180a190d180f1611141211120404000000000000000000000000000000000000fdfcf5f1f5f0f5f0f4eff5eff5eff5eff5f0f5f2f5f4f5f7f3faf2fcf0ffee01eb03e804e704e504e404e403e603e802eb03ee03f104
242,28962299,-44,11,128,1,0,0,1ee001000c051103150319031c051d061e081d091c0a190a160912070e040b0009fb08f608f10aee0ceb0fea12e914eb15ed16f016f205fc000000000000000000000000000000000000fb01ef06ee06ed06ed06ec06ec05ed05ee05ef06f206f408f60af90cfb0efd11fe14fe17fe19fe1afd1bfd1bfc1afc17fd14ff11010f
243,28962721,-44,11,128,1,0,0,1ee00100f9f4f4f2f0f0eeedeceaece9ece7ede6efe6f1e8f3eaf5eef6f3f7f8f5fdf302f005ec07e808e608e406e303e301e4fee6fcf9fe00000000000000000000000000000000000004011004110412051205120612061206110510040e020d000dfd0cf90cf60cf30df00eed0fec10eb12eb12eb11ec10ef0ef00bf208f2
244,28963255,-44,11,128,1,0,0,1ee00100030b060e09100b130c160c180b190a1a0919071706140510050c060708030b000efd12fc15fc18fd19ff1a011903170516060501000000000000000000000000000000000000fcfdf2f7f2f6f1f6f1f5f1f5f1f5f1f5f2f5f3f7f3f9f4fcf3fff302f305f107f00aee0ced0dec0deb0dea0ceb0bee0af009f309f608
245,28963687,-44,11,128,1,0,0,1ee00100f203f007ed0ae90ce60de40de30ce20be30ae508e906ed05f105f707fb09ff0c021003140318021a001cfd1dfb1cf91af718fd0500000000000000000000000000000000000002fc09f109f00aef0bef0bef0bef0bf00af009f106f203f200f2fdf2faf1f7f0f4eef2ecf1ebf0eaf0e9f1e8f2e9f4ecf5eef5f2f6f4
246,28964202,-44,11,128,1,0,0,1ee00100fa0cfc11fc15fb19fa1cf91df71ef61df51cf519f615f812fb0eff0b040909080e08120a150c160f1611141412150f150d160305000000000000000000000000000000000000fefbfbeffbeefaedfbecfbecfbecfbecfbedfbeffaf2f8f4f6f6f3f8f1fbeefcebfde8fde6fde5fde4fce4fce6fbe9fcebfdeefef100
247,28964745,-44,11,128,1,0,0,1ee001000cfc0ff813f516f319f21bf31cf41df51cf61af817f912fa0dfa08f904f600f3feeffdeafee7ffe401e304e306e408e609e702fa000000000000000000000000000000000000fe03f70ef60ff610f510f510f410f410f50ff70ef90dfc0dff0d020d060d090f0b110d120f140f150f170e170d160b130a100a0d090a
248,28965264,-44,11,128,1,0,0,1ee00100fef2faeef8ebf6e7f6e4f7e2f8e1f9e1fbe2fce4fde8fdecfcf1faf6f7faf3fdefffeaffe7ffe4fde3fbe3f9e5f7e7f5e8f4fafc00000000000000000000000000000000000002020c0c0c0c0c0d0d0e0d0e0d0f0d0e0c0e0c0c0b090b060c030d000ffd10fa13f815f616f518f519f51af518f716f813f80ff80cf8
249,28966282,-44,11,128,1,0,0,1ee0010004f303ee03ea04e605e306e108e109e20ae30ae609e907ed03f1fff4fbf7f6f7f1f7edf5eaf3e9f0e9eeeaececebefeaf1eafcfa0000000000000000000000000000000000000103041004110412041204130413041304120410050e060b08090b070e0411031402160219021a021b031b0419041704140311010fff
250,29018654,-44,11,128,1,0,0,1ee00100fef6f9f3f5eff2ecf0e9f0e6f0e4f1e2f2e2f4e4f6e7f8ebf9f0faf6f9fcf601f306ef09eb0ae70be40ae308e205e303e400f9000000000000000000000000000000000000000003030d040e060f071008100811091209120911080f090c09090a060c020dff10fc12f914f716f619f51af519f618f715f812f910f8
251,29020197,-44,11,128,1,0,0,1ee00100f601f406f20aef0dec0fea10e810e70fe70ee80cea0aed08f206f706fc060108060b090e0b120b150a170919061a04190219000600000000000000000000000000000000000002fe0bfa0cf90cf70df60df50ef50ef40ef40df40cf50af507f504f500f4fdf3faf1f7eff5eef4ecf3eaf3e9f4eaf5ebf6edf7f0f8f2
252,30059954,-93,11,128,1,0,0,4ff1140007f607f506f507f809f906f902fb02fd04fd03fcfffdfcfefbfefafcfcf8fdf7fcf7fbf6fcf5fef7fff900fb00fbfffc00fe00ff00000000000000000000000000000000000000010304010501060206030401030002ff0102fe05fc08ff0b010c020dff0e000e040b030aff08ff060106ff03fc00fdfefcfbf9fcf8
253,30376710,-44,11,128,1,0,0,1ee00100fcf7f7f5f3f3f0f0edededebece9ede8eee8f0e9f3ebf5eff7f3f8f9f9fff804f608f30cf00fed10ea10e90fe80de80ae808fa010000000000000000000000000000000000000102050b060c070d080e090f0a100a100a10090f090d080a09070a040b000cfc0ef910f612f414f316f217f217f315f512f610f70df8
254,30377289,-44,11,128,1,0,0,1ee0010004f602f101eb01e702e303e004df06df07e007e307e706eb03f000f5fbf9f6fcf1feecfee7fde4fce3fae3f7e4f5e6f3e8f2fafc000000000000000000000000000000000000fe03f90df90efa10f912f913f914f914f914fa13fb11fd0f000d030b08090c0810071407170719081b091c0a1a0a1809150812071005
255,30420423,-43,11,128,1,0,0,1ee0010007070e08130a180c1b0e1d101d121d131c1319121510100d0c08080306fd04f704f105ec07e709e50be30de30fe510e811ea04fa000000000000000000000000000000000000fefcf9f1f8f0f6eef5edf4ecf4ebf4eaf4ebf5edf6f0f6f4f6f8f5fdf402f206ef0bec0eea11e812e613e513e612e810eb0eef0cf30a
256,30691178,-43,11,128,1,0,0,1ee00100f6fdf100ec03e704e204df04dd03dc02dd01e000e4ffe8ffee00f402fa05ff0a030e05130618061b041e021f001ffe1efc1cfe0700000000000000000000000000000000000002010a070c060e0510051205130614061507130611050f030d000bfd08f906f405f004eb04e805e505e306e206e206e506e805ec04ee
257,30691473,-47,11,256,1,0,0,96600900f8fcf3ffee01e903e604e304e104e003e102e301e601ea00f001f503fb050009040e06130718071c051f03210021fd20fb1efe070000000000000000000000000000000000000102060908090a090c0a0d0b0e0b0e0c0e0c0d0b0c0a0b070a04090108fd08f908f408f109ee0aeb0aea0be90be90aea08ec06ef05f1ed00080608050905090509050a050a050a040a040b040b040b040c040c040c040c040c040c050c050b060b060b060b060a060a0709070908080903030001ffffffffffff000000000200020102010201020203020302030203030303030403040304030503050405040504050406050605060506060606060606070607060806
258,30718150,-47,11,256,1,0,0,9660090006f605f005ec06e806e507e309e30ae30ae40ae709ea07ed04f100f4fbf6f6f7f1f7ecf5e9f3e7f0e7ede9eaebe8eee6f1e6fcf9000000000000000000000000000000000000fe03fa0ffa0ffa10fa11f912f912f911f910fa0ffc0efe0c010b040a08090b090e09110a130b150b150c150c140b130a11090f060e03e700f008ef09ef0aef0bef0bef0cf00cf00df00df00ef00ff00ff010f010f010ef10ef10ef0fee0fee0fee0eee0dee0ded0ced0bec0aeb08eb07f802fd0000ff00000000fffffdfffafffafff9fff9fff9fff800f800f700f700f600f500f500f400f400f300f301f301f201f201f102f103f103f104f105f105f006f006f006
259,30738631,-47,11,256,1,0,0,9660090008050e04130418041c051e061f071f081d081b08170712060e0309ff05fa02f500efffe900e502e204e007df0ae10ce30ee603f9000000000000000000000000000000000000fefcf9f3f8f2f6f0f5eff5eef5edf5edf6edf7eff7f2f7f5f7f9f7fef602f406f20af00dee0fec11eb12eb12ec12ed10f00ff40df70be400faf6f9f6f9f5f8f5f8f5f8f5f8f6f8f6f8f6f7f6f7f6f7f6f7f5f7f5f7f5f7f4f7f4f8f4f8f4f9f4f9f4faf4faf4fbf4fcf3fcf3fdf3fef3fffbfffe000000000000fffffffffdfdfdfcfdfcfdfcfdfbfdfbfdfbfdfafdfafdf9fdf9fdf9fdf8fdf8fdf8fdf8fdf7fdf7fdf7fcf7fcf7fcf7fbf7fbf6fbf6fbf6faf6faf5
260,30814143,-43,11,128,1,0,0,1ee0010009030e01130018001c011e021f031f041e051b06180513040e0209ff05fb02f600f100ec00e802e504e306e308e40ae60be802fa000000000000000000000000000000000000fcfef3f9f2f9f0f9eef9edf9edf8ecf8ecf8eef9f0fbf2fdf400f603f707f80bf910f813f816f718f61af61af619f617f814fa11fb0e
261,30814725,-43,11,128,1,0,0,1ee0010002f6fff0feecfee7fee4ffe100e001df02e003e303e702eb01f0fef5fafaf6fef100ec01e800e5ffe3fde3fbe4f9e5f7e7f6fafd000000000000000000000000000000000000ff03fc0dfc0efc10fc11fc13fc13fb14fb13fc12fd10ff0e020b050909070c0510041403170319041b051b061a061806150512031002
262,30815228,-43,11,128,1,0,0,1ee00100fcf6f7f3f4eff1ecefe9efe6efe4f0e4f1e4f3e6f5e9f7edf8f2f9f8f8fdf603f407f00bec0de90de60de50be509e506e604f9000000000000000000000000000000000000000003040d040e060f061007110712071307120711060e070b080809040b010dfd10fa13f815f617f619f51af619f717f815f811f90ef8
263,30815618,-43,11,128,1,0,0,1ee001000309090b0d0e1011121413161318121911190f180c150a11080c0706070108fb0af60df210f013ee16ee18f019f218f518f706fe000000000000000000000000000000000000fffcfbf2faf2f9f0f8eff7eef7eef7edf7edf8eff8f1f8f4f7f7f6fbf4fff203f006ed08eb0ae90be70ce60ce70be909eb08ef08f107
264,30816049,-43,11,128,1,0,0,1ee00100fff6fbf1f8edf6e9f5e6f5e3f6e2f7e1f8e2f9e3fbe7fcebfcf1fbf6f9fcf600f204ee06ea07e607e406e304e301e4ffe6fdf9ff0000000000000000000000000000000000000003010d010e0210031103120313031303130312030f040c060a08060a030d0010fe14fc16fb18fb1afb1bfc1afc18fd15fd12fd0ffc
265,30816629,-43,11,128,1,0,0,1ee0010009050f0414031a041d052006210821091f0a1d0a1909140810050b0107fc05f604f004eb06e708e40ae30de30fe410e711e904fa000000000000000000000000000000000000fcfef2f9f0f9eef9edf9ecf9ebf9eaf8ebf9ecf9eefbf0fdf200f404f608f70cf710f714f717f61af41cf41cf41bf518f615f812f90f
266,30817195,-43,11,128,1,0,0,1ee00100fef5faf2f7eef5eaf3e7f3e4f4e3f5e2f6e3f8e4fae7fbebfbf1faf6f9fbf600f204ee06ea07e707e506e404e302e5ffe6fdf9ff0000000000000000000000000000000000000003030d030e050f051006110612061206120610060e060c070909050b020dff10fc13fa15f917f819f81af919fa17fb15fb12fb0ffb
267,30817618,-43,11,128,1,0,0,1ee0010007fa08f40aef0bec0ee910e812e713e713e913eb11ee0ef10af405f6fff8faf8f5f6f1f4eef1ecefececedeaefe9f2e8f4e8fdfa000000000000000000000000000000000000fd02f609f60af50cf50df40ef40ff30ff40ff50ef60df90cfc0b000a040a070a0b0c0e0d100e121013111312121210110e0f0c0c0b09
268,30818101,-43,11,128,1,0,0,1ee00100f4fef002eb05e707e307e007df06de05de03e102e401e901ee01f403fa06fe0a010f03140418031b011efe1ffc1ef91cf81bfd0600000000000000000000000000000000000003ff0efe0ffe11fd12fc13fc14fb15fb14fb13fb11fb0efa0bf808f604f401f0ffedfdeafce7fce4fce3fde2fee3fee5fee8feecfeee
269,30818526,-43,11,128,1,0,0,1ee001000309080b0c0e0f10111312161217121810190e170c150911080c0707070109fc0bf80ef512f315f217f319f41af619f918fb06ff000000000000000000000000000000000000fefdf8f4f7f4f6f3f5f2f4f2f3f1f3f1f3f1f4f2f5f4f5f6f5f9f4fdf401f304f107ef0aed0cec0dea0ee90ee90deb0bed0af009f209
270,30824906,-44,11,128,1,0,0,1ee00100f405f30af10eef12ec14ea15e815e614e613e710e90eed0bf209f708fc09020b060e09110a150a18091b071c041d011cff1bff0600000000000000000000000000000000000001fc06f106f006ef06ee06ed06ed06ec06ed05ee04ef02f0fff1fcf2f8f3f5f3f2f2eff2ecf1ebefeaeeeaedebededefeff0f0f3f1f5
271,30825390,-44,11,128,1,0,0,1ee00100f402f107ef0aeb0de80ee60fe40ee30de30ce40ae708eb06f005f506fa08ff0b020e04130417041a021cff1dfd1dfb1bf91afe0600000000000000000000000000000000000002fc09f309f20af10af00af00aef0bef0aef09f007f105f102f2fff2fcf2f8f1f5f0f3eef1ecf0ebefeaf0e9f1e9f2ebf3edf4f0f5f3
272,31196751,-44,11,128,1,0,0,1ee0010007080d09120a160c180f1a111a1319141714141311110e0d0b09080307fe07f809f30bef0eec11eb13eb15ec16ee16f116f305fd000000000000000000000000000000000000fcfdf3f5f2f5f1f4eff4eff3eef3eef3eff3f0f4f1f7f2faf3fdf301f405f309f20df010ef13ed14ec15eb15eb14ed11f00ff30df60c
273,31197193,-44,11,128,1,0,0,1ee0010009070f06140719081c0a1d0b1e0d1d0e1c0f190e150d110a0d06090107fc06f606f108ec0ae90ce70fe611e713e913ec13ee04fb000000000000000000000000000000000000fcfef0f8eff8eef8edf7ecf7ebf7ebf6ecf7edf8effaf1fcf200f404f508f50cf510f414f317f218f11af01af018f116f313f610f80d
274,31198404,-43,11,128,1,0,0,1ee00100fff5fbf1f9edf7e9f6e5f7e3f8e2f9e2fbe3fce5fde9fdedfdf2fbf8f9fdf501f104ed05ea06e705e504e502e500e7fee8fcfaff0000000000000000000000000000000000000003020e02100311031203130314031403130311030f040c060909060b030f0012fe15fd17fc19fc1bfc1cfd1afe17fe14ff11fe0efd
275,31199757,-43,11,128,1,0,0,1ee00100fef5faf0f8ecf6e8f6e5f6e3f7e2f8e2f9e3fbe5fbe9fceefcf3fbf8f8fdf502f205ee06ea07e707e506e504e502e700e8fefaff0000000000000000000000000000000000000003020f02100311031303140314021402140212030f040c060909060c020f0012fe16fd18fc1afc1cfc1cfd1bfe18fe15fe11fe0efd
276,31200186,-43,11,128,1,0,0,1ee001000afb0df511f115ee18ed1aec1ced1dee1cef1af216f411f60cf805f8fff8f9f6f5f3f2efefecefe9efe6f1e5f3e5f6e6f8e7fef9000000000000000000000000000000000000fc01f006ef07ed08ec08eb09ea08ea08ea08ed07f007f408f809fc0b000d0410071309160b190b1b0b1d0b1d091c081907150711070d
277,31201543,-43,11,128,1,0,0,1ee001000aff0ffc14fa18f91cf91dfa1efb1efc1dfd1afe16fe11fe0cfe06fc01f9fdf5faf1f9edf8e9f8e7fae5fbe4fde5ffe701e800fa000000000000000000000000000000000000fcfff0fceffcedfcebfcebfbeafbeafbebfbedfcf0fdf3fff503f806fa0afc0ffc13fd16fd19fc1bfb1cfb1dfb1bfb18fc14fd11ff0e
278,31294489,-43,11,128,1,0,0,1ee0010002f502f003ec04e805e606e507e508e508e708ea06ed04f101f5fef9fafbf5fdf1feedfdeafce9fbe8f9e9f7eaf6ecf6eef5fbfd000000000000000000000000000000000000fe03f90cf80df80ff710f610f610f510f60ff70df90bfc0a0009040808070c070f081209140a160b160c160d140c110b0f090c070b04
279,31295156,-43,11,128,1,0,0,1ee00100040a080e0b120e150f180e1a0d1b0c1b0b1a09170713060f0509060407fe09f90cf610f313f115f117f218f317f516f815f905fe000000000000000000000000000000000000fffcfdf0fdeefcedfcebfceafdeafdeafdebfdeefdf1fbf4f9f8f6fbf3fff001ec03e905e606e405e305e304e503e802ec02f003f303
280,31296977,-43,11,128,1,0,0,1ee00100fcf4f9f0f7ecf5e8f4e5f4e3f5e2f7e2f8e4f9e6faeafbeffbf4fafaf800f504f208ee0aeb0ce80ce70be609e707e805e904fa00000000000000000000000000000000000000ff03fe0ffe10fe12fe14fe14fd15fd15fd14fe12ff0f010c040908060b030f01130017ff19fe1bff1dff1d001b001801140010000dfe
281,31298216,-43,11,128,1,0,0,1ee001000a040f04140518061b081c0a1c0b1c0c1a0b170a13090f060b0307ff04fa02f502f002ec04e805e607e509e609e70aea0beb02fb000000000000000000000000000000000000fdfdf4f5f3f4f2f3f0f2f0f1f0f1f0f0f1f1f3f3f4f6f5f9f5fdf602f607f50bf30ff212f014ef15ed16ed16ed14ef11f20ff50cf80a
282,31300398,-43,11,128,1,0,0,1ee00100fdf5faf0f7ecf6e8f5e5f6e3f7e2f8e2f9e3fae6fbeafceefcf4fbfaf9fff604f208ef0aeb0be90be70ae609e607e805e903fa00000000000000000000000000000000000000ff03fc0efc10fc12fc13fc14fb14fb14fb13fc11fe0f000c030907060b040e021201160019001b001c011c021b021702140210010d00
283,31391290,-92,11,128,1,0,0,4ff11441040b040806080509050a050a03080406040502030001020001fc00f902f703f701f800f800f701f702f801fafffbfefbfdfafffe00000000000000000000000000000000000001fe06fa03fb01fc01fc02fc01fefffefdfffdfffcfdf9fbf8faf7fbf5fcf5fbf6faf5fdf3fef3fbf6fcfd00fd02fa03fd05fe08fb09
284,31396916,-91,11,128,1,0,0,911ee94100fcfffdffff000000fe00fb00fbfffd00fd01fe0000fe00fd00ff0001ff01000001010001ffff00ff00fffffefffdfffdffffff000000000000000000000000000000000000ffff00ff00ff00000101010000ff010103020401020000fe01fd01fe03ff04fd01fcfefdfefefffdfefdfd01020d05130005fdfbfefd
285,31397841,-90,11,128,1,0,0,6aa9964104ff01fffffdfffffffffefefdfefeffff00ff00fffefffdfffefefffd01fe010001fe01fdfffdfefffd00fdfffefffffeffffff00000000000000000000000000000000000000ff02ff01010101030004fe02feff00ff0301030002fe0501060503050002fcfffcfefdfdfdfeff00030204010cff15fd0afefd01fe
286,31504606,-92,11,128,1,0,0,a11aaa41fefd02000101fffefefcfefc00fe0000ffff08fd12fe0800fe02030b0912050700fefe00fe01000102010000fefeffffff00ff000000000000000000000000000000000000000001020302ff00fc00fe010002010202010002ff03000003ff03010303020301020202020101fcfffc00ff01fd02feff01fbfff9fcf9
287,31596099,-92,11,128,1,0,0,4ff114410c020e000e000c020a010aff0cff0e000b01050000fd01fc02fc01fafff9fffa00f901f902fa02f801f901fa00fc01fd02fc00fe000000000000000000000000000000000000fe00fa03fa02f901f901fa00fa02fb04fe04ff0500060007ff09ff0a010b010bff09fd07ff060006fe05fd04020007fd06fe06ff0600
288,32039045,-92,11,128,1,0,0,11144141f905fa07fc05fd0400020100fdfffcfefefffdfefdfffe01fe01fd00ff01010101000101fe00fbfcfdfbfffefe00fe01ff0000ff00000000000000000000000000000000000000ff00ffff01ff00fefdfffd00ff0101020101ff01ff00ff00fffffffefdff010105010302010202fdfffbfa00fafffbfbfdfb02fa06
289,32571505,-96,11,128,1,0,0,65500641ff01ff01fe00ffff01fe00fdffffff02ff0001fd01fdfffefdfffefe00fd02fe0201ff00feff00ff00ffffff0100010000feffff00000000000000000000000000000000000000ff01fd01fe01fe00fffe01fe02fe00fdfeffff01ff00ffff01ff0001fe03000503070205ff02fefefefcfc02f807f406f803fc01fd
290,32571885,-94,11,128,1,0,0,b9966b41fd00fc03fd03fefffffffdfffdfcfefeff00fc01fcfffdfefe00fe01ffff00fefe00fc00fdfffe0000000100010000ff00ff00ff000000000000000000000000000000000000010003ff02fe00fd00fb00fbfffc00fe01000001000001ff03fd03fd00fefefdfefc00fd03ff04ff04fe03fd06fb0ef80af901fbfffe
291,32839465,-92,11,128,1,0,0,911ff941fc0eff04fefc00fb00010000ff00fd0301020202fc01fa01fc02ff0101ff0201020103fd02fd03ff06ff09000502010501080002000000000000000000000000000000000000fffffdfdfe00fc01fbfdfdfbfefcfffe0300060006000300fffdfefb00fe01ff0100ff040007fe05fa04fb06fd0202fb06f900fef703
292,32886730,-94,11,128,1,0,0,ecc88e410001fefffdfffdfdfefc00fe0000fe00feffff00fffefefefdfffdfdfffb00fc00ffff02ff01fe02fe04fe02ff010001ff01ff000000000000000000000000000000000000000000ff01fefe0100030102000605090c0405fefcf504f10df806fdfdfeffff0000fefffdfcfefbfffcfffefffffffdfffcfefcfd00ff
293,32889234,-93,11,128,1,0,0,455ee44102000100ff01fc01fcfffffd02fb03fb01fe00ff00ff0101020100ff00ff0000fffffdfdfefdfefffffffefefdfcfefd01fe00ff000000000000000000000000000000000000000002010001fdfffbfefefeff08fd11ff0902ff0405060d050600fdfdfdfdfdfffd00000003000203ff02fe00fefefefcf8fcf600fd
294,33029728,-92,11,128,1,0,0,4ff114410c010c020a03080509040c020b010802070207000600040103ff00fafff800f801f901f901f801f802f902fa02fa01fc01fd00ff000000000000000000000000000000000000fe00fa01fd01fe00fcfffb02fc03fc01fd01ff050004010301050308040b0009fc08fa07f708f70bfa09ff070208030403fe04fe0601
295,33100543,-93,11,128,1,0,0,50099541fffc00fb01fc02fd02fd01fd00fefefefdfef602f004f80000fe09ff0fff06ffffff0000000001000000ff0000ff00fe00ff0000000000000000000000000000000000000000ff00fe01fe00feffff00ff00fe00fe00feff00fd02ff03fe00fcfffd02fe00fefc01fb01fdfffefe00fe02fd03fc03fd03ff02fefcfd
296,33372778,-95,11,128,1,0,0,1ff77141ff04ff030001020000fefffd00ff01fffffffcfffa00fc02000001fe02ff02ff01fdfffeff00ff00fffefffd01ff01010000ffff000000000000000000000000000000000000ffff00fc02ff02030003fe02fe00fffe00ff0002020205010801070106000300fefffe00fefe02fe05020103fd050006020001fc01fe
297,33644102,-92,11,128,1,0,0,4ff11441f9f9f8f8f7f9f7f7f8f3fbf4fbf7faf9f9f8f8f9f9fcfbfefb01fd05fd06fb04f904f803fa04fc05fd03fc03fa03fa01fc00ff0000000000000000000000000000000000000000000403050304030203020102ff02ff02fe01fb02f904f804f906fb08fb08fa08f908f908fa07fa05f904fa02fb01f901f9fffafbf9
298,34370427,-44,11,128,1,0,0,1ee0010001f3ffeffeeafee7ffe400e202e203e204e304e604e903ee01f2fef6faf9f5fbf1fcecfbe9f9e8f7e7f5e8f3e9f1ecf0eef0fbfc0000000000000000000000000000000000000103070f08100811081208120813081307120710070d080b0a080c050f0211ff14fe17fd19fd1afd1cfe1cff1a00170014ff11fe0ffd
299,34371820,-44,11,128,1,0,0,1ee00100f508f40cf210f013ed15eb16e915e814e913eb10ed0df10bf609fb080008050a090c0c0f0e120e150d170b19091907180517010500000000000000000000000000000000000001fb06ef07ee07ed08ec08ec09ec09ec08ed07ee05f002f1fef2faf3f6f3f3f2eff1ecf0ebefeaeeeaeceaecececeeeff0f1f2f4f4f7
300,34373022,-44,11,128,1,0,0,1ee001000bfd0efa11f715f518f51af51af61bf81af917fa14fb10fc0bfc07fa02f8fff5fcf1fbedfbeafce8fee600e602e703e805ea01fa000000000000000000000000000000000000fd02f30af20bf10bf10cf00cf00cf00bf10bf20af50af80afb0bfe0c020d050f071108140915091709180919081707140611060e060b
301,34399217,-44,11,128,1,0,0,52200500fef2fbeff9ecf7e8f7e5f7e3f9e2fae2fbe3fde5fde9fdedfdf2fbf6f8fbf4fef000ec00e8ffe6fee5fce4f9e6f7e8f5eaf4fafd00000000000000000000000000000000000003030c0c0d0d0d0d0e0e0e0e0d0e0d0e0d0d0d0b0c090d060d030e000ffd11fa13f815f616f518f519f519f518f615f812f80ff80df9
302,34401034,-44,11,128,1,0,0,5220050001f5fff1feedfeeafee7fee500e401e402e503e703eb02ee00f3fef7fafaf6fdf2feeefdebfce9fbe8f9e8f6e9f5ebf3edf2fbfc0000000000000000000000000000000000000003040f040f041004110511051105110510050e060c070a08080a060d030f01110014ff15fe17fe18ff18ff17001500120010ff0efe
303,34438636,-94,11,128,1,0,0,e3322e41fdfc00fe02feff00fe03fe01fefffffefdfefcfefffe01ff0301030102ff02fe01fe00fefffdfefeffff00ffffffffff00000000000000000000000000000000000000000000fe00fb00fd02fe03fd03fe00ff00fe0000ff03fc02fbfffcfcfefdfefcfdfc0000000000fd02fd03fe0100000506070c040803060106
304,34464095,-92,11,128,1,0,0,4ff11400faf2fdf2fff2fcf2faf0fbf1fbf5faf8fbf8fdf9fdfbfbfef900f801f902fa00f8fdf7fdf7fef7fef8fdf9fdfafefcfdfcfafffe0000000000000000000000000000000000000100050405050404020300030202030002fe03fd04fb05fa04fb04fb05fa08fa0bfe0dff0bfd08fe03fd01fd01ff02ff01fcfdfafafa
305,34591650,-92,11,128,1,0,0,a11cca41fe00fe01ff0000fdfdfbfbfbfcfeff0001fffffdfefc01fe02000202010100fe01fe01fffefefefdfffefffffefffd00fd01ff00000000000000000000000000000000000000ff00fe01fcfffdfdfefdfefefe00ff01ff00ffffff0000010200030005040203fbfffafeffff03fd04fc02fb01f801f400f6fef8fefb
306,34607910,-44,11,128,1,0,0,1ee00100f6faf1fcecfde8fde4fce2fae1f9e1f7e2f6e5f6e9f6edf8f1fbf6fff904fb09fc0efb13fa17f71af51bf21bf019ee16ed14fb0400000000000000000000000000000000000003010e050f05100411041104120412041203110210010eff0cfd0bfa09f708f307f007ec07ea08e808e609e609e708e907ec06ef04f1
307,34611870,-44,11,128,1,0,0,1ee00100f501f206ee09ea0ce60de40de20de10ce10ae309e707eb05f105f705fe060309080d0b110c160d190b1c091e071e041d021c000600000000000000000000000000000000000003000f000fff10fe12fd12fd13fd14fc13fc12fc0ffb0dfa0af807f604f401f1feeefceafbe8fae6fbe4fbe3fbe4fce7fceafcedfbf0
308,34612488,-44,11,128,1,0,0,1ee00100fa07fb0cfc11fb15fa19f81bf71cf61cf51af518f615f811fa0cfe08030508020d011202160319051a071a09190b170d150e050300000000000000000000000000000000000002fd09f609f50af40af30af20af10af10af109f207f305f402f4fef5faf6f7f6f3f5f0f5edf4ecf3eaf2eaf1ebf2edf3eff4f2f6f3f8
309,34872977,-91,11,128,1,0,0,4ff1140002ef05ee03f303f504f505f604f604f602f7fef8fcf8fdf9fdf9faf9f8f8f8f9fbf9fcf9fbfafcfafcf9fdfafdf9fdf9fdfafffe0000000000000000000000000000000000000001020401040205030502020000ff00010004000400040005000a010c000aff0700070208030a030703030302010100020002fefffd
310,36408975,-93,11,128,1,0,0,4ff11441090b090a090d060e030e030d030b02070103010202020002010104ff05fe050008030a050a050903060203030304040304030101000000000000000000000000000000000000ff01fc04fa02f902fc01fd01fd01fe00ff00ff02fe06ff0a0009ff09000cfe0bfb09fa08fa07f908fd07ff02fb01fb03ff0502040502
311,36417396,-43,11,128,1,0,0,1ee001000a030f02130117011a021c031d041d051c061906160612050e020aff07fb05f705f206ee07ea09e80be70ee80fe911ec12ee04fb000000000000000000000000000000000000fc00f002ef02ee02ed02ed02ed02ec02ed02ef02f203f404f607f809fb0cfc0ffd12fd15fe17fd18fd1afc1afc18fc15fd13fe10000e
312,36417811,-43,11,128,1,0,0,1ee0010009f90bf40df010ed12eb14eb15eb16ec16ed15ef13f20ff40bf606f701f7fcf5f8f3f5f0f3ecf3e9f4e7f5e5f8e5fae6fde6fff9000000000000000000000000000000000000fe03f80df80ef70ff610f610f610f510f60ff70ef90dfc0cff0b030b060b0a0c0d0d0f0e111012111212121311120f100d0e0c0b0b09
313,36418268,-43,11,128,1,0,0,1ee00100f3feef00eb01e802e402e201e100e1ffe2fee5fde8fdecfef0fff502f906fb0afd0efd12fc16fa18f81af61af418f216f114fc0500000000000000000000000000000000000003fe0efb0ffa10fa11fa12fa12fa12fa11fb0ffa0dfa0af908f705f502f200efffecfeeafde8fee6fee5ffe5ffe600e9ffecfeeffef1
314,36418708,-44,11,128,1,0,0,1ee00100fbf3f6f0f3edf0e9efe6efe4efe2f1e2f2e2f4e4f6e7f7ecf8f1f8f7f6fcf301f005ec07e808e508e206e104e102e3ffe4fdf9ff00000000000000000000000000000000000002030b0c0c0d0d0e0d0e0e0f0e0f0d0f0d0f0c0d0b0a0b070b030c000efc0ff812f514f316f218f119f119f118f316f513f610f60df6
315,36419250,-44,11,128,1,0,0,1ee00100fa0bfb11fb16fa1af91df81ff61ff51ff41df41bf517f713fa0fff0b040809070f071308170a190d190f1812161413151115040500000000000000000000000000000000000000fb01ef01ed01ec01eb01eb01ea02eb01ec01eefff0fdf2faf4f6f6f3f8eff9ebf9e8f9e6f9e4f8e3f7e3f7e5f6e8f7ebf9eefbf0fd
316,36453900,-43,11,128,1,0,0,1ee00100f5fdeffeebffe7ffe3fee1fde0fbe0fae2fae5fae8faedfcf2fef701fb05fe0a000f00140018fe1afc1cfb1cf91bf719f617fd0500000000000000000000000000000000000003010c070d070e07100810081009100910080e070c050b0209ff08fb07f707f307ef07ec08e909e70ae60be60ae809eb07ee06f004f2
317,36454378,-43,11,128,1,0,0,1ee00100fdf4f9eff6eaf4e6f3e2f4e0f5dff6def7dff9e2fae6fbebfbf1faf8f7fef403f007eb0ae70be40be20ae008e105e203e401f900000000000000000000000000000000000000ff03fe0ffe11fe12fe14fe14fe14fe15fe14ff12000f020c050908060c03100113ff17fe1afd1cfe1efe1eff1dff190016ff12fe0ffd
318,36454885,-43,11,128,1,0,0,1ee00100fb0bfd11fd16fd1bfc1ffa20f821f721f61ff61cf718f913fc0e000a05060b03110216021a031d051e081d0a1c0c190d170e050300000000000000000000000000000000000001fc07f107f008ef08ed08ed09ed09ed08ed07ef05f102f3fef4faf6f6f7f2f8edf7eaf6e7f6e5f5e4f4e4f3e6f3e9f4ebf6eef9f1fb
319,36455412,-43,11,128,1,0,0,1ee00100f606f40bf20ff012ed14eb15e914e814e912ea10ed0df10bf609fb07010706080b0a0f0d11101212121511160f170c170a16020500000000000000000000000000000000000003fe0df90ef90ff80ff710f710f710f710f70ef80bf808f805f701f6fdf4faf2f7f0f4edf3ecf2eaf2e9f2e8f3e9f5ebf6eef7f2f8f5
320,36613758,-93,11,128,1,0,0,4ff1140004070709070c080b090a040a010a020803060205020404030501070008ff09fd07ff070109020a0008ff07000601040204030100000000000000000000000000000000000000fc00f503f803fa01fc01fe00fefffdfffc00fd000004010701070009fd0bfd0cfd0cfb0bf80bf70cf90cfe07ff03fe02ff0201020303
321,37089163,-93,11,128,1,0,0,a7711a4102ff01fefffe01ff0200fffffeffff01ff03ff03ff02ff0100fefffeff010001010001ff03000100fffffe00ff0101ff01fe00ff000000000000000000000000000000000000ff000000010001ff01fe02fd08f70ff206fafc01f708f50efc0900040002000000fefffdfffc02fd01fdfffcfdfcfcfdfffc02fb01fd
322,37091534,-93,11,128,1,0,0,a99dda4101010300030000ffffff00fefefefcfffd00000000fe01fd0300030202020100fefffe01ff02fe01fe00ff00000102010202000000000000000000000000000000000000000001ff02fe01fe00ff01fe01fe0b0016010b00fffef8f9f1f3f8f6fdfbfdfbfefc00fdfffdfeffff01010100feffff000301050003fe00
323,37108543,-94,11,128,1,0,0,399883410303020101fc03f902fbf801f80207020d04060202ff02000103fd05000305fe03fe000106040703fef7faf0fcf7fefd02f901fd000000000000000000000000000000000000fffefffb01fe02fe00fcfffdff00ff00fffcfffbfffdfffefcfefafefe00010101ff00fdfefcfbfcfbfefd01ff01fd01fe01ff00fbff
324,37195742,-91,11,128,1,0,0,5ff9954102020203ff02fffefdfdfdfe00fe0200010101000000fe02fc04fe03020004fe03fe02fe03fe03fe01ff00ff0000ff00feffffff000000000000000000000000000000000000ff00ff00ffffffffff0200020301030001fe02fd02fd02fe03020101fffc00fc0200040003fcfffbfdfd00fe09fb0ffb080002050104
325,37195935,-90,11,128,1,0,0,3550034100fd02fb01fafefdfbfff9fef9fffc0000ff01fd00fefefffcfefcfdfdfdfefefe00fe0000ff00fffd01fc02ff01010001000000000000000000000000000000000000000000fffffffc01fd00feffff0000ff00fdfdfffb00fdfd01fd02030105ff04fe01fffffefdfbfffd0101fffffdfef301e903f4fffefefd01
326,37196977,-93,11,128,1,0,0,02299041fdfffdfcffff01010100fe01fd0000fc03fd04fe02fdfffdfeffff01fe00ffff010001fffffeffff00fe00fdffff00ff01fd00ff00000000000000000000000000000000000000000201020002ff01ff00fe01fe0200010101ff01fe0101ff03fc00fefc00fefe02fd03fcfffdfcfffc00ff02f504e902effefaf802
327,37301421,-91,11,128,1,0,0,67788641fefbfdfffc01fe01ff020102030002fe00ff03f605ef02f9ff00060011010c02040001fffe02fe0300010000fe00fe00fe00ff00000000000000000000000000000000000000ff00ff00fdfffeffff0001010101fffefefcfffd00fdfefffdfefffe0302030301fefffcfefdfffe0000ff02fb02fb0104010a010500
328,37567405,-94,11,128,1,0,0,20077241020303fc04f805fa07fe090207050506060306ff02fe01ff030006fe04fc020004020106f90bf408f303f9050107010100f800fd00000000000000000000000000000000000000000001000101000000fe01fd01feff00ff000101020103ff01feff0000030003fc01f7fff6fff700fa00fcfefdffff01ff00fe00fc
329,38663445,-91,11,128,1,0,0,4ff114410b090d070d0a0b0d090b09060904080305020101010002fe02fd02fb03f906f807f805fa03fa04fa04fb06fa07fa05fc03fd00ff000000000000000000000000000000000000fefffbfdfdfdfbfefafffb00fd00fe00fe01fe04fe06fe05fc07f90afa0afc0afb0bf90bfa09fb06fb05fb06fc06fe03000102010303
330,38969081,-92,11,128,1,0,0,4ff11400faf5faf3fcf1fdeffdf0fef5fdf8fdf9fffa00fafffbfdfefbfef9fdf8fefafffafcf9fbf8fcf8fdf9fcfcfafefcfefefffd00ff00000000000000000000000000000000000001fe05fb05fd05fe05ff04ff03fe04fe03fc03fb03fc03fc04f805f506f508f505f602f805fa09fa08f805fa03fb00f8fffaffff01fe
331,39175426,-90,11,128,1,0,0,4ff11400fcf3fcf1fbf2f9f4faf4fef202f303f700fafcfbfdfbfcfcfbfffc01fb04f804f503f600f800f801f801fa01fa00fafefcfeffff00000000000000000000000000000000000000010106ff06ff05000501040103030305020602060006ff0701090109ff0afd0bfc0bff0a0108fe08ff090008fe05fd04fc02fa00f9
332,39378616,-92,11,128,1,0,0,4ff1140006f409f30af208f307f507f606f806f804f900f9fffafdfbfbfdfbfffbfffcfdfcf9fcf7fcf9fcfbfdfbfefbfdfafefbfffe000000000000000000000000000000000000000000010205030602070205020303040304010103ff06fd07fc080009010c000e010dff08ff050205020503050503010301030202ff03fb
333,39631230,-91,11,128,1,0,0,e44bbe41ff0200fe01fd03fe08030709060a0806070104fd02fe010000fefefcfbfbfafbfafbfdf704f305f203f4fcfaf90100ff07fb02fe00000000000000000000000000000000000000000200020002fe01fefffefefd00fd00ffff00fd00fc00fbfffcfeff00000100ff01fe01fe01fdfefffc02000302ff00fb01fb02fc
334,40095532,-90,11,128,1,0,0,4ff11441f5f6f5f6f6f5f7f7f7f8f8f7f9f6fbf7fcfaf9fdf8fdfbfffd02ff04fe05fb06f905f804f903f803f704f905fa03fa01fb02fe0000000000000000000000000000000000000000010006fe04fe03ff03fe04fe01feff01ff05ff060008010aff0afd0aff090107ff07fd09ff0a020802060006fe06fb04f801f8fff9
335,40104220,-44,11,128,1,0,0,1ee00100f7f8f1f8ebf7e7f5e4f3e3f1e2efe3eee4eee7efebf1eff4f3f8f6fdf903fa09fa0ff914f718f41af21bf01aee18ed16ed13fb040000000000000000000000000000000000000103080c090d0a0e0b0f0c0f0c100c100c0f0b0e0a0b0a070a040aff0bfb0cf70ef310f011ed13ec14eb15eb14ed12ef0ff10cf309f5
336,40110324,-44,11,128,1,0,0,1ee00100f7fff102ec04e705e305e005df04de03df02e201e600eb00f101f802fe040407090b0d0f0f1410170f1a0e1b0b1c091b071a01060000000000000000000000000000000000000103060d070e090f0a100b110b120b120b110a0f090c09090804080008fb09f60af10bed0cea0de80ee70fe60ee70dea0bec09f006f2
337,40110861,-44,11,128,1,0,0,1ee00100f9faf3f9edf7e9f5e5f3e4f1e3f0e3efe4eee7efebf1eff4f3f8f8fdfc02ff08000e00140019fe1cfc1efa1ef81df71bf619fd06000000000000000000000000000000000000ff03fc0efc0ffc11fd13fd14fd15fd15fe14fe12ff10010c0309060509010dfe10fb13f916f718f61af51bf51af617f714f810f90df9
338,40126354,-44,11,128,1,0,0,5220050007fa07f408ef09ea0be60de40fe311e212e312e511e80fec0bf106f400f7faf8f4f8eff6ebf3e8f0e7ede8eae9e8ece7efe6fcf9000000000000000000000000000000000000fd02f50af50bf50cf50ef50ff510f511f511f511f710f90ffc0eff0d030c070b0b0b0e0c120d140e160f171016111410130e110c0f0a
339,40128000,-44,11,128,1,0,0,52200500f7f8f2faedfae8f9e4f8e2f6e1f5e0f3e1f2e4f2e7f2ebf4eff7f3fbf601f806f80cf611f415f117ee18eb17e915e812e710f90300000000000000000000000000000000000003010f031003110312021202130214021402120111000fff0dfc0cfa0af608f307ef07ec07e907e708e609e509e609e808ea06ec05ee
340,40129762,-44,11,128,1,0,0,52200500f607f50cf411f214f017ed18eb19ea18ea17eb15ed12f00ff40cf90afe0a040a080c0c0f0e130f160e190d1b0b1c081c051c010600000000000000000000000000000000000001fc05f005ef05ee05ed05ed05ec06ec05ed04ee03f000f1fef2faf3f7f4f3f5f0f4edf3ebf3e9f2e9f1e8f0e9f0ebf1edf3eff6f1f8
341,40332112,-43,11,128,1,0,0,1ee00100f501f104ee07ea09e70ae40ae30ae209e207e406e704eb03f003f604fb06ff09020d041205160419021b001cfe1cfb1afa19fe0600000000000000000000000000000000000003fe0cfa0dfa0ef90ff80ff810f710f710f70ef80cf809f707f604f500f3fef1fbeff9edf8ebf7e9f7e7f8e6f9e7f9e9faecfaeffaf1
342,40335358,-44,11,128,1,0,0,1ee00100fa0bfc10fd15fd19fc1dfb1ff920f820f71ff61df719f814fb10ff0c040809060e0613071709190b1a0e1a111813151412150405000000000000000000000000000000000000fffcffefffeeffedfeedfeecfeecfeecfeecfdeefcf0fbf2f8f4f6f6f3f9f0faecfbe9fce7fce5fce4fbe3fbe4fae7fbe9fcecfdefff
343,40389022,-93,11,128,1,0,0,caaffc41ff01020101fffefffe02fd02fe00fffe00fe00ffff00fe00fefffe00ff00000001010100fffffeff0001020101ff00fefe01ff00000000000000000000000000000000000000fffffcfefdfffe00fc01fb00fb00f804f90400040301fffb00fc00fefcfefefe04fd04fe010101ff02fe02fe08fc0dfa04fbfdfbfefd
344,40402637,-94,11,128,1,0,0,4ff11441f3fff1fff2fcf3fcf4fef4fef6fcf9fbf9fbfafcfcfefc00fe02ff05fd06fd08fd08fc06fd06fe05fd04fb05fa04fb03fb03fe0000000000000000000000000000000000000001ff04fc05ff060107010701040102fe03fc02fd01fc02f702f403f404f404f706f907f905f905fa04fb02fbfefdfb00f900fb01fc03
345,40507106,-93,11,128,1,0,0,4ff1144107f509f20af00bf20bf407f807fe06fd04fc04fb01fbfffcfdfcfbfbfbf9fbf7fdf5fff7fff9fef9fff8fffafefcfffc01fc00ff000000000000000000000000000000000000010104030402030501060003020103ff01ff00010103030104ff06fe08fe090109020a020b030904060107ff08fe06fd04fe03fd00f8
346,41727057,-93,11,128,1,0,0,488cc441fdfffd02fe03fe00fefdfffe0302060006fc0bfc0ffd0dfb04fefffe06fa08fa020002030202000001fe02ff0103010501040001000000000000000000000000000000000000fffffffe00fe00ffff00fe00ffff01fe01fd00fcfffc00fd0000000201ffff01fd04ff02ffffff00020103fefffcfcfafdf9fe00fc07
347,42357517,-43,11,128,1,0,0,1ee0010007ff0cfa11f615f419f21cf11ef21ff21ef31cf519f714f90efa08fb01fafbf9f6f6f1f3eef0ecedeceaede8eee7f1e7f3e8fcfa000000000000000000000000000000000000fdfdf6f7f4f7f2f6f0f5eef5edf4ecf3edf4eef5f1f6f3f9f5fcf701f905fb0afb0ffc14fc17fc1afb1dfa1efa1cfa1afb17fc13fd0f
348,42389550,-43,11,128,1,0,0,1ee00100fcf9f8f5f4f2f1eeefebeee9eee7eee7efe7f1e9f3ecf6f0f8f5fafbfc01fc07fc0cfb11f914f717f518f418f317f215f213fc04000000000000000000000000000000000000fd01f606f507f409f30bf20cf10df10df10df20cf40af709fb07ff06040509040d0311031503170419041a0519051705130410030d02
349,42393179,-43,11,128,1,0,0,1ee00100ff06020d04120618061c061f052004210420031d02190114010e0207030106fa09f50cf110ed13ec15ec17ec17ee17f016f205fc00000000000000000000000000000000000002ff0cff0dfd10fc12fb14fa15fa16fa16fa14fa11fb0dfb09fa04f9fef8f9f7f4f5f0f2ecf0eaefe8ede7ece9ecebeeedf0f0f3f3f5
350,42394310,-43,11,128,1,0,0,1ee00100fcfaf6f6f1f3edefeaece9e9e8e8e9e7eae7ece9efecf2f0f6f5f9fafc01fe07ff0dfe13fd17fc1afb1cf91cf81bf71af618fd06000000000000000000000000000000000000fd01f506f408f30af20cf00eef0fef0fef0ff00ef30cf60afa08ff07040509040f03130217021a021d031e031d041a04170314021001
351,42395594,-43,11,128,1,0,0,1ee00100fafcf3fbeef9e9f7e5f5e2f3e1f2e1f1e2f1e5f2e8f3edf6f2f9f8fdfd020107040c061107160619061c051d031c011b001a0006000000000000000000000000000000000000fe02f809f80bf70ef710f612f613f514f514f612f810fa0dfd0a010705030a000ffd13fb17f91af91cf81ef81df91afa17fa14fb10fb
352,42432156,-43,11,128,1,0,0,1ee00100fcfaf7f6f3f2f0eeeeebede9ece8ede7eee8f0e9f2ecf5f0f8f5fafafc00fd06fd0cfd11fb16fa18f819f61af519f417f315fc05000000000000000000000000000000000000fd01f604f506f308f20af10bf10bf00cf00bf20bf409f708fb07ff06040509040d0411041504170419051a0519051705140410030d02
353,42433355,-47,11,256,1,0,0,6aa006000306080a0d0e111214141616171817181617141611130e0f0a0a060403fd00f6ffefffe9ffe301df03dd06dc08dd0adf0ce103f800000000000000000000000000000000000002000c000efe10fd12fc14fc15fc15fc14fc12fc0ffc0cfc07fb02fafdf9f8f8f3f6eff5ecf4e9f3e7f3e6f3e7f3e9f5ebf7eff9f3fbd20007f407f407f407f307f307f206f206f206f206f206f106f106f106f106f107f007f008f108f108f109f209f309f30af30af40bf50cf60cf704fc01ffff00ff00ff0000ff00fe02fb02fb02fb03fb03fb04fa04fa05fa05fa06fa06fa06f906f907f907f907f907f907f907f807f807f808f708f707f707f607f607f507f5
354,42438358,-47,11,256,1,0,0,6aa00600fffafbf4f9f0f6ecf4e9f2e6f2e4f2e4f3e4f4e6f6e9f7edf9f2fbf9fcfffc06fb0df912f717f41af21cef1bed1aeb18ea15fa05000000000000000000000000000000000000fdfff5fcf3fdf1feeffeeefeecfeecfeedffeefff1fff300f702fb03ff050308070a0a0c0d0e100f11101210120f110f0f0d0d0a0b07db00f213f214f215f215f216f316f317f317f318f418f419f419f419f31af21af21af11af01af019ef19ef17ee16ed15ec15eb14e912e811e70ff705fd0100ff00ff00ffff00fe02fb07fb07fb07fa07f907f908f808f708f609f609f509f409f409f30af30af20af20bf20bf20cf20cf20df20ef20ef20ff210f210f111f111
355,42514517,-42,11,128,1,0,0,1ee00100fdf8f9f3f7eef4eaf3e6f2e4f2e3f2e2f3e3f5e5f7e9f9eefaf3fcfafd00fd07fc0cfb11f915f718f619f419f318f316f214fc05000000000000000000000000000000000000fd00f300f101ef02ed02eb03ea03ea03eb02ed02f002f403f904fe05030608080d0a100b140d160e171018101710140e110c0e090c07
356,42516095,-42,11,128,1,0,0,1ee00100fbfaf5f6f0f3edf0eaede8ebe8eae8e9e9eaebebeeeef2f2f6f6fafcfd010007010d021202170119001bff1cfd1bfc19fb18fe05000000000000000000000000000000000000fd01f405f306f108ef0aee0bed0bed0bed0bef0af208f607fb06000506040b041004140418041a051c051d061c051905150411030d02
357,43098849,-93,11,128,1,0,0,177aa141fffffe01fd02fefffefefeff00fe02fe0200fc08f711fa0bfe01fb05f80dfc0700010001fe01ff00000000fefffefffefeffffff000000000000000000000000000000000000ff00fe0000000001fe01fbfefafefcff00ff030101040005000500040003020100fefefc01ff0402020101000102ff01ff050110ff13
358,43531821,-93,11,128,1,0,0,bddbbb41fffa00fb00fffd00fbfe00fe0602060301000104060a0a0b0605000007010701fcfff9fffdfe01fc02fc00fffb02f804f903fe000000000000000000000000000000000000000001000201ff01ff01ff02ff01ff0000fe00ffff02fe0201000200010201030001ff00010201030101030003ff01ffff01fd01ffff00
359,43791578,-43,11,128,1,0,0,1ee00100f80af810f716f51af31ef11ff01fef1eee1cef19f115f411f90cfe0804060b04110416051a071c091c0c1c0e1a1017111512050400000000000000000000000000000000000003fd0df40df30ef20ff110f010f010f00ff10cf209f306f301f3fdf3f8f3f4f2f0f0eceeeaece9ebe8eae8e9eaeaededeff0f1f3f3f7
360,43792114,-43,11,128,1,0,0,1ee0010000f4fdeffceafbe6fce3fce1fee0ffe000e100e401e800edfff2fdf8f9fdf501f003eb04e704e503e301e2ffe3fde6fae7f9fafe000000000000000000000000000000000000ff03fd0ffd10fd11fd12fc13fc13fc13fc12fd10ff0e020c050908070c050f041303160319021a031c041c051a051705140311010e00
361,43794353,-43,11,128,1,0,0,1ee00100f5f9eefae9f9e4f8e1f6dff5dff3dff2e1f2e4f2e9f4eef7f2faf7fffa05fd0bfe11fd16fb1af91df71ef41ef21cf119f016fc0500000000000000000000000000000000000002020b0c0c0c0d0d0e0e0f0e0f0f0f0e0f0d0e0b0c090c050b010bfc0bf80cf30def0fec10ea12e813e713e713e910ec0dee0af107f3
362,43795318,-43,11,128,1,0,0,1ee001000cfd10f914f518f31cf21ff220f321f41ff51df718f913fa0dfb06fa00f8faf5f6f1f3edf1e9f1e5f2e3f4e1f7e2f9e3fce4fff9000000000000000000000000000000000000fbffeffeeefeecfeebffeaffeaffeaffebffed00f002f304f607f90afc0dfe1100150118021b021d011e011f001d001901160211020e
363,43825748,-44,11,128,1,0,0,1ee001000cff0ffc13f917f71af71df71ef81ef91dfa1bfc18fd13fd0efd09fb05f801f4ffeffeebffe700e402e205e207e30ae50be703fa000000000000000000000000000000000000fc02f108f108f009f009f00af00af00af10af30af50af70bfa0cfd0d000e0210041206140716081808190719071806150612060f060d
364,43827962,-44,11,128,1,0,0,1ee00100f4f9f0f9ebfae8f9e5f7e3f6e3f4e3f3e5f3e7f3eaf3eef6f1f9f5fdf602f708f60cf410f113ee14eb14e913e810e70de70bf90200000000000000000000000000000000000004ff10fe11fe11fe12fe12fe12fe12fd11fd0ffc0efb0cf90af709f507f206ef05ed05ea05e805e706e606e606e705ea04ec03ee01f0
365,43830254,-44,11,128,1,0,0,1ee001000b060f051305170519061b081b091b0a1a0b170b140a10080d050b0109fc09f80af40cf00fed12ec14ed17ee18f118f418f706fe000000000000000000000000000000000000fb01ef06ee05ee05ee05ee05ef05ef06f006f207f307f509f70bf90dfa0ffc11fc13fd15fd17fd18fd19fc19fc17fd15fe12ff10010e
366,44294051,-93,11,128,1,0,0,4ff1140006f508f809f809f809f907fb06fc06f903f903fc05fd02fdfefdfefcfffafefafefafdf9fdf7fff701f802f801f9fffafefafffe000000000000000000000000000000000000000102050208020802060006ff060004ff03ff0403040603060304030604080309020804080608070606030301030202020002fe03fd
367,44498817,-94,11,128,1,0,0,4ff11400f704f605f404f302f302f502f700f7fef9fffd00fd02fb04fb06fd07fd0afc0afc07fa07fb08fc07fc07fe07fd05fb03fa02fe0000000000000000000000000000000000000000fe02f801f601f801f901f901fc00fffffefdfdfbfdf9fcf8fcf9fafaf5f9f4fbf5fdf5fdf7fcf9fcf8fdf9fcfefb02f901f701f703
368,44584868,-91,11,128,1,0,0,b0011b4101fdfcfbfcfbfdfdfeff00ff00fd00fd00ff020002ffff00feffffffffffff01ff01fefffe00000001000000fe00fefffefeffff000000000000000000000000000000000000ff00fe01ff000000ff01ff0200030003000301030104fe03fe02020402050003fe02fd04fd03fe02ff0101fd09f50def05f8fe00fdfc
369,44588102,-92,11,128,1,0,0,fbbddf41fcfefc00ffff00fe00ff0100ff00ff0002ff02ff01000001ff01010002fe00feff00ff01ff00fffefffefefffefefefffeffffff00000000000000000000000000000000000001010505020104ff08fe05fc00fd000203030104fc03fa02fc02fffe00fc0001fe04fd00fcfefcfefefeff000509090f07070400fc01
370,44689124,-92,11,128,1,0,0,a4400a41fe01fefffdfefdfefefffe01fc02fb01fdff06f60cf105f901fffff6faeefdf400fc0000fe01ff010002000000fffffffcfffeff000000000000000000000000000000000000000002ff06fd06fa01fafefe0102040103fe01000002fdfdf9fbfcfeffff0001000202000301040505060203feff01ff06fc06f905fd
371,44703615,-94,11,128,1,0,0,4ff11400000cff0dff0dfd0ffb11fc0ffe0b010802070105010201ff03ff04fe03fd04fc05fa05f806fa08fe08fe06fe04fd03fd03fd01ff00000000000000000000000000000000000001fe05fa02fc02fd05fd05fc01fafefafdfdfefdfdfcfafbf7fbf6faf5faf4fbf5faf5f8f4faf5fbf9fafdfc00020003fd03fb01fbff
372,44806040,-92,11,128,1,0,0,4ff11441f7f6f6f5f6f6f7f5f7f4f9f5faf6faf7fcfafefbfefefe00fbfff800f604f706f905f904f704f705f904fa02f901f902fc03ff0000000000000000000000000000000000000001010504050304030203010201ff02fd01fd01fe02fd04fb06fb06fb08f90bf90cfc09ff09fc09fc07ff04ff01fcfefafdf9fdf9fbfc
373,45113239,-92,11,128,1,0,0,4ff11400f206f107f407f507f306f405f604f803fa03fc02fc01fd0100050108030704050408030802060308050904070305030202ff00ff00000000000000000000000000000000000001fe05fd060007010501020001fffffcfefbfefbfffbfffafdf8fdf7fff6fef4fdf4fdf2fef1fff400f900fafffafdfcfbfcfbfef8ff
374,45215648,-93,11,128,1,0,0,4ff11400f201f002ef00effef1fef5fef7fef9fef9fff900fbfffd00ff04ff06fe06fc05f902f803f905fa04fa04fa04fc03fc01fc01ff0000000000000000000000000000000000000000ff04fc05fc04fb04fb03fa01fa01fc01fdfefcfcfbfef9fffafcf8faf5fbf6fdf7fef5fff4fdf5fef6fef8fcfafdfbfdfbfafef502
375,45420379,-93,11,128,1,0,0,4ff114000df70ef80efa0ef80df60af607f805fb04fc03fc01fafef9fcfafaf8f9f7f9f8fbf9fcfbfbfdfafafaf7fbf7faf8fcfafefcffff000000000000000000000000000000000000fe01fa03fafffafef9fffafffdffff00010202030305050705080308030603060207010a010b020903070505050404040402060006fe
376,45735298,-44,11,128,1,0,0,1ee001000b070e041201160019001c011e021f041e051d071a08160713060f030cff0bfa0bf60cf20fee11ed15ec18ee1af01bf41bf607fd000000000000000000000000000000000000fd02f40bf40bf40bf50bf50cf60df60ef70ff710f810f810f910fb10fd10ff1002110412051307140816081708170716071507130711
377,45736351,-44,11,128,1,0,0,1ee001000b060e031201160019001c011d021f041e051d071a08160712060f030cff0bfb0bf60cf20fef12ed15ed18ef1af11bf41cf707fe000000000000000000000000000000000000fd03f50cf50cf50cf60cf70df70df80ff80ff910f910fa10fb11fd10ff10011003110412061308140915091609160815081407130811
378,45737664,-44,11,128,1,0,0,1ee00100fbf3f7f3f3f2f0f0edeeecececeaece8ede7efe7f1e8f4ebf6eef6f3f6f8f4fcf1ffed01e901e600e3fee2fbe2f8e4f5e6f3f9fc00000000000000000000000000000000000004ff10fd10fd10fd0ffc0ffc0ffb0ffa0ff90ff80ef70ef60ef50df40bf30af209f008ee07ed07eb07ea08e908e908ea07eb06ec05ed
379,45767443,-44,11,128,1,0,0,522005000bfe0dfa0ff712f415f317f218f31af41af519f716f913fa0ffb0bfa07f803f501f100ee01ea02e804e607e60ae60ce80dea03fa000000000000000000000000000000000000ff03fc0efc0efc0ffc0ffc0ffd10fd10fe10fe0fff0f010e020e040d060c090c0b0c0d0d0f0d100e110f1110100f0f0e0e0d0c0b0b09
380,45773761,-44,11,128,1,0,0,52200500030c070d0b0f0e111014101610180f1a0e1a0c1a0a1808140710070b08070b030e0012ff16ff19001b031c061b09190b170d0503000000000000000000000000000000000000fb00ee01ee01ee00ee01ee01ee01ee02ee03ee04ef04f006f107f209f30bf40df40ff411f413f314f315f216f215f314f412f611f710
381,45775334,-44,11,128,1,0,0,52200500080a0c091009140a170c180e191018111712151212110f0f0d0c0b070b020cfe0efa11f814f617f61af71cfa1cfc1c001b020600000000000000000000000000000000000000fc02f008f008f008f008f008f008f009f109f20af30bf40bf50df70ef90ffa11fb13fc15fc16fc17fc19fc19fc18fc16fd15fe13fe11
382,45978520,-44,11,128,1,0,0,1ee00100000e031105140718071b061d051e031f021e011c001900150111030d070a0b080f071308160a180c190e18111614131510160305000000000000000000000000000000000000fcfef0f9f0f9f0f8f0f9f0f9f0f9f0faf0fbf0fcf0fdf0fff001f003f005f007ef0aee0bed0dec0deb0eea0eeb0ded0cee0bf10bf30b
383,45979181,-44,11,128,1,0,0,1ee0010005f304ee03ea03e704e405e207e109e10ae20ae40ae808eb05ef02f2fdf3f9f4f4f2f1f0eeedeeeaeee8f0e5f3e4f6e4f9e4fef900000000000000000000000000000000000002030a0c0a0d0a0d0a0d0a0c0a0c0b0c0b0b0c0a0c080d070e050f03100111ff13fe14fd16fc17fc18fc19fc18fc16fd14fc12fb10fa
384,46077434,-94,11,128,1,0,0,4ffaa44101ffff00fd01fc0000000101fe00fcfdfdfbfdfdfd00ff0101020002ffff00ff0000fffeffffff00ff00ffffff00ff0100020000000000000000000000000000000000000000ff0000ff00fdfcfefb00fffd05010a07070202feff08fd0efe07000102000400030002010202fefcfdf6fefb01ff04fafcf9f5fcf9fe
385,46182059,-91,11,128,1,0,0,9ff99941fefe00fb02f901f6fff6fef9fefbfdfefd0001fe03fd02fdfffefe01ff0100ff00ff00fffffefffffefefefdfffe0100010000ff0000000000000000000000000000000000000000010103000202fe01fd01ff0001fd00ffff0000fe01fe020302030000fefffcfef802f90afd0eff0afd06f107ea06f80203000001
386,46444406,-94,11,128,1,0,0,4ff11441f0fceff9f1f8f5faf5fcf4fcf6fbf7fcf700f901fa01fc02fd05ff0702090009fc08fc06fd04fe04ff05ff07ff06ff05fd03ff0000000000000000000000000000000000000002010805060503030203020501030001010103fe05fb05f905f806f806f705f706f805f706f607f805fa03fb02fbfffafefcfcfbf8fb
387,46649235,-94,11,128,1,0,0,4ff114410bf70ef80ef80cfa0afb07fc07fd09fc08fc04fd01fc01fb00fbfefbfffbfdf8fcf7fdf7fcf8fbf9fcf8fdfa00fb02fd01feffff0000000000000000000000000000000000000001ff07fe06fe04fc03fc02ff000002ff04ff02020206020b020a0407060408060908040601030304050805070203ff01fe04ff08fe
388,46751629,-92,11,128,1,0,0,4ff11400010b010e000efc0cfb0dfc0bfd07fb06fc05ff04ff0301030303040404030305040804080108ff07ff050003ff03fe04fd04ff00000000000000000000000000000000000000ff00fe04fe07fd06fb06fc04fd00ff030008fe06fc03fd0501060207ff09fc09fb06f905f807f707f707f806f905fb04fb06fb09fe09
389,47058931,-92,11,128,1,0,0,4ff11400fb0afb0bfb0afb08fa09fa0bfc08fc06fd05ff040002000000ff02ff050008020a020a0308030703070405040403030004fe01ff00000000000000000000000000000000000000fe02f904fb04fb03fc02fe02ff01fffefefcfefbfdfafcf8faf6faf5faf6f9f7f6f8f5f8f7f7f9f7fbf8fcf9fcf9fefa02fa05fb04
390,47470387,-92,11,128,1,0,0,4ff114000b020f0310030d020901070208020701070006fe04fb03fb03fa02f702f701f801f9fff8fff700f802f801f6fef7fdfb00fc00fe000000000000000000000000000000000000fe00fb04fc04fc02fb00fb00fe01ff02fe04ff04010402030205020aff0b000a010bff0afe07fd06fc06ff0402020302030104ff06ff
391,48082855,-92,11,128,1,0,0,4ff11400fb0bfc0cf90cf70bf709f808fa08fc07fd04ff04fe05fc0301ff05fd07fd0afe0afd09fe09ff09fd08fd05020404040101fe00ff00000000000000000000000000000000000001ff04fe05ff05ff05ff05fe04ff00fffffefefcfcfafbfafbf8fbf7fbf8faf6faf5faf6fcf5fbf6fcfafefefdfefcfefbfefafefa01
392,48492468,-91,11,128,1,0,0,4ff114410dff0c020d010d010d000afe06fd04fd04fc03fc02fc00fffc02f901f801f700f500f501f802f803f704f804fb04fd05fd06ff01000000000000000000000000000000000000000003030403030202010201010001fe00fefdfcfcfafbfbf9fdf7fdf7faf9f9f8fbf7fff5fef5fdf7fff900fafffd01010203030204
393,48785766,-94,11,128,1,0,0,7ddee741fffe02fb03fb01fffe02fd02fe01fefffe0000ff01fe01ff000001000101ff02ff03ff020001ff00fd00fcfffdfefffd02fd00ff00000000000000000000000000000000000000ff0100ff01fe00fffefe00fd01fd02fe00fcfffb00fd01ff03fe05fc04fe0203fe02fffe010002020102ff07000eff0bff06010302
394,48799677,-92,11,128,1,0,0,4ff114000010000e000cfe0b000b030b02090005ff03ff020103010202fe05fc05fd04fd06fc06fb05fb06fb08fb08fb07fe06ff06fd01ff00000000000000000000000000000000000000fe01fa02fc04fd04fe03fe03fc01fafffbfffcfefdfafef8fdf8f9f8f8f8f8f7f8f6f9f6f9f8f8f8f9f8fbfafdfc01fd06fc05fb00
395,48890491,-91,11,128,1,0,0,93366941020100fffffd00fffffffffffd01fd0101fefdf3f5ebfaf4fffef706f00bf705fdfffeff0001020102000001000100fffefeffff00000000000000000000000000000000000000ff01fe03fe04000204020303fe02fa03fb040003ff01fafffbfe00fd02fd02fe02000000fefc01f804fa0000ff0302ff02fc01fbfe
396,49007253,-92,11,128,1,0,0,8ddaa8410005fd06fd03fd00fdfdfefd01fc01fbfefbfcf7fcf4f7f7fafb0000fb05f904fcfdfcfbfdfffe0101ff0000fb04f906fa07fe0100000000000000000000000000000000000000fe00fdff00fe010000010000ff00fefffdfdfefeff00ffff00fefffefeffff000101fffefefdfffefefefefdfefdfffd01fdfffefb
397,49209293,-91,11,128,1,0,0,4ff1140003f103ef04ee04ee04f105f405f502f800fc00fe01fffefffbfdfafcfafbf9f9f7f9f6fbf7fdf9fcfafbfbfbfcfbfcfcfdffff0000000000000000000000000000000000000001010305020600050103020200ff00ff01ff01fe03ff05ff06fd07fd070008030a030b020b010c02080303fe04fc04fd01fc00fafff8
398,49618904,-93,11,128,1,0,0,4ff11441000bfc0cfc0efe0efe0efe0cfe0901070004ff030003020403030403070307040602060104030206030705070404010301010000000000000000000000000000000000000000fefff8fef7fff8fefafdfafffa01fc01fe01fc02fd03fc07fa09fc08fc07fa05f806f707f604f502f403f600fa00fd05fe0801090508
399,50110065,-91,11,128,1,0,0,855bb841000000ff010102010002fc06fd0707030aff02fffcfefdfb00fb01fb02fc00fdfcfcf8faf6fbfafdff02fe07fe0302fa05fa01ff00000000000000000000000000000000000000000200ff00ff01010203020203fe02ff01ff00ff0002000200fe00fc01fd03fe05fe04000003fd03fd00fdfffb00fafdfafbfc00ff
400,50382847,-94,11,128,1,0,0,45577441fef3f7f1f1f1f5f7fefa02f900fffb06f904fbfdfdfd00ff02fc00fdfd01fc01fd00fd02fd02fe0000ff01010002000001000000000000000000000000000000000000000000000002010001ff01fe01fe0000fffffffe00fe00000101000001ff0000fdfffcfffc01fc01fc00ff00fd02fa02000004fc03f9fef5fb
401,50489838,-93,11,128,1,0,0,7cccc741fffeff00fd00feff00fdfefefdfefffe01fe09f90ff306f9fefffc08fa10fc07fdfefdfefefe01fd03fe030102010001ff010000000000000000000000000000000000000000fe00fc00fe000101ff01fdfffffefffefefefefefeffff0000ff00fe00fefffffdfefcfffa02fa02fc02fe00feff00000002fe02feff
402,50540543,-93,11,128,1,0,0,4ff114410a0109fe0dfe11010f020c020d030a0204010100020001ff00fbfff9fff9fff9fdf9fdf600f202f101f4fef9fefb01fa01fa00fe000000000000000000000000000000000000fdfff7fdf9fefafdfafcfcfdfdfefd00fe00fe02fc04fc06ff08ff0a000a0005fd06fb07fa06f907f806fc05ff0500040102030108fe
403,50651186,-44,11,128,1,0,0,1ee0010008fd0bf90ef511f214f017f018f019f119f218f415f611f80cf906fa01f9fcf7f8f4f4f1f3edf2eaf3e8f5e6f7e6fae6fce7fff9000000000000000000000000000000000000fc00f103f104f005ef05ef06ef06ee07ef07f007f307f508f809fb0afe0b010d041006120714081509170918081707150612060f060d
404,50652498,-44,11,128,1,0,0,1ee001000aff0efb13f817f61bf51df51ff620f71ff81dfa19fc14fd0ffc09fb03f9fef5fbf1f8ecf7e8f8e4f9e2fce1ffe101e303e401f9000000000000000000000000000000000000fc00ef02ee02ed03ec03ec04eb04eb05eb05ed05ef05f206f508f80afc0cff0f011303160418041a041c041d031b031902160212030f
405,50653053,-44,11,128,1,0,0,1ee00100f605f40bf210f013ed16eb17e917e717e715e912eb0fef0cf40afa08000706080b0a0f0d12101314131611190f1a0c1a0a19020600000000000000000000000000000000000003fd0df60df50ef40ef30ff20ff20ff10ff10df20bf308f305f301f3fcf2f8f1f5eff2eef0ecefeaeee9ede8efe9f1ebf2edf4f0f5f3
406,50694379,-43,11,128,1,0,0,1ee001000008050a0a0c0e0f1113121512171219111a0f190c170a14080f060a060407fe0af90df511f214f117f11af31bf51bf81bfa06fe000000000000000000000000000000000000fffdfdf4fcf4faf3f9f3f7f2f6f1f5f0f4f0f4f0f5f1f5f3f5f5f5f8f5fcf4fff203f006ee09ec0bea0ce90de90cea0beb0aed09ef09
407,50694922,-44,11,128,1,0,0,1ee0010008fb07f507ef08ea09e50be30ee110e111e111e410e70eec0bf006f400f7faf8f4f8eff7eaf4e7f1e6eee7ebe9e9ebe8eee7fbf9000000000000000000000000000000000000fd02f609f60af70cf70df80ff811f712f713f713f812fa11fc0fff0e020c060b0a0b0e0b120b150c170d180e180f170e150d130c110a
408,51576065,-53,11,128,1,0,0,1ee00100e90be80ce80ce80de80de80ee80ee70fe710e610e611e611e511e510e50fe40fe30fe30ee20de30ce30be30ae409e308e306f801000000000000000000000000000000000000fcfff1fcf1fcf1fcf1fcf1fcf0fdf0fdeffdeffeeffeeffeeffeeeffee00ee01ee01ed02ed03ed04ec05ec06eb07ec08eb08ea09ea09
409,51576540,-53,11,128,1,0,0,1ee00100eb0ceb0ceb0ceb0deb0eeb0eeb0eeb0fea10e910e910e910e911e910e810e810e70fe70fe70ee70de70ce70be70ae709e608f901000000000000000000000000000000000000fcfff2fef2fdf2fdf2fdf2fef1fef1fef0fff0fff0fff0fff0fff000f001ef01ef02ef03ef04ef05ee06ee07ee07ee08ed08ed09ec09
410,51582183,-43,11,128,1,0,0,1ee00100fa09fb0efc12fb15fa18f91af71af61af619f616f613f810fb0cff09030708060c0610071309140b150d140f121010110e12030400000000000000000000000000000000000000fc00f000ef00ee00ed00ed01ed01ed00ee00effff1fdf3faf5f7f7f4f9f1faeefaebfae9fae8fae7f9e7f8e9f8ebf9eefaf0fbf2fd
411,51582621,-43,11,128,1,0,0,1ee001000409080b0b0e0e101013101510160f170e160c150a12080f070b0606070109fd0cf90ff712f515f517f618f818fa17fd16ff05ff000000000000000000000000000000000000fdfdf4f5f4f5f3f4f2f3f2f3f2f3f2f3f2f3f3f5f4f7f5faf4fdf400f403f306f109ef0bed0dec0eeb0eeb0eec0ded0bf00af309f608
412,51583132,-43,11,128,1,0,0,1ee0010009050e04130417041a061c071d091d0a1b0b190a150a11080d05090107fc06f705f206ed08ea0be80de810e811ea12ed12ef04fc000000000000000000000000000000000000fcffeffdeefdedfcecfcecfcebfcebfcecfceefdf0fef201f403f607f70af80ef811f814f817f718f619f61af618f616f813fa10fc0e
413,51615719,-43,11,128,1,0,0,52200500f502f106ed08e90ae60be40be30ae309e408e607ea05ee05f404fa05ff070409080d0b100c140c170c190a1a081a06190418000500000000000000000000000000000000000003001000110012001400140015011401130111000eff0bfd09fa06f703f400f0ffecfee9fee7fee5fee4ffe300e500e8ffebfeeffef2
414,51618653,-43,11,128,1,0,0,52200500f504f109ee0dea10e612e412e311e211e30fe60de90aee08f407fb06010607080c0b100e13121315131711190f190d180a18020500000000000000000000000000000000000004ff11fe13fe15fe16fe17fe17fe17ff16ff13fe10fd0cfb09f905f601f2feeffcebfae7f9e4f9e2f9e1fae0fbe2fbe5fce9fceefcf2
415,51619743,-43,11,128,1,0,0,52200500f806f60bf310f113ef15ed16eb16ea16ea14ec11ef0ef20bf708fd06030508050d061208150a160c170e1610141111120f11030400000000000000000000000000000000000003ff0ffc10fb12fa13fa14fa14fa14fa13fa11fb0efa0af907f803f6fff4fbf1f8eef6ebf4e9f4e8f4e6f4e6f5e7f6e9f8edf9f1f9f4
416,51621081,-43,11,128,1,0,0,5220050002f600f000eb00e700e401e202e104e104e304e504e903ee01f3fef8fafdf601f103ec04e804e503e402e400e4fee6fce8fbfafe000000000000000000000000000000000000fd02f50bf40cf30df20ef20ff20ff20ff20ff40df70cfa0afe0a020907080b090f09120a150b170c180d180e170d140c110a0e080c05
417,51627927,-42,11,128,1,0,0,5220050008f70bf10eed11ea14e815e717e717e816ea14ec10f00cf307f601f9fbfaf5faeff9ebf7e8f4e6f2e6f0e7eee9eeebedeeedfbfb000000000000000000000000000000000000fb00ee02ed02eb02ea02ea02ea02ea02ec02ef02f203f605fa07fe0a020d0510071409170a190a1b0a1c0a1c091a08170713070e070a
418,51829835,-44,11,128,1,0,0,1ee00100fcf3f9f1f6eef4ebf4e8f4e6f5e5f6e4f8e5f9e6fbe9fbedfbf1faf5f8f9f4fcf1fdedfde9fce7fbe6f9e7f6e8f4eaf2ecf1fbfc00000000000000000000000000000000000004001001110211021102110211031102110210010f000efe0efb0df90df60df40ef20ff00fef10ee12ee12ee11ef10f10ef20bf309f3
419,51831059,-44,11,128,1,0,0,1ee001000a090e0813081709190b1b0d1b0f1b1019111611130f100d0d090b040aff0bfa0df610f313f116f119f21bf41bf71bfa1afc06ff000000000000000000000000000000000000fb01ee06ee05ed05ed06ed06ed06ed06ee07ef07f108f209f40bf60df80ff911fa14fb16fb18fb19fa1afa1bfa19fa17fb15fd12fe10
420,51831554,-44,11,128,1,0,0,1ee00100000d041007130817091a091c081e061f051e031c021901150210040b07070b050f031403170519071b091a0c180f161013110404000000000000000000000000000000000000fbfeeef9eef9eef9edf8edf9edf9edf9edfaeefbeffceffeef01ef04f006ef09ee0bed0dec0feb0fe910e910ea0eeb0ded0cf00cf20b
421,51832823,-44,11,128,1,0,0,1ee00100f5f8f0f9ecf9e9f8e6f7e4f5e3f3e4f2e5f1e7f1eaf2eef4f1f7f4fbf500f505f40af10dee0feb10e80fe60ee50be508e606f90100000000000000000000000000000000000004fe10f910f911f911f911f911f811f811f70ff70ef60cf50af409f206f004ee03ec03ea02e802e603e503e403e603e802ea01ec00ee
422,51871776,-91,11,128,1,0,0,4ff11441f3fcf3f9f3f7f4f8f5f8f6f8f9f9fafbfafefcfdfefdfefffb01fb05fc06fb04f801f601f701f7fef6fef700f800fb01fc03fe0100000000000000000000000000000000000000fe02f903fb04fb05fb04fc02fc02fd03fd04fc01fcfdfafafafafafdf6fef4fef4fff501f601f500f500f9fffcfffdfdfdf9fcf5fd
423,52076550,-94,11,128,1,0,0,4ff1144110030f030d030b020b020c04090204fd02fd03fe04fe04fd03fb01fafefafdf9fdf7fff601f600f7fff8fff900f901f800f900fe000000000000000000000000000000000000fd00f800f9fffafffbfefbfdfcfffe01fe02fe0100030005fe06fc09fc0afe0aff0afe09fe08fd07fc06fc06ff040303040406030904
424,52486178,-96,11,128,1,0,0,4ff11400ff09ff0c000efe0efe0e000dff0aff09010603030301030005fe06fc05fb05fc06fc06fc06fa06f905fa05fb05fb04fc01fb00fe00000000000000000000000000000000000001ff06fe050006010501030103020202ff00fcfdfdfafff8fdf8fdf7fdf8fafaf7f8f5f6f7f6fbf7fdf8fdf9fcfdfc00fe02ff05fe07
425,52588567,-90,11,128,1,0,0,4ff114000d0a0c0c0b0e0a0c050a030904040400030103020402050106fe07fb08fc0afb09f806fa0700060106ff07fd06fd04fe03ff00ff000000000000000000000000000000000000fefff9fef9fdfafdfcfffe00fe0100010202ff04fc05fa06fa06f908f709f709f907fa07f808f708f806fa03ff020101000001040306
426,52895825,-94,11,128,1,0,0,4ff114000a0a090d080d080b070a05090407030402040104010204fe06fe07fd09f909fa09fa09fa07fa06fa06fd05ff040004ff02fd00ff000000000000000000000000000000000000fefefbfcfafdfafdfafcfbfcfbfcfdfd01fe0100ff02fc06fa09f809f708f606f704f704f703f703fa05fd07ff0701060108030a0709
427,53202998,-92,11,128,1,0,0,4ff1144104f502f502f006ef08f106f302f700fafef8fcf7fdf900fdfe00fb02f903f703f603f801fafffb00fa01fa01fb01fcfffbfffeff000000000000000000000000000000000000fe00fb00fb00fa02f803f802fa02ff0202020101000202030404060607070807080507030504040503050202000103fd07fa05f903f6
428,53621955,-42,11,128,1,0,0,1ee001000af90df410ef13ec16ea19ea1aea1beb1bec19ef16f211f40cf606f600f6faf4f5f1f2eeefeaefe7f0e4f2e2f5e2f7e3fae4fef9000000000000000000000000000000000000fc02f309f209f10af00bef0bef0bef0bf00bf20af40af80afb0aff0b030d070e0a110d130e150f170f180f190e180c150b120a0e090b
429,53622506,-42,11,128,1,0,0,1ee0010001f5fff0fdedfde9fde6fee4ffe300e301e401e602ea01eefff2fdf7f9faf5fdf1feedfeeafde7fce6fae6f8e7f6e9f5ebf4fbfd0000000000000000000000000000000000000003010c020d020e020f0210021001100210020e020c040a060708050b030d01100013ff15ff16ff180018001701140111000fff0cfe
430,53652599,-41,11,128,1,0,0,1ee00100fbf6f6f3f2f0f0edeeeaede8eee6efe6f0e6f2e8f4ebf6eff8f4f8faf8fff705f509f20dee0fec10e90fe80ee70ce809e807fa010000000000000000000000000000000000000002030b040d050e05100511051105110411040f040c0509060608020bff0dfc10f913f715f617f619f619f618f716f812f90ff90cfa
431,53653848,-41,11,128,1,0,0,1ee00100f807f80df712f515f318f11af01aef1aef18f016f212f50ff90bfd08030608050d05120615071709180b170d160f140f1210040400000000000000000000000000000000000002fe0af90bf80cf60df60ef50ff50ff50ff60df60af707f804f700f7fbf6f8f4f4f2f1f0efeeeeedeeeceeebefecf1eef3f0f5f4f6f6
432,53654287,-42,11,128,1,0,0,1ee0010008f709f10bec0ee810e512e413e414e414e613e811ec0def08f303f6fdf8f6f9f1f9ecf7e8f5e6f3e5f0e6eee7edeaecececfbfb000000000000000000000000000000000000fd01f305f206f007ef08ee09ed09ed08ed08ef07f207f607fa08fe09030b070d0a100d120f151016111811190f180d150c120b0e0a0b
433,53658056,-42,11,128,1,0,0,1ee0010005f704f105ed05e807e508e40ae30be30be50ae709eb07ef04f300f7fcfaf7fcf2fcedfce9fae7f9e6f7e6f5e8f3eaf2ecf1fbfc000000000000000000000000000000000000fe02f809f70af70bf60cf50df50ef40ef40df60cf80afb09fe09020806080a080d09100a130b140c150e150f140e120d0f0b0d080c06
434,53714996,-92,11,128,1,0,0,4ff11400f2fef2fcf2fcf3fef4fdf6faf6fbf8fcfafcfbfefb00fd02fc04fc06fd05fc03fb04fb04fa03f802f802fa03fb02fbfffafefeff00000000000000000000000000000000000001fd05f806f904fb02fc02fb01fbfefbfcfdfcfffdfefcfcfbf7faf5f9f7f9f7fbf5fcf5fef700f8fff8fdf9fdfbfefcfefcfafdf301
435,54011524,-94,11,128,1,0,0,e44ffe41fd0100030003000100fefffd05ff080004ff06040b070e040702feff04000501fb01f901fe02ff01fd00fc00f9fff7fef5fffcff000000000000000000000000000000000000fe00fb01fe0001000303050404060107ff04fc04fa02fcfefdfdfcfcfcfafdfbfcfefbfefc00fe0002fa02f8fffe000002ff03ffff01
436,55148657,-92,11,128,1,0,0,4ff11441000d020f0210010f030d020b000a01080205010300020001010001ff02fd04f905f506f706fb05fc05fd06fe05fc03fc03fc00ff000000000000000000000000000000000000020008ff05fd02fc03fe0102fefefefbfefdfefffdfff9fbf7fafaf9fbfbf8faf6f6f7f8f8faf9fbfbfbfcfefe00ff01fe01fe02ff03
437,55763074,-94,11,128,1,0,0,4ff11441070708070a08090b040a010903080306030403030202020003ff05ff06fc06f906f807f907fb06fc06fb06fb05fc04fe02ff00ff000000000000000000000000000000000000fffffcfefbfcfcfbfffbfefbfdfdfe01ff03fd03fa03fc04fc06f905f505f405f406f607f705f801f700f802fb04fe05010502040201
438,55889349,-47,11,256,1,0,0,bff00b00020707080c081009130b160d170e170f17101510130f100d0d0a0a06080107fb07f609f00bec0fea12e915ea18ec1aef1af206fc000000000000000000000000000000000000fffdfef4fdf4fbf4faf3f8f3f8f2f7f2f7f2f7f2f7f3f7f5f7f7f7faf6fdf500f403f206f108ef0aee0cee0cee0cee0cf00cf20bf40ae100f9eff9eff8eff7eef7eef6eef6eef5edf5edf4edf4edf3edf3edf3ecf3ebf3eaf3e9f3e9f4e8f5e8f5e8f6e8f8e8f9e8fae7fbe7fde6fee6fff600fd000000000000fffffffffffffffefffefefefefdfefcfefcfefbfefafefafef9fef8fef8fef7fef7fef6fef5fef5fef4fef4fdf4fdf3fdf3fcf2fcf2fbf1fbf0faf0
439,55891773,-43,11,128,1,0,0,1ee0010009fe0af90cf50ef111ee14ed16ed18ed19ee18f017f214f510f70af805f800f6fbf4f8f0f6ecf6e8f7e5f9e3fbe2fee301e400f9000000000000000000000000000000000000fd02f609f70af70bf70cf80df70ff710f710f810f80ffa0ffc0efe0d010c040c070c0b0d0d0e0f0f11111212111210110f100e0e0c0c
440,55894958,-44,11,128,1,0,0,1ee00100fd0a020d051008140a180a1b0a1e081f0720051e031c02180113020d050809040d0112ff17fe1b001d021f051e091c0c1a0e0603000000000000000000000000000000000000fefcf8f2f8f3f7f3f5f3f4f3f3f3f2f2f1f2f1f2f1f3f2f4f2f6f2f9f1fcf1fff003ee06ec08eb09e90be70be70be80ae909eb08ed08
441,55895433,-44,11,128,1,0,0,1ee0010005f702f200eeffe9ffe500e201e002df04df05e006e406e804ed02f2fdf6f9f9f3faeefae9f8e6f5e5f2e5efe6ede9eaece9fbfa0000000000000000000000000000000000000003010e020e030f040f050f06100711081108110810080f090d0a0a0c070d050f02120014ff16fe19fe1afe1afe19ff17ff16fe14fe
442,55895819,-44,11,128,1,0,0,1ee0010004f701f2ffeefdeafde6fde3fee000df01df03e104e404e803ed00f2fdf6f8faf3fcedfce9fbe5f9e3f6e3f3e4f0e6eee9ecfafb0000000000000000000000000000000000000003010e010e020f030f050f06100711071108110810080f090d0a0a0b070d050f02120014fe16fe19fd1afd1afd19fe17fe15fe13fd
443,55896218,-44,11,128,1,0,0,1ee00100fb09ff0d021105150619061c051e03200220001efe1bfe17fe13000d030808040d02120017011a021d051d081c0b1b0e19100604000000000000000000000000000000000000fffcfdf1fcf1fbf1faf0f9f0f8f0f6eff6eff6eff6f0f6f1f5f3f4f6f3f9f2fcefffed01eb03e904e705e605e605e704e903eb03ed03
444,55896879,-44,11,128,1,0,0,1ee00100f6fbf2feee01ea03e604e304e103df01df00e1fee4fde8fdedfdf200f703fb08fd0dfe12fd17fb1af91cf61df31cf01aef18fb0500000000000000000000000000000000000003ff0efe0efd0efc0ffb0ffa10f911f811f710f70ff70ef70cf60af507f404f201f0ffedfdebfce9fce7fce5fce6fde7fde9fdebfded
445,55897435,-44,11,128,1,0,0,1ee0010009fc0af70bf20dee0fea12e914e816e817e917eb15ee13f10ef409f603f7fdf6f8f4f4f0f1edf0e9f1e6f2e3f5e2f8e2fbe2fff8000000000000000000000000000000000000fd02f60bf60bf70cf80df80ff810f811f912f911fa11fb10fd0f000e030d060c090c0c0d0f0d120e130f151014101310110f100d0f0b
446,55897857,-44,11,128,1,0,0,1ee0010009fd0af80cf30eef11ec13ea16ea18ea19eb18ed16f013f30ff50af704f8fef6f9f4f5f0f2ecf1e8f2e5f4e3f7e2fae2fde2fff8000000000000000000000000000000000000fd02f409f50af50bf50cf60df60ef610f610f610f710f90ffb0efe0e010d040d070d0b0e0e0f101011111212121311120f110e0f0d0d
447,55898257,-44,11,128,1,0,0,1ee00100f502f508f40df211ef14ed16ea17e817e715e813e910ec0df00af608fc080208070b0c0e0f12101510180e1b0b1d081d051d010700000000000000000000000000000000000002fd0bf70bf60af50af30af20af10af00aef09ef08f007f005f102f1fff2fbf2f7f2f4f1f1f0efefedeeecededeceeedf0eff1f1f3f3
448,55898963,-44,11,128,1,0,0,1ee00100fe09020c061009140a180a1b0a1d091f071f061e041b03170212030c050609020dfe12fc16fb1afc1dfd1f001f031d061b080602000000000000000000000000000000000000fffcfcf1fbf1faf1f9f1f8f0f7f0f6eff5eff5f0f5f1f5f2f5f5f4f8f3fbf2fef001ed04eb06e907e708e608e607e707e906eb06ee06
449,55899516,-44,11,128,1,0,0,1ee00100fff6faf3f5f1f2edefeaeee7eee5efe3f0e2f2e3f4e5f7e9f8eef9f4f9faf600f305ef08ea0ae70be30ae108e105e101e2fff8ff0000000000000000000000000000000000000103050d050d070d080d090d0b0e0c0e0c0e0c0e0c0c0c0b0c090c050d020efe0ffb11f812f614f416f317f217f316f415f513f511f6
450,55903899,-48,11,256,1,0,0,bff00b00fcf8f7f8f2f7eef5eaf4e8f2e6f1e6f0e7efe8efebf0eef2f2f5f5f9f7fff905f90bf710f415f118ed19ea18e716e513e410f9030000000000000000000000000000000000000003010c020c030c040d060e070e070f070f080e080d080b0809080609020bff0cfc0ef90ff711f512f412f312f312f310f40ef50bf5e400061106110712081208120912091309130a130a140b140c140c150c150b160b170a180a19091908190719061a051a031a021a001bff1bfd1bff09ff03ffffffffffff00ff0000000000000001000100020003000400040005000600060007000800080109010a010a010b010b010b020c020d020d030e030e040f040f050f
451,55979849,-43,11,128,1,0,0,1ee00100faf5f4f2f1efedecebe9eae7eae5ebe4ede4f0e5f3e8f5edf7f2f8f8f7fef604f309ef0deb0fe810e50fe30de30ae407e405f9010000000000000000000000000000000000000203090d0a0e0b0f0b100c100c110c110c100c0e0b0b0b080c050d010efd0ff911f614f316f117f019ef1af019f116f314f410f50df5
452,55981363,-44,11,128,1,0,0,1ee00100fd0b00100115021a021e0120ff21fe22fc20fb1efb1afc15fe0f000a05060a020f0014ff19001c021d041e071c091a0b180d050300000000000000000000000000000000000000fc01ef01ee00ed00ec00eb00eb00eaffebffedfeeffcf1faf4f6f6f3f9f0fbecfce8fde6fde4fde2fce2fce3fbe6fbe9fcecfdefff
453,55981998,-43,11,128,1,0,0,1ee00100010b060f09130c170d1b0d1d0c1f0b20091f081d061a0515040f040906030afe0ef912f717f61af61df71efa1efc1dff1c020600000000000000000000000000000000000000fffcfcf0fbeffaeefaedf9ecf9ecf8ecf8ecf8eef8f0f7f3f6f6f4faf2fdef01ec03e905e707e507e307e207e306e605e905ec05ef05
454,55982443,-44,11,128,1,0,0,1ee00100000b040f08130a170b1b0b1e0a2009210720051e041a03150310040906030afe0efa13f817f71bf71df91ffb1efe1d011c030600000000000000000000000000000000000000fffcfef0feeffdeefcedfbecfbebfbebfbebfbedfaeff9f2f7f5f5f8f2fceffeec01e903e704e404e204e204e303e503e802ec03ef03
455,56072002,-92,11,128,1,0,0,8bbee841ff03fe02fd01000001fefefefc00fd00ff00fffffefffffd00feffff0000010002ff0100ff00fd00fc01fd01ff00010001ff00ff000000000000000000000000000000000000ffffffff00ff00ff0100010000000001000106010bfd07f604f90502070207f800f4fcfafe00ff01fd00fd0001ff03fe03ff02010000
456,56074268,-92,11,128,1,0,0,b33ccb41ff02ff02ff0202030203fe01fc00fdfffdfffeff00ffff00fd01fdfffe00ff0201000101ff01ff0200010000ff01fd02fc02ff00000000000000000000000000000000000000ffffffff00fe00fe00fefffdfbf5faf0fdfa000102090411020afe02fd00fe00000002ff02fd00fdfffd00fe01020005fd04fd000000
457,56179068,-91,11,128,1,0,0,511ff54103ff0300fffefffefffffd01fe03ff03fe01fc00fd00ff00000002ff02ff00fefffdfffd00fe00fe00fe00fefefefbfffb00ff0000000000000000000000000000000000000000ff02000002ff0101000200010001fffffefefffe01ff020201050004ff01ff03ff0502030401030001fdfffff403e9fef1fafcfdff
458,56284943,-91,11,128,1,0,0,7889974100fdffff000104ff04fd02fcfefbfcfdff01060f081b040d0101010b0314010a00ff01010203020200ffffff01ff020002000000000000000000000000000000000000000000ff00ff0103fe04fe0100fffe02fc01fdfefffe0002ff05fe04fc02fb0101ff04ffff00fcfefffb02fa05fd0402fe02fd0101010200fd
459,56346507,-92,11,128,1,0,0,b99eeb4100030001010000fefefdfcfe000304070005fc07f80bf30af80503fffff9fcfa020203050104020302010100fdfcfaf9f8fafefe000000000000000000000000000000000000000001000000010000ff02fe02feff01fefefffafefbfffc01feff00fcfefeff010001fe00fd00fd00ff0000fffefffcfffe00020102
460,57615692,-43,11,128,1,0,0,1ee0010009f809f209ec0be80ce40ee211e113e114e214e513e810ec0cf007f301f5fbf5f6f4f1f1edeeebeaebe7ede3f0e2f3e1f6e1fdf8000000000000000000000000000000000000fe03fb0ffc10fc11fc12fd12fd13fd14fe14fe13ff120110030f060d090b0d0a100a1309160a180a1a0b1b0c1a0c180c160a14091206
461,57625859,-42,11,128,1,0,0,5220050009030e0013ff18ff1bff1e001f011f021e031c04180414030f020aff06fb03f601f200ed01e802e604e406e309e40ae60ce803fa000000000000000000000000000000000000fcfff3fcf2fcf0fdeffdeefdedfdedfceefdeffdf1fef300f503f706f909fa0cfb10fb14fb16fb18fa1afa1af919fa17fb14fc11fe0e
462,57668951,-94,11,128,1,0,0,8cccc84102fd01fe02fc02fd01ffff01000102fe00fd00fd01fe0000fe00ffff01fefefffcfffeffff00ff00ff00ff00fffffefefcfeffff000000000000000000000000000000000000fefffcfdfffdfffdfefeff0001010002ff00fefbf6f7f1fbfa0002fe04f601f2fefbff03ff0400030103000200ff00ff0002000001f9
463,57775035,-93,11,128,1,0,0,91199941fffffd01fe03ff04fe02fd00fcfffc02fc03fd02fd01feffff00ff01000000fffffefeffff01000000fd00fe000000000000000000000000000000000000000000000000000000ff00000002010301020001fe00fdfefeff00ff0000ff01fe00fefefdfffe0000ff03fe03fdfffefeffff01f908ef0ff30af704f704
464,57777104,-91,11,128,1,0,0,2ff88241fffffefefefefd00ff02ff00fefefefe01ff01ff00ff00000002ff00feff00ff00fffffffcfffbfffdffffff000100010000ffff000000000000000000000000000000000000ffffff00010101010001ff00000001ff02fffffffe01fe01fe0000ff0200010100ff00fe0000fdfffcffff000bfd13fb0fff0b0106fe
465,57830271,-43,11,128,1,0,0,1ee00100ff0c031105140618071c061e051f041f031e021c01190114010f030a06050a010ffe13fd18fd1bfe1d001d031c051b0719090602000000000000000000000000000000000000fefbfaeffaeefaedfaecfaecfaecfaedfaeefaf0f9f3f7f6f5f9f3fbf0feee00eb02e803e604e504e303e303e502e802eb02ee03f104
466,57832883,-43,11,128,1,0,0,1ee0010000f3fdeefce9fbe5fbe2fce0fddffede00e000e201e600ebfff0fcf6f9fbf4fef001eb02e702e401e2ffe1fce2fae4f8e6f6f9fd000000000000000000000000000000000000000400110012ff13ff14fe14fe14fe13ff120010010d040a07080b060e041202150118011a011b011c021c031b031803140211000ffe
467,57834190,-42,11,128,1,0,0,1ee00100000b030f05130617071a061c051d041d031c021a01160112020d0307060309ff0efc12fa15fa18fa1afc1bfe1a00190217040501000000000000000000000000000000000000fffcfef0feeffeeeffedffecffedffedffeefef1fdf3fbf6f8f8f5fbf2fdefffec00e900e701e600e500e5ffe7ffe9ffecfff001f202
468,57835531,-42,11,128,1,0,0,1ee00100000b031005130717071b071d061e051e041c031a02160212020d0407060209fd0dfa11f815f718f71af81bf91bfc19fe1800060000000000000000000000000000000000000000fc03f103ef03ee04ed04ed04ed04ed04ef03f101f3fef5fbf7f7f9f4fbf0fcecfde9fde7fde5fde4fce4fce6fce9fcedfdf0fef200
469,57836884,-42,11,128,1,0,0,1ee001000bff0ffc13fa18f81bf81df81ef91efa1dfa1bfb17fc12fd0dfc07fb01f9fcf6f9f2f6eef4ebf4e8f5e5f7e4f9e4fbe5fde6fff9000000000000000000000000000000000000fcfef2f9f1f9eff8eef8eef7eef7eef7eff8f1faf3fcf5fff702f906fa0afb0efb12fb15fb18fb19fa1bfa1bfa19fa16fc12fd0fff0c
470,57838568,-42,11,128,1,0,0,1ee00100f706f40bf20fef12ec14ea15e915e815e913eb11ed0ef10bf609fb06010507050d061208150a170c180e1710161113111111040400000000000000000000000000000000000003000d010f011001120112011301120211010f010cff09fd06fa03f700f4fef1fceefaebf9e8f9e6f9e5f9e5fae6fae9fbecfbf0fbf3
471,57839021,-42,11,128,1,0,0,1ee001000bfe10fb15f91af71ef720f721f822f820f91dfa19fc14fc0efc07fb01f9fbf6f6f2f3eef1e9f1e6f1e4f3e2f5e2f8e3fae4fef9000000000000000000000000000000000000fcfdf3f7f1f6f0f5eff5eef4eef4eef4eff5f1f6f3f9f5fdf601f805f90afa0efa13f917f919f81bf81df71df71bf818fa15fc11fe0e
472,57839613,-42,11,128,1,0,0,1ee00100f503f107ee0aeb0ce70ee50ee40de30de40ce60aea08ee07f305fa05000506070a090e0c11101212121511160f170d170b16020500000000000000000000000000000000000003010c050e050f05100611061106110610060e050c030a0008fd05f903f502f101ee00ea00e800e601e501e401e601e901ec00effff2
473,57840184,-42,11,128,1,0,0,1ee0010005f706f207ec08e80ae50be40ce30de40de50de70beb09ef05f401f8fcfbf6fdf1feecfee8fde5fce4fae4f8e5f6e7f5e9f4fafd000000000000000000000000000000000000fc01f204f104f005ef05ee05ee05ee05ef05f105f405f705fb06ff08030a070c0a0e0c110e120f1410150f150e140c120b0f090c0809
474,57843148,-43,11,128,1,0,0,1ee00100f5feef00ea01e502e101df00deffdefedffee2fde6fdebfef1fff702fd05010a050e07130817081b071d051e031e001cfe1bff0600000000000000000000000000000000000002020a0b0b0c0c0d0d0d0e0e0e0f0e0f0d0e0c0c0a090905090108fc08f808f309ee0aeb0be80ce70ee60ee50ee70cea0aed07f005f2
475,57880080,-94,11,128,1,0,0,4666644103fc00fd01fd02fe0000ffff01fd03fe00fdfdf4fbeafcf2fffe0a0313050b0303000002fe03000000fe00fe02ff020000ffff0000000000000000000000000000000000000000ff01fe00ff000101020302040002fd01fe010001ff00feff00fe01fefffffd00fcfffcfbfcfcfe000401050001fffffffe00fb02fb
476,57882065,-90,11,128,1,0,0,daaccd41ff00fe00ff01ff020004fd01f9fefc02fd05f101e701f104fe0208fa0cf504fcfefffc01fc03ffff00ffff00fefe00ff020000ff0000000000000000000000000000000000000000000001fefffeff00ff00fefffcfffefe01fc01fafffbfefdfcfffcffffff0000fcfffa00fe02030101fffefdfcfdfdfefffbfefa
477,58835145,-92,11,128,1,0,0,4ff1144105f305f205f305f403f504f607fa06fc04fb02fcfffdfdfefa00f900f7fef8fffa01fb00f9fdf7fef7fff8fefbfefe0100010000000000000000000000000000000000000000fefff800f701f802fb03fd03ff0101000201020006ff080206050705060403040305050506060608040605020801050002fe02fb04f7
478,59551987,-90,11,128,1,0,0,4ff1140007f408f70cfb0efc0cfb0afb0afc06fd02fd02fd03fd02fdfffcfbfcf9fbf9fbfbfafdf9fdf9fcf9fcfafefbfffbfffafffafffe000000000000000000000000000000000000ff00fc00fb01fc03fc03fc01fdff01ff030002030205040607070709050903080409050a0509050a0308010502020302040105fd06fa
479,59664335,-43,11,128,1,0,0,1ee00100fa05fc0bfd11fd17fd1cfb1ffa21f823f722f620f61cf717f912fd0c020607020dff13fe19fe1dff2001210421071f091d0b070300000000000000000000000000000000000003fe0cfb0cfa0cf80cf60cf40df20df10df00df00bf109f106f203f3fff4faf4f6f4f2f4eef3ebf2e8f1e7f0e7f0e9f0ebf2edf4eff5
480,59696030,-42,11,128,1,0,0,1ee0010007fc06f607f008eb0ae70ce50ee30fe210e310e510e90eed0af106f501f9fbfbf5fceffcebfae7f8e6f5e5f3e6f1e8efebeefafb000000000000000000000000000000000000fd00f403f405f307f309f20af10bf00cf00df10cf20bf40bf70bfb0bff0a030b070c0b0e0e0f1110131214141314121210110e0f0d0d
481,59700881,-42,11,128,1,0,0,1ee0010005040b0110fe15fd1afc1dfd20fd21fe20ff1f001b01170211010b0005fd00f9fcf5f9eff8ebf8e7f9e4fbe2fde200e302e400f9000000000000000000000000000000000000fefdf9f6f8f7f6f7f3f7f2f7f0f6eff5eef5eff6f0f7f1f9f3fbf4fef602f707f80bf80ff813f816f718f61af61af618f716f813f911
482,59701983,-42,11,128,1,0,0,1ee0010004040a02100115001a001d011f02200420041e051a06160511040b0205fe01fafdf4fbeffaeafbe6fce3ffe201e203e305e401f9000000000000000000000000000000000000fffdfcf5fbf5f8f5f6f4f5f4f3f3f2f2f1f2f2f2f3f4f4f6f4f8f5fcf600f604f609f50df510f413f216f117f117f215f313f411f60f
483,60383221,-94,11,128,1,0,0,8bb668410002fe00fdff0001010201ff00fe00ff00fffefffdfe00fe02ff0101ff01ff000000010001ff01ffffffff010002000100010000000000000000000000000000000000000000ff00000000000001030204020000fe00fb00f8fef7fef803fc0300fb01f802f901fafdfefb00fffb01fafefd0004030c030803010200
484,60383941,-94,11,128,1,0,0,3cc3334102fefefefdfd01ff04ff02fffc01fa01fbfffefe01ff02010103ff0101fe05fd06ff030000fefcfcfefc030005fd03f7fdfbfeff00000000000000000000000000000000000000fffffcfffefefffd00fefffffffffefefb00fa03fc0301010401050003ffff00ff010203020301fffffdfef704f209fa050000ff02
485,60508795,-93,11,128,1,0,0,c44aac4101fffffdfdff00020002fe06fb06f500f101f601fffc0201f90af60dfc08fd00fcfcfffcfffc00fe030002fd00fcfefff801fd00000000000000000000000000000000000000fffffcfefeff00fd00fdffffff00fe00fd00ff000001ff02ff020002fe00fcfefc00fd01ff010102010100ff0001ff02fc00fc01fd01
486,60576089,-91,11,128,1,0,0,4ff114000dfc0efc0dfc0cfd0800070007fe07fc07fb04fb03fc04ff02ff01fb03f805f704f603f604f803fb03fb05fb04fd03fe02fd00ff000000000000000000000000000000000000fe02fa08fd050005ff03fe00fefffefffe00000201020405070607050706060905080307ff06fd07ff07030404020201020105010901
487,61190410,-91,11,128,1,0,0,4ff11400f6f6f7f5f8f4f7f3f6f3f7f3f9f6fafcfbfefdfefefffcfffb01fb05fa05f704f703f803f805f906fa04fb02fc01fc01fa01fe0000000000000000000000000000000000000001010506020600060104030204020404030202fe03fc07fc0af909f708f807fb07fa07f606f705fb04fd03fc03fd03fc01fbfefafdf9
488,62214460,-93,11,128,1,0,0,4ff1140000f4fff4fdf500f403f502f702f703f803f901f9fdfafbfcfcfefc00fa00f8fff6fff700f900fafffa00fb00fcfefefffd03ff01000000000000000000000000000000000000ff01000502070107000700070105010201ff02fe04ff0600080108ff09fe0b000b010902080507050402030103ff02fb00f9fffa01fd
489,62429143,-43,11,128,1,0,0,1ee00100f4faf0fcecfde8fde5fce2fbe1f9e1f8e2f6e4f5e8f6ecf7effaf3fef602f707f70cf610f314f115ed16eb15e912e80fe80dfa0300000000000000000000000000000000000003fe0efa0ffa0ffa10f910f910f910f80ff80ef80df70bf609f507f305f103ef01ed00ebffe9ffe7ffe600e500e600e800eaffedfeef
490,62429724,-43,11,128,1,0,0,1ee001000bf80bf20dee0fea11e714e616e618e618e817ea15ed12f10df308f502f5fdf3f8f0f5ecf4e8f4e4f5e1f8e0fbdffee001e100f8000000000000000000000000000000000000ff04ff11ff11ff12ff13ff13ff13ff13001301120211040f060e090d0c0b0e0a110a140a160b180b190c190d180d160c140a13081106
491,62430196,-43,11,128,1,0,0,1ee00100faf4f5f3f1f2eef0ebedeaebeae9ebe8ede8efe8f1eaf4edf5f2f6f7f6fcf401f105ee08ea09e709e407e305e202e3ffe4fdf9ff00000000000000000000000000000000000003010f040f0410041004110311031103110210010f000efe0dfc0dfa0cf70bf40bf10cef0ded0dec0eea0fea0eeb0ded0cef0af008f1
492,62430637,-43,11,128,1,0,0,1ee001000bfb0cf70ef311f013ee16ed17ed19ee19ef18f116f412f60ef709f804f7fff5fbf1f9edf8e9f8e6fae4fce3ffe302e404e501f9000000000000000000000000000000000000fe03f90ef90ef90ff90ff90ff910f910fa10fb0ffd0efe0e010e030d060d090c0b0d0e0e100f110f121012111111100f0e0e0e0c0d0a
493,62431178,-43,11,128,1,0,0,1ee00100f304f109ee0dec10e812e612e412e211e20fe30de60aea08ef07f507fa09ff0c031005140619051c021fff20fc20f91ef71cfd0600000000000000000000000000000000000001fc06f006ef07ee07ee07ee07ee06ed06ed04ee03ef01f0fef0fbf0f8f1f5f1f2f0f0efeeeeecedececebebececeeedefeff1f2f2f4
494,62431613,-43,11,128,1,0,0,1ee00100f3fef001ed03e905e605e405e204e102e201e400e7ffeafeef00f402f705fa09fc0efc12fa16f818f61af319f018ef15ee13fb0400000000000000000000000000000000000002fd0bf50bf40bf40cf40cf30cf30cf30bf30af308f306f304f202f2fff1fcf0faeef9ecf8ebf7eaf7e8f7e7f7e8f8eaf8ecf9eff9f1
495,62434939,-44,11,128,1,0,0,1ee00100f3fbeffdebffe600e300e0ffdffedefcdffbe1fae5f9e9faeefcf2fff604f809f90ef913f717f519f21aee1aec18eb15ea13fa0400000000000000000000000000000000000003fe0ff80ff810f710f611f611f611f511f50ff50df50bf409f307f204f001eeffebfde9fce7fce5fce4fce3fde4fde6fde9fdebfdee
496,62438406,-43,11,128,1,0,0,1ee001000a020eff12fd16fb19fb1bfb1dfc1efe1dff1b01180214020f010bfe07fb04f702f201ed02e904e707e50ae50ce60ee90feb04fb000000000000000000000000000000000000fc01f205f206f107f107f008f009f009f00af10af309f40af60bf90cfc0dff0e01110313041505160518051904180317031503120410
497,62466668,-44,11,128,1,0,0,52200500000a060a0c0b110e151018131916191818191619131810150c11090b080508ff0af80df311ef15ed19ed1cef1ef11ff51ff707fe000000000000000000000000000000000000fefdfaf4f9f4f7f5f5f6f3f6f1f6eff5eef5eef5eef5eff6f0f8f1faf2fef201f205f209f10df010ee12ec14ec14ec13ed12ee11f010
498,62624045,-93,11,128,1,0,0,4ff11441fc0afb0bfc0bfd0bfd09fd07fd05ff0401060106010401030202050207020803060405040702070106010502050203010202000000000000000000000000000000000000000000fd00f8fffcfffcfffafffafdfdfdfdfffcfffffd02fb03fa01f700f5fff5fff4fff2fff2fef5fdf8fef9fefbfffc00fb02fc04ff05
499,62670978,-43,11,128,1,0,0,1ee0010009fd0bf80df310ef13ec15eb18eb1aeb1aec1aee17f114f40ff60af804f8fef7f9f4f5f1f2ecf1e9f2e6f3e3f6e2f9e2fce3fff8000000000000000000000000000000000000fd01f406f407f409f40af40bf40df30df30ef40ef50df70df90cfc0c000c030c070d0a0f0d100f121014111510150f140e120d100c0e
500,62671644,-43,11,128,1,0,0,1ee0010001f6fcf3f9eff6ebf4e7f4e4f4e1f5e0f6e0f8e1fae3fbe8fcedfcf3faf9f7fef303ee05ea07e607e305e103e100e2fde3fbf8fe0000000000000000000000000000000000000003000c010d020d030e050f0610061107110711070f070d080b09080b050d020fff11fc14fa16f919f91af81af918fa17fa15fa13fa
501,62828850,-92,11,128,1,0,0,4ff11441f604f407f208f406f505f607fa09fb05fb01fb02fc03fd02010105010704060605060305020601070307050603030202000200000000000000000000000000000000000000000000040105020402020103ff02ff02fe03fd01fb01f902f901f700f402f400f7fef6fff401f204f204f6fff9fcfcfafffa00f901f904
502,62931269,-93,11,128,1,0,0,4ff11441f105f102f404f606f705f703f802fb02fd03fc03fd02000204030404050507060a060907060704050304040405030402020200000000000000000000000000000000000000000101070506020301030004fe02fc02fb03fa02fa01fb00fb01f902f803f701f600f500f700f8fff9fff9fff9fffcfd00fafefafbf9fb
503,63684640,-92,11,128,1,0,0,1cc9914100fe02ff020002000100fffffbfdfafdfdfefbf5f6ecfaf4fffefa09f412fb0902ff0000fe01fe00fdfefefefefefdff00000000000000000000000000000000000000000000ffffff00ff03fe02feff0000ff01fd01fe02010301010000ff010003010203020003fe02fe00ff0000020003ff0100fffefafbf700fb
504,63955302,-92,11,128,1,0,0,4ff11400f7fcf7f9f3f8f1f9f4f9f6f9f7f8f9f9fafffb01fbfffcfdfdfdfc00fb04f904f901fafffafefafffafffbfefcfdfcfcfbfcfeff00000000000000000000000000000000000001fd05f803fa03fb03fa03fa02fafffbfefcfffdfefbfcf8fbf5fcf7fdf8fff6fff102f204f303f402f804f901f700f901fcfffcf9f9
505,63964939,-43,11,128,1,0,0,1ee0010008fe0bf90ef511f115ef17ef1aef1bef1bf01af217f413f70ef908fa02fafcf8f7f6f3f2f1eef0ebf0e8f1e5f4e4f6e4f9e5fef9000000000000000000000000000000000000fc00f101f101ef02ef03ee04ed04ed05ed05ef05f106f307f608f909fc0bff0d0210041206150716081808190719071706140611050e
506,63966272,-43,11,128,1,0,0,1ee00100020807090d0b110e1411151316151517141712160f150c11090d0707050106fb07f60af10ded10eb13ea16eb17ee18f018f306fd000000000000000000000000000000000000fffcfdf2fdf1fbf0faf0f9eff8eff8eef7eef7f0f7f1f7f4f6f6f5faf4fdf201f004ee07ec09ea0be90ce80ce80cea0bec0aef09f208
507,63967538,-43,11,128,1,0,0,1ee0010003f800f3feeffceafbe5fce3fde1fedfffdf00e101e502e901effff4fcfaf8fef402ee04ea05e605e303e101e1fee3fbe4f9f9fe000000000000000000000000000000000000fd02f70bf80cf80df90ef910f911f912fa12fb11fc10fe0e000d030b06090a070d0611051405160518051a0619061705150513041003
508,63968855,-43,11,128,1,0,0,1ee0010007010bfd0ff913f617f41af31cf31ef41ef61df81afa16fb11fc0bfc05fbfff8faf5f7f0f4ecf4e8f5e5f7e3fae2fde2ffe300f8000000000000000000000000000000000000fcfff2fcf2fdf0feefffee00ed01ec01ec02ed02ef03f003f305f507f909fb0bfe0e0012011402170319031a031a0218021602140211
509,64000237,-43,11,128,1,0,0,1ee00100f5fef102ee05ea08e70ae40ae209e009e007e205e503e902ee02f403f905fe09010d031104160419021cff1efc1efa1cf71bfd0600000000000000000000000000000000000003fe0efb0efb0ffa0ff90ff810f810f710f70ff60df60bf609f506f403f200f0fdeefbecfaeaf9e8f8e7f8e6f8e6f9e8faeafaecfaef
510,64000694,-43,11,128,1,0,0,1ee001000afa0bf40cef0eea10e712e514e416e417e517e816eb13ef0ef208f502f6fcf5f7f3f2f0efecede9eee5efe2f2e1f6e1f8e1fef8000000000000000000000000000000000000fe03f80ef70ff810f811f812f812f813f913fa12fb11fd10000f030e070d0a0d0d0d110d140e160f1710181117111510130e120c110a
511,64001243,-43,11,128,1,0,0,1ee001000a030eff12fd16fb1afa1cfa1efb20fc1ffe1eff1a01160111000cfe07fb04f701f200ed01e902e505e308e20ae30de60fe803fa000000000000000000000000000000000000fc01f104f105f005f006ef06ef07ef08ef08f008f209f409f60af80cfb0dfe0f00110213031504170419041a04190318031503130410
512,64001764,-43,11,128,1,0,0,1ee00100f605f60af50ff414f217f018ee19ec19eb18eb16ec13ef0ff30cf709fd080309080b0c0e0f1110140f170d1a0b1b081b051b010600000000000000000000000000000000000001fc04f104f103f003ef03ee03ee03ed02ed01ee00effff0fcf1faf3f7f4f4f5f1f5eef5ecf5eaf4e8f3e8f3e9f3eaf3ecf5eef6eff8
513,64057774,-92,11,128,1,0,0,4ff1140003070509060a060a050b030a030a030a04080507040502020201020004ff05fe07fe09fe07ff0601050303030303040104010000000000000000000000000000000000000000ff00fb00fa01fb00fb00fc00fd01fd00fc01fc01fe00fd02fd05fe07fd07fc06fb07fb07fb05fa04fb06fd06fe04fd05fc04ff0001ff
514,64061243,-54,11,256,1,0,0,6aa00600fe15fe16ff1600170118021803190319041a051b061b061c061d061e061f06200520042103210321022101210022fe22fd22ff08000000000000000000000000000000000000fffffefcfefdfefefdfefdfffd00fc01fc01fc02fc03fb04fb04fb05fb06fa07fa08fa09fa09fa0afb0bfb0cfb0efb0ffc10fc11fd128100fd13fd14fe15fe16ff1600170017011802190219031a031b041c041c041d031e031f022001200020ff20fe20fd20fc20fb20f820f620f51ffb0bfe0300fe00000000fffffffefdfcfdfcfdfcfefdfefefdfefdfffd00fd00fc01fc02fc03fb03fb04fb05fa06fa06fa07fa08fa09fa0afb0bfb0cfb0dfb0efb0ffb10fc11
515,64062324,-51,11,128,1,0,0,1ee00100001700170018011902190219021a031a041b041c041c051d051d051d041d041e031e031e021e011e011d001c001cff1bfe1bff07000000000000000000000000000000000000fffffcfefcfffcfffc00fc01fc01fd02fd03fd04fc05fc05fc06fc07fc08fc09fc0afd0bfd0cfd0dfd0efe0ffe10fe11ff12ff130014
516,64063205,-52,11,128,1,0,0,1ee0010012f212f113f113f013ef13ef13ee13ed14ec14ec14eb14eb14eb15eb15eb16eb16eb16ec17ec17ed16ee16ef16f016f117f205fc000000000000000000000000000000000000000001030203020203020301040104000500060006ff07ff08ff08fe09fd09fd0afc0bfb0bfa0cf90df90df80ef70ef70ff610f611f5
517,64063730,-51,11,128,1,0,0,1ee00100e5f6e4f5e4f6e3f6e3f6e2f7e2f7e0f7dff8def8ddf8ddf9ddf8ddf8ddf8ddf7ddf7ddf6ddf5def5dff4e0f4e1f4e2f3e2f2f8fc00000000000000000000000000000000000000fe02fb01fb01fa00fafffafefafdf9fcf9fcf8fbf8faf8f9f7f8f7f7f7f6f6f5f6f4f6f2f6f1f6f0f6eff6edf6edf6ecf6eaf6e9f6
518,64064458,-52,11,128,1,0,0,1ee00100f5ebf5eaf5eaf4eaf3eaf3eaf3e9f2e9f1e8f0e8f0e7f0e7efe7f0e7f0e6f0e6f1e5f1e5f2e5f3e5f3e5f4e6f5e6f6e6f7e6fdf900000000000000000000000000000000000000ff03fd03fc03fc02fc02fb02fb01fa01f901f900f800f700f7fff6fff5fef4fef4fdf3fcf2fcf2fbf1faf0faeff9eff8eef8edf7ed
519,64065769,-44,11,256,1,0,0,6aa0060001f3fef0fbeef9ebf8e8f8e6f8e4f9e3fae4fbe5fce8fcebfceffaf2f7f6f4f8f0faecfae8f8e6f6e5f3e5f0e7edeaebede9fbfa00000000000000000000000000000000000002020b090b090c090c0a0d0a0d0b0d0b0d0a0c0a0c090c070c050c020d000efe0ffb10f912f813f714f715f614f613f711f70ff70df7f200ff0dff0eff0e000f000f010f010f011002100210031103110311031203120313021302130113011300130013ff13fe13fd13fc13fa12fa12fd06ff0100ff00ff00ffff00ff00fd02fd02fd02fd02fd03fd03fd03fc04fc04fc04fc05fc05fc06fb06fb07fb07fb07fb08fb08fb08fc09fc09fc0afd0afd0bfd0bfd0cfe0c
520,64067167,-44,11,256,1,0,0,6aa00600000d040f08120a140c170d190d1b0c1c0a1c091a071806150611070c09080d041102150119021c041e071f0b1d0e1a1117130504000000000000000000000000000000000000fcfdf2f7f2f7f1f7f0f6f0f6eff6eff6f0f6f1f7f1f8f2f9f2fcf2fef201f104f007ee09ed0bec0ceb0deb0deb0dec0ced0bf00bf30bf500fff0fff0feeffeeffdeefdeefdedfcedfcedfbedfbedfbedfbecfbebfbebfbeafceafceafdeafee9ffe9ffea00ea01ea03ea04eb05eb07eb02f801fdff00ff00ff0000ff00fe02fc02fc02fc02fc01fb01fb02fb02fa02fa02f902f902f802f803f703f703f703f603f602f502f502f501f401f401f301f300f200f100f1
521,64071495,-44,11,256,1,0,0,8ff0080003f2ffeffcecf9e8f8e5f8e2f8e0f9defadefbe0fce2fde6fdeafbeff9f3f4f6eff8eaf8e6f6e3f3e1efe1ece3e8e7e5eae3faf800000000000000000000000000000000000003020c0b0c0c0d0c0d0c0e0c0f0c0f0d0f0d0f0c0e0b0e090e070e040f0210ff11fc13fa14f816f717f618f618f617f615f613f611f5f500ff08ff08ff08000800090009000900090009000a000a000a010a010b000b000b000b000cff0cff0cfe0cfe0cfd0bfd0bfc0bfb0bfa0afa0afd03ff0100ff00ff00ffff00ff00fe00ff00ff00ff01ff01ff01ff01fe01fe02fe02fe02fe03fe03fe03fe03fe04fe04fe04fe04fe05fe05fe05fe05ff06ff06ff06ff07fe07
522,64096598,-44,11,256,1,0,0,722007000bfd0cf90ef510f112ef14ed16ec17ed18ee17f016f213f40ff50bf606f501f3fef0fcecfbe8fbe4fee101e005e009e10be303f9000000000000000000000000000000000000fe03f90df90efa0efa0ffa10f911f911f911fa10fb10fc0ffe0e000d030d060d080d0b0d0d0e0f0f101011101110100f0f0e0e0c0e0af400f104f105f006f006f007f007f007f008ef08ef09ef0aef0aef0aee0aed0aec0aec0aeb0aeb09eb08eb07eb06eb05ea04ea03e902ea00eafff8fffdff00ff00000000fffffffffdfffdfffdfffdfffcfffcfffbfffbfffafffafff9fff9fff9fff8fff8fff7fff700f600f600f600f500f501f401f402f402f302f302f302
523,64125202,-45,11,256,1,0,0,6aa0060004f401f0ffecfde8fde5fde2fde0ffdf00e001e201e401e800edfdf1faf4f5f7f0f8ebf8e7f6e4f3e3efe3ece6e9e9e6ece5fbf90000000000000000000000000000000000000103050e060f060f071007110711071107110710070f080d090b0a080c050e031001130015ff17fe18fe19fe19fe18fe16fe13fd11fbf700fc07fd08fd08fd08fd09fd09fd09fd09fd09fe0afe0afe0afe0afe0afd0bfd0bfd0bfc0bfc0bfc0bfc0bfb0afb0afa0af90af909f809f809fd03ff0000ff00ff00ffff00ff00fe00fe00fe00fe01fe01fd01fd01fd01fd02fd02fd02fd02fc02fc03fc03fc03fc04fc04fc04fc04fc04fc05fc05fc05fc06fc06fc06fc06
524,64145582,-44,11,256,1,0,0,dbb22d000b030eff11fc14fa17f91af81cf81df91dfb1bfc19fe16fe12fd0efc0af907f605f104ec05e907e60be40ee412e614e916eb05fb000000000000000000000000000000000000fd02f409f409f40af30bf30cf20df20df20df30cf40cf50bf80bfa0cfd0d000e0210041106130715081608160816071507140611060ff000f000f001ef01ef02ee03ee03ee04ee04ee04ed05ed05ed05ec06ec06ec06eb06eb06eb05eb04eb03ea02eb02eb01eb00ebffebfeebfcebfbf8fefdff000000000000fffffffffefefdfefdfefcfefcfefbfefbfefbfefafef9fef9fdf8fdf8fdf8fdf7fdf7fdf7fcf6fdf5fdf5fdf5fdf4fef4fef3fef3fef2fff1fff0ff
525,64159778,-92,11,128,1,0,0,23322241fb02fc06fd06fb01fc02fc04fc00fffd0200020302010101fe03ff040004fd00fbfef800f804fc04fffffdfffe00fffffffeffff000000000000000000000000000000000000fffefdfdfd00fe03ff0302010200fefffbfefeff06030a060a060703ff01fc00fc02fc04ff010200010201010400040102ff04fd0600
526,64188364,-45,11,256,1,0,0,6aa00600fc0c000f031206150818091b091d081f071f051e041c031903150410060c0a080f06140518061c081e0b1f0f1d131a1717190506000000000000000000000000000000000000fdfcf6f3f6f4f5f4f4f4f2f4f2f4f1f4f0f4f0f4f0f4f1f5f1f7f1f9f1fcf1ffef02ee05ed07eb08ea0ae90ae90ae90aea0aec0aee09f200fcf1fbf1fbf0faeffaeef9eef8eef7eef7eef8eef8edf8ecf7ebf6ebf6eaf6eaf6eaf7e9f8e9f9e8fae7fae7fbe7fce7fee800e802e804e801f700fd0000ffffffff00000000000100000000fffffffefefefefefefefffdfffcfffbfffafff9fef9fef9fff800f800f7fff6fff5fef5fdf5fdf5fef4fef3fef2fdf1fcf0
527,64195414,-45,11,256,1,0,0,baa00b000e0210ff13fc15fa18f91af91cf91dfa1dfb1cfc1afd17fe13fd10fc0df90af609f109ed0bea0ee812e715e818ea1bed1cf107fc000000000000000000000000000000000000fe04f910f810f80ff80ff80ff810f910f910fa10fb0ffd0ffe0f000f020f04100611071109120a130b140b140b130b130b110b0f0b0df800f3fff2fff200f100f101f101f102f002f002ef03ef03ef04ee04ee03ed03ec03ec03eb02eb02eb01eb00ecffecffebfeebfdebfcebfaebf9f8fdfdfe0000ff00000000ff00fe00fb00fb00fb00fb00fbfffbfffbfffcfefcfefcfdfbfdfbfcfbfcfbfbfcfbfcfafcfafcf9fcf9fcf8fcf8fcf7fdf7fdf6fdf6fdf5fdf4fd
528,64224883,-45,11,256,1,0,0,60033600f401f204f108ef0aec0cea0de90de80de80ce80aea09ed07f007f407f908fd0b000e011201160019fe1bfa1cf71cf41af218fc0500000000000000000000000000000000000001fd07f408f308f308f208f208f208f208f207f206f304f302f300f3fef3fbf3f9f2f7f1f5f0f4eff3eef3eef3eef4eff4f1f5f3f6f5f6000dff0eff0eff0ffe0ffe0ffd0ffd10fc10fc10fb11fb11fa11fa11fb12fb13fb13fb14fc13fc13fd13fe13fe13ff1300130113021303130406010200ffffffffffff00000000010201020102010201020202020203020302030204030403050305030603060307030703070308030803090209020a010b010b010c010c01
529,64326560,-42,11,128,1,0,0,1ee001000bfd0cf90ef510f213f015ef17ef19ef19f118f316f513f70ff80af805f701f5fef2fceefbeafce7fee500e403e406e508e702f9000000000000000000000000000000000000fe03fb0dfb0dfb0efb0efc0ffc10fb10fc11fc10fd0ffe0e000e020d050c080b0a0c0d0c0f0d110d120e120f120f100f0f0e0e0c0d0b
530,64327086,-42,11,128,1,0,0,1ee0010008f807f306f007ec08e90ae70be60de50ee60ee80deb0cee09f105f400f6fcf6f7f5f4f2f1eff0edf0eaf2e8f4e6f7e6f9e6fef90000000000000000000000000000000000000003010d020d020e030e030f040f04100410040f050e060d070b08090a070c060f051104130315031604170417041504140412031002
531,64327522,-42,11,128,1,0,0,1ee00100010c060d0a0f0e1210151118111a101c0f1c0d1b0b1909150711070b08060b010efe13fb17fb1afb1dfd1eff1e021d051b080602000000000000000000000000000000000000fcfef2f8f2f8f1f8f0f8eff9eef9eef9eef9eefaeffbf0fcf0fff101f104f207f10af00def0fee11ed12ec13ed12ee11ef10f10ef30d
532,64377333,-42,11,128,1,0,0,1ee0010009050d0211ff15fd19fd1cfd1ffe200020011e021b03170412030d0009fc06f805f304ee06ea08e70be50ee510e612e914eb05fb000000000000000000000000000000000000fc01f204f205f206f107f109f00aef0aef0bef0bf00bf20bf40bf70cfa0cfd0eff100212031404160518051a041a0419041704150412
533,64379030,-40,11,128,1,0,0,1ee00100fc0dff0f021204150518051a041c021d011dff1cfe1afe16ff12010e040b08090c090f0a120b140e1510141311150f160c170205000000000000000000000000000000000000fcfff1fdf0fdf0fdeffeeefeedfdedfdecfdedfdeefdeffeeffff002f104f106f009f00bef0dee0eed0fec10ec0fec0eee0def0cf10b
534,64431080,-41,11,128,1,0,0,1ee00100f508f70df711f715f518f31af11af01bef1aef18ef15f112f40ff90cfd0b020c060d09100b130c170b19091b061c031c001b0006000000000000000000000000000000000000fefcf9f1f8f1f8f1f7f0f7f0f7eff6eff6eff6f0f6f1f6f2f5f4f3f6f2f8f0faeefcebfde9fee8fee6fee5fde6fde7fde9fdebfeedff
535,65491762,-91,11,128,1,0,0,4ff1144104f307f40af607f504f404f603f800fafffc00fd01fd01fcfefefdfcfcfaf9fafaf9fbfafbfafcfbfcfbfefb00fc00fdfffdffff0000000000000000000000000000000000000001010501060005ff02ff02ff010001020105000702070307040905080406040605060405040504060407040603030102fe01fd00ff
536,66105844,-93,11,128,1,0,0,6aa99641040a0107fc03fa02fb01fa02f802fb01fd00fcfefe00ff00fc00fc00fe00fe01fc01fcfffefbfffafefbfffc00fefffe00fe00ff00000000000000000000000000000000000000ff01fdfffefffe00fe01ff01fd01fe02fe01feffff00fc03fb030005030704070206fe01fffc05fe0a0109010501030002ff030002
537,66287153,-94,11,128,1,0,0,5bb66541010000ffff000003ff02fe00fcfffb00fcfef8f8f4f4f8f8f8fbf6f7f6f6f9fefc01fe00ff00ff00fe02fd02fe00ff01000200000000000000000000000000000000000000000000000300020101020000fdfefcfefdfffffefffdfefdfeff00fffffffe0000000002ff0100fffe01fd03ff0101fefffd01fe05ff03
538,67027408,-92,11,128,1,0,0,4ff11441f609f509f708f606f605f802f901fc03fe02fe00fd01fe03ff03ff04020405040507050906080606040602060005000301030001000000000000000000000000000000000000fffefef8fffa00fb01fb02fb01fbfdfbfbfbfcfbfafdf9fef9fdf8fdf8faf8f6f7f5f7f4f8f6faf9fdf9fefbfdfefdfbfbf9fafefd04
539,67129847,-92,11,128,1,0,0,4ff1144109f70af707f705f804f803f803f704f704f802f801f900fbfcfefa00f901f602f502f600f800f800f8fef8fdf9fefbfffdffffff000000000000000000000000000000000000fffffefbfbfbfafbfbfdfdffff00ff01fffffe00fe04fb07fb06fc03fc05fd09ff0aff0afe09ff080006ff0400030102030205020403
540,67232284,-92,11,128,1,0,0,4ff11400000b000b010d030d030c010c010a0109ff06000201ff01ff02ff03fc01f902f805f805fa04fb02f903f804fa02fb00fd00fd00ff000000000000000000000000000000000000010004010501050103ff04fd04fc02fb02fb01fefffefdfafdf9fcfafaf8faf6faf5fbf4fbf5f7f6f8f8fcfdfe01ff030003fd05fc05
541,67779632,-94,11,128,1,0,0,155ee141fe00fffefffbfdfefe02ff02ff02fe02ff00fe00fe00ff00fefffe00ff01ff0000fe00fd00fd00ffff00ff0100020003ff04ff0100000000000000000000000000000000000000ff01fe0000ff01010000fffe00fe01fe00fefefffe00ff01020103020202010301040304ff04fb05ff05040a071007090301fe0002
542,67885780,-92,11,128,1,0,0,2ffbb2410301020101ff00fe00fefffffcfefb00fc0106ff0fff0602000108f90df305fafc00fc01fe02fe04fd04fe03fe01fefe00000000000000000000000000000000000000000000000003020402fefff9fcf9fc00fc03fc00fcff000101ff01fc03fc02010004ff03fe02fefffdfcfffb01fb03fe01fffe01fc01fafdfd
543,68153818,-92,11,128,1,0,0,4ff11441080908080a0a0a0a060b050b050903060104010102ff04fe04ff06fd08fb05fb06fb0af909fa08fe08ff07fe04fd02fe02000000000000000000000000000000000000000000fffffcfcfbfcfbfcfbfdfbfdfbfcfcfcfcfffb04fb05fa03f803f803f904f805f505f605f705f705f905fb07fb07fd04000201030102
544,68264202,-41,11,128,1,0,0,1ee0010008080c070f06130716081809180b180c170d150d120d0f0c0d090a0509000afc0bf90df510f413f315f417f618f917fc17fe05ff000000000000000000000000000000000000fc01f307f307f208f208f108f109f109f109f109f308f408f609f80bfa0cfc0efd10fe12ff14ff15fe17fe18fe17fe15fe14fe12ff10
545,68278060,-40,11,128,1,0,0,52200500f6f8f1f9ecf8e8f7e5f5e3f3e3f1e3f0e4efe7efebf0eef3f2f7f5fcf701f707f60cf410f113ee14eb14e913e811e80de80bfa0200000000000000000000000000000000000003000d030e030f021002110212021202120211020f010dff0cfc0bf909f608f308ef08ec08ea09e80ae60be60be70ae909ec07ee05ef
546,68282442,-40,11,128,1,0,0,52200500010b060e0a110c140d170d1a0d1c0c1d0b1c091b07180514050f050a07050b000efd12fb16fb19fc1cfe1c001c031a0618080502000000000000000000000000000000000000fdfdf4f6f3f6f2f5f1f4f1f4f1f4f0f4f0f4f1f5f2f7f2f9f2fcf2fff202f105ef08ee0bec0deb0ee90ee80ee90eeb0ced0bf00af309
547,68284120,-42,11,128,1,0,0,52200500030909090f0a140c180f1a111b131b151a161716141410120d0d0a08080208fc0af60cf110ee13ec17ec1aed1bef1bf31cf507fd000000000000000000000000000000000000fdfdf5f5f4f6f3f6f1f6f0f6eff6eef5edf5eef6eff7f0f9f1fbf2fff303f306f30af20ef111f013ef15ed16ed15ee14f012f210f40f
548,68460997,-93,11,128,1,0,0,4ff11400f0faeef9f3faf6faf5fbf5fbf6faf9fcfbfdfdfdfefdfeff0002ff04fb05fa07fc06fa04f705fa05fb04fb04fb04fc03fd03ff0000000000000000000000000000000000000001ff06fd05fe05ff0400020101ff01fd00fdfefdfefbfef7fff601f702f601f5fff700f800f700f600f700f900fbfefbfdfcfcfdf8fa
549,68486544,-41,11,128,1,0,0,1ee0010007fa06f406ef06eb08e70ae50be30de30ee30ee60de90ced08f104f5fff8faf9f4f9f0f8ecf6e9f3e8f1e9eeeaecedebefeafcfa000000000000000000000000000000000000fe02f80af90bf90df90ef910f811f811f812f811f910fb0efd0d000c040a08090c090f09120a140a160c170d170d150c130b11090f08
550,68487180,-41,11,128,1,0,0,1ee00100fa06fc0cfd10fe15fe19fd1cfc1efa1ff91ef81cf819f915fa10fe0b020707040c021101150218031a051b081a0b180d160e050300000000000000000000000000000000000001fd06f505f405f205f105ef05ee05ed05ed05ee04ef03f000f2fdf4faf6f6f7f3f8eff9ecf9e9f9e7f8e6f7e6f7e8f7eaf8ecf9eefa
551,68777529,-42,11,128,1,0,0,1ee001000c04100115ff19fe1dff1f002101210321041e051b05170512030dff0afb08f608f109ec0ce90ee711e614e716ea17ed18f006fc000000000000000000000000000000000000fc02f20bf20bf10cf10cf10df00df00ef10ef20df40df60df80efb0ffe1001110314051606170619061b061b051b0519051605140611
552,68778077,-42,11,128,1,0,0,1ee00100fd0d011003140518051c041e032001210020ff1efe1bfe17ff12010d05090a070f06130617081a0a1b0d1a101812151413150405000000000000000000000000000000000000fcfdf2f4f2f4f1f3f1f3f0f3f0f3f0f3f0f3f0f4f1f6f1f8f0faf0fdef00ee03ec06eb08e909e80ae60ae50ae609e708ea08ec08ee08
553,68778591,-43,11,128,1,0,0,1ee00100f200f004ed08e90ae60ce30ce10be00ae109e207e505e904ee04f305f807fc0bff1000140019fe1cfc1df91ef61df41bf219fc0600000000000000000000000000000000000002fc09f109f10af00aef0aef0aee0aee0aee08ef07f005f002f0fff0fcf0f9eff6eef3edf2ecf1eaf0e9f0e8f1e9f2ebf3edf4eff4f1
554,68779117,-43,11,128,1,0,0,1ee001000c0210ff14fc18fb1bfa1efb20fc21fe20ff1e001b01160111000dfd09fa06f505f005ec07e809e50ce40fe411e613e914ec05fb000000000000000000000000000000000000fc02f30bf30cf20cf20df20df10ef10ef20ef30ef50df70df90efc0fff0f021104130715081608170919091a08190718071507130710
555,68821953,-43,11,128,1,0,0,1ee00100f5faf0fcecfde7fee3fee0fddffbdef9dff8e1f7e5f7e9f8eefaf3fef602f808f90df812f617f319f01aed19ea17e914e811fa0400000000000000000000000000000000000004ff10fd10fc10fc11fb11fa12fa12f912f911f90ff80ef70cf50af407f204f002ed01ea00e8ffe600e400e300e401e600e800eaffec
556,68822553,-43,11,128,1,0,0,1ee001000bfd0df810f413f117ef19ee1cee1def1df11cf319f515f810f90af905f700f4fcf0faecf9e7fae4fce1ffe002e005e207e302f9000000000000000000000000000000000000fd03f60df60df60ef60ff60ff610f611f611f810f910fb0ffd0f000f030e070e0a0f0d100f1110131114121511150f130e110d0f0c0d
557,68823066,-43,11,128,1,0,0,1ee0010008f908f509f00aec0cea0ee810e711e712e812eb10ee0ef10af405f600f7fbf7f7f5f3f3f0efefecf0e9f1e7f4e6f7e6f9e6fef9000000000000000000000000000000000000fe03fb0dfb0efb0efb0ffc0ffc10fc10fd11fd10ff0f000e020d040c070a0a0a0d091009120a130a150b150b150b130b110a10080e06
558,68823510,-43,11,128,1,0,0,1ee0010001f5fdf2faeff8ebf7e7f8e5f8e3f9e2fbe2fce4fee7feebfef0fcf5faf9f6fdf2ffed01e900e6ffe4fde4fae5f7e7f5e9f4fafc0000000000000000000000000000000000000103060d060d070d070d080e090e090e090e0a0c0a0b0a090b070c050d020eff10fd12fb13f915f817f817f817f815f913f910fa0efa
559,68824101,-43,11,128,1,0,0,1ee00100fd0a010f03130517061b051d041f03200120ff1efe1afe16ff11010b050709030e01130118021b031d061d091c0c190e17100504000000000000000000000000000000000000fefcfaf1f9f0f9f0f8f0f7eff7eff6eff6eff6f1f6f2f5f4f4f6f3f9f2fcf0ffee01eb03e904e805e605e505e505e704e904ec04ee04
560,69177834,-94,11,128,1,0,0,4ff11400fdf6fdf6fcf3fef2fef4fef6fff6fef7fdf9fdfafbfbfafdfafefb00fc03fb02f902f802f801f800f701f901fd00fcfffbfefeff0000000000000000000000000000000000000101030500060006ff04fe00ff00ff0100010201030103fe06fa08fb08fe080109010b01090207010500040004fe02fb00fb00fcfffa
561,69269118,-94,11,128,1,0,0,1aa9914100fefd02fb02fc02fe02fe00fefffdfffd00fc00fcfffefeff00fefefefdfffffe01fc01fc00fc00fe0100010000ffff00000000000000000000000000000000000000000000fffffffefffffe00ff010000f6feeefef90003ff09030e0a070300fd00000001fe02fe01ffff00fefffdfdfefbfffaff00fa05f603fa
562,70509062,-93,11,128,1,0,0,4ff11400f002f101f200f300f402f601f801f904f904fb03fd010101040403040304040505070507050406030703050405020601090202000000000000000000000000000000000000000001010501040105ff05ff0402010200010003fd04fb05fc07fb09fa0af809f808f908f806f903f804f804f902f9fffafdfcfdfdfcff
563,70918675,-94,11,128,1,0,0,4ff11400fdf300f202f303f200f1fff400f6fef8fffb01fc02fa00fcfbfef8fff7fff6fdf5fcf5fdf7fdfafcfbfbfbfbfafcfafdfcfcffff00000000000000000000000000000000000001000502040203030104020202ff01ff02020403050005fe06fd08fb09f909fa08ff060008ff0aff08fe05fc04fc03fe02ff01fc00f9
564,71840325,-93,11,128,1,0,0,4ff114410406030a030d030a04090309010703040501020000ff00fffffd00fb01f801f802f804f706f706fa04fb03fa03fb01fd00ff00ff00000000000000000000000000000000000000ff02fe02fd02fb02f902fcfffdfefdfdfdfefbfefcfcfefb00fb01f902f701f6fff5fff4fff3fdf5fef901fb03fb03fe0502050404
565,71981996,-93,11,128,1,0,0,3eedd34101fe00fffffefffd00fe01fe00fdfffffe01fcfffe00000101010102020103000100ff01000000ff01ff0100000100010000000000000000000000000000000000000000000000ff00fcfefafcfbfbfffc0201030304fe02f9fef9fdfc00fe0100000301030103010103fe01ffff00fdfefcf5fceafbf3fe00010301
566,72045259,-93,11,128,1,0,0,4ff11441010803060504040707080707030802070303050103ff00fe00fe00fc00f900f8fff7fff600f6fff8fef9fdf9fdf9fefb01fe000000000000000000000000000000000000000001ff06fc05fb04fa04fb03fc00fe00fe01fefefff902f602f701f7fff6fdf7fbf7fcf6fff6fff600f800fafcfafbfdfd00ff01010008
567,72084758,-91,11,128,1,0,0,9559994101fd01ff0000fffd00fa00f9fdfafcfcfdfe02f405eb02f6fffffb07f612fc0804fc05fa03fcfffefdfffe00fe01fd00feffffff000000000000000000000000000000000000fffffcfefdfdfffe01000202ff01ffff01ff01fe02ff01fffffffffffefffcfdfcffff03ff04fd04fb01f9fefbff000002ff01fe01ff
568,72352335,-91,11,128,1,0,0,4ff11441050706090609040b020c010b0109010802080405060104ff01fe02fb05fa07f808f708fa07fd0800080107ff05fd04fd05fd01ff000000000000000000000000000000000000fffefdfbfefdfdfcfbfcfcfcfefdfffffc01fb03fc03fa03f603f503f903fa03f8fff5fdf400f802fb05fa04f902fc03fe04fe05ff05
569,72361412,-44,11,128,1,0,0,1ee0010004f802f301ee01ea02e603e405e306e207e307e507e906ed03f200f6fcfaf7fcf1fdecfde8fce6fae4f7e4f5e6f3e8f1eaf0fafc000000000000000000000000000000000000fe03f90cf90df90ef90ffa10fa11fa11fa11fb10fc0ffe0e000c030b06090a080d071007130715071708170916091408120710060e04
570,72361814,-44,11,128,1,0,0,1ee00100040809090e0a110c140f161116131514141412140f120c0f090a070506ff07f909f50cf10fee12ed15ed17ee18f118f418f606fd000000000000000000000000000000000000fefdf7f3f6f3f5f3f4f3f3f3f3f2f2f2f2f3f2f4f3f5f3f8f3faf3fdf301f304f208f00bef0dee0eed10ec10ec0fee0eef0cf20bf40a
571,72362370,-44,11,128,1,0,0,1ee0010008fe0bfa0ff612f415f218f21af21bf31bf419f616f812fa0dfa07fa02f9fdf6f9f3f6eef5eaf5e7f6e4f8e3fbe3fde400e500f9000000000000000000000000000000000000fc00f103f103f004f005ef06ef07ee07ee07f007f107f408f609f90afd0b000d020f041206130715071707180717061506130510050e
572,72362903,-44,11,128,1,0,0,1ee00100fe09010e04130617071b071e061f04200220011d001aff15000f020906040a000ffd14fb19fb1cfc1ffe20011f041d071b09060200000000000000000000000000000000000000fc02f001ef00eeffedffecfeebfeebfdebfdecfceefbf0faf2f7f5f4f8f1fbeefdebfee9ffe600e400e300e4ffe6ffe9ffecffee00
573,72393581,-43,11,128,1,0,0,1ee0010008010bfc0ff813f517f31af21df21ef31ef41df61af916fa10fb0afb04fafff7faf3f7eff5eaf5e6f6e3f8e1fbe1fee100e200f8000000000000000000000000000000000000fcfff3fef2fff100f002ef03ee04ed04ec05ed05ee05f006f306f508f909fc0bff0e0211041405160518061a051a0518041604130411
574,72394021,-43,11,128,1,0,0,1ee0010008020dfe12fa17f81bf61ff622f723f823f921fb1efd19fe13fe0cfd06fa00f6fcf1f9ecf8e6f8e2fadffcddffdd02de05e001f8000000000000000000000000000000000000fcfef2faf2fbf0fdeffeedffec00eb01ea01eb02ec02ee03f004f306f608f90bfc0ffe1200160019011c011d011d001b001900160113
575,72396999,-43,11,128,1,0,0,1ee0010008fe09f90bf40eef11ec13ea16e917e918ea18ec16ef13f30ef509f702f8fcf8f7f6f2f3efefedebede8eee5f0e4f3e4f6e4fdf9000000000000000000000000000000000000fc00f301f302f304f306f308f209f10af00bf10bf20bf30bf50bf90bfc0b000b030c070e09100c110d130e150e150d140c130b110a0f
576,72397517,-43,11,128,1,0,0,1ee0010004f901f4feeffcebfce6fce3fde1fedf00df01e102e402e901eefff3fcf9f8fdf300ee02e802e501e2ffe0fce1fae3f7e4f5f9fd000000000000000000000000000000000000fe02f809f90afa0bfb0dfc0efd10fd11fd12fe12fe11ff10010e030c050908070b050f04120315031703190319031803160314031102
577,72398026,-44,11,128,1,0,0,1ee00100020809080f09140b180d1b0f1c121d141c151a15161312110e0d0a07080107fa07f40aee0dea10e714e617e619e81aeb1bee06fb000000000000000000000000000000000000fffcfbf3faf3f8f3f6f3f4f3f3f3f1f2f0f2f0f2f1f3f1f5f2f7f2faf3fef302f206f10af00eef10ed12ec14ec14ec13ee11f010f20f
578,72439108,-48,11,256,1,0,0,6aa006000afd0cf80ef410f113ef15ed16ec17ed17ee16f014f211f40cf607f701f6fcf4f7f1f3edf1e9f1e5f3e1f6dff9defdde00df00f8000000000000000000000000000000000000fc01f104f004f005f005f006f006f007f107f207f408f608f809fb0afd0b000d020f04110612071408140814081408130811070e070bf000f7fff6fff6fff600f600f600f601f601f501f502f502f502f503f402f402f302f302f302f302f301f301f300f300f300f3fff3fff3fef3fefbfffeff00000000000000fffffffffefffefffefffefffdfffdfefdfefdfefdfefdfdfdfdfdfdfdfdfdfcfcfcfdfbfdfbfdfbfdfbfdfafdfafdfafdf9fef9fef9fef8fef8fe
579,72441368,-44,11,128,1,0,0,1ee0010006f605f105ec05e907e508e40ae30be30ce40ce60be909ed06f102f4fdf6f8f6f4f5f0f2edefececece9ede7f0e6f3e5f5e5fdf90000000000000000000000000000000000000003021003100310031103110411041104110510050e070d080b0a090d070f0511041303150317031804190418041604140312021000
580,72442183,-44,11,128,1,0,0,1ee00100f202ef07ed0ae90de60fe30fe10ee00de00be209e507e906ee06f407fa09fe0d01110216021b011efe20fb21f820f51ef31cfc0700000000000000000000000000000000000002fc0af10af00af00aef0aef0aee0aee0aee08ef07ef04f002f0fff0fbf0f8eff5eef3edf1ebf0eaefe9efe8f0e9f1ebf2edf3f0f4f3
581,72454737,-92,11,128,1,0,0,4ff1140007f207f108f309f707f806f906fa04fa04fb04fd01fffefefdfdfdfdfcfbfbf8faf7f8f9faf9fcf9fefafdfcfcfcfdfcfdffff000000000000000000000000000000000000000001ff04fe04fe06ff05fe04fc02fc0100010402050008ff08ff0801080309060908080807060705050505060604060005fd04fb02f8
582,72467638,-48,11,256,1,0,0,bff00b000bff0dfb10f713f415f217f119f01af11af21af417f514f710f80bf806f601f3fdeffbeafbe6fce1ffde03dd07dd0bdf0ee203f8000000000000000000000000000000000000fc02f10bf10bf10bf10bf20bf20bf30cf40cf50cf70df80dfa0efd0eff0f0110031105120713081409140a140a140a130a110a0f0a0cef00f800f800f701f701f701f702f702f602f603f603f603f604f604f504f504f404f404f403f403f403f402f402f302f301f301f300f3fff3fffbfffeff00ffff00ff0000ff00fe00fd00fd00fd00fd00fd00fd00fdfffdfffdfffdfffdfefdfefdfefdfdfdfdfdfcfdfcfdfcfefcfefbfefbfefbfefafefafff9fff9fff9ff
583,72469946,-48,11,256,1,0,0,bff00b00050a090a0e0a120b150c170e180f1811181116111310100e0e0b0b060a010bfb0df610f214f019ef1cf01ff321f621fb21fe08ff000000000000000000000000000000000000fcfdf0f7f0f7f0f7f0f8f0f9f0f9effaeffbf0fcf0fdf0fff101f103f105f207f20af20cf20ef210f211f212f312f412f511f70ff90eef00fcf9fcf9fbf9fbf8fbf8faf8faf8faf8f9f8f9f8f8f8f8f8f8f8f8f7f8f7f8f6f8f6f8f5f8f5f9f5f9f5f9f4faf4faf4fbf4fcf3fcf3fdf3fffbfffe0000ff00ff0000ff00ff02ff02ff02ff02ff01ff01ff01ff01ff01fe01fe01fe01fd00fd00fd00fd00fc00fc00fcfffbfffbfffbfffbfefbfefafefafdfafdf9fdf9
584,72549447,-44,11,128,1,0,0,1ee00100050a0a0b0e0c110e1410151215141416131611150e140c110a0c090709020afd0dfa11f715f518f51bf61cf91dfc1cff1b010600000000000000000000000000000000000000fbffeffceffceefceefcedfdedfdedfdedfeeeffef00f002f104f206f309f40bf40ef411f312f314f215f115f114f313f411f60ff80e
585,72557130,-93,11,128,1,0,0,4ff1144101f602f303f401f502f504f702fa00fcfffafffafdfafdfbfdfffc01fa02fa04fa04f906f905fa03fc02fd03fd04fc02fb00fe00000000000000000000000000000000000000fffefdfafbfafbfafdfbfdfcfffeff01fe03ff040007010d000eff0a00090309040a040a040902080007ff0501040303030003fd05fa
586,72603745,-43,11,128,1,0,0,1ee0010005050a020f0014ff18fe1bff1d001f011f021d031a04160411030c0107fd03f801f300ee00e901e503e306e209e20be40de603f9000000000000000000000000000000000000fdfef7f8f6f9f5faf4fbf2fcf1fdeffdeefdeefeeffef0fff100f302f504f707f90afa0dfb10fb13fb16fb17fb18fa17fb15fb13fc11
587,72604453,-44,11,128,1,0,0,1ee00100fc08000c041007140919091c091f082107210520031d02190213020d050708010dfd12fb17f91cfa1ffb21fe210120041f06070100000000000000000000000000000000000001fd04f403f401f3fff2fef1fdeffceefbedfbedfbedfaeffaf1f8f3f7f6f5f9f2fcefffed01ea02e703e503e503e603e702e903eb03
588,72657297,-44,11,128,1,0,0,1ee00100fe0b020f051207160819081c071d061f041f031d011a00160111020c05070a040e02130117021a041c061c091b0c190f17100504000000000000000000000000000000000000fdfcf5f3f5f3f4f3f4f3f3f4f2f4f1f4f1f4f1f5f1f6f1f8f1faf0fcf0ffef02ee04ed07ec09ea0ae90ae80be80aea09eb09ee08f008
589,72658543,-44,11,128,1,0,0,1ee00100f302f206f00aed0eea10e810e510e40fe30ee40be709eb07ef06f506fa08ff0b020e04130517041a021dff1efb1ef91cf71afd0600000000000000000000000000000000000002fc08f208f208f107f007f007ef06ef06ee05ef03ef02f000f0fef0fbf1f8f1f5f1f3f0f1efefefeeeeededeeedf0eef1f0f2f2f3f4
590,72864334,-95,11,128,1,0,0,4ff11441f4f7f2f5f4faf8fafaf8faf7fbf7fbf8f9f8f9f8fbfafbfdfa02fa03fa01f7fef6fcf9fcfbfcfdfcfefcfefcfffbfefcfefcffff000000000000000000000000000000000000fffffdfdfcfdfcfcfcfdfdfffe00fffffefdfbfefbfffdfefbfef7fff6fef7fcf6fbf6faf8faf9f9f9f9f9fafbfcfefcfefafafaf9fe
591,73467590,-94,11,128,1,0,0,3114434100ff00fdfffdfefefffe01ff030002ff00ff01ff03fd02fa01fd0000ff01ff00fffe00fd00fdfeffff0001ff010000020002ff00000000000000000000000000000000000000ffffffff00ff00ffffff01fefcfff403fa0303030d0413030b020103ff01ff00fffffdfcfcfcffff00010005fc09f607f8ff00fb05fd
592,73478745,-93,11,128,1,0,0,4ff11441f105f302f5fef7fbf7f9f7f9f8faf8fafbfbfffbfffcfdfefa00f803f805f802f901fb00f9fdf8fdfafef9fbfafbfefd00fb00fe000000000000000000000000000000000000fdfff6fef8fefbfdfdfffefffdfcfafef900fa01fa01f803f801f7fef4fdf5fdf8fff9fef7faf7f8f9fbfcfffbfefafff901fa01fa03
593,73574025,-94,11,128,1,0,0,f5500f41fefffefffe01fe02ff00fffefffeff00ff01fe01fcfffcfffcfffbfffc0000ff03fd03fc02fd00fd00fd00fffe00fdfffd00ff00000000000000000000000000000000000000fd00f901fdff00fc02ff020002fe05fe05fd02fd01ff00fffefc00fa03f803fb0101fe05ff050005010302ff0df914f606f9fbfb00fd
594,73574920,-94,11,128,1,0,0,ecc66e4101fe00ff00ff00ff01010202ff02ff01fe02fd03fe00fffe00010002ffffff00fe02fd02fd01ffffff00fe03fe0200010101000000000000000000000000000000000000000000ff03ff0502050303ff02fd00fffe00fe00ffff00fffd01fa02fd0102fe04fc02fb01fc00fd00ff0000ff0008f711ef0ef608fefeff
595,73795235,-44,11,128,1,0,0,1ee00100f101f005ee09eb0be80ce60ce40ce20be20ae308e606e904ee04f205f707fb0bfd0ffd13fc17fa1af71bf41cf11aef18ed15fb0500000000000000000000000000000000000000fb02ed02ed02ed02ed02ee02ee01ee00eeffeefdeffbeff9eff8f0f6f0f4f1f2f0f0f0eff0eeefedeeedeeedeeeef0eff2f0f3f1f5
596,73795676,-44,11,128,1,0,0,1ee001000d041002130017ff1aff1c001d011e031d041b051806150611040d000afc09f809f30aef0cec0fea12ea15eb18ee19f119f406fd000000000000000000000000000000000000fc03f30df30df20df30df30df40df50df60ef70ef90efa0ffc10fe11001101120314051506160616071707180617061506130611070f
597,73808157,-43,11,128,1,0,0,522005000af90cf40ef010ee13ec15ec16ec17ed17ee16f013f30ff50bf606f701f7fcf5f8f2f5eff4ebf4e8f5e6f7e4fae4fce5ffe6fff9000000000000000000000000000000000000fe03f80ef70ff70ff610f610f610f70ff70ff90efb0dfe0c010c040c070c0a0d0d0e0f0f111011111212121311120f100d0d0c0a0b08
598,73812581,-44,11,128,1,0,0,52200500f404f208f00bed0eeb0fe90fe70fe60ee70de80beb09ee07f206f706fc08000a030e0511061505180319011bfe1afc19fa18fe0500000000000000000000000000000000000001fc06f007ef07ef08ef08ef08ef08ef07f005f103f200f2fef2fbf2f8f2f5f2f3f0f1efefeeefedefedefecf0edf2eff3f1f4f4f5f7
599,73814324,-44,11,128,1,0,0,52200500f80bf90ffa12f916f818f619f519f419f318f316f413f610f90dfd0a010906090a0a0d0c0f0f101110140e160b17081706170105000000000000000000000000000000000000fefcf8f0f8eff8eef9eef9eef9eff9eff9f0f9f2f8f4f6f6f4f8f2faf0fbeefcecfde9fde8fde7fde6fde7fce8fcebfdedfeeffff200
600,73816157,-44,11,128,1,0,0,52200500f3fbeffcecfde9fde6fde5fbe4fae4f9e5f8e7f8eaf8edf9f1fcf4fff603f707f70bf60ff412f113ef13ec12eb10ea0dea0bfa0200000000000000000000000000000000000003fd0ef60ef60ff60ff60ff70ff70ef70df70bf609f607f505f303f101efffeefeebfeeafee8fee8fee7fee7ffe8ffebfeedfdeffcf1
601,73990764,-93,11,128,1,0,0,4ff11441f60df60df60df80cf90bfa09fa08fa08fd0501020103fe0302010602050205fe07fc07fd07ff07ff05ff07ff06ff04ff02fd00fe0000000000000000000000000000000000000102020401000400050005ff02fffefcfcfbfbfcfcfcfffafff9fdf6fef5fff6fef6fdf2fdf1fdf4fdf7fcfbfcfdfdfff900f501f605
602,74019226,-44,11,128,1,0,0,1ee00100f105ee09eb0ce80ee50fe30ee30de20ce30be509e908ed07f207f708fc0a000d031104150419031c011dfe1efc1dfa1bf819fe0600000000000000000000000000000000000002fb09ef0aef0bef0cef0cef0cf00bf10af207f304f301f3fef2faf1f7f0f4eff2edf0ebf0eaf0e9f0e8f1e8f2eaf3ecf4f0f4f3f4f6
603,74021365,-44,11,128,1,0,0,1ee001000df910f512f215ef18ef19ef1bf01bf11af218f415f511f70cf707f602f4fef2fceefaeafae6fbe4fde2ffe202e204e406e601f9000000000000000000000000000000000000fe04f911f812f712f612f611f610f610f80ffa0dfd0c000c030c070d0a0d0d0e0f10111211131114111511150f130d110c0d0b0a0b07
604,74502786,-91,11,128,1,0,0,4ff11441ef02f001f501f700f4fff301f6fff7fbf9fdfa00fb01fc03fc07fd0afe0bfc0afb08fc08fc05fd02fd02fb03fc03fd03fe04ff01000000000000000000000000000000000000000002fe01fa00f901fc04fe01fffcfffbfefcfffdfefdfafdf8fdfafcf9faf7faf6fbf6f9f7f9f7fdf9fbfafaf8fbfafafcf7fcf3fc
605,75063133,-92,11,128,1,0,0,26633241ff01000102020202ff01000002fe03fd01fcfffcfffffe00feff01fc01fdfffffc01fe01000000ff01ff00fefefffdffffff0000000000000000000000000000000000000000ff00ff01ff00ff00ff00fd00f707f30ffa0800020a0313040c0402030102020103000301fe02fbfefcfbfefe00000300050007020603
606,75064876,-93,11,128,1,0,0,577aa54104ff02fefffdfdfdfffdffffff00ff00ff0100000001ff03ff01ffff00ff00000000fffeffff010001ff00000001fffffefdffff000000000000000000000000000000000000fffffdfdfffe0100fffffefe00090312030703fd09050e0e0608fd02fc05ff040101000100fe01fe00fffffffe01fd02fa02f802fdfe
607,75169048,-92,11,128,1,0,0,eee88e41fafffcfcfdfcffff00fffffe00fefffdfffd01fd02fd0100000201020101030103fe02ff010001010000ff00ff01ff0200030001000000000000000000000000000000000000ff00fd00fefefefeff00ff01fefffffefeffff0002ff0200ff01fe0200030202020300030103050206000200030a0513030d01070003
608,75169392,-92,11,128,1,0,0,90055941fe00fe0200030003fe02ffff00fefdfffeff00010002000100fe00fe00000100020002ff0000fffffffdfefdfffcfffd00000000000000000000000000000000000000000000000002000000fefefdfffe02fe0100ff00fffe01fd00fffffefffe02fd02fdfffcfffb04fd02ff000001fffffdf4fdf000fa02ff04fd
609,75170297,-92,11,128,1,0,0,b00ccb41fefd01ff0200fffffdfefdfe00fd02000203000301ff00fdfffdfefcfefefe02fe0000ff0001fe02ff0001ff01ff00000002000000000000000000000000000000000000000000ff01fe02fd03fc01fdffffff00ff00ff000000000001ffff00fe01fe00fd01fe020102ff02fb00fdfe01fb01f101e901f501000001
610,75276744,-92,11,128,1,0,0,dccbbd410206fe01fffb02fb01fd00ffff02fe05ff0408f912ee0af403fb09f20deb06f6fe00fe00fefffcfefefe00fe00fefffffd01ff0000000000000000000000000000000000000000ff00fe00feffffff03ff03000001fe00feffff00010005fd02fdfe00ff0001fe03fe0301020100fefbfcfdffff00fe00fffefef8fc
611,75331142,-43,11,128,1,0,0,1ee001000bff0ffc13fa17f81bf71df81ef91ffa1efb1cfd18fe13fe0efe08fc03f9fff5fcf1faecf9e8fae5fce3ffe201e304e405e601f9000000000000000000000000000000000000fc00ef01ee01ed01ec02ec02ec02ec02ec02ee03f103f305f607f90afc0dfe10ff1301160118011a011b011c001a001800140111020f
612,75332427,-43,11,128,1,0,0,1ee001000afc0df711f314f117ef1aef1bef1cf01cf11af316f612f80df907f901f8fcf6f8f2f5eef3eaf3e7f4e5f6e3f9e3fce4fee5fff9000000000000000000000000000000000000fc01f107f007ef08ee09ee09ed09ed09ee09f008f308f609f90afd0c010d040f061208140a160a180b1a0a1a0919081608130710070d
613,75333886,-43,11,128,1,0,0,1ee001000b010ffe14fc18fb1cfa1efb1ffc20fd1ffe1cff190014000fff09fd04fa00f6fdf1fcecfce7fde4ffe202e204e206e408e602f9000000000000000000000000000000000000fcfff0feefffedffecffecffebffebffec00ee00f001f303f506f709fa0cfc0ffd13fe16fe18fe1afe1bfe1cfd1afd18fe15ff12000f
614,75372006,-43,11,128,1,0,0,1ee0010009fc0af60bf10dec0fe812e615e517e517e617e816ec13ef0ff309f502f7fcf6f6f4f1f0eeecede8ede5efe2f2e1f5e0f8e0fef8000000000000000000000000000000000000fd02f40af40af50cf60df70ef710f611f712f712f811fa11fc10fe0f020e050d090d0d0d100e120f14101511151114111210110e100c
615,75373424,-44,11,128,1,0,0,1ee00100f8f8f3faeefbe9fce4fbe1fae0f8dff6dff4e2f3e5f3eaf5eef7f3fcf601f807f90df912f617f41af01bed1bea19e815e713f90400000000000000000000000000000000000003010e060e060f050f041003110213011300130012ff11fe10fc0efa0cf80af508f107ee07eb06e906e707e507e607e706e906ec05ee
616,75373990,-44,11,128,1,0,0,1ee0010009000bfb0ef711f414f217f119f11bf21bf31af518f714f910fa0afa05f900f7fcf3f9eff8eaf8e7fae4fde200e203e305e401f9000000000000000000000000000000000000fc01f205f306f307f308f309f30af30bf30cf40cf50cf60cf80dfa0dfd0c000d030e0610081109120b140b150b140a130a120910080e
617,75424425,-94,11,128,1,0,0,4ff11400fc08fc09fd0cfe0bff09fd0afb0bfb0afd0700050204030404040602060104020405060705070306020502040103010402040001000000000000000000000000000000000000fefffbfdfafcfafbfafbfbfcfefbfffdfdfffc00fb02f905f804f902f704f403f503f703f702f800fa00fc01ff020003000501070207
618,76448456,-94,11,128,1,0,0,4ff1144108f709f60af90bfa0af806f606f507f704fb00fdfefcfefcfdfcfafdf8fef800fa00f8fef7fcf8fcf8fcf8fcf9fcfafcfbfdfeff000000000000000000000000000000000000fefffbfdfafcfbfcfdfdfbfffa00fa01f902fa03fd04fc06fe07000afc0bfb0801060405030603060205010303040405030204010502
619,77062853,-91,11,128,1,0,0,4ff11400f609f60af50bf30cf40af608f707f704f703f903fc03000302030204040606060507020b010a0009fe07ff07010702070005ff0100000000000000000000000000000000000000fefffbfffafffa00fa00fb00fcfefdfcfefc00fbfff8fcf8fbfafbfaf9f7f7f6f7f7f8f9f7f9f6fbf7fbfbfafef901fa01fc01fc02
620,77267638,-93,11,128,1,0,0,4ff11441f303f002effef1fdf401f404f502f701f902fb03fe03ff0300040406050804080309030901070008ff0aff0afe08fe04000000ff000000000000000000000000000000000000010005000601040103ff01ff000001fe01fc01fbfef9fbfafcfafff8fff6fef4fef4fef500f3fff4fef5fef8fbfcfbfcfcfcf8fef5fe
621,77370045,-92,11,128,1,0,0,4ff11400f400f301f5fef5fef4fef5fef8fbf9f9fafcfb01fc03fd01fd00fc02fb04fc05fb07f906f803f702f603f703fb02fc01fcfffeff000000000000000000000000000000000000ffff00fb02fa04fb03fc01fcfffafefcfefefefffbfdf7fbf6f9f5f7f7f5f9f3faf2fbf5fdf800f901fafffafcfbfdfdfefcfafdf701
622,77667779,-93,11,128,1,0,0,e66dde41fefdfe00ff00ffffff0101020100fffdfefc00ff02000100fe03fd03fefffffd0000fe00fdfffdfffdffff00fffffffdffffff000000000000000000000000000000000000000000fffffdfdfdfdfdfdfbfefe0102fd04f703fb000004fe09fb04fefd03fc04fd03ff0103fe04fc02f901f601fafe02fb04ffff05fb
623,77669737,-91,11,128,1,0,0,0ddbb041feff00ff03ff02020104020101ff0101ff02fefffdfefe01ff02010102000000fdfffdfdfefcfffe00fe00fefffd01fe03010100000000000000000000000000000000000000fe00f901fc00fc00fa01f9fff8f9f5f2f9f7ff0005fe0af703f8fffa01fe0100030105010302fe01fe00020003020404070109fe0300
624,77879706,-93,11,128,1,0,0,1cc0014100010202010000ff02fe01fc01fc00ffff00f9f9f4f2faf601fd07f90df308f801fdfffd0000fffffdfffd00fdfffdfffc00fe00000000000000000000000000000000000000000001ff00fd00fdfffffc01fa01fbfffefe01fdfffffd01fd01ff02020001fefb00fa02ff0303030402030001fffffe01fd03fe03fc
625,77880725,-90,11,128,1,0,0,e99dde4100fd01fdfefffd0200030002fd01fc03fd01fa06f50ff80afc03f402ecfff6fffffffffefefcfefd000002010201ff01fc00ffff000000000000000000000000000000000000ffffff0001010100fe01fe010001ff01fd00fe00fffffffefe00ff010101ff01ffff00fdfffc00fe0001fe04fc05fb03f9faf9f6fefc
626,77881379,-90,11,128,1,0,0,cddccc4100fefffe02fb02fd00fe00fd02fd02ffff01f3faecf2f8f802fe07f50bea04f400000101ff00fe00fefffefeffff000001010000000000000000000000000000000000000000fe00fb00fdfefdfffdfefefdfffdfffffdfefcfdfdfdfdfdfcfefdfe00ff0100ff0000ff03fe03fe02fe01fe00fdffff030406080101
627,77881760,-93,11,128,1,0,0,5ee2254100fdfffcffff000100fffefcf9fdf9fffc0008f912f20af8000004f60bef05f8ffff00ff03ff01ffffff00ff00ff01fe02fe00ff00000000000000000000000000000000000000ff01fd01fe0202030203010004fe02ffff00fd00fc01fc03fe05fc05fa01fbfefefe01010002fe03ff0501070204fe01fafefcfd00
628,77984468,-91,11,128,1,0,0,4ff11400fef2fff0fcf0fbf0fdf0fef2fdf5fffa00fcfdfcfafffb01fb02fa03f902f802f603f602f701f802f802f801f800f9fffbfffeff000000000000000000000000000000000000010105080508020600040003ff03000101fd03fd05ff05fe05fd06fd0afe0bfe0bff0b000afd0afa08fd06ff04fd01fb00fbfefcfdfd
629,78086865,-93,11,128,1,0,0,4ff11441050d030d030d050e050c0209ff09010802050201010000ff02fe06fe09fb09fa09fb09fe060006fe07fe06ff05fe05fd04fe00ff000000000000000000000000000000000000fffffbfcfbfcfafdfafcfbfbfdfcfefefefffc00fb02fc04fc04f906f707f705f701f700f704f707fa07fc05fa05fc03ff0301040105
630,78394097,-91,11,128,1,0,0,4ff11400f302f504f406f405f605f505f504f903fb02f901fc0002030505050406040404030503070108020804080307030503040403010000000000000000000000000000000000000001ff06fd05fd03fd04fc04fd03fe01fdfefbfdfcfefcfcfafaf6fbf7fdf7fcf6fdf6fff6fef6fcf7fdf8fefbfefefc00fc00fb01fa05
631,78598894,-91,11,128,1,0,0,4ff11441f3f6f3f8f6f8f7f4f8f5faf6fbf8fcfbfcfbfefdfe00fdfffd00fb03fa04fa03f903f804f703f803fb03fb03fb03fb03fa01fe00000000000000000000000000000000000000000102030102010402040102010102000300040005fc04fa05fc08fd08fa07f807f707f80afb0bff08fe06fe050001000000fefef9fa
632,78701296,-93,11,128,1,0,0,4ff114410c020b020c000e020f010bff0700030005fd05fc02fb00fbfefdfbfef7fdf6f8f9f6faf8faf9faf7fbf8fcfbfdfefefffdffffff00000000000000000000000000000000000000fe00fbfefcfffc01fc02fe02fe00fbfefafefefc01f802f601f701f703f604f606f706f806f908fb07fd05fd040006040902070105
633,79110909,-91,11,128,1,0,0,4ff11441f6f3f6f2f7f2f5f3f7f4fbf6fdf6fdf6fdf8fefa00fbfdfef901f902fa02f902f702f801f901fa01fb00fbfffc00fdfffdfeffff00000000000000000000000000000000000001ff05fd04fe04000502040202ff02ff010001fe03fa05f805f905fa07f807f706f606f606f705f806fa05fd01ffff0001ff01fdfffb
634,79315697,-93,11,128,1,0,0,4ff11400f7f5f7f4f5f5f3f7f4f7f8f7faf9fbfdfc00fc00fc00fe02ff04ff05ff060009010a000900050004000300040005fe05fd02ff00000000000000000000000000000000000000ff01fd04fb05fb05fc02fd02000401040203040305000600050108010b000b010b010c010c020a0007fe040005010201fdfcfcf9fdf9
635,79370537,-94,11,128,1,0,0,633446410100010105ff04fbfffa00fb02fe02ff01fefefffcfefdfdfefffe01000001fe02fd01fd01ff020002ff02ff01ff01ff01000000000000000000000000000000000000000000fffffefffefffffe0000010202020101fe00fd00fffe00fc00fe000100010001fe01ff0001fe01fc01fc02fd05f607ee01f5fffd01fe
636,79434439,-44,11,128,1,0,0,1ee00100f4fbeffdebfee6ffe3fee0fddffbdffae0f8e2f7e6f7ebf9effbf4fff704f909f90ff814f617f319f01aed19ea17e914e911fa0400000000000000000000000000000000000004fe10fb11fb11fb11fa11fa11f911f911f90ff80df70cf60af407f205f103ee01ec00e900e7ffe600e400e400e500e700eaffecfeef
637,79434847,-44,11,128,1,0,0,1ee00100f7f7f2f8eef8ebf6e8f5e6f3e6f1e6f0e8efeaefedf1f0f3f3f7f6fbf701f706f50af30eef10ec11ea11e80fe70de609e707f90100000000000000000000000000000000000003000f0110011001100110011100110010ff0ffe0efd0dfc0cf90af709f408f208ef08ed08eb08ea09e909e809e908eb07ed06ef04f1
638,79435390,-44,11,128,1,0,0,1ee001000bff0efb11f814f618f51af61bf61cf71cf91afa16fc12fd0efc09fb04f801f5fef1fdedfde8fee600e403e305e407e609e802fa000000000000000000000000000000000000fc02f309f309f209f20af20af20af20bf30bf50bf60bf90bfb0cfe0d000d030f051107120814091509160917081607140711070e060c
639,79435831,-44,11,128,1,0,0,1ee0010009050e041203160319051b061c081c091a0a180a150911080d050a0107fc06f707f308ee0aeb0de910e913ea14ec15ef15f205fc000000000000000000000000000000000000fc00f001ef01ef01ee01ee01ee02ee02ef03f003f204f406f508f70af90cfa0efb11fc14fc15fc17fb18fb18fb17fb15fc13fd10ff0e
640,79436398,-44,11,128,1,0,0,1ee001000bff0efc12f915f718f71bf71cf81df91cfa1afc17fd13fe0efd09fb04f801f5fef1fdecfde8fee500e303e305e407e609e702fa000000000000000000000000000000000000fc01f106f107f007f007f008f008f008f109f309f509f70af90bfc0cff0d010f031205140615061606170618061705150512050f050c
641,79458951,-43,11,128,1,0,0,5220050007070d07120717081b0a1d0c1e0e1e0f1d101a10170f130c0e080a0408fe06f806f208ed0ae80de610e413e515e716ea17ed05fb000000000000000000000000000000000000fefdf8f6f7f7f5f7f4f7f2f6f1f6f0f6f0f7f1f7f2f8f2faf3fdf400f504f508f40bf40ff312f214f116f016f015f114f312f50ff70d
642,79465892,-43,11,128,1,0,0,52200500f307f20cef10ed12ea14e814e613e512e611e80feb0cef0af408f908ff09040b080e0a120b160b19091b071d051c021b001aff0600000000000000000000000000000000000001fc08f108f008ef09ef09ef09ef08ef07f006f004f101f2fef2faf2f7f2f4f2f1f0efefedeeededecebedebeeecf0eef1f1f3f5f4f7
643,79474919,-93,11,128,1,0,0,b2222b41fd02f804fa04fb01fa00fa01fb01fd010000fd06fb0a010203fa05f609f308f903fe0000fd01fd01fefffe00ff01000102020000000000000000000000000000000000000000fffffdfffe01fe01fe00fefffffefffffe00000001fe00fe00ff000000020003ff04fa05f703f800fafffcfefcfefd03ff07020505ff
644,79477408,-92,11,128,1,0,0,466cc4410200ff01fd01fdfefefcfefb00fb00fffe02f506ed0af606ff01fafaf6f1fbf8000001ff02ff0101ff03ff030001010101030001000000000000000000000000000000000000ff0000000100fffffefeffff0000010001ff01000000fe00fe010001ff01fd00fdfefffe03ff05ff030003010201fe04fe06ff05fe02
645,79671776,-43,11,128,1,0,0,1ee001000bff0ffa13f617f31af21df11ff221f321f41ff61cf817fa11fb0bfa05f800f4fcf0f9eaf9e5f9e2fbdffedd01dd05df07e102f8000000000000000000000000000000000000fc01f106f106f007f008f009f00af00bf00bf20bf30bf50cf80dfb0dff0e01100412071409160a170a190b1a0a19091809150812090f
646,79672463,-43,11,128,1,0,0,1ee00100f90afc0ffd14fd19fc1dfb1ff921f722f621f61ef61af716fa11fe0c030909070e06140718091b0c1c0f1c121a1516171418040600000000000000000000000000000000000000fc01f000ef00efffeeffedfeedfeecfdedfdeefceffaf1f8f2f6f5f3f7f1f9edfaeafbe8fbe6fbe4fbe3fbe4fbe6fbe9fcebfdeefe
647,80032539,-91,11,128,1,0,0,4ff114410708070809090909070606030401030004ff0400040202ff02fd04fd06fd05fe05fd05fc05ff060006ff0400030003ff02fe00ff000000000000000000000000000000000000ff010006ff07fd05fd02fe01fe01fd02fe02ff040005010401040107020a0509060805080408050a02090006020203ff03fd04fd08fd
648,80134936,-93,11,128,1,0,0,4ff11400020d030c030b000b000b010a0009ff080006020403040303040205fe06fe07000702060204040304040203020102010202010000000000000000000000000000000000000000ff00fc02fa03fc03fe01fffffe01fd02fd02ff0301040004ff07fe08fd09fe0afd09fc07fa06f804f702f702fa05fc04000104030403
649,81072779,-92,11,128,1,0,0,022770410201030006ff040002ff0000fe03ff040001fff5fcebfff504fffd03f307fa040001f903f802fefe00fa00fafffe00ff03fd01fe00000000000000000000000000000000000000ff0000fe00fdfffdff00010201ff02fc01ffff0101000100fe0200030004000200fffe00fe01000102fc04fa02fdfefbfdf8fffbff
650,81466165,-91,11,128,1,0,0,4ff11441f1faf1f6f5f6f7f8f5f9f5faf7fbf8fcf7fdf9fdfafcfa01fb05fe06fe05fd06fe09fe09fd08fd08fb09fa08fc05ff0401030000000000000000000000000000000000000000ff0100040303040403050205020401030102020004fc07fb08fb09fa08f805f904fa06f909fa0bfd06fe0200010000fffffdfefdfcff
651,83207021,-92,11,128,1,0,0,4ff11400070b080d070c060b060d050b030800070205030103ff0401030003fe04fc04fb03fc04ff05ff05fe05fd06fc05fc04fe04ff01ff000000000000000000000000000000000000fefffafbfcfbfdfbfdfafffa00fdfffefdfefb00fa00f903fa07f908f805f804f806f606f604f803fa01fbfffc01ff03040407070809
652,83514221,-93,11,128,1,0,0,4ff114000d000c010c010cfe0bfe0d020c040802060005fd02fd01fcfffafefafefafef7fff6fff8fff900f801f801f800f9fffbfffdffff000000000000000000000000000000000000fefef8fcf8fff901fb01fbfffcfefefefe00fe02ff05ff0a010b03080009fd0bfd09fe0afe0bfc09fa08fb08fe0601040102010103fe
653,83523098,-52,11,128,1,0,0,1ee00100e8f7e8f7e8f7e7f7e6f8e6f8e6f8e5f8e4f8e4f8e4f8e3f8e3f8e3f7e3f7e3f6e3f5e4f5e4f4e5f4e6f3e7f3e8f2e9f1e9f0fafc000000000000000000000000000000000000fffdfcf7fcf7fcf7fbf7fbf7faf6f9f6f9f6f8f6f8f6f7f6f7f6f6f5f5f6f5f6f4f6f3f6f2f6f1f7f0f7eff7eef7eef7edf7ecf7eaf7
654,83523588,-52,11,128,1,0,0,1ee001000ae60be50be50be40ae40ae40ae30ae20ae10ae00ae00ae00ae00be00be00ce00de00ee00fe10fe20fe310e410e611e712e704f900000000000000000000000000000000000002ff0afd0afd0afc0afc0afb0afa0afa0bf90bf90bf80bf80cf70cf60cf50bf40bf30bf20bf10bf00bef0bed0bec0bec0beb0bea0be9
655,83550426,-44,11,128,1,0,0,1ee00100faf7f5f6f1f5edf3ebf1eaefe9eeeaecebeceeecf1eef3f1f6f5f7faf8fff704f509f20cef0eec0fe90fe70de70ae707e705fa0100000000000000000000000000000000000003010f061006110611061206120613061205110410030f010efe0dfc0cf80cf50cf20cef0ded0eec0feb0fea0fec0eee0cf00af108f3
656,83574853,-92,11,128,1,0,0,c5500c4100ff0000ff01ff01fe03fc05fb03ffff03ff0101ff02000102ff02ff0001fefffdfffd00fefffffe00000001000000ff01fe00ff0000000000000000000000000000000000000000010101fe01fe02ff02010204020402020101ff05fe05fd02fc01fc0100010404040201fd00fc02fc00fcf7fcf2fcfa0001040002
657,83865097,-92,11,128,1,0,0,8bb1184105fd04ff07fc0c00090103f8fef8fa00fa02ff02010203ff05fa01f7fcfaf703f405f603fb07fd080304060002000003010100ff00000000000000000000000000000000000000010203ff00fffefffd01ff0200fffefefefe02000102fe02fcfffffefefdfef801fc0005fc06fc02020005fe01fdfd00fc03fc03fb
658,84035383,-43,11,128,1,0,0,1ee0010001f6fff1feedfde9fde5fee3ffe200e201e302e502e901eefff3fdf8fafcf500f102ed03e903e603e401e4ffe4fde6fbe8fafafe000000000000000000000000000000000000fe03fa0ef90ff910f911f912f812f812f911fa10fc0eff0c020a050909070c061006130616061806190719071807150712050f040d02
659,84084109,-42,11,128,1,0,0,1ee001000209060d0a110c140d180d1a0d1b0c1c0b1b091807150610050b050506ff08fa0bf60ef312f115f017f118f218f518f717f905fe00000000000000000000000000000000000000fc00f0ffefffedffecffeb00eb00eb00ecffeefef1fcf4faf7f7faf4fdf0ffed01e902e703e503e403e302e501e801eb01ef02f202
660,84084775,-42,11,128,1,0,0,1ee00100f704f409f10dee10eb13e913e813e712e811e90eec0cf009f507fb06010507060c071109140c150e1511141312140f140d13030400000000000000000000000000000000000003000e00100011ff13ff14ff14ff14ff13ff11ff0efe0bfc08fa05f701f4fef1fcedfaeaf9e8f9e6f9e5f9e4fae6fbe8fbecfbeffbf2
661,84435841,-92,11,128,1,0,0,4ff114000e030e040e070a0708050a040a03080406060404030103ff02fd00fd01fd02fb04fa04f903f803f804f904fa03fb01fc02fe00ff000000000000000000000000000000000000fe00fa02f902fa01fafffb00fd03ff03ff01fe03fd05fe06ff080009ff09fe08fc09fd08ff06fd06fc07fd06fe060008020805050702
662,85050258,-93,11,128,1,0,0,4ff11441fdf4fdf4fef500f301f000f4fffbfcfdfcfcfdfafcfcfdfefcfffa01f902f901f800f601f501f801fbfffcfffb01fa01fa00fe0000000000000000000000000000000000000000000204020603070204ff0100ff01ff0302040203fd04fa06fc05fe05ff09ff09fd07fd06ff06010502040204ff03fb02f901fafefc
663,85063129,-92,11,128,1,0,0,b6655b41fd02fc04fd04fd01fdfdfffd01ff00ff00fe00fefffffdfffeffffff00ff00ffff01ff02000100000001fe02fe01ff00fefeffff000000000000000000000000000000000000fe00fc00fe00fe01fe00fffd02fb0bfc0cfd03fbf8f8f8fa03000202fc01fe01ff0001fe0301020400020000fffdfdfdfcfefe000205
664,85255070,-92,11,128,1,0,0,4ff114410b000c020d000d000a000800050003ff03ff04ff04ff04fd02fc01fb00fa00f8fff8fff9fff8fef7fef8fffa00fdfffdfdfcffff000000000000000000000000000000000000fefffbfefbfefbfdfbfdfcfffd00fe01fe01ffff00010106010700060007ff0afc0cfa0bf809f807fb05000202000303040707070802
665,85275602,-92,11,128,1,0,0,eeeffe41fe03ff0101ff00fffd01fd01010104010200f809f113f80901fefc09f513f909fe00fe01fd03ff01fffffdfffdfe01fe02fe00ff00000000000000000000000000000000000000fe02fc00ffff01ff00ff00fe01ff010000fe00fe01010302030202fd02fa01fd00fffffeff01ff04fd05fc04fe0101050007fcfffe
666,85569354,-42,11,128,1,0,0,1ee00100fc09fd0efe12fe16fe1afc1bfb1cfa1cf91bf919fa15fb11fd0d0008050409020e01130116021803190519071809160a140b040200000000000000000000000000000000000001fd06f506f406f206f106f106f006f005f105f203f301f4fef6fbf7f8f8f4f9f1f9eef9ebf9eaf8e9f7e8f7eaf7ecf8eef9f1fbf3fc
667,85585295,-43,11,128,1,0,0,52200500f706f60bf510f313f016ee17ec17eb16eb15ec13ee10f10df60afb08010806090a0b0e0e1011111410160e180c1909180718010600000000000000000000000000000000000002fd08f508f508f408f308f208f208f108f107f205f303f300f4fdf4faf4f7f4f4f4f1f3eff2eef1edf0ecefedefeff1f1f3f3f5f4f7
668,85588025,-43,11,128,1,0,0,5220050003f401ef00eb00e701e402e204e105e106e206e505e904ed02f2fef6faf9f5fcf0fcebfce7fae5f8e4f6e5f4e6f2e9f1ebf0fbfc000000000000000000000000000000000000ff03fc0dfc0dfc0efc0ffd0ffd10fd10fe10fe0e000d020b040a07080a060d0510041204150416041805180517051505120410020e01
669,85589847,-43,11,128,1,0,0,5220050007080c09100a140c160f17111713161315131212100f0c0c0a08080307fd08f809f30cef0fed12ec14ec16ed16f016f216f505fd000000000000000000000000000000000000fefdf8f4f7f4f6f4f6f3f5f3f5f3f5f3f5f4f5f6f5f8f6faf5fdf500f504f407f20af10cf00eef0fed10ed10ee0ff00df20cf50bf709
670,85591679,-43,11,128,1,0,0,522005000a041003150219021d031f04200620071e071b08170713050e0209fe06f903f403ef03ea04e606e309e20be20de40fe70fe904fa000000000000000000000000000000000000fcfef3f8f2f8f1f8f0f8f0f8f0f8eff9f0f9f0fbf2fcf3fff402f505f708f70cf80ff812f715f716f618f618f617f715f812fa0ffc0d
671,85593826,-43,11,128,1,0,0,52200500f707f70cf611f415f218f019ee19ec19ec18ed15ef12f20ff60cfb09010807090c0a100d13101413131611180f190c190a19020600000000000000000000000000000000000002fd09f409f409f309f209f209f209f108f107f205f202f300f3fdf4faf4f7f4f3f4f1f3eef2edf2ecf1ebf0ecf0eef2f0f4f2f6f4f8
672,85600152,-43,11,128,1,0,0,5220050009060e04130317031b041d061e081e091d0a1b0a170a13090f060b0209fd08f708f20aee0cea0fe812e814e916eb17ef17f106fc000000000000000000000000000000000000fcfff0fef0feefffefffef00ef01ee01ee02ef03f103f205f406f508f70bf90dfa10fb13fb15fc16fc18fb19fb18fb16fc14fd11fe0f
673,85803957,-43,11,128,1,0,0,1ee00100f204ee08ea0be60de30ee10de00ce10be20ae508ea06ef05f505fc05020608090d0c10101113121611180f190d180a17081601050000000000000000000000000000000000000301100611061207130713071307120711060f040c010afe08fa06f604f202ed01e901e601e401e202e102e202e402e801ecfff1fef4
674,85971877,-92,11,128,1,0,0,4ff11400fef2fff2fff1fef3fff601f602f603f802fa01fafff9fefcfcfefbfdf8fef8fff8fdf9fbfbfcfcfcfcfcfbfcfbfbfdfcfefeffff00000000000000000000000000000000000001000401040204030403040002ff0000020003ff02fd02fb05f906f704f705f80afa0afc09fc0afc09fc06fc03fc03fc01fbfef9fcf9
675,86178014,-92,11,128,1,0,0,4ff11400fceffcedfbebfceefef200f402f503f703f900fafcfcfafff900fa00f8fff5fef4fcf3fbf4fbf8f9fbf9fcfafcfbfafbf9fbfefe000000000000000000000000000000000000010007010600050004020303020102fd03fb04fb04fb03f904f505f306f309f609f809fc0bfd0af90bf60cf50af606f905fa03f701f5
676,86483918,-91,11,128,1,0,0,4ff11400f305f005ee06f106f504f501f401f401f602fa03fd02fe01fe0100040105010602070207030803090107000600040002ff01ff0000000000000000000000000000000000000002fd08f905fa03fa03fb02fd00fdfffefefefefcfff8fef7fdf5fbf5fcf6fef5fff5fef7fbf6f9f5fbf7fcf7fef8fffbfefefb00fafd
677,86599335,-43,11,128,1,0,0,1ee0010006000cfe13fd18fc1dfc1ffc21fc22fc21fc1efd1afe15fe0efe07fe00fcf9fbf3f8eef5eaf1e8efe7ede7ebe8eaeaeaecebfbfa00000000000000000000000000000000000001fe06f906f606f406f107ef07ee07ed07ed07ee05f004f301f6fefafbfef702f305f008ed0bea0ce80ee70fe80eea0ded0bf009f307
678,86599827,-43,11,128,1,0,0,1ee0010005030c05110716091a0c1c0d1e0f1e0f1d0f1b0e170c12090d06070202fdfdf8faf2f7edf6e8f6e4f6e2f7e0f8e1fae2fbe3fff800000000000000000000000000000000000002ff08fc09fa0bf80cf60df40ef30ff20ff20ef30cf509f605f801fafcfcf7fdf2ffed00ea00e700e400e300e300e600e900ec01f001
679,86600265,-43,11,128,1,0,0,1ee0010002fa02f303ed04e706e307e008df08de08df07e207e605eb03f100f7fdfef904f509f00deb0fe811e611e410e40fe50de60bf902000000000000000000000000000000000000fffdfcf7faf6f7f5f5f3f3f2f2f1f1f1f1f1f2f2f4f4f6f7f8fafafffc03fe08000d021103150418051b051c041b041904160312020e
680,86600817,-43,11,128,1,0,0,1ee0010005fd0af80ef413f117ee19ed1bed1ced1bed19ef16f111f40cf706fafffdf8fef1ffecfee7fde3fce1fbe0f9e1f8e3f7e5f6f9fd00000000000000000000000000000000000000fd02f601f5fff2fef0fdeefdecfdebfdebfdedfdeffdf3fcf6fcfbfb00f905f80af60ff512f415f217f218f218f316f513f610f80d
681,86643276,-43,11,128,1,0,0,1ee0010010041403160318031a041b051a071a0718081607140611050f020dff0cfc0df80ef610f413f315f316f417f617f917fb16fd05ff000000000000000000000000000000000000ff04fc11fb11fa11fa10fa10fa0ffb0ffc0efe0e000e020e040f06100811091209140a150a1609160917081608140712070f080d090c
682,86644499,-44,11,128,1,0,0,1ee00100ff1300160019001cff1dfe1efd1efb1dfb1cfb19fb16fd130010030d070c0a0c0d0d100f1112111410160e180c18091806170105000000000000000000000000000000000000faffebfeebfdebfcecfbedfbeefbeffceffef000f102f004f007ee09ee0bec0deb0ee90ee90ee80ee80de80cea0bed0bef0af20bf40c
683,86646480,-44,11,128,1,0,0,1ee001001303160219011c021e041e051e061d071b071806150512030f000dfc0cf80cf40df110ee12ed14ed16ee18f018f217f517f705fe000000000000000000000000000000000000fd04f712f512f411f410f40ff50ff60ef80dfa0dfd0d000e021005120713081509180919081a071a071a061a051706140610080d090b
684,86646931,-44,11,128,1,0,0,1ee00100eefeeaffe8fee6fee4fde4fce4fbe5fae7fae9faecfbeffdf200f403f507f50bf40ef210f011ee11ec10eb0eea0ceb0aeb08fa0100000000000000000000000000000000000001fb08ef08ef09ef0af00af109f208f307f304f402f4fff3fdf1faeff9edf8ecf7eaf7e8f7e8f8e7f9e8f9e8faebfaeefaf0f8f3f7f5
685,86648284,-43,11,128,1,0,0,1ee00100ec04e907e608e308e107e006e005e104e303e602ea03ee03f205f608f90cfb10fb14fa17f81af61bf41bf219f017f014f012fc0400000000000000000000000000000000000001fb06ec07ec08ec09ed09ee09ef08f006f103f200f3fcf2f9f1f6f0f3eef1ecf0eaefe8f0e7f1e7f1e7f3e7f4eaf5edf5f1f4f5f4f9
686,86688988,-92,11,128,1,0,0,4ff11400f1fef2fdf2fef2fcf0fbf0fef400f701f900fa00fb02fc03fc03ff04020505070508020aff09000601070007000401030102000000000000000000000000000000000000000002ff09ff07000602060203020101fffffffe01fd03fb04f905f806f607f306f404f704f905fa03fa01fb01f9fffafefbfdfcfcfefbfb
687,87098342,-92,11,128,1,0,0,4ff114000209020c040f040f030e010d000b0008000502040302030104ff06fd05fc04fc06fd07fb06fa05f907f808fa06fc04fd03fc00fe00000000000000000000000000000000000000fc01f502f902fe01ff01fd00fafffafdfcfcfefbfff9fef4fff2fff2fff3fef1fff3fff7fef8fdf8fdfbffff010202020204040506
688,87712730,-92,11,128,1,0,0,4ff11400f304f203f301f302f402f602fa03fa03f903fa03fe030104040504050505070607050804070506040403020303030505060601010000000000000000000000000000000000000100040204020503050303030202020001fe00fc01fb04fb06f904f802f804f704f604f804f902f704f606f802fbfdfefbfff9fef6fd
689,88480793,-95,11,128,1,0,0,7ee4474100fefefffd00fb00fefcfdf9f8f9fafcfdfffcfefdfd00fd00feff0002ff02fb03f906ff070809070a0204fffefdfffe0001ff00000000000000000000000000000000000000ffffffffffff02ff03fefffffe01000000fe01fe0001000102000200fffffefc00fd0000fe02ff0201ff03ff03000001fe04fe03fe02
690,88612139,-94,11,128,1,0,0,9aabb941feff01fe02fefffffdfefeff010206040501fdfcf9f7fef200f400fb0501050004fb03fb01fdfefdfffefffdfcfcfbfbfcf7fffd00000000000000000000000000000000000001ff03ff02ff010000020003ff01ff00fe01fe02ff02fefffffd01fd01ff0001010000fdfefafefc000102020302030102ff00fdfffe
691,88634370,-93,11,128,1,0,0,4ff114410c020c000e000d020a0207020403020102ff01ff01ff02fe03fc02fb02fa04f805f703f701f703f905fc05fe04fc03fb02fc00ff000000000000000000000000000000000000fe00f900fbfffbfdfafefb00fd01fe00ff02fe03fe02ff0202050209000a00090108fd09fc0aff090007010601050003020006ff0bfc
692,89373595,-91,11,128,1,0,0,1dd5514104060003fb01fdff0100ff02ff01fe01ff030002fefefefe0100020002fd01feffffffff0000fe00fdfdfefdfdfdfdfdfd00ff00000000000000000000000000000000000000fffefefdfcfffa01fc0101010201010000fefefcfcfafffc0101000400ff02fcff00fc0100ff02fe0001ff00f7fcf2fafcf901f6fdf7
693,89476847,-94,11,128,1,0,0,011110410401030002ff04010303ff03fd01ffff02ff0108ff12fd0afe01fcf8f9eefaf5fdfd00fe02ff01ff01fffffefdfffefffe00ff00000000000000000000000000000000000000ff00fd01fe01fdfefffd02fe03ff0001fe01fbfffcffff01ff00fdffffff03ff03fdfefcfdfafffa00ff0203040104ff020000fefdfa
694,89479003,-91,11,128,1,0,0,1ffbb14100fffc00fdffff01ff030001020002ff00fef9f7f2f1f9f8ffff05f60df008f702ff0100ff00fe00fd00fe000000fffffdffffff000000000000000000000000000000000000fffffdff0002020201fe02fc02fd00fdfffcff00020203fe02f9fff9fdfffe02000001ff00ff00000400060003010103070608070303
695,89863194,-92,11,128,1,0,0,4ff114000bfb0dfb0efb0cfa0afa09fc08fd06fe05ff04fc04fb01fcfcfcfbfbfafbf9f9f9f7f9f7f9f8faf7fcf9fefcfffcfefcfdfdffff000000000000000000000000000000000000fefffa00f900fafefdfdfcfdfafefdffff01ff02ff0400060008ff09fd0afe0bfd0afb0afb0bfc0cfe0a000402ff02000202040007fe
696,90479088,-95,11,128,1,0,0,4ff11441000c030c030bfe0afb09fd0bff0b00080403040102020402050105fe06fc07fc06fc09fe0bff08fd06fd05fe03ff020002ff00ff000000000000000000000000000000000000fffffffc00fb01fb02fa02fb01fe00fffefffcfffafff800f701f700f6fff8fefafef5fcf4f9f9fbf9fdf9fdfbfcfefcfd00fb03fc04
697,90682405,-92,11,128,1,0,0,4ff114410cff0cfe0bfd0b000a0008fd07fd06ff04000201020002ff02fc03f903f902fa01f702f603f603f703f801fafffbfffc02fd00ff000000000000000000000000000000000000fe00fa01fb02fc00fdfefe00fd00fcfefd000102020401080109000600060208020afd0afa0afe090308030602050204030304020304
698,90784828,-94,11,128,1,0,0,4ff11400fb09f907f506f409f70afa08fa07f904fc030004ff02ff01020003ff030006010801080107010603050406040603030102030001000000000000000000000000000000000000010006ff05fe0300010100ffffffff00fefffbfdfaf9fbf6fcf6fef8fff9fef8fef7fdf7fdf6fef5fef7fdfbfafdfb01fe04fe03fa04
699,91092091,-92,11,128,1,0,0,4ff11441f9f3f9f4fcf5fef5fcf4faf5fcf701f702f901fd00fffffffefffd01fa02f902f903f802f8fff900f902fa03fa02fb01ff0100000000000000000000000000000000000000000100040106010600030003fe03fe04ff040003ff02fe04fb04fa03f703f604f704f705f706fb06fd07fd07fd05fb02fb03ff020000fd
700,91202546,-44,11,128,1,0,0,1ee00100ec0ae80de50ee20fe00ee00de10ce20be50ae909ee08f308f908ff09050c0a0f0d130f170f1a0f1c0d1e0b1e091d061b0419000600000000000000000000000000000000000005ff14fe14ff1401120111020e010c0009ff06fc03f900f5fef1fcedfbeafbe7fbe4fce3fce3fde3fee5fee7feeafdeffbf4f8f9f7fd
701,91203800,-43,11,128,1,0,0,1ee00100edf9e9f8e6f8e3f7e2f5e2f4e3f4e5f4e7f6ebf7eefaf2fdf601f906fb0bfc10fc14fb18f91af71bf51bf31af218f215f213fc0400000000000000000000000000000000000003030d0c0d0d0c0d0a0d090c080a07080605060106fd07f909f50af20bef0ded0eec10eb10eb10ec10ed0eee0cf108f304f500f7fcf8
702,91205098,-44,11,128,1,0,0,1ee00100ff130017001a001cff1eff1efe1dfd1cfd19fe16ff12010d040907050b0210ff14fe18fe1bff1c011d031c051a0717081509050200000000000000000000000000000000000001fb04ee05ee06ee06ef06f105f303f501f7fef9fafaf6fbf2fbeffbecfbeafae8fae7f9e7f8e7f8e8f8eaf9edfaf1fdf400f703f906
703,91206391,-44,11,128,1,0,0,1ee001000cee0eea10e812e614e515e615e714e812ea10ed0cf007f202f4fdf5f7f5f2f4eef2ebefe9ece9e9eae8ece6efe6f2e7f4e8fdfa000000000000000000000000000000000000fc03f20ff10ef00df10cf20af409f608fa08fe080208060a0a0c0d0e100f1111121313151215111510140f120d0f0b0b0a060a020afe
704,91207526,-44,11,128,1,0,0,1ee0010005eb06e707e408e109e00ae00be10be30ae508e806ec02f0fef4f9f7f4f8eff9ebf8e7f6e5f4e4f2e4f0e6eee8edebedeeedfbfb000000000000000000000000000000000000fe04f913f813f712f710f70ef90cfb0bfe09010705070a060e07120814081609180b190c180c170c160c150b12090f060c020afe09fa
705,91207973,-44,11,128,1,0,0,1ee00100f3eef0ebefe8eee6ede4eee3efe4f1e5f2e7f3eaf4eff5f4f5f9f5fff304f008ed0be90de60ee40de20ce209e307e404e602f90000000000000000000000000000000000000002040a12091207120611050f050d050b0507070309000bfc0ff912f714f616f518f419f419f519f618f616f712f70ef80af705f602f4
706,91208519,-44,11,128,1,0,0,1ee0010009ec0ae80be50de30ee20fe310e40fe50ee80cea09ee05f100f4fbf6f6f6f1f6ecf5e9f2e7f0e6ede7ebe9eaece9efe9f1eafcfa000000000000000000000000000000000000fd04f612f512f510f50ff50df70bf90afc090008040709080d09100a130b150d160e161016101510140f130e100b0e080c040bff0afb
707,91228661,-43,11,128,1,0,0,52200500f2f0efecede9ece7ebe5ece5eee5efe7f1e9f3edf5f1f6f7f8fdf803f808f60ef412f115ef17ed17eb16eb15eb12ec0fed0dfb03000000000000000000000000000000000000ff04fd12fc12fb12fb12fb10fb0efc0cfe0a0107040408010cff10fe13fc16fc19fc1bfc1cfc1bfd1afd18fe15fe10fd0bfc06fa02f8
708,91434600,-44,11,128,1,0,0,1ee0010013101612181419161917181616151413120f0f0b0d070b0108fc07f606f107ec07e809e50ae30be30ce30de50de70cea0bec02fb00000000000000000000000000000000000000fa01e803e804e905eb06ed05f104f501f9fefdf900f403ef06ea07e708e408e107e106e105e304e503e803ee03f303f905ff070408
709,91435938,-43,11,128,1,0,0,1ee00100e9fae5f9e3f8e2f7e1f6e2f6e4f6e7f7eaf9edfbf1fef501f905fd0a000e011202160219011b001cff1cfe1bfd19fd16fc14ff04000000000000000000000000000000000000020408130713061304120311020e010b0107020204fd07f80af40df110ef12ee14ed15ed16ee15f014f111f30df509f703f8fef9f9fa
710,92218470,-93,11,128,1,0,0,4ff11441f703f406f406f605f705fa04fe03ff04fe06fd05fe0100000403070207ff06fe07ff0701060007fe06ff05fe05fb03fb00fd00ff000000000000000000000000000000000000ff01fc05fc06fb05fb05fd03ff0102fe03fd05fe0502020201fd05fc07fd07fc07fb08fb08fa05f905fa06fd03fefffcfafbf8fcfcfe
711,92452167,-92,11,128,1,0,0,9cc5594101fffe03fb01fc00fcffffff02fe00fefdfffd00fffe00fdfffeff00fffffffdfffefffffffe01ff0000ff01ff00fefffefdffff000000000000000000000000000000000000ff00ff020000fe00fd01000203f906ef05f80501fd00f1fcf7fc01ff03fe02fb00fdfefffefe01ff0100000000ff00fefffbfdf7fcfa
712,92664118,-89,11,128,1,0,0,3eedd341030105ff03ff02ff0200ff00fcfefffe02fc00f2fcecfcf200fcfd05f808fc02fd00fe0101010001ff00ffffff00010005ff01ff00000000000000000000000000000000000000000004fa08f505f900fdfdfbfefb01fcfefefe0002fc02fb01fd03fdfffdf7fef500fcff01fdfefcfdfcfbfffb01fdfffefeffff00
713,93549683,-92,11,128,1,0,0,4ff11441f9f3f9f3fbf5fcf5fcf5fef6fff7fff800fb00fbfffbfcfdfafef8fef7fdf6fcf6fcf8fbf9f9faf9fcfafdf9fef9fefafbfbfefe00000000000000000000000000000000000002ff07fd05fe030004fe03ff03000201030002fd00fbfdf9fbf7fdf500f603f506f505f503f604f805fa05fd05fd03fc00fafdf9fafb
714,94266499,-93,11,128,1,0,0,4ff114410bf60df60df50af707f707f807fb07fd05fd01fd00fefffffefefdfefcfdfcfbfaf9f9f9fbfafbfbfafbf9fcf9fefbfffdffffff000000000000000000000000000000000000fd00f600f901f900f9fefcfefe02fe04ff030103010402040305030702090009020805070509040b030a0008ff050103060104fefefd
715,94274980,-50,11,128,1,0,0,1ee00100e9f7e8f7e8f7e8f7e8f7e8f7e7f8e6f8e6f8e5f8e5f8e5f9e5f9e5f9e5f8e4f8e5f7e5f7e6f6e6f6e7f6e8f5e9f5e9f5eaf4fafd000000000000000000000000000000000000fefefafbfafbf9faf9faf8faf8f9f7f9f6f8f6f8f6f7f5f7f4f7f4f6f3f6f3f6f2f6f1f6f1f6f0f6eff6eef6eef6edf6edf6ecf6ebf6
716,94277301,-42,11,128,1,0,0,1ee0010005070b061006150719081b0a1c0b1d0d1c0e1a0e170d130c0f090b05080006fa05f506f007ec09e90ce70ee710e912eb13ed04fb000000000000000000000000000000000000fdfef3f7f2f7f0f6eef6edf5edf4edf4edf4eff5f0f6f2f9f3fcf400f504f609f50df411f314f216f017ef18ef17f015f213f410f60e
717,94278443,-42,11,128,1,0,0,1ee00100fff7faf4f5f1f2eef0eaefe8eee6efe5f0e4f2e5f4e7f6ebf8f0f9f5f9fbf800f505f209ee0ceb0de80de60ce50ae507e605f9010000000000000000000000000000000000000103040d050e0610071108120813081407130712060f060c070909050b010dfe0ffb12f815f617f519f51af51af618f715f812f810f9
718,94278975,-42,11,128,1,0,0,1ee0010007060d04130218021c031f042106220721081f081c08170712050d0208fe05f903f303ed04e905e507e30ae20ce30ee50fe704fa000000000000000000000000000000000000fcfef0fbeffaedfaebfaeafae9f9e8f8e9f8ebf9edfaeffcf200f403f608f70cf810f815f818f71af61cf51df41cf51af617f814fa12
719,94280281,-42,11,128,1,0,0,1ee0010006f904f404ef04ea05e606e408e309e20ae30be50ae809ec07f003f4fff7fafaf5fbf0faecf9e9f7e8f4e8f2e9f0eaefecedfbfb000000000000000000000000000000000000fe03fb0dfa0efa10fa11f913f913f814f813f912fa0ffc0dff0c020a06080a070e07120815081709190a190b180b160b140a11080f06
720,94282197,-43,11,128,1,0,0,1ee0010005080b081108150a190c1b0e1c101c111b1219121611120e0e0b0b06080108fb08f50af00cec0fea12e914ea16eb17ee18f006fc000000000000000000000000000000000000fcfef2f8f0f7eff7edf6ecf5ebf5ebf4ecf4edf5eff7f1faf2fdf301f405f409f40ef311f214f016ef18ee18ee17ef15f113f311f50f
721,94309034,-42,11,128,1,0,0,1ee00100f501f205ef08eb0ae80be60ce40be30be409e608e906ed05f105f705fc070009040c070f0813091608180619041902180118000500000000000000000000000000000000000003fe0dfa0ffa10f912f813f914f914fa14fa12fb0ffb0bfa08f904f701f4fdf1fbeef9ebf8e8f8e6f8e4f9e4fae5fbe7fbeafbeefbf1
722,94312615,-42,11,128,1,0,0,1ee00100fc0aff100015011a011e0020ff21fe22fd21fc1efc1afd16fe11010b05070a030f0013ff18ff1b001d021d041d061b081909060200000000000000000000000000000000000000fc02f002ee02ec03ea04e904e805e805e905eb03ee01f1fef4faf6f5f9f1faecfbe8fbe5fbe3fae1f9e0f8e2f8e5f8e8f9ebfbeefc
723,94313773,-42,11,128,1,0,0,1ee00100fb0afd0ffe15fe1afd1efc20fa21f921f820f81df91afa15fc10000b040709040e03130318031a041c061c081b0a190c180d050300000000000000000000000000000000000000fc03f003ee04ec04ea05e906e907e907ea06ec05ef02f1fff4faf6f6f8f1f9edf9e9f9e6f8e3f7e2f6e1f5e3f5e6f6e9f7ecf9effb
724,94315901,-42,11,128,1,0,0,1ee0010008030d02130117011a011c021e031e041d051b06170613040e020aff06fb04f702f202ee02ea03e705e607e509e60be80cea03fa000000000000000000000000000000000000fcfff1fcf0fceefcecfcebfbebfaebfaecfaedfaf0fbf2fdf500f704f908fa0cfa10fa14fa17f919f81af71bf719f717f814fa11fc0e
725,94317012,-43,11,128,1,0,0,1ee00100fbf6f6f3f1f0eeedebeaeae8eae6ebe5ece5eee6f0e9f3edf5f2f7f8f7fef603f409f10dee10eb11e911e710e60ee60be609f9020000000000000000000000000000000000000103070d080e0a100b120b130b140b140a140912080f080c09080a030cff0efa10f713f416f218f11af01bf11af218f415f512f60ff6
726,94318299,-43,11,128,1,0,0,1ee00100f604f40af20ff013ed16eb17e917e817e816e914eb11ee0ef30bf809fe080408090a0e0c110f13121314121610180e180c18020600000000000000000000000000000000000002fd0bf50cf40ef20ff110f111f112f112f210f30df40af506f501f4fdf4f8f2f4f0f1edefebeee9ede7ede6efe7f0e9f2ecf4eff5f2
727,94319672,-43,11,128,1,0,0,1ee001000a010efe13fb18f91bf91ef920fa20fb20fc1efd1afe16fe10fe0bfc06fa01f6fef2fcedfce9fce5fee300e202e304e405e501f9000000000000000000000000000000000000fc00f002ee02ec03ea03e903e802e802e901eb01ee02f103f405f808fb0bfe0fff1301160219011c011e001eff1dff1aff1700140111
728,94346554,-42,11,128,1,0,0,1ee0010008000dfc12f917f71bf61df61ff620f71ff81df919fb14fc0ffc09fb03f9fef7faf3f6f0f4ecf3e9f4e7f5e5f7e5f9e6fbe6fff9000000000000000000000000000000000000fcfff2fcf0fcedfbebfbe9fae8f9e8f8e9f8ebf8eef9f1fcf4fff703fa08fc0dfd11fe16fe19fd1cfd1efc1ffb1efb1bfc17fd13fe10
729,95085752,-93,11,128,1,0,0,4ff11400010d040f040e010bff09ff08fe07fc05fd01ff0103030603060006ff070108040705070506050503060104020103000102ff00ff000000000000000000000000000000000000fefffafefafcfcfafdf9fcfafafef900fa01fb03fc04fd05fc06fb07fb05fa04f705f605f702f500f502f804f903fa02fd03ff05fe07
730,95290529,-94,11,128,1,0,0,4ff1140007f70af709f808f80af909fa05f905fa07fd06fc04f902f902fa02fbfff9fff700f600f6fef6fdf600f803fa02fb01fc03fa01fe000000000000000000000000000000000000010104040205020602050105010302ff01fe0101050109ff0aff0a00080108030a030b020b030c0209000500030102ff02fe02fd00fa
731,96214391,-93,11,128,1,0,0,4ff11441fbf3fdf1fff1fff4fff6fdf7fdf7fff800f800f9fdfdfafffafdfbfdf9fff8fff9fdfbf9faf7faf9fdfafffcfefefffe00fd00ff0000000000000000000000000000000000000100030203010301030003ff03fd02fc00fd00fe01fd02fb03f902f801fa03fb05f806f607f606f706fa05fd03fd02fc02f9fffafbfb
732,96757934,-95,11,128,1,0,0,35522341fe02fd03000203010301fe01fbfffdfdfeff000102fe03fe01fffdfffd00fd02fb02fc0000ff0200ff01fc01feffff00ffffffff00000000000000000000000000000000000000ff03ff04ff01ff0000010000fe00fd02fe01ff0101ff04fe05ff03000100ff01fd01fdfe00fd00fefdfdfff507f00cfc08060202fd
733,96758487,-94,11,128,1,0,0,dcc55d41020202ff01fe01ffff00fdfffcfdfcfdfdfefefffffd00fd01fe0000fe03fe05ff040002010101000000ff01ff01ff02ff04ff01000000000000000000000000000000000000010104020000fdffff0000fe00feff01ff020102030001fdfffcff00ff0301020000fefffcfcfcfafdfbfffcf8feeffff7ff0000ff03
734,96840834,-44,11,128,1,0,0,1ee00100f204ee07ea09e70ae50be30be30ae309e508e806ec05f005f605fb050007050a090d0b100d130d150c170b1809180717051601050000000000000000000000000000000000000400140115011602160316041505130410030d020aff07fb04f702f300efffebffe8ffe500e300e301e301e401e601ea00effef3fdf6
735,96851011,-44,11,128,1,0,0,52200500f508f30cf10fef12ed13ec14eb13eb12eb11ed0eef0cf30af808fd07020607070b080e0a110c120e121010120e130c130a13020400000000000000000000000000000000000003fd10f511f512f513f613f712f711f80ff80cf908f904f700f5fdf3f9f1f7eff4ecf3eaf2e8f3e7f3e7f4e8f5eaf6edf8f1f8f5f8f8
736,96852807,-44,11,128,1,0,0,522005000d04120416041a051d061e071e081d091b091808140710050c0207fe04fa02f501f000ec01e802e604e406e408e609e80aea02fa000000000000000000000000000000000000fbfdeef5edf3edf2edf1edf1eff1f0f2f1f4f3f7f5fbf5fff604f509f50df411f214f117f018ef18ee18ee17f015f212f50ff90dfc0a
737,96854603,-44,11,128,1,0,0,522005000d04120416041a051d071d081d091c091b091808140710050c0208fe04fa02f501f001ec03e804e606e508e50ae60be90cea03fa000000000000000000000000000000000000fbfdedf6ecf5ecf3ecf2ecf2edf2eff3f1f5f3f8f4fcf500f605f609f60ef511f314f117f018ef19ef19ef17f015f312f60ffa0dfd0a
738,96856397,-44,11,128,1,0,0,522005000dff12fc16fa19f91cf91dfa1efb1efb1cfc19fd15fe11fe0cfd06fb01f8fdf5faf1f9edf8eaf8e7f9e5fbe4fee5ffe601e700fa000000000000000000000000000000000000fa00eaffe9fee8fde8fde8fce9fcebfcedfdf1fff401f605f909fb0dfc11fd14fd18fd1bfd1cfc1dfc1dfc1cfc1afd16fe12000e020b
739,96858355,-44,11,128,1,0,0,52200500f304f007ee0aeb0be80ce70ce70be70be80aea08ed06f105f505fa05ff060308070b090e0a110b130a150817061704160215000500000000000000000000000000000000000004fd11f712f714f814f914fa13fb11fb0ffb0cfb08fa05f802f5fff2fcf0faedf9eaf8e8f8e6f9e6f9e5fae6fbe8fbecfbeffbf3faf6
740,96874399,-44,11,128,1,0,0,52200500020c051007140817081a071b071c061c051a041803150310030c0407060209fe0dfc11fa15fa17fa19fb1afd19ff180217030501000000000000000000000000000000000000fdfbf8ecf8ebf9eafaeafbeafbebfcedfceffbf2f9f6f7f9f4fcf1feee01ec02e903e604e504e403e403e502e702ea02ee03f104f405
741,97080294,-43,11,128,1,0,0,1ee0010009f80cf30fef12ec14ea16ea17ea17eb16ec14ee11f10df409f703f9fdfbf8fbf2faeef8ebf6e9f4e8f2e9f0eaefedefefeefcfb000000000000000000000000000000000000fb00ec01eb01e900e800e8ffe9ffeaffecffef00f302f704fb07fe0b020e041206160719081b071c071e061d061b05170513050e050a
742,97543399,-91,11,128,1,0,0,4ff11441f5fdf1fbf1f8f4f6f6f9f7fbfafcfcfbfefafefcfefcfefffd02fb04fd04fc05fa05fa03fa03fb04fb04fb03fc03fc02fe01ff000000000000000000000000000000000000000200080105ff05ff060005ff02fffffffd01000103fd02fa02f703f605f505f307f206f305f704fa01fafff9fefafdfefe00fcfef8fd
743,97748191,-92,11,128,1,0,0,4ff11441fd0efc0dff0dfd0dfa0cfa09fc08ff0703050303030104000301010104ff08fd0afc09fc07fd07fd06fc04fc03fd04fe02fe00ff00000000000000000000000000000000000001fe04fa05fd07fd06fc01fe01ff03fd02fcfefefcfefcfcfcfafcfafdf9fdf8f9f9f7f8f8f6faf5fbf2fbf3fcf9fd01fd02fe00fe02
744,98248158,-92,11,128,1,0,0,4aa22441020600050004fd03fd02ff0000fefefefe0000ff00fffffe00fe0101ff01fe01ff030001000000000000ff02ff03ff02fe00ffff000000000000000000000000000000000000fdfff8fcfbfcfefe010004fe0104fc0cff0601fffbf7f4eff6f6fbffff0001ff00ffff01fd01fc00fc01f902f600f9fdfbfdfdfe0101
745,98354108,-92,11,128,1,0,0,1229914101fe03fe020202010200000100010001000202020200fffcfcfefd00fe00fe00fffffffffe00fe020001010001fffffefffdffff000000000000000000000000000000000000010004020002fc01fb03fd04ff04ff03ff03fe02fc01fc00fefefffdfffd00fe01ffff00fc02fe04ff02ff00f9f9f4f2fbf90202fe03
746,98669837,-92,11,128,1,0,0,4ff11400fc0cfe090109040c030d010b000b010802040203040206ff05fb02f801f701f602f603f504f602f900fafefafefafffa00fa00fe00000000000000000000000000000000000000000101010300060006010501020102020204ff03fc01fafff7fdf500f103f101f6fcf8f8f7faf7fdf8fcf9fcfafffefe02fd02fd02
747,99079459,-93,11,128,1,0,0,4ff11441faf8f8f4f6f2f9f3fbf3fbf4fbf9f9fdfafcfcfafbfcfcfefdfdfbfdf7fff702f701f601f501f501f701f9fffbfdfcfefe01ff00000000000000000000000000000000000000010005ff04fc04fd06fe0600030002ff01fdfffb00fa01f901f601f502f505f607f804f802f804f805f703f701fafffbfbfaf9f9fcf8
748,99693842,-92,11,128,1,0,0,4ff11400fc0cfb0ffc0dfb0bf90bf90afc08fe07ff070008ff05fefe00fc03ff0500060007020a020a0108020801070004ff02ff0302010100000000000000000000000000000000000000fe03fa03fa03fb03fc02fb02fd0100fd01fc00fcfcfbfbf8fcf7fbf6faf6f9f8f9f6f8f3f8f6faf8fef802f903fc05fc05fb05fb07
749,99796338,-94,11,128,1,0,0,4ff11441000aff09000a010cff0c000902070406040503030000000002fe05fb07fb07fa07f807f806f805f904f903fa04fc03fe00ffffff00000000000000000000000000000000000000ff01fc02fb03fa03f902fcfffffe00fd00fafef8fdf9fbfafdf801f901f8fef4fdf4fdf5fdf7fdf8fffa01fcfffc01fb04fc05ff07
750,100001079,-92,11,128,1,0,0,4ff1140006f608f309f30af509f308f407f707f805f703fc01ff00fdfffefd00fafef8fbf7fbf8fbfbfbfdfbfbfcf9fdf9fefcfefefdffff000000000000000000000000000000000000ff01fe05fd06fc04fb04fb04fd03000303030603060305050505070307050807090709070707060605070505050002fc00fb01fa04f9
751,100513143,-94,11,128,1,0,0,4ff11441f1f9f0f9f2faf2fcf3faf4f7f5f5f5f7f7fafbfefe01fd03fb04fb05fb05fc06fa09fa09fb0afb09fb07fc07fb07fb06fd01ff000000000000000000000000000000000000000201060205000701060306040502030102030004000003fc04f903f705f704f604f506f606f906f905fa04f904f800fafbfbfafaf9fd
752,100857849,-91,11,128,1,0,0,e1144e4101fffefefd00fe010001fe01fd020203080108fd00fdfefe02000102fe0201020203ff00fe02fc04fd03ff0400040002fd01ff0000000000000000000000000000000000000000ff01fe01fefffefd00ff02fb07f40df907ff00f4fee6fdf0fcfdfd01fe060107010101fd03fc02ff040205030001ff020005ff03ff
753,100962206,-89,11,128,1,0,0,6aaff641ff010300fe04f702fb00020204fe00fff903f704fb04000202fffefefc01fe030004ff02fe01ff020004ff03fefffffe02ff00ff00000000000000000000000000000000000000ff02fbfffafbfdfd01fb01f8fefb00fe02fd02fe05030502fdfbfaf8fffb05ff0405fe06fefffbfcf801fe0a0f0c1d0112fc01fefe
754,100964957,-86,11,128,1,0,0,fffddf410100fb06fc08040604030302040001fe00fd00fefefdfefd0100ff00fefefffeffff01000000fefffdfffe0000fe00fefefeffff000000000000000000000000000000000000ff00ffff00fe02fe00ffffff01ff02ff0102ff03fd02fcfffefc03fa02fefd03f901fefdfefaf7fbfbfd02fe0116ff2a031306fd0403
755,101070395,-85,11,128,1,0,0,366883410100ff00fefffffdfffd01ff0203ff030100fbf3ede4f4ed04f8feeaf5e1faf3fdfffcfcfefb00ffff03fe03fe00fefefe00ff00000000000000000000000000000000000000ffff00fe0000010102fe01fc00fd02ff04ff04fe02fefffdfdfa00f8fffbfd02fe07fd0100f803fc0004fe0300010204ff04fa02fe01
756,101545353,-42,11,128,1,0,0,1ee00100f6fef1ffec00e701e401e200e1ffe1fee2fee5fde9fceefdf3fef900ff030406070a0a0e0c120c150c170a1808180517041600050000000000000000000000000000000000000103040e050f061106120712071207120711060f060b0607070309ff0afa0bf60df20fef10ed11eb12ea12ea11ec0fee0df10af407f6
757,101547332,-43,11,128,1,0,0,1ee00100f501ef05eb08e609e30ae00adf0ade09e008e206e605ec03f203f902000306050c08100b130f14121415131711170e170c17020500000000000000000000000000000000000002030a0c0b0d0d0e0e0f0e100f100e100e0f0d0d0b090a05090009fb08f608f108ec09e80ae50ae40be20be20be40ae708eb05ee03f2
758,101547844,-42,11,128,1,0,0,1ee00100fdf6f9f2f6eef4eaf3e7f2e5f3e3f4e3f5e4f7e6f8e9faeefbf4fcfafc00fb06f90bf60ff312f114ee14ec13eb11eb0eeb0cfa02000000000000000000000000000000000000fd02f50af50cf40df30ef30ff30ff30ff40ef60df90bfc0a0008040709060d051205150518051a061b061b061a061606130510030d01
759,101548382,-43,11,128,1,0,0,1ee0010008030e02130218031b041c051d061d071c071907150610050b03060001fcfdf8faf3f8eff8ebf8e8f9e6fbe5fde5ffe701e800fa000000000000000000000000000000000000fffcfdf1fcf0fceefbedfbecfbecfbecfbeefbf0faf3faf7f8fbf6fff503f307f00aee0dec0feb10ea11ea11eb10ed0ef00cf40af708
760,101548835,-43,11,128,1,0,0,1ee0010004f604f005ea07e608e209e00ae00be00be10be40ae808ee05f301f9fcfef702f204ec06e706e405e204e202e200e4fee6fcf9fe000000000000000000000000000000000000fcffef00ee00ec00eb01ea01ea01ea01eb01ee02f103f505f907fd09020c060f09120c140e170f18101a101a0f180d160b120a0e090a
761,101598410,-43,11,128,1,0,0,1ee00100f4f6eff5eaf2e7f0e5eee4ece5ebe6ebe8ebebedeef0f2f4f5f9f8fefa04fa0af910f814f518f319f11aef19ed17ed13ed11fb04000000000000000000000000000000000000020409110912091309140914081408130711070e070a08050a010cfc0ef811f514f216f018ef19ef1aef19f017f114f310f50bf607f6
762,101599103,-44,11,128,1,0,0,1ee00100080b0e0e111114141616161815191419121810160d120b0e0808070206fc07f609f10ced0fea11e914e915eb16ed16f016f205fc000000000000000000000000000000000000fefbfaedfaecfaeafae9fae9fbeafbebfbedfbf0faf4f8f8f6fcf300f003ed06e908e60ae50be30be20ae309e508e907ed06f106f507
763,101599608,-44,11,128,1,0,0,1ee00100f8f3f3eff0eceee9ece6ece4ede3eee4f0e5f2e7f4ebf6f0f8f6f9fcf902f708f50df111ee13eb14e914e812e710e80de80bfa020000000000000000000000000000000000000004011201140115011600160016001500130110030c050809050c010ffe13fc17fa1afa1cf91df91efa1dfa1bfb17fb13fb0ffa0bf9
764,101600161,-44,11,128,1,0,0,1ee00100f80cf812f616f51af31cf21df01df01cf01bf117f413f70ffb0b000705040b031102160319051c071c091c0b1a0c170d150e050300000000000000000000000000000000000003fd0ff510f412f313f313f413f412f510f60df609f704f600f5fbf4f7f2f3f0f0eeedececeaebe9ece8ece8eeeaf0edf2f1f4f5f6f9
765,102253914,-92,11,128,1,0,0,4ff1140003f604f505f408f509f808f807f806f904f902f902f901fbfefdfafef7fdf6fcf8fcfafbfbfafafafafbfbfbfafcfbfdfdfdffff000000000000000000000000000000000000fe01fb06fc06fe03ff020004000500020000040308030702070109020b030c040c050a0506040405040604070306020202fe05fc05fa
766,102561154,-90,11,128,1,0,0,4ff11441ed0bf00cf60bf70af908f907f903fa02fa04fb03fd0300040304030303050308020a020901080008ff07fe06fd05fd03fe02ff00000000000000000000000000000000000000fffefefafefbfefafef9fdfcfd00ff01fefffbfdfafffa01fa02fa00f6fdf4fcf4fbf4fcf5fef8fefafdfafcfcfcfcfefcfafcf7fa00
767,102569106,-43,11,128,1,0,0,1ee001000dfe11fb15f918f81cf81df91efa1efb1cfc1afd16fe11fe0cfc08fa03f700f3feeffeebfee8ffe501e404e406e607e808ea02fa000000000000000000000000000000000000fc02f209f109f009ef0aee0aee09ee09f009f208f409f709fb0bfe0d010f0311051406170718071a071b061b051904160413050f050c
768,102570437,-43,11,128,1,0,0,1ee0010008f409f00aec0ce80ee610e611e612e712e911eb0eee0bf107f402f6fdf6f8f6f4f4f1f1efeeefebf0e9f2e8f4e7f7e8f9e9fefa000000000000000000000000000000000000ff04ff10ff11ff12fe13fe14fd14fd13fe12ff10000e030c060b09090d08100813081609180a180b190c180c160c140b11090f060d04
769,102571781,-43,11,128,1,0,0,1ee00100f408f30df110ef13ec15ea15e914e813e912ea0fed0df10af509fb080009040b080d0b110c140c160b180919061903180217000500000000000000000000000000000000000001fb04ef05ee05ed06ed06ed07ed07ed06ee05ef02f100f2fcf3f8f3f5f4f2f3eff2ecf1ebf0eaefeaeeeaedeceeeef0f0f2f2f6f3f8
770,102573431,-43,11,128,1,0,0,1ee00100f203ef07ec09e90be60be40be30ae309e407e606e905ee04f204f706fc08ff0b020f021302170119ff1afd1afb19f917f715fd0500000000000000000000000000000000000002fc09f10af00bf00bef0cef0cf00cf00bf109f207f304f300f2fdf1faf1f7eff4edf2ebf2e9f2e8f2e7f3e7f4e8f5ebf6eef6f1f6f4
771,102573869,-43,11,128,1,0,0,1ee00100f307f10cee10eb13e914e714e514e513e511e70eea0cee0af409f908ff09040c070f0a130b160a19091b061c031c011bff19ff0600000000000000000000000000000000000001fb06ee07ed07ec08eb08eb09ec09ec08ed06ee03f000f1fdf1f9f1f5f1f2f1eeefecedeaeceaebeaeaeaeaecebeeedf0f0f2f3f2f7
772,102574418,-43,11,128,1,0,0,1ee00100f2feed00ea01e602e401e200e2ffe2fee3fde6fce9fceefdf2fff602f906fb0afc0ffb13fa16f817f518f317f115f013f011fb0400000000000000000000000000000000000003fd0df50ef50ff510f410f510f510f50ff60df60af608f505f302f1ffeffdedfceafbe8fae6fae5fbe4fce4fde6fde9fdecfceffbf2
773,102574843,-43,11,128,1,0,0,1ee0010001f0ffecfee8fee4fee1ffdf01de02df03e004e304e702eb00f0fdf5f9f8f4faeffbebfae7f8e5f6e5f3e6f1e8efebeeededfbfb00000000000000000000000000000000000002030b0f0b100b110c120b120b120b120a110a0f0a0c0b090d050f0212ff14fd17fc1afb1bfa1dfb1efb1efc1cfd19fd15fd12fc10fa
774,102575394,-43,11,128,1,0,0,1ee001000f0213ff17fd1bfd1efd20ff210020011f021c03180313020e000afd07f905f404ef04eb06e708e50be50de50fe710ea11ed04fb000000000000000000000000000000000000fc02f00bef0bee0ced0ced0ced0bed0bee0bf10af40af70bfa0dfd0f0011021404170519051b051d041e041e031c021803150411050e
775,102603828,-42,11,128,1,0,0,1ee001000afb0ef712f415f218f11af11bf21bf31af418f614f810f90afa05fafff9faf7f6f4f3f1f1eef1ebf2e9f4e8f6e8f8e9faeafefa000000000000000000000000000000000000fc00f002ef02ed03ec03eb02eb02eb02ec02ef02f203f504f807fc09ff0c0110031305160519051a051c041c041a03170313030f040c
776,102643452,-43,11,128,1,0,0,1ee00100f301f105ee08eb0ae70be50be30ae209e308e506e804ec03f003f504fa06fe0a000e011201160018fe1afb1af91af718f516fd0500000000000000000000000000000000000002fc09f309f309f109f109f00af00aef09ef08f007f105f102f1fff1fcf1f9f0f6eff4edf2ecf1ebf1e9f1e8f2e9f3ebf4edf5f0f6f2
777,102643679,-47,11,256,1,0,0,6aa0060001f5fdf2fbeef9ebf9e8f8e6f9e4fae4fbe4fce6fde9feedfdf1fcf5f9f9f5fdf1ffed00e9ffe6fde4fae3f7e5f4e7f1eaf0fafb0000000000000000000000000000000000000103050d050e060e070e070f070f070f070f070e080c080a09080a050c030e0110ff12fe14fd15fc16fc17fc16fc15fc13fc10fb0dfbee00fa0ffa0ffa10fa10fb11fb11fb12fb12fc12fc12fc13fc13fc14fc14fc15fb15fb15fa15f915f915f814f714f713f613f512f311f211f110fa05fe0100ff00ff00ffff00ff00fd00fd00fd01fd01fd02fd02fc03fc03fb04fb04fb04fa05fa05fa06fa06fa07f907f908f908f909f909f90af90af90bf90bf90cf90df90e
778,102643946,-43,11,128,1,0,0,1ee001000a060f051305170519071b081c0a1c0b1a0c180c140c110a0d070a0309fe08f909f50bf10eef11ee13ee16f017f217f517f805fe000000000000000000000000000000000000fc01f105f006f006ef07ef07ee08ee08ee08ef08f108f309f50af70cfa0efc10fd12fe15ff17ff19fe1afd1afd19fd17fd15fe13ff11
779,102644294,-43,11,128,1,0,0,1ee00100f608f60cf611f414f216f017ee18ed17ed16ed13ef11f10ef50bf909ff080309070b0a0e0c120c150b1709180619041801180005000000000000000000000000000000000000fffcfdf0fdeffceefceefceefcedfcedfbedfbeefaf0f9f2f7f3f5f5f3f7f0f8eef9ebf9e9f9e8f9e6f8e6f7e7f7e9f7ebf9eefaeffc
780,102645514,-48,11,256,1,0,0,6aa00600f709f80ef812f715f718f51af41af31af219f216f313f510f80dfc0b010907090b0a0f0c12101313121610190d1b091c061b010600000000000000000000000000000000000000fb01ee01ee01ee01ed01ed01ed01ed01ee00effff0fdf2fbf3f8f4f5f5f2f6f0f6edf6ebf6eaf5e9f5e9f5eaf6ebf6edf8effaf1fce9000cf50cf40cf40cf30cf20cf20bf10bf10bf00bef0bef0bee0cee0ced0ced0ced0ded0ded0eee0eee0eef0ff00ff010f111f212f313f413f607fc02ffff00ffffffff0000010004000401040005000500050005ff06ff06ff07fe07fe08fe08fe08fe09fe09fd09fd0afd0afc0afc0bfb0bfa0bfa0bf90bf90cf80cf80df7
781,102645782,-43,11,128,1,0,0,1ee00100fff2fceffaecf8e9f8e6f8e4f9e3fbe2fce3fde5fee8ffecfef0fcf5f9f9f5fbf1fdedfdeafce8fae7f8e7f6e8f3ebf2edf1fbfc00000000000000000000000000000000000003020d080e090e090f0a0f0a0f0a0f0a0f090f080e060e040e010ffe0ffc10f911f713f514f415f317f317f316f414f512f60ff70df7
782,102646766,-43,11,128,1,0,0,1ee00100f200ef03ec06e907e607e406e305e304e402e601e900ed00f101f503f906fb0afd0efc12fb15f917f718f417f216f113f011fc0400000000000000000000000000000000000001fc07f007f008ef08ef09ef09ef09ef08f006f004f102f1fff1fdf1faf0f7eff5eef3ecf2ebf2eaf2e9f3e8f4e9f5ecf6eef6f1f7f4
783,102647357,-43,11,128,1,0,0,1ee00100f80af90ef911f814f716f517f417f316f215f313f410f60df90bfd0901080509080a0b0c0d0f0d110c130b140815061504140005000000000000000000000000000000000000fefcf9f1f9f0f9f0f9eff9eff9eff9f0f9f0f9f2f9f4f7f6f5f7f3f9f1fbeffcedfdebfde9fde8fce8fce8fbe9fbecfbeefcf0fdf2ff
784,102648381,-43,11,128,1,0,0,1ee00100f3f7eff7ebf7e9f6e6f4e6f3e6f1e6f1e8f0eaf1edf3f0f5f3f9f5fdf602f506f40af20def0fed0fea0ee90de80ae907ea05fa0100000000000000000000000000000000000004fe10fa11fa12fa13fb13fb12fb12fb11fb0ffa0df90bf709f507f205f004ed04ea04e805e605e606e507e607e706ea04ed02ef00f1
785,102661029,-43,11,128,1,0,0,1ee001000cfe10fa14f818f61bf51df61ef71ef81df91bfb17fc13fd0efc08fb03f8fff5fcf1faecfae9fbe6fde4ffe401e404e605e801fa000000000000000000000000000000000000fc01f106f007ee08ed08ed08ec08ec08ed08ef08f208f508f80afc0cff0e0210041406160719071a071c061c051b041804150411050e
786,102661876,-43,11,128,1,0,0,1ee00100f3fdef00ea02e603e302e101e000e0ffe2fee4fde8fdecfdf1fff602fa05fd0aff0eff13ff17fd19fb1af91af719f517f415fd0500000000000000000000000000000000000003ff0ffc10fc12fb13fb13fb14fb14fc13fc11fb0efb0bf909f706f503f201efffebfee8fee6ffe4ffe300e301e401e700ebffeefef1
787,102662443,-43,11,128,1,0,0,1ee001000a040e031302160319041a051b061b071908160813070f060c03080005fc04f703f304ef06ec08ea0ae90cea0dec0eee0ef003fc000000000000000000000000000000000000fcfff1fff0ffefffeeffedffedffedffeefff000f201f402f605f808f90bfa0efb11fb14fb16fa17f919f919f917f914fa12fc0ffe0d
788,102663039,-43,11,128,1,0,0,1ee00100f909fa0efa12f915f818f719f519f419f418f415f512f70efa0bfe08030607050c060f071209130b130d130f11100e110c11030400000000000000000000000000000000000000fc01f101f001ef01ee01ed02ed02ed02ee01f000f2fef3fbf5f8f6f5f8f1f9eef9ebf9e9f8e8f8e7f7e8f6e9f6ecf7eef8f1faf3fc
789,102669068,-43,11,128,1,0,0,5220050006f304ef04ea05e606e408e209e20be20be40be60aea08ee05f201f5fcf7f7f7f3f7eff5ecf2ebf0ebeeecebeeeaf1eaf4eafdfa0000000000000000000000000000000000000103050f05100511051205130413041304120510050e070b09090c070e0411031402170219021a031b031b041a041704140311010fff
790,102671965,-43,11,128,1,0,0,52200500fcf3f8f0f6ecf4e9f3e6f3e4f4e3f5e2f7e3f8e5fae9fbedfbf2faf7f7fcf400f102ec04e904e603e401e3ffe4fde6fae8f9fafe00000000000000000000000000000000000002020b0b0c0b0c0c0d0d0d0d0d0d0d0d0d0c0c0b0c080c060c020dff0efc10f912f614f415f317f318f319f417f515f612f60ff70cf7
791,102673455,-43,11,128,1,0,0,5220050007f407ee07e908e50ae20ce10de10fe110e30fe60eea0bee07f102f4fcf6f7f7f1f6edf4eaf1e9eee9ecebe9ede8f0e8f3e8fdfa000000000000000000000000000000000000ff04ff11fe12fe13fe14fe15fe15fe15fe14ff120110030e060c0a0a0d091108140817081a091b091c0a1c0b1a0a170a140812050f03
792,102674918,-43,11,128,1,0,0,52200500050c0a0f0e1210161219121b111c101d0e1c0c1a0a170812070d070708010bfc0ff813f617f51af51cf71df91dfc1bff1a010600000000000000000000000000000000000000fcfdf2f4f1f3f0f2f0f2eff1f0f1f0f1f0f2f1f4f2f7f2faf2fef102f005ef09ed0ceb0ee910e810e611e610e70fe90dec0cf00bf30b
793,102676397,-43,11,128,1,0,0,52200500000c041006140717081a071c061d041e031c021a01160112020d040807040b000ffe13fd17fe19ff1a011b041906170815090502000000000000000000000000000000000000fdfcf7f2f6f1f6f0f5eff5eff5eff6eff6f0f6f2f6f4f6f7f4faf3fdf100ef03ec05e906e707e607e507e506e605e905ec05f005f305
794,102689388,-43,11,128,1,0,0,52200500faf5f7f2f4eff2ecf1e9f1e7f2e7f3e6f5e8f6eaf8edf9f1faf6f9fbf800f604f307f009ed0aea0ae909e807e905ea03eb02fa000000000000000000000000000000000000000103080d080e090f0910091009100810080f080d080a080709040b000dfd0ffa11f814f615f517f518f518f617f714f911f90df90af9
795,102694059,-43,11,128,1,0,0,52200500fcf3f9eff7ebf5e7f4e4f5e2f6e1f7e1f9e2fae5fce9fceefcf3faf9f8fef503f106ed08e908e608e506e404e502e7ffe8fefaff0000000000000000000000000000000000000003030f04110412041304140414041404130411050e060b08080b040e0111fe14fc17fb1afa1bfa1dfb1dfb1bfc18fd15fd11fd0efb
796,102700372,-43,11,128,1,0,0,52200500fc0bfe11fe16fe1afd1efc1ffb20fa1ff91df81af916fa11fd0c010805040a010fff14fe18ff1a001b021b05190717091509050200000000000000000000000000000000000001fc06f007ef07ed08ec08ec09ec09ec08ed07ef05f102f3fef4f9f6f5f7f0f7ecf7e8f6e6f6e4f5e3f4e3f3e6f4e9f5ecf6eff9f2fc
797,102741228,-47,11,256,1,0,0,7aa00700010a050d090f0b120d140e170f180e190d190b1809160812070e0609070309fe0dfa11f815f619f71cf81efb1efe1d021b050601000000000000000000000000000000000000fefcfaf2faf2f9f1f8f0f7f0f7f0f7f0f7f0f7f1f7f3f7f5f6f8f5fbf3fdf200f002ed04ec06ea07e907e907e907ea07ec07ef07f207ea0003ee02ed02ed01ed01ec01ec01ec00eb00ebffeafeeafeeafeeafee9ffe9ffe800e700e700e701e702e803e804e905e907e908e909e909ea03f801fdff00ff00ff0000ff00ff02fd01fd02fd02fd02fc03fc03fb03fa03fa03f904f904f905f805f805f705f605f605f505f505f505f405f405f304f204f104f104f004f0
798,102742841,-47,11,256,1,0,0,7aa007000af90af40bef0cec0de90fe711e612e613e812ea11ed0eef0bf206f401f5fbf5f6f3f2eff0ebf0e8f1e4f3e1f7e0fbe0ffe100f8000000000000000000000000000000000000fe03fa0efa0ffa10fa10fa11f911fa11fa11fb10fc0ffe0e010d030c060c090c0c0c0f0d110d130e140e140e140e130d110c10090f06f100ee04ee05ee06ee06ee07ed08ed08ed09ed09ed09ed0aec0aec0aeb0aea0aea0ae90ae909e909e908e907e806e805e804e703e701e7ffe7fef7fffdff00ff00000000fffffffffdfefcfefcfefcfefbfefbfefafefafff9fff9fff8fef8fef7fff7fff6fff6fff5fff5fff4fff400f300f301f201f201f102f002f003ef03
799,102754684,-47,11,256,1,0,0,7aa0070004f302ed01e901e502e202e004df05e005e105e405e703ec01f0fdf5f9f8f4fbeefce9fbe5f9e3f6e2f3e3f0e5ede8ebebeafbfa000000000000000000000000000000000000ff04fd11fd12fd13fc13fc14fb14fb13fc12fd10ff0e010c050a08090c080f0712071507170819081909190918081607140511030e00ed00f706f706f706f706f707f707f707f708f808f808f808f809f709f709f709f709f609f608f608f608f607f607f506f506f505f405f404f403fb01fe0000ff00ff00ffff00fe00fc00fc00fc00fc00fc00fb00fb00fb01fa01fa01fa01f901f901f901f901f901f901f802f802f802f802f803f803f803f804f804f804f805
800,102786271,-47,11,256,1,0,0,34455300fdf4f9f1f7eef5ebf4e9f3e7f3e5f4e5f5e6f7e8f8ebf9eff9f4f9faf8fff504f207ee0aea0ae60ae409e307e304e401e6fef9ff0000000000000000000000000000000000000003000e000f0010001100110012ff11ff10000e010c030a050708050b030e01110013ff15ff17fe18fe17fe16fe14fe12fe0efd0bfce500f610f611f712f712f812f812f812f813f814f914fa15fa15fa15fa15f915f816f716f716f716f715f615f614f513f413f312f212f211f110fa05fe0100ff00ff00ffff00fe01fb03fb03fa03fa03f903f903f804f804f805f705f705f605f606f506f507f508f508f508f508f508f409f40af40bf50cf60df60df60ef60e
801,102799790,-46,11,256,1,0,0,34455300f9f5f4f3f0f0ededebebeae9eae8ebe8ede8efeaf1edf4f1f6f6f8fcf802f708f50df211ef13eb14e814e612e50fe50be608f9010000000000000000000000000000000000000003030f04100412041304140414031403120310030d050a070609030c000ffd12fb15f917f819f81af81af818f816f913f90ff90bf8e600fc16fd16fd16fe17fe17ff17ff17ff17001700180018011801190019001aff1afe1afe1afd1afc19fb19fa18f917f817f716f515f415f314fb07fe0200ff00ff00ff0000ff02ff08ff08fe08fe09fd09fd0afd0afc0bfc0bfb0cfb0cfa0dfa0dfa0efa0efa0ffa0ffa0ffa0ffa10fa11fa11fa12fb12fb13fb14fc14fc15
802,102810201,-46,11,256,1,0,0,34455300f403f108ee0ceb0fe911e712e512e511e610e80eeb0bef09f408fa07000706090b0b0f0f1213121611190f1b0c1c091c061b010600000000000000000000000000000000000003000fff10ff12ff13ff14ff14ff14ff13ff11ff0ffe0cfc09fa06f703f400f0ffedfdeafce7fce5fbe5fce5fce6fce8fcebfbeffbf2e200140615051504160316031602170217011800180018ff19ff19fe19fe1afe1aff1a001a001a0119021902180318041804170517071608160908030201ffffffffffff00000201060306030604060407050705070608060806090709070a080a080a090b090b090c0a0c090d090d090e090f08100810081108120713071407
803,102850237,-47,11,256,1,0,0,34455300050b0a0b0f0c130e16101812181318141614141412120f0f0c0b0a060a010afb0df610f214f018ef1cf01ef21ff61ffa1efd07ff000000000000000000000000000000000000fdfdf4f6f3f6f2f6f1f6f1f6f0f6f0f6f0f7f1f7f1f9f2fbf2fdf300f203f206f109f00cef0eee10ee11ee11ee11ef10f10ff40ef60ce700fdeefcedfbedfbedfaecfaecf9ecf9ecf8ebf7ebf6ebf6ebf6ebf6eaf6e9f6e8f7e8f7e7f7e7f8e7f9e7fae7fbe7fde7fee6ffe600e601e600f600fd0000ff00ff0000ff00ff01fe01fe01fd01fd01fc02fc02fb01fa01fa01f901f902f802f802f702f602f502f502f402f401f401f301f200f200f1fff1fff0fff0feef
804,102903712,-46,11,256,1,0,0,34455300fbf3f6f1f3eef0ebefe9eee7efe5f0e5f1e6f2e8f4ebf6eff7f4f7f9f6fff404f008ec0ae80be40be109e006e003e200e3fdf9ff0000000000000000000000000000000000000103070e070f080f0810081108110710070f070d070b080809050b020dff0ffd12fa14f916f717f718f718f717f715f812f80ef70af7ed00f712f712f813f813f913f913f913f914f915fa16fb16fb16fb16fa16f916f817f818f818f818f716f715f614f414f314f313f213f112f011fa06fe0100ff00ff00ffff00fe01fb04fb03fb03fa03f903f904f805f805f806f806f806f706f707f607f608f609f609f609f609f60af50af50bf50df60df70ef70ef70ef60f
805,102910405,-46,11,256,1,0,0,34455300000b040f0613081609190a1b091c081c071b051904160312040d050808030bff10fc14fa18fa1cfb1efe1f011e051c08190a0602000000000000000000000000000000000000fffcfcf0fceffceefbedfbecfcecfcedfceefbf0fbf2f9f4f8f7f6f9f3fcf0feedffeb00e901e702e602e602e702e902ec02ef03f204ee0007ee06ed06ed05ec05eb05eb04eb04ea03ea03ea03ea03e903e903e803e803e804e805e806e806e807e807e908e909ea0aeb0bec0ded0eed05f901feff00ff00ff0000ff01fe04fb04fb04fb04fb04fb05fa05fa05fa06f906f907f807f807f707f708f708f608f608f608f508f408f308f308f207f207f107f007ef07ef
806,102916790,-42,11,256,1,0,0,34455341070a0c0d100f14121615161716191519131910170d140b10090a070507fe09f90bf40ef111ee14ee16ee18f019f318f617f805fe000000000000000000000000000000000000fdfcf4f3f3f2f2f0f1eff1eff1eef1eef2eff3f1f4f4f4f8f4fcf300f205f008ed0ceb0ee910e811e611e611e70fe90dec0cf00bf40aff04001105130c16111a161f19241929182d163212340e340931032dfe27fa21f719f512f50bf504f8fefcfa00f703f606f508f609f7ebfeedfdfdffffff00ffffffffff0000010209110912fafdfafcf9fcf9fcf9fdf900f902f905f908f80cf611f415f11aed1ee821e424e124de24dc23da22da1fdc1bdf17e414ea11ee10
807,102917841,-42,11,256,1,0,0,34455341f3ffef01ea03e703e302e202e100e1ffe2ffe5fee9feedfff300f802fc06ff0a010e021201160018fe19fc1afb18f916f815fe0500000000000000000000000000000000000003ff0ffe10fe12fe13fe14fe14ff14ff13ff11ff0efe0bfc09f906f603f301ef00eb00e800e600e501e302e303e502e801eb00eefef1fcfcf1f7edfae7fde1ffdbffd6fed2fccff9cef5cef2cfefd3edd9ece0ebe7ebededf3eff8f2fcf6fffb0100010400070009ff09fd090af009f201fd00ffff0000ff0000fffffcffeefeedfe04fe05fe05fe04fe03fd02fd00fcfefbfcf9f9f6f7f2f5edf3e7f1e2f1def2daf3d7f5d4f7d3fad2fdd2fed5ffdaffe0fee6fcea
808,102928032,-47,11,256,1,0,0,3445530003f701f100ec00e7ffe300e000de01de02df03e103e402e901effef5fbfaf6fff103eb05e605e104de02ddffddfcdff8e1f6f8fd000000000000000000000000000000000000fd01f407f408f30af10bf00cef0cef0cef0cf10bf30af609fa09fe090309070a0b0b0f0d120e140f151016101610140f120d100a0e07e300f606f606f607f607f607f608f608f608f608f609f509f509f509f509f509f409f409f309f308f308f307f306f306f205f204f203f102f102fa00fe0000ff00ff00ffff00ff00fe02fd02fd02fd02fc02fc03fb03fb03fa03fa02fa02f902f902f902f803f803f803f803f703f703f703f704f704f704f705f605f605f605
809,102948806,-47,11,256,1,0,0,344553000afe0efa12f715f418f31af21cf21cf31bf419f615f711f90cfa06fa00f9faf7f5f4f1f0efeceee8efe5f2e3f5e2f8e2fbe3fff9000000000000000000000000000000000000fcfef2f9f0f9eff9eef8edf8edf8edf8eef8f0faf2fbf4fef601f805f909fa0dfb11fb14fb17fc19fc1afc19fc18fd16fe13ff0f010ce300eef2edf2ecf3ecf4ebf4ebf4ebf5eaf5eaf5e9f6e8f7e8f7e8f7e8f6e7f5e7f4e7f4e7f3e7f2e8f2e9f1eaf1ebf0ebf0ecefededeeecefecfaf8fefd000000000000fffffdfefafafafafaf9faf9faf8faf8faf7f9f6f9f6f9f5f9f5f9f4f8f4f8f3f7f3f7f2f7f2f6f2f6f2f5f2f5f2f4f2f3f2f2f2f2f2f1f2f0f2f0f2
810,102979655,-47,11,256,1,0,0,344553000a050f03140218021b031e031f041f051d051b06170513040e020afe06fa03f501f001ea03e605e308e10be10ee310e611e904fa000000000000000000000000000000000000fcfef3f7f2f7f0f7eff6eef6eef5eff5eff6f1f7f2f9f3fcf5fff503f606f50af50ef411f313f315f216f216f315f414f612f90ffc0de500f6edf5edf4eef3eef3eef2eef2eef1eef0eeefefeeefeeefeeefeeefeeeeeeedededeeeceeecefecf0ecf1ecf2ebf3eaf3eaf4e9f5e9f6e9fcf7fffd000000000000fffffffdfefafef9fef9fef9fff8fff7fff6fff6fef5fef5fff4fff4fff3fff2fff2fff1fef1fef1fdf1fdf0fcf0fceffbeffaeff9eef9eef8eef8ee
811,102979969,-47,11,256,1,0,0,766007000b020fff14fc18fb1bfb1dfa1ffb1ffc1dfd1bfe18fe14fe0efd09fb04f800f4fdeffcebfce6fde200e003df06e009e20be403f9000000000000000000000000000000000000fcfff1fcf0fceefcedfcecfcecfcecfcedfceffcf1fef300f503f706f809f90dfa11fa14fa16fa18fa19fa19fa18fb17fc14fe10000de900f8f9f7f9f7faf6faf6faf6faf6faf6fbf5fbf5fbf4fbf4fbf4fbf4fbf4fbf4fbf4fbf4faf4faf4faf5f9f5f9f5f9f6f8f6f8f6f7f7f7f7f7fcfcfffe000000000000fffffffffdfdfdfdfdfdfdfdfdfcfdfcfdfcfdfbfdfbfdfbfdfafdfafcfafcfafcf9fcf9fcf9fcf9fbf9fbf9fbf9faf9faf9faf9f9f9f9f9f8f9f8f9
812,102983358,-47,11,256,1,0,0,76600700fe0c011003140417051a051c041e031e021d011b01180113020f030a07050b02100015ff19001c011e041e071d0a1a0d180f0503000000000000000000000000000000000000fffcfdf0fdeffdeefdedfdecfeecfeedfeeefeeffdf1fbf4f9f6f6f9f3fbf0fcedfdebfee8fee7fee6fee6fee7fee9feebffee01f102eb000af10af00aef0aee0aee09ee09ed09ed09ec08ec08eb08eb08ea08ea09ea09e90ae90ae90bea0bea0ceb0cec0dec0eed0fee10ef11f012f106fb02feff00ff00ff0000ff01fe04fc04fc05fc05fc06fb06fb07fb07fb08fa08fa08fa09f909f909f909f80af80af80bf80bf70bf70bf60bf60bf50bf40bf40bf30bf20bf2
813,102986846,-47,11,256,1,0,0,766007000bfc0ef811f413f216f018ef1aef1af019f118f315f511f70df807f702f6fdf4f9f0f7ecf6e8f6e4f8e1fbe0fee002e104e301f8000000000000000000000000000000000000fc02f208f108f009f009ef09ef09ef08f008f208f408f708fa09fd0b000c020f041106130715081608170817081608140812070e070bef00ecfdecfeecffec00ec00ec01eb01eb01ea02ea02ea03e904e904e903e803e703e702e702e702e801e800e8ffe8fee8fde8fce8fae9f9e9f8f7fcfdfe000000000000fffffefefafdfafcfafcfafcf9fcf9fcf9fcf8fcf7fbf7fbf7fbf6faf6faf6faf5faf4faf4faf4faf3faf3faf2faf2faf1fbf0fbf0fceffceefceefd
814,102995825,-47,11,256,1,0,0,76600700f4faeffbebfce7fce4fbe2fbe1fae2f9e3f8e6f8e9f9edfaf1fdf601f906fb0bfc10fc15fa19f81cf51df11cef1aed17ec14fb0500000000000000000000000000000000000003010d070e070f0710081108110910090f080e070d050b020aff0afc09f809f40af10aee0beb0cea0ce90ce90cea0bec09ee06f104f3e3000b100c100d0f0e0f0e0e0f0e0f0e0f0e100e110e120d120d130c130d130d130e130f130f130f120f1210111010100f110e110e120d120c1304070102ffffffffffff00000002010500060006000600070108010801090109010a010a010b010b010c010d020d020d020d030d030e040e050e060f060f070f080f09100a10
815,103025994,-46,11,256,1,0,0,3445530002f601f100ec00e800e501e301e202e202e402e602ea01ee00f3fdf8fafdf602f205ed07e907e506e304e302e300e4fde6fbf9fe000000000000000000000000000000000000fd01f305f206f107ef08ee08ee08ee07ef06f106f406f706fb06ff070309070a0a0c0d0e0f0f11101211111111100f0f0e0c0c090b06e600ed0aed0aed0bed0cec0ded0ded0eed0eed0fed0fed0fed10ed10ec10ec10ec10eb10eb0fea0eea0dea0cea0be90ae909e908e906e804e803f700fd0000ff00ff00ffff00fd01f904f804f804f704f604f604f503f403f303f303f203f103f103f103f003f003f003ef03ef03ef04ee05ee06ee06ee06ed07ed07ec08ec09
816,103028526,-46,11,256,1,0,0,3445530008fa0bf40def10eb12e814e615e515e615e713ea11ed0df008f402f8fcfaf6fceffce9fbe5f9e2f6e1f3e1f0e3eee6ece9ecfafb000000000000000000000000000000000000fcfef2faf0faeefaecf9ebf9ebf8ebf8ecf8eef9f1fbf4fef701f905fc09fe0eff1200160119021b021c021c021b021902150311030ddb00e6fbe5fce5fce5fde5fee5fee5fee4fee4ffe300e301e301e201e200e2ffe1ffe0fee1fde1fce2fce3fae4f9e4f8e4f7e5f6e5f4e6f2e7f1f7fafdfe000000ff00fffe00fc00f600f500f5fff5fef4fdf4fdf3fcf2fcf1fbf1fbf0faf0f9f0f9eff8eef8eef8eef8edf8edf8edf8edf8ecf8ebf9eafae9fae9fbe8fbe8fa
817,103030495,-46,11,256,1,0,0,3445530002f600effeeafde5fce2fcdffdddfdddfedeffe1ffe5ffebfef1fdf7fafef604f208ed0ce80ee40ee10ddf0ade07e004e101f800000000000000000000000000000000000000fc00f304f105ef06ed07ec07eb07eb07ec06ee06f105f506f906fe070209070b0b0d0e0f111113121513151314121311110f0f0b0d08d700f607f608f608f609f609f609f609f60af60af60af60af60af60bf60bf50bf50bf50bf40af40af409f409f408f308f307f307f205f204f203fa01fe0000ff00ff00ffff00ff01fd03fc03fc03fb03fb03fb03fa03fa03f903f903f803f803f803f803f703f703f703f704f704f604f605f605f605f605f606f606f606f607
818,103046994,-47,11,256,1,0,0,34455300f201ef05ea08e70ae40be20be10be10ae209e408e806ed05f205f807fe09030c08110a150b1a0a1d082005210121fe1ffc1dfe0700000000000000000000000000000000000004001001110113011401140115021402130111010eff0cfd09fa07f705f303ef02ec01e901e601e401e401e401e500e8ffebfeeffcf2e5000906090509050a050a050a040a040a040b040b030c030c030c030c030c030c030d040d040c040c040c050b050b050b060b060a060a07090803020000ffffffffffff000000010203010301030103010402040204020402050205020502050206030603060306030604060406040604060506050606060606070607060806
819,103088028,-46,11,256,1,0,0,71100700f809f90ff913f818f71bf51df51ef41df31bf419f516f712fa0eff0a04070a051004150519071b0a1c0d1b10191316151315040500000000000000000000000000000000000002fd0af50bf40cf30df20ef10ef10ef20df20cf30af406f503f5fff5fbf4f7f3f3f2f0f0eeefeceeeceeecedeceeeeefeff2f1f5f2f8df0013f913f814f714f614f514f514f413f413f313f214f214f114f115f115f116f116f216f216f316f416f416f517f617f718f818f918fb18fc08ff02ffff00ff00ff0000ff02ff05fe06fe06ff07ff08ff08ff09ff0aff0aff0bff0b000c000c000d000d000eff0eff0fff0fff10fe10fe10fd11fd11fc11fb12fb13fa13fa
820,103111669,-45,11,256,1,0,0,a7700a000b0110fe15fc19fb1cfb1efb1ffb1ffc1dfd1afe17fe12fe0cfd07fb02f8fdf4faeff8eaf7e6f8e2fbe0fddf01e003e205e401f9000000000000000000000000000000000000fcfef2f8f1f7eff6eef5eef5eef5eef5eff5f1f7f3f9f4fcf600f704f708f70df710f614f616f618f518f518f617f715f912fc0ffe0ce600f8f8f7f8f7f8f7f8f7f8f7f8f6f8f6f8f6f8f5f8f5f9f5f9f5f9f5f8f5f8f4f8f5f7f5f7f5f7f6f7f6f6f7f6f7f6f7f6f8f6f9f5f9f5faf5fefbfffe000000000000fffffffefdfcfdfcfdfcfdfbfdfbfdfbfdfbfdfafdfafdfafdf9fcf9fcf9fcf9fcf8fcf8fcf8fcf8fcf8fbf8fbf8fbf8faf8faf8faf8f9f7f9f7f9f7
821,103113981,-46,11,256,1,0,0,366553000309070c0a0f0d120e140f160f170e170d160b140911070d0609060406fe08f90af40df111ef14ef16f018f119f418f717f905fe00000000000000000000000000000000000000fc01f101f001ef01ee02ed02ed02ee02ef02f100f3fef5fbf8f8faf5fcf2feefffec00ea00e800e700e800e900eb00ee01f101f402e10008ed07ed07ec07ec06ec06ec06eb06eb06eb05ea04ea04ea04ea05e905e906e907e907e908e908ea09eb0aeb0bec0bec0ced0dee0eef0ff005fa01feff00ff00ff0000ff00fd02f903f903f904f804f805f806f706f707f707f608f608f608f609f509f509f409f409f409f409f409f309f209f209f109f108f008f008ef
822,103121317,-47,11,256,1,0,0,36655300f3ffef02ea05e607e207e008df07df06e005e304e703ec03f203f804fe07030b080f0a140b190b1d091f06210221ff1ffd1dff0700000000000000000000000000000000000003010e07100811081209130a130a120a110910080e050c020aff09fa08f607f207ed08ea08e708e508e408e408e607e805eb03ef01f2de00070808080808090709070907090709070a070a060b060b060b060b060b070c070c070b080b080a080a080a08090909090909080a080a070a02030001ffffffffffff000000010203020302030204010402040205020502050206020602060207020702070208030803080307030703080408040805080608060806080708
823,103129893,-46,11,256,1,0,0,7660070007f807f308ef0aeb0be80ce60de60ee60ee70dea0ced09f006f401f7fcf9f7faf1fbedf9e9f7e7f5e6f2e7efe9edececefebfcfa000000000000000000000000000000000000fd01f305f206f107f008ef08ee08ee08ef07f107f406f607fa07fd08010a040c070e0a100c120d130d140e140d130c120b0f090c0909e000ec03ec04eb04eb05eb05eb06eb06eb07eb07ea08ea08ea09ea09e909e908e808e807e807e806e805e904e903e902e802e800e8ffe9fde9fcf7fefdff00ff00ff00ffff00fd00f901f901f800f800f700f7fff6fff6fff5fff4fef4fef3fef3fef2fef2fdf2fdf1fdf1fef0fef0ffefffefffef00ee00ee00ed01ed01ed01
824,103134302,-46,11,256,1,0,0,76600700f909fa0ffa14fa19f91cf91ff820f720f61ef61bf717f913fc0eff0904050a0110ff16ff1b001e02200420081f0b1c0d190f060300000000000000000000000000000000000003fe0cf90ef70ff610f511f512f512f511f50ff60df709f705f601f5fcf4f8f3f5f1f1efefededececebecebedeceeedf0f0f2f4f3f7e0000afb0afb0afa0afa0afa0af90af90af90af80bf80bf80bf80bf70bf70bf80cf80cf80cf80cf90cf90cfa0cfa0dfb0dfb0dfc0dfd0dfe0dff04ff0100ff00ff00ff0000ff01ff03fe03fe03fe04fe04fe04fe05fe05fe06fe06fe06fe07ff07ff07ff07ff08ff08ff08ff08fe08fe08fe09fe09fd09fd0afc0afc0afc0afc
825,103150060,-46,11,256,1,0,0,76600700f6faf1fcecfde8fde5fde2fce1fce1fbe2fae5fae8faecfbf1fdf500f904fc09fe0ffe14fc18fa1cf71df41df11cef19ed16fb0500000000000000000000000000000000000003010c070d070f07100711081108110810080f070e050c030b000afc09f909f509f209ee0aec0bea0be90be90be90aeb08ed06f004f2e6000b0f0c0f0d0f0e0e0e0e0f0e0f0e100e100e110e120d120d130d130e130e130f130f131013101211111110120f120e130d140c140b150a1503070002ffffffffffff000000010204020402050205020602060207020802080209020a020a020b030b030c030c030c040d040d050d050d060d060e070e080e090f0a0f0b0f
826,103190585,-47,11,256,1,0,0,76600700fbf2f7eef4eaf2e7f1e5f0e3f1e2f2e2f3e4f5e6f6eaf7eff7f4f7faf500f205ee09ea0ce60ce20ce00adf07df04e101e3fef8ff000000000000000000000000000000000000000403110312021402150115011500140012010f020c040907060a030e0111ff15fe17fd19fd1bfd1bfd1bfd19fd16fd13fc0ffb0bfae300f909f909fa09fa09fa09fa09fb0afb0afb0afb0bfc0bfc0bfc0bfc0bfc0bfb0cfb0cfb0cfb0cfb0bfa0bfa0afa0af90af90af809f809f808fd03ff0000ff00ff00ffff00fe01fc03fb03fb02fb02fb02fa02fa03fa03f903f903f903f903f803f803f804f804f804f804f804f804f805f805f806f906f907f907f907f907
827,103266283,-42,11,128,1,0,0,1ee00100fb0afc0ffd13fd17fc1afb1cf91df81df71bf718f815f911fc0dff09040509030d031203150517061809180b160d140e120f040300000000000000000000000000000000000000fc02f102f002ef02ee02ed02ed02ec02ed01ef00f1fef3fbf5f8f6f5f8f1f9eefaebfae8fae7f9e6f8e5f8e7f8e9f8ecf9effbf1fd
828,103266852,-43,11,128,1,0,0,1ee00100fcf4f8f0f5ecf2e9f0e6f0e3f1e2f3e1f4e2f6e3f8e7f9ecfaf1faf7f8fdf502f106ed08e909e609e408e205e302e400e5fef9ff0000000000000000000000000000000000000103070e080e090f0a100a110a120a120a110910090d090a0a070c030eff10fb12f915f617f519f41bf41cf51af618f715f812f80ff7
829,103267342,-43,11,128,1,0,0,1ee00100f300f004ec07e809e40ae20ae009e008e107e305e704eb03f103f704fd06010a050e071208160819061b041d011cff1bfd19ff0600000000000000000000000000000000000003ff0ffd10fc11fc12fb13fb14fb14fb13fb12fb0ffa0cf909f706f502f200effdecfce9fbe6fbe4fbe3fbe2fce4fce6fceafcedfcf0
830,103273031,-43,11,128,1,0,0,1ee00100f607f60cf511f415f218f019ee19ec19ec17ec15ee11f00ef40cf90aff09040a080b0c0e0e110f140e170c19091a061a0419000600000000000000000000000000000000000000fc01f000ef00eeffedffedffecffecffecffedfeeffcf0faf2f7f4f5f5f2f6eef7ebf7e9f6e8f6e6f5e6f4e7f4e9f5ecf6eef8effa
831,103276158,-43,11,128,1,0,0,1ee0010009080e07130717081a091c0b1c0d1c0f1b0f1810150f110c0e090b0509ff09fa0bf60df210ef13ee16ef19f11af31af719f906fe000000000000000000000000000000000000fc00f103f004ef04ef05ee06ed06ed06ed06ee06ef07f107f309f50af80cfa0ffb12fc15fc17fc19fb1bfb1cfa1afa18fb16fc14fe12
832,103330990,-42,11,128,1,0,0,1ee00100fcf4f8f1f5eef2ebf1e8f1e6f2e5f3e4f4e5f6e7f8eaf9effaf4f9f9f8fef502f205ee07eb08e807e606e504e602e700e9fefaff0000000000000000000000000000000000000202090b0a0c0b0d0c0e0c0e0c0f0c0f0c0f0b0d0a0b0a080b040c010dfd0ffa11f713f515f416f318f318f417f515f612f70ef80bf8
833,103341412,-46,11,256,1,0,0,96600900f505f409f20df010ee12ec13eb13ea12eb11ec0fef0df20af608fc07010706070b090f0b110e1212121410160d180a180817010500000000000000000000000000000000000003ff0efb0ffb10fb11fb12fb12fb12fc11fc0ffc0cfb09fa06f903f700f4fef1fbeffaecf9eaf8e9f8e8f8e8f8e9f9ebf9eef9f2faf5df001303130313021402140114011400140015ff15fe15fd16fd16fd16fd16fd17fe17fe17ff17ff16001601150115011502150315041505140607020201ffffffffffff000002010603060306030704070407050805080608060906090709070a080a080b080b080b080c080c080c080d070e070e070f061005100511051105
834,103347977,-45,11,256,1,0,0,966009000a0210ff16fe1afc1efc21fb22fc22fd21fd1efe1aff15ff0ffe09fc03f9fdf5f9f0f6ebf5e5f6e1f7defaddfedd01df03e001f8000000000000000000000000000000000000fdfdf6f4f4f4f2f2f0f1f0f0f0eff0eff1f0f2f1f3f4f5f8f5fcf600f605f50af40ff313f215f118f119f119f118f217f514f811fb0edf00f7f7f6f7f6f7f6f7f5f7f5f8f5f8f4f8f4f8f4f9f3f9f3f9f3f9f3f9f3f8f3f8f3f8f3f7f3f7f3f7f4f7f4f7f5f6f5f6f6f6f6f5f7f5f8f4fdfbfffe000000000000fffffefffdfdfcfcfcfcfcfcfcfbfcfbfcfafcfafcfafcf9fcf9fcf8fcf8fcf8fcf8fcf7fcf7fbf7fbf7fbf7faf7faf7faf7f9f7f9f7f8f7f8f7f7f7
835,103397063,-47,11,256,1,0,0,96600900040b080d0b0f0e1210141116111710170e170c160a130910080b070608010bfc0ef812f515f419f51bf71df91dfd1c001b030600000000000000000000000000000000000000fdfcf6f3f5f2f5f1f5f0f5f0f5f0f5f0f6f1f6f3f6f5f6f8f5fbf4fef201f103ee06ec07eb09ea09e90ae90aea09ec09ee08f208f508f10002ee02ed01ed00ec00ec00ecffecffebfeebfeebfdebfdebfdeafdeafde9fde9fee8fee8ffe800e900e901e902e903e904ea05ea06ea07eb02f801fdff00ff00ff0000ff01fe03fa03fa03fa03fa04fa04f904f905f905f805f806f706f706f606f606f506f506f506f406f405f305f305f205f204f104f104f004ef03ef
836,103488085,-48,11,256,1,0,0,96600900000c040e071109130a160b180b1a0a1a091a071806160513050f060a08060b020f0014ff18ff1b011d031d071c0b1a0e170f0504000000000000000000000000000000000000fdfdf6f4f5f4f5f4f5f3f4f3f4f3f4f4f4f4f4f5f4f7f4f9f4fbf3fdf200f102ef04ee06ed07eb08eb09eb09eb09ed08ef08f208f407f20004f104f003f003ef02ef02ef02ee02ee02ed01ed00ec00ec00ec01eb01eb02ea03e903e903e904ea04ea05eb06eb08eb09ec0aec0bed0cee04f901feff00ff00ff0000ff01ff03fe03fe03fe03fe03fe03fd03fd04fc04fc04fc04fb04fb05fa05fa05f905f905f805f805f805f706f706f606f505f505f404f304f304f3
837,103490501,-47,11,256,1,0,0,96600900f201f005ee08eb0ae80ce60ce50ce40be50ae608e907ec06f006f507f909fd0c001001150019fe1cfc1ef81ef41df21bf018fb0500000000000000000000000000000000000002fd0bf40bf30bf30bf30bf30bf30bf30af309f307f305f303f300f2fef1fcf0f9eff8edf6ecf5ebf5ebf5ebf5ebf6edf6eff6f2f6f4f1000e010f001000100011ff11ff11fe11fd11fd12fd12fc13fc13fb14fb14fb15fb15fc15fd15fe15ff16ff160016001501150215041405140607020201ffffffffffff000000010104010401040204020402040304030403040405050505050505060506050605070508050805090409040a040a030b030b030c030d030e03
838,103500041,-48,11,256,1,0,0,96600900f308f20cf10fef11ed13ec13eb13eb12eb11ed0fef0df20cf60afb0aff0b030d061008140817071a061c031dff1dfc1cfa1afe0600000000000000000000000000000000000000fb03ed04ed05ec06ed06ed07ee06ef05f104f201f3fef4fbf4f8f4f5f4f3f2f1f1eff0eeefeeefeeefefeff0f0f1f2f2f5f3f8f4fbea00100010ff10fe10fe10fd10fd10fd10fc11fb11fb11fa11fa11f911fa12fa13fa13fa13fa13fb12fb12fc12fd13fe13fe14ff13001301130206010200ffffffffffff0000030108030704070407050705080608050805090508060906090609060a060a060a060a050a050b050b050b040c040d030d030d020e020e020e02
839,103614929,-47,11,256,1,0,0,7660070008f708f209ed0ae90be60ce40de30ee30fe50ee70dea0aee07f102f4fdf7f7f8f1f7ecf5e9f3e6efe6ece7e9eae7ede5f1e5fcf9000000000000000000000000000000000000fd02f50bf50df40ef30ff20ff20ff10ff20ef40df60cf90bfc0b000b040b080c0b0d0e0f1010121113121312121111100f0e0d0b0c08e900ee08ed09ed09ed0aed0bed0ced0dee0dee0dee0eed0eed0fed0fed10ec10ec10eb10eb0feb0fea0eea0dea0cea0ce90be909e808e806e705f701fd0000ff00ff00ffff00fd00f901f901f801f801f701f701f601f601f501f400f300f300f200f200f200f200f100f101f001f002f002f003ef03ef04ef04ee05ee05ed06
840,103621216,-47,11,256,1,0,0,76600700f4f9f0fbebfce8fce5fce2fbe1fae1f9e2f9e4f9e7f9ebfaeffcf300f704f909f90ef813f617f219ef1aec19ea17e814e711f90400000000000000000000000000000000000004001000100011001200130113011302120110010eff0cfd0bfb09f808f507f206ee06ec07ea07e807e707e707e806ea05ec03ef01f1ef000a0e0b0e0c0e0c0e0d0e0d0d0e0d0e0d0f0d100d100d110c110d120d120e120e120f11101110111010110f110e110e120d120c130a14091403070002ffffffffffff0000000100050005000500060006000700070108010801090109010a010b010b010b010b010c020c020c030c030d040d050d060e070e070e080e090e
841,103701099,-43,11,128,1,0,0,1ee0010007f306ed07e908e509e20be10de00ee10fe20fe50ee80bec07f003f2fef4f8f4f4f2f0efeeecede9eee6f0e4f3e3f6e3f9e4fef90000000000000000000000000000000000000103060f07100711071107110712071207110810080e090c0b0a0d070f0512031502170119011b011c021c031b0318031602140012ff
842,103701749,-43,11,128,1,0,0,1ee00100f407f30bf10fef12ec13ea14e913e813e811e90feb0def0bf309f809fd0a020c050f071208160718061a041b011bfe1afc19ff0600000000000000000000000000000000000000fc03f103f003ef03ee03ee03ee03ee02ee01ef00f1fef2fcf3f9f3f6f4f3f5f0f4eef3ecf3ebf2eaf1eaf0ecf1edf2eff4f1f6f2f8
843,103756635,-44,11,128,1,0,0,1ee00100f3f9eef9eaf8e6f7e3f6e2f4e2f3e3f2e4f2e7f2ebf4eff7f3fbf6fff805f90af90ff713f517f218f018ee17ed15ec12ec10fb0300000000000000000000000000000000000004011004110412051305140614061306120510040e020dff0bfb0af809f409f009ec0ae90be70ce60de60de60de80beb09ee06f004f2
844,103758810,-44,11,128,1,0,0,1ee00100fe0d01120216021a011d001fff1ffd1ffd1dfc1afd16fe12000d030807040c011000150019011b031c051b071a09170a150c0503000000000000000000000000000000000000fffbfdeffdedfcecfdebfdebfdebfeebfeecfdeefcf1faf4f7f7f4f9f1fcedfdeafee7ffe5ffe4fee2fee3fde5fce8fdebfeee00f101
845,103759268,-44,11,128,1,0,0,1ee001000b061005150619071c091d0b1c0c1c0d1a0d170c130b0f080c04080006fa06f507f009ec0be90de810e812e913eb13ee13f104fc000000000000000000000000000000000000fbffeffdedfcecfcebfcebfbebfbebfbecfbeefcf1fef301f405f608f70cf710f713f616f518f419f31af31af318f515f712fa0ffc0d
846,103760297,-44,11,128,1,0,0,1ee0010007f608f209ee0beb0ce80ee80fe810e910ea0fed0df00af306f601f8fcf9f7f9f3f8eff6edf3ecf1ecefededefecf2ecf4edfdfb000000000000000000000000000000000000fe03f70df70df60ef60ff50ff50ff50ff60ef80dfa0cfd0b000a040a080a0b0b0e0c110d120e130f1310131111100f0e0d0b0b090a06
847,103760820,-44,11,128,1,0,0,1ee001000b000ffe13fc17fc1afc1bfd1cfe1cff1a001801140110000bff07fc03f900f5fef0feecffe900e702e604e606e707e908eb02fb000000000000000000000000000000000000fc00f002ef02ee02ed02ed02ed02ed01ee02f002f203f505f807fa0afc0dfe10ff13ff15ff17ff19ff1afe1afe18fe15ff12000f010c
848,103761294,-44,11,128,1,0,0,1ee0010009070d081109150b170d180e171016101510120f100d0c0a0a06070106fc06f707f309ef0bec0eeb10eb11ec12ef12f112f304fd000000000000000000000000000000000000fcfdf3f7f2f6f1f6f0f5f0f5f0f5f0f5f1f5f2f7f3faf4fdf500f504f407f40bf30ef110f012ef13ee13ee13ef11f10ff30df60bf90a
849,103761727,-44,11,128,1,0,0,1ee00100000c041106150719071c061e051f041f031d021b01170112020d040707030cff10fd14fb18fc1bfd1cff1d011b03190517070501000000000000000000000000000000000000fefcfbeffaeefaedfaecfaebfaebfbebfbecfaeffaf2f8f5f6f8f3fbf1feee00ea02e703e503e403e203e202e401e701eb01ef02f204
850,103762965,-44,11,128,1,0,0,1ee00100ff0c01110316041a031d021f0120001fff1efe1bfe17ff12000d030807030b0010fe15fd19fe1bff1c011c041b06190817090502000000000000000000000000000000000000fffcfeeffeeefeecfeebfeebffebffebffecfeeefdf1fbf4f8f6f5f9f1fbeefdeafee7ffe5ffe3fee2fee2fde4fde8fdebfeeefff101
851,103764309,-44,11,128,1,0,0,1ee0010002f300edffe9ffe5ffe100e002df03df04e104e304e802ed00f2fdf7f9fbf4feef00ea00e6ffe3fee2fce2fae4f7e6f6e8f4fafd000000000000000000000000000000000000ff03fc0ffc11fc12fc13fb14fb14fb14fb13fd11fe0e010c040a08080c0610051405170519051b061c071c071a071707140511030e00
852,103815927,-45,11,128,1,0,0,1ee0010009f40af00bee0deb0eea10ea11ea11eb11ec10ee0df00af207f403f5fef5faf4f7f1f5eef4ebf4e9f5e7f7e6fae6fce7fee8fffa000000000000000000000000000000000000000403120212011300120012ff11ff10000e020c040a060909080c070f071107130815091509160a150a150a130911080f060d030d01
853,103821837,-44,11,128,1,0,0,1ee00100040d08110a140b170b1a0a1c091c081c071a061805140510050b070609010dfd10fb14fa18f91afa1bfc1cfe1b00190217040501000000000000000000000000000000000000fdfcf5f1f5f0f5eff5eef6eef6eef7eff8f0f8f3f7f6f6faf4fdf201f004ee06eb07e808e709e608e507e607e806eb05ef05f306f607
854,103822429,-44,11,128,1,0,0,1ee00100f50af40ff212ef15ed16ec16eb16eb15eb13ed10f00ef40cf80afd090309080a0c0c0f0f1112111410160e170c1809170717010500000000000000000000000000000000000002fc08f009f00aef0bef0bef0cf00bf10af207f304f401f5fdf5f9f4f6f3f2f2eff0edefecedececececedecefedf1f0f3f3f4f7f5fa
855,103822911,-44,11,128,1,0,0,1ee00100f3faeffaebf9e9f8e7f7e6f5e7f4e7f4e9f4ebf5eef7f1f9f5fdf701f905f90af90ef711f513f314f114ef13ef12ef0fef0dfb0300000000000000000000000000000000000003000f021002110311041104110510050e040c030a0009fd08fa07f606f306f007ed08eb09ea0ae90be90bea0aec09ef06f103f301f4
856,103823434,-44,11,128,1,0,0,1ee0010007f307ee09ea0ae70ce50de40fe50fe60fe70eea0bee08f104f4fff6faf7f5f8f1f6edf4eaf2e9efeaedebecedebf0ebf2ebfcfa000000000000000000000000000000000000fe03fa10fa11f912f812f712f711f710f80ffa0dfd0c000a040908090c090f09120a150c160d160e160f160f140e110c0e090c060b03
857,103823965,-44,11,128,1,0,0,1ee00100f1fdecfee8fee5fde2fde1fbe1fae2fae4f9e7f9ebfaeffcf3fff703fa08fc0cfd11fc15fb18f91af71bf51af318f316f214fc040000000000000000000000000000000000000400100111021302130313031304120411030e010cff0afc08f906f505f205ee05eb05e806e607e608e508e607e806eb04ee02f2fff4
858,103824524,-44,11,128,1,0,0,1ee00100fcf2f9edf7eaf6e6f6e4f7e2f8e2f9e2fae4fbe6fbeafbeffaf4f9f9f6fef201ee04ea05e705e403e302e300e4fee6fce8fafafe0000000000000000000000000000000000000103060f0610061106120612051205120410050d050a070709040c010ffe12fc15fb17fa19fa1afa1bfb1afc18fc15fd11fc0efb0bfa
859,103899639,-57,11,256,1,0,0,bff00b00f0f3f0f3f0f3eff3eef4eef4edf4ecf5ecf5ebf5eaf5eaf5e9f5e9f4e9f4e9f3e9f3e9f2eaf1eaf0ebefebefeceeededeeecfbfb000000000000000000000000000000000000fffcfef3fef3fef3fef3fef3fef2fef2fdf2fdf2fdf1fdf1fdf1fcf1fcf1fbf1fbf1faf1f9f1f9f1f8f1f7f2f6f2f6f2f5f2f4f2f4f18800ebe1e9e1e7e2e6e2e5e2e4e2e2e3e1e3e0e4dfe4dee4dde3dbe3dae2dae1d9e0dadfdadddbdcdddbdedadfd9e1d8e2d6e5d5e8d2ebd1edcff9eefefa00010001ff00fffdfff7fee7ffe700e700e701e701e701e701e601e501e500e400e400e3ffe3ffe3fee3fde3fce2fbe2fae2f8e2f6e2f5e2f3e2f2e1f0e1efe1eee0
860,103901774,-44,11,128,1,0,0,1ee00100030c07100a140b170c1a0c1c0a1d091d081c071905160511050c060608010bfd0ffa14f818f81af81cfa1dfc1cff1a0219030601000000000000000000000000000000000000fdfcf7f0f7eff6eef6edf6edf7edf7edf7eff7f1f7f4f6f7f5fbf3fef101ee04eb06e907e708e608e508e407e606e906ed05f006f306
861,103905794,-44,11,128,1,0,0,1ee00100f8f6f3f5eff3ecf1eaefe9ece9ebe9eaebeaedebf0edf3f1f5f5f7fbf700f606f40af10eee10eb10e810e60ee50be608e606f90100000000000000000000000000000000000003020d090e090f090f0a100a100a100a0f090e070d050c030c000cfc0cf90cf50df20fef10ee11ed12ec12ec11ed0fef0df10af308f4
862,103906211,-48,11,256,1,0,0,7770070005080a090e0a120b140d160e161016101510130f100d0d0b0b07090307fe07f809f30bef0eec12eb15eb18ed1aef1af31af606fd000000000000000000000000000000000000fdfcf7f3f6f2f6f2f5f2f5f1f5f1f5f2f6f3f6f4f6f6f6f9f6fcf5fff402f204f107ef09ee0bee0ced0ced0cee0cf00cf20bf50af809e700feeffdeffceefbedfbedfaedfaedf9edf8edf7edf7edf6edf6ecf6ecf6ebf6eaf6e9f7e9f7e9f8e9f9e9fae8fbe8fce8fde8fee8ffe800e800f700fd0000ff00ff0000ff01fe02fb02fb03fb03fb03fb03fa03fa03f903f904f804f804f704f704f604f604f504f503f403f403f402f302f301f201f200f100f1fff0fff0
863,103906476,-44,11,128,1,0,0,1ee00100f708f70ef712f516f318f21af01aef19ee18ef15f012f30ff70cfc09010807080c09100b130e14111414121610170d180a18020600000000000000000000000000000000000001fc05f005ef05ee05ed06ed06ed05ed05ee04ef02f0fff2fdf2f9f3f6f5f3f5f0f5edf4ebf3e9f3e8f2e8f2eaf2ecf3eef5f0f8f2fa
864,103906899,-44,11,128,1,0,0,1ee001000b030f0114ff18ff1bff1d001e011e021d031b04170413030e010afe06fa04f503f103ec04e806e609e50be50ee60fe910eb04fb000000000000000000000000000000000000fc00ef02ef02ee03ed03ed03ec03ec04ed04ef04f105f307f508f80bfa0dfc10fd13fe15ff17ff19fe1afe1afe19fe17ff140011010e
865,103908276,-48,11,256,1,0,0,77700700f405f309f20ef011ee14ec16eb16ea16ea14eb12ed10f00df40bfa09000905090b0c0f0f12131317121b0f1e0c1f081f051f010700000000000000000000000000000000000003fd0ef70ff70ff60ff510f510f50ff50ef50cf50af508f505f402f3fff2fcf1f9eff7edf5ecf4ebf3eaf3eaf3ebf4edf5eff6f2f6f5e60012fe12fe13fd13fc13fb13fb13fa13f914f914f814f715f615f516f516f517f517f518f618f618f718f718f818f919f919fa1afc1afe1a0009000200ff00ffffffff0000010102040304030403040304040404040504050406040605070508050805090509050a050a050b040b040c040d030e030e020f020f0110011001
866,104023759,-43,11,128,1,0,0,1ee00100f5f6f1f5edf4eaf2e9f0e8efe8ede9ecebecededf0eff2f3f4f7f5fcf500f405f208ef0bec0ce90ce70be609e606e703e702fa0000000000000000000000000000000000000004ff10ff11ff11ff12ff12001100110010ff0efe0dfd0bfa0af809f508f208f008ed08eb09e90ae90ae80be80aea09ed07ef05f102f2
867,104025022,-43,11,128,1,0,0,1ee00100f306f10aef0dec0fea11e911e710e70fe70de90bec09ef08f407f908fd09010c040f061206160618041a011bff1afc19fb17fe0500000000000000000000000000000000000001fc05f005ef06ef06ee06ef06ef06ef05f003f101f2fff3fcf3f9f3f6f3f3f2f1f1eff0eeefedeeedeeededefeef1f0f2f3f3f6f4f8
868,104026703,-44,11,128,1,0,0,1ee00100f2f7edf7e9f6e6f5e4f3e3f1e3f0e4efe6efe8efebf1eff4f2f8f4fdf502f507f30cf00fed11ea12e711e50fe50ce609e606f90100000000000000000000000000000000000004ff12fc12fc13fc14fd14fd13fd13fd12fd0ffc0dfa0bf809f507f206ef05ec05e906e706e507e508e408e408e607e905ec02ee00f0
869,104027173,-44,11,128,1,0,0,1ee00100fa0efa13fa17fa1af91df71ef51ef41ef41cf419f515f712fb0eff0b040909090e0a120c140e15111514131611170d170b170205000000000000000000000000000000000000fefbf9eef9edf9ecf9ecfaecfaecfaedfaeef9f0f8f3f7f5f4f8f1faeefcecfde9fde6fde5fde4fde3fce3fce5fce8fcebfdeefff001
870,104027633,-48,11,256,1,0,0,96611900fff1fcedfaeaf9e6f8e4f8e2f9e1fae1fbe2fce5fce8fcecfbf1f9f6f6fbf2ffed01e802e401e1ffdffddff9e0f6e3f3e5f1f9fc000000000000000000000000000000000000000403110312031302130213021301120210030e040c060908070b050e03110214011600180019001900190017ff15ff12fe0ffc0dfbed00fa07fa07fa08fb08fb08fb09fb09fb09fc09fc0afc0afc0afd0afd0bfc0bfc0bfc0bfc0bfb0bfb0bfb0bfb0bfa0bfa0af90af909f809f809fd03ff0000ff00ff00ffff00fe00fb00fb00fb00fb00fb00fb00fb00fb01fa01fa01fa01fa01fa01fa02fa02f902f902f902f903f903f903f904f904f904f905fa05fa05fa06
871,104027891,-44,11,128,1,0,0,1ee001000df810f412f115ef18ed1aed1bee1bef1bf119f315f511f70cf706f701f5fdf2faeff8ebf8e7f9e4fbe2fde200e202e404e601f9000000000000000000000000000000000000fe04f811f711f712f612f612f611f611f710f90ffc0dff0d020d060d090e0c0f0f101112121312141215121510140e110d0e0c0b0b08
872,104028507,-44,11,128,1,0,0,1ee00100f000ec03e905e506e206e105e003e002e101e400e8ffec00f102f604fa08fd0cfe11fe15fd19fb1bf91cf61cf41af217f115fc0500000000000000000000000000000000000003fd0ef40ff410f410f411f511f510f50ef50cf609f606f403f300f1fdeffbecf9eaf8e7f8e6f8e5f9e4f9e4fae6fbe9fbedfaf0f9f3
873,104028971,-44,11,128,1,0,0,1ee00100010e04120616071a071d061e041f031f021d011b01170112020e050908040c021100150019011b031c051c071a09180b160d0503000000000000000000000000000000000000fdfcf4f1f4f0f4eff4eff4eff5eff5eff5f1f6f3f5f6f4f9f3fcf1ffef02ec05ea06e707e607e507e407e406e605e905ed05f006f307
874,104030350,-48,11,256,1,0,0,366553000c0110ff14fe17fd1afd1bfd1cfd1cfe1aff18ff14ff10fe0cfd07fa04f700f3feeefeeaffe600e303e206e109e30be50ce803fa000000000000000000000000000000000000fbffeefdeefcedfcedfbedfbeefbeffbf0fcf2fdf400f602f705f808f90bf90ef911f914f915f916f916f916fa14fb12fd10ff0d010af300f4f2f3f2f2f2f1f3f1f4f1f4f0f4eff4eef5edf5edf6edf6ecf7ecf6ecf6ebf6ebf5ebf5ebf5ebf5ecf5edf4edf3eef3eef2eef1eff0f0f0fafafefe0000ff00ff0000ff00fc01f701f701f701f701f601f601f500f500f500f5fff4fff4fff3fff3fff3fff2fef2fef2fdf2fdf2fcf2fbf2faf1f9f1f8f1f7f1f7f1f6f1
875,104030743,-44,11,128,1,0,0,1ee00100020e051207160819081c081e061e051e041d031a02160212030d050808030c0011fe15fe19fe1b001c021c041b071809160a0502000000000000000000000000000000000000fdfcf4f1f4f0f4eff4eef5eef5eef5eff6f0f6f3f6f6f5f9f3fcf1ffef02ed04ea06e807e608e507e407e407e606e905ed05f106f407
876,104032493,-44,11,128,1,0,0,1ee00100f8f4f3f1f0eeeeebece9ece7ede6eee5f0e6f2e8f4ebf6f0f7f5f7fbf600f405f109ee0bea0de70ce50be409e406e503e601f90000000000000000000000000000000000000003020d0b0e0c0e0d0e0e0e0e0e0e0d0d0d0c0c0a0b070b030c000dfc0ef810f511f313f115f016ef17ef17f015f213f310f50cf509f5
877,104033794,-44,11,128,1,0,0,1ee00100f6f6f2f5eef4ebf2eaf0e9eeeaedeaececedeeeef1f0f4f4f6f8f7fdf802f707f50bf30ef010ee11ec11ea0fe90dea0aea08fa0100000000000000000000000000000000000003020d080e090e0a0f0a0f0b0e0b0e0a0d090c070b050a020afe0bfb0bf70cf40df10fef10ee11ed12ed12ee11ef0ff10cf309f406f5
878,104034983,-44,11,128,1,0,0,1ee001000bfc0ff912f615f518f419f41af51af619f717f914fa0ffb0afb05fa01f8fdf5faf1f8eef7eaf8e8fae6fce5fee600e702e900fa000000000000000000000000000000000000fc01f106f006ef07ee07ee07ee06ee06f006f206f506f807fb09fe0b010d0310051206150716061806180618051704140410040d0509
879,104039956,-43,11,128,1,0,0,1ee00100fa0afa0ff913f817f719f51af41af31af318f315f412f70ffa0bff08040609050d0611071409160b160e1510131110120e12030400000000000000000000000000000000000001fc04f105f005ef05ee05ee06ee06ee05ef04f102f2fff4fcf5f9f6f5f7f2f7eef6ecf6eaf5e9f4e8f3e8f3eaf4edf5eff7f1f9f3fb
880,104092275,-47,11,256,1,0,0,76600700f301f005ec08e90be60ce40de20de20ce40be609e908ed07f306f906ff0705090a0d0e11101510190f1c0c1e091f051e031d000700000000000000000000000000000000000003010e050f051006110612061206110610060f040d020bff09fc07f806f505f104ed04ea04e803e603e503e503e702e901ecfff0fef3eb00130a1309140815081507160716061606170518051804190419041a041b041b051b051b061a071a08190819091809180a170b170d160e150f07050201ffffffffffff0000010104050405040604060407050705070508060806090609070a070a070b080b080b090b090b0a0b0b0b0b0b0c0b0d0b0e0b0f0b100b110b120b
881,104130482,-48,11,256,1,0,0,766007000a0b0e0c110d140d150f1710171116111510130f110e0f0b0d070c030cfe0dfa0ff612f315f119f11cf21ef51ef81efc1dff0700000000000000000000000000000000000000faffebfcebfaecf9edf8eef8eff8f1f9f2fbf3fef400f403f406f409f30bf20ef110f011f012f012f012f111f310f50ff70efa0cfd0cf600fdf2fcf1fbf1faf1f9f1f8f1f7f1f6f1f6f1f5f2f4f2f4f2f3f2f2f2f2f1f2f1f2f0f2eff2eff2eff2eef3eef3eef4edf5edf6ecf7ecf8ebfdf8fffd0000ff00ff0000ff02fd07f708f808f808f808f808f808f808f808f808f708f708f607f607f607f607f606f506f505f504f403f403f402f301f301f200f2fff1fff1
882,104173149,-48,11,256,1,0,0,76600700f5f4f0f4ecf2e9f1e7efe6eee6ede7ede9edebefedf1f0f4f3f9f4fef503f409f30ef011ec14e914e513e311e20ee20ae307f8010000000000000000000000000000000000000402100b100c100d0f0d0e0e0e0d0d0c0c0a0b070b040b010cfe0dfa0ef70ff510f212f013ef13ef13ef13ef11f00ff10cf208f305f4f40003110311041205120613071308120812091209120a120b130c130c130d130d130c140c140b150b150b160a160a150915071506160417031701080002ffff00ff00ffff00fd02f808f807f807f807f808f808f808f808f709f709f70af80af80af80bf80bf80bf90cf90dfa0dfb0efc0efc0efd0efd0ffe10ff1000110012
883,104242989,-47,11,256,1,0,0,76600700f60bf610f514f417f319f21bf11bf11af118f216f413f70ffb0c000a05080b081009140b170d191018131716141811190e18030600000000000000000000000000000000000002fc0bf00cf00ef00ef00ff10ff20ef30cf409f506f602f5fef5fbf4f7f3f4f1f2eff0edeeeceeeceeeceeedefeef1f0f2f3f4f8f5fbea0012fd13fc13fc14fb14fa14f913f813f713f713f613f614f514f414f414f415f415f415f516f616f616f616f716f716f816f916fb17fd17fe08ff0200ff00ffffffff01000301090409040a040a050a050a050a050a050b060c060c060d060d060d060d060d060e060e060f050f040f0310021002100211011201120012ff
884,104357620,-43,11,128,1,0,0,1ee00100ff0b010f03130417041a041c031d021e011d001aff16ff12000d0208050309ff0dfd12fb16fb19fc1afe1b001a0218051706050100000000000000000000000000000000000000fc00f000ef00ed00ec00ec00ec00ec00edffeffef1fcf4f9f6f6f8f3fbf0fcecfee9fee7fee6fee5fee4fde6fde9fdecfeeffff200
885,104360924,-44,11,128,1,0,0,1ee0010007070c081109150b170d180f1810181116111410110f0d0c0a08080306fe06f807f409ef0bec0eeb10eb13ec14ee15f115f305fd000000000000000000000000000000000000fdfdf3f6f3f5f1f5f1f4f1f4f1f4f0f4f1f5f2f7f3f9f4fcf4fff403f407f40af20df110f012ef13ee14ee14ef12f010f30ef60cf90b
886,104361348,-44,11,128,1,0,0,1ee001000cfe10fa14f718f51cf41ef51ff61ff61ef81cf919fb14fc0efc08fb03f8fef5faf1f8ecf7e8f8e5fae3fce2ffe201e303e501f9000000000000000000000000000000000000fb00ef03ee04ed04ec04eb05eb05ec05ed05ef05f206f507f809fb0cfe0e0011021404170419051b051c041c041b031803150411040e
887,104408155,-43,11,128,1,0,0,1ee00100f5fbeffceafbe6fae2f9e1f8e0f6e0f5e2f5e5f5e9f6eef8f3fbf8fffc04ff09010e01130118001afe1cfb1cf91bf819f617fd050000000000000000000000000000000000000203090c0a0d0b0e0c0f0c100c100c100b0f0b0d0a0a09060a020afd0af90bf40df00fed10eb11ea13e913e912eb10ed0def0af206f4
888,104461507,-43,11,128,1,0,0,1ee00100f202ee04ea06e707e408e207e206e205e404e703eb02ef03f404fa05fe08020b050f071208160718061a041b011a0018fe17ff0500000000000000000000000000000000000004ff10ff11ff13ff140014001301130111000eff0bfe08fb06f803f401f100edffeaffe7ffe5ffe400e400e401e700eaffeefef2fdf5
889,104462724,-44,11,128,1,0,0,1ee001000e0114ff18fe1cfe1ffe20ff210020011e021b02160211000cfe07fb03f7fff2fdeefce9fce5fde3ffe202e104e305e506e701fa000000000000000000000000000000000000fbfeeefbedfaebfaebf9ebf8ebf8ecf8eef9f0fbf3fef501f705f80af90efa12fa16f919f91bf81cf71df71cf719f816fa12fd0e000b
890,104609201,-92,11,128,1,0,0,4ff11441fe0af907f406f307f707f802f6fff903fd02ff000002010400060009fe08fb05f906f907f805f804f903fa00fbfefdfefefeffff000000000000000000000000000000000000fefffb00fc03fd04fc02f901f800fa00fd0001000200ff03fc05fb06fb06f908f907fa04f802f604fa05fc03fc01fb04fb06fd05fc05
891,104814009,-94,11,128,1,0,0,4ff114000b030a020a040a060c050c020902070006fe03fd01fc01fb02fa00fa00f902f702f603f804f805f804f902fa01fc01fc00fbfffe000000000000000000000000000000000000fd00f601f700f8fef8fdfbfefdffff010004fd05fc04fe05fe06ff07ff0bfe0dfc0bfa07fa08fc0cfd0cfe09ff070103020103020504
892,105121212,-92,11,128,1,0,0,4ff11400060608060707070709080807060606040703050102ff000002ff06fe06fe04fb04f904f905f905f905f904fa01fcfffc00fc00fe000000000000000000000000000000000000fffefef8fef8fdfafffb01fdfdfffbfdfdfdfcfffa00fa03fa04f904f803f504f405f501f6fff701f902f701f800fe02030205020505
893,105641251,-43,11,128,1,0,0,1ee0010008070e07140818091b0b1d0d1d0f1d101b10190f150e110b0c07080205fd04f704f105ec06e809e50be40de40fe610e911eb04fb000000000000000000000000000000000000fdfcf7f3f6f2f5f1f4f1f3f0f3f0f3f0f3f1f4f3f5f6f5f9f5fdf401f405f309f10def10ee12ed13eb14eb14ec13ee11f00ff40df70b
894,105702765,-43,11,128,1,0,0,1ee00100fd08ff0e01120216021a011c001eff1efe1dfe1bfd17fd13fe0e0008030307fe0cfb10f914f818f81af91bfb1bfe1a001802060000000000000000000000000000000000000002fd09f609f40af30af20bf10bf10bf10af109f206f404f500f5fcf6f8f7f4f7f0f7edf7eaf6e9f6e7f5e7f5e8f5ebf6edf7f0f9f2fb
895,105704017,-43,11,128,1,0,0,1ee0010007f909f30bee0eea10e712e514e415e415e614e812ec0ff00af405f7fffaf8fbf2fbedf9e8f7e6f4e5f1e5eee7edeaececebfbfa000000000000000000000000000000000000fc00f103f004ee05ed06ec06ec06ec06ed06ef06f207f507f908fd0a010c050e08110b130d150e170f190f190e180c160b130a0f090c
896,106247649,-92,11,128,1,0,0,4ff11400fff2fff0fff000f202f400f6fff7fff8fff8fef8fbfdfafefafdf9fdf9fff7fff5fdf5faf7faf9fdfafdfafcfafdfbfefdfdffff0000000000000000000000000000000000000101060306030602050104000501050002fd01fa04fc06fd06fc05f906f709f808f907f908fa08fc06fc04fb05fb03fafffa00f601f1
897,106657235,-96,11,128,1,0,0,4ff11400030d040d040f030c0108ff06fe05fe030003020402040203020102ff040007000a000a00080107020602040203030301030000ff00000000000000000000000000000000000000fffefbfcfafbfafbfbfdfbfefcfcfef9fef9fef901f803f704f703f801f700f302f002f201f501f700fa00fc01fd03fe03ff040005
898,107715091,-93,11,128,1,0,0,d44eed4102fe01fe01fffefffa03fc070209040601fff9faf8f301ef02f4fbfef908fb0900030301020101fefffdff00030005020507010200000000000000000000000000000000000000ff01fd00fefe0000010100010000fe00fcfffdff00ff010101020004ff02fe01ff0100fe01fffe04fd040001ff00fdfdfef801f502
899,107762939,-95,11,128,1,0,0,f9977f4103ff04fe01fffffefdfcf800f305f609fd0bfd0af904fffd05fe06030300fffffe01fefffefcfdfefdfdfdfafff805fa09fc02ff00000000000000000000000000000000000000fffefefefdfffdfffefe000203030101fe00fd00fefffefd00fc03fe00fffeff00010001fefe01fb04fd030300060006020202ff04
900,107886082,-93,11,128,1,0,0,4ff114000f010f030c080a070a030a020a02090007000501050104fe03fb00f700f501f600f701f802f900f9fffbfefbfffafffafffbfffe000000000000000000000000000000000000fdfef8f9f9f9fbfbfdfdfffc00fdfe00fc02fa02fa04fc06fc07f807f706f905f907fa07f906fa06fd05fd06fc06ff04020104020804
901,107988486,-94,11,128,1,0,0,4ff11400fdeeffee02f101f2fff1fdf2fff400f9fffafef9fdfafdfefc00f802f600f4fef4fcf6fdf9fdf9fff900f9fefafcfb00fe030001000000000000000000000000000000000000ff02ff070005010401030102ff02fe03fd0300ff04fb06fb0a000c020c010bfe08fe0701080009ff09ff08ff05fe03fd04fc03fbfef9
902,108127446,-92,11,128,1,0,0,7ff4474100fffefffe01fcfef4fff201f4fff6fffdff0200000000ff01020004fa07f505f5fffb04fc0af608f504fdfb04f7fefbf8fffd00000000000000000000000000000000000000ff01fc02fcfcfdfb02ff080008fb02f800fb020302050100ff01fe070007ff02fc02fb05fd030002030106fd05fb01fcfffbfefdfffe
903,108202165,-43,11,128,1,0,0,1ee0010000f4feeffdebfce7fde4fde3fee2ffe100e300e500e900eefff3fdf8fbfdf701f304ee05eb05e805e604e502e600e7fee9fdfaff000000000000000000000000000000000000fe03fa0ef90ff911f811f812f811f711f810fa0efc0cff0a030907070b060f0512051506180619071a071a081808150712050f030c01
904,108230727,-43,11,128,1,0,0,1ee001000bff10fb14f818f61cf51ef61ff620f71ff81dfa19fb14fc0ffc09fc03fafef6faf2f7eef6eaf6e6f7e4f9e2fce2ffe401e500f9000000000000000000000000000000000000fc00ef00ee01ec01eb01eb01ea00ea00ec01ee01f102f404f707fa0afd0dff1100150118021a021c011e011e001c001901150111020e
905,108232766,-43,11,128,1,0,0,1ee00100010a040e071109150a180a1a091b081c071b051904160312030d0408050208fe0bfa0ff813f715f718f819f919fc18fe17000500000000000000000000000000000000000000fffcfdf1fdf0fdeffcedfcedfdedfdedfdeefcf0fcf3faf5f8f8f5fbf3fef000ed01ea03e803e603e503e503e602e902ec02ef02f203
906,108233383,-43,11,128,1,0,0,1ee0010006f507f007eb08e709e40be20ce20de20ee30ee60cea0aee06f202f6fdf9f7fbf2fbedfae9f9e7f6e6f4e6f2e8f0eaeeeceefbfb000000000000000000000000000000000000fd03f60df60ef50ff410f410f410f410f50ff70ef90dfc0c000b040b090b0d0b100c130d150e160f171017111610130e110c0f090d07
907,108233912,-43,11,128,1,0,0,1ee001000b0110fe14fc18fb1cfb1efb1ffc1ffd1efe1c00180013000eff09fd04fa00f6fdf2fcedfbe9fce6fee400e303e305e507e701f9000000000000000000000000000000000000fcffefffeeffedffecffebffebfeecfeedffef00f101f403f606f809fb0dfc10fd14fe17fe19fd1bfd1cfd1cfd1bfd17fe14ff11000e
908,108234463,-43,11,128,1,0,0,52200500fbf5f6f2f3eff0eceee9ede7eee5efe5f0e5f2e6f5e9f7eef8f3f9f8f9fef703f508f10cee0eeb0fe80ee60ce50ae607e605f9010000000000000000000000000000000000000103060e070f081008110812081208110810070e080b08080a050c010efe10fb12f815f617f518f41af41af419f516f713f70ff80cf8
909,108236473,-43,11,128,1,0,0,1ee00100000b031005140718081b071d061e051f041e031b01180113010e0308050309fe0dfb11f915f819f81bfa1cfc1cff1a0119030601000000000000000000000000000000000000fffbffefffeeffedffecffeb00eb00ecffedfeeffdf1fbf4f8f7f5f9f2fceffeebffe800e600e400e3ffe3ffe4ffe8ffebffee00f101
910,108237042,-43,11,128,1,0,0,1ee0010008080d09110b150d180f1911191318141714141311110e0e0a09080406fe06f907f309ef0cec0eea11ea13ea14ec15ef15f205fc000000000000000000000000000000000000fdfdf4f4f3f3f2f2f2f1f2f1f2f0f2f1f3f2f4f4f5f7f5faf4fef402f306f20af00dee10ed11eb12ea13e912eb11ed0ff00df30cf60b
911,108241357,-43,11,128,1,0,0,1ee001000a040f03150319031d041e051f071f081e081b09170813070e04090105fc02f700f200ec00e802e504e306e309e40be60ce803fa000000000000000000000000000000000000fcfdf2f6f1f6f0f5eff4eff4eff4eff4f0f5f1f7f3f9f4fdf500f505f609f60df511f414f316f218f119f119f117f314f512f80ffa0d
912,108241978,-43,11,128,1,0,0,1ee0010005080a0a0e0c110e1411151215141415131511130e110b0e080a060505ff05fa06f508f10aed0dec0feb12ec13ee14f114f305fd000000000000000000000000000000000000fefcfbf2fbf1faf0faeff9eefaeefaeffaf0faf2f9f4f9f7f7fbf5fef301f104ef07ec09eb0ae90be80be80be90aec09ee08f207f507
913,108242530,-43,11,128,1,0,0,1ee00100f7f9f2f9eef8eaf7e7f6e5f5e5f3e5f2e6f2e8f2ecf3eff6f3f9f7fdfa02fc07fd0cfd10fb14f917f718f518f316f214f112fc040000000000000000000000000000000000000202080b090c0a0c0a0d0b0e0b0e0b0e0a0d0a0b0908090509010afd0afa0bf60df30ef00fee10ed11ed12ed11ee0ff00df20af307f5
914,108243079,-43,11,128,1,0,0,1ee001000afb0cf60ff112ee15ec17eb19eb1aec1aed18f016f212f50cf707f900f9fbf8f5f6f1f3eef0ecededeaeee8f0e7f3e7f6e7fdf9000000000000000000000000000000000000fc01f004ef04ee05ed05ec05ec05ec05ee05f005f306f607f908fd0b000d040f0612081509170a190a1a0a1b0919081607130710070c
915,108243602,-43,11,128,1,0,0,1ee0010007f607ef08ea0ae50be20de00fdf10df11e010e30fe80cec08f103f5fdf9f7fbf1fcebfbe6f9e3f7e2f4e2f1e4efe7ede9ecfafb000000000000000000000000000000000000fc02f20af10bf00cef0def0eee0eef0df00df20cf50bf90bfd0b020c070c0b0d0f0f121114131614171517161515131310100e0c0d09
916,108437616,-43,11,128,1,0,0,1ee0010008050d04120317031a041c051e061e081d081a09170913080e05090205fd03f801f301ee02e904e606e509e40ce60de80fea03fa000000000000000000000000000000000000fdfef5f8f4f8f2f8f1f8f0f8eff8eff8eff9f0faf1fbf2fdf400f503f607f70af70ef711f614f616f518f418f417f515f712f810fa0e
917,108563903,-92,11,128,1,0,0,5dd66541000000010102fe00fafffcff03fc07fb06fc09fc09fc0afb05fcfffd03fb04fc0003000700040001010200030006010901060001000000000000000000000000000000000000fefffdfdfffffd00fbfffdfcfffdff01fd02ff0201020102ff02fe03ff0201020201020002020102fefefcfcfdfefefe00fafffafdfd
918,108565837,-93,11,128,1,0,0,b33eeb4100fdfffcfffd00ff01fefffdfd02fe06ff02fcf701f109f306f7fffcff06010604fd05fc04fd02fdff0000fffffbfff902f801fd000000000000000000000000000000000000ff00fc00fe00ff0100fffffffefffc00fd00fefefefcfffd00fe02fe02fe01ff01ff01ff020103000000000001ff01ff0204030504fe
919,108583367,-91,11,128,1,0,0,edd99e41ff01ff03fd01fc01fe04020205fb04f703fb06020609020f0008fcfef403f605020005fd01fbfefcff00ff02fa02f500f4fefcff000000000000000000000000000000000000ff00fe00fffe01ff01ff01000001fdfefefc00ff01000000fdfefefc00fd000002010203ff01fefc00fa01fafffcff03ff05fcfffcfd
920,108800767,-92,11,128,1,0,0,cccffc41000100fffffd01fd03fc01fcfbfef6fdf8f8fbf9fd00030007f80bf90bfe04fc01fbffffff030002ffff01fe01fefcfff904fe01000000000000000000000000000000000000fdfff900fd01fffe02fe05010103f903f901ff0000000201050208ff04fdfe00ffff00fdfcfcf9fdfcfd00fc00fc00fbffffff02fd01
921,108961291,-93,11,128,1,0,0,9bbdd94102ffff00fcfffcfffafffbff0203040200ff05010c020e000802000306ff06fdfd00fa01fe0100fe02fd02fffd03f905f905fe0100000000000000000000000000000000000000fe02fc03ff03020002fe00fe00000000fefefdff0001020205000500030001ff00ffff00ff00010001fffffcfefcffff000001ff06
922,108965091,-93,11,128,1,0,0,1bb77141fdfdfffd01fe01fb01fa02fa05fb06fffc07f609000203fdfa00f904ff04000500060304010200010004fe04fd01fcfff902fe01000000000000000000000000000000000000ff00feffffffffff0000ff01fe0200010100fffefffd00fd00ff0102ff03ff03000000ff010003ff02000002fe01fe00fffffefcfffb
923,108999511,-95,11,128,1,0,0,233dd241010005fe04000102fe03fd04fe08000a030507fb0cfc0a060508080007f702f8fffb01fa02fafffefe02000204ff0200fd05fe01000000000000000000000000000000000000fefffc00fe00fffffffe00ff000102020101fe00fefffeff01ff02ff02ff01fefefefeff00ff02000400040003ff02ff02fe02ff00ff
924,109065594,-93,11,128,1,0,0,f6688f4102fdfffef900f6fdfbfa06fa09fe0003fc06000406000602050708060502fc03f901fe0006090409f701ee00f5030002ff04fe01000000000000000000000000000000000000ff00fe01000001ff0001ff02ff01ff00ff00000100010101000101fffffefcfefdff01fe0100ff02fe01fd01fd02fe0000feff00fd01
925,109078286,-95,11,128,1,0,0,fbbfff41000102020103fefefef4fef4f9f9f9ffff050304040103020000ffff0003000304010705030508fe08fbfcfbf7fff900f9fefeff00000000000000000000000000000000000000000000010002000100fe00fe00ff00ff00fe01ff0101fffffffc00fd02000002fe030002050005010201ff01fe02ff00fefffd00ff
926,109115015,-93,11,128,1,0,0,4ff11441f7eefbf2fef7fcf6fbf3fdf2fcf3fcf6fef8fef7fdf7fdf9fbfaf9fcf7fef500f7fff9fcf9faf8faf8f9faf9fbfbfcfbfdfbfffe00000000000000000000000000000000000001ff04fd03fe04ff0401030003fc03fafff7fff900fb00fa02f805f506f404f703f703f504f607fa08fc06fb01f6fdf6fdfafbfaf7f2
927,109191004,-95,11,128,1,0,0,3999934102fb01fbffff02000303fd08f90af90afa06fe00fefdfcfefefffefdfcfafef901fdfe01fd0401080105ff03fe06010509040301000000000000000000000000000000000000ff00ff0002ff02000002000101ff01ff01ff02ff01fffefffdfefeff0001010001ff01fefefefb00fc00fffdff00ff040100fefef804
928,109194342,-94,11,128,1,0,0,1ff66141fffe00fd01fffe01ffff03fc01fafbfbfdff04010904080b07080200f801f80200ff04010102fefffefffffffcfcfcfafff800fd00000000000000000000000000000000000000ff01fefffefefdfdffff00010004010403020101fe00fd01fd00fc00fe0001ff02ff01fe00fd01fe02000100ff00fffd02fa04fb01
929,109200537,-93,11,128,1,0,0,d6699d41fd01fd01fcfffe00fc03fa06fb09fd09fe04fefefffefffdfefbfefefc06fd090308030b010b0409060504fe00fa02fc06ff01ff000000000000000000000000000000000000ff00ff010100ff00fe0000010002fe01fefffffe01ffff00fd00ff01ff03fc04fc00fdfefefefcfefbfefdfffeff00fd02fd00fefefd
930,109217417,-92,11,128,1,0,0,4ff11441fcf5fef3feeefeed00f201f600f6fef7fdf9fcfafbfbfbfef800f601f600f7fef7fdf8fff801f900fafffafdfbfdfbfefc00ff00000000000000000000000000000000000000000102060204000400040003000002ff040003fe03fe040007010b010a020b040c060906050405020602060102fcfffafffcfefcfcfc
931,109248057,-95,11,128,1,0,0,c2222c41010102030000ff03fd08fa08fa07fe060203030001020104020303020502070207010204fe0cfc0efa0b000907070205fa02fd000000000000000000000000000000000000000000ff01fdfffdfefffffe00fdfefdfefe010102000001fe02fffe02fd01fe01fe0100fffffefbfefcff0000010000ff01ff03000402
932,109372970,-92,11,128,1,0,0,b8888b410000010000fffefefdfcfcf9fcf9fdfbfd02fe08fb06f7fff4fcf702fc08ff06060406050105ff0200fefdfff900fafbfff500fd00000000000000000000000000000000000001ff04fe02feffffff0100fffffcfdfd00ff01fe01fd03fd00fdfefe00ff030104020100ff0100030002010001fe02ff0102ff0100ff
933,109377474,-93,11,128,1,0,0,e1122e4100030003ff01fd01fd01fa00f802f705f6fef8f9feff05fe07f509fa0b010afe06fefffefdfdfeff02ff030302050100fffafffe000000000000000000000000000000000000000000ffffffff00fe02fe04ff02fffffefefefefeff0000ffffff01000100fffffe00ff0100010000fffefffefffe00fb01fb01fe02
934,109395119,-94,11,128,1,0,0,8eecc841fdfffefe02fc02fefffd00fb05020304ff0005060c0c0d090703010108070807fc00f9fefdff000001000200fefffafdf9fcfefe000000000000000000000000000000000000fffffffffffffefffe00ff00fffffffeffffff01fd03fd0201ff04fd03fffffefdfefe000101030003fd01fdfffefefe010002020102
935,109399332,-93,11,128,1,0,0,faaddf410403040001ff00fb01f502f406f407f70501020601040000fffe00fc01f904f809fb05f900f604f405f604000307050408fd01fe00000000000000000000000000000000000000000101ffffff000201ff01fd00fe01fe01fd00000002020202fffefffcfffdfdfefcfefefffffffefefeff01010201000101ff02fd
936,109412787,-92,11,128,1,0,0,433ee441fc00fd02ff0002ff03ff01fcfafbf7fefe0008000a05030c000a0301fff8fdf9fdfffc0000ff040004ff00fffb01f900f8fdfeff00000000000000000000000000000000000000ff00feff01000100ff00fffffefdfcfdfefefffefcfefcfefefcfffafefcfdfcfcfcfefdfffeff0100020301030001010103010302
937,109629649,-94,11,128,1,0,0,522dd5410000020101020103020101ff00fefcfdf5fef5fcf8f7f8f7fdf808f607f304f806010300fffb00fd00fffefefefdfffafcfbfeff00000000000000000000000000000000000000000002ff00fe00fe00fefefefefffffe01fe01010002ff03ff010000010003fdfefcfafffc00fd01fe010001ff02fa01fb02000601
938,109891923,-93,11,128,1,0,0,388aa34101020203ff01fc03fb0400020706070603fefbfbf6f9faf4fbf7fd000506050302fc02fa01fcfffe0201040001fd00fa03f901fe000000000000000000000000000000000000ff01000201fe00ffff01ff00ff00ff02fe01fe01fefffdfefefe00ff0000ffff00ffff00fd00feff00fd04fe050001fffeff00fe03fe
939,109951974,-93,11,128,1,0,0,999ff941feff00fefc00f402f403f902fb01fb01fbfffd00fe01fefefefc01fefdfdf6fbf3fdf4fdf5fbf8fcfd00fe01fdfd00fe02ff00ff00000000000000000000000000000000000000ff0000ff00fefdfffd01fefffdfefcfffdffff000003fe02fdfefcfefd01000202010001fd01fd0101010100fefffdfefdfdfeff02
940,110250791,-42,11,128,1,0,0,1ee00100fd0aff100015001a001eff20fe21fd22fc20fc1efc19fc14fe0f0009040408ff0dfc12fa17fa1afa1cfc1dfd1dff1b021a04060100000000000000000000000000000000000002fc0af20af10bef0dee0ded0eed0eee0eef0cf109f305f400f5fbf6f6f7f1f7edf6e9f5e6f4e5f3e3f2e3f1e5f1e8f3ebf5eef8f1fa
941,110252730,-42,11,128,1,0,0,1ee00100fcf7f8f3f5f0f2ecf0e9efe7efe6efe5f1e5f2e7f4eaf6eef8f3faf9fbfffa04f90af60ef411f113ef14ed14ec12eb10eb0efa03000000000000000000000000000000000000fe03fa0dfa0ef910f912f913f813f813f812fa10fb0dfe0b0108050609040d01110015ff18ff1aff1cff1c001b001800150011ff0ffe
942,110253200,-43,11,128,1,0,0,1ee00100f9faf3f9eef8eaf7e6f5e5f3e4f2e4f1e5f1e7f1ebf3eff5f3f8f7fcfb01fd07ff0c0011ff15fe18fc1afa1af81af718f616fd050000000000000000000000000000000000000003010d020f0311031203130314031403130311030e040a050607020afe0cfa0ff712f414f316f217f118f117f215f412f50ef60bf7
943,110254571,-43,11,128,1,0,0,1ee0010005070b0a100d141017131815191618171717151612130e100b0b070605ff04f904f305ed07e909e60be40de40fe610e811ea04fa00000000000000000000000000000000000000fc02f102ef01ec01eb02ea02e902e902ea02ec01effff3fcf6f8faf5fef101ed03e906e607e407e207e107e207e506e905ec05f005
944,110255023,-43,11,128,1,0,0,1ee0010007040e04140418051c061f082009200a1f0a1c0a190914080f05090205fd01f8fff2fdedfde8fee500e202e104e206e408e502f9000000000000000000000000000000000000fefcf9f2f8f0f7eff6edf5ecf5ecf6ebf6ecf7eef8f1f8f5f7faf6fef503f408f10cef10ed12ec14ea15e915ea14ec12ef0ff20df50c
945,110255547,-43,11,128,1,0,0,1ee0010008040e03130219021d031f042005210620061d07190714060f04090104fd00f8fcf3faeefae9fae5fbe3fde2ffe201e303e400f9000000000000000000000000000000000000fefcfaf2f9f0f7eff6edf6ecf5ecf6ebf6ecf7eef8f2f8f5f7faf7fef603f408f20cf010ef13ed15ec16eb16eb15ed13f010f30df50b
946,110257442,-43,11,128,1,0,0,1ee001000108060d09110c150e180e1b0e1d0d1e0c1e0b1c09190714050f0409050206fc09f70cf310f013ee16ee18ef19f119f319f606fd00000000000000000000000000000000000001fc04f104f004ee04ec05eb05ea06ea05eb05ed03f001f2fef5faf8f6fbf2fdedfee9ffe600e400e2ffe1ffe2ffe5fee8ffec00ef01
947,110297885,-43,11,128,1,0,0,1ee00100f601f305ef08eb0be80ce60de40ce40ce40be609e907ed06f205f705fd060207070a0a0d0c110d130d160c180a1807180517010500000000000000000000000000000000000003000e000fff11ff12ff13ff13001400130011000eff0bfd08fb05f802f500f2feeefdeafce8fce6fce4fde4fde5fee8feebfeeffdf2
948,110299755,-43,11,128,1,0,0,1ee0010009fc0df711f314f018ee1aee1cee1def1cf01af217f413f60df807f901f9fbf8f6f5f2f2efeeeeebefe9f0e7f1e6f4e6f6e6fdf9000000000000000000000000000000000000fc00f001ee02ec02eb02ea02e902e902ea02ed02f002f304f706fb09fe0c010f031305160619071b071d061e051c041904160412050e
949,110300375,-43,11,128,1,0,0,1ee0010009000efd12fb16f919f91cf91dfa1dfb1cfc1afd17fe12fe0dfe08fd03fafff7fbf4f9f0f8ecf8e9f8e7fae5fce6fee700e800fa000000000000000000000000000000000000fcfff2fcf0fceefcedfbecfbecfbecfaedfaeffbf1fdf4fff602f806fa09fc0dfd11fd15fd17fd19fc1bfb1bfb1afb17fc14fd11fe0e
950,110300846,-43,11,128,1,0,0,1ee00100fc09fe0fff150019ff1dfe1ffd20fc21fb1ffa1dfb19fb14fd0f000a040509010efe13fd17fd1afd1cff1d011c031b051907060200000000000000000000000000000000000001fc07f108f008ee09ed0aec0bec0bec0bed09ef07f104f300f5fbf6f6f7f2f8edf7e9f7e6f6e5f5e3f4e3f3e5f3e8f4ebf6eef8f1fa
951,110301426,-43,11,128,1,0,0,1ee0010009000efd12fb16fa1afa1cfa1dfb1dfc1cfc1afd17fe13fe0dfe08fd03fbfff7fbf4f9f0f8ecf8e9f9e7fbe6fce6fee700e800fa000000000000000000000000000000000000fcfff1fcf0fceefbedfbecfbecfaecfaedfaeffbf1fcf4fff602f806fa0afc0efc11fd15fd17fc19fb1bfb1bfa19fb17fc14fd11fe0e
952,111674987,-93,11,128,1,0,0,4ff11441f4fbf3f7f5f3f6f6f6f8f8f9f9faf8fbf7fcf8fdfc00ff03fe04fc04fc04fb03f804fa06fd07fd06fc06fc04fd03fd03fb02fe000000000000000000000000000000000000000200090107ff0600030101020102010103fe04fb03fa03fc03fb05f806f806f906fa06fc06fa06f706f805f903f900f8fff9fefcfafa
953,112495806,-91,11,128,1,0,0,4ff11441eefef1fcf2fdf1fff6fdf7fcf4fcf4fbf8fcfcfffcfffa00fb03fe05fe05fe06ff08ff07fe05fe05fb04fa04fb04fd03fd02ff0000000000000000000000000000000000000001ff04ff020102010400040001ff0001000101fd02fb00fa02f805f604f4fff2fcf200f205f706fb04fb01fb03fa02fc00fffdfff902
954,112596594,-92,11,128,1,0,0,4ff11400070609070b060a0508060706050404020602080106ff03fd02fc03fb05f904f805f807f908fa08fa07fc05fd04fc02fcfffdffff000000000000000000000000000000000000fefefafafbfbfcfdfbfefbfefcfefd00fd02fc03fb03fa05fa06fa07f909f80af709f608f905fc03fc02fd02fe020102060107010502
955,112699010,-94,11,128,1,0,0,4ff114000d0311040e020c010d010c0109ff08fe07fd05fe01fefffcfdfdfdfdfcfcfafbf8f8faf8fcfafcfdfbfefbfefcfefdfdfcfcfefe00000000000000000000000000000000000001ff04fe03fc03fc03fd01fdfefdfdfefdfefcfefbfef9fff7fff6fef600f603f604f501f6fef9fefafffa01fb00feff020104050308
956,113313423,-92,11,128,1,0,0,4ff114410a070e070d060907070909070a040804060403050304050108ff07fd06fe08ff09000a0109020803070307000701050204010100000000000000000000000000000000000000fe01fb06fe06ff05fe02fd01fd0300040204040404050405040405050508050b05090209fe0bfd09fe07ff06ff020201020202030605
957,113825523,-92,11,128,1,0,0,4ff1140001f503f304f003ef04f106f308f406f501f6fef6fef9fdfafbfcfafef900f701f5fdf7fbfafcfafbfbfbfcfcfcfcfcfdfcfdffff00000000000000000000000000000000000000010304020502060006010502020000ff000100040006ff070008020803080209010a01090408040604050504030300030002ff02fc
958,113875900,-97,11,128,1,0,0,822cc841fcfdfefefefffe00020004fd04f903f7fcfaf5fef8f805f609f8fdf7f6fafdfcfefefcfefefc00ff010102ff03fc0500050701020000000000000000000000000000000000000101030201fefffd00ff0100010100010000fefffbfffa00fd0001030203010000fdfffdfffd00ffff00000001fffffdfefcfe00fd04
959,113906812,-91,11,128,1,0,0,b8844b41fefefdfefffe02fe040106020505050b08070aff0302f902f7fbf8fff804fa00fdfe01fb02fc0000fcfefafffa01fcfe00fa00fe00000000000000000000000000000000000000ff01fd00fefefefefefefffe00ff01ff01ff0002000302010200020002ff0100fe02fe0301010100000001ff04ff060206040005f8
960,114345673,-49,11,128,1,0,0,1ee00100eaf4eaf4eaf4e9f4e9f5e9f5e8f5e8f5e7f5e7f5e7f5e7f5e7f5e7f5e7f5e7f4e8f3e8f3e9f2e9f2eaf2ecf2edf1edf1eef1fbfc000000000000000000000000000000000000fdfef7f9f7f9f6f8f6f8f5f7f5f7f4f6f3f6f3f5f3f5f3f4f2f4f2f4f2f4f1f4f1f3f0f3eff4eff4eef4edf4edf4edf4ecf4ebf4eaf4
961,114346118,-47,11,128,1,0,0,1ee001000dea0de90de90de90ce90ce90ce90ce80ce70ce70be70be70be70ce70ce70de70de80ee80ee90eea0eeb0eec0eed0fee10ee04fb00000000000000000000000000000000000001fd08f608f508f509f509f40af40bf30bf20cf20cf20df20df20ef10ef10ef10ef00df00def0def0dee0ded0ded0ded0dec0eec0eeb
962,114346636,-48,11,128,1,0,0,1ee001000518051805180619061906190618071907190819081a081a081a071a071a061a051a051a041a03190219021801170017ff17ff050000000000000000000000000000000000000003010c010c010d010d010e010f01100111011100120012001300130013001400140114011402150215031603160416041604170518
963,114347072,-48,11,128,1,0,0,1ee00100edf3edf3edf3ecf3ecf3ecf3ecf4ebf4eaf4eaf4eaf4eaf4eaf4eaf4ebf3ebf3ebf2ecf2ecf1edf1eef1eff1eff2f0f1f1f1fcfc000000000000000000000000000000000000fefef8f8f7f8f7f7f7f7f6f7f6f6f5f5f5f5f5f4f5f4f4f4f4f3f4f3f4f3f3f3f3f3f2f3f2f3f2f3f1f3f0f3f0f3f0f3eff3eef3edf2
964,114347522,-48,11,128,1,0,0,1ee00100f9e7f9e7f9e7f8e7f8e7f7e7f7e7f6e6f6e6f6e6f6e6f6e6f6e6f6e6f7e6f7e5f8e5f9e5f9e5fae6fbe6fce7fde7fee8ffe8fffa000000000000000000000000000000000000fffdfef4fef3fef3fef2fef1fef1fef0feeffeeefeeeffedffedfeecfeecfeecfeecfdebfdebfcebfceafbeafbe9fae9fbe9fae8f9e8
965,114357664,-39,11,128,1,0,0,52200500f200ee02eb04e705e406e205e104e103e202e501e800ec01f202f704fb07ff0b010f021302170119ff1bfd1bfb1af819f717fd0500000000000000000000000000000000000003ff0dfc0efc0ffb10fb10fb11fb11fc10fc0efb0bfb09fa06f704f501f2ffeffeecfde9fce7fce6fde5fde5fee7feeafeedfdf0fcf2
966,114439860,-92,11,128,1,0,0,4ff11400fa0af90bf90af60af509f605f803fa03fc04fd05ff0500060108020704040404060608070606060507050603030102020203000100000000000000000000000000000000000000fe02f802f801f801fb01fd01fdfffdfcfefb01fc02fa00fafdfafaf7f9f7faf8fbf6fbf3faf7f9fcfafefe0000ff02fc02fa02fc06
967,114560127,-41,11,128,1,0,0,1ee001000afe0efa11f814f617f519f61af61bf71af818fa14fb10fc0bfc06fb02f9fef7fbf3f8f0f7edf8eaf9e8fbe7fde7ffe901ea00fa000000000000000000000000000000000000fc00f204f104f004ee04ee04ee04ee04ef04f104f304f605f907fc09ff0c010f031104140516051804190419031803150312030e040b
968,114747081,-91,11,128,1,0,0,4ff11441fbf3fcf3fbf1fbf0fef100f401f400f6fef9fcfdfcfefd00fd02fb03f803f604f906fc06f905f905fa04f904fa04fb03fb02ff00000000000000000000000000000000000000fe00fa02fb04fa05f903fb01fc01fd02ff03030306030701070108030805080609060a050b020bff08010502030000fdfffd01fd04fc
969,115781544,-46,11,256,1,0,0,96600900f605f60af40ff212f015ef16ed17ed17ed15ee13f011f20ef70bfc09010807080c0a100c130f151315161318101a0d1b0a1b020600000000000000000000000000000000000003fe0cf90df80ef70ff710f710f710f70ff80ef90bf909f805f802f6fef5fbf3f9f1f6eff5edf4ecf3ebf3eaf4ebf4edf5f0f6f3f7f6eb0013fd13fc13fc14fb14fa14fa13f913f914f814f814f715f715f616f716f717f717f817f917f917fa17fb17fc17fd17fe17ff17011703170408010200ffffff00ff0000ff02ff060006000700070007000801090109010a010a010b020b020c020c020c020d020d020d020e020e010e010f011000100011ff11ff12fe12fe
970,115781819,-42,11,128,1,0,0,1ee0010007090c0b110d150f17111913191518161716141511130e0f0b0b090508ff09f90bf40ef011ed14ec17ec19ee1af11af41af606fd000000000000000000000000000000000000fdfdf4f5f3f5f1f4f0f3f0f2f0f2f0f1f0f2f1f4f3f6f4f9f4fcf400f305f209f10cef10ed12ec13eb14ea14eb12ed10ef0ff20df50c
971,115782225,-42,11,128,1,0,0,1ee00100f9f7f5f5f1f3edf1ebefeaedeaecebebeceaeeebf1eef3f1f6f5f7fbf800f705f509f30df00fed10eb10e90ee80ce809e907fa01000000000000000000000000000000000000020209090a0a0b0b0c0b0c0c0c0d0c0d0c0c0b0b0a090a060a030aff0afc0bf80df50ff210f111f013ef13ef13f011f20ff30cf409f5
972,115782902,-42,11,128,1,0,0,1ee0010007080d09120b150c180f19111a1219131813151212100f0d0c09090408fe08f809f30bef0eec11ea14ea16eb17ee17f117f305fd000000000000000000000000000000000000fdfdf4f6f3f5f2f4f1f4f0f3f0f2f0f2f1f3f2f5f3f7f4faf4fdf401f405f409f20df010ef12ee13ed14ec14ed13ee11f10ff40df70c
973,115787527,-47,11,256,1,0,0,96600900f5fcf0ffea01e601e302e001df01df00e000e2ffe6ffeafff001f603fb07000b03110516051b041f0222ff23fc23f821f61efd0700000000000000000000000000000000000002020a0a0b0b0c0c0d0c0d0d0e0e0d0e0c0d0b0b0a090a05090209fe09f909f50af20bee0cec0cea0de90de90cea0beb09ed06f003f3e3000509060906090708070807080708080808080908090809080908090809090a090a0a0a0a090a090a080b080b070b060b060c050c050c040d01040001ffffffffffff000000010103010300030003000400040004000501050005000500060006000701070107010701070107020702070208030803080408040804080508
974,115790450,-47,11,256,1,0,0,9660090004f602f102ec02e802e502e203e104e104e204e504e803ec01f1fef6fafbf5ffef01ea02e502e200e0fddffbe0f8e2f5e4f3f9fc000000000000000000000000000000000000fd01f406f307f208f109f009f009f009f109f308f508f808fb08ff080309070a0a0b0d0d0f0e110f120f120f110f100e0f0b0d080c06de00f603f604f604f605f605f605f605f606f606f607f607f608f608f608f508f508f508f407f407f407f406f406f405f405f305f304f303f303fb00fe0000ff00ff0000ff00fe00fc00fc00fc00fcfffcfffbfffbfffbfffafffafffafffafff9fff9fff9fff8fff8fff800f800f800f800f700f701f701f702f702f702f602
975,115874824,-43,11,128,1,0,0,1ee00100f000ec02e903e604e304e203e102e101e300e5ffe8ffec00f101f504f808fa0cfb10fa14f917f719f41af219f017ef14ee12fb0400000000000000000000000000000000000002fc0bf20cf20df20ef20ef20ef30df40cf40af507f504f402f3fff1fceffaedf8ebf7e9f7e8f7e7f8e6f8e6f9e8f9ebf9eef8f1f8f4
976,115876522,-43,11,128,1,0,0,1ee001000b091009140a170b190d1a0f1a10191117111510120e0f0b0c070b020afd0bf80df40ff113ef15ef18f01af21af419f718fa06fe000000000000000000000000000000000000fb00ee01ee01ed00ec00ecffecffedffeefff000f202f404f507f70af80df810f813f716f717f618f518f518f516f614f811fb0ffd0e
977,115930645,-43,11,128,1,0,0,1ee001000cff0ffd13fb17fa1afa1bfb1cfc1cfd1bfe18fe15ff10ff0cfe07fb03f800f4fef0feecfee800e602e504e506e608e909eb02fa000000000000000000000000000000000000fc01f204f105f005ef05ee05ee05ee05ef05f105f306f607f908fb0afe0d000f021203150317031802190219021801150212020e030b
978,115982040,-43,11,128,1,0,0,1ee001000d05130517061a071c081d0a1d0b1c0b1a0b170b130910060c0309fe07f906f307ef08eb0be80de710e712e813eb13ee13f004fc000000000000000000000000000000000000fbffeefeedfdecfdecfcebfcecfcecfceefdf0fef200f403f506f70af80ef811f814f717f719f619f51af519f517f714f911fc0ffe0d
979,115983958,-43,11,128,1,0,0,1ee001000dfc11f915f619f51bf41df41ef61df71cf819f916fa11fb0bfa06f901f6fdf3faeef9eaf8e7f9e4fbe3fee200e302e504e701fa000000000000000000000000000000000000fc01f006ef07ee07ed08ed08ed07ed07ef07f107f407f708fa0afd0c010e0311051406170718071a071b061a051805150512050f060b
980,115984798,-43,11,128,1,0,0,1ee0010008090d0b120d150f1711171316141515141411120e100b0c0907080107fc08f70af20def10ec12ec15ec16ee17f117f416f605fd000000000000000000000000000000000000fdfdf4f4f4f3f3f2f2f2f2f1f2f1f2f2f3f3f4f5f4f8f5fbf4fef302f306f109f00cee0fed10eb11ea11ea11ec0fee0df10cf50af909
981,115985311,-43,11,128,1,0,0,1ee00100f60bf510f315f118ef1bed1beb1beb1aeb18ed15ef12f30ef80bfe0904080a080f0a140c160f17121715151713180f180d17030500000000000000000000000000000000000002fc0af20bf10cf00cef0def0def0cef0bf009f107f203f3fff3fbf3f6f3f3f2eff0eceeebedeaece9ebeaebececeeeef0f2f2f5f4f9
982,115985820,-43,11,128,1,0,0,1ee00100ff0c021103150419041c031d011e001e001cff19ff150011010c040607020cff10fd14fc18fd1bfe1c001c021b0418061707050200000000000000000000000000000000000000fc00f000ef00ee00ed00ed00ed00ed00eefff0fef2fbf5f8f7f5f9f2fbeffdecfee9fee7fee6fee5fde5fde7fdeafdedfef100f301
983,117197017,-93,11,128,1,0,0,c44bbc41ff02fefffffdfefdfffeff04000607040a08070501fcfd00ff0bfb0ff90b00070302fffdfdffff01030006ff04ff00fffd03ff010000000000000000000000000000000000000000ff02ff02fefffdfffeff010002fe03fb03fb02fdfffefc00fd02fb06f902fcfffe02ff02000002fe04ff030201030003ff02fe02
984,117204718,-93,11,128,1,0,0,4ff114000cff0e010d000d000d020b010afe09fe07fe06fe050003fe00fbfdfafefa01f700f5fff700f800f902f904f903f901fafefcffff000000000000000000000000000000000000ff00fe02fc01fafffafefc01fc02fe02fd03fd020001030202050109040c060c040901050007000701040103ff05ff030101020003fb
985,117264428,-94,11,128,1,0,0,e77ffe4101fafefafffd04fe06fe03fbfff7fcf8fefe07030908010b000502fbfef6fcf8fa00fa04fd0100fd00fbfefd02020207fd0afe02000000000000000000000000000000000000fffffffe01fd01ff000000ff00fe02fd03fe0100fdfffdfefefcfffdff01fe03fe02fe01fe01ff01ff00fffefffdfffefeff00ff03fd
986,117307143,-92,11,128,1,0,0,4ff1140008f508f50cf60df70cf80bfa0afc09fd06fd02fc01fdfffefdfdfdf9fcf8fbf9fdf8fcf7fbf5fdf5fef7fef8fdf7fdf9fffa00fe000000000000000000000000000000000000ff00fc03fa03fb04fd02fd01fe00ff000001000301040506070607060509050b060a0408030905090608020901080304060007fe07fe
987,117511935,-94,11,128,1,0,0,4ff114410a08090c080c0809080805070207040706040402030004ff05fe06fe07fe09fd0afd0afc08fd07ff06010701070007fe07ff0100000000000000000000000000000000000000ff00fc01fa02fa01fa00fb01fd02ff00fefffe02ff04ff0501070107000a000b000afd0cfb0ffc0efd0bfe06fe020001050306040402
988,117548487,-94,11,128,1,0,0,cdd66c410203020201fffffe00ff01fffb02f905fb05f603f200f3fcfcfd04fefef9f7f8fb0001040004fd03fe01fdfff900f702fa02fe00000000000000000000000000000000000000ff00fdffffff0000ff01fffefffefefeffff00fe02ff020201020001fe01000101fe00fdff00ff01ffff010002fe03fd01fffe00fcfe
989,117921537,-94,11,128,1,0,0,4ff114410afe0bff0c000c020b04090409020a01090004ff01ff01fd01fd00fd00fa00f901f801f600f701f902f902f801f900fa00fa00fe000000000000000000000000000000000000fe01fa02fbfffcfdfcfdfafffa03fc03ff040104ff05fe07fe08fe0aff0cfd0dfc0efc09fd05fd06fd05fe03ff020002010304030900
990,118638364,-92,11,128,1,0,0,4ff11441fe0cfd0cf90df90bf908f809f909fb06fe030003000302030503060306020500050307070607020602060506050203ff02000000000000000000000000000000000000000000fffffdfcfefbfefbfffc01fc00fcfffdfdfff901f800fafff900f600f5fff4fef4fef6fef7fdf9fbfafbf9fef901f901fc0100020204
991,118647324,-43,11,128,1,0,0,1ee00100f207ef0bed0eea10e710e610e50fe50ee60ce80bec09f008f508fa09ff0b030e051107150719051b031c011dff1cfd1afb18fe0500000000000000000000000000000000000001fc07f108f009f009f00af00af009f108f106f204f301f4fdf3faf3f7f2f4f1f2eff0edefecefebefebf0eaf1ecf3eff4f2f5f6f5f9
992,118647847,-43,11,128,1,0,0,1ee00100f80df812f715f619f41bf21bf11bf11af118f215f412f70ffb0c000a05090a0a0e0b110e13111413131511170e170c1709160205000000000000000000000000000000000000fffbffef00ee00ed01ed01ed01ed01ee00effff1fdf3fbf4f8f6f4f7f1f8eef9ebf8e9f8e7f7e7f6e7f6e7f5e9f6ecf7effaf1fdf3ff
993,118648300,-43,11,128,1,0,0,1ee00100000f02130317031a031d021e001eff1efe1cfe19fe150011020d050809050e031203160419051b071b0a1a0c180d150e130f0403000000000000000000000000000000000000fdfcf6f1f6f1f6f0f6eff6eff7eff7f0f7f1f7f3f7f6f6f9f4fcf2feef01ed03ea04e805e705e604e504e503e703ea02ee03f104f406
994,118648827,-43,11,128,1,0,0,1ee00100070e0b120e151019111b101d0f1e0d1e0c1c0a1909160811080b09060b010ffc13f918f81bf81efa1ffc1ffe1e011c031a050601000000000000000000000000000000000000fcfdf0f5eff5eff4eff3eff3eff3f0f3f1f4f2f7f3faf3fdf201f105f008ef0bec0eea0fe910e810e710e70fe90dec0cef0bf40bf70b
995,118649404,-43,11,128,1,0,0,1ee001000af70cf30ef010ee12ed14ed14ee15ef14f012f20ff40bf607f702f7fdf6f9f4f6f1f4eef3ebf3e9f5e8f7e7f9e7fbe9fdeafffa000000000000000000000000000000000000fe03f80df80df70ef60ef60ef60df60df70cf90bfc0afe0a020a050a080b0b0c0d0d0f0f1010101110110f110e100c0e0a0b0a070905
996,118649926,-43,11,128,1,0,0,1ee00100f0ffec01e802e402e202e100e1ffe1fee3fee6fdeafeeefff302f705fb09fd0efd12fd16fc19fa1bf71bf51bf419f316f214fc0400000000000000000000000000000000000003fe0ffa10fa11fa12fa12fa12fb11fb10fb0dfb0afa08f805f503f300f0ffedfeeafee7fee6fee5ffe400e500e700ebffeefdf1fbf4
997,118650381,-43,11,128,1,0,0,1ee0010008f10aec0be80de50fe311e212e313e412e611e90eed0af005f3fff5f9f5f4f5eff3ecf0eaece9eaeae8ece6efe6f2e6f4e7fdf9000000000000000000000000000000000000fe04fa11fa12f913f813f813f813f812f911fb0ffe0d010c050b090a0d0a110a140b170d180e190f19101810150f120d100a0e060d02
998,118650904,-43,11,128,1,0,0,1ee00100ffeffce9fce5fce1fcdffdddffdd00de00e001e300e8feedfcf2f9f7f5fbf0feebffe6fee3fde1fbe0f8e1f6e3f5e6f3e8f2fafc000000000000000000000000000000000000010405110512051305140414041404130412040f050c08090b060e03110014ff17fe1afd1cfd1dfe1eff1d001a00170013fe10fc0dfa
999,118651426,-43,11,128,1,0,0,1ee0010007f208ee0aea0ce70ee50fe510e611e610e80feb0cee08f204f4fff6faf6f5f6f1f4eef1eceeebececeaeee8f0e8f3e9f5eafdfa000000000000000000000000000000000000ff04fc10fb11fb12fa12f912f911f911fa0ffc0efe0c010a050909090c081009120a150b160c170d170e160e140d110b0f080d050b02
1000,118651971,-43,11,128,1,0,0,1ee00100ff0f00130117011b001dff1efe1efd1dfc1bfc18fd14ff10010b040709040e021201160119021b041b061b08190a160b140c0403000000000000000000000000000000000000fffbfeeffeeefeedffecffec00ed00edffeffef1fdf4faf6f7f8f4faf0fcedfdeafee7fde6fde5fde4fce5fce7fcebfceefef100f402
1001,118652514,-43,11,128,1,0,0,1ee00100020e04130617061a061c051e041e031d021b011801140210040b06060a020eff12fd16fc19fd1bfe1c001c021b04180616070501000000000000000000000000000000000000fefcfbf0fbeefbedfbecfcecfcedfceefceffcf2fbf5f9f8f6faf3fdf0ffed01ea02e702e602e502e401e501e700eb00ee01f203f404
1002,118683703,-43,11,128,1,0,0,1ee00100fb0dfd13fd17fd1bfb1efa20f920f720f71ef71bf816fa12fd0d010906050c03110216031a041c061c091c0b1a0d170e140f050300000000000000000000000000000000000000fc03f103f004ee04ed04ec05ec05ec04ed03ef01f1fef4fbf5f7f7f3f8eff9ebf9e8f8e6f8e5f7e4f6e4f6e6f6e9f7ecf9effbf2fe
1003,118689552,-43,11,128,1,0,0,1ee001000bf90df410f013ee16ed18ed19ed1aee19ef17f114f410f60bf706f700f6fbf4f8f0f6ecf5e8f5e5f7e3f9e2fbe3fee400e600f9000000000000000000000000000000000000fd03f70cf60df60df50ef50ef50ef50ef60ef70df90cfc0b000b030c070c0a0d0c0f0e1010121013111410150f140d110c0e0b0b0b08
1004,118690062,-43,11,128,1,0,0,1ee0010008f509f00aec0ce90ee610e611e612e612e811ea0fed0cf107f302f5fdf6f8f6f3f4f0f1edeeecebede9efe7f1e6f4e6f7e7fef9000000000000000000000000000000000000fe03fb0efb0ffa10fa10fa11fa11fa11fa10fb0ffd0d000c030b060a0a0a0d09100a130b140c150d160d160e140e120c100a0e070d04
1005,118690681,-43,11,128,1,0,0,1ee0010009f409ee0bea0ce60ee410e212e313e313e512e810ec0cef08f202f5fcf6f7f5f2f3edf1eaede9eaeae8ece5efe4f3e4f5e5fdf9000000000000000000000000000000000000fe03fa0ffa10fa11fa12f912f912fa12fa12fc10fe0e000d040c070b0b0a0e0a120b140c170c180d190e180f170e140d120b10080f04
1006,119457609,-94,11,128,1,0,0,4ff11441f70cf70cf50bf60afa0cfc0ffb0dfa0afe07ff06fd05fe0501060505070506060406040604060406020501050207030602030000000000000000000000000000000000000000fffffcfcfef901f900fafef9fefbff01ff02fc01fb01fa00f800f501f300f1fdf2fcf6fcf8fdf7fff6fff7fff900fb00fb00fc010001
1007,119597262,-93,11,128,1,0,0,73399741fefc02fe04010102fd01ffff03fd03fa02f903fbfff9f6fbf80103050404fefefff803f904fe040003010001fa00f9fcfcf7fffc000000000000000000000000000000000000ff00fd00fc01ff03ff05fc03fc00fb00f9fffafdfefe00010301050005fd05fe0501020002fe03fe04fd03fd0202040204fd01fd00fd
1008,119615877,-94,11,128,1,0,0,b00ccb41fffe01010002fdff00f901f8fff7fcf7fb00fd08fa09f404f301fb040705080305fe03fd03ff02ff00ff00ff04020307ff0aff020000000000000000000000000000000000000000000000fe00fcfffefc00fa00fd0002020202ff01fdfffdfd00fe02ff00fefefffd01fc02ff0101fe00fdfffe00fd03fe03ff01fe
1009,119622724,-94,11,128,1,0,0,e22cce41fe01fffefefefcfbf7f9f7fafdf9fffcff02fe04010201fffefd01fd07020305fa08fa0bfd0af70af706fffd06fb05fafff9fffe00000000000000000000000000000000000000000002fe03fd02ff0001fc01fd02fd02f901fb0000ffff00fd03fd04fd00fffe00ff000100030104040305ff03fb02fa01fcfcfcf8
1010,119670685,-44,11,128,1,0,0,1ee00100080e0c110e140f160f180e190d1a0c190b180a150812080e080909050b000efd12fb15fb19fb1afc1cfe1c001b03180517060501000000000000000000000000000000000000fbfeedfaedf9edf8eef7eff7f0f7f1f8f3faf4fcf5fff503f407f30af20df00fee10ed11ec11ec10eb10ec0fee0df10cf50bf80bfb0b
1011,119671786,-44,11,128,1,0,0,1ee0010010f913f616f519f41bf41bf51bf61bf719f816f913f90ef90af806f702f4fff0feecfee9ffe600e402e405e407e508e709e902fa000000000000000000000000000000000000fd04f611f511f410f310f40ef40df50cf70bfa0afe0a010b050c080e0a0f0c110d140e150e160d170c170b160a13090f090c09080a04
1012,119672247,-44,11,128,1,0,0,1ee0010008f008eb0ae90be60de50ee50fe60fe70ee90ceb0aee06f103f3fef5faf5f5f4f2f2efefeeedeeeaefe9f1e8f3e7f6e8f8e9fefa00000000000000000000000000000000000000040313021401140014ff13ff11ff10000e020b050908070c060f0512051505170618071908180918091609140811060f030d000bfd
1013,119700615,-43,11,128,1,0,0,1ee0010007f208ed0aea0be70de50ee50fe60fe70ee90dec0aef06f202f5fdf8f8f9f3f9eff8ebf6e9f4e8f2e8f0e9eeeceeeeeef0eefcfb000000000000000000000000000000000000fd03f50df50df40ef30ef30df30cf40cf60bf80afc09ff090309070a0b0b0e0c100e120f131013111311121110100e0d0c090a050902
1014,119701210,-43,11,128,1,0,0,1ee00100f1faecf9e8f8e5f7e4f5e4f4e4f3e5f3e7f3eaf5eef7f1faf5fef803fa08fb0dfa11f815f617f418f218f117f015f012f010fc0300000000000000000000000000000000000003010f070f07100810090f090f090e090c070b05090208fe08fa08f609f209ef0aec0cea0de90ee90fea0feb0ded0af007f204f401f5
1015,119701692,-43,11,128,1,0,0,1ee00100f207ee0aeb0de90ee60ee50ee50de60ce70aea09ee08f307f806fd070209070c0a0f0c120c160c180a19081a061904170216000500000000000000000000000000000000000003fe0ff910f911f911f911fa11fa0ffb0efb0bfa07f904f801f6fef3fbf0f9eef8ebf7e8f7e7f8e7f8e6f9e7faeafaedfaf1faf5f9f9
1016,119702208,-44,11,128,1,0,0,1ee00100f50bf310f213f015ed16ec16ec15ec14ed12ef0ff20df60afb09000805080a090e0b110d13101312121410150e150b150914020400000000000000000000000000000000000002fc0bf30cf30df30df30df30df40cf40af508f604f701f6fdf6f9f4f6f3f3f1f1efefedefecefebefebf0ecf2edf4f0f5f4f6f8f7fc
1017,119702631,-44,11,128,1,0,0,1ee00100f7f3f3f0f1edefeaeee8efe7f0e6f1e7f3e8f4ebf6eff7f3f8f8f8fef603f407f10aee0ceb0de80de70ce60ae708e805e903fa000000000000000000000000000000000000000203080e080e080f08100810070f070e070d060a070708030a000cfc0efa10f713f615f517f417f518f517f615f711f80df909f806f8
1018,119703171,-44,11,128,1,0,0,1ee001000f02130117011a021c031d041c051b061906160512040e020aff06fb03f602f201ed02ea03e705e507e509e60ae80bea0bec03fb000000000000000000000000000000000000fbffeffceefceefbedfaeefaeefaeffbf1fcf3fef500f703f807f90bfa0efa12f914f917f818f718f718f717f715f911fb0efe0b0009
1019,119703752,-44,11,128,1,0,0,1ee00100f80df812f715f518f319f219f119f118f215f313f60ff90cfd09020707060c0510061408160a170c160e150f131010100e10030400000000000000000000000000000000000002fc08f109f10af10af10bf10af20af308f406f503f6fff6fbf6f7f6f4f5f1f4eef3ecf1ebf0ebefecefedefeff1f1f3f3f7f5faf6fd
1020,119704204,-44,11,128,1,0,0,1ee00100030f051306160719061b061c041c031b031902160212020e0409060409000dfd11fb14fa18fa1afb1bfd1aff1901170215040501000000000000000000000000000000000000fffbfceffdeefdedfeedfeedfeeefeeffef1fdf4fbf6f9f9f6fcf3fef000ed01ea01e701e601e600e600e6ffe9ffed00f100f402f703
1021,119704740,-44,11,128,1,0,0,1ee00100fb10fa15fa19f81cf71ef51ef41df41cf41af517f713fb0fff0b030809050e041305170619081b0a1b0c190e171014101110040400000000000000000000000000000000000001fb05ee05ed06ec07ec07ed07ee07ef05f003f200f4fcf6f8f7f4f7f0f7ecf7e9f6e7f5e6f4e6f3e6f2e7f2eaf3edf6f0f9f2fcf5ff
1022,120065365,-94,11,128,1,0,0,5aa8854102040203ff01fd0000ff01fffffffe0000fff8fcf1f9f9fa02fefff9f9f3fbf8fefeff00000001ff01ff0100000000010101000000000000000000000000000000000000000000ff01fe01fe01fd00fe00ff00fe00fdfefffcfffbfdfbfefd03fe04fd02ff00020002fdfffa00fc01fc00fd0102ff02fdfdfdf9fdfa
1023,120066437,-90,11,128,1,0,0,9aa44941fdfefffc00fb01ff02020103010201000202070e0a150409fdfef8f8f5f3f7fbfb00fdff00020002fffffffffe01fb00fafffeff00000000000000000000000000000000000000ff01fefffffeffffff000000fffefefffffffefcfefb01fc04fc03fc00fd01ff000000fefffdfdfefc00fc0001fd05ff0102fe0000
1024,120067277,-90,11,128,1,0,0,d1199d410003fe00fefdfefefe02fb00f9feff0106070bfd0df004f6fefe01f502ed03f903030000fffeff00ff02fd01fefe03fc09fc03ff000000000000000000000000000000000000fffefcfafdfdfe00ff01ff00000001ff00fffe00fd01fe01fe00fd01fc02fd010001ff00ffffffffff0000ff0100030003fa03faff01
1025,120071996,-93,11,128,1,0,0,4ff11400f505f404f202f302f404f404f301f500f901fb03fc03fe020004ff07ff080109000aff0afd09fc08fd06fe05fe05fd04fd00ffff000000000000000000000000000000000000fffefff901f702f802f9fff9fdfbfefcfbfcf7fdf8fdfafbfafbfbfbfaf9f8f7f8f6f9f7fbf9fcf9fafafcfcfdfbfafcf8fff801f402
1026,120174436,-93,11,128,1,0,0,4ff11441fff302f404f504f603f602f202f301f8fffafffa00f9fffa00fcfffafdf9fcf9faf8fafbfcfcfbf9faf8fcf9fbfcfafffdff00ff00000000000000000000000000000000000000fe03fc05fc06fc05fd03fe02fe01fe01fb01fa00fa00f902f902f602f403f704f906f806f704f705f904fc01fd01fb00f7fff7fff9
1027,120175632,-95,11,128,1,0,0,f0044f4100fe00fffd01fd0000000205030006f607f601fcfe00fe00f700f3fcf8f9fffdfffefd00fd00fcfcfcfdfe010000fffdfafcfdff000000000000000000000000000000000000fffffefffdfffe00ff0000ff00fe01fdfffcfefdff00fe04fe0200fe01fe01fefefeffff01000002ff0101fe00fdfdfefdfffffffffd
1028,120182481,-44,11,128,1,0,0,1ee001000cf50ef011ed14ea17e918e919ea19ec17ed15ef11f20cf407f601f7fbf6f6f4f1f1eeededeaede8eee6f0e5f3e5f5e6f8e7fef9000000000000000000000000000000000000fc02f20af10af00bf00bef0bef0af00af209f509f809fc09000b030c070e0a100c120e140f160f170f180e180c150b120a0e09090806
1029,120182984,-44,11,128,1,0,0,1ee00100fbf1f8eef6eaf5e7f5e4f6e3f7e3f8e3f9e5fae8fbecfbf0faf6f9fbf6fff203ee05ea06e706e505e404e302e400e6fde8fcfafe0000000000000000000000000000000000000103050e050f05100510051004100410040e040c0509070609030c000efe11fc14fb16fa17fa18fa19fb18fb16fc13fc0ffb0bfa08f9
1030,120188672,-44,11,128,1,0,0,1ee001000df80ff412f014ee17ed19ed1aee1bef1af118f315f510f60cf707f602f4fef1fbeef9eaf9e6fbe3fde200e102e205e407e602f9000000000000000000000000000000000000fe04fa10fa10fa11f911f911fa11fa11fb10fd0fff0e010d040d070d0a0d0d0d0f0e110f121013111312121211110f0f0e0c0d090c06
1031,120202913,-95,11,128,1,0,0,611aa641fffefffeff00fc03f803f6fff6fff701fd03ff04fe02fe02000203fd05fc08000b000a0306060209020b070208fb0300ff05ff0100000000000000000000000000000000000000fe02fa02fc01fd00fe00ff00fffe00fefe00fd00fefffdfffdfffffe01ff01fffefdfdff0000fefffcfffc00fdfffdfeffff010101
1032,120206254,-94,11,128,1,0,0,aaa44a41fffffefffefefffd02fa01f8fafcf601fcfe03fb0805070b040505fb00f6fdfbfe00fd02fd01feff01000102fe03fcfffef800fd000000000000000000000000000000000000010002000000fe00fefefffe01000100fdfefeff0100010200030004ff03fd02ff0001fe01fb01fa02fa03fd0000fa01fb0000fe03ff
1033,120216866,-43,11,128,1,0,0,1ee00100fd0eff13ff17ff1afe1dfc1efb1dfa1dfa1bfa18fb14fd10000c030808050d0311031504180619081a0a190b170d140e120e0403000000000000000000000000000000000000fffcfef0feeffeeeffedffedffeeffeeffeffef2fcf4faf6f7f8f4faf1fceefdebfde8fde7fde6fce5fbe6fbe8fbebfceefdf1fff301
1034,120276833,-92,11,128,1,0,0,4ff11441f6f3f8f1f9f1faf2fcf6fdf8fbf6f9f8fafafafafbfefb02fa02fa00fbfef800f702fa01fa00f900f8fef8fcfafcfcfefcfffeff00000000000000000000000000000000000001010403040103ff03010503040004ff040002ff02fd03fa03f804f707fa08fb09f709f507f605fa02fb00fa02fb02fefefefcfafdf6
1035,120694636,-42,11,128,1,0,0,1ee00100f407f20df011ed15ea17e818e618e517e515e713ea10ee0df30bf909ff09050b0a0d0e1111151118101b0e1d0b1d081d061c010700000000000000000000000000000000000002fd08f609f509f30af20af10bf00cf00bf00af108f205f302f3fef3faf3f6f2f2f1efefededecececeaece9edeaefecf1eff2f2f3f5
1036,120695213,-42,11,128,1,0,0,1ee00100fff2fcedfae9f8e4f8e1f8defaddfbddfcdefde0fee4fee9fdeffbf4f8faf3feee01e902e502e101e0fedffce0f9e2f6e4f5f9fd0000000000000000000000000000000000000003020c030d040e041005110511051205120510050e060b08080a050d0210ff13fe16fc18fb1afb1cfb1dfc1bfc19fd16fd13fc10fb
1037,120710922,-43,11,128,1,0,0,52200500f30af00fee12eb15e916e715e614e613e711e90fed0df20bf709fd09020a070c0b0f0d120f160f180d1a0b1b081a06190318000600000000000000000000000000000000000002fc09f10af00aef0bef0cef0cf00bf00af108f205f301f4fdf3f9f2f5f1f2f0efeeedececebeceaece9ede9efebf1eef2f1f3f6f4f9
1038,120713610,-43,11,128,1,0,0,52200500fd0fff140018001cff1ffd20fc20fb1ffb1dfb1afb16fd11000c030808040d02120116011a021c041c061c091a0b170c150d050300000000000000000000000000000000000000fc00ef00ee00ed01ec01ec01ec01ed01ee00f0fef3fbf5f8f7f4f9f1fbedfce9fce6fce5fbe4fbe3fae4fae6fae9fbedfcf1fff300
1039,120715534,-43,11,128,1,0,0,52200500f409f20ef012ee15eb16e917e816e815e913eb11ee0ef20cf70afd080308080a0c0c100f1212121511170f190d190a180718010500000000000000000000000000000000000002fd0af40bf30cf30cf20df20df20df20cf30af407f503f5fff4fcf4f8f3f5f1f1efefedeeeceeebeeeaeee9f0ebf2eef3f1f4f5f5f9
1040,120720062,-43,11,128,1,0,0,52200500fdf1faedf8eaf7e7f7e4f8e2f9e1fae1fbe2fce4fde8fdecfcf1faf6f7faf3fdeffeeafee7fde5fbe4f9e4f7e6f4e8f3eaf1fafc00000000000000000000000000000000000002020b090b0a0c0a0c0b0c0b0d0b0d0b0c0a0c080c060c040d010efe0efb10f912f713f515f416f417f417f516f614f711f70ef70bf6
1041,120722543,-43,11,128,1,0,0,522005000cf80ef411f113ee16ed18ed19ee1aef19f018f315f511f70cf707f602f5fff2fceefaeafae7fce4fee301e204e306e508e702fa000000000000000000000000000000000000ff03fd0efd0ffd0ffd10fd10fd10fd10fe10ff0f000e020d050c070c0a0b0d0b0f0c120d130e140e140f1410130f110d0f0b0e080d06
1042,120925454,-43,11,128,1,0,0,1ee001000dfb10f714f417f31af21bf21cf31df41cf619f716f911fa0cf907f802f6fff2fceefbeafbe6fce4fee301e204e306e507e702fa000000000000000000000000000000000000fd02f50bf50cf40df40df40df40df40df50df70cf90bfc0cff0c020d050e080f0a110c130d150d160d170d170b150a130910090c0909
1043,121127087,-94,11,128,1,0,0,111aa141fe02ff02fd01fd00fffd00fcff03fe05fffefcf9fdf504f301f6fcfe0205050402fe02fa04fb040002020200fefefafcfaf8fefd000000000000000000000000000000000000ff01fd03ff0002fffffffcfefdffff0101030002fdfefbfcfcfefd00fc01ff000100020004ff01fffc00fd01fe01fc00fd00010003fe
1044,121198459,-91,11,128,1,0,0,4ff114000e030e040d020b020b030a0307030604040405020600060005fe04fa03f902f902f904f806f906fb05fd05fd05fd04fd03fe01ff000000000000000000000000000000000000fefffafffcfffd00fd00fe00fe00fd00fd00fd02ff06010900090009fe09fc08fb08fb0afc0bfd0aff08010701050103030304020500
1045,121247269,-93,11,128,1,0,0,9ee88941fcfefbfefcfefeffff00fc00fefc03f500f000f602ff01ff07f80af207f705020104fe0200020101fffffefdffffff02fa01fd00000000000000000000000000000000000000fffffefffefffefffd00fe01fe020002030002fffefffd00fc02fd02fe02ff04ff02feff02fe04fe01fefdfffefffffffffffefffffe
1046,121369796,-93,11,128,1,0,0,711cc741fefe02fe04fd02fdfd01fa02f8fff7fcfdf902f8fcfdfb07fe0afa01f6f9f7fbfafefc00fe04ff0401000300030103fe02fb00fe00000000000000000000000000000000000000000000ffffffffffff01fc03fb03fe03ff02fd00fd000002ff02fb01fa01fa02fd01020004fd05fb03fc02fe04ff02ff0001000300
1047,121557612,-94,11,128,1,0,0,9ddbb941ff03ff02fd02fc02fdfffe00fd01fe0000fd02fd0200030202020001fe01fe0101ff010000fffffffefffe00fe01ff0000000000000000000000000000000000000000000000fefffcfdffff0100ff00fe00fe0000ff00fe03fe03ffff01fc02fd01fefd00fdfffefdff00000101fe01fe010108040f040a03040302
1048,121561329,-94,11,128,1,0,0,b44ffb41fc00fc02fe0401040502080003ff00fe02ff02020002fffefefdfefefefefe01fe04fe02fc00fc00fc00fdffffffff00ff00ff000000000000000000000000000000000000000100050103ff00fe00ff0101ff01fc01fd01fefffeffff01000201040003fe0001010001fdfffdfdfdfdfefb01f304ec02f501fd00fd
1049,121666166,-90,11,128,1,0,0,9ddaa941fd01fa07fb0c010602fefffffcfefcfcffff020d0419010cfefff407ec0ff508fefefefffe00ff00fffffffd00fd0001fe01ff00000000000000000000000000000000000000ff00fd01fe0000ff00fefefeff01ff03ff02000100fffefefc00fb01fa00fdfc04fa060002060103fffb03f808fc05010004fe0501fe
1050,122881370,-92,11,128,1,0,0,199ff141ff01ff02ff02fb01f906fb0cfa0bf909fb0300fe02fefefffcfe01ff06fe06fe070104fb01f602f602f505fc0604030002f900fe00000000000000000000000000000000000002ff09ff0503ff04fe0200000001fe01feff01fe02000200030002ff00fe00010003fe00fd00ff01fe01fb01fb02020308020504fe05
1051,122884628,-91,11,128,1,0,0,bff99b4101fbfefeff0407050bfd03f9fef901f701fbfe00fd02fa03fa01fd01ff05030405fd02f7fdf6f9f8fafcfd00fdfffefd00fbfffe000000000000000000000000000000000000ffffffff00ff00fefefdfefefffe01fd02fe020001fffefcfffe010002010406050501fefcfffb02fd030106030605ff05010005fcfe
1052,122903974,-93,11,128,1,0,0,cffddc4101ff01fe01fd01fd000100050108010b030605020105fa01f6faf500f506f406f706fc0100fbfefcfc0000020202ff02fafffeff000000000000000000000000000000000000fefffcfeffff0000010002000000fcfffcfdfffe0101000001ff020003010300fffffc00fb01fc00fefe00fd0000fe01fd0000000100
1053,122908410,-92,11,128,1,0,0,c66bbc41ff02020304ff05fd04fc03f8fff7f6fbf4f7f9f6ffff01fffbf7faf1fcf4f9fdfb01fe00fcfffeff01020004010301fffb00fd0000000000000000000000000000000000000000fffffefefdfefcfffdfffe00fd01fd00fcfefdfeffff00ff00ff000001fefffcfefd01000203030203fefc00f902fd00fffdfffcff
1054,122912651,-95,11,128,1,0,0,2dd55241fefeff02ff04000000fb02f805f806f8fef5faf402f90204fa0dfe0d0409020502050103fffffefefe0002000301fe02f900feff000000000000000000000000000000000000ff00fe01ff01ff0000ff01000200000000ff0000000000ffff00ff01000002ff03ff030001fffffffd01ff0201010001010000ff01ff
1055,122926822,-91,11,128,1,0,0,59900541040503020002ff01fe00ff03010207000c03080102fd05fb02f101eb03f5fc00f903fc03fe02000001fc02fb01fe000005fe02ff000000000000000000000000000000000000ff01fd04fd00fe0001020200fffefcfffc01fd03fe02fc01fcfffefcfdfdfdfefefefefd00fc01fcff000004010400040004000003f9
1056,123111067,-90,11,128,1,0,0,9550094106fe07fc01fb02fb0802090a0809090306fc00fcfe0000ff01fdfe00fb03fc06ff09fb07f501f401f604ff0608040403fe05ff01000000000000000000000000000000000000fffffefe01fd01fd01fe02ff02ff02fe01fd00fe01fe02fb01fa00fbfefb00fb01fcfffd00ff010102010404030501fefdf7fcf601f8
1057,123116509,-97,11,128,1,0,0,3ff3334102fe03ff02fd01fe050108fe06f703f602fe0002fe02fefffffd0001fc05f804ff0205020302fdfff9fefd06ff0afe05ff0000ff00000000000000000000000000000000000000000000ff000000020000fffdfdfdfdff00ff02fe01ffff01ffff00fc02fd04000300000100020000fffdfffeff00ff0103fe04fb01
1058,123280948,-93,11,128,1,0,0,c7744c4101040104000200fffffafffb010405050504010afe0ffc10ff090002fb07f907fefe00f900fafffcfefeffff040108020901020000000000000000000000000000000000000000ff01ff01ff00010003000100000100010002010201000000ff00fc01fc02ffff02ff0101fefffcfbfafaf9fffb01fe02ff040004ff
1059,123297115,-94,11,128,1,0,0,50066541fcfefdfdfefefd01fd05fe0301fc04fd03ff07f90bf307f400f7f9f8f6faf9fbfffd01fdfffffe01fe01fd020001030106040101000000000000000000000000000000000000fffefdfbffff010000ffff000002010103fe05fd02fb00fcff00fdfffbfdfafdfcfffe01fe00fe02fe04fb01fafefdff00ff02fd0601
1060,123451304,-93,11,128,1,0,0,4ff11400080c080b060c060d080d080b0508020603060304010301020303040206ff06fe0700060304040503060404050205010502040000000000000000000000000000000000000000ff01fd03fd03fd04fd02fc02fb03fd03ff03ff0301040105fe05ff06ff08fd09fd09fe09fe09ff0a0009fe08fc08fd07010604060408
1061,123848541,-91,11,128,1,0,0,1ffaa141fe02fd02fc03fd02ffffff00fd03f704f509f706fcfa01fcfe0a030e0407fa04f802fcfe00ff040003fb00f801fa0300fe06fe02000000000000000000000000000000000000fffffdfffe00fe00fd01fd00fdfffd00fe01fefffdfffd02fe04000101fe00ff01020002ff00010001000001020302010101020201ff
1062,123897282,-91,11,128,1,0,0,9ccdd941fb00fefe00fe02fe02ff03030102ff010009ff0c000504040302fffafcf9fefe02fffffdfbfcfdff000100fe02fd02ffff02ff01000000000000000000000000000000000000fffffefefdfefefe000003ff03fd00fdfdff01fe03fe0001ff0202020504050302010001ff0002ff03fe02fd01fa00f9fdfbfafdf701
1063,123911779,-94,11,128,1,0,0,7bb66741ff0101000200020004010403fc05f803fb00fbfafbf3fcf2fcfafe0304fe04fdfe03fb04fc02fe01fe01fe0100fd02f703f501fd0000000000000000000000000000000000000000ff02ff01fe03fe03000202020101ff00fffffefefefdffff00010102ff01fe01ff01ff01fe02ff0103010502030102fffffefbff
1064,123914770,-92,11,128,1,0,0,b4411b41ff010303040102ff00fefcfefcfd05f808fa09010b03060102fc01f500f504fb0400ff03fd04000101020204030204030504010100000000000000000000000000000000000000000101ff00fefffffeff00ff03ff04fd00fbfefb00ff01030003fffffffd00fd01fe0000010002ff010101030102fe00fc00fe0001
1065,123925666,-94,11,128,1,0,0,5eeff5410101020101ff01ff0001fc02fd0503050300fbfdf7f8fcf1fef7ff030608050503ff06fd04ffff02fd03fc01fafefdfa00f500fc00000000000000000000000000000000000000ff010001ff02fd01fdfffffd00feffffffff000100020100fffffbfffbfffefe00fefe00fe0000fd02fc01fffffffefdfefcfffefe
1066,123929031,-92,11,128,1,0,0,922669410105ff05fe03fe03fc06f609f506f602fb0301030106ff07ff070306060605070305fd03f502f502f500f707fd0cfd03fcfafffd000000000000000000000000000000000000ff00ff010001ff01fefe00fb00fcfffd00fe01ff01000102010302fe03fd00fcfcfafdfd0000fe00ffff04ff0300ff03fe05000203fe
1067,123930212,-91,11,128,1,0,0,edd55e41fe07fd04fbfefcfafdf6fff401fa05fe05fd03fe02fd01fd01fbfef8fafafbfdfefc04fb09000802090309fd05f803fd0002ff00000000000000000000000000000000000000ff00fc00fcfffdfefefe000000fffffe0100010300050105ff01fc00fd03ff04fefffefdfefdfdfdfeffff02fd00fdfdfefffc03f803
1068,123952667,-93,11,128,1,0,0,f33ddf4102ff0201000100fcfef8fef800f601f604fc040302030001fe03fd02fff902f505f801f8fdf601f505f605010209040608fe02fe000000000000000000000000000000000000fffffefcfefd01ff00fffcfdfbfeff010404040201fefefefefefefdfdfefefefe00fd02fd01fd00fc01fb02fd030003ff01ff020302
1069,124023612,-90,11,128,1,0,0,5ccff54101ff0201fe00fa01f703f402f7fffcfbfbfdfa01fdfffefffefffcfdfafdf8fef9fdfffc07fc0afe0b040c0209ff0302fc03fe0000000000000000000000000000000000000000ff01fe00010002000100ff0100010100020002ff02fffffffffefffdfefdff0001030005fe04fcfffbfcfcfefffe01fc02fd02fd00
1070,124026024,-94,11,128,1,0,0,277ee241fe01fd01fd02ff0001fb02fd0406040304fc0704050e020f030600fefd07fd09fdfdfef9fefb01fd00feffff04fe09fa0bf703fd00000000000000000000000000000000000000fd01f9fffeff02ff04fd03ff0002fd02fd02fe02fd00fffd03fe0200fefffeffff0200030002ff0000fe00fe00fe00fefffefffefe
1071,124120101,-92,11,128,1,0,0,6ddee6410000fe01fc00fe0002010502070107fd01f7faf5fef608fc0a0003fafef7fff9fbfdf9fdfffd01ff000102ff04fb04000108ff02000000000000000000000000000000000000fffffefefeffff0002010202010101000100020001000001010100fffdfbfbfcff02010301ff00fd00fc00feff010002ff02fdfefcfa
1072,124160524,-93,11,128,1,0,0,7ee6674100fe00fe00fc01fdfefef8fef602fa04fc00fbfefbfdfdfe0002ff04ff0101000106010b000c0307060005fb04000107fd06ff0100000000000000000000000000000000000001ff02ff00000000010202ff02fbfffefd03fe05ff02fd00fd0001fd01fffd03fe0000fdfffd01ff02010001fe01fd01fe0000ff03ff
1073,124304767,-93,11,128,1,0,0,0eecc04101fefffefe02fe03ff00fffa01f602f3fcf5f6fafbf606f80bfe08f902f403f703fb00fb01fdfffefcfefe000103fefffaf7fefd000000000000000000000000000000000000000001ff00fe02fe00fefdfffdfffdfefdfd01fc03fd02fefffffdffffff00ff00fffffffe00000101fffdfffa00fc01ff0103000401
1074,124319539,-94,11,128,1,0,0,4eebb441fe00ff0002020303020102010604090003fefb03fa00fdf6fef6fd03fe0dfd0a01020300ff03fe01fffe01fe03000104fc08fe02000000000000000000000000000000000000ffff00fd00feff00ff00000001020202010000ff00fe01fd01feff00ff01fffffefefefffe01ff00ff01fe01fefffdfd00fd03fe03ff
1075,124339574,-92,11,128,1,0,0,77733741fbfcfbfafffcfd00fc05010a060808030103fb04fc04fe02040006040506080008fcfffaf5fcf301f708f705f8fffe0305050200000000000000000000000000000000000000ffff00fefffefffe0100030103ff01feff0000010002010101fe01fdfffefefefdfffbfdfdfbfcfefb0000fe03fc05fe06040106fd03
1076,124360701,-92,11,128,1,0,0,a4411a41fffcff000202030200fdfefcfffc04fa03fafefdfffd02fc03fcfffffa02f8fffafdfdfdfbf9faf5fdf5fbf7faf9fdfc0100000000000000000000000000000000000000000001fe04fe00010001fe00fe00ff00ff00fe00fe00fe02fc03fd02fe00fd00fe0001ff02fe02ff020002ff01fe02ff03fc01fafffdfd00
1077,124536248,-91,11,128,1,0,0,2bb88241fdfefffe03fe02fdfefbfcf7fff505f302f3fdf602fb0103f908fa0dfe0bfb05fb03fdfffdfefefffdfffd01fb02fcfd03f701fd000000000000000000000000000000000000000000010001ff00fefffefeffffff03ff040001fefffefe00ff000100020102ff01fe00fefffefffd00fe01020203ff00fdfdfdfcff
1078,124577997,-92,11,128,1,0,0,4ff1144104f505f405f404f405f706fb06f905f905fc03fcfefcfcfcfcfcfbfdfbfffcfdfdfcfbf9faf8fafafefb01f900fafffdffffffff0000000000000000000000000000000000000101060604040004ff050105010301020102010002fe06fd0afc0afd09fe08ff0a000d000b00070106ff06fc05fc05fd04fd01fb03f8
1079,124588074,-92,11,128,1,0,0,e0088e4100fe00000100fe04f90bf906f7fcf9fb01fd03ff0000fdfefdfe01fe08010704000a030c0308fa07f603fbfc02ff050004fc00ff00000000000000000000000000000000000000010003010002fd01fefffffffffffffefefefffe01fb02f900fdff02000301020000fffffffd00fc020003030101fe00fdfffcfdfa
1080,124594786,-93,11,128,1,0,0,377ff341fdfffefdfefcfbfefafffd02050309000400fc04f404f200f800000207fb05f8fdfdf9fefbfefdffffff00ff040105030005ff01000000000000000000000000000000000000000001ff01ff010001fe00fd00ff0001fe00fdfffefffffffe00fe02ff0000fefffffdff00fe02000000fefc01fa04fb02fc01fd02ff
1081,124652660,-93,11,128,1,0,0,acc99a41fd00feffff01030209020c010bfa07f800fbfd01fd02fdff0101030003fc01fbfdfa02f606f601f4fef6fc00fd09fc08fa03fe0000000000000000000000000000000000000000ffffffffffffff01ff00fffeffff0101020100fffefefffffe01fe00ff00fe00fffe03fc03fc01fd02fc01fdfefefefeffff010000
1082,124662937,-93,11,128,1,0,0,0aa9904102ff0100020001fc01f706f707f804f901fcfeff01fc03fa00fbfcfffa03fa03fa06f901f6f8f5f5f7f7f8fffb04fcfefbf5fffc000000000000000000000000000000000000ff00fd02ffff00feffff01000000fcfefdfe00ff00fefefffd01fefffffeffff0000ff02fd02fe01feff01fd04fc02fe00fefffdfefe
1083,124673762,-92,11,128,1,0,0,f77ddf41fd05fd02ffffff0000fe05f80af50afa09fc04f703f903fd00f8fffb0102030001feffff00ff03ff0600060006fb04fbfe03fe02000000000000000000000000000000000000fffffdfdfefeff01000001fd00fbfffafefd01000304000800060201020002ff0300ff01fb02fd030003ff04fb00f8fefa00fe000200
1084,124680150,-92,11,128,1,0,0,4ff11441f8f4f8f0faf2fcf5fdf5fef5fff3fef3fdf7fefb00fefcfdfafcfbfffbfffbfcfafcf7fcf5fbf6fcf7fdf9fefefdfffbfffcffff0000000000000000000000000000000000000100050005fe04fc04fe040002ff03fe02fcfdfafdf902f702f600f700f804f806f807f508f506f704fb04fd04fa01f9fff8fdf8fef9
1085,124717563,-92,11,128,1,0,0,2ee77241fffe0200030003ff0101000403fe01fcfdfe00f903f303f201f9fffffff401f204ff060304020003fc02fd000104050707090202000000000000000000000000000000000000ff00ff020102030001ff01fd03fb03fdfffefcfdfefe01fffffcfbfbfbfcfdfcfefbfffcfefffc01fd01fd00ff01000300030002fc03
1086,124735543,-92,11,128,1,0,0,72299741020204ff08ff0c000602fcfffbfefd00fbfffcfefffafef7faf9fefe02010100fdfaf8f7fbfc0502050401ff02fa04fb0500010000000000000000000000000000000000000000000001ff00ffff00fefffeff01fe02ffff00ff00fffefefc00fc00fcfffe010005ff050103020204fe03fb00fdfffefffffe03fe02
1087,124748633,-93,11,128,1,0,0,688dd641fcfff902fb01f9fdf6fef503f403f602fbfe00fa01fc01ff03ff030203060309020907050b020b040a050206fa04fd0306040200000000000000000000000000000000000000fffffffdfffeffff0000000000ff0100020103ff04ff03ff02000201020100fffefe00fd02fe0100fe01fd01ff01ff04ff0401010501
1088,124814468,-92,11,128,1,0,0,ebb55e4102ff01fd02fc00fffcfffafffefe02f9fff7faf6f8f9f7fefbff0101fd07f905f903fb04fd02fe00fe00fffe00ff02fd03f900fe000000000000000000000000000000000000fdfff9fffd01fffffefefefd01fe01010102010001fefffefefffffffffffe01000202fe03fb01feffff01fc02fdfefefdfdfffeffff
1089,124918976,-93,11,128,1,0,0,6bbbb641ff00fe01fefffffffd00fa01fefffffcfefb02f805f304f104f70000fafbf9f8fcfe01ff02fdffffff0000fe01fa01f801f500fd000000000000000000000000000000000000010002020101020101000000fffffffc00fb01fcfffeffff000002010100ff00000100fffefbfcfbfefd01fc01fbfefdfcfe00fd03fe
1090,125052789,-93,11,128,1,0,0,c2255c41fe01ff01000002fcfffcfcfffdff000003ff00f9fff805fc01fdf7f8f6f2f9f6fd01010502040003fe01fcfdfbfcfefe02ff01ff00000000000000000000000000000000000000ff02ff00fe0100000000ff01000101ff01ff02010202020103ff01fdfefefb00fbfffd00fd02fc01fb00fc00ff0001020201040003
1091,125294564,-89,11,128,1,0,0,4ff114410ffa0efd0c000bff0bfc0bfd09fd06fb04fc02fdfefdfcfcfdfafdf9fbf9fbf8fcf7fdf7fcf8fdf9fdfafcf9fdf8fdfbfdffff00000000000000000000000000000000000000fefff9fefafdfbfdfbfdfdfffc01fd0200050007ff08ff07ff07fe08fb0bf90bfa09fd08ff070009ff0afe06ff030203040205010600
1092,125304166,-42,11,128,1,0,0,1ee00100fc0aff0f01140219021e01200022ff22fe21fd1ffd1bfd16fe11000b040608020dff12fd17fd1bfe1dff1e011e041c061a08060200000000000000000000000000000000000001fb04ef04ed04ec04ea05e905e906e905ea04ec02ef00f1fcf4f8f6f4f8f0faecfae8fbe5fae3fae1f9e1f8e2f8e5f9e8faebfceefd
1093,125304582,-42,11,128,1,0,0,1ee0010009fd0bf80ef312f015ee17ed19ed1aee1aef19f116f412f60df808f902f9fdf8f8f5f4f2f2eff1ecf1e9f2e7f4e6f7e6f9e7fef9000000000000000000000000000000000000fc01f106f007ee08ed08ed08ec08ec08ed07ef07f207f507f908fd0a000c040e061109140a160b170b190b1a0a19091708140710070d
1094,125305028,-42,11,128,1,0,0,1ee00100f6fef202ed04e906e507e306e106e105e103e302e601eb00f000f502fa04ff08020b051006140517041a021bff1bfd1afc18fe0600000000000000000000000000000000000003000f00100012001300140014011401130111000fff0cfd0afb07f804f402f101ed00eaffe700e500e401e301e401e701ea00edfff0
1095,125305585,-42,11,128,1,0,0,1ee00100f8faf2faedfbe9fae5f9e3f8e2f6e2f5e3f4e5f4e9f5edf6f1f9f5fdf901fb06fd0cfd10fc14fa17f819f619f418f216f114fc0500000000000000000000000000000000000002020c090d0a0e0a0f0b100c100c100c0f0c0e0a0c080b050b010afd09f909f50af10bed0ceb0de90ee80fe80fe90eeb0cee0af008f2
1096,125312922,-42,11,128,1,0,0,52200500fbf7f6f5f2f3eef0ebedeaebeaeaeae9ebe8ede9f0ebf3eff6f4f8f9f9fffa04f90af70ef412f214f015ed14ec13eb10eb0efa030000000000000000000000000000000000000003030f03110412041405150515041504140412040f050b070809040b000efc11f914f716f518f51af41bf41af517f714f811f80ef9
1097,125340299,-92,11,128,1,0,0,200dd2410100fd01fcfcfbf8fcf8fdf6fef404f500f0fff307020007f102f204f904fbfdfdfd02000402020100fefffcfefc00fe020300010000000000000000000000000000000000000000ff03fd02fe00fffefffefefffe01fe02ff0001ff00fffeffffff00fdfffdfe00fe0100fd01fb01000100fff8f9f8f4fff301f601
1098,125449922,-94,11,128,1,0,0,099dd04104fd02ff010001ff0101030107ff0aff06fb01f705f508fa080003fbfef7fef8fefa00fc04ff03ff00fe02fe05fe0302fc06fe010000000000000000000000000000000000000000000100fe00fd00fd01fd01fe01ff00ffffffffff00fefe01ff0100fffffdfffbfff9fdfcfefefffe00fe00fffffffe01fe03fd00
1099,125458256,-94,11,128,1,0,0,dee77d4103fe04fd02fefefffefbfcfcf900f803fd0305fe0a000707050602fdfbf7f9f9fa01f904fb03000101ff00020007fc07f705fd01000000000000000000000000000000000000ff0000fffffffdffffff0001ff05fe03fcfefeff020102010102020101fcfcfafbf9fffbfffdff00020401050003fe00fcfffa00f9ff
1100,125515738,-42,11,128,1,0,0,1ee0010000f6fbf4f7f0f4edf1eaf1e7f0e5f1e4f2e3f4e4f6e7f8eafaeffbf4fbfaf9fff704f407f00aed0bea0be70ae608e605e603f9000000000000000000000000000000000000000103050f06100712071307140714071407130711070e070b09080b040d010ffe12fb15f917f719f71bf61bf61bf718f816f913f910fa
1101,125613359,-92,11,128,1,0,0,711cc7410001ffff03ff08ff06fafdf6f8f8f5faf8f6fff80001fe05fc03fbfefbfdf8fff700ff0108000afe09f909fb08ff02fefd00fe00000000000000000000000000000000000000fffffefefd00fe02ff01ffffff0100030304030102010202040006fe0301fe00fefefffffdfffdfffd00fe00ff00020001fefe00fd03
1102,126113783,-93,11,128,1,0,0,4ff11400f7f5f8f7faf7fdf4fff5fdf8fbf9f9fafbfbfdfdfcfefcfffefffd00fa03fa06fc08fd07fb04fa03fa04fb02fb00fafffb00fe000000000000000000000000000000000000000002020702060006fd06ff04020403040203010203ff06fc09fc0bfd0cfb0afa0afb0bfd0aff09000900070004fe01f9fff8fefbfefd
1103,126318598,-92,11,128,1,0,0,4ff11400ff0cfd0cfd0dfd0dfe0eff0dfe0b000a00060003000200040204030103fd05fb06fb06fd08010a0209ff08fe06fe05fe03fe00ff00000000000000000000000000000000000000fe02f903f803fb01fe00ff00fe00fc01fa00fafefbfefdfbfef8fdf8fbfbfbfcfaf9f9f7f9f7f9faf9fbfafbfbfbfefb02fb04fb04
1104,126728181,-91,11,128,1,0,0,4ff11441f6f9f6f9f7f8f6f5f7f5f9f6faf7fafaf9fafcfafdfcfafdfa00fb01fa04f907f805f602f601f702f800fafefcfefcfefbfdfeff00000000000000000000000000000000000001fe05fb05fc05fc03fc03fe02ff00fefefdfdfdfffb02fb02fb00f900f501f401f502f704f806f608f504f701f901f8fef8fafbf9fd
1105,126830610,-93,11,128,1,0,0,4ff114000908080b080b060b060c060b070a0607020600040103020102fe03fc04fb04fa07fa08fb05fb06fc07fc07fc07fd06fd05fe01ff00000000000000000000000000000000000000fffffdfdfbfbfcfcfdfefefffefcfff901f703f903fc04fa06f804f802f702f603f605f705f703f804fb06fc06fe040002fe03ff05
1106,127220496,-93,11,128,1,0,0,fffeef4100ff01fd01fd00feff0001020204020806080605fd03fcfd05f602f2fff605fb05fc01fffd01fc01000104020502ff01f9fcfdfe000000000000000000000000000000000000fffffdfdfffd00fe0000000200020101020003000100ffff00fefffffe01020105010001fe0101000100ff0000ff0100010101010103
1107,127547421,-92,11,128,1,0,0,4ff11400f3f9f2fbf0fbf1faf5faf6fbf6fdf8fdfafefa01fc01fe00fe01fe03fe06fe07fe07fb07f805fa03fd03fd04fd03fd02fe01ff0000000000000000000000000000000000000001ff07ff06ff05ff04fe03ff03ff03ff02fc00fafff9fff8fff800f902f802f603f604f505f505f505f604f700f7fdfafcfdfafdf8fc
1108,127864569,-42,11,128,1,0,0,1ee001000109050f071409190b1d0a1f0a2109210820071e051a0414030e0308050107fb0af60ef212ef15ee17ee18ef19f119f418f606fd00000000000000000000000000000000000002fc09f20af00bee0ced0cec0deb0eec0ded0bef08f105f300f5fbf7f6f9f1f9ecfae7fae4f9e2f8e0f7dff7e1f7e4f7e8f9ecfbeffd
1109,127865866,-42,11,128,1,0,0,1ee0010006050c061108160a190c1a0e1b0f1b101910170f130d0f0b0b07070304fe02f800f300ee01ea02e704e506e507e609e80aea02fa000000000000000000000000000000000000fffcfef1feeffdedfdebfdeafdeafdeafeebfdedfdf0fcf4faf8f8fcf500f204ef07ec0ae90ce70ce50de50de60ce90aec09f008f307
1110,127868208,-42,11,128,1,0,0,1ee00100fb08fc0ffc15fc1afb1ef920f821f721f620f61df719f814fb0efe09030408000dfd12fb17fb1afc1cfd1dff1d011b031a04060100000000000000000000000000000000000003fe0ef80ff711f513f514f415f415f414f512f60ff70af706f600f6fbf5f6f3f1f1edefebede9ebe8eae8e9e9e9ecebeeeef1f2f3f5
1111,127869884,-42,11,128,1,0,0,1ee00100f703f508f20def10ec12e913e813e713e712e910eb0def0af408fa06ff0405040b050f071309150b150e150f131011110f11030400000000000000000000000000000000000003000e02100212021302150215021503140312020f010cff09fc05f902f5fff1fdedfbeafae7fae5fae3fbe2fbe4fce6fceafceefcf1
1112,127897049,-43,11,128,1,0,0,1ee0010000f8fdf4fbf0f9ecf8e9f9e7f9e6fae5fbe6fce7fdeafeeefef3fdf8fcfdf901f605f307f009ed09eb09e908e906ea04ea02fa00000000000000000000000000000000000000fe02fb0bfa0cfa0efa0ff910f911f811f910fa0efb0cfd0a0009040707050b030e031203140317031804180417041504120410030d01
1113,127897619,-42,11,128,1,0,0,1ee0010008fd0bf80ef511f214f016ef18ef19ef19f017f214f511f70cf907fa01fafcf9f7f7f3f5f0f2efefeeedefebf1eaf4eaf6eafdfa000000000000000000000000000000000000fc00f101f001ee02ed02ec02eb02eb01eb01ed01f002f303f705fa07fe0a010d0311041406160618061a061b051a041803150311040e
1114,127898248,-43,11,128,1,0,0,1ee0010007040c021102160219031b041c051c061b071907160711060d04080104fd01f9fff4fef0feebffe801e703e605e607e808e902fa000000000000000000000000000000000000fdfdf5f6f4f5f2f4f1f4f0f3f0f2f0f2f1f3f2f4f3f6f5f9f6fdf601f705f70af60df511f414f215f117f117f116f213f411f60ef80c
1115,128059429,-93,11,128,1,0,0,4ff1144109090a090909070a040a030905070505030402040104000103fc06f907f807fb09ff09ff08fd06fd06fe04fe03fe04ff05010100000000000000000000000000000000000000fdfff600f901fa01fbfefdfefefffe00fe01fe02ff040007ff09fd09fb07f906f806f806f706f807fa07fa08fa09fd07010804080505
1116,128374669,-51,11,128,1,0,0,1ee001000f131013101310131113111311131213121313131313131313131314121412151115111510160f150e150d150c150b150b150205000000000000000000000000000000000000010205090509050a050a060b060b070c070d070d070e070e080f080f080f0910091009100a100b100c110c120d110d110d110e120f13
1117,128375144,-51,11,128,1,0,0,1ee0010006ea07ea07ea06e906e906e906e906e805e805e805e705e705e705e806e807e807e808e808e908e909ea09eb09ec0aec0aed02fb00000000000000000000000000000000000001fd04f704f705f605f605f606f506f406f407f307f307f308f208f208f108f108f108f008ef07ef07ee07ee07ed07ed07ed07ec07eb
1118,128375609,-51,11,128,1,0,0,1ee00100150615061506160516051605160517051704170417041804180418051705170617061707160816081508140913091309130a0402000000000000000000000000000000000000020008030903090409040a040b040b050c050d050d050d060e060e060e060f060f071007100610061106120612061206130614061506
1119,128376078,-51,11,128,1,0,0,1ee00100e90ce90ce90ce90de90dea0dea0ee90ee90fe90fe90fe90fe910e90fe90fe80fe80ee80ee80de80ce80be90ae909e908e908fa01000000000000000000000000000000000000fd00f503f503f403f403f303f204f104f004f004ef04ef04ee04ee04ee05ed05ed06ed06ec07ec07ec08eb09eb09eb0aeb0aea0aea0a
1120,128376540,-51,11,128,1,0,0,1ee00100edefecefecefecefebf0ebf0ebf0eaf0eaf0e9f0e9f0e9f0e9f0e9f0e9f0eaf0eaefeaefebeeeceeedeeeeeeefeeefeef0edfcfb000000000000000000000000000000000000fefdf9f7f9f6f9f6f8f5f8f5f7f4f7f4f6f3f6f2f6f2f6f2f5f1f5f0f5f0f4f0f4f0f3f0f2f0f2f0f1f0f0eff0f0f0f0f0f0efefeeef
1121,128377072,-51,11,128,1,0,0,1ee00100031803180319041904190419041905190519061a061a061a061a061a051a041a041a031a021a0219011901180017ff17fe17ff05000000000000000000000000000000000000ff02ff0aff0bff0bff0cff0dff0dff0eff0fff10ff10fe10fe11fe12ff12ff12ff13ff13ff1400140115011601160116021602170218
1122,128377604,-51,11,128,1,0,0,1ee0010018fb19fb19fb19fa19fa18fa18fa19f919f819f819f719f719f819f819f81af91af91afa1afb19fc18fc18fd17fd17fe17ff05ff00000000000000000000000000000000000002ff0aff0b000b000c000d000e000e000f001000100011001200120012001300130013ff14fe14fe15fe15fd16fd16fd16fd17fc18fc
1123,128423414,-40,11,128,1,0,0,1ee00100fef1fbeef9ebf8e8f7e5f8e2f9e1fae0fbe1fce3fde6fceafbeff9f4f6f8f2faeefbebfbe8fae5f9e4f6e5f4e6f2e8f1ebf0fafc00000000000000000000000000000000000002010c070d070e081009100a100b0f0c0f0c0e0b0c090b060b030c000dfc0ef810f612f414f216f217f218f318f416f513f60ff70cf6
1124,128424117,-40,11,128,1,0,0,1ee00100f204f007ed0bea0de80ee60ee40de30ce40be60ae908ed07f107f608fb0aff0d001101140118011aff1cfd1cfb1bf919f718fd0500000000000000000000000000000000000001fc04f205f105ef06ee07ee08ed09ee08ee08f006f203f300f4fdf4f9f4f6f3f3f2f0f0eeeeeeededebeeeaefebf1edf2f0f4f3f5f5
1125,128424724,-40,11,128,1,0,0,1ee001000dfe10fb14f917f81af81cf81df91efa1dfb1afc17fd13fd0ffc0af906f604f203ee03ea04e705e507e409e50be60ce80dea03fa000000000000000000000000000000000000fe02f70bf70cf60df40ef30ff20ef20ef20df30cf50bf80afc0bff0b030c060e08100a130b140c160b180a18091708150812080f080c
1126,128425178,-40,11,128,1,0,0,1ee001000c071107160719081c091e0b1e0c1e0e1c0e190d160c12090f050c000bfb0bf60cf20eee11ec13ea16eb18ec19ef19f218f406fd000000000000000000000000000000000000fc00f003ef03ed03ec03eb03ea02ea01eb01ed01f001f203f505f709f90cfb10fb14fb17fb19fa1bf91cf81cf81af818fa15fc12fe0f
1127,128425730,-40,11,128,1,0,0,1ee00100faf4f6f1f3eef1ecf0e9f0e7f1e6f2e5f3e6f4e8f5ebf7eff8f4f7f8f5fdf201ef03ec05e905e605e503e402e500e6fde8fcfafe00000000000000000000000000000000000002010b060d060e070f090f0a0f0a0f0b0e0b0d0a0b080a050a010afe0bfa0cf60ef310f112f013f014f015f014f212f30ff40cf509f5
1128,128426225,-41,11,128,1,0,0,1ee0010008090d0a110b130d150f16111612151314131211100f0d0c0b080a0309fe0af90df60ff312f115f116f118f318f517f817fa05fe000000000000000000000000000000000000fcfff2fcf1fceffceffbeefaeef9eef9eff9f1faf3fbf4fef501f605f708f70cf60ff412f314f214f115f015f113f211f50ff70dfa0b
1129,128426709,-41,11,128,1,0,0,1ee00100050b090d0c100f121014101610180f180d170c150a13090f080a080509000cfc0ff912f815f617f619f81afa19fc18fe17000500000000000000000000000000000000000000fdfef4f8f3f7f2f6f1f5f1f4f1f4f2f3f2f3f4f5f5f7f6faf6fdf501f505f308f10bef0dee0eec0eeb0fea0eeb0ded0bf00af309f609
1130,128427143,-41,11,128,1,0,0,1ee001000af70cf30fef11ec14ea15ea17ea18eb17ec15ef13f10ff309f504f5fff5faf3f6f1f3eef1eaf1e8f2e5f4e4f6e4f9e5fbe6fef9000000000000000000000000000000000000fe03f80cf70ef60ff510f410f310f30ff30ff50df70bfa0afe0a020a070b0a0c0e0e1010121112131314121511140e120d0f0b0b0a08
1131,128427611,-41,11,128,1,0,0,1ee00100f3faeefaeafae6f9e3f8e2f7e2f5e2f4e4f4e7f4eaf6eef9f2fcf501f806f90bf90ff813f617f418f219f018ee16ee13ed11fb0400000000000000000000000000000000000003000e030f041104120512061206120711060f050d040b0109fe08f907f507f107ed08ea09e80ae70be60be60be80aeb08ee06f103f3
1132,128428078,-41,11,128,1,0,0,1ee001000af70cf30eef11ec13ea15ea16ea17eb16ec14ee11f10df308f503f6fdf6f8f5f4f3f1f0eeedeeebeee9f0e7f2e7f4e8f6e8fdfa000000000000000000000000000000000000fd02f509f40af20bf10cf00cef0bef0bf00af209f508f808fc09000a040b080d0b0f0d110f130f150f160f170d150c130a10090c0909
1133,128428682,-41,11,128,1,0,0,1ee0010003f201ec01e701e202df03de05dd06dd06df06e205e603eb00f0fcf5f7f9f2fcecfde8fce4fbe1fae0f8e1f6e3f4e5f2e7f1fafc000000000000000000000000000000000000ff03fc10fc11fb13fa14fa15f915f814f813fa11fc0eff0b030907080c061005140518061a071c081d091d0a1a0a1708140711040e01
1134,128429152,-41,11,128,1,0,0,1ee001000cfe10fb14f918f81bf81df81ef91efa1cfb19fb16fc11fc0cfb07f902f7fef3fceffaebfae7fbe5fce3fee300e402e503e701fa000000000000000000000000000000000000fc00f102f002ee02ed01ec01ec00ec00ed00f000f301f602f905fb08fe0b000f011302160218011a011b001bff19ff160012010e020b
1135,128429639,-41,11,128,1,0,0,1ee00100f4f8eef7e9f6e5f4e2f2e1f1e1efe2efe4efe7f0eaf2eef6f2faf500f705f80bf810f615f418f21af01bed1aec18ec15ec13fb0400000000000000000000000000000000000003020c090e0a0f0b0f0d100e0f0e0f0f0e0e0c0c0a090905090009fc0af70bf20def0fec10ea12e913e914e913eb10ee0df00af206f4
1136,128430160,-41,11,128,1,0,0,1ee0010009060f071309160a190c190e190f1810170f150e110b0e080b04080006fa06f507f108ed0aea0ce80ee810e910ea11ed11ef04fc000000000000000000000000000000000000fdfdf5f6f4f5f3f4f3f3f2f2f3f1f4f1f4f2f6f4f7f7f7faf7fef702f606f50af30df110ef12ee12ed12ec12ed10f00ef30cf60af909
1137,128469045,-92,11,128,1,0,0,4ff11400fef500f003f003f002f300f700f900f6fef5fef8fefbfdfefcfefcfdf8fef4fef2fff600f900f9fff7fff7fdfbfdfcfcf8fcfdff000000000000000000000000000000000000ff01ff0401060007ff06ff03ff010001000102010402030005000a030d030e020f040e040b01080005ff04fc03fb00fbfdfcfdfbfffb
1138,128981063,-92,11,128,1,0,0,4ff11400f604f405f507f504f402f301f501f702f903fa05fb05fd02fd03fd06fd08fe09fd08fc09fd09ff07ff05fe05000501050004ff0000000000000000000000000000000000000000fe01fa00fa01f902fb01fdffff01000102ff01fefffbfef8fbf5f9f5f8f9f8f9f7f7f6f8f5f8f5f9f7fcfafefdfcfff8fef8fffb02
1139,129083456,-93,11,128,1,0,0,4ff11441f608f50af409f406f404f504f503f502f602f904fe0500050005000602060306030802080008fe07fd07fd07fe05ff0301030000000000000000000000000000000000000000fffefcf9fdfafefafef9fef9fffdff00fe01fd01fdfffafdf6fdf2faf2f9f6faf8faf9fbf8faf9f9fdf9fdfbfafefa00f903f905fd06
1140,129697877,-94,11,128,1,0,0,4ff11400f505f606f405f204f302f5fff700f803fa05fd05fe03fc04fd050005010501070008fe07fe06ff06fe07fe05ff06fe06ff05000100000000000000000000000000000000000000fe01fb02fa03fb04fd04fe02fe00fdfffcfefcfefdfcfafaf8f9f8f9f5f9f4fbf5fef6fff6fef4fff300f6fffbfdfcfbfcf700f304
1141,129965250,-91,11,128,1,0,0,b5544b41fd00fd00fd01fe01fe01fe00fe00fdfffc00fb01fc01fd02ff0100ff00fe00ff00fdfefcfeffff00ffffff00ff0000000100000000000000000000000000000000000000000000010103000000000201020000ffff000000ff02fb04fa01fb01fb03fb00fefd00fc00fd01fd04ff020001ff08050e0a0602fffcfffe
1142,130069547,-95,11,128,1,0,0,c6633c41ff0200ff00fe01000100010100020000fffef7fdeefdf5fefffe0306050e0107fdfffdfc01fc03ff0100fe00fd00ff00fffeffff000000000000000000000000000000000000ff00ff0000fffffdfdfefdffffff00fe00fefe00fd00fd00ff010202020102fe02fd0100ff00fefbfdfafcfefb01fd00ff01ff020102
1143,130935288,-43,11,128,1,0,0,1ee00100fdf1fbedfaeafae7fbe4fce4fde3fee4ffe6ffe9ffedfdf1fcf6f9faf5fdf1ffeeffeaffe8fee6fce6fae7f9e8f7ebf6edf6fbfd0000000000000000000000000000000000000203090e0a0f09100911081108110710070f070c070908060a030d000ffe12fc14fa17fa18fa19fb1afb19fc17fd13fd10fd0cfc09fb
1144,130950105,-40,11,128,1,0,0,52200500f80bf70ff613f416f218f118f018ef17f015f113f310f60dfa0bff09040809090d0b0f0d1110111210140f150d150a140814020500000000000000000000000000000000000000fc02ef02ef02ed03ed03ec04ed04ed04ee02f000f2fef4fbf6f7f7f3f7f0f7edf7eaf6e9f5e8f4e8f3e8f3ebf3edf5eff7f2faf3fc
1145,131152370,-41,11,128,1,0,0,1ee00100f0fdecfee8fde5fce3fbe3fae3f9e4f8e6f8e9f9edfbf1fef501f805fa0afb0efa12f915f718f618f418f317f215f212f210fc0400000000000000000000000000000000000004ff11fe12ff13ff140014011302120210010e000bff08fc06f805f404f003ed03ea04e705e606e507e507e607e905ec03ef00f3fef5
1146,131154255,-41,11,128,1,0,0,1ee00100f308ef0ced0eea0fe810e70fe60ee70de90cec0aef09f408f907ff080409080c0b0f0d120d140d160c170a17081706150514010500000000000000000000000000000000000003fd0ef70ff711f712f712f812f911f90ffa0cfa09fa05f901f7fef4faf1f8eef6ecf5e9f5e7f6e7f6e6f7e7f8e9f9ecfaf0f9f4f9f8
1147,131155575,-41,11,128,1,0,0,1ee00100f4f6eff4ecf2eaefe8ede9ece9ecebecededeff0f2f3f4f7f6fcf802f807f80cf610f413f215f015ef15ee14ee11ee0fef0dfb030000000000000000000000000000000000000203080e090f09100911081208110711060f060c0608060408000afc0cf80ff511f314f215f116f117f217f215f411f60df709f806f8
1148,131156129,-41,11,128,1,0,0,1ee001000e03130317041a051c061c071c081b081808150611050d0209ff05fa03f601f101ed01e903e704e505e507e608e808ea08ec02fb000000000000000000000000000000000000fcfdf1f7f0f6f0f5eff4f0f3f0f3f1f3f3f5f5f7f6faf7fef803f807f70bf60ff513f415f216f116f016f015f213f410f70dfb0bfe09
1149,131156719,-41,11,128,1,0,0,1ee00100f8f3f4eff2ecf1e9f0e7f1e6f2e5f3e6f4e8f5ebf7eff8f4f8f9f8fff704f409f20cef0eec0fea0fe90ee80de90beb08ec07fb01000000000000000000000000000000000000000303100311021202130113001300120010000d020a040607030a000efd11fb14fa17fa19fa1afa1afb1afc17fc13fd0ffc0bfb07fa
1150,131157138,-42,11,128,1,0,0,1ee00100f60bf40ff213ef15ed16ec16ec15ec14ed12f010f30df70afc08010707060c071008130a150c160d160f1410121010100e0f030300000000000000000000000000000000000003fe0ef80ff811f812f912f912fa11fa0ffb0cfb08fb05fa01f8fdf5f9f3f6f0f4edf3eaf2e9f3e8f3e7f4e8f5eaf7eef8f2f8f6f9fa
1151,131158860,-42,11,128,1,0,0,1ee00100f5f5f1f3eef0ebeeeaeceaebebeaeceaeeecf0eff2f2f5f7f7fcf901f907f90cf710f513f315f216f016ef15ef13f010f00efc030000000000000000000000000000000000000003020f0210021202130113011300120010010d0209040607020aff0dfc10f913f816f718f619f719f719f816f912fa0efa0afa06fa
1152,131159415,-42,11,128,1,0,0,1ee00100fc0efb12fb16fa19f91bf81cf71bf71af718f815fa11fd0d0008040509010eff12fe16fe18ff1a001a021903180416051405040100000000000000000000000000000000000002fd0bf60df50ef40ff40ff50ff50ff60df70af807f903f9fff8faf7f6f6f2f4eff2edf0ecefeceeeceeedeeefeff1f2f4f5f6f9f7fc
1153,131159996,-42,11,128,1,0,0,1ee001000df912f516f319f11cf11df11df21df31af417f512f70cf806f900f8faf7f5f4f1f1eeeeecebece9ede8efe7f1e7f3e9f5eafdfa000000000000000000000000000000000000fbffeffcedfbecfaebfaebf9ebf9ecf9eefaf1fbf4fef701fa05fc0afe0eff120016001a001cff1dfe1dfe1cfe1afe15ff11010c0308
1154,131160430,-42,11,128,1,0,0,1ee0010007f209ed0be80de50ee30fe310e410e50fe70dea0aee06f202f6fcf9f6fcf1fdecfde8fce4fae3f9e3f7e4f6e6f5e8f4ebf4fbfd000000000000000000000000000000000000fc01ef05ee05ec05eb05eb04eb04ec03ee03f103f504f905fe07020a060d090f0c130d150e170e180e190d190c160a13090f080a0706
1155,131160900,-42,11,128,1,0,0,1ee00100fd0efe14fe19fd1cfc1ffb20fa1ffa1efa1cfa18fc14fe0f0109050509000efd13fc18fb1bfb1dfc1dfe1d001b0119031704050100000000000000000000000000000000000002fd0cf40df30ef20ff210f210f30ff40ef50bf607f703f8fef8f9f7f4f6f0f5edf3eaf2e8f0e8efe8eee9eeebf0eef2f1f5f4f9f6fc
1156,131162665,-42,11,128,1,0,0,1ee0010004f005ea06e508e109de0bde0cde0cdf0ce10be508ea05ef01f4fcf8f6fcf0ffeaffe5ffe1fedffcdffadff8e1f7e4f6e7f5fafd000000000000000000000000000000000000fc02f10af00bee0bed0cec0bec0bec0aee09f108f508fa08ff09040a090b0e0d111014121514161516161516131510110e0e0c090a05
1157,131164782,-42,11,128,1,0,0,1ee00100f9f4f6eff3ebf1e8f0e5f0e4f1e3f2e3f3e4f5e7f6ebf8f0f9f6f9fcf802f608f30def10ec12ea12e812e710e70ee80be909fa02000000000000000000000000000000000000ff03fd0efc0ffc11fb12fb13fb13fb12fb11fc0efe0b0109050608030c0110ff14fe17fe19fe1bfe1cff1bff1900160012ff0efe0bfc
1158,131165973,-42,11,128,1,0,0,1ee00100fdf2f9ecf8e7f7e3f6dff6ddf7dcf9ddfadefbe2fce7fcedfbf3f9faf600f305ee09ea0ce60ee30ee00ce00ae007e205e303f900000000000000000000000000000000000000fe03f90df80ff710f711f612f612f611f610f80efb0cfe0a030807060c051004150418041b051c051d061d071b061806140410020dff
1159,131438662,-93,11,128,1,0,0,4443344107fdfdfaf8f8fffd0303030203fe01fbfefcfefe00ff00ffff01ff00fffafffbfe02fa03f904fc0200fe00fdfdfffd02ff03ff00000000000000000000000000000000000000fffffe00fc03fc02fefffefffefffffefffefffd00fc02fd02ffff00fcfefcfafef8fefcff02010004fb03fafffdfefe01fc03000205
1160,132471053,-52,11,128,1,0,0,1ee001000515051505150615061506150615071508150815081508150815081508150716071606160516051604150315021501150115000500000000000000000000000000000000000000040211021101110112011201120013001300140013ff13ff1400140014001300140114011401140214031403140314041404150415
1161,132471754,-42,11,128,1,0,0,1ee00100f7eef5ebf4e8f3e6f3e4f4e3f5e3f6e4f7e5f8e8f8ebf7eff6f3f4f7f1faedfbeafbe7fae5f9e4f7e4f5e5f3e7f1e9f0ebf0fbfc00000000000000000000000000000000000004001300130113031204110410040f040d020c000bfd0afa0bf70bf40cf10def0fee11ed12ed12ee12ef12f010f10df209f306f303f3
1162,132499812,-42,11,128,1,0,0,1ee00100ef00ea01e601e301e101e000e0ffe1fee4fee7feebfff001f504fa07fe0b001002140218011b001dff1efd1dfb1cfa19f917fe05000000000000000000000000000000000000040110041105120612071207110710070e060b04090107fd06f905f504f104ed04ea06e706e607e508e508e607e906ed03f000f3fef6
1163,132551269,-46,11,256,1,0,0,6aa00600010e03130516061a061c061d061d051c041a04170413040f060a08050c0010fc14fa19f91cf91ffa21fc21ff20021e041c06060100000000000000000000000000000000000001fb04ef05ee06ee07ee08ee08ef08f106f304f501f7fef8faf9f6faf3faeffaecfaeaf9e9f9e8f9e8f9e9f9ebfaedfbf0fdf300f602e00008fa08fa08f907f907f907f807f807f707f706f706f706f606f606f607f607f607f607f607f607f607f707f708f708f809f809f909f90afa03fe01ffff00ff00ff0000ff02ff05ff05ff05ff0600060006000600060006000700070007000700070007ff07ff07ff07ff07fe08fe08fe08fd08fd08fc08fc08fc08fb08fb
1164,132552843,-42,11,128,1,0,0,1ee001000e0712081609190b1b0d1b0e1b0f1a0f170e150c110a0e060b0108fc07f707f208ed0aea0ce70ee60fe611e712e912ec12ee04fb000000000000000000000000000000000000fcfdf2f5f2f4f2f2f2f1f2f1f3f2f4f2f5f4f7f7f7fbf8fef703f607f50bf30ef111f012ee13ee13ed13ed12ef10f20ef60bf90afd08
1165,132554780,-42,11,128,1,0,0,1ee00100ffeefee8fee4ffe0ffde00dd01dd02de02e002e401e9ffeffcf4f8f9f3fdee00e902e502e102df00deffdefce0fae3f9e5f8f9fe000000000000000000000000000000000000fe04f811f712f612f512f412f410f50ff60df90bfc09010706060b060f061306160719081b091b0a1b0b1a0b170a130810050c010afe
1166,132555249,-42,11,128,1,0,0,1ee001000d0712081609190b1b0d1b0e1a0f190f170d140b11090d050a0107fc05f705f105ed07e909e60ae50ce40de50ee70eea0eec03fb000000000000000000000000000000000000fdfcf6f2f6f0f6eff6eef7eef8eff9f0faf2faf5faf9f9fdf801f605f409f20cef0eed10ec10eb10eb10eb0fed0df10bf40af908fd08
1167,132557032,-43,11,128,1,0,0,1ee0010000efffe9ffe500e101df02de02de03df03e202e501eaffeffcf5f8faf4feef01ea03e604e204e003df01df00e1fee3fce5fbf9fe000000000000000000000000000000000000fd03f40ef30ef10ef00ef00ef00df10bf30af608fa07ff06040709070d081109140a170c180d180e180e170e140d110a0e070b030900
1168,132575683,-47,11,256,1,0,0,9660090007f309ee0aea0be70ce50de40de40de50ce70aea07ee04f100f5fbf9f6fcf0feebffe600e2ffe0fddffbdff8e1f6e3f5e6f4f9fd000000000000000000000000000000000000fbfeeefbeefaedf8edf7edf7eef6f0f7f3f8f5faf8fdfb00fd04ff09010c021003130316031703180418041704140311030d04080404e200f4fdf4fdf4fef4fef4fff4fff400f400f400f401f301f301f302f302f302f301f301f301f301f300f300f300f3fff3fff3fef3fef4fdf4fcfbfefeff000000000000fffffdfef9fbf9fbf9fbf9fbf9faf9faf9faf9faf9faf9f9f9f9f9f9f8f9f8f9f8f9f8f9f8f9f8f9f7faf7faf7faf7fbf6fbf6fbf6fbf5fcf5fcf5fc
1169,132580845,-47,11,256,1,0,0,96600900000d03130417051b061d061f061f061e051c05190414040f0509060308fd0bf70ff213ee16ec1aeb1cec1dee1ef01df31cf507fd00000000000000000000000000000000000004ff11fc12fc13fd14fd14fe14ff12ff0fff0cff08fe04fd00fafcf8f8f5f5f3f2f1f0efefedeeecededeeeeefeff1f2f3f5f6f9f8fdd20016f616f516f415f315f215f214f114f014ef14ef13ee13ee13ed14ed14ed15ed16ed16ed15ed15ee15ef16f117f217f218f318f519f619f809fd02ffff00ff00ffff01ff05ff0ffe0fff0f000f001001100111011101110112011202120213021302140214011401140014ff14ff15fe15fd15fc15fb15fa16fa16f916f8
1170,132667569,-91,11,128,1,0,0,4ff11400fe0cfa0cf80df90bfb0afd0aff07000301020203040304030404040306ff08fe08fe08fd08fe06fe03fe03ff03fe03fe0501010000000000000000000000000000000000000000fe01fa02fa03fd03fe01fefffdfffd00ff0101ff02fb00f9fef8fef7fdf6fbf5fbf5fbf6fbf6fcf7fdf9fefbfefa00f804fa05fd03
1171,132680161,-42,11,128,1,0,0,1ee0010000f3fceffaebf8e7f6e4f7e1f8dff9defadefce0fde3fde7fdecfbf1f9f5f5f9f0fcecfce7fce4fbe2f8e2f6e3f3e5f0e6eef9fb00000000000000000000000000000000000002020c0a0c0b0d0c0e0d0e0e0e0e0e0f0d0e0d0d0c0b0b080c050d020efe0ffb11f814f616f417f419f41af419f517f615f713f710f7
1172,132680762,-43,11,128,1,0,0,1ee0010005f402ef01ea01e601e302e004df05de07df07e107e406e804ec01f1fdf4f8f5f3f6eef5ebf3e8f0e7ede8ebeae9ede7efe6fcf90000000000000000000000000000000000000103070e080f0910091109120812081308120710070e080b09090b060e03100013fe16fd18fd1afd1cfd1cfe1bff19ff16ff14fe12fd
1173,132735217,-42,11,128,1,0,0,1ee00100f8f8f3f8eef8e9f7e6f5e4f4e3f2e3f0e4f0e6f0e9f1edf3f1f6f4fbf600f605f60af40ef111ef13ec13ea12e810e80ee80cfa0200000000000000000000000000000000000003000d010f01100112011301140114021402130211010f000dfe0bfb08f707f406f006ec07e908e709e60ae50ae60ae809eb07ed06f0
1174,132736502,-42,11,128,1,0,0,1ee00100000b050f08120b170d1b0d1d0d1f0c200a20081e071b05170511050b07060a010efd13fa17f91bf91dfa1ffc1fff1d011c030701000000000000000000000000000000000000fefcf9f2f8f1f6eff5eef5edf5ecf5ebf5ebf6ecf7eff7f2f6f5f5f9f3fef102ed05ea08e809e50ae30ae20ae209e508e707ea07ed06
1175,132738267,-42,11,128,1,0,0,1ee00100fdf6f8f3f4f0f1edefeaeee7eee5efe4f0e4f2e6f4e8f6ecf7f1f8f7f8fcf601f306f009ec0be90ce70be50ae507e505e603f9000000000000000000000000000000000000000102070b080c090e0a0f0b100b110b120a120910080e080b090809040bff0dfb0ff812f514f416f318f21af219f317f514f611f70ef8
1176,132790217,-43,11,128,1,0,0,1ee001000bf60bf20bef0cec0ee910e811e813e814e914ea12ed10f00df209f305f302f1ffeffdecfde8fde6ffe302e204e207e409e502f90000000000000000000000000000000000000202090b090b090c090c0a0c0a0c0a0c0b0c0b0b0b0a0c080d070e050f04100212021301150116011701180117011501140012ff11fe
1177,132791816,-43,11,128,1,0,0,1ee001000a0c0d0d100d120f14101512151314141315121410130e110d0e0c0a0d060e0311011400170019011b031b051b08190b180d0503000000000000000000000000000000000000fd02f40bf30af30af30af30af30af30af40af50af70bf80cf90dfa0efc10fd11fd13fe14fe16fd16fd17fc17fd16fd14fe13ff110010
1178,132792344,-43,11,128,1,0,0,1ee00100fc0ffe1200150018001aff1bfe1cfd1dfc1cfb1afb18fb15fd12000f030e060d0a0e0c0f0e120f140e160c190a1a071a041a0106000000000000000000000000000000000000fcfff0feeffdeffdeffcf0fdf0fdf0fdf0fef1fff200f202f104f106f107f009ef0aee0ced0ced0cec0dec0ced0cee0bf00bf20bf40b
1179,133384388,-92,11,128,1,0,0,4ff114000a080b0a090b070b070b060a070a0707060303020202020001fd01fb03fc06fc08f909f807f906fb03fc01fd03fd03ff030001ff000000000000000000000000000000000000fffefdfbfefdfdfcfcfbfbfbfbfcfbfef8fef8fff902f904f803f605f607f607f608f706f903f902f902fa03fc05fe05ff03010002ff
1180,134715606,-92,11,128,1,0,0,4ff11400f807f608f60bf90cfa0dfa0dfa08fd05ff030004010703060503060206ff07fd07fd06fc07fa08fc07fe05ff02fd00fb00fb00ff00000000000000000000000000000000000001000602040305030501020003fe03fd00fcfcfbfbfbfdf9fdf8fef4fef3fdf6fef203f105f600f9fbf8fbf8fbf9fbf9fdfafafef302
1181,134826841,-48,11,128,1,0,0,1ee00100e303e502e802ec02f005f408f70cf911fa16f91bf81ff622f324f023ee22ec20eb1cec18ee15f212f611fb11fe1201150317000600000000000000000000000000000000000000fd03f802f801f900fafefafbfaf9f9f6f8f5f6f4f4f3f2f4f0f4eff6f0f7f1f8f3f9f6f9f9f8fdf600f304f006ed08e909e509e309
1182,134828556,-48,11,128,1,0,0,1ee00100e40be60aea08ee08f309f80bfd0e01120417061c0621052404270127fe27fc26fa23f91ffa1afd160012051109100d101012040400000000000000000000000000000000000000fd03f802f801f900fafdfbfbfbf8fbf5f9f3f8f2f5f1f3f1f1f2f0f3f1f5f2f7f4f8f7f9fbf8fff703f507f20bef0eec10e811e511
1183,134829104,-48,11,128,1,0,0,1ee00100e2f9e5f9e8faecfdf000f305f50af710f616f51bf31ff022ee23ec22e921e81ee81bea17ed14f211f710fb11ff1303150418010600000000000000000000000000000000000002ff07fc06fc05fc03fc01fbfef9fcf7fbf4faf1faeffcecfdebfeebffec00ee00f1fff4fdf7fafbf7fdf200ee01ea02e601e200e0ff
1184,134829558,-48,11,128,1,0,0,1ee001001dfc1afd16fd12fc0dfa09f705f202ed00e7ffe200dd01da03d806d809d90bdb0cdf0ce30ae607ea02edfdeef8eef4edf2ebfcfa000000000000000000000000000000000000fe01f906fa05fb04fd040004030505060809090b0a0e0a100912081306120510030e030a0406050208fe0cfb0ff813f617f51bf51ff5
1185,134831203,-48,11,128,1,0,0,1ee00100e813ea11ed0ff20df70cfd0c040d090f0f121316161a171e1721152212230f230c210a1e091909130a0e0d0a110615041803060000000000000000000000000000000000000001fd04f704f802f901fbfefcfbfcf8fcf4fbf2f9f0f7eff4eef2eff1f1f1f3f2f5f4f7f7f9fbf9fff904f809f60ef412f116ee18eb19
1186,134834358,-48,11,128,1,0,0,1ee00100e811ea0fed0df10bf709fd090309090b0f0e1411171419171a1a191c171d141e111c0e190c140b0f0b090d040f0012fc15fa05fe00000000000000000000000000000000000002fe08f907fa06fb04fb01fcfefbfbfaf7f8f5f6f3f3f3f0f3eef3edf5edf7eef8f0faf3fbf8fbfcfa01f906f70bf40ff112ed15ea16
1187,134834901,-48,11,128,1,0,0,1ee001001eff1b00170012ff0dfd08fa03f6fef1fbebf8e6f7e1f7ddf8dafad9fdd9ffdb01de01e201e7ffecfbf1f7f4f3f7eef8eaf9fafe000000000000000000000000000000000000fdfff5fff5fff7fff900fc01fe040007010a020e01110014ff15fd16fc15fc13fb10fc0dfe090105040209fe0dfc12fa16f91bfa1efa
1188,134835389,-48,11,128,1,0,0,1ee001001d051a05160512030d0008fc04f700f1feebfce5fce0fcddfeda00d902d904db06de06e304e702ecfef1f9f4f4f6eff7ecf7fafd000000000000000000000000000000000000fdfff5fcf6fcf8fcfafefc00fd03fe06fe0afe0efd11fb13fa15f815f813f711f70ff90cfb08ff05030208000dfe12fe17fe1cff1f00
1189,134840026,-51,11,256,1,0,0,6aa00600f5e5f7e7f8ebf9eff9f5fafbf902f808f70ff514f219f01ded1feb20e91fe91de919ec15ef11f40dfa0b010a070a0d0b110d0403000000000000000000000000000000000000fd02f709f708f906fb04fd020101040108010c020f03120513061308130911090e080b060804050101fdfef9fbf5f8f1f6edf5e9f4e7dc00fbf4fcf4fcf3fcf3fcf3fcf3fcf3fcf3fcf3fcf3fcf2fcf2fdf1fdf1fdf1fef1fff100f101f102f102f103f104f204f205f307f408f409f503fc01feff0000ff0000ff00fd00fafffafffafef9fdf9fdfafcfafbfafbfafafaf9faf9faf9faf8faf8fbf7fbf7fbf7fbf6fbf6fbf6fbf6fbf6fcf5fbf5fbf5fbf5fbf5fbf5
1190,134871892,-48,11,256,1,0,0,6aa006001e021a0115000fff08fe01fdfafbf2faecf9e5f8e0f6ddf5daf4daf3dbf2def2e2f3e7f5edf8f3fcf901fe06020c05120717010600000000000000000000000000000000000002fe0af908fb04fe0000fc01f703f204ed04ea04e603e502e401e500e7ffeaffeffff3fff9ffff0005010c01110217021b021f032102cd000f040f040f040f040f040f040f040f030f030f030f031003100310041004100510060f060f070e070e080d080d090c0a0b0b0a0b090c080d03040001ffffff00ff0001ff03ff09fd09fe0aff0aff0a000a000b010b010b020c020c030c030c040d040d040c050c050c050c050c050d050d050d050d040e040e040e040e04
1191,134886219,-46,11,256,1,0,0,6aa00600e20be709ec08f306fb0403020a0012fe18fc1efa23f927f929f929fa28fb24fc1ffd19fd12fd0afc02fafbf7f5f4eff0ebedfafb000000000000000000000000000000000000fd02f809f906fc0100fd04fa09f60df412f216f119f11bf11cf31af418f614f70ff909fc03fefd00f602f004ea07e508e10ade0bdd0ccb00ee01ee01ee01ee01ee01ee01ee01ee01ee01ee01ee01ee01ed01ed01ed00ed00eeffeefeeefdeefceefceffbeffaf0f9f1f8f2f7f2f6f3f5fbfcfefe000000ff00ffff00fc02f607f507f506f405f304f304f203f203f102f102f002f001f001f001f000f0ffefffefffefffefffefffefffefffef00ef00ef00ef00ef01
1192,134937492,-41,11,256,1,0,0,6aa006410fe90ceb08ed03effeeefaedf6ecf3e9f1e6f0e4f0e1f1e0f3e0f5e1f7e3f9e5fae8faebf9eef8f1f5f3f3f4f1f5eff4eef3fbfc000000000000000000000000000000000000020009ff09fc0bf90df610f414f218f21cf31ef51ff91ffc1dfe1aff16ff12fd0efa0bf708f307ee07e908e50ae20ce10ee011e012e00af021d01fd51cdb19df15e310e40be407e303e1ffdefedcffdaffd701d604d808d90bdb0fdf12e412e911ef0ff40cf809fc06ff0201211e1d2104060001ffff01000000fefff9fedff6e1f3fbf8fdf400f003ee07ed0bec0eec10ee10f010f20ef40bf407f302f0feebfce6fbe0fad9fbd2ffcb03c608c30ec213c417c71bc9
1193,134967939,-43,11,256,1,0,0,5ee00500f3f2f0f4edf5eaf5e8f5e6f4e5f4e4f3e5f3e6f3e7f4e8f5e9f6eaf8eafaeafce9fee9fee8fee7fee6fde7fce7fbe8fae9f9fafe000000000000000000000000000000000000fffcfef1feee00eb02e805e608e50be60de80eea0eed0cef09f105f201f1fef0fbeef8ebf7e8f7e6f7e4f8e3f9e2f9e3fae5f9e7f9e9f3000b020b020b020b010b010a010a0009000900090008010801080108010700070006000601050205020502040204020301030102020202020200010000fffffe00ff0001ff05fe10fb10fc10fd10fe10ff10ff10001001100210021003100310030f030f030e040e040e040e040e040d030d030d030c030c030c030c030d03
1194,134989309,-42,11,256,1,0,0,6aa00600f9f0f5f0f2f0efefededececebebebeaeceaedeaeeebefedf0f0f0f2eff4eef6edf8ebf8e9f8e8f7e8f5e8f4e9f2ebf1edf0fbfc00000000000000000000000000000000000001fd06f307f109ef0bee0eed11ee13ef14f114f312f510f60df60af607f404f103ee02eb02e802e603e404e404e405e505e603e802eaf900080808080808080808070707070707070707070707070707070707070607060806080508050805080407030702070107010700070007ff07ff02ff00ffffffffffff010004010c040c040b050b060b070a070a080a090a090a09090a090a090a080a080b080b080a080a070a070a070a070a080a080a0809080908090809
1195,134992747,-42,11,256,1,0,0,6aa00600f4f2f0f3edf3ebf3e9f3e7f2e7f1e7f1e7f0e9f0eaf1ebf3ecf5edf7edf9ecfbeafce9fde8fce7fce6fae6f8e7f7e9f5eaf4fafd00000000000000000000000000000000000000fc01f101ef02ec03ea06e909e80be90dea0ded0cef0bf008f105f102f1ffeffdedfbebfae8fae6fae5fbe4fbe4fce5fce7fbe9fbebf50009060a060a050a0409040804080408050805090409040903080307030704070507050705070506050505040503050306030603060306020500020000ffffffffffff010004000c010c010b020b030b040b050b050b060b060b060a060a070907090809080908090709070906090608070907090709070a06090609050905
1196,134993470,-41,11,256,1,0,0,5ee00500edfbebfee900e701e502e403e302e202e301e400e500e701e902eb03ec05ec07ec09eb0bea0be80be70ae708e606e704e802fa00000000000000000000000000000000000000fefcf8f3f7f1f6eef6ebf8e9fae7fbe6fee6ffe800eaffecfeeffcf1f9f2f6f2f2f2eff0edefeceeebedebececebedeceeedefefeff1ff0009ff0aff0aff0aff0bff0afe0afe09fe09fe09fe09fe09fe09fe09fe09fe09ff08ff0800080008010801070107010602060205030503050401010000ffffff00ff0001ff03fd0af90afa0bfb0bfc0bfc0cfc0cfd0bfd0cfe0cff0cff0d000d000c000c000c000c010c010c010c000b000b000b000aff0a000b000b000b00
1197,135027603,-44,11,256,1,0,0,6aa0060006e906ea05eb04ec03ec02ec00ecffecfeebfdeafce9fde8fee7ffe701e702e704e805ea05ec05ee04ef03ef03ef03ee03ee00fb00000000000000000000000000000000000001fc07f206f205f205f105ef06ee07ed09ec0aec0cec0dec0ded0eee0def0cf00bf00af009f008ef07ee06ed06ec05eb05ea06e906e8fa0002fb02fb02fb02fb02fb02fb02fb02fb02fb02fb02fb02fa02fa02fa03fa03fb03fb04fb04fb04fc04fc04fc04fc05fc05fd06fd06fe06ff02ff0000ff00ff00ff00ffff00fd00fa00fa00fa01fa01fa02fa02fa02fb02fb03fb03fb03fb03fb03fb03fc03fc03fc02fc02fc02fc02fc02fc02fc02fc02fc02fb02fb02fb
1198,135032849,-44,11,256,1,0,0,6aa00600e8efe9f0eaf1ebf2ebf5ebf7eaf9e9fae8fce6fce4fce3fbe2fae2f8e2f6e4f4e6f3e9f2ebf3edf4eef5eef6eef7edf7ecf7fbfd000000000000000000000000000000000000fdfcf4f1f4f2f3f3f1f3f0f3eef2edf0eceeececedeaeee8f0e8f1e8f2e9f3eaf3ebf3edf2eff0f0eef1edf2ebf2e9f2e8f1e7f0e6f0f500fbfbfbfafbf9fbf9fbf9fbf9fbf9fbf9fbfafbf9fbf9fbf8fbf8faf8faf8fbf8fbf8fcf7fdf7fdf6fef6fef6fff6fff601f702f703f704f701fd00ffff0000000000fffffcfff7fef7fdf7fdf7fcf8fcf9fbf9fbfafafafafaf9faf9fafafafafbfafcfafcf9fcf9fcf9fbf9fbf9fbfafbfafcfafcf9fbf9fbfafbfafafb
1199,135089315,-43,11,256,1,0,0,822008000efd0cf80bf30bee0bea0ce60de40ee210e210e210e30fe50ee70be908eb04eb01ebfdeafae8f9e6f8e4f9e3fae1fce0fee0fff8000000000000000000000000000000000000000103060509080c091109150718051b021cff1bfd19fc16fc12fe0e010a05070a050f04130317041b051d061e071d091c0a1a091908f400fb11fb11fb11fb11fb11fb11fc11fc10fd10fd0ffd0ffd0ffd0ffc0ffc0ffc0ffb0efb0efb0dfa0cfa0cfa0bfa0af90af909f908f807f807fd02ff0000fffffe00ff00020107021301140014fe14fd14fc14fb14fa14f913f913f813f713f713f713f713f713f712f712f712f712f712f811f911f911f911f911f911f911
1200,135115539,-42,11,256,1,0,0,8220080010fe10fa11f711f412f114ef15ee16ee17ee18ef17f016f215f213f311f30ff20ef10def0dee0ded0eec0fec11ed12ee13ef04fc00000000000000000000000000000000000002010a050c060f071109120c130f121210140d150b1409120810080c0a090c060e041103150218021a031b041b051b071a0719071806fd00f808f809f70af80af80af909f908f908f908f808f909f909fa08fa07fa06f906f806f806f806f906fa05fa04fa03f902f901f901f901f901fd00ff0000ffffff00ff00010005000eff0dfe0dfd0dfc0cfb0cfa0cf90df90df90cf90cf80bf80bf70af60af60bf60bf70bf70af709f709f709f709f70af70af80af809f909
1201,135115745,-42,11,256,1,0,0,6aa00600080f0b0d0e0c110b140b160c180d190e190f180f170f150f140e130c120a120913071405150516051705180618081709160a0502000000000000000000000000000000000000ff02fe0cfe0efe11fd14fb16f817f518f317f115f112f210f40ef70dfa0dfe0e010f0312051406170619061b051c041c031b031903170001f4fdf3fdf3fdf3fdf3fef4fef4fef5fef5fef4fef4fef5fef5fef6fef6fdf7fdf7fcf7fcf7fcf8fcf9fcf9fcfafcfbfbfbfbfbfbfbfbfbfbfefeffff000000ff00fffe00fb02f305f304f303f202f201f200f200f1fff1fff1fef1fef2fdf2fcf2fcf2fbf2fbf2fbf2fcf2fcf3fcf3fcf3fcf3fcf3fdf3fdf3fdf3fdf4fc
1202,135192280,-42,11,128,1,0,0,1ee001000fe70ceb08f003f5fdf9f7fcf1ffeb01e601e201df00ddffdefedffce2fce5fbe9fbeefdf3fff703fa06fd0afe0eff12ff14ff05000000000000000000000000000000000000fe02f909fd08020807080d09120c160f1a121b151b18191b171b141a11160d120a0c080606ff06f806f107ea08e50ae20cdf0fdd11dd
1203,135195449,-42,11,128,1,0,0,1ee00100e809ed07f205f804ff0305020b021002150219031b031c041c051b061806160612050d03090105fe01fafef7fcf3fbf0faeefefb00000000000000000000000000000000000002010705060205fd04f804f305ee06e908e50ae30be20de20ee30de60bea09ee06f302f7fefcf900f405ef08eb0be80de60ee30ee20d
1204,135197024,-42,11,128,1,0,0,1ee001001a0f150c0f09090402fffcfaf7f5f2efeeebebe7eae4e9e2eae2ece2eee4f1e7f4ecf6f1f8f7fafdfb03fb09fb0efa12f915fe0500000000000000000000000000000000000001fc03f400f7fbfbf5feef01e903e305de06da06d805d703d802db01e000e700ed00f501fd0205040d0614091a0b1e0d210f24112512
1205,135252311,-41,11,128,1,0,0,1ee00100f0f4f5f4faf3fff102ee05eb06e705e404e102e000e0fee1fce4fce7fdebfeef00f303f707fa0afc0efd11fd13fd15fc16fb05fe000000000000000000000000000000000000fe01f806f505f104ec03e803e504e206e008e009e209e409e609ea07ee04f000f2fbf3f6f3f2f1edefeaece8e9e7e8e8e6eae5ece5ed
1206,135252767,-41,11,128,1,0,0,1ee00100f30cf408f403f3fff0fceefaebf8e7f8e5f9e4fbe4fde5ffe700e901ed00f100f4fef8fbfbf8fdf5fef2fef0feeefdecfdebfffa00000000000000000000000000000000000001010407030a010d001100140018011a021c041c041b0519041703140110fe0dfa0bf60af20aee0aeb0ce90fe811e912ea14ec15ed15
1207,135253356,-41,11,128,1,0,0,1ee00100ed04f001f2fcf3f7f3f2f2eff0ecedeaeae9e7eae6ece6efe7f2eaf4edf6f2f7f6f7fbf7fff603f406f208f009ee09ec09ea02fa0000000000000000000000000000000000000002ff0afc0bf80df510f213f116f019f01cf11df21cf41af518f614f60ff50bf307f003ec00e8ffe4fee0ffde01de03df05e007e107
1208,135254957,-40,11,128,1,0,0,1ee001000e09090a050b010dff10fd13fd16fe19ff1b011c031b051a061806140511030e000bfd08f906f605f305f005ee06ed07ec08fb0200000000000000000000000000000000000001fe07f90afb0efc11fc15fc18fb1afa1cf91bf71af718f816f813fa10fc0d000c040c080c0c0e1010131314151416131711180f180e
1209,135255478,-40,11,128,1,0,0,1ee001000110fe0dfa0bf60af20aef0aec0cea0eea11ea13ec14ef15f114f311f50ef70bf707f702f7fef5fbf4f8f2f7f0f6eff6eef5fbfd000000000000000000000000000000000000020009010a040c080e0b110d130f15101810180f170e160d140c110a0d0a080a040c010ffe11fd15fc19fc1cfe1e001e021e041d041c
1210,135257161,-40,11,128,1,0,0,1ee0010010f80efd0d020e070f0b110f141118121a111c0f1d0d1c0a1a08160612050e0509060508000afd0cfb0ffa12f914fa15fb16fe05000000000000000000000000000000000000fffdfef401f203ee06eb07e808e508e207df06df05e105e305e605ea06ef09f30cf610f914fa18fb1cfa1ff821f620f41ff21df11bf1
1211,135257605,-40,11,128,1,0,0,1ee0010004f006f409f80dfa11fc14fc17fc1afa1bf81bf51af418f315f312f40ef60cf90afd080107050708070c080e090f0b100c100304000000000000000000000000000000000000fdfef6faf6f7f6f3f5f0f3edf2ebf0e9eee8ede9eeeaefecf1edf4f0f8f1fcf200f204f108ee0bec0ce90de50ce30ae208e206e305e3
1212,135258156,-40,11,128,1,0,0,1ee0010011000e030b080a0c09110a150c180f1a121a1419161716141511120e0e0c0a0a06090109fc09f80af50cf30ef210f212f213fc0400000000000000000000000000000000000000fd02f305f209f00cee0feb10e912e612e411e30fe50ee70de90ced0cf20df70ffc12ff150219041d0520042202220021fe20fc1ffb
1213,135258699,-40,11,128,1,0,0,1ee0010009f30af70cfb0efe1200140118011b001cfe1dfc1cfa1af917f814f910fa0dfc0aff07030607050a040d05100611071208120204000000000000000000000000000000000000fefef9f7f9f4faf0faedfaeaf9e7f8e5f6e4f6e4f6e5f6e8f7eafaecfdef01f105f209f20df110f013ed14ea13e812e710e60fe60ee6
1214,135259273,-40,11,128,1,0,0,1ee00100ef02f1fef3faf4f6f3f2f2efefedececeaece8ede7f0e8f2e9f5ecf7f0f8f4f9f8f9fcf800f603f405f106ef06ed06ec05eb01fa000000000000000000000000000000000000ff02fe0bfb0cf80df510f312f215f118f11af21af319f417f514f611f60df408f205ef02ec00e8ffe5ffe200e002e104e206e307e507
1215,135259817,-40,11,128,1,0,0,1ee00100f006f202f2fef2f9f0f6edf3ebf2e8f2e5f3e4f4e4f7e5f9e7fbebfdeefdf2fcf6fbfaf9fdf6fff301f001ee01ec01eb00ea00fa0000000000000000000000000000000000000002000bfe0dfc0ffa12f815f818f81bf91dfa1cfa1bfb19fb16fa12f90ff70bf308ef06ec05e905e506e309e20be30ce40de60ee70f
1216,135260294,-40,11,128,1,0,0,1ee0010010030c050a09080d071008140a160c180f1811171216121311100f0e0c0b080904090008fc09f90af60bf40df40ff310f411fd0400000000000000000000000000000000000001fd05f508f50bf40ff311f113ef14ed15eb14eb13ec11ed10ef0ef20df70dfb0eff10031306160819081c081e061e041d021c011c00
1217,135260787,-40,11,128,1,0,0,1ee001000d09090a050c010f0013ff16ff19011b031c051c071b091909160813060f030c000afc08f806f506f206ef07ee09ee0aed0bfb0200000000000000000000000000000000000002fe09f80bf90ffa13fa16fa18f91af71bf51bf519f518f615f712f910fd0e010d050e090f0d111014121713191319111a0f1a0d190b
1218,135261356,-40,11,128,1,0,0,1ee00100ef02f1fef3faf3f6f2f2f0efeeedebede8ede7efe6f1e7f4e9f6ecf8f0f9f4f9f8f8fcf7fff502f304f005ee05ed04eb04ea00fa000000000000000000000000000000000000ff02fd0bfa0cf70ef410f213f115f118f119f219f318f416f514f510f50cf408f105ee02eb00e7ffe400e101e003e004e206e408e508
1219,135261953,-40,11,128,1,0,0,1ee00100f90ff70bf408f106ec05ea05e706e508e40be50de70ee90fec0eef0cf20af406f602f7fef7f9f6f6f5f3f4f2f2f1f0f1eff1fbfc00000000000000000000000000000000000002010907090a090d0a110b140d160e181019101810160f140d130a11060f020efd0ff910f612f415f318f21bf41df61df81df91cfa1b
1220,135266165,-40,11,128,1,0,0,1ee00100faf0fef102f106f009ef0aec0bea0ae709e507e405e503e701e901ed01f003f305f707fa0afc0dfd0ffe11fe13fd13fc13fb05fe000000000000000000000000000000000000fdfff5fef3fcf1f9eff7edf6eaf5e8f4e6f5e6f6e8f7e9f8ebf8eef7f2f7f5f5f8f3faf0fbecfbe9fae7f8e5f6e4f5e5f3e7f3e8f3e9
1221,135267283,-39,11,128,1,0,0,1ee00100f80df60af307f006ec05ea06e807e609e60be60de80feb0fee0ef10cf309f506f502f6fef5faf4f7f3f5f1f4eff4eef4eef4fbfd00000000000000000000000000000000000001020609050b040e0411041406160718081909190817081606140411010ffe0efb0ef70ff410f212f115f118f219f319f519f719f718
1222,135268586,-39,11,128,1,0,0,1ee001000ffb0eff0e030f061109130b160c190b1a0a1b081a051903160212020f020b0307060408020b010e00100112011403140415010500000000000000000000000000000000000000fd01f403f306f108ef0aec0aea0ae80ae609e609e808ea08ec08ef09f30bf60df810fa14fb16fb19fa1bf81cf61bf519f418f317f3
1223,135270009,-39,11,128,1,0,0,1ee001000ffe0e010e060e09100c120e140f170f190e1a0c19091807150512040e040a0507070309010cff0efe11fe13ff1400150115000500000000000000000000000000000000000001fd04f507f40af30df10ff010ee10ec10ea0fe90eeb0dec0def0cf20cf60df90ffc11fe140017001bff1dfe1efc1dfa1bf91af819f8
1224,135272057,-39,11,128,1,0,0,1ee00100f3f5f7f3faf1fceefdeafde7fce5fae3f7e3f5e4f3e6f3e9f4ecf6eff9f2fcf400f604f608f60bf60ef40ff310f10ff00ff003fc000000000000000000000000000000000000fd01f506f305ef04ec04ea04e805e606e507e608e707e906eb05ee03f0fff1fcf1f8f0f4eff2edf0eaeee8eee6efe5f0e6f3e7f5e8f6
1225,135274191,-39,11,128,1,0,0,1ee0010000f004f208f30cf210f012ee12ec12e911e70fe60ce60ae708ea07ee06f207f608fb0afe0c020f04110513051504150316030500000000000000000000000000000000000000fdfff4fcf3f9f1f6eff4edf3ebf2e9f1e8f1e8f2eaf3ecf4eef4f1f4f5f3f9f2fceffeedffe9ffe6ffe4fde1fce1fae2f9e4f8e5f8e7
1226,135274747,-39,11,128,1,0,0,1ee0010009f30bf60efa12fb15fc18fc1afb1cf81cf61bf319f216f213f310f50df80bfc0a00090509090a0c0b0e0c100e100f0f100f0403000000000000000000000000000000000000fefdf8f6f9f3f9f0f9edf8eaf7e8f6e7f5e6f4e7f5e9f6eaf8ecfbeefeef02f006f009ef0ced0eeb0fe90fe60ee50ce40ae509e608e7
1227,135297929,-43,11,256,1,0,0,6aa0060009f50bf90efd1100150219021c011eff1ffc1ff91df81bf718f715f911fc0eff0b040809070e061206160619071b081c091c0207000000000000000000000000000000000000fefdf9f5faf2fbeefceafbe7fbe5fae3f9e3f9e4f8e6f9e8fbecfdef01f204f309f50df510f313f115ef15ec15e913e810e70ee80ce9950023e823e723e723e623e622e622e621e621e621e621e622e622e623e624e724e825ea25ec26ee26f026f226f426f626f826fb26fe260125040d020401fe00ff02ff0001fc04f40dde0fdf11e014e116e218e319e41be41de51ee620e721e722e823e923ea23ea24eb24eb24eb23eb23eb23ea23ea23e923e924e824e824e8
1228,135299443,-43,11,256,1,0,0,6aa006000b070709040c010f00130017011a031c051d071d091c0a1a0a1708140611020efd0bf809f308ef07eb07e808e609e50ae40af90200000000000000000000000000000000000001fe08f80cf910fa13f917f919f81af71bf61af518f516f613f80ffa0dfe0b020a060b0a0c0e0e111112141317121810190e180c170a8c001b1e1b1e1c1e1c1e1c1e1d1d1d1d1d1c1d1c1d1c1d1c1d1c1d1d1d1e1c1f1b201a20192117221522132311230f240d240a24072404240224000dff04fffefdffffff03000b03200a200c1f0f1e111e131d151d161c181b191a1b1a1d191e191f19201820172016211621162017201720181f181f191f191f191f1a201a20
1229,135305721,-44,11,256,1,0,0,6aa00600f406f702f9fcfaf7faf2faeef8eaf6e7f4e5f2e5f1e5f0e7f1e9f3ebf6eef9f1fdf402f707fa0cfc10fe1300160118021a030600000000000000000000000000000000000000010105060609070e09120a150c170d180e190f180e160d130b10080c0409ff05fa03f502f002ec02e804e506e408e30be50ce70de90da900ddfcdcfddbfddbfedbffdc00dc00dc01dc01dc01db02db02db02da02db01da00daffdafedbfddbfcdcfaddf9def8dff6e0f4e0f2e1f0e2eef5f9fcfd000001ff00fffc01f502e306e204e202e200e1fee1fde0fce0fbdffadef9def8dff7dff6dff5def5def4def4def5def6dff6dff7dff7def8def8ddf9dcf9dcfadcfa
1230,135307692,-44,11,256,1,0,0,6aa006000bf908fe05030309020f03140419051c071e0a1f0b1f0b1d0b1b091807140410ff0cfb07f703f2ffeefbebf8e8f6e6f5e5f3f9fc000000000000000000000000000000000000fefef8f9f6f5f4f1f1edefeaede7ebe6eae6eae7ebe9edecf1f0f5f4faf700fa06fc0cfd11fd16fc1afb1df81ff61ff31ef11bf019f0a500260426042703270327022702270127012700270027ff27fe27ff28ff2800280228032804270626072509240a230b220c210e20111e131d150a080302fefffe00fe0003fe0bfc20f720f920fb20fd210022012202230423052306240724082409240a240a240b240b230b230b230a23092409240825082607260627062706
1231,135330016,-92,11,128,1,0,0,4ff114000c0a0b0b090a06070606060703050104010301030303050204ff02fd04fe05fd04fd04fe07fe07fc07fc08fd08fe05fe02fe00ff000000000000000000000000000000000000fe00fa01fa01f901f900fafffc01fe03ff04ff050007ff07ff0501050108ff09fb0bfb0cfc09fb06fc08fe08ff050106040605040704
1232,135333258,-43,11,256,1,0,0,5ee00500fafeff01040509080e0a120c150d170e180e190e180d160c140b11090d070804040100fdfcfaf8f6f6f3f4f0f3eef3ebf3eafdfa00000000000000000000000000000000000003000e03110514071609180b190d180e170e140d110c0d0a0906040300fffbfbf7f7f3f4f0f1edefeaede9ede8ede8eee9f0ebf2eef3c80001e401e400e400e4ffe4ffe4fee4fde5fde5fce5fce5fce5fce5fce5fce5fce4fde4fde4fee5ffe500e501e602e603e704e705e807e908e903f701fdff000001ff00fffdfef6fbe6fde6fee500e502e502e503e404e405e406e407e308e308e308e409e409e409e409e508e407e407e406e405e405e405e404e404e304e3
1233,135409231,-38,11,128,1,0,0,1ee00100fafcf9f7f9f2f7edf5eaf4e8f2e8f1e8efe9efebf0eef2f1f4f5f8f8fcfb00fd040008010c020f0311031203130213011201040000000000000000000000000000000000000003ff0efe11ff130016011701180118021702140210030c0407060307fe09f90bf50ef110ef13ee15ee17ee18f018f216f414f511f70e
1234,135463880,-38,11,128,1,0,0,1ee0010006ff0104fd09f90ef613f517f41af41df41ff51ff71df81bf917fb12fc0cfc07fd01fefbfef6fef2ffeeffebffeaffe9ffe8fffa000000000000000000000000000000000000fdfff3fef0feedfde9fce7fbe5fbe3fbe3fbe5fbe9fbedfbf2fcf8fcfefc04fb0bfa10f815f719f51cf31ff11ef01cf01af018f115f2
1235,135464441,-38,11,128,1,0,0,1ee00100fefa03fd09010f04140618071c071e07200620051e041b03170212010d0107010202fc02f703f203ef04ec05ea05ea05e905fa01000000000000000000000000000000000000ff02fe0bfe0efd12fd16fc19fc1bfc1cfd1cfd1afc17fc12fc0dfc07fc01fafbf9f5f7eff5ebf3e7f0e4eee2ede3ede4eee7efe9f1ec
1236,135464892,-38,11,128,1,0,0,1ee0010000fa03ff07040a080e0b110d130e160f170f180e170c150b12090e070a0505040002fc00f7fff4fef1fdeefcedfcecfcecfcfbfe000000000000000000000000000000000000ff02fc09fb0bfa0ff911f814f815f716f716f815f912f90efa0afb05fc00fcfbfdf5fcf0fcecfbe8fae5f9e3f8e3f8e5f7e7f8e9f8eb
1237,135465432,-38,11,128,1,0,0,1ee001000503fe04f806f208ed0ae90ce70ee510e512e513e712ea11ed0ff00bf408f804fdff00fb04f707f409f10bef0cee0ded0ded03fb000000000000000000000000000000000000fdfef5f9f3f7f1f4eef1ecf0eaeee9ede9edebefeef0f2f3f6f5fbf900fc06fe0c00110216031a041e042104210320021e011b011900
1238,135465885,-38,11,128,1,0,0,1ee00100fcfc01fc07fc0cfc11fb15fa17f919f719f619f518f515f512f60ef90afb06fe0200fe03fa05f707f409f30bf20bf10cf00cfc03000000000000000000000000000000000000010106070709090c0a0f0c110d120d130d130c120a0f080d050a0206fe03fafff6fcf1f9eef7ebf5e7f5e5f5e5f5e6f7e7f8e9f9ebf9
1239,135466415,-38,11,128,1,0,0,1ee00100fa02fdfc00f603f004eb05e706e305e004df03df03e102e401e801ec01f201f702fd02030208030d03100313031503160316000500000000000000000000000000000000000002ff0bfd0efc12fc15fb18fb1afb1bfb1bfb1afb16fc12fe0eff08000203fc05f608f10bed0eea10e713e615e616e816ea15ec13ee11
1240,135468265,-38,11,128,1,0,0,1ee00100f900fffc04f808f30cef0feb11e811e511e411e30fe40de70bea09ef06f404f902fe0003fd08fc0cfa10f912f814f815f815fe0500000000000000000000000000000000000002ff0b000e001201160118021a021b021b021a02160212030d0207020102fb03f404ef06ea07e608e20ae00be00ce20de40ce70bea0a
1241,135519844,-39,11,128,1,0,0,1ee0010001fafdf7f9f3f5f0f2edf1ebefe9efe7efe7f0e7f1e9f3ebf4eff6f3f7f7f8fcf800f805f709f60cf50ef30ff210f10ff00ffc03000000000000000000000000000000000000ff03fc0ffb10f912f614f515f414f213f211f30ff60cf909fd06010306010b0010ff14fe18ff1aff1d001e001d011a01170114011200
1242,135645452,-38,11,128,1,0,0,1ee00100fd01f603f105ec07e809e60ae40be40ce50ce60ce90bed0af108f606fb04000205000afe0efd10fc12fc14fb14fb13fb13fb04ff000000000000000000000000000000000000fc02f20aef0bec0ce90de70de60de60ce70aea08ed05f303f801ffff05fd0bfb11f916f71af61df51ff420f31ef41bf518f614f710f8
1243,135647611,-38,11,128,1,0,0,1ee0010000fd02f804f306ef07eb08e908e807e706e705e804eb03ee02f201f6fffbfefffd03fb07fa0af90df80ff810f810f80ff80ffe0300000000000000000000000000000000000000fc03f204f006ed08eb09ea09ea0aea0aeb09ee08f206f603fb0000fe05fb09f80ef611f414f317f219f21af319f516f613f810f90d
1244,135649449,-38,11,128,1,0,0,1ee00100fffc00f600f000eb00e600e4ffe2ffe1fee1fde3fde6fdeafdeffdf4fdfafe00fe05fe09fe0dfe11fe13fe14fe14fe14fe13ff04000000000000000000000000000000000000fffcfeefffec00e801e602e403e304e305e505e905ee04f303f901ff0006fe0cfd12fc17fb1bfa1efa20fa21fb20fc1dfc19fd15fd11
1245,135650673,-38,11,128,1,0,0,1ee00100fd03f707f20bee0eea12e814e716e717e818ea17ec15f012f40ef80afc05010105fc09f90cf60ff411f212f112f111f111f104fc000000000000000000000000000000000000fc03f20def0eeb10e811e611e511e410e50fe80cec09f105f702fefe04fb0af710f416f11aee1ded1feb20eb1eeb1bec18ee14f111f3
1246,135651928,-38,11,128,1,0,0,1ee001000002ff09ff0fff14fe18ff1bff1c001d011d021b031802140210020a010501ff00fa00f600f2ffeeffecffebfeebfeebfeecfffb000000000000000000000000000000000000ff03fb10fa12f815f617f519f419f319f318f414f510f80bfa05fdff00fa03f405ee07e908e509e30ae00adf09e008e306e705ea05ee
1247,135652419,-38,11,128,1,0,0,1ee0010000fd04f808f30aee0deb0ee80ee70ee50de50ce60ae907ec05f003f501fafefffc03fa07f80bf70ef610f511f511f611f610fd0400000000000000000000000000000000000002fc0af20cf10fef12ee14ed15ed15ed15ef13f10ff50bf907fc0200fd05f809f30cef10ec13ea15e817e818e917eb15ee13f110f40d
1248,135652838,-38,11,128,1,0,0,1ee00100fdfefaf8f6f3f3f0f0edeeebedeaebe9ebeaecebedeef0f1f3f5f7f9fafdfe0002040507080a0a0c0c0e0c0f0d0f0d0f0c0e0303000000000000000000000000000000000000fdfcf6f1f6eff5ebf4e8f4e6f4e5f5e5f6e6f8e9faedfdf2fff701fe0304060a081009150b180d1b0e1d0f1e0f1c0d1a0c160a130910
1249,135653972,-38,11,128,1,0,0,1ee0010002ff08ff0e00140018011b001c001dff1cfe1bfd18fd14fd10fd0bfd05fe00fefbfef6fef2ffefffedffecffeb00ecffecfffbff000000000000000000000000000000000000030010011302160418051a061b071b081908160811070c0606040002fa00f4feeefce9fae5f9e2f8e0f8dff8e0f8e3fae6fbeafcedfc
1250,135655720,-38,11,128,1,0,0,1ee0010002ff08000e00130117011a011c011d001cff1bfe18fe14fd10fd0bfe06fe00fefbfff7fef3fff0ffedffec00ec00ec00ed00fb000000000000000000000000000000000000000300100212041606180719091a0a1a0a180a150a10080b0706050002fafff4fdeefbe9f9e5f8e3f6e1f6dff6e0f6e3f8e6f9eafaedfb
1251,135739956,-40,11,128,1,0,0,1ee0010004fbfefef801f303ef06eb08e90ae70ce50ce50ce70ce90bec0aef09f407f805fc030102050008ff0bfe0efe0ffe10fe11fe04ff000000000000000000000000000000000000fe02f80bf50df210ee12ec14ea14e815e814e912eb0eef0bf307f904ff0004fd0afa0ff714f418f21bf01dee1dee1cef1af018f215f3
1252,135762779,-92,11,128,1,0,0,c99aac41ff020103fe01fafefbfcfdfdfcfefcfcfcfcfbfcfbfdfffe01ff00fffffe00fd00fc01ff010001fffffefeffff0000ff00fe00ff0000000000000000000000000000000000000100030001ff02ff05fd04fc00fdfdfffdfffeff0000030103020001fefefffefffffbfcfbf8fefcfe04fd0607ff0cfa060102060004
1253,135871286,-94,11,128,1,0,0,faafff4104fe010001000000fe01fd02fd02000101010b0015fe0affff0005080d12090b02020000fefffdfefdfdfdfefe01ff01feffffff000000000000000000000000000000000000ff000000010001010100fefffdfdfefffe01ff010002fe03fc01fe01010101ff01fe02fe0201fe02fc00fdffff00fe00fafcfafc01ff
1254,135936913,-94,11,128,1,0,0,a66eea4101fd03ff0000fbfcf6f9f6fafbf9fcfa00fe0402030001ff0002fd00f9fafbf700f5fcf7f7f9faf7fff904010606060306fc01fe00000000000000000000000000000000000001ff04000103010103fd02fc00fcfdfdfa00fc0100010201030003fd01fbfffdff020003ff010000030005fe02fd00ffff04fd03fd00
1255,135944452,-92,11,128,1,0,0,4ff114000ffe0cff0c020c020a0108030703070207ff05fd05ff03ff03fe05fc06fb06fb05fb06fa08fa07fb05fd05fc03fc03fd03fd00ff000000000000000000000000000000000000ff02ff07ff05fe05fd05fe0400040105ff05ff030202030402060107010a010a0009000bff0afe0afe09fe06ff0401040203020102ff
1256,136046843,-93,11,128,1,0,0,4ff11441f5fff4fdf2fdf1fdf2fbf4fcf7fcfbfdfefeff01ff03ff03ff030004000401050305040604060306030603050304040404050101000000000000000000000000000000000000ff0200080105010501060004010303030303050008fd08fd07fc08fa0af90af908f904f604f705fb04fc02f903fb00fdfdfefbfffaff
1257,136157881,-45,11,128,1,0,0,1ee00100030404fd05f707f108ed08ea09e709e608e508e506e705ea03ed00f1fef5fbf8f8fcf6fff301f203f004f005f006f007f007fc01000000000000000000000000000000000000fdfef5f8f3f5f0f0edecece9ece6ede3eee3f1e4f4e7f7ebf9f0fcf6fefd0004010b02110317031b0220022202220220011d011a0117
1258,136261271,-42,11,128,1,0,0,1ee00100f60bf10bed0bea0ce70ee610e613e715e916ec16ef15f212f50ef609f704f7fef6f9f5f5f3f1f0efeeeeeceeebeeebf0ebf1fafc00000000000000000000000000000000000003000f031004120614071507160817081708150812080f090c0b090c050e031101140017011a011c021e041e051d061b051804150312
1259,136312381,-45,11,128,1,0,0,1ee00100ec02ed00eefdedfbebf9eaf8e8f8e7f9e5fbe5fce6fee8ffea00edffeffef0fcf2faf3f7f4f5f4f3f4f2f3f1f2f1f2f1f1f1fcfc000000000000000000000000000000000000fd02f409f209ee09eb0ae90be80de60fe611e811e911eb0fed0eee0bef08ef05ee02ec00eaffe7fee5ffe300e202e303e405e506e606
1260,136312999,-45,11,128,1,0,0,1ee00100fb12f911f70ff50ff310f211f113f114f316f416f616f715f914f911f90ff80df60af508f307f107ef07ee07ee08ee08ee09fb020000000000000000000000000000000000000103030e0210011300160118021b031c051d061d061b0619051703140112fe11fb11f812f613f515f518f51af71bf91bfa1bfc1afc19
1261,136314874,-45,11,128,1,0,0,1ee001000c0d0a0d080e061005120514061508160a160b150c140c120c110a0f080d060d040c010dff0dfd0efc0ffc10fc11fd11fd12ff0400000000000000000000000000000000000003000d040e061009120b150c170c1a0c1b0b1b0a1a0918081607130810080d0a0b0c0a0f0a120b140d160f1711161215131313121311
1262,136318174,-45,11,128,1,0,0,1ee00100effbf1faf3f8f4f6f4f3f3f2f2f1f0f1eef1edf3edf4edf6eef7f0f8f3f9f5f8f7f8f9f7fbf5fcf4fcf2fcf1fcf1fbf1fbf0fefc000000000000000000000000000000000000fd01f403f202ef01ec01e901e702e603e505e506e706e906eb05ed03ef01f0fef0fcf0f9eff7edf5ebf5e9f5e7f6e7f7e7f9e8fbe8fc
1263,136351307,-46,11,128,1,0,0,522005000d0b0a0b070b050d030f03100312041405150615081408130911080f070d050b020a000afd09fb0af90af80bf80cf80df80dfe0300000000000000000000000000000000000002ff09fe0a010c040f061107140817081a071a051a0419031702140211020e040b060a09090c0a0f0b110d130f13101311121210130f
1264,136354072,-93,11,128,1,0,0,4ff11400faf7f4f9f1f8f3f5f6f4f7f5f7f6f7f9f8fdfbfffefffc01fc03fd02fe02fc05fa06fa07fc09fe0bfe0aff07fe05fe0300000000000000000000000000000000000000000000ff01ff04000200020003ff03fe03fe0101fd05fd07fe08fe06fd06fc09fb0bfc09fe06fc07fa07fb03fd02fd02fdfffefefefefbfef6
1265,136356109,-46,11,128,1,0,0,52200500fee6ffeb02ef05f30af60df811f915f818f71af61af41af318f216f314f412f60ff80dfb0bff0a0209050808080b080c090e0203000000000000000000000000000000000000fe00f801f7fdf4f7f1f3eeefeaede5ebe1eadfebdfede0efe1f1e5f4eaf6f0f6f5f6fbf400f104ed07e909e408e007de05dd03dc02db
1266,136417533,-41,11,128,1,0,0,52200500fe06040309010eff13fe17fd19fc1cfb1dfb1cfc1bfc18fd15fd11fd0dfd09fd04fc00fafcf9f9f7f7f5f5f3f5f2f5f1f5f1fdfc000000000000000000000000000000000000fefbfaeef9ebf9e7f9e3fae1fbdffcdffedfffe200e700ecfff2fdf8fbfff805f40bf10fee13ec16e918e819e819e917ea15ec13ee10
1267,136419762,-41,11,128,1,0,0,52200500fefafafef702f305ef08ed09eb0be90ce80ce80ce90beb0aee08f207f506f905fd040104050408040b050c060d070e070e0803020000000000000000000000000000000000000203090d0b100c130c160c180c1a0a1b091b071805140410030a030404fe04f805f207ed09e90ae60be40ce20de30ce50be70ae909ec
1268,136421198,-41,11,128,1,0,0,5220050003fcfdfcf8fbf2faeef9ebf8e8f7e7f6e6f6e6f6e8f7eaf7edf8f1faf4fcf8fffb01fe0401070309040c040e040f040f03100004000000000000000000000000000000000000fe03fa0ff912f615f417f218f019ef18ef17f014f210f50cf909fe05030208ff0dfc12fa17f91af81df81ef81ef81cf91af917fa15fa
1269,136456451,-93,11,128,1,0,0,4ff114410bf60df60bf608f909fc08fc05fa05fa04fb03fb02fb00fafffafffbfff9fef8fdfafefafff800f801f901fb02fc02fb03fb01ff0000000000000000000000000000000000000001ff06fe06fe04fd02fb01fdff02010303ff0200040306050706060704060704090405050606060606030702050503080107ff03fd
1270,136763677,-94,11,128,1,0,0,4ff11400f1fcf1fbf2fcf3fcf4fdf4fef6fff800f9fffa00fb01fd02ff010002020604080309030a02090207020702060104010301050001000000000000000000000000000000000000010005030205020602040102020004010301030003fd05fa06fa08fb0cfd0dfe0afc08f906f705f704fa01fcfffcffffff00fcfefafe
1271,136866058,-91,11,128,1,0,0,4ff11400fbf2faf2fbf2fdf3fcf5fbf6fcf8fdfbfcfafcf9fbfcfa00f902fa01f902f603f603f603f603f702f900fbfefbfffc00feffffff000000000000000000000000000000000000010003020301040303030202010001fe01fc01fd01fa02f703f606f707f808f90af90af909fb09fc08fc05fc03fb01fcfffbfcfafaf9
1272,137173280,-93,11,128,1,0,0,4ff114000dfe0cff0c000c010a040805080408030703060104fe03fb02f801f802f903f903f702f703f904f903f902f802f802f901fb00fe000000000000000000000000000000000000fe00f902f800f9fffcfefcfcfdfeff02000500030002ff04fd09fd0cfe0bff09fe0afc0cfc0afb09fd09000701040202030205000500
1273,138504505,-92,11,128,1,0,0,4ff11400fdf001f103f202f402f503f403f502f7fffafcfbfdfbfdfdfdfffdfffbfef9fff900f9fff8fef800f702f800f9fefbfdfefd00ff0000000000000000000000000000000000000001010400050004010301020102ff02ff020202030104010601070008ff09000c010d01090007010701030103fe07fb06fc02fb00fa
1274,138634339,-39,11,256,1,0,0,9660090003eb04ed06ed08ed09ec0aeb0ae909e707e506e404e402e401e500e701e902eb04ed07ef0af10cf10ef110f011f012ef13ef04fb00000000000000000000000000000000000000fb01ee03ee05ec06eb07ea07e807e707e707e706e806e805ea06ec06ed08ee09ef0aef0cee0ded0deb0ce90ae809e607e605e604e7880014d814d813d713d711d610d60fd60ed60dd60dd60cd50cd50cd40cd40dd40ed40fd50fd510d611d712d913da14dc16dd18df1ae11be31de40af603fdff01ff02ff0101fb04f20edb0fdc11dd14dd16de17df19df1adf1bdf1cdf1ddf1edf1ee01fe01fe01fe11fe11ee01de01de01cdf1bde1add19dc19db18da18da18d9
1275,138709309,-91,11,128,1,0,0,4ff1144102f203f100f4fff4fef3fef4fef7fbf7f9f8fbfdfdfffefffc00fa02fa04fa07fa07fd04fd03fa04f904fa04fb01fd00feffffff000000000000000000000000000000000000fe00fb02fc02fd03fc01fdfffdfffd00fd01fe0100030208020803020603070807080605070409050905070403030000ffff00fe03fb
1276,138749206,-38,11,256,1,0,0,96600900110c110d110d120e130e140d150d160c160b160a16091608150715081309120a110b100d100e0f100f110f110f1210121012040400000000000000000000000000000000000004020f0b0f0c0e0d0e0e0e0f0e100f110f110f120f120f120e120e110d110d110d110c120d120e110f11101111101110120f120f120e7c00201e211d221d231c231b231b231a2419241924182518251825182519251a241b241c221d211e201e1e1f1c1f1a2018211622132311250f25050d0104fffefdfefeff04010d062312221421161f181e1a1d1c1d1d1c1f1c201b211b221a231a241a241925192518241824182319231a221b211c211d201e201f201f202020
1277,138908363,-38,11,256,1,0,0,96600900fb10f910f710f612f514f516f617f819fa19fc19fe18ff16ff14fe11fc0ffa0df70cf40af10aee0aec0beb0ceb0deb0eeb0efa030000000000000000000000000000000000000104051104130314031603170318031803180317021601150013fe12fc11fa11f912f813f714f716f817fa18fc18fd18ff17001600147d00f326f427f427f427f526f526f626f626f626f626f626f626f626f526f426f326f125f025ee23ed22ec20eb1fea1de91ce71ae518e315e213f506fc0100fffffdfffe0103030d0825062504260127fe27fc27fa27f927f728f528f428f228f127f027f027ef26ef26ef25ef25f025f025f125f125f125f126f226f227f227
1278,139509798,-94,11,128,1,0,0,2ff99241ff00fe010001010001000100ff01f905fb070309030703fe02fcfc02f8fff9fcfbfdfe0000010000fe00fdfffdfffa00f903fe01000000000000000000000000000000000000ff000000010001010003ff030004000400040003fd02fd010001010000ff00fffffffcfef9fdfcfeffffff00fe000001010302030302
1279,139685049,-93,11,128,1,0,0,dccddd4102ff06fe07fd03fcfffdfcfdf8fcf8fdfffe07fc0cfe0a060505fffef5fff604fd08fc06fb02fdfffffe02ff06010404ff07ff02000000000000000000000000000000000000ffffff00fe00fd01fe03fd02fdfffffffe00fd00fefffffffd00fe00ff01000101010000ff0101030303030102000000010002000103
1280,139733352,-92,11,128,1,0,0,4ff11400050905080508040b020a03080308040704060504040102ff00fe00ff02fe05fa07fa06fc04fe03fd03fd02fe00ff00fd00fa00fe00000000000000000000000000000000000001fd04f703f701f801fa02fa01fb00fc00fffe00f9fef7fcf8fcf7fef500f5fff7fdf6fdf5fff5fff8fefd00ff03fc03fb04fd060306
1281,139749004,-45,11,256,1,0,0,966009001a081a09190a170a1609140712051103110012fd13fa15f817f81af81cfa1efc1eff1c021a041705140611050f030e010eff03ff00000000000000000000000000000000000001040710070f060e060e070d080d090d0b0d0c0e0d0f0e110e120e130d140c140c140b130b110b100c0e0d0b0e091008120715061606f30009fa09fa09fa09fa09fa09fa09fa09fa09fa0afa0afa0afa0afa0bfa0bfb0cfc0cfc0cfd0dfe0dff0dff0d000c010c020c030b040b050b0604020100ffffff00ff0000ff00fe02fb02fb02fc03fc03fc04fc04fc04fc05fc05fc05fc05fc05fc06fc06fc06fc06fc06fc06fc06fc06fc07fc07fb07fb07fb08fa08fa07fa
1282,139863119,-42,11,256,1,0,0,96600900fe030108030d0612081609180a1a0b1b0b1b0b1a0a1708140710050c0306020002fa03f504f005ec06e908e80ae70be70de803fa00000000000000000000000000000000000003010e0411061308150a160b170d160d130d110c0e0a0a07060303fffffafbf6f8f2f6eef4ebf2e9f1e7f0e7f0e7f1e9f2ecf3eff5f2c60016f216f116f015f015ef15ef15ef14ef14ef14ef14ee14ed14ee15ee15ef16f016f117f117f217f317f416f617f717f918fa18fc18fe18ff08000200ff00ff01ff0001fd03f80bec0ced0dee0fef10f011f112f113f114f215f215f316f316f417f417f417f517f517f517f516f516f517f417f416f316f216f216f216f2
1283,139865709,-42,11,256,1,0,0,96600900fbfef501ef04eb06e608e30ae20be10ce10ce20be50ae809ed07f305f904ff0306030c031104150618081a0a1a0c190e180f0604000000000000000000000000000000000000fe03fb10f913f716f518f319f119f118f116f312f50ff80bfc06010206fe0bfb0ff713f417f219f01aef1bee1aee18ef15f111f30ef4ce0016121611171117101810180f180f180f180e190d190d190d190d1a0e190e190f1910181017111612151214131213111310140f150d160c1604080102fffffeffffff02010703150b150c140d130e130f12101211121212131114111511151116101610171017101610161016111511151214131413141414151315131613
1284,139871069,-42,11,256,1,0,0,96600900fc03fc09fb0ffb14fb17fb1afb1cfb1dfc1cfc1bfc18fd14fe10ff0b0105030005fa08f60bf20def10ee12ed13ed14ef15f005fc0000000000000000000000000000000000000103070e07110713071607170618051704160313020f010a010501ff02f902f403ef03eb03e703e503e402e302e401e601e900edfff1cc001aff1afe1afd1afc1afc1afb19fb19fb19fa19fa19f919f919f919f91afa1afa1afb1afc1afc19fd19fe18ff18001801180217041706160708020201fffffe00ff0002ff07fe15fb15fc15fd15ff160016011701170218031803180418051805180519051905190518051805180418041803190319021a011a011a001a00
1285,140311648,-94,11,128,1,0,0,c11ffc41ff000100020002010005000b05080cfc10fb0aff0201040009f60df509fcfefdfcfc02ff02fd02fc010101050202fffdfafffd0000000000000000000000000000000000000000ff01ff00ff00ff01ff0101000000ff01ff020001fefffefffffffe01fb02fe020301030001ff00fefefefefe0100040105fe02ffff
1286,140328382,-94,11,128,1,0,0,e5599e410103fe00fefffe02fe040000fdfefb00fc01f6fef0fff102fc0004fefd05f807fd00fefdfefefc00fa01fe00fffcfcf9f9fafefe000000000000000000000000000000000000000001fe01fd01fd01fe00fe00ff01fe01fd00fdfffefffefefffc00fb00fd0000010103fe02fd02fe04fe04ff0000f902f805fd07fe
1287,140428449,-92,11,128,1,0,0,dffffd4100fe00fb04f707f605fc04020002fc02fb02fc01000002fe02fb06fe0406fb0bf80afb04fafefcfcfffbfffd010000fffdfeffff000000000000000000000000000000000000fffffffffffffffd00feffffff00fe02fe02ff0000000000010000fffffe00fe03ff030000fffdfdfdfefffefffe000001ff03fd02fe
1288,140512923,-94,11,128,1,0,0,34466341010002ff0100fd00010204ff00f7fefbfa05f406f202f70100060106fefffffcfffffefffefffd03fe0403fd09fb0aff08030101000000000000000000000000000000000000fffffe0000000101ff00fefe00000202ff01fefdfdfafcf9fefb00000002fefdfefb00fd0100ff03fe0200ff03fe01fdfefdfffe0000
1289,140620092,-93,11,128,1,0,0,c11ddc41ff01fffe06fc0afe01fdf9f9fdfa03fc02fdfffeff01ff050005fffc00fc05050509fe03faf6fbf8ff06ff05fefefffeff00ffff000000000000000000000000000000000000fffffffd02fe01fefdfffb00fe0000ff0001ff0100ff01ff02ff0000fdfefcfcfcfcfcfdffff020103ff03fd01fdfffefffd00fd02fe
1290,140654980,-92,11,128,1,0,0,4ff1140006f507f208f207f506f506f605f803f902fb01fafffafefbfdfbfbfcfbfefbfefafbfaf8fcf8fefafefafdfafefafefafefcffff000000000000000000000000000000000000000102060207030704060203010301030001020004ff04ff040106020b000cff09010905080509040a050706040304ff04fc01fb01f9
1291,140690048,-92,11,128,1,0,0,488dd4410000ff02fe05fd0200fffffefafffdff0202fe0afe0e040c0308fe0003fb05fe0003000502050202010002ff06fd07fa05f801fe00000000000000000000000000000000000000ff03fd01feff0000ff00fffe01fe02fffffffefe00fb00fdfefefdfbfdfcfefeff01ff040005010300fe02ff020300030002fffefc
1292,140788837,-93,11,128,1,0,0,399cc341fe00fe01ff0202010402060408020afc0cfe0a0200fffd010408030cfe0b02070103fffefefc00fe03000301030000fefb01fe01000000000000000000000000000000000000ff00fd00ff0000ff00fefffdfefeffffff00ff01ff00feffffffff00010001fefffd0100020303040304000601040200ff00feff00ff
1293,140792133,-93,11,128,1,0,0,fcc22f41fb0002ff0d030f060601fcf9fafbfe02000201fe02ffff02ff03090007fdf8fcf2f9f8fd02090307fffb00fa01fffffff901fd01000000000000000000000000000000000000ff00ff0101fe01fe00ff00fe01fd01fbfffcfdfefeff0101ff00fdfefefeffff01ff03ff02ffff00fb00fa00fd01010106fe05ffff01
1294,140829078,-93,11,128,1,0,0,a2255a4100fffcfefb00fd0101ff02fd01fd04fd07fe0400fb00f7fffc0007050c080404f900f701f902fb02fd02fe0001ff060009010200000000000000000000000000000000000000ff01fe02fffefffeffffff00020003fe02fd0000fe01fdfffeff0000fe00fcfffffd01fc00fbfffbfdfffc01fcfffdfefeff01010402
1295,140833155,-92,11,128,1,0,0,477bb441ff010300050002fffd02ff0303fe00f9fff805f509f20af305f901fe06fa06f9fe01fc05fd05fc02fd01ff01fd04f906f605fd01000000000000000000000000000000000000000002ff00fe00fe00ffff0100020101020001020003ff02fe00fefd00fd01feff01ff02fd02fc02fe02ff02fd01fd01fe00fe00fd02
1296,140887906,-95,11,128,1,0,0,fffbbf41fdfdfefe01000301fffefdfb03fd070002fe04020c0a0e0c070400ff04040405fcfff9fdfbfefcfffd01fe00fdfcf9f8f9f8fefd000000000000000000000000000000000000ff00fd00fdfffeff000000ff01000100000000010002000101ff00feff000002000000fe00fd01fe0101ff01fd00fd00fe01fe00fdfc
1297,140890452,-92,11,128,1,0,0,9ee009410001ff01fffe000000020103ff03fc01fefb01f8faf8f6fff706f8fffcf7fdf7fcfafbfffb01fdfffefffa00fa01fe0401030000000000000000000000000000000000000000ff00ff00ff01ff02ff01fd00fdfffffc00fd0000010002fe01fffffefffcffff0000fefffefffffdfffeff01010301030003fe02fe01
1298,141099087,-93,11,128,1,0,0,111aa1410101020000ff00ff0101010003fd03fc01fd05ff0904070804070001fc03fd0201fc03fb03fd02fe01fc00fefd04fc06fb04fe010000000000000000000000000000000000000000010000ff00fffffefcfffb00fd01fe00fefffd01fc01fcfefdfefe02ff02fefffdfffcfefdfd01ff0100fe00ff040104fe00fd00
1299,141131523,-91,11,128,1,0,0,8eeaa841fffffe00fe0100fe00fdfd00f800fbff00fffcf9f9f4faf4fdf802ff09fb07fafdfff8fefafeffff0002fe0201fd05fa09fc02ff00000000000000000000000000000000000001fe05fb03fb01fcff01ff01fdfffeff020003010101fd00fafffafff8fefafbfffd0001ff0201040201fdfdf901fc05ff04010103fe
1300,141167009,-93,11,128,1,0,0,4ff114000d010f0210030d030b030a010903080405030501050003fe00fd00fb00fa00f7fff5fff500f602f902fc01fb01fb01fd02fd00ff000000000000000000000000000000000000fefffafefb01fa01fa00fb01fc02fe01ff01ff00ff01ff06fc09fb0afc0bfd0cfd0cfb0bfb0aff080206020702070406060505040603
1301,141458281,-92,11,128,1,0,0,f2266f410306010202fd01fbfffcff00ff04ff02fffd00fdffff00020003010102000000fe01fd02fd02fe00ff000002000101ff02000000000000000000000000000000000000000000ff00ff0000fffe00fd01010001fdfffd01ff0102020204fe02fd0001010304000500040002fe02fe04000301fffffdfefdfdfcfbfffb
1302,141459742,-89,11,128,1,0,0,bcc66b41fffcfcfdff010202030003ff0100fd01fc03fd05fe02fe01fe02fe020101fffffc00fc02ff01ff00ff00ffff00ff010001000000000000000000000000000000000000000000fe01fb05fb02fd00ff02fe03ef09e40df20603fe03f100e702f50304fd02fafffcfdfdfcfdfcfdfbfdf9fff904fd0302ff08ff090202
1303,141474190,-93,11,128,1,0,0,4ff114410a0e070e040f050f060c060907060803070104ff00fefefefefdfefbfdf8fef800f9fff8fdf6fdf6fdf8fdf9fffafefdfbfefeff0000000000000000000000000000000000000100050105030504040104fd03fe02010103ff01fdfefbfcfafbfafafbf9fbfbf9f9fbf4fcf4faf7fafbfa00f902f904fa04fc04fd04
1304,142540633,-93,11,128,1,0,0,e9966e41fb05fa03f803f906ff060106fd06fb06fe04000100fefefffbfffafefeff00000000ff00fe00fd00fd00fe00fefffe00fe00000000000000000000000000000000000000000000ff01fd01fd02ff0000fdfffd00ff02ff02fe01feff01fc04fa06f907fb0200fc01fafdf7fbf601f904f900f6fef802fb06f9fef7f3
1305,142805418,-92,11,128,1,0,0,4ff11441f1f8f2faf4fcf7faf8f8fafafbfafcfcfc00fa01fa01fd01ff02010501070009fe0afa08fb06fc06fc06fd06ff050005ff05ff01000000000000000000000000000000000000010006010501060105010201020103020102000002fc02f901f802f702f803fc06fb09f50af509f906fa04f903f903f901fafbfdf700
1306,143001852,-39,11,256,1,0,0,6aa00600fdfdf8f9f3f4eff1ebeee8ece6ece5ece5ede5efe8f1ebf4eff7f4fafafd000106050b080f0b120e141016121613151314130404000000000000000000000000000000000000fefdf9f4f9f1f9edf9eafae8fbe6fce6fde7fee9ffed00f101f702fc03020408060e071208160a190b1b0c1b0d1b0c190b150a12080fc000eb18eb18eb19eb19eb19eb19eb19ec19ec19ec19ec18ec18eb18ea17e917e816e815e714e712e710e70fe60de60be50ae507e505e503e501f600fdff00fffffe00ff00020009ff19fe19fc19fa19f819f618f518f319f219f019ef18ee18ed18ec18eb17eb17ea17ea16ea16ea16eb17eb17eb17eb17eb17eb17ea17ea17
1307,143055901,-93,11,128,1,0,0,92211941020002fffcfffb01000000fcfdfdfd0000fe03fc05fc02fcfdfefb00f901fb01ff02ff01fe00ff00000000fffffe000001020000000000000000000000000000000000000000ff01fe05ff04030205fd02f909f912fa0bfb02fe05000afd0600020302fe05fd08040406ffff0000050307fe04fffd01fafcfefb0100
1308,143079948,-37,11,128,1,0,0,1ee001000004ff0afe10fd15fd18fd1bfd1cfe1dff1c001a00170113000e0008000300fd00f700f200ee00eb00ea00e900e900e901ea00fa000000000000000000000000000000000000ff02fb0afa0cf80ef610f511f412f312f311f40ef60bf807fa03fdff00fa02f605f107ed09ea0ae70ae50ae50ae608e806eb05ee04f1
1309,143081485,-37,11,128,1,0,0,1ee0010000fa03f406ef07ea09e509e209e008df08e007e205e604ea02f001f6fffcfe02fd08fb0dfa12f915f817f718f718f717f716fd0500000000000000000000000000000000000001fd06f507f30af00cee0ded0fed0fed0fee0ef00cf409f805fc0200fe05fa0af70ef312f116f018ef1aef1cf01bf118f315f511f70e
1310,143136227,-40,11,128,1,0,0,1ee00100eef0eef0eef1eef1eef1eef2eef2edf2edf3edf3edf3ecf3edf3edf4eef4eef3eff3eff3f0f3f0f3f1f3f2f3f3f3f3f3f3f3fdfc000000000000000000000000000000000000fdfdf5f5f4f4f4f4f4f3f4f2f4f2f3f1f3f0f3f0f3f0f3eff2eff2eef3eef3eef2eef2eff2eff2eff1eff0eff0f0f0f1f0f1eff0eff0
1311,143146590,-92,11,128,1,0,0,57799541ffff00fc01fc03fa06f902fcfc04fc08fe04f7fdf1f8f3fafaff0000fafaf9f800ff02020103000402010200fe03fc05fb09fe0200000000000000000000000000000000000000000001fe01fd01fe02ff01fffefdfefc00ff01ff00fe00fefffffd00fb02fd0400020001000101010100fffd00fc01fd00ff00ff01
1312,143153205,-40,11,256,1,0,0,7660070005fe0cfd12fb17f91af81df61ef51df41cf319f416f512f60cf806fa00fcfafef400ef02ea02e703e403e302e302e401e500f90000000000000000000000000000000000000003fe0efc11fc14fd17ff19001a0119021703140410040b040503ff02f901f300eeffeaffe6ffe3ffe2ffe2ffe300e501e901ed01f201be00f9e2f8e2f7e2f7e2f7e2f7e3f7e3f6e3f6e3f5e3f5e3f5e3f6e3f7e3f8e3f9e3f9e3fae2fbe3fde4fee400e501e603e704e706e807e808e803f701fdff0001010000fdfef9f9ededefecf0ebf2e9f3e8f4e7f4e6f5e5f6e4f7e3f8e3f9e2f9e1fae1fbe1fbe1fce1fce1fce1fbe2fbe2fae2fae2fae2fae2f9e1f9e1f8e0
1313,143229726,-38,11,128,1,0,0,1ee00100ff04fe0afd10fc15fc18fc1bfc1cfd1dfd1cfe1aff17ff13000e0008010301fd02f703f304ef04ec05ea05ea06ea06eb06ec01fb000000000000000000000000000000000000ff02fe0bfd0efc11fb13fa15fa16f916f915f912fa0efb0afc05fe0000fb02f503f004ec06e806e607e407e306e406e704ea03ee03f1
1314,143265220,-93,11,128,1,0,0,2ee66241fe01ff00fffe02fd02fffffffffe01010003f601ee00f600fffcfcf7fbf5fefcfe01feff02fd01fdffffff01fe02fe02ff010000000000000000000000000000000000000000fffffefefdfffe01ff01ff01fe00fdfefdff000002010001fe00fffe01fc00fcfffefffdff00000301010000ff00fefefdfefefd01fe
1315,143268879,-91,11,128,1,0,0,d8800d4100fefffe00fd01fffe02fa03fa01fdfdfefcf405e90cf50702000dfc16fb0afcfffcfdfdfcfefffe0000000000ff00ff00fe00ff000000000000000000000000000000000000ff00ff0100020001000101000100000100000000ff01fe01fe00fffffffcfefbfdfd00ff06fd06fc01feffffff02fe03fe02fe040106
1316,143284396,-38,11,128,1,0,0,1ee00100020307060c09100c130f1510171118111810160f140d110b0d080904050001fcfdf8fbf4f9f0f7eef6ecf6ebf6eaf7eaf8ebfefa00000000000000000000000000000000000002ff0bfe0dfe10fe13fe15ff16001601150213020f020b02060101fffbfdf6fcf1faedf9e9f7e7f5e5f5e4f4e5f4e8f5eaf7eef8f1f9
1317,143284948,-38,11,128,1,0,0,1ee0010003fd08f80df311ef14eb16e917e817e717e715e813eb0fee0bf106f601fafcfef701f203ed05ea06e707e607e606e705e705f90100000000000000000000000000000000000000fc00f201ef01ec02e903e705e605e606e706ea05ee04f302f8fffefd04fa0af70ff413f217f019ee1ced1dee1cf019f216f413f60f
1318,143285441,-38,11,128,1,0,0,1ee00100fb01f506f00aec0de810e612e413e414e414e613e911ed0ef20bf708fd05020208000efe12fe16fd18fd1afd1afe19ff18000600000000000000000000000000000000000000ff03fe0cfd0ffc13fb16fa17f819f718f717f714f810fa0bfc06ff0103fc06f60af10ded10ea12e814e615e514e613e810eb0dee0bf1
1319,143339000,-38,11,128,1,0,0,1ee0010003ff09fd0efb13f917f719f61bf61bf51bf419f516f612f70df908fb03fdfdfef8fff3ffefffecffeaffe9ffe9feeafeeafdfaff00000000000000000000000000000000000001fd07f709f50bf30df20ff110f011f111f20ff40cf609f905fc00fefc01f704f206ee09eb0ae80ce60de50de60de80ceb0aee09f108
1320,143339607,-38,11,128,1,0,0,1ee00100030109000f0014ff18ff1bff1cff1dff1cff1bfe18fe14fe0ffe09fe04fefefdf9fcf4faf1f8eef7ecf6ebf5ebf5edf5edf4fbfd00000000000000000000000000000000000002fe08f80bf70df510f411f413f413f413f511f70ef90afb05fd00fefb00f602f103ec04e905e605e405e306e405e605e904ec04ef03
1321,143340219,-38,11,128,1,0,0,1ee0010003ff08fc0df912f615f417f319f219f119f117f214f311f50cf707fa02fcfdfef800f401ef01ec01ea01e901e901ea00eafffaff00000000000000000000000000000000000001fd05f506f408f10aef0bee0ced0dee0def0cf10af407f704fb00fefc02f805f409f00bed0deb0fe911e811e911eb0fee0df10bf309
1322,143340684,-38,11,128,1,0,0,1ee00100030109020e031303170419051b051c051c041a04170313020e01090004fefffdfafbf6f8f2f6f0f4eef3edf2eef1eff1f0f1fcfc00000000000000000000000000000000000002fe0afa0cf90ff911f813f814f815f914fa12fb0ffc0bfd06fe01fefbfff6fff1ffec00e800e600e300e200e300e600e900ec00ef00
1323,143341206,-38,11,128,1,0,0,1ee00100fdfdf7faf3f7eef5ebf3e9f1e7f1e6f1e6f1e8f2eaf4eef6f2f8f6fcfbffff020306060a090d0a0f0b110c120b130a1209120204000000000000000000000000000000000000fd00f400f200ef00ecffeaffe9fee9feeafdecfdf0fdf4fdf9fefeff030108030d051106150818091a0a1b0a1a0a1709140711060e05
1324,143341642,-38,11,128,1,0,0,1ee0010003fe07fa0bf60ff312f014ee15ed15ec15ec14ed11ef0ef20af506f802fbfdfef800f402f003ed04eb04e904e903ea02ea01fa0000000000000000000000000000000000000000fd01f402f202ef03ed04eb05eb06eb06eb06ed05f104f502f9fffefd03fa07f70bf40ff212f014ef16ee17ef16f014f212f50ff70d
1325,143342695,-38,11,128,1,0,0,1ee00100030109000f0013ff17ff1aff1cff1dff1cfe1afe17fe13fe0efe09fe04fefefdf9fcf5faf1f9eef7ecf6ebf5ecf5edf5eef4fbfd00000000000000000000000000000000000001fe08f90af70df50ff410f412f412f512f510f70df90afb06fc01fefb00f602f103ed04ea04e705e506e306e406e705ea04ed04f003
1326,143343774,-38,11,128,1,0,0,1ee00100fb00f502ef04ea07e508e209e00ae00be00be20ae609ea08ef06f505fb03020208010d0112011502180319031904180517050501000000000000000000000000000000000000fe02f90af70cf40ff211f012ef13ee13ee12ef0ff20cf508fa04ff0104fd09fa0ef713f416f219f11bef1def1cef19f116f313f40ff5
1327,143344335,-38,11,128,1,0,0,1ee0010004000afe11fc16fa1bf91df81ff820f71ff71df71af815f810fa0afb04fdfdfdf7fef2fdedfde9fde7fce6fce6fbe7fbe8fafafe00000000000000000000000000000000000002fe09f70bf60ef410f213f114f115f215f313f40ff70bf907fc01fefb01f603f005eb07e708e409e10ae00be20be40ae709eb08ef06
1328,143344793,-38,11,128,1,0,0,1ee0010004ff0afc10f915f619f51cf41ef31ef21df11bf118f314f50ff709fa03fcfdfef7fff2ffedffe900e700e6ffe6fee7fee8fdfaff00000000000000000000000000000000000001fd06f508f30bf10def0fed10ed11ed11ee10f00df30af706fa01fefc02f705f108ed0be90ee70fe410e311e410e70fea0eee0cf10a
1329,143345380,-38,11,128,1,0,0,1ee00100ff04010a04100615071a081d091e091f091f091d081906150510040a030302fd02f702f203ed04ea04e805e706e706e707e901fa00000000000000000000000000000000000002010a060c080e0b100d110f1210121111110f100b0e080a05060100fefbfaf6f7f1f5ecf3e9f1e6f0e3f0e2f1e3f2e6f4e9f5ecf7ef
1330,143345908,-38,11,128,1,0,0,1ee00100ff04010b02110416051a051d061f0620061f061e051a04160410030a020402fd03f704f205ed05ea06e807e708e708e809e902fa000000000000000000000000000000000000020109080b0a0d0c0e0f1011101210130f130d110a0e070b04060101fefbfbf6f9f1f7ecf6e8f4e5f3e2f3e1f3e2f5e5f6e8f7ecf8ef
1331,143346440,-38,11,128,1,0,0,1ee0010003000aff11fe16fe1bfd1dfd1ffd20fc20fc1efc1afc16fd10fd0afd04fdfdfdf8fcf3fbeefaebf9e9f8e7f7e8f6e9f6eaf6fafd00000000000000000000000000000000000002fe09f80cf70ff512f414f315f416f416f514f610f90cfb07fd01fffb00f502ef03ea04e605e306e106e007e107e306e705eb04ef04
1332,143347730,-38,11,128,1,0,0,1ee00100fc02f807f40cf010ee14ec16ea17ea18eb18ed17ef14f211f50dfa09fe04030008fd0cfa10f813f715f617f617f616f716f805fe000000000000000000000000000000000000ff02fe0cfe0efd12fc14fb16fa17f917f817f814f910fb0cfd07ff0202fc05f707f20aed0cea0ee710e510e410e50fe70cea0aed09f0
1333,144034248,-92,11,128,1,0,0,4ff11400fd0ffe100010ff10fe10fe0c00080005ff0500040202010202030401070008020602060208020702050205020503040303020000000000000000000000000000000000000000fe00fb00fcfdfdfbfbfbfdfe00fefffdfeffff03fe03fb04f706f305f502f603f305f203f201f201f401f801fb04fb06fc08ff0a020a
1334,144247664,-38,11,128,1,0,0,1ee00100fcfbf6faf1faecf8e8f7e6f6e4f5e4f4e4f5e5f5e8f6ebf8effaf4fdf900fd040008030b050f0612071407150616051504150105000000000000000000000000000000000000ff02fb09fa0bf80ef60ff410f310f210f20ff30df50af708fb050002040009fd0efc12fa15f918f91bf91cf91bfa19fa16fb13fb10fb
1335,144279906,-37,11,128,1,0,0,1ee00100fdfcf6faf1f9ebf7e7f6e4f5e2f4e1f3e1f3e3f3e6f5e9f7eef9f3fcf800fc030007030c06100713081508170718061805170105000000000000000000000000000000000000fe02fa09f80bf60df40ff210f010ef10ef0ff00df20af607fa05ff02040009fe0efc13fb17fb1afa1dfa1efa1efb1bfc18fc15fc11fc
1336,144281797,-37,11,128,1,0,0,1ee00100040109fe0efb14f918f81bf71df61ef61ef61cf619f815f911fa0cfb06fb00fafbf9f6f8f2f6eff4edf2ecf1ecf0edf0eeeffbfb000000000000000000000000000000000000fefdfbf5fbf3faf0faedfbebfceafde9feeaffecffeffff3fff8fdfdfc02fa07f70cf510f313f116ef18ee18ee17ef15f113f410f60e
1337,144282304,-37,11,128,1,0,0,1ee0010002fc01f601f001eb01e701e402e202e002e101e201e501e800edfff3fdf8fbfdf902f506f209ef0bed0cec0ceb0ceb0bea0afa02000000000000000000000000000000000000fdfff5fff2fef0feedfdebfbeafaeaf9ebf8edf8f1f9f4fbf8fdfc0001040408080c0a0f0d130e150f180f190e190d170c140b11090e
1338,144282873,-38,11,128,1,0,0,1ee0010003fd04f705f106ec08e809e50ae30ae20ae20ae309e607ea05ef03f300f8fcfcf800f403f005ed06ea06e906e806e805e903fa00000000000000000000000000000000000000fdfff5fcf3fbf0f9eef8edf6ecf5edf4eef3f0f4f3f6f6f8f9fbfcffff040209040d061207150818081b081d071c0619061705140510
1339,144283324,-38,11,128,1,0,0,1ee0010004ff07f90af50df010ed12eb13e914e814e813ea11ec0eef0bf207f502f9fdfbf8fdf3feefffecffe9ffe8fee8fde8fce9fcfafe000000000000000000000000000000000000fefef8f8f6f6f4f4f3f2f3f0f3eef3edf4eef6eff8f2faf5fbf9fcfefd04fe09fe0efe13fe16fd19fd1cfc1dfc1cfc1afc17fd14fe11
1340,144285675,-37,11,128,1,0,0,1ee0010004fe07f80bf20eed11e913e715e516e415e414e512e810eb0cef07f402f8fcfbf7fef1ffec01e901e601e400e4ffe4fee5fdf9ff000000000000000000000000000000000000fdfdf6f6f5f4f3f1f2eff1ecf1ebf2eaf3eaf5ecf7effaf3fbf8fdfefd04fe0bfe11fe16fe1afd1dfc20fc21fc20fc1efc1afd16fe13
1341,144286163,-38,11,128,1,0,0,1ee0010002fc02f602f103ec03e803e504e304e104e104e304e603ea02ef00f4fef9fbfef802f506f209ef0bee0cec0ceb0beb0aeb09fa02000000000000000000000000000000000000fdfff5fcf3fbf1f9eff7eef6edf5edf4eef3f0f4f3f6f6f8fafcfd0000040308050d0711081409170a190a1b0a1a091808150712060f
1342,146184704,-92,11,128,1,0,0,4ff1144109ff0d010e020dff0bfd0bfd0afe07fe04fe02fe01fe00fcfefdfbfcfaf8faf7f9f7fbf7fcf9fcfaf9f7f9f6fbf9fdfcfefcfffe000000000000000000000000000000000000fffefff9fef9fdfa00fb02fb00fcfdfefd00fe04fb07fa06f903f702f703f805f808f808f705f703f802f902fa04fc05ff0305030806
1343,147261711,-92,11,128,1,0,0,944ee9410204ff06ff04ff01fdfefdfd00ff01ff01ff02fc03fc01fd00fdfffe0001ff02fe01fe01000000fd00fdff01ff02ff0100010000000000000000000000000000000000000000ff00ff0000ff00ff01000102fb0bf614fd0b0100f506eb0df405fffc01fe0200020000fffffe00fe01fffffffd02ff02010302030303
1344,147413566,-92,11,128,1,0,0,4ff114000cfe0e010f020d010c010d010c010a000afd0afb07f905f601f8fff9fef9fcfafcf9fff700f700f701f702f800f8fffb00fe00ff000000000000000000000000000000000000fdfff8fff9fff9fff9fefbfcfefd01010002fe02fd04ff060108ff0afd09fd07fd09fd09fe06fe06fc08fd0602030502070009ff0800
1345,148027020,-38,11,128,1,0,0,1ee00100f900f202ec03e704e305e106df06df07e007e206e606eb05f104f704fd03030409040e05120715081709180a170a160a140a0502000000000000000000000000000000000000fe02fa0bf90df710f512f313f213f113f112f30ff50cf808fc04000005fd0af90ef613f316f119f01bef1cef1af018f214f410f50df7
1346,148045990,-38,11,128,1,0,0,52200500f9fef2ffec00e600e200e000de00dd00de00e100e500ea01f001f602fc03020507070c09100c120d140f14101410121011100404000000000000000000000000000000000000fe02f90bf80ef610f411f212f112f012f011f20ef40bf807fc04010106fd0bfa10f815f618f41bf31df31ef31df31af516f612f80ef9
1347,148085921,-38,11,128,1,0,0,1ee00100030309050e071209160b180c190d1a0d1a0c180c150a11080d05090204ff00fbfcf8f9f4f7f1f5eef4ecf4ebf5ebf6ebf7ebfefb00000000000000000000000000000000000002fe09fb0bfb0efa10fa12fa13fa14fb13fc11fd0efd0afe05fe00fefbfef6fef1fdecfde9fce6fce4fbe4fbe5fbe7fbeafceefdf1fd
1348,148128373,-38,11,128,1,0,0,1ee00100f801f203ec05e707e209e00adf0bdf0be00be30ae609eb08f106f804fe0305020b0110001400170019011a011a02180217030500000000000000000000000000000000000000fd02f60af40bf10dee0eed0fec0feb0eec0dee0bf108f605fb0200ff06fc0cf911f716f519f41cf31ef11ef11df219f316f511f70ef8
1349,148169928,-37,11,128,1,0,0,1ee00100fd05fd0cfd13fd19fc1dfc20fb22fc23fc22fd20fe1cfe17ff11000b020404fe07f809f30cef0eec0feb11ea11eb11ec11ed04fb0000000000000000000000000000000000000202090a0b0c0c0f0d120e140d150c160b150913070f050b020500fffff9fdf3fcedfbe7fae3fae0fadefaddfadefbe2fbe6fcebfcef
1350,148227260,-37,11,128,1,0,0,1ee00100f904f60af20fef13ec16ea18e919e91aea19ec18ef15f211f60efb09010606020b0010fe14fd17fc19fc1afd1afd19fd18fe06ff0000000000000000000000000000000000000103070d080f09120915081808190619051803150211010b010501ff02f802f103ec05e706e307e008df09de09e008e306e705ec03f0
1351,148308120,-38,11,128,1,0,0,1ee00100fb04fa09f80ef713f517f419f31bf31cf31bf419f517f713f90efd0a0106050209ff0dfc11fa13f915f917f917fa16fb15fb05ff00000000000000000000000000000000000002010a050c070e090f0c100d100f0f100e100c0f090c07090404020000fafef5fdf0fcebfbe8fbe5fce3fce2fce3fde5fde9fdecfdef
1352,148962989,-95,11,128,1,0,0,aff11a4102000202000300030102fe01fefe00fc02ff02020103ff02ff04020200fdf9fdf7fdf9fcfcfe010101020002000101ff03010000000000000000000000000000000000000000fffffffefffefefeffffff01ff02ff0100fe00fd01fe00fffdfefcfefdfefffe01fa01fbffff010105fe05fc08fc0dfd090005010304
1353,149068595,-92,11,128,1,0,0,f55ccf41fe00fd00fd00fcfefdfcfefd00fe0100fe02f605ef06f6fffdfaf7fdf303fd02070106ff01fdfcfdfafef9fff9fdfbf9fef5fffd000000000000000000000000000000000000fffffefefd01fd02fe01010001fffefffc01fe01ff01ff0101fe03fc03fc01fefffdfffc00fdfffefffefffffd01fc01fd0100010300
1354,149069416,-92,11,128,1,0,0,44477441fcfefe000001ff02ffff00fc00fb01fd03fefcf5f5ecfbf6000007050f0b090702020100fffe0000010000000000fe00fe00ffff000000000000000000000000000000000000000102030101fffffe01fd02fd01ff010002000000fe00ff00fffd01ff02010100fefdfefbfdfbfdfd00ff0201fffffffe00ff00ffff
1355,149563994,-93,11,128,1,0,0,4ff11400f301f0ffeffcf2fcf5fdf7fcf7fdf9fffb01fa03f902fbffffff01020105ff06fe0700080008ff07ff060005010500040003ff0000000000000000000000000000000000000000020207030402010202020302010401050005ff05fe04fa05fa07fc08fd06fb06fc05fb05f705f805fd05fd03fc00fcfdfbfcfefa03
1356,150485632,-92,11,128,1,0,0,4ff1140007f806f404f608f80cf90afa08f905fb03fd04fc04fb01fafff9fefafdfbfcf9fdf8fef8fef7fef6fff601f803fb04fd03fc00ff0000000000000000000000000000000000000002020802060105010501030202020103010401050207000a000d030c03080307040a030d030b030702050303030101fffe01fe06fe
1357,150803687,-40,11,128,1,0,0,1ee00100faf5f5f2f1f0eeedeceaece8ece7ede6eee7efe9f1ecf3f0f5f5f6faf6fff504f308f10bef0ded0eeb0eea0dea0ceb0aeb08fb0200000000000000000000000000000000000001020809090b090e0a100a120913081306130511040e04090505070109fc0cf80ff513f315f118f11af11bf219f317f513f610f70cf8
1358,150804224,-40,11,128,1,0,0,1ee0010001f4ffeffeeafde6fde3fee1ffe0ffe000e100e400e8ffecfdf1fbf6f8faf4fef100ed01ea02e801e600e6ffe7fee9fceafcfaff000000000000000000000000000000000000ff03fe0cfd0efc10fb12f914f814f713f612f710f90dfc0aff07040509040d031202160319031b041d061d071b071807140611040f02
1359,150804681,-40,11,128,1,0,0,1ee00100f400f003eb06e707e408e207e106e106e205e404e804ed04f204f706fc08ff0b020e04110514051605180318021801160015ff0500000000000000000000000000000000000002ff0cfe0efe11fe13ff140015021503140411030e020a0007fd04fa01f6fff1fdedfde9fde6fee4ffe200e101e301e601ea00eefef1
1360,150805200,-40,11,128,1,0,0,1ee00100f503f108ee0beb0ee810e610e510e40fe50ee70dea0bef09f408f908ff08040a070c0a0f0c120d140c150b160a1608150713010400000000000000000000000000000000000002fe0bfa0dfa10fa12fa14fb14fc15fd14fe11ff0efe0afd06fb02f9fef6fbf2f8eef7eaf6e7f6e5f7e4f8e3f9e4fae7faebfbeefbf1
1361,150805640,-40,11,128,1,0,0,1ee0010007f707f108ec09e90be60de40ee40fe40fe60ee80ceb09ef05f201f5fcf7f7f8f3f8eff6ecf5ebf4eaf2ebf1edf0eff0f0f1fcfc000000000000000000000000000000000000fe02f90bf80cf60ef40ff310f10ff00ff00ef20bf409f808fc07010706070b080f0a120c150e16101712161315121210100e0e0b0c08
1362,150806119,-40,11,128,1,0,0,1ee00100f707f60cf511f315f118ef19ee19ed19ee17ef15f112f50ff90cfd0a020807070b081009120a140b140d130e120f100f0f0f030300000000000000000000000000000000000002fd09f70af60df50ff410f412f412f512f610f80cf909fa05fa00f9fbf7f6f5f3f2f0efeeededebece9ede8eee9f1ecf3eef4f2f6f5
1363,150806645,-40,11,128,1,0,0,1ee00100fa09fa0efa13f917f71bf61cf51cf41cf41af518f615f811fb0dff0a040709060d051106140716081609160a150b130b110c040300000000000000000000000000000000000001fd05f405f207f009ef0aee0cee0def0df00cf309f506f702f8fdf9f8f9f3f9eff7ebf6e9f4e8f2e7f1e7f0e9f0ebf1eef3f1f6f3f9
1364,150807111,-40,11,128,1,0,0,1ee00100f503f208ee0beb0ee810e710e610e50fe60ee80ceb0aef09f308f908fe08030a060c0a0f0c120c130b150a16091607150514010500000000000000000000000000000000000002fe0bfa0df90ff911f913f914fa14fb13fc11fd0efe0afd06fb02f9fef6fbf2f8eef6ebf6e8f5e6f5e4f6e3f7e5f9e8faebfaeffaf2
1365,150807649,-40,11,128,1,0,0,1ee00100f707f60cf511f415f117f018ef18ee18ee17ef15f112f40ff80cfd0a020807080c080f09120b130c130d130e110f0f0f0e0f030300000000000000000000000000000000000001fd07f609f40bf30df20ff210f311f410f50ff70cf808f904f9fff8faf7f6f6f2f3eff0edeeececebebeceaedebf0edf2eff3f3f5f5
1366,150825346,-97,11,128,1,0,0,b33bbb4101000101fefffe00020000fcf9fcf9fffbfff6fbf2f6f1f4f9f503fa03fdfffbffff01030000fefcfefdff010002ff00fd00ff00000000000000000000000000000000000000ff00fd03fe02ff03ff0300010000ff00000100ffff01ff030002fffffffd01fe01000002000200ff00fe030005fe05fe0400020002ff
1367,150856704,-40,11,128,1,0,0,1ee001000afc0df810f414f117ef19ef1aef1bf01af118f215f411f60cf707f702f6fdf5f9f2f7eff5edf4eaf5e9f6e8f7e8f9e9faeafefa000000000000000000000000000000000000fd01f506f407f108ef09ed08ec07eb07ec05ee04f104f504f905fe070209050c08100a130b160c180b1a0a1b091a081707140710060d
1368,151304860,-93,11,128,1,0,0,4ff11400fd0cfd0dfd0cfd0af909f708f707f906fa04fb04fd0600050204020205050608040803070306030501050004ff04000401030000000000000000000000000000000000000000fffefbfbfafafafbfbfefcfefdfdfcfdfbfffd02fc03f903f705f505f502f700f801f500f4fff5fff500f601f801f901fa03fc05fd07
1369,151407253,-94,11,128,1,0,0,4ff11400f908f808f609f609f506f705fa06fc05fe06ff06ff03ff030205050408020705050805080404040105020504040404020202000000000000000000000000000000000000000001ff06fe06fe050004000400030001ff00ff000000fd00fafcf7faf4fcf3fcf2fbf1fdf1fff4fef6fcf7fbf9fcfcfdfffcfffa02f706
1370,151509660,-91,11,128,1,0,0,4ff1144111fc10000e040b0609080807090608050602050004ff02ff02fe02fc02fa02f902f702f704f706f605f603f702f902fc00fcfffe000000000000000000000000000000000000fffefcfbfbfdfbfdfbfdfcfefdfffd00fb01fa01f902f904f908f909f807f905f904f804f805f805f805f905f904fb02020106000503
1371,151612070,-93,11,128,1,0,0,4ff1144109080a070a070909090909080706050604040402050004ff03fd05fb06fb08fc08fc06fc07fc08fd07fe05fe03ff03fe03fd00ff000000000000000000000000000000000000fffefdfbfdfdfbfefbfcfdfafefcff00ff02fd02fb04fb06f907f607f707fa08fc06fb04f908f70bf707fa04fe040004010502040302
1372,151919287,-92,11,128,1,0,0,4ff114410d090b0a0a0b0b080b07090806070504040102ff0000010102ff01fc00f902f703f704f705f905fb05fa07fb08fe050001ffffff000000000000000000000000000000000000fe00f902fa00f9fef9fefbfefdfefdfefefeff01fd06fd05fc05fa07f906f806f709f809f806f506f707fb05fd04fd04ff0402030202
1373,152431277,-92,11,128,1,0,0,4ff11400f105f205f504f602f401f502f700f701f801f900fa01fd01fe03ff060108ff07fc04f904fa07fa05f802f803fa04fb03f901feff000000000000000000000000000000000000fd00f7fef8fdfcfefdfffdfefefdfdfcfbfdfcfefb00f901f701f700f8fff7fff7fef6fdf6fdf8fcf9fafcf8fdfbfe00fdfffb00fb05
1374,152831271,-94,11,128,1,0,0,2bb55241fe02fd00fc00fd00fe0201ff05f909fd0b06090106f8fff7f8f4fcf303f702fe010100ff00fd00fd00ff04ff06fd02fbfcf6fefc00000000000000000000000000000000000000ff00fe000002010202ff01ff0000fdfffcfffe02ff03ff0200fffffffe0001ff0101fd04fb03fd01fefffcfdfc01ff0200ff020007
1375,152943308,-92,11,128,1,0,0,4ff11400f604f303f203f102f303f701f7fff8fffa01fb02fd03fd05fe06010603060108000901090207030503050206020601050105000100000000000000000000000000000000000001fe06fb04fd04ff0401040003fd05fb05fc01fcfef9fef8fef7fcf6fcf5fef402f306f304f401f701f700f9fffbfdfcf9fbf7fcf8fe
1376,153081038,-91,11,128,1,0,0,66644641010003fd01fbfffbfffdffff00fefe00fcfdfef500f407fa08fbfbfdf4fef9fafffc010000feffff0001020002fc01f901fc00ff000000000000000000000000000000000000fefefcfb01fd03fe02fd00fcfdfdfbfefc01000503040001fc01fe00ff01fd04fc01fbfffb01ff03fe01fd00fffffe00fdfffffe02ff
1377,153876130,-38,11,128,1,0,0,1ee00100fa02f507f10bed0fe911e713e614e615e714e913ec11ef0ef40af907ff0304000afe0ffd13fb16fb18fb19fb19fc18fc17fd05ff000000000000000000000000000000000000ff02fd0cfc0efb11fa13f915f816f716f715f712f90efa0afd05000003fb07f60af20dee10eb12e913e714e613e711ea0eed0bf009f2
1378,153877411,-38,11,128,1,0,0,1ee00100fafdf3fbedfae8f9e4f8e1f7e0f6dff6e0f7e2f8e6f9ebfaf0fcf6fefc01010406070a0b0e0e101011111112111310130e120304000000000000000000000000000000000000fd01f405f206ef06ec07ea07e906e806e905ec04f002f401f901ff0005000b001100160019011c011f0120011e011b01180114001000
1379,153878726,-38,11,128,1,0,0,1ee0010004fb07f50af00dec0fe811e612e412e411e410e60ee90bed07f203f7fffcfa00f604f207ee09eb0be90be80be80ae909ea08fa02000000000000000000000000000000000000fffdfef3fff0ffedffeb00e901e802e802e903ec02f002f401fafffffd05fb0af910f714f618f51af41cf31df31cf519f616f812fa0e
1380,153880086,-38,11,128,1,0,0,1ee0010005ff0cfe12fc18fb1cfa1ffa20f920f91ff81df819f914fa0ffb09fc02fcfbfcf6fcf0fbecfae9f9e7f7e6f7e7f6e8f6eaf6fafd00000000000000000000000000000000000001fd07f509f30bf10df00fef10ef11ef10f00ff20cf609f904fcfffefa02f504f007eb09e80be50ce30de20de30ce60bea0aee08f107
1381,153905955,-38,11,128,1,0,0,52200500f9fef300ed01e702e302e002de02de02df03e102e502e902ef02f502fc03020508070c09100b130d140f15101411131011110404000000000000000000000000000000000000ff02fc0bfb0df910f812f614f514f414f413f410f60df909fc06000104fd09fa0ef612f415f218f11af01bef1af018f215f311f50ef6
1382,153914234,-38,11,128,1,0,0,52200500fb05fa0cf811f616f51af41cf31ef31ef41df51bf618f813fb0efe09020406ff0afb0ef812f515f416f317f417f417f516f605fd00000000000000000000000000000000000001020809090b0b0e0c100c120c130b140a140812060e040a020501ff00f9fff3ffeeffe9fee5fee3ffe1ffe0ffe1ffe4ffe8ffecfff0
1383,153916506,-38,11,128,1,0,0,5220050006ff0cfc12f917f71bf61df51ff51ff51ef51cf518f713f80ef907fa01fbfbfbf5faf0f9ecf8e9f6e8f5e8f4e8f4eaf4ebf4fbfd00000000000000000000000000000000000000fd00f301f001ed02eb03e904e905e906ea06ec05f103f501fafefefa03f708f30cf010ed12eb14ea16e916ea15ec13ef10f20df50b
1384,153927082,-38,11,128,1,0,0,5220050007000dfe13fc18fa1cf91ff820f821f820f91ef91afa15fb0ffb09fb03fafdf9f8f7f3f5eff2edf1ecefecedededeeedefedfcfb000000000000000000000000000000000000fffcfdf2fcf0fdedfdeafee9ffe800e801e901ec01ef01f4fff9fdfffa04f709f40df111ef14ec16eb17ea18ea16ec14ef11f20ef50c
1385,154145534,-38,11,128,1,0,0,1ee0010005040c04120417041b061d071f0720081f071d071a07150511030b0006fd02f9fef5fbf1faedf8eaf8e8f8e7f9e6fbe7fce8fffa000000000000000000000000000000000000fffcfff2fff000ed01ea02e804e805e806e906ec05f003f401f9fdfdf902f506f009ec0ce90ee60fe40fe30fe40ee60de90bed09f108
1386,154147289,-38,11,128,1,0,0,1ee0010006010cff12fd17fb1cfa1efa20fa21fb20fb1efb1bfc16fc10fc0afc05fafff9faf6f6f4f2f1f0efefedefebf0ebf1ebf2ebfcfa000000000000000000000000000000000000fefdfaf3faf1f9edfaeafae9fbe8fce7fee8feebffeffff3fef8fcfefa04f809f50ef212ef15ed17ec18eb19eb17ed15ef12f20ff50c
1387,154484924,-38,11,128,1,0,0,1ee00100fcfcf6fbf1faedf8e9f7e7f6e5f5e4f5e5f5e6f6e9f7ecf8f0faf5fdf900fe040108030b050f0611061406150515041504140005000000000000000000000000000000000000ff02fb09fa0bf80ef60ff510f311f210f20ff30df50bf808fb05ff0204ff09fd0dfc11fa15fa18f91af91bf91bfa18fa15fb12fb0ffc
1388,154485354,-37,11,128,1,0,0,1ee00100fb03f90af810f715f51af41df31ef31ff31ef31df41af615f911fd0c010705030aff0efc12f915f817f819f819f919fa18fb06ff00000000000000000000000000000000000002010b050d071009120b130d140e141012100f0f0c0c0909060503ff00fafdf4fceffaeaf9e6f9e2f8e0f9dff9e0fae3fbe6fbeafced
1389,154485882,-37,11,128,1,0,0,1ee0010003fb02f402ee02e803e303e004de04de04de04e003e303e801edfff3fdf9fafef602f206ef09ec0bea0ce90ce80be80ae909fa02000000000000000000000000000000000000fdfff3fef0fdedfceafae9f9e8f8e8f6e9f6ecf6eff7f3f9f8fdfc010105050a080e0b130d160e190f1c0f1d0e1c0d1a0b170a130910
1390,154486375,-38,11,128,1,0,0,1ee00100fa01f606f20aee0eea11e813e614e515e514e613e910ed0ef20bf709fd06030508030e03120316031804190519061807160705020000000000000000000000000000000000000102060a070c090f0a120a1509160917071706150411030c0207020102fb03f504ef05ea07e608e309e10ae00ae109e408e707eb05ee
1391,154486824,-38,11,128,1,0,0,1ee00100fb04fa0af910f715f61af41df41ef31ff41ff41df61af716fa11fd0b0107050209fe0efb11f914f717f718f718f717f817fa05fe00000000000000000000000000000000000002010b050d070f09110c120e130f121011110f0f0c0d08090505020000fafdf5fceffaeaf9e6f9e3f9e0f9dffae0fae3fbe7fceafcee
1392,154535421,-37,11,128,1,0,0,1ee0014109fbfbf6e7f2e0eae4e8ecededf7e8fce5f8e8f0ecedeff3f1faf8f9fefc00050009030b070e080f09100a140a15091408130205000000000000000000000000000000000000fd00f502f202ef01ef01ee01eb01e9ffe9fdebfbeefdf004f00df80d07030c010b0516031b0118ff1d002709230e180a130111f312f0
1393,154537832,-38,11,128,1,0,0,1ee00100fc03fa0af810f616f51af31df31ff320f31ff41df51af716fa10fd0b0006040008fc0cf810f513f315f216f217f217f316f405fd0000000000000000000000000000000000000102060a070d091009130a1509160817071706140410030c0206010001fa00f400ee00e901e501e201df01de01df01e201e601ea01ee
1394,154538302,-38,11,128,1,0,0,1ee00100030309040e051307170819091b0a1b0a1b091a08160713060e040a0205ff00fcfcf8f9f5f6f2f5eff4edf3ecf4ecf5ecf6ecfdfb00000000000000000000000000000000000001fe08f90af70cf60ff510f512f513f612f710f80dfa0afb05fd00fefbfff600f100ec00e901e600e400e300e400e700ea00ed01f100
1395,154538896,-38,11,128,1,0,0,1ee0010002fc04f605f107ec08e809e60ae50ae409e408e607e906ec04f102f6fffbfcfff803f506f108ef0aed0bec0beb0aec09ec08fb02000000000000000000000000000000000000fefef8f8f7f6f6f3f5f1f4eff4eef5edf6eef7eff9f2fbf6fcfafeffff040009000e011201160119011b011c011b001900150012010f
1396,154540909,-38,11,128,1,0,0,1ee0010003010a010f01140118021a021c021d021c021a01170113010f0009ff04fefffcfbfaf7f7f3f4f1f2f0f0efeff0eff1eff2effcfb00000000000000000000000000000000000001fd05f607f509f30af10cf00df00ef00ef10df30af607f904fb00fefb00f603f205ed06ea07e808e608e408e508e807eb06ee05f105
1397,154541340,-38,11,128,1,0,0,1ee0010005000bfd11fb16f91af71df71ff620f51ff51df61af715f810f909fb03fcfdfcf7fcf2fbedfaeaf9e8f8e7f7e7f6e8f6e9f6fafd00000000000000000000000000000000000000fd04f405f107ee09ec0aeb0bea0ceb0cec0bee09f207f603fafffefb02f606f20aed0dea0fe811e612e512e611e810eb0eee0cf10a
1398,154541813,-38,11,128,1,0,0,1ee001000005030b05110716091a0a1d0b1e0b1f0b1e0b1c0a190815060f0509040303fd03f703f103ed04e904e705e606e607e707e801fa00000000000000000000000000000000000002010b040e0610081209140b140c140d130d110c0d0a0907050301fffdfbf9f6f5f2f2eef0eaeee8ede6ece5ede6efe8f1ebf3eff5f1
1399,154542257,-38,11,128,1,0,0,1ee00100fbfdf4fceefbe9fae4fae1f9e0f9def9dff9e1f9e5fae9fbeefdf4fffa01000406070a0a0d0d100f1111111211130f130e130304000000000000000000000000000000000000fd01f507f308f00aee0bec0bea0bea0bea0aec08f006f404f902ff0105000bfe10fe15fd19fd1cfd1ffd20fd1ffd1cfe19fe15fe11fe
1400,154542839,-37,11,128,1,0,0,1ee00100020408080d0b120e1511171319141a15191418121510110e0d0a0905050001fbfef6fbf1faedf9eaf8e8f8e6f9e6fae7fbe8fffa00000000000000000000000000000000000002ff0cfc0efc12fc14fd16fd17fe18ff17ff140010010b00060001fefbfdf5fcf0faebf8e7f6e4f5e2f4e1f4e2f4e5f5e8f7ecf8effa
1401,154543358,-38,11,128,1,0,0,1ee00100fd04fb0bfa11f916f81af71cf71ef71ff81ff81df91afa15fc10fe0a010404ff07f90af50cf10fef10ed11ed12ee12ef12f004fc0000000000000000000000000000000000000102040b050d05110513051505160517041603140210010b0106010000fa00f401ee01e901e502e302e102e002e101e401e701ec01ef
1402,154544070,-38,11,128,1,0,0,1ee00100fa00f402ef05ea07e508e209e10ae00ae10ae309e608ea07f006f604fc03030308020e0312031604170518051806170716070501000000000000000000000000000000000000fe02fa0bf90df70ff511f313f213f113f112f30ff50cf808fb05000104fd09f90df612f315f117ef1aee1aee19ee17f014f211f40ef5
1403,154544728,-38,11,128,1,0,0,1ee00100fd04fd0bfc11fb16fa1afa1dfa1ffa20fa1ffb1dfb19fc15fd10ff0a010404fe06f909f40cf10eee0fed10ed11ed11ee11ef04fb0000000000000000000000000000000000000102060a070c090f091209140915081608150613040f030b0206010000fafff4feeffeeafee6fee3fee1fee0fee1fee4fee7feebffef
1404,154545204,-38,11,128,1,0,0,1ee0010002fb04f405ee07e908e509e309e109e109e108e307e606eb04f001f5fefbfb00f805f409f10cef0eed0fec10ec0fec0eec0dfb03000000000000000000000000000000000000fefdf9f5f8f2f7eff6edf6ebf7e9f8e9f9eafaecfbf0fdf4fefaffffff05ff0bff10ff15ff19ff1cfe1ffe1ffe1efe1bff18ff140010
1405,154545723,-38,11,128,1,0,0,1ee00100fbfdf4fbeefae9f9e5f8e2f7e1f7e0f7e1f7e3f8e6f9eafaeffcf5fefb0100040507090a0d0d0f101011101210130f120d120304000000000000000000000000000000000000fd01f506f207ef08ec08eb08e908e907e906ec05f003f402f901ff0005000b0010ff150019001c001f001f011e011b011800140010ff
1406,154546246,-38,11,128,1,0,0,1ee00100fb03f708f30df011ed14ec16eb17eb18eb18ed16ef14f210f60dfa08ff04040008fd0dfb11f914f816f717f718f817f916fa05fe0000000000000000000000000000000000000002000cff0fff12fe14fd16fc17fb17fb16fb13fb0ffd0afe06000003fb05f507f00aec0be90de60ee40fe40ee50ce70aea08ee07f1
1407,154581732,-91,11,128,1,0,0,4ff11441fe0ffe0e000b020a020903070407040702060204030003fe0300040203ff04f908f707f803f802f805f907fa06fc04fc02fe00ff00000000000000000000000000000000000002ff08fc06fc05fa05fb03fdfffcfdfafefcff01ff02fcfdfafaf9faf7f9f4faf4fcf4faf5f8f8f8fafafbfdfd01ff03ff04ff05fe07
1408,154764774,-93,11,128,1,0,0,b33aab4101fe0400030000fffefffffe00ff010001ff01ff02ff01fe01ff02ff020002ff01fefefefefffeffff00ff00ff00fefffefeffff00000000000000000000000000000000000000ff02ff0001fe01fd01fe010101030102010002fe00fdfefdfffc00fc00000103010300020002010100feff060112030a03ff0200ff
1409,154765721,-94,11,128,1,0,0,b44ffb41fe01ffff00ff02ff01fdfdfdfdff00000201020004ff0200ff01fe01fe00fefffdfffd01fe00fffffe00fe02ff030000fffcfffe000000000000000000000000000000000000ff00fd020003010002fe01fd01fd03fe02fefffefdfffe000001010000fdfffbfefcfffe02fe03ff01fe01ff02080111000900fe00fb
1410,154869201,-93,11,128,1,0,0,3dd33341fefffffe02ff0000010004ff02fdffff0001f704ee09f606fcfef400ef03f9020001fe00fe00010002000001ff01ff0000ff00ff00000000000000000000000000000000000000ff00fffe00fdff00ff01fe01fc00fd00ff02020103fffffffe00ffff01fe02ff0002fe01fdffff0001ff02fd03ffff02fd01fffe01
1411,154872257,-91,11,128,1,0,0,1bbdd141fd01fc00ffff01020001fffdfffdff0000fffdf1f9e3fbeefffd000c0018ff0dff02fefffefd00fd01fe00fffe00ff000000ff0000000000000000000000000000000000000000000101010000ffff01fdfffdfdfd00fd01fd0100040004fd02ff0001fefffdfeff0101020101ff010000030102fffffd00fe01fcfe
1412,154991375,-94,11,128,1,0,0,4ff1144109f607f607f708f709f809f707f706fa05fc03fc00fdfefdfefcfefcfdf9fbf8f9faf9fafbf8fbf8fcfafffcfffcfcfcfbfdfeff00000000000000000000000000000000000001000403040502060004000400030102ff01ffff040009020b030b030802060205020502050305050203000100010202030103fc03f8
1413,155503380,-91,11,128,1,0,0,4ff11441fd0cff0efe0efc0ffc0ffd0cff080007fe0500030103010301020101040206020504030505060608040802060005000500030000000000000000000000000000000000000000fe00fa00f9fff9fdfafbfbfefc00fdfffe00fe02fe01fb00f701f702f803f906f705f703f802fa01fa01fa04fb04fc03fc02ff030204
1414,156392080,-92,11,128,1,0,0,e99eee41fffefffe02ff0501050001fefffc02fc03fb02fb01fe0100000001ff01ffffffff01ff01ff0001000100000000ff00ff00fe00ff000000000000000000000000000000000000ff00ff0101fd01fcfffeff00fe0cfe18fe0dfe02010d0418010cfc02fb01fdfefdfff904f604fa03fe05fe04fc00fbfdfcfffd03ff04
1415,156425004,-93,11,128,1,0,0,4ff11441fdf3fff302f502f503f304f402f500f5fef7fefafdfbfcfcfafef9fef7fdf6fcf6fcf7fcf8fbf7faf7fbf9fdfbfcfdfdfdfeffff0000000000000000000000000000000000000101040403020303030202010101020102ff04fe05fe05fd05fd07fe0afd0cfb0bfa07fb06ff09010a0007ff0100fffe00fc00fcfdfb
1416,157244213,-93,11,128,1,0,0,4ff11400f2fef4fef3fcf4fbf6fbf6fcf6fcf8fcfcfcfdfdfbfefcfefc00fa03fa05fb05fa04f803f702f702f601f700f900fbfffcfeffff00000000000000000000000000000000000000fe00fa02fb03fc02fa01fb00fefffefdfcfbfbfbfafbfbfbfbfbf8faf5fbf5fcf4fbf5fcf7fef700f7fefafafcfefc00fafafbf501
1417,157449008,-94,11,128,1,0,0,4ff11400fef0feee01f003f303f403f503f602f602f802fb00fcf9fbf8fefb00fafef8fcf6fbf6fbf7fbf9fbf9fbfafbfcfdfdfefefeffff000000000000000000000000000000000000010104060205030404050403030002fe03fd02fe02ff03fd06fc07fb07fb08fc09fd09fc08fe0600050003fe02ff03ff01fa00f703f7
1418,158165840,-93,11,128,1,0,0,4ff11441effef0fff4fcf5f8f6f8f9fcfbfcfafaf9f9f8fbf8fef901fb02fb01fb01f803f606f606f805f903fa01fb02fc02fb02fb03fe0000000000000000000000000000000000000000ff02fe03fb03fc04fd04fd02fe00fe01ff03fe03fdfffdfcfbfbf5fdf200f201f200f301f503f803fb01fc00fd01000100fffefdfc
1419,158677852,-91,11,128,1,0,0,4ff11441f000f100f101f001f200f400f600f9fef901fa04fb05fe07000900070104020400070009020701050005010503050203010000ff0000000000000000000000000000000000000100060307030602030101000100020002ff03fd03fa04fa05fa02fa01f806f705f601f602f705f707fa03fcfdfff8fff6fdf7fdf9fb
1420,158859782,-91,11,128,1,0,0,7ddee741fc01fd02ff0000ff01fe00fdfd00fc01fd00feffff00000002ff03fe03ff01ff0001ff010000010001010101010001ffff00ff00000000000000000000000000000000000000ff00ff01000001fe02ff0101f900eefef6fefffef6f8edf2f5f9fc00fe0100010100ff00fcfffcfeffffff00fc02fd03010704080200
1421,158965157,-96,11,128,1,0,0,266cc2410201020100fefeffff01000101fffffdfeffff01ff01fefffefefffefffefdfefcfefe00ff00ff01ff02ff02ff01ff00ffffffff0000000000000000000000000000000000000000010002fe03fe03fd02fc02fb03fc03fe0300fffffefcfff901fb01fe01fe01fd01ff00fefe00fe0100fdfdf8f6f8fbfb00fdfc01
1422,159301535,-38,11,128,1,0,0,1ee0010004010aff0ffd14fd17fc1afc1bfc1cfc1cfc1afc17fc13fd0efd09fc04fcfffbfaf9f6f7f3f5f1f3eff1eff0f0eff1f0f2f0fcfc000000000000000000000000000000000000fffdfff4fff2ffef00ed01eb02eb03eb03eb04ee03f102f500f9fefefb02f806f50af10def0fed11eb12ea12eb11ed0fef0df20bf409
1423,159302139,-38,11,128,1,0,0,1ee00100fa02f707f50bf20ff013ee14ed15ec16ed15ee14f011f20ef60bfa08ff05040308010d0011ff13ff1500160116011502140305000000000000000000000000000000000000000201080709090b0b0c0e0d0f0c110c110b110910070d05090405020001fa00f500f000ec01e801e602e403e303e403e602e902ed01f0
1424,159302608,-37,11,128,1,0,0,1ee00100fc05fd0cfe12fe18fe1cfd1ffd21fd22fd21fd1ffe1bfe17ff11000b0305060009fb0df610f312f214f115f116f116f316f405fd00000000000000000000000000000000000003000d011001130315041706180718081709140910070b05070202fefdfaf9f5f5f0f3ecf1e8f0e6efe4eee2efe3f1e6f3e9f5edf6f0
1425,159304493,-38,11,128,1,0,0,1ee00100fefaf9f6f5f3f2f0efedeeebedeaede9ede9eeebf0edf2f0f5f4f8f9fafefc03fd08fe0cfe10fd13fd15fc16fc16fb15fb14fe05000000000000000000000000000000000000fd01f505f306f106ee07ec07eb06ea05eb04ed03f102f502f902ff02040209030e041205150618081a091b0a1a091709140811060f05
1426,159305736,-38,11,128,1,0,0,1ee00100030309050e071208160a170b190c190d190c170b150a11080d05090205ff01fbfef7fcf3faeff9edf9ebf9eafaeafbeafcebfffa00000000000000000000000000000000000001fd06f608f50af30cf20ef10ff110f210f30ef50cf708f904fbfffdfafff500f101ec02e902e602e401e301e401e701ea01ed01f001
1427,159306876,-36,11,128,1,0,0,1ee00100f90ef610ff10000ef70feb15e219e41eeb1feb1cea16f310fd0f000c020405fc09f90df713f317f217f215f115f115f116f305fc000000000000000000000000000000000000ff02fb0cfa0ef912f815f716f617f515f313f412f90e010b070607fa02f205eb11e716ed14ef1aef1fe91ddf16db15e411ef01f4fcf8
1428,159309570,-38,11,128,1,0,0,1ee0010005020c02120117011c011f012002210220021e011a01150110000afe04fcfefaf9f8f5f5f1f2eff0edeeededeeedefedf0edfcfb00000000000000000000000000000000000001fd06f408f10aef0ced0eec0fec10ec10ed0ff00cf309f704fafffdfa01f404ef06ea08e609e30ae10be00be10ae409e808ec07f006
1429,159336003,-38,11,128,1,0,0,52200500fa05f60bf310f014ed17ec19eb1aeb1bec1aee18f115f411f80dfd08020406010bfe10fb14fa16f918f919f919f917fa17fb05fe0000000000000000000000000000000000000103060d061007130616061805190319021801140010000a000500fe01f803f204ec05e707e408e109df0adf09e108e406e805ed03f0
1430,159530174,-92,11,128,1,0,0,add77a41070005ff03ffff01fe01010106fe07f905000209070706fbfff402fb07030804050203fd00fbfffdfdfefefd00fbfcfcf801fd01000000000000000000000000000000000000fffffefdfffd00fffe00fc00fd00fefffffe00fe010102020101fefefcfdfefcfffbfefbfffd0300030202ff01fcff0001050204ff00
1431,159538804,-39,11,128,1,0,0,1ee00100f8fff301ef02eb03e804e704e603e603e703e903ec03ef03f403f903fd0502060608090b0b0d0c0e0c100c110b110a10091002040000000000000000000000000000000000000102050a050b060e05100511041103110210010e010b0107020303fe04fa06f608f20aef0bed0dec0eec0fec0eed0def0af108f405f6
1432,159540203,-38,11,128,1,0,0,1ee0010006f908f40aef0ceb0ee70ee60fe510e50fe60ee80ceb09ef05f301f7fcfaf8fdf3ffef00eb01e801e700e7ffe7ffe8feeafdfaff000000000000000000000000000000000000fcfef3faf1f9eff7edf6edf4edf3eef3f0f3f2f4f5f7f9fafbfefe030008020d031204160419041b041d041d031b021802140210020c
1433,159540825,-38,11,128,1,0,0,1ee00100f503ee08ea0be50ee110df11de11dd11de10e10fe50deb0bf109f808000707070d081209160b190d1a0e1b0f19101810160f050400000000000000000000000000000000000002030a0d0b100c130c160b180a190919081806150410030a030403fd04f605ef07ea09e50be10cdf0ede0ede0ee00de40be808ec05ef
1434,160456357,-96,11,128,1,0,0,9ff779410100ff00fc03fc03fd00fc00fd00fefffeffffff01fefffefefffe00ffff00ff0000fefeff000001fe00fd01fe00fffeffffff00000000000000000000000000000000000000fe01f803fafdfbfcfe03fd07fc08ff06ff0101010608010fff0b020301fdfbfefafffafdfbfe0000010100030304020200ff00fe0200
1435,160563369,-91,11,128,1,0,0,9aadd941fffef900fcfbfdf8fcfa00ffff03fc00fdfdffff0100ff01fe03ff030101020002fffffefeffff020001fffdfffd00fe00fc00fe000000000000000000000000000000000000ff00fe01ff0101ff00fe00ff000000000001010002fe03ff030202030102fdfffcfefdfef9fdf7fefdff0001fa0cf714fa0dfa05fa02
1436,160828305,-94,11,128,1,0,0,4ff11441f6f8f5f8f4f9f6f9f8f9f9f8f9f8faf9fafbfafefbfefc01fb03f803f704f805f804f806f807f805f903fb01fd01fd04fc06fe0100000000000000000000000000000000000001ff03fd0300040103000101020103ff02ff00fffefcfff902f702f403f304f503f705f806f705f602f701f8fff9fffbfefdfcfef9fe
1437,161237938,-92,11,128,1,0,0,4ff114000ffe11fd10ff0e000d010b0007fe0700060105ff02fdfefdfefcfdfafcfafefcfffbfef8fdf7fcf7fbf8fefa00fc00fdfefeffff000000000000000000000000000000000000fe00f9fff9fff8fdf9fcfbfdfd00fe01fe00fe00ff0100030105ff06fc08fb0bfb0dfa0dfb0bfb08fc07ff05ff030103030105000805
1438,161354058,-38,11,128,1,0,0,1ee0010008000dfe13fc17fb1bfb1dfa1efb1ffb1efb1bfb17fc13fc0dfc08fb02fafcf9f8f6f4f4f1f1eff0eeeeeeedf0edf1eef2eefcfb000000000000000000000000000000000000fffdfcf3fcf0fcedfdebfde9fee9ffe900ea01ed01f100f6fefbfc00fa05f709f40ef111ef13ed14eb15eb16eb14ed12f00ff30cf60a
1439,161354624,-38,11,128,1,0,0,1ee0010006040c05110616081a091b0a1c0b1c0b1b0b190a160812060d03080004fc00f8fdf4fbf0faecf9eaf9e8f9e7fae8fbe9fceafffa00000000000000000000000000000000000001fd04f305f107ef09ed0aec0bec0ced0cee0af108f405f801fbfdfef801f303ee05ea06e707e407e207e207e306e605ea04ee04f204
1440,161355819,-38,11,128,1,0,0,1ee0010007010dff13fe17fd1bfd1dfe1efe1efe1dfe1afe17ff12fe0efe08fc03fafef8faf5f7f2f4eff3edf3ecf3ebf4ebf5ebf7ecfdfb000000000000000000000000000000000000fefdfaf3faf1faeefaecfbeafceafdeafeebffeefff1fff6fefbfc00fa05f709f40df111ef13ee14ec15eb15ec14ee11f00ff40cf70a
1441,161405427,-38,11,128,1,0,0,1ee00100fe07000d02130318041c041e052005210420041d031a03150310030a040306fd08f80af40cf00eed0fec10ec11ed11ee11ef04fc00000000000000000000000000000000000003ff0eff100013001602170318041805160513050f050a03050000fdfbf9f7f6f3f2efeeedebebe9eae7eae6ebe7eee9f0ecf2f0f4f3
1442,161442746,-91,11,128,1,0,0,4ff11400050d050e030e030d040c0209000600050105030503040203020104ff06fd07fd07fc08fb09fb0bfc0afd07ff04ff03fe02000000000000000000000000000000000000000000fffefffa00f8fff9fffb00fc00ff0000fdfefbfefbfefafff800f702f402f101f201f500f701f802f801f800fb010005000900090205
1443,161647540,-91,11,128,1,0,0,4ff11400010a020b020eff0efc0cfc0bfc0bff090205020401030202020105ff08fd07fd07ff070005ff06fe07ff060004ff03fd03fd00ff00000000000000000000000000000000000001fe05fa05fa05fb05fc03fcfffcfcfbfdfbfefafdfcfbfdf8fcf6fcf5fcf7fbf9faf9faf7f9f9f9fbfafcfbfcfdfd00fc03fc06fe08
1444,161954762,-92,11,128,1,0,0,4ff114410b020c050b080a0608040505030703050403040402040202030003fe05fc07fb09fa09fa08fa05fa03fd03fe05ff06ff03ff00ff000000000000000000000000000000000000fefff701f701f8fff9fefafdfcfdfcfdfe00fd03fa04fb05ff080009fb09f70af908fd04fc05f905f906fd08ff09ff06ff0502070608
1445,162057161,-92,11,128,1,0,0,4ff1144109f709f509f407f206f408f707f903fb02fe02fe02fc00fcfcfafafafafbfbfafcf9fcf9fcf8fef8fff9fef9fff9fffb00fe000000000000000000000000000000000000000000010005fe05fc04fb04fc04fe03fe02ffff02fc03ff030303020204040903090106030706070605060303ff02fc05ff04ff04f907f7
1446,162261943,-93,11,128,1,0,0,4ff1140006f608f409f50af409f407f705f903f802f901fb01fd00fcfdfbfcfafafbf8fbf7fbf8fcfafcfafdfafdfbfcfbfcfbfffcfeffff000000000000000000000000000000000000ff02fe0afc07fa05f903fb03fe040104030403040404070508070707080809090a080907060304040207010403fe04ff02fd02f904fa
1447,162266253,-94,11,128,1,0,0,dddccd41030307030202fe0100ff00fe00000002ff04020a0411000cfd04f704f003f803ff01ffff00fe01fe00feffffff00fffffffe00ff000000000000000000000000000000000000000000ffffff00000101ff02fd03ff0201ff02ff030004000401020101010401060105000001fd03fc01fefffe00fdfffdfdfdfb00fd
1448,162569164,-94,11,128,1,0,0,4ff114000cfb0dfb0dfb0cfc0bfb0bfa0bfb07fc03fb01fd00fffefffefefcfcfafaf8faf9fafdfafdf9fcfafafbfafcfcfdfcfdfcfcfffe000000000000000000000000000000000000fefffcfdfdfdfcfcfdfbfffefd01fa00fb00fe02ff04fe05fe08fe0bfe0afb08f807fb07ff080009ff08ff04010203020402050007fd
1449,162876532,-94,11,128,1,0,0,4ff11400fff100effef0fdf200f202f301f5fff7fdf9fcfafbfdfcfefbfdf8fef9fdfafcfafcfafbf9fafafafdfbfefafcfbfcfefefe00ff00000000000000000000000000000000000000fe01fa03fb02fc03fe0300020002ff03fe02fc00fa00f900f801f903f904f905f906f806f905fa03fc03ff02fe00fcfbfcfafdfdfd
1450,162885449,-38,11,128,1,0,0,1ee0010007fb0af50df010ed13ea14e915e815e814e812ea10ed0cf008f303f6fef9f9fbf4fceffcebfce9fce8fbe7fae8f9e9f9ebf9fafe000000000000000000000000000000000000fcfef2faf0f8eef6edf4ecf2edf1edf0eff0f2f2f5f5f8f8fbfdfd02ff08000d01120117011a011d011f001f001eff1a00160011010e
1451,162885936,-38,11,128,1,0,0,1ee00100fe08000e02130318031c031e031f031f031e021c02180213020e0309050307fe0af90df610f312f213f114f114f314f413f504fd00000000000000000000000000000000000002fe0cf90ff812f814f816f917fa17fb16fd13fe0ffe0afe04fdfffbf9f9f4f7f0f4ecf2e9efe8ede7ece7ebe9ececeeeef1f2f4f4f6
1452,162921364,-38,11,128,1,0,0,1ee0010000fafdf5faf1f8edf7e9f6e7f6e5f6e4f6e5f7e7f8e9f9edfaf1faf6fbfcfa01f905f709f60df40ff310f211f110f10ff00efc03000000000000000000000000000000000000fd01f605f405f106ef07ed06ec06eb05ec04ee03f102f501fa02fe02030308040c061008130a150b170d170e160d140c110b0f090d07
1453,162921904,-38,11,128,1,0,0,1ee00100f9fff303ef06ea09e60be40ce20ce10de20ce30be60aea09ef07f506fb06010607070c08100a120c140d140f140f1310111004040000000000000000000000000000000000000102070a090c0a0f0a110a130a15091608150613050f030b0306030004fb04f506ef08eb09e70be50ce30de20de40ce60ae908ec07ef
1454,162922339,-38,11,128,1,0,0,1ee00100fef9f9f5f5f1f1edeee9ede7ece5ece4ede5eee7f0e9f2edf5f2f7f7f8fdf903f908f90df811f614f515f416f316f215f214fc04000000000000000000000000000000000000fe02f90bf70cf40ef210f010ef10ed0fed0eef0cf209f607fa05000306020b011101160119021c031e041f041e051b05180414031102
1455,162924052,-38,11,128,1,0,0,1ee0010002f900f2feedfde8fce4fce1fce0fcdffde0fde2fde5fdeafdeffcf4fafaf900f605f309f10cee0eed0feb0feb0eeb0deb0cfa02000000000000000000000000000000000000fd00f303f003ed03eb02e901e800e8ffe9feebfeeffef4fef900fe02030508080c0b0f0e12111413161516161515121410110e0e0c0b
1456,162956158,-41,11,256,1,0,0,6aa0060006000cfd11fa15f719f51cf31df21df21df21bf318f413f60ef708f902fafcfbf6fbf0faebf9e8f7e6f5e5f3e5f2e7f1e9f0fafc00000000000000000000000000000000000000fc01f102ef03ec05ea07e808e809e909eb09ee08f205f602fafefefa02f606f20aee0dec0fe911e812e813e912eb11ed0ff10df40ad100ececececebecebeceaeceaedeaedeaeeeaeeeaeeeaeee9eee9eeeaeeeaedeaecebecedebeeebefeaf0eaf1eaf3eaf4eaf6e9f7e9f9e9fae9fef7fffd000001000000fdfff8fcecf6ecf5edf4edf3eef1eef0eef0efeeefedefedefecf0ebf0eaf0eaf0e9f1e9f1e9f0e9f0eaf0eaefeaefebefebeeebeeebedebedebedea
1457,162959846,-40,11,256,1,0,0,6aa006000106060a0a0e0d1210141216131714171316121510130d0f0b0b0806050003fa02f502ef02eb02e703e505e406e508e609e702fa00000000000000000000000000000000000002fe0cfb0ffb12fb15fc16fd17ff1700150112010e020a01050000fefbfbf6f9f2f7eef5ebf3e9f1e8f1e8f1e8f1eaf2ecf4eff7f2fac6000ee90de80de80de80de80de80ce80ce80ce80ce80be80be80be80ce80de90ee90fea0fea0feb0fec10ed10ee11f012f113f213f414f514f607fc02ffff00ff01ff0000fd01f903ec04ec06ec07ec08ed09ed0bed0cec0dec0dec0eec0fed0fed10ed11ed11ed11ed10ed10ed10ed0fed0fed0fec0fec0eeb0eea0eea0ee9
1458,162960117,-37,11,128,1,0,0,1ee00100040509070e09130b160d180e1a0f1a0f190f170d150c110a0d07090305ff02fafff6fdf1fceefcebfce9fce8fde8fee9ffeafffa00000000000000000000000000000000000001fd06f508f30af10cf00eef0fef10f00ff10ef40bf608f903fbfefdf9fff401ef01ea02e702e402e202e102e301e601e901ed01f001
1459,163036590,-38,11,128,1,0,0,1ee0010005f906f307ee08ea09e60ae40be40ce40ce50be70aea07ed04f100f5fcf8f8fbf4fceffdecfdeafde8fce8fbe8fae9faebf9fafe000000000000000000000000000000000000fd01f306f106ee07ec06ea06e905e903ea02ed01f101f501fa02ff040307080a0b0d0e1010131115111711180f170e150b12090e080b
1460,163037251,-38,11,128,1,0,0,1ee0010008030d01130117001b001d011e021e021d021b02170213010f000afd05fa02f7fff3fdf0fcecfbeafce8fde7fee8ffe900ea00fa000000000000000000000000000000000000fdfdf5f7f4f5f2f2f2f0f2eef3edf4ecf5edf7eff9f2faf6fbfbfa00fa06f90bf70ff513f316f117ef18ee18ef16f014f211f50ef70c
1461,163037765,-38,11,128,1,0,0,1ee0010004f703f103ed03e803e504e305e205e205e205e404e803ec01f0fef5fbf9f7fdf3ffef01ec01ea02e801e701e800e9ffeafefaff000000000000000000000000000000000000fd02f608f309f10aee0bed0aeb09eb08eb07ee05f104f604fb04000405060a070e0a110c140f15111613161414131211100f0d0c0b09
1462,163038324,-38,11,128,1,0,0,1ee00100f6fff002eb04e606e206e006de06dd06df05e104e504e904ef04f505fa070009040c07100a130b150b170b18091808180717010500000000000000000000000000000000000003010d060f08110a130d130f1211111210120d100a0d0808060305fe04f704f104ec06e707e409e10ae00ce00ce10be509e807ec05f0
1463,163038901,-38,11,128,1,0,0,1ee00100fdf7f8f4f4f1f1edefeaeee8eee7eee7eee7f0e9f2ecf3f0f5f4f7f9f8fff804f808f70cf50ff411f213f113f112f011f00ffc03000000000000000000000000000000000000ff03fd0cfc0ffa11f913f714f614f513f512f60ff80cfa08fe06020307000cff11fd15fd19fd1bfe1dfe1eff1c001900150012ff0eff
1464,163039394,-38,11,128,1,0,0,1ee00100f701f305ef08eb0be80ce60de50de40de50ce70bea0aed09f207f807fd07020707090b0b0e0d0f0e101010110f110e110d11030400000000000000000000000000000000000002010c040e0510071109120b120c120d100e0d0c0a0a0706050203fd02f801f300ee00ea01e602e403e204e205e304e604ea03ed02f1
1465,163039906,-38,11,128,1,0,0,1ee00100f7fff202ee05e906e607e407e207e207e307e506e806ed05f105f705fc060108050a090c0b0f0c110d120d130c130b130a13020400000000000000000000000000000000000002010a070c090e0b0f0d0f0f0e100e110c110a0f070c0608050304fe03f903f304ee06ea07e808e50ae40be30be50ae808eb06ef05f2
1466,163041154,-38,11,128,1,0,0,1ee001000307080a0c0d10101313141414151416131611140f120d0e0b0a0905070006fb06f607f107ee08eb09ea0aea0beb0bec0bee02fb00000000000000000000000000000000000000fc02f303f104ee06ec08eb09eb0aeb0aed0af008f305f601f9fcfcf8fff301ee02ea03e603e403e202e102e301e601e900ed00f000
1467,163041859,-38,11,128,1,0,0,1ee0010000f8fdf2fbedfae9f9e5f9e3f9e2f9e1fae2fae5fbe8fbecfbf1fbf6f9fcf701f505f308f00aee0cec0deb0ceb0beb0aec09fb02000000000000000000000000000000000000fd02f709f50bf20cf00dee0ded0cec0bec0aef08f206f605fb04000306040b04100614071709190b1a0c1b0d190d160c130a10080d06
1468,163094526,-41,11,256,1,0,0,82200800fafff502f006eb09e80be50de30ee30fe30ee50ee80cec0bf009f607fc06020509040e041305170719081a0a1a0c190d180e05030000000000000000000000000000000000000002000cff0efe12fd15fb16f917f817f716f713f80ffa0bfc07000203fe07f90bf50ef211ef13ed15ec15eb15eb13ed11ee0df10af3d800151115101610160f170f160e160e160e170d170d180c180c180c180c170c170d170e160e160f140f130f1210111010100f110e120d120c1204060102fffffeffffff020006031209110a110b100c100d100f10101010101110120f120f130f140f140f150f150f140f140f14101310131013111312131312131214121412
1469,163095876,-38,11,128,1,0,0,1ee00100fa00f506f10aed0ee911e713e514e414e514e713e911ed0ef10bf708fd06030509040e041204150518061807180718081709050200000000000000000000000000000000000001020709090b0a0e0b110b140b150a16091607140511040c0307020102fb03f503ef04ea06e607e309e10ae00ae109e407e706eb05ee
1470,163113347,-41,11,256,1,0,0,82200800fb03fa09fa0ff915f81af71df71ff720f820f81ef91bfa18fc13fe0d0107050109fc0ef712f416f218f11af11cf21cf41cf607fd00000000000000000000000000000000000001010808090b0b0e0c110c140b150a16081507140511030c0207010201fc00f600f100eb00e700e400e200e100e2ffe4ffe6ffeaffeecc000efe0efd0efd0efc0efc0efc0dfc0dfc0dfc0dfb0dfb0efb0efb0efb0efc0efc0efd0efd0efe0efe0dff0dff0d000d010c020c030c030c0404010100ffffff00ff0000ff03fd09fa09fb09fb0afc0afc0bfd0bfd0bfd0cfe0cfe0cfe0cff0cff0dff0d000d000d000d000d000dff0dff0dff0dff0dfe0dfe0efe0efe0efe
1471,163141141,-94,11,128,1,0,0,1334414102010000ff01ffffffffff01060309030203fe07fd0afa09fc06ff01fbfafcfaff0200040103ff02ff01ff0000fc03f906fa02fe0000000000000000000000000000000000000000010001fe01fe00fefffdfffcfffcfffefd00fd00ff0000fffffcfefbfffe00010001fe00fd00fe0001010102fe01fd00feffff00
1472,163145433,-40,11,256,1,0,0,82200800f9faf3f8eef6eaf5e7f4e4f3e3f3e3f3e4f4e6f6e9f7edfaf2fcf800fd030207060b0a0f0d120e150f170f180e190c180b170205000000000000000000000000000000000000fc00f103ef02ec00e9ffe8fee7fce8fbebfaeefaf2fbf7fcfcfe010006020b040f071308160a180b190b190b190a160913070f050c03cd00f81bf81bf81bf81bf81af91af91afa1afa1afa1afa1afa1afa1afa1af91af81af71af719f619f517f417f415f314f213f112f011ef0fee0ef905fd0100fffffe00ff0002010802160116ff16fe16fd17fc17fa17f917f818f818f719f619f519f419f419f418f418f418f418f418f418f419f519f519f619f619f719f719
1473,163222047,-38,11,128,1,0,0,1ee0010005f807f209ed0be90de60ee40fe40fe30fe40de70beb08ef05f301f7fcfcf7fff201ee03ea04e804e603e603e602e801e900fa00000000000000000000000000000000000000fdfef4f9f2f7f0f5eef3eef1eef0eff0f0f0f3f2f6f5f9f9fbfdfe030008020d03120317031a031c031e021f021d011a01150211020d
1474,163222890,-38,11,128,1,0,0,1ee001000308080c0b100f13111712181219121911180f160d120b0e0909060405fe04f803f304ef05eb06e907e707e708e808ea08eb02fb00000000000000000000000000000000000002fe0bf80df70ff612f513f514f614f713f811fa0dfb08fc03fdfdfdf8fcf3fbeefaeaf9e6f8e4f7e3f6e2f6e4f6e8f7ebf8effaf2fc
1475,163223386,-38,11,128,1,0,0,1ee001000308060c0a110d150e180f190f1a0f1b0f190d170c13090f080a060405ff05f905f406ef07eb08e908e809e80ae90aeb0aec02fb00000000000000000000000000000000000002fe0bf90ef810f713f714f815f815f914fa11fb0dfd09fd03fdfefcf8fbf3faeef9eaf7e7f6e5f5e4f4e3f3e5f4e9f5ecf7f0f9f3fb
1476,163223844,-38,11,128,1,0,0,1ee00100f9f7f4f3efefebece9e9e7e7e7e6e7e6e8e7eae9edecf0f0f4f6f7fcfa02fc08fd0efd13fd17fc1afb1bfa1cf91af819f817fe05000000000000000000000000000000000000fd02f50bf30df00eee0fec0feb0feb0deb0cee0af208f705fc04030209010f01140219021d031f032104220520051c04170313020f00
1477,163224334,-38,11,128,1,0,0,1ee0010004f805f207ed08e809e50ae30be30ce30be40ae608ea06ee03f3fff7fcfcf7fff302ef04eb05e906e705e704e703e802ea01fa00000000000000000000000000000000000000fcfef3fbf1faeef8edf7ecf6ecf5ecf4eef4f1f5f4f7f8fbfbfefe030108040d051107150818081b081c081d071b061805140410040c
1478,163224786,-38,11,128,1,0,0,1ee00100f8faf2f9eef7e9f5e6f4e4f3e4f2e4f2e5f3e7f4ebf5eff8f3fbf7fffb03ff07020c031005140516051704180218011600150005000000000000000000000000000000000000fe02fa0cf90ef710f511f412f312f211f310f40df70afa07fe04030107fe0cfc11fb15fa19fa1bf91cf91dfa1bfa18fb14fc10fc0dfc
1479,163225261,-38,11,128,1,0,0,1ee00100f803f307f00bec0ee910e710e611e611e710e90fec0df00af508fb06000506040b041004140516061707170816091409130904020000000000000000000000000000000000000102070b080d090f091109130814081407130510040d0308020303fe03f804f305ee06ea07e708e509e40ae309e508e807eb05ef03f2
1480,163226215,-38,11,128,1,0,0,1ee0010007030d03130317041b041d051e061e061d051a05160412030d0008fe02fbfef8fbf4f8f0f6edf5ebf5e9f6e8f7e8f9eafaebfefa00000000000000000000000000000000000000fc01f202f003ed04eb05ea06ea07eb07ec07ef05f303f700fbfcfff803f406ef09ec0be90ce70de50ee50de60ce90aec09f007f406
1481,163490796,-92,11,128,1,0,0,4ff11441030e030e030f030e030b0109fe08ff050302040005ff04fe02ff03010500080008000901090008ff07ff04010202020002ff0000000000000000000000000000000000000000fe00fcfffcfefbfdfafefb00fcfffdfefefe00ffff03fd07fc07fb05f906f707f507f607fa05fc05fa06f905fb02ff0102050409040a
1482,164002803,-92,11,128,1,0,0,4ff11400f103f101f200f000ef00f2fef5fef702f904fa03fd03ff04ff0400040204020502080209ff09ff0801090207010501030201000000000000000000000000000000000000000000ff02ff05ff05ff03fe02fe02fd00fdfffcfefbfcfafdfafff800f5fff3fff2fff2fef2fef4fff600f8fffbfefafff9fcfaf9fdfdfe
1483,164531790,-92,11,128,1,0,0,4335544100f9fef8fefc0000000401050306010a04080904fe03f9fafff1faf5f6f8f8f7fbfafdfdff000000fffefbfefbff00fd07fe02ff000000000000000000000000000000000000fffffefefffefffffffffffffeffff00fe00fe01ff0000fefefefdfefcfbfefb00fe00fe00fe01ff01fd01fc03ff0201ff03fd03fb01
1484,164664789,-94,11,128,1,0,0,a5588a4100fd04fd04ff02ff02fe0000000301020000010002ff01fe02fe0201010001fe02ff03010101ff00000001000001010002ff00ff000000000000000000000000000000000000fffffcfefdfffe00ff020002fef8faf0fcf80000f8fef0fbf8fd0100010002fe00fdfe0002030104fc02fa02fc02010002fd00feff02
1485,164877901,-93,11,128,1,0,0,daaddd41fffe01ff02fe03000103000301ff01fc00fc02f105e704f301ff09fd12f807fbfdfdfffd0000fefffdfdfdfdfefdfefeffff00ff00000000000000000000000000000000000000000001000000ffffffff00fffffffefffefffffefefdfffd01fd00fcfefdfefffe03ff05ff01fffe01fe01fb00fc00fe00ff000202
1486,165036407,-38,11,128,1,0,0,1ee0010001f800f3ffeeffeaffe600e400e3ffe3ffe4ffe6ffeafeeefef3fdf9fbfefa03f707f50af20df10ff00fef10ef0ff00df00cfc03000000000000000000000000000000000000fdfff4fdf2fcf0faeef9edf8edf7eef6eff6f1f7f5f9f8fbfcfeff0202060609080d0a110c140c150d170d180c170a140911070d060a
1487,165037599,-38,11,128,1,0,0,1ee00100fd08fd0ffd14fe19fe1dfd1ffd20fc21fc1ffc1cfd18fe14ff0e0208040207fd0af90ef511f213f114f015f015f215f314f404fd00000000000000000000000000000000000003000d0210031205140615081509150a130a11090d070905040100fdfcf8f9f4f6eff4ebf2e7f1e5f0e4f1e3f2e4f4e7f6ebf7eff9f2
1488,165038773,-38,11,128,1,0,0,1ee00100f7fdf0feebffe6ffe2ffe0ffdfffdffee0ffe2ffe6ffeb00f101f703fd050207070a0a0d0d100f120f140f150e150d140b1402040000000000000000000000000000000000000003ff0dff10fe13fc15fb16fa17f916f815f912fa0efc09ff05030007fc0bf70ff412f115ef18ee1aee1aee19ef16f113f30ff50bf6
1489,165039917,-38,11,128,1,0,0,1ee00100ff08010e03140518061c061e06200620051e051c04180413040e0408050107fc09f70bf20def0fed11ec11ed12ee12ef11f104fc00000000000000000000000000000000000003ff0dfc0ffc12fd15fd17fe17ff1700160112010e020a0105fffffcfaf9f5f6f1f3edf0ebede9ece8eae8e9eaeaecedefeff2f3f4f5
1490,165066580,-38,11,128,1,0,0,1ee00100fe08ff0e00140119011d011f012100210020001d00190014010f0309040307fd0af90df410f112f014ef15ef15f014f214f305fd00000000000000000000000000000000000003ff0dfe10ff13ff1600170118031804160513050f040a02050000fdfbf9f7f5f3f1f0ededeaece8ebe6ebe5ece6efe9f1ecf3f0f5f4
1491,165548238,-38,11,128,1,0,0,1ee00100f900f404f008ec0be80de50ee40fe210e30fe40ee70ceb0af008f607fc05020508050d05110714081609170b160c150c140d04030000000000000000000000000000000000000102050a060c080f0812081408160716061605140410030c0307030104fb05f606f108ec09e80ae50ce30de20de30ce50ae909ec07ef
1492,165548793,-38,11,128,1,0,0,1ee00100fb04fb0bfb10fb16fa1af91df91ef820f81ff81df819fa15fc11ff0b0206050109fe0dfa11f814f616f617f718f817f917fa05fe00000000000000000000000000000000000002000c010e0211031404150516061607150813080f070c04080103fefffafbf5f8f1f6edf4e9f3e7f2e4f2e3f2e3f4e6f6e9f7ecf8ef
1493,165549347,-38,11,128,1,0,0,1ee00100fafef401ef04ea06e608e308e108e008e108e207e606ea05ef04f504fb04010506070a090e0b110d120f1210111110110f1103040000000000000000000000000000000000000102050a060d06100612061506160517041603140210010c0207030204fc06f708f20aed0cea0ee810e611e510e60fe90deb0bee09f1
1494,165578290,-38,11,128,1,0,0,1ee0010004f904f304ed05e906e507e308e108e108e107e407e705eb03f0fff5fcfaf8fef401f003ec05ea06e806e705e704e803e902fa00000000000000000000000000000000000000fc00f200efffecfeeafde9fce8fbe8faeaf9edf9f1faf5fcf9fffd030207060b090f0b130d160e180e1b0e1c0d1b0b180a140811070d
1495,165580601,-38,11,128,1,0,0,1ee0010001f8fef2fcedfbe8fae4fae2fbe1fbe0fbe1fce3fce7fcebfcf0fbf6fafbf801f605f309f00cee0dec0eeb0eeb0deb0beb0afb02000000000000000000000000000000000000fd01f406f207ef07ec07ea07e906e905ea04ec03f002f501fa02ff0305050a070e09120b150d170f1811191217121410120e0f0b0c08
1496,165581238,-38,11,128,1,0,0,1ee0010007010dff12fe17fd1bfd1dfd1ffd1ffd1efd1cfd18fd14fd0ffd09fc04fafff8faf6f6f3f4f0f2eef1ecf2eaf2eaf4ebf5ebfdfb000000000000000000000000000000000000fefdfbf3fbf1faeefaebfbe9fce8fde8fee9ffecfff0fff4fef9fcfffa04f709f40df111ef13ed15eb16ea16eb15ed13f010f30df60b
1497,165581537,-38,11,128,1,0,0,52200500fdf8f8f4f4f1f0ededeaece8ece7ece7ece7eee9f0ebf2eff5f4f7f9f9fffa04fa09fa0ef912f815f716f616f516f515f413fd04000000000000000000000000000000000000fe02f80bf60cf40ef20ff010ef10ee0fee0df00bf308f706fb04010306020c011101160119011c021e031f041d041a04170413031002
1498,165783378,-38,11,128,1,0,0,1ee00100fbfbf5fbf0faecf9e9f8e7f7e6f7e5f6e6f6e8f7eaf8eefaf2fcf6fefa01fe050109030d04100512051404150315021401130004000000000000000000000000000000000000ff02fe0bfd0dfd0ffb11fa12f913f913f812f80ffa0cfc09fe05020205ff09fc0df911f714f616f518f519f518f616f713f910f90dfa
1499,166255662,-93,11,128,1,0,0,4ff11441f9f9f9f5fcf5fef8fcfafbf9fbf9fcf9fdfafdfbfcfbfcfcfbfdfb00f902f701f9fefcfafdf9fdfbfcfdfbfefbfefcfdfdfdffff000000000000000000000000000000000000fffffffe02fc03fb04fb04fb03fd00fe02fd06fd02fdfefd02ff06fd03f700f601f901fa01f903f604f502f701f900fafefbfdfcfefb
1500,166256361,-93,11,128,1,0,0,fee99f41ffff000001030002fdfffcfeff0001010103020401040102fffffcfefeff00000000fffffffd00fe00fffefffeff000001000000000000000000000000000000000000000000ff00fe00fd00ff00010002ff08020e070705ff00f5feedfff501fc00fbfffcff010002020103020103ff03ffff02fc03fc04fd04fc02
1501,166256683,-93,11,128,1,0,0,b1122b41fcfefe000000ff01fe02fe01ff00ff00ff01fe03fd03fffefffcfdfffc01fe00ff00fdfffbfffdfffdfffe0000010100ff00ff0000000000000000000000000000000000000000000101000000fe00fd00fdf800f103f90202000bf912f307f9fc00fe0100010002fffffffc00ff000101000100fdfff600f601feff
1502,166257631,-92,11,128,1,0,0,daa88d4101fd02ff020201020202020000fefffe010002030103ff00fd00fb01fb02fe02010000fefffe00ff01fe00fefffefffefeffff00000000000000000000000000000000000000ffff00ff02000101ff02ff02f7feeff7f6f900fd03f503eb00f5ffff00fd01fd020002ff01fe02010101fffefeffff00fc02f904ff00
1503,167952282,-94,11,128,1,0,0,98811941fefffefafbfcfafff9fcfcf900fc00fffffe01fd01fdfffe000002000200010302040002fdfffffe01fe01000001ff00fefeffff0000000000000000000000000000000000000003000afd04fc01fcfdfafcfa00fd01ff00fffefffcfefd020004010100ff00fd02fb03fefefffb00fe0003020b05110109fc01fcfc
1504,167954305,-91,11,128,1,0,0,e9977e41ff020003030404020400040001fe00fc00fcfffdfefffffe00ff0000fe00fd00ff0000000002fe03fe0100010100fffffd00ff000000000000000000000000000000000000000100040103fe01fe00ffff00ff0000ff01ff0101ff01fffe02fe03fe01fd00fc01ff0000fefefefefeff00fe04f407ed03f200f603fa
1505,167954874,-93,11,128,1,0,0,6ee556410001fffffefd00fdfffeff000001fffffffd01fe01ff01fe03fe02fd00ff000000fffffdfefd00fe00ffff00ff0000ffffffff000000000000000000000000000000000000000100040201fffffefefefefe01ff03010502030201ff01feff00000203ff03fd01fffe00fcfcfcf9fcfbfdfff3fbe9f7f501ff0dfc0d
1506,171180636,-38,11,128,1,0,0,1ee00100fa01f606f30bef0fec12ea13e915e815e815e913eb11ee0ef30cf808fd06030408030d0312031503170418051706170716080502000000000000000000000000000000000000020109080a0a0c0c0e0f0e110e120e130c130b11080e060b0506030002fb02f501ef02ea02e603e304e104e005e104e404e703eb02ee
1507,171181217,-38,11,128,1,0,0,1ee0010004fb05f506ef07ea08e609e30ae20ae10be10ae309e608ea05ef02f4fff8fbfdf600f203ed04ea05e805e705e704e702e802fa00000000000000000000000000000000000000fdfff3fef0fdedfcebfbe9f9e9f8e9f7eaf6ecf6f0f8f4faf8fdfc010005030a060f08130a170b1a0b1c0b1d0b1d091a081707140610
1508,171183036,-38,11,128,1,0,0,1ee0010005fe08f80bf30eee11eb13e914e715e614e713e812eb0fee0bf206f501f9fcfbf6fdf1feedfeeafee8fde6fce6fbe7fae9fafafe000000000000000000000000000000000000fdfef5f9f3f7f1f5eff2eef1eeefeeeeefeef1eff4f2f7f5f9fafbfffd04ff0a001000150019001cff1eff20fe1ffe1cfe19fe15ff12
1509,171195831,-38,11,128,1,0,0,52200500f9fcf3fdeefee9fee5fde2fde1fce0fce1fce3fce6fdeafdeffff501fa03fe06020a050d081009130915091608160716061501050000000000000000000000000000000000000002020c020f0211021401160017ff17fe16fd14fd10fe0c0007030206fd08f80cf410f113ef15ed17ec18ec17ed15ef12f10ff30cf5
1510,171198961,-38,11,128,1,0,0,52200500fbfaf5faeff8ebf6e7f5e5f3e4f2e3f2e4f2e6f3e9f4edf6f1f9f5fdf901fc06fe0aff0f00120015ff17fe17fd17fd16fc16fe050000000000000000000000000000000000000003000c000f0012ff14fe16fc17fb17fa15fa13fb0ffd0bff07020306fe0afb0ef812f516f419f31bf31cf31bf418f615f712f80ef9
1511,171401227,-38,11,128,1,0,0,1ee00100fafbf4fbeffbeafae6f9e4f8e2f7e1f7e2f7e4f7e7f7ebf9effbf4fef802fc06ff0a010e031203140317021801180017ff16ff050000000000000000000000000000000000000002030c030e03110314021601170017ff16fe14fe10ff0c0108030306fe09f90df610f213f016ef18ee19ee18ef16f114f211f40df6
1512,171402335,-38,11,128,1,0,0,1ee00100fef9faf5f6f1f2eef0ebefe8eee6eee6eee6f0e7f2eaf4eef6f2f7f7f8fcf902f907f70cf60ff412f313f114f113f011f010fc04000000000000000000000000000000000000ff02fb0cfa0ef810f712f513f413f313f212f310f50df80afc07010406020b0010ff14ff18ff1bff1e001e011d011a01170114011101
1513,171402804,-38,11,128,1,0,0,1ee0010006fd09f60cf10eeb11e813e514e415e415e414e612e90fed0bf106f400f7fbf9f5fbf0fbebfbe8fae6f9e5f8e6f7e7f6e8f5fafd000000000000000000000000000000000000fcfff2fdeffcecfbe9fae8f8e7f7e7f6e8f5ebf5eff7f3faf7fdfb02ff07020c04110616071a071d072007210620051d041a04150311
1514,171403298,-38,11,128,1,0,0,1ee0010002f900f3ffeefee9fee5fee3fee1ffe1ffe1ffe3ffe6ffeaffeffdf4fbf9f9fef602f205ef08ec09ea09e909e908e907ea06fa01000000000000000000000000000000000000fd01f506f307f008ed08ec08ea08e907ea05ec04f003f403f803fe04030508070d09110b140d160f1711181216121411110e0f0c0d09
1515,171404292,-38,11,128,1,0,0,1ee0010002f900f4feeefdeafce6fce3fde1fde1fde1fde3fee6feeafeeffdf4fbfaf9fef602f206ef08ed0aeb0aea0ae909ea08ea06fa01000000000000000000000000000000000000fd01f607f308f10aee0aec0aeb0aea09eb07ed06f005f404f903fe04040409060d08120a140c160e180f19111711150f130d100a0d08
1516,171405259,-38,11,128,1,0,0,1ee0010006010cfe11fc15fa19f91cf91df91ef91ef91bfa18fb14fc0ffc0afb04fafff9fbf6f7f4f4f1f2eff1edf2ebf2ebf4ebf5ebfdfa000000000000000000000000000000000000fefdf7f6f6f4f5f1f4eff4edf4ecf5ebf6ebf8edfaf0fbf4fbf9fbfefb04fa09f80ef713f516f318f219f11af119f216f313f510f70e
1517,171405769,-38,11,128,1,0,0,1ee0010007020dff13fd18fb1dfb1ffb21fb22fb21fb1ffc1cfc17fc12fc0cfc05fa00f8fbf5f6f2f3eff2ecf1eaf1e9f2e8f3e8f5e9fdfa000000000000000000000000000000000000fefdf8f3f7f1f5eef5ebf5e9f6e8f7e7f8e8faeafbeefcf3fcf8fbfefa04f80af60ff314f117ef19ed1bec1bec1aee17f015f312f50f
1518,171406298,-38,11,128,1,0,0,1ee0010005030b021102150219021c031d031e041e041b031803140210010aff06fc01f9fef6fcf2faeef9ecf9e9f9e8fae8fbe9fce9fffa000000000000000000000000000000000000fefdfbf4faf1faeefaecfbeafce9fde9feeaffecfff0fff4fef8fcfdfa02f707f40bf10eee11ec12ea14e914e913eb10ee0ef00cf30a
1519,171406932,-38,11,128,1,0,0,1ee00100fb05fc0bfd11fd16fc1afb1cfb1dfa1efa1dfa1bfb18fc14fd10000a030606010afe0dfb11f913f815f816f817f916fa15fb05ff00000000000000000000000000000000000002ff0cfe0efd11fe14fe15ff16001601150213020f020b0107ff02fcfef9f9f6f5f2f2eff0ecefeaeee8eee7efe8f1e9f3ecf5f0f7f3
1520,171407448,-38,11,128,1,0,0,1ee00100fc06fd0cfe11fe15fe19fe1cfd1dfd1efd1efd1bfd18fe14ff0f010a030507010afd0dfa11f713f615f616f716f816f915fa05fe00000000000000000000000000000000000002ff0cfc0efc11fb13fb15fc16fd16fe15ff13000f000bff06fe01fcfdfaf8f7f4f4f0f1eeeeedececeaebe9ece9efebf1edf3f1f5f3
1521,171407950,-38,11,128,1,0,0,1ee00100fa05f90cf812f717f61bf41df31ff220f21ff31df419f615f910fd0b020706030b0010fe14fc17fb19fc1afd1afe19ff1800060000000000000000000000000000000000000003000e011001130216041705180618081708140810070b04070103fdfef9fbf4f8eff6eaf4e6f3e3f2e1f3e0f4e1f5e4f7e7f8ecf9ef
1522,171409243,-38,11,128,1,0,0,1ee0010005030b031104150519061b061c071d071c071a07170613050f030a0005fd02f9fef5fcf1faeef9ebf9e9fae8fbe8fce9fdeafffa000000000000000000000000000000000000fffdfff300f100ee01eb02ea03e905e905ea05ed04f103f500f9fdfdf901f505f108ed0bea0ce80de60ee50ee60de80beb0aef08f207
1523,171410587,-38,11,128,1,0,0,1ee00100f903f609f30ff013ed17eb18ea19e91aea19eb17ed14f111f50dfa0a000706040b0311021502170319031a041a0519061707050100000000000000000000000000000000000002010c060e08110a130c140e1410131112110f0f0c0c0808050403fe01f8fff2feedfde8fde4fee1fedeffdd00df00e200e600eaffee
1524,171411730,-38,11,128,1,0,0,1ee0010003fa03f404ee05ea06e607e407e208e208e307e506e804ec02f100f5fcfaf9fef501f104ee05eb06e906e906e905e904ea03fa00000000000000000000000000000000000000fcfff3fff0feeefdebfceafaeaf9eaf8ebf7eef8f1f9f5fbf9fefd020106050a070e0a120b150c180c1a0c1b0b1a0a1708140711060d
1525,172362494,-28,11,128,1,0,0,6ff006000fec0fec0fed0eed0eec0dec0ded0ced0cec0cec0bec0bec0bec0bed0ced0ced0ced0cee0cef0bf00bf10bf10bf10bf20bf302fc00000000000000000000000000000000000002fc0af00bf00bf00cf00cf00df00df00ef00ff00ff010ef10ef10ef10f010f010ef10ef0ff00fef0fef0fef0fee0eee0fed0fec0fec
1526,172718626,-38,11,128,1,0,0,1ee00100fd04fe0b00100115011a011d011e0120001f001d001a00150011010b0305050008fb0af60df30ff111f013f013f013f213f304fc00000000000000000000000000000000000002000c000e00110114011503160416051605130510050c03070102fefefaf9f7f6f3f2eff0eceeeaede8ede7eee7f0e9f2ebf3eef5f1
1527,172750655,-38,11,128,1,0,0,1ee00100010507090c0d1011131514171619161a1619141712150f110c0d0908060205fc04f603f104ec04e905e706e607e608e709e802fa00000000000000000000000000000000000001fd08f60af40cf20ff111f013f014f114f213f40ff70bf906fb00fcfafdf4fdeffde9fde5fce2fbdffadff9e0f9e3fae6fbeafcedfd
1528,176086325,-95,11,128,1,0,0,4ff1144103fc03ff01fffffdfefbfbfbf9faf8fbf6fdf7fff8fffafffa00fafefbfdfcfffd01fd01fe00fffe01fe02020402040104000100000000000000000000000000000000000000ff00ff00fd00fbfefbfdfcfffd00fefffcfefbfefbfffcfffa00fb01fe0300040204020202010501050203020202040008000a010804
1529,176470843,-93,11,128,1,0,0,e2200e4103fd01f901fb00ff0002ff06ff0702030001fb0bfa14fe0800fdfff5fdeefdf9ff02fe01fd00fe01ff02ff02ff01fe00ffff00ff0000000000000000000000000000000000000000000101ff02fd01feff01fe02fe01fe02fe0301fe03f8fff6fbf800fa03fb00fefb00fcfd02fe0001fd03fd06fc03fffe02fcff00
1530,176473217,-91,11,128,1,0,0,eddffe41fe01fc00fc00fd00fc02fa03f901fc010102f504e806f202fd000afd16f70cfb01fffffefe00ffff00fe01ff01010001fe01ff00000000000000000000000000000000000000fffffefd00ff010000fffe01fd01fefffefefefd00fc00fcfefcfdfcfeff0101ff01fdfefdfdffff00fd00fd02ff04fefcfff103f503
1531,176813289,-38,11,128,1,0,0,1ee0010006040c02110017ff1b001d001f0120011f021e021b02170212010dff08fc03f900f5fdf1fcedfbeafbe8fce7fde6fee7ffe800fa000000000000000000000000000000000000fdfef5f7f4f5f2f3f1f0f0eef0ecf1ebf3ecf5eef7f0f8f4f9f9f9fef904f909f70ef513f416f218f01aef1bef19f017f114f411f60f
1532,176814471,-38,11,128,1,0,0,1ee0010007fe0af80cf30fef12ec14ea16ea17e917ea16ec14ee11f10df308f503f7fef8f9f8f4f7f0f5edf4ecf2ecf0ecefeeefefeffbfb000000000000000000000000000000000000fc00f202f002ed02ea01e901e8ffe7fee8fdebfdeefdf2fef600fa03ff07020b050f07140917091a091c091e081d071b061705140411
1533,176815813,-38,11,128,1,0,0,1ee0010006040c02110016ff1a001d001f0120011f021d021a02160212010dff08fc04f801f5fff1fdedfdeafde8ffe700e701e702e800fa000000000000000000000000000000000000fdfef4f9f2f8eff6eef4edf2edf0eeefefeff1f0f4f3f6f6f8faf9fffa05fa0af90ff814f717f519f31cf21cf11af218f415f612f80f
1534,176817004,-38,11,128,1,0,0,1ee0010007ff0bfa0ff612f315f018ef1aef1bee1aef19f116f213f40ff609f704f8fff7faf6f6f4f2f2f0f0efeeefedf0ecf1ecf2ecfcfb000000000000000000000000000000000000fcfff2fff0feedfeebfce9fbe9fae9f8eaf7ecf8f0f9f3fbf7fefa02fd06000b021003150318031b031d021f011e001b001800150112
1535,176828068,-38,11,128,1,0,0,5220050007000cfc11f915f719f61cf51ef51ef51ef61cf619f815f910f90afa04f9fff8faf6f6f3f3f0f1eef0edf0ebf1ebf2ebf4ebfdfa000000000000000000000000000000000000fdfef4f8f2f6f0f4eef2eef0eeeeefedf1edf3eff5f2f8f6fafafb00fc06fc0bfb11fa16f919f81cf71ef61ef51df61af717f913fb10
1536,176830499,-38,11,128,1,0,0,5220050002fa01f300ed00e800e400e101df01de01df01e101e401e9ffeefdf4fbfaf8fef503f206ee09ec0aea0be90be80ae808e907fa01000000000000000000000000000000000000fd00f303f004ed04ea04e803e702e601e700eaffeefff2fff701fd03020507080b0c0f0f12121414151716181517121510130e0f0b0c
1537,176844579,-38,11,128,1,0,0,5220050006fe08f80bf20eed11ea13e814e615e615e614e712ea0fee0bf106f501f8fcfaf6fbf1fbedfbeafbe8fae7f9e7f8e8f7e9f7fafd000000000000000000000000000000000000fdfff3fcf0fcedfaeaf8e9f7e8f5e9f4eaf3edf4f0f6f4f9f7fcfb01fe06010b031004150519051c051f0421031f031d031a03160312
1538,177047511,-38,11,128,1,0,0,1ee0010006fd08f70bf10ded10ea12e813e714e713e712e910ec0def09f205f500f8fbfaf6fbf1fbeefbebfae9f9e8f8e9f7eaf7ebf6fbfd000000000000000000000000000000000000fdfff3fff0feedfdebfce9fbe9f9e9f8eaf7edf7f0f9f4fbf8fefc02ff06020b041006140718071a071d071e061d051a041704140310
1539,177049345,-38,11,128,1,0,0,1ee00100fe06020b0510081409180a1b0a1c0a1d0a1d091b07180614050f050a050406ff08fa0af50cf20ef00fef11ef11f011f111f204fc00000000000000000000000000000000000002fd08f70af50df30ff211f213f214f313f412f60ff80bfa06fb00fbfbfbf5fbf0faebf9e8f7e5f6e3f5e2f4e4f4e6f4e9f6edf7f0f9
1540,177053861,-38,11,128,1,0,0,1ee0010006ff0afa0df611f215f017ef19ee1aed19ee18ef15f112f30ef508f703f9fdf9f8f9f4f8f0f6eef5ecf3ecf2ecf1edf1eff1fbfc000000000000000000000000000000000000fdfef4fbf2f9eff8edf6ecf4ebf3ecf1edf1eff2f2f4f5f7f8fbfb00fd05fe0bff10ff150019ff1cfe1efd1ffd1efd1bfd18fe15fe12
1541,177858073,-93,11,128,1,0,0,86666841ff0100fd02fc01fdfffefe00fe01fdfefffcfffeff01000101ff000000000000ff00ff000002ff030001000000ff00ff01fe00ff000000000000000000000000000000000000fffefffd01fe02fe03ff0201fcfcfaf6fffd03020a0011fd0afc00fefefdfffd03fc03fa01fafffe010001010000010102030003ff03
1542,177962393,-94,11,128,1,0,0,faa00f41000004fe060003010101fe01fc00ffff00ff00ff00ffff01ff0000fd01fcfffdfcfdfcfe00000202020000fffffffefffefeffff00000000000000000000000000000000000000ff02ff01fd02fe0100fe03fe02fefffefefefffc00fcfffe00fd03fc02fd00fc00ff0302030100fd00fc01f6fdf0faf7fefe010001
1543,177963644,-91,11,128,1,0,0,e4444e4102ff01feff00ff01ff00ffffff00ff01fefffdfefffd00fefffefefeff00fe01fd00feffff00ff00ffff00fdfffcfefdfeffffff000000000000000000000000000000000000010003000100010101010100000100040004000100000000000001ff02ff010000fe00fe02010203010000fcfa05f510f50ef608f902
1544,177966457,-92,11,128,1,0,0,effffe41fc01ff010101fd01f901fa00fcfffdffffffffff00fe01ff000000ff01000102010100ffff00ff0000ff00fdfffffdfffcfdfeff000000000000000000000000000000000000fffefefc01ff020003fe02fe00fefffffefffffffffefffc00fc01fefefdfafdfbfbfdfafdfbfefe02010203f709f00ef706fc00fd02
1545,179260823,-93,11,128,1,0,0,4ff11400f400f602f905fe050104000301030406060a060c040e040e020d000a00080208020801070204050205ff04ff04ff05ff05010100000000000000000000000000000000000000fefffa00fafff9fdf9fdf8fdf7fff5fff6f9f9f6fbf6fbf8fcfafcfbfdfdfdfffd02fd02fc01f901f702f304f005f206f109f109f608
1546,179363230,-91,11,128,1,0,0,4ff11400fcf9fbfdfafffa00f902f904f908fa0bfb0af808f505f605f707f706f805f903fe0201050006fe03000205030801090109020200000000000000000000000000000000000000010004ff04fe06ff07ff05fe07fe09fe0801060108020a0409040703060003ff03fc00f9fdf9fcf7fbf4fcf3fcf1faeffaf1fcf3fdf0
1547,179568036,-94,11,128,1,0,0,4ff11400fafffbfffbfffa01fa03fc05fd08fe0afd0bfa0af80af909f906f805f704f703f903fc04ff03000300020101020103030305000100000000000000000000000000000000000000000001fcfffbfdfbfbfbf9f9f8f9f9fcfafffbfdf8fcf6fdf6fdf8fefb00feff00fc00fa00f902f803f802f401f0fff0fdf2fdf202
1548,179622171,-93,11,128,1,0,0,fddeef41fe03ff0300fffffbfef9fff9fff800f804fb060003fbfbf7f8fa02fd09030804050302ff00fb00fdfffd01fa05fb02fbfcfafefe00000000000000000000000000000000000000ff01ff00ff00ff0001ff01ff01ff010001010100010000fd00fc01ffff03fd01fefe00fd00fcfffb00fe0001fe02fe0002fd04fc03
1549,179625333,-91,11,128,1,0,0,844dd84101050205010200fdfef501f507fa06fa01fafcfcfb00fd01ff0002fe05000404ff09000d010afc0afa07fbfd00f9fffbf9fffd00000000000000000000000000000000000000ff00fe0000ff01fffffffe00fe00ff02ff03ff02ff04ff04fe01fdfefdfefc00fcff00fe03000102fe02000002ff01ffffffff010003
1550,179884562,-38,11,128,1,0,0,1ee0010005fd09f70df210ee13eb15e916e817e717e816ea13ec10ef0bf306f601f9fbfcf6fdf0feecfee9fee6fde5fce6fbe7fae8f9fafe000000000000000000000000000000000000fdfdf6f6f4f4f3f1f1eff1edf1ebf2ebf3ebf5edf7f0f9f5fbfafcfffd05fd0bfd11fd16fd1afc1dfb20fb20fa1ffb1cfb18fd14fe10
1551,179884993,-38,11,128,1,0,0,1ee0010005fd08f80af30def0fec11eb12ea12e912ea11eb0fed0cf009f405f700fafbfcf7fef2ffeeffecffeafee9fde9fceafbeafbfafe000000000000000000000000000000000000fdfef6f9f5f8f3f6f1f4f1f2f0f1f1f0f2f0f4f2f6f4f9f7fbfbfc00fe05ff0a000f001300160019ff1bff1cfe1bfe18fe15ff12ff0f
1552,179885514,-38,11,128,1,0,0,1ee0010006000cfd12fb17f91bf71ef720f721f720f71ef81af916fa10fb0afb04fbfefaf8f8f3f6eff4edf2ebf0ebeeecedededefedfbfb000000000000000000000000000000000000fffcfbf3fbf0fbedfbeafbe8fce7fde7fde8feeaffeefff3fef8fcfefa03f809f50ef212f015ee18ec1aeb1aec19ed16f013f210f50d
1553,179885961,-38,11,128,1,0,0,1ee0010005020c01130018ff1cff1fff21ff22ff21ff1f001b00160011ff0bfe05fcfff9faf6f6f3f2f0f0edefebefeaf0e9f2eaf3eafdfa000000000000000000000000000000000000fffc00f200ef00ec01ea02e803e704e705e805eb04ef03f300f8fdfdfa02f606f10aed0eea10e812e513e414e512e810eb0eee0cf20a
1554,179886525,-38,11,128,1,0,0,1ee0010001f9fef3fcedfbe8fae3fae1fadffadefadffbe1fbe4fce9fceefcf4fbfbf901f706f40af10eef10ed11ec11eb10eb0feb0efa03000000000000000000000000000000000000fd00f303f003ed03ea03e803e702e701e700eaffeefff300f801fd03030508080d0b110e14111613181518161715151312110f0e0d0b
1555,179887050,-38,11,128,1,0,0,1ee00100f901f406f00aec0de910e611e412e312e412e611e90eec0cf10af707fd05030409040e051206150717081809180a160b150b05020000000000000000000000000000000000000102070a090c0a0f0b110c130b150a16091508130610040b0306030003fa03f404ef05ea06e607e409e20ae10ae209e408e806ec05ef
1556,179912152,-38,11,128,1,0,0,1ee00100030409080f0a140d170f19111a121b121a121810150e110b0d08090304fe01fafef5fbf0faecf9e9f8e7f9e6fae6fbe7fbe8fffa00000000000000000000000000000000000002fe0bfa0ef911f814f815f816f917f916fa14fb10fd0bfd06fe00fefafef4fdeefce9fbe6fae3f9e1f9e0f8e1f8e4f9e8faecfbf0fc
1557,179938646,-38,11,128,1,0,0,1ee001000006040b080f0b130d170e190e1b0e1c0e1b0d190b160912070d0608050204fc05f705f207ee08eb09e90ae80be90beb0cec03fb00000000000000000000000000000000000002fe0bfa0df910f812f814f815f916fa15fb13fc0ffd0bfe06fe00fdfbfcf6fbf0f9ecf7e9f5e6f4e4f2e4f2e5f2e8f3ebf5eef7f1f8
1558,179941273,-38,11,128,1,0,0,1ee001000006040b080f0b130d170e190f1b0f1b0f1b0d190b160a12080d0608050204fc04f705f206ee07eb07e909e80ae90aea0beb02fb00000000000000000000000000000000000002fe0bfb0efa11fa13fa15fa16fb16fc15fc13fd0ffe0bfe06fe01fcfbfbf6faf1f8ecf6e9f4e7f3e5f2e4f1e5f1e8f2ebf4eef6f0f8
1559,179967854,-38,11,128,1,0,0,1ee00100fdfbf7f8f2f6edf4eaf2e7f0e6efe5eee6eee7efeaf0edf2f1f6f5faf9fefc03fe08000d0111021401160018ff18fe17fd17ff05000000000000000000000000000000000000fe02f90af80cf60ef310f211f011ef11ef10f00ef20bf608fa06ff03040109000ffe14fe18fd1bfd1dfd1ffe1efe1bfe18ff15ff12fe
1560,179969620,-38,11,128,1,0,0,1ee00100030309020f02150219021c031e031f041e031c031903150211010c0006fe01fbfdf7f9f4f7f1f5eef4ecf4eaf5eaf6eaf7eafefa00000000000000000000000000000000000000fd00f401f101ee02ec03ea04e905e906e906ec05ef04f301f7fefcfb00f704f307ef0aeb0de90ee70fe50fe60ee80deb0cee0af109
1561,180080033,-92,11,128,1,0,0,4ff1140006050604040102fd02fb02fc04fb05f903f804f605f604f806f809f809f707f805fb02fcfffcfdfefbfffafffafffafdf9fdfeff000000000000000000000000000000000000ff000001ff00fd03fa05f804f905f906fa04fb02fa02f703f603f8fffb00fe0300030104030205030505040703080508080508050a0a
1562,181411292,-91,11,128,1,0,0,4ff11441fcfaf9f8f7fdf800fcfffd00fb02f905f605f503f403f503f603f603f501f700fa00fb01fc00fefefe00fe02fe04ff04ff03ff00000000000000000000000000000000000000fefffcfcfffb02fb02fa02fa01fb03f906f707f607f807f906fb05fd03fd02fc02fbfefbfefcfdfbf9f6f7f3f8f5f8f6f8f5f8f6f7f7
1563,182062224,-93,11,128,1,0,0,f6622f4100fe02ff00fcfefdfe00fd01fe01fd02ff030001fe00fe01ff01ff01fe01ff01010000fe00fc03fe030101030001fffffffeffff000000000000000000000000000000000000fffd00fa0300060507060aff09fafffaf9fbfbfb06f50df203fbfafdfaf9fffb03ff06010600fdfafafbff0002040106020603040002
1564,182272898,-89,11,128,1,0,0,666ff64100fd04fe0402020101fe00fc02ff00fffdfbfaf0f7e7f9f0fffa0af511f009f600fd0100030103fe01fdfeffff00000000ffffff000000000000000000000000000000000000fffffffefefffe00fd02fe01ff00ffff00000301030001fe01010103fffffdfefcfdfffefe00fcfefefeff0002fe04fb01fc00000306
1565,182273614,-90,11,128,1,0,0,fccfff41fd00fdfffd0000000000000002ff04ff0400080b0b1805100002fef5fae9fbf5ffff00ff00ff00fefffeffff00ff01ff02ff00ff000000000000000000000000000000000000ff00fe01fefffffefffdfffbfffb00fd0000fffefcfffb00feffff000001040009010603010201ff02fafff8fdfdfd02fc04fd030100
1566,182444586,-40,11,128,1,0,0,1ee0010006090c0b100d140f16121714171516151514131311110e0d0c090a0409ff09fa0af50bf10dee0fed10ed12ed12ef12f012f204fc000000000000000000000000000000000000fefdf7f5f7f3f6f1f5eff5eef6edf7ecf8edfaeffbf3fbf6fafbf8fff704f408f10bed0eeb0fe910e610e610e70eea0ced0af109f408
1567,182446657,-40,11,128,1,0,0,1ee0010007f708f10aec0ce90ee610e511e511e511e610e80eeb0bef06f202f5fdf6f8f7f3f7eff6ecf4ebf3eaf1ebf0ecefeeeff0effcfb000000000000000000000000000000000000fe02f80af60bf40df20df00eef0dee0cee0af009f407f806fd06020706070b090e0c110f1311141315151415121510130e100c0c0b09
1568,182447949,-40,11,128,1,0,0,1ee00100fef3fbeff9eaf7e7f6e3f7e1f7e0f8e0f9e1fae4fae7fbecfaf1f9f7f7fcf400f103ee05ea07e807e606e605e704e802e901fa000000000000000000000000000000000000000003000d000fff11fe13fd14fc14fb14fa13fb10fc0dfe09020606030a010eff13ff17fe1afe1cff1e001e011c021902150211000eff
1569,182448502,-40,11,128,1,0,0,1ee00100060a0b0c0f0f12121515151715181418131711160f130d0f0b0a090509ff0afa0bf60df210f012ef13ef14ef14f114f314f404fd000000000000000000000000000000000000fdfdf7f4f7f3f6f0f6eef6ecf7ecf8ebfaecfbeffbf3fbf7fafbf800f604f307ef0aec0de90ee70ee50ee50de60ce90aec09f008f407
1570,182449079,-40,11,128,1,0,0,1ee001000b03100116001a001d011f0220031f031e031c03180313010fff0afc06f903f501f000ec00e900e702e603e604e605e805e901fa000000000000000000000000000000000000fcfff2fcf1fbeffaedf8ecf7ecf5edf4eff4f2f6f4f8f7fbf800fa04fb09fb0efa13f917f819f71bf51cf41cf41af617f714fa10fc0d
1571,182487623,-41,11,128,1,0,0,5220050007f80af20ded10e912e614e415e415e414e613e810ec0cef07f302f7fcfaf6fcf1fdecfde7fde5fce4fbe4f9e5f8e7f8e8f7fafd000000000000000000000000000000000000fdfff3fcf1fbeff9edf8ecf6ecf5edf5eef5f1f6f4f8f8fbfbfffe040009020e04130518051b051d041f041f031e031a02160211020d
1572,182489626,-41,11,128,1,0,0,522005000afd0ff914f619f41cf31ef31ff320f31ef41bf517f712f80cf906f9fff9f9f8f4f6eff4ecf2eaf0e9efeaedebedededefeefcfb000000000000000000000000000000000000fefdf8f5f7f3f6f1f5eff5edf6ecf7ecf8edf9effbf3fbf8fcfdfb02fb08fa0df812f716f519f41bf31cf21cf31af417f613f90ffb0c
1573,182491428,-41,11,128,1,0,0,52200500f6fff000eb01e702e302e202e101e101e201e500e900ed00f301f803fe050308070b0a0e0d110e130e140d150c150a14091302040000000000000000000000000000000000000002030a030c030f03100212021301120011000f000b0007020304ff06fa08f60af20def0fed11ec12eb13eb12ed10ef0df10af407f6
1574,182493200,-41,11,128,1,0,0,522005000aff10fb15f91af81df71ff720f720f81ff81cf918fa12fb0cfb06fb00f9fbf7f5f5f1f2efefedededecedeaefeaf1ebf2ecfcfb000000000000000000000000000000000000fefdf9f5f8f3f7f0f7eef7edf7ecf8ecf9edfaeffcf3fcf8fcfdfb02fa07f90cf711f515f317f119f01af01af018f216f412f80ffa0b
1575,182494960,-41,11,128,1,0,0,52200500f8f9f3f7eff5ebf3e8f1e7efe6efe6eee8efeaf0edf2f1f6f4faf8fefb03fd08ff0dff11ff14ff17fe18fd18fc17fb16fb14fe05000000000000000000000000000000000000ff02fc0afb0cfa0ef810f710f610f610f60ef70cf909fc060004040108ff0cfd11fb14fa17fa19fa1bfa1bfb1afb17fc13fd0ffd0bfd
1576,182513216,-41,11,128,1,0,0,5220050006070a0a0f0c120e1411151315131514131312110f0f0c0b0907060204fd03f803f303ef04eb05e906e807e807ea08eb08ed02fb00000000000000000000000000000000000000fd03f404f305f107ef08ef08ee09ef09f108f306f503f8fffbfbfdf7fff301ee02eb03e803e603e403e402e602e901ed01f001f302
1577,182542938,-41,11,128,1,0,0,52200500030d061208160a190a1c0a1e091f081e071c071906150510050b060508000bfb0ef812f615f517f519f519f718f917fb15fc05ff000000000000000000000000000000000000fffc00f100ef01ed02ec02eb03ec04ec04ee03f001f3fff7fbfaf7fcf3ffee00ea01e701e401e300e1ffe2fee4fee7feecfff001f302
1578,182564503,-41,11,128,1,0,0,522005000b09100b130d150f17111712161215121311100f0e0c0b08090308fe08f909f50af10cee0eed0fed10ed11ef11f110f310f404fd000000000000000000000000000000000000fdfdf5f6f5f5f4f3f4f2f4f1f5f1f6f1f7f3f8f5f9f9f9fdf801f705f508f30bf10eee10ed11eb11eb11eb10ed0ef00cf30af709fa08
1579,182566377,-41,11,128,1,0,0,522005000bf60ef211ef13ed16ec17ed17ed17ee15f012f20ff40af505f700f7fbf7f7f5f3f3f1f1efeeefecf1ebf2ebf4ebf6edf7eefefb000000000000000000000000000000000000fd01f407f207f107ef07ef06ef05ef04f104f403f704fb05ff070209050c080f0a110b140c160b170b180a1809150712060e060a0707
1580,182590764,-41,11,128,1,0,0,52200500050d08110a140b170b190b1a0a1a091a081807150611050c0607070309fe0cfa0ff712f615f616f617f717f916fa14fc12fd04ff000000000000000000000000000000000000fffcfcf3fcf1fcf0fceffdeffeeffef0fef1fef4fdf7fbfaf9fdf5fff302ef04ec05ea05e805e605e604e603e903ec02f002f403f704
1581,182619569,-41,11,128,1,0,0,52200500f5f4f0f2eeefebedeaebebeaece9edeaeeebf0eef3f2f5f6f7fcf801f806f80bf60ff412f213f014ef13ee11ef0ff00df10bfc020000000000000000000000000000000000000103050d050e04100411031102110210010e010b02080404060009fd0cfa10f713f615f517f418f519f518f616f712f90ef90af906f9
1582,182621353,-41,11,128,1,0,0,52200500f9f1f6edf4eaf3e7f3e4f3e3f4e3f5e5f6e7f7eaf8eef9f3f8f9f8fef603f408f10bee0deb0dea0de90ce90bea09ec07ed05fb010000000000000000000000000000000000000003000dff0ffe10fd11fc11fc11fb10fc0efd0bff08020506030a010dff11fe15fd17fd19fe1afe1bff1aff18ff14ff10ff0bfd08fb
1583,182623129,-41,11,128,1,0,0,522005000bf60ff212ef14ed17ec18ed18ed17ee15f012f20ef40af605f7fff8faf7f5f6f2f4eff2eeefeeedeeecf0ecf2ecf4eef6effdfc000000000000000000000000000000000000fc01f204f104ef04ee03ee03ee02ef01f001f301f702fb04fe070109040c061008130916091709190819081906160513050f050a0607
1584,182678518,-94,11,128,1,0,0,9bbdd941fdfefdfef900fc0201020102fcfefeffff01f7faf3f4f5f7fdfc03fffdfbfafb030006ff030002030102010103030406070a0203000000000000000000000000000000000000ff00fe01fe00fdfffcfffdfffffefefffdfefcfdfbfefdff01fe01fdff00fffffffdfffffd02fc02fc01fdfefefe01fd01fdfefcfafc
1585,182827507,-40,11,128,1,0,0,1ee0010008080e081309170a1a0c1b0e1b0f1a0f190f170e140d100a0d060b0209fc08f709f30af00ced0eeb0feb11ec11ee11f011f204fc000000000000000000000000000000000000fdfff4fcf2fbf0faeff9eef8eef7eef5eff5f1f6f4f8f5fbf7fff803f807f80bf610f513f416f217f018ef18ef16f114f311f60ff90d
1586,182829761,-40,11,128,1,0,0,1ee00100f708f60df512f316f118ef19ee19ed19ed17ee15f012f30ff80cfd0a020907090b0a0f0c110e1210121111120f130d130b12020400000000000000000000000000000000000001fd04f505f306f108ef09ef0bef0bf00cf10bf308f506f602f7fdf8f8f8f4f7f0f5edf3eaf2e9f0e8eee9edebededefeff1f1f4f3f6
1587,182830352,-40,11,128,1,0,0,1ee00100fe0b011003140518051c051e041f031f021d011b01170113020e040907050b010fff13fe16fd18fe19ff19011802160415050501000000000000000000000000000000000000fffdfcf4fcf3fcf0fceefdecfeecffec00ec00ee00f1fef4fcf8f9fbf5fef200ee01ea02e702e402e301e200e4ffe7ffeaffee00f101
1588,183459333,-91,11,128,1,0,0,4ff11441ff0b010b00080104040208000900070208020b020c030c030b0307050505050203020202020101ff01fd00fc03fd05ff06000100000000000000000000000000000000000000000102030001ff04ff06fe04fc04fd06fd06fb06f907fa06fc04fc03fb04fc02fcffff010203040505080609070a070b060a050b050c
1589,183664177,-27,11,128,1,0,0,caaffc41f9f5fbf8f306ef11f503faed05e90deb10f116fe09fcf5f7f7fa00ff0006fd08010007fb09fc05feffff000001ff00fffefeffff00000000000000000000000000000000000000ffffffff00ff00000101020001fe02fd04fd00fffc01ff02040b090e0705fdfffafffbfaf8f2f8f0f9f5fcf60b00090a09060f0c05
1590,183765348,-92,11,128,1,0,0,322ee341fd01ffff01fe03fe01fefffffdfffdffff01010102000101fe02fe00ffff0000000000ff01fe02010000fffe00ff000000010000000000000000000000000000000000000000ffff00fe00fe01fe02ff02000300020201040101fffdfdfbfefb00fb01fc02fe03ff02feffff000001ff0000050a0911070905010200
1591,185361894,-92,11,128,1,0,0,644ff641fefb00f700fbfdfdfbfdfd00fe04fe04ff02fffffefefe010002ff00fe00fe00fdfffc00fc01fc00ffff00fefffdffff00ff00ff000000000000000000000000000000000000fffffefd00ff010002010001fefffdfffe01ff0100fe00fd000002ff03fe03000400040002fe00fb00fc0101080611090d050500fe05
1592,185466785,-95,11,128,1,0,0,988dd9410002010101000001000002fc00fbfeff000107070c0c0505000008011101090000ff00fd01fe00fffefffe01ff01fffffffcfffe000000000000000000000000000000000000ff00ff00fefffdff00030107fe07fc05fc03fd01fc00fcfe00fd02fe00020003fffffbfffa04fc06fe05fe05fd04fe020302050300fe
1593,186940701,-94,11,128,1,0,0,1223314101ff020000000001ff01ff00fe00ff02000401070008fe08fe05fc02fc03fc05fc05fe03010003ff040003ff03ff02ff01fd00fe000000000000000000000000000000000000000001ff03fc06fb06fb05fc02fd02fe05ff070004ff02fc03fb05fc03fe02ff01fffe00fe00fcfffc00fcfffbfef9faf7faf4fdf4fa
1594,187052755,-42,11,128,1,0,0,1ee00100f60bf310f014ee18ec1aeb1aea1aeb19ed17f014f310f70bfc07010307ff0dfc11fa16f919f91bf91cfa1cfb1afc17fd15fe05ff0000000000000000000000000000000000000103070d080f081108120813071306120610040d0309030302fe02f802f303ee03e904e505e305e206e106e206e504e902ee01f300f7
1595,187090184,-42,11,128,1,0,0,1ee00100f8f3f4eef1eaefe7eee4eee3efe3efe4f1e6f2eaf4eef7f4f9fafa00fb07fb0dfa12f916f719f51af41af419f417f414f412fd04000000000000000000000000000000000000fd02f309f209f00aee0aed0aed09ee08f007f306f705fc04010407040c041105150618071a081c091c0a1b0a1909140710050c020900
1596,187091499,-42,11,128,1,0,0,1ee00100fff1ffebffe6ffe2ffe000df00df01e001e301e700ecfff1fdf7fbfdf803f407f00bec0dea0ee80ee70de70ce80aea08eb07fb01000000000000000000000000000000000000fc00f103ef03ed03ec03eb02eb02ec01ee01f201f601fa02ff05040708090c0c0f0f1211131314141415131511130e100c0c09080704
1597,187092603,-42,11,128,1,0,0,1ee0010003f104eb05e706e307e008e008e008e207e406e804ec02f2fff7fbfcf701f205ee07ea09e709e509e508e507e705e904eb03fb00000000000000000000000000000000000000fcfff0feeffdedfdecfcebfbecfbedfbeffbf2fcf6fefa01fe040208050c080f0a130c160d180d1a0d1a0c190a170913080f070a0605
1598,187093894,-42,11,128,1,0,0,1ee00100fcf1faebf8e7f8e3f7e1f8e0f8e0f9e2f9e4fae8faedfbf3fbf9fa00f906f70bf510f213f015ef15ee15ee14ee12ef0ff00dfc03000000000000000000000000000000000000fc01f104ef04ed04ec03eb03ec02ed02ef01f201f701fb02000405060a080e0a110d140f16101711171216111310100d0d0a0a060702
1599,188077032,-41,11,128,1,0,0,1ee0010007100a150c190e1c0e1f0d200c1f0b1e0a1b09170812070c070608000afa0cf50ff112ee15ed17ed18ee18f016f215f413f604fd00000000000000000000000000000000000000fc03ef04ee06ec07eb08eb08ec09ee08ef06f203f6fff9fafbf5fdf0ffebffe7ffe3ffe1ffe0fee0fde1fce4fce8fdedfff201f603
1600,188093651,-41,11,128,1,0,0,52200500f1fbecfae8fae5f9e3f7e2f6e2f5e3f5e5f5e9f7ecf9f1fcf5fff904fc09fd0dfe12fd15fc18fb19f919f819f717f714f712fd0400000000000000000000000000000000000002020a080b0a0c0b0c0d0c0e0b0e0a0e090d080a0707060306fe07fa08f609f20bee0dec0eea10ea11ea11ea10ec0def0af207f404f6
1601,188095609,-41,11,128,1,0,0,52200500f107ed0ce90fe511e212e111e110e10fe30ee70ceb0af109f708fd09030a080d0c100f13101610180f190d1a0b1908170715010500000000000000000000000000000000000003ff0ffc10fb13fc14fc15fd15fe14ff12ff0fff0bfe07fb03f800f5fdf1faedf8e9f7e5f7e3f8e1f8e0f9e1fae3fbe7fbecfaf1f9f5
1602,188097315,-41,11,128,1,0,0,52200500f205ee09ea0ce70de40ee30de30ce30be50ae808ec07f106f706fc070109060c090f0b120c150c170a180818061705150314000400000000000000000000000000000000000003ff0dfc0efc10fc12fd12fe12fe12ff10ff0dff0afe07fc03f900f6fdf2fbeffaebf9e8f9e6fae4fae3fbe4fce6fceafceefbf2faf6
1603,188099087,-41,11,128,1,0,0,5220050000f0feebfde7fde4fee1ffe000e001e101e301e600ebffeffcf4f9f9f6fdf100ed01ea01e701e500e5fee5fde7fbe9faebfafbfe000000000000000000000000000000000000ff03fe0dfd0ffc10fb11fa12fa11f911f90ffb0dfd0a0008040608040c031002140217031a041b051b061b061806150511040e010bff
1604,188301824,-41,11,128,1,0,0,1ee00100f80ef812f816f71af51cf41cf31cf21bf219f316f513f90ffc0d010a06090b0a0f0b120d130f1411131211140f140c130a120204000000000000000000000000000000000000fffcfdf2fef1feefffeeffed00ed01ed01ee01f000f3fdf5faf7f7f9f3fbeffbebfbe8fbe6fae5f9e4f8e5f7e7f7eaf8edf9f0fcf2fe
1605,188302393,-41,11,128,1,0,0,1ee001000cfa0ff813f615f418f419f41af519f618f715f812f90dfa09f905f701f5fef2fceffbecfbe9fce8fee7ffe801e902eb03ed01fb000000000000000000000000000000000000fe02f808f709f50af40af30af20af209f208f407f707fa07fd080109040a070c090f0a110b130b140b160a1609150712070f070b0709
1606,189705906,-93,11,128,1,0,0,4ff1144102f702f700f8fef9fcfbf8fdf600f704f703f501f500f5fdf6fdf900fa02fa02fb03fb04fb03fb02fc01fd02fd05fe07fe08ff020000000000000000000000000000000000000000030204020302030304030403050409050a060707050603040201020100fffffd01fc03fa04f803f404f405f503f403f306f409f6
1607,191139540,-93,11,128,1,0,0,4ff11441f6fbf4fdf601fb05fa05f906f807f805f804f805f605f705f705f604f701fafefbfefafffb01000101010004fe06fe06fd07ff01000000000000000000000000000000000000fe00fc02fd02fc01f902f600f6fcf8fbf9fbf7f8f8f8f9f9f9faf9fdf9fffcfcfcf9f7fdf402f503f702f503f302f100f200f500f601
1608,191241929,-91,11,128,1,0,0,4ff11441f404f803ff040004020405050705090508060708060907090608040804080306020102ff0400030002fe00fc00fb02fa04fb01fe00000000000000000000000000000000000000ff02fc01fb00fa00fc01fc01fa02f904fa03f903f903f801f8fffb00fe00ff0000ff02fa05f703f502f405f604f604f304f006f007
1609,192685610,-38,11,128,1,0,0,1ee0010005010bfe11fc16fa1bf91ef920f920f820f81ef91af916fa10fb0bfc04fbfefbf8f9f3f7eff5ecf4ebf2eaf1eaf0ecf0edeffbfb00000000000000000000000000000000000000fc00f200f001ed02ea03e804e705e705e806eb05ef03f401f8fefdfb02f707f30bf00fed11ea13e815e715e814ea12ed10f00ef30b
1610,192715214,-38,11,128,1,0,0,1ee0010004010aff10fd15fc1afb1dfa1ffb20fb1ffb1efb1afc16fc11fc0bfd05fcfffbf9f9f5f6f0f4eef2edf0eceeededefedf0edfcfb00000000000000000000000000000000000000fd00f400f100ee01eb02ea02e903e804e904eb04ef03f301f7fefcfb01f806f40af00dee10eb12e914e815e914ea12ed10f00df20b
1611,192717437,-38,11,128,1,0,0,1ee00100fafef301ed03e805e307e007de08dd08dd08df07e306e806ed05f404fb04020508060d071209150b170d180f170f151014100504000000000000000000000000000000000000ff03fe0dfe0ffd13fc15fb17f919f819f818f816f912fb0dfd08010304fe08f90cf410f013ed16eb18e91ae819e917eb14ee11f00ef2
1612,192721485,-38,11,128,1,0,0,1ee00100fe04000b011002150319031c031e041e031e031c031902150210020a030404fe06f908f40af00bed0dec0eec0fed0fee10ef04fb00000000000000000000000000000000000002000b030d0310041305140715081508140912080e070b05070203fffefbfaf7f7f3f4eff2ecf0e9efe7eee6efe6f1e9f2ecf4eff6f2
1613,192723384,-38,11,128,1,0,0,1ee0010004010bff10fd15fb19fa1bfa1dfa1efa1dfa1cfa18fb14fb0ffc09fc03fcfefbf9f9f4f7f0f5eef4edf2ecf1edf0eef0eff0fcfc00000000000000000000000000000000000000fd01f401f101ee02ec03ea04e905e905ea05ec05f003f401f8fefdfb02f706f40af00dee10eb12e913e814e912eb10ee0ef00df30b
1614,192880399,-91,11,128,1,0,0,4ff1144104ff00fffefdfffbfdfbf9fcf7fbf7faf7fbf6fdf5fef5fdf6fcf9fbfdfcfefdfefe0000010101000002fe03fd02fe0100010000000000000000000000000000000000000000fffffdfefe01fe03fc04fd06fe07fd09fd0afb07f906f907fb08fc07000503040404040107ff08ff0afd0dfc0cfc0afd0afa0af60cf7
1615,193709142,-38,11,128,1,0,0,1ee0010004fe09f80df311ee15eb17e918e819e718e716e914eb10ef0cf307f701fafcfdf600f001eb01e802e601e500e5ffe6ffe7fef9ff000000000000000000000000000000000000fefcfbf2faf0f9ecf9e9f9e6fae5fae4fce5fde7feecfef1fef7fdfdfc04fb0af910f716f61af51df320f221f31ff41df519f715f912
1616,193732243,-39,11,128,1,0,0,52200500fefafbf5f8f0f5ecf3e9f2e7f2e5f1e5f1e5f2e7f4eaf6eef7f3f9f8fbfefc03fc08fb0dfb11fa13f915f816f815f714f713fd04000000000000000000000000000000000000fd00f502f203ef03ec02ea02e901e900e9ffecffeffff3fff800fe01030308050d07110a140c160d180f19101810150e120c100a0e08
1617,193735289,-39,11,128,1,0,0,52200500fcfaf7f6f2f2eeefeaece9eae8e9e7e8e8e9e9ebecedeff1f3f5f7fafafffd05ff0a010f011302170219011900190018ff17ff05000000000000000000000000000000000000fd01f405f106ee06eb07e907e706e705e704ea03ee02f301f801fe0105020b031004150619071c081e0a1f0a1e0a1b09170814061004
1618,193757475,-91,11,128,1,0,0,4002244101000101ff01fc04fd05fe03fb01fbfefefb00fdfffffe01fd01fdfffeff0100030002000001ff0100ff0000000000ff0100000000000000000000000000000000000000000000ff00ff00fffe00fe00fefffffdfffe00ff01000101ff02fd02fe020103fe02fa02fa02f8fef9fcfb00fd02fb05f90dfd0dff0601fd
1619,193759251,-91,11,128,1,0,0,f9966f41fcfdfafefc0001fd03feff01fe010002ff04fd02fdfffefeff00fe00fefffefffffefefffd01ff0000ff0101010100ff00000000000000000000000000000000000000000000ff00fd01fe00fe01fe0200010001fcfffafefdff00020104ff01fefdfcfef8fff903fe05ff04fe03000001fe07fe0eff08fe01fbfefa
1620,193940752,-38,11,128,1,0,0,1ee0010006fc07f608f10aed0ce90de70fe610e510e610e80eeb0cee08f104f400f6fbf8f7f9f2f9eff8ecf8ebf6eaf5ebf3ecf3edf2fbfc000000000000000000000000000000000000fd01f706f507f208ef08ed08ec07eb06eb05ed04f003f402f803fd0401060608090b0c0e0f1110141116111710170e160c130a10090d
1621,194314043,-91,11,128,1,0,0,4ff1144107f606fa00fefcfffbfffbfbfbf6faf8f8fbf7f7f7f7faf9fbf9f9f9faf9fcf8fff9fefbfdfefd00fc00fa02fa03fb02fc02ff00000000000000000000000000000000000000fffffefe01ff03ff03fe04ff07ff070006020801080308050804040102ff05fd04fb02f903f504f105f207f409f407f505f706f508f3
1622,195004740,-93,11,128,1,0,0,76644741ffff01000002ff0201030303fefefafcfcfefafaf6f4f5f6fbfd0103fd00fcfe04fe06fe04fc01fd00ff020005fe08fb0afa02fe00000000000000000000000000000000000000010103ff02fe0000fe01fdfdfefdfefefefe00fdfffefefffe00fd01fd0000ffff00fd01ff020202030102ff01fe01000103020202
1623,195356269,-94,11,128,1,0,0,0881104100fdfffefefffefe00fd01fd00fcfffcfffe0000ff000101020101fffffffd0000ff01ff00ff01ff01ff01ffff00ff000100000000000000000000000000000000000000000000ff00ff00fffffe00ff00ffff00fe01fe01fd00fb00fd0000020102ff00fffe01ff0101fe00fefefffe0000050b0810050203f904fc
1624,195356592,-95,11,128,1,0,0,b7711b41fefefd02ff03010100fefefdfffd00fcfffdfffefefcfffb01fd0000fd01fc01fd00ff0001ff00fe0000010202020102000000ff000000000000000000000000000000000000ff00fe02fcfffcfefd00fe01fefffdfffe00000101ff01ff01020004ff04010000fdfefefcfffdfefefffd00f3fdebfaf500fd05f902
1625,195357377,-91,11,128,1,0,0,6bbdd641ff040203010100ffff01ff03fd01fcfefcfbfdfafefc00fe02fd01fd00fd01fe0002ff0200ff01fe02ff03010302020202010000000000000000000000000000000000000000ffffffff01000101010001fefffffd01fe02ff03ff0100fe01ff01030205ff03fc0100020101fffd00fe0100fa0af516f90afffd02ff
1626,196955998,-93,11,128,1,0,0,f8899f41020004000600040000fffdfdfefd0000000202010001fe01010002fe00fffefffefffe00fe00fe00ffff0000fe00fdfffcfffe00000000000000000000000000000000000000ff00ff0201010101fe01fe01010002ff01ff0101010002fe01fefffffe00fc00fd00ff01fe01fdfffbfff9fff2f9edf6f7fbff000200
1627,197008486,-93,11,128,1,0,0,533ff5410101010000ff01fefffbfef901f904fd0102f804fa0604060504fefffef501f504fb06fd02fcfefcfffd01010202040107ff02ff000000000000000000000000000000000000fffffdfefefdffff0000010002ff02000101ff00000001fe04fe05010101fe00ffff010000fdfdfbfdfdfe02fe050004010101ff03fe
1628,197488507,-95,11,128,1,0,0,4ff11441f5fcf4fdf8fffc01fd02fd01fd03fb07fa09fa08f705f603f703f703f802f901fb01fc01fc02fb02fd0400050105ff04fe04ff0100000000000000000000000000000000000000fffffdfcfdfafffafffbfbfcf7fdf6fdf8fdf9fdf6fdf4fef5fcf6fafafb00f902f701f901fc00fb02f904f702f401f1fff1fdf5fe
1629,197898143,-93,11,128,1,0,0,4ff1144106010500040102ff03fd02f901f603f503f503f503f403f504f805f905fb03fc01fb00fafffcfffdfffcfffbfffbfefbfefdffff00000000000000000000000000000000000000000101020203020601060105030605060406060608060604060106010602040101000004ff07fd08fd0bfd0efd0dff0c000c000e00
1630,199558739,-90,11,128,1,0,0,3cccc341fafafbf6fdf8fcf8faf9f9fcfafcfd00fd03fa03fc03000501030101ffff00fe03000100ffffff01ff00fffffefeffff00000000000000000000000000000000000000000000ff00ff0002ff020000fffffe00ffff00ff00fffefcfafafcfdff02fe0500030102ff04fd03fd04fe04fe0000f501eb01f6fffefef700
1631,199853067,-38,11,128,1,0,0,1ee00100fb04f90af810f614f518f31bf31cf31df31cf41bf518f814fa0ffd0a0105050109fd0df910f713f515f516f516f516f615f705fd00000000000000000000000000000000000001020809090b0a0e0b110b130b140a1509140812050f030a0205010000fafff4ffeeffe9ffe5ffe200e000e000e100e400e800ec00ef
1632,199855392,-38,11,128,1,0,0,1ee00100f9fff302ee04e905e507e207e108e008e108e308e607ea06f005f604fc04020408050d06110714081609170a160a150b140b0502000000000000000000000000000000000000ff02fd0cfc0efa11f914f715f616f515f414f511f60df909fc05000104fc08f80df411f114ef16ee19ed19ec19ed16ef13f110f30df5
1633,199856761,-38,11,128,1,0,0,1ee0010004010b0012ff17ff1cff1efe20fe20fe20fe1efe1afe16fd10fd0afd04fdfefbf8faf3f8eff6ecf5eaf3eaf2eaf2ebf2ecf2fbfc00000000000000000000000000000000000001fd07f509f40cf20ef010ef12ef13f012f110f30df60af905fc00fefb01f503ef05ea07e708e409e10ae10ae209e508e807ec06f005
1634,199857343,-38,11,128,1,0,0,1ee0010002fc03f604f105ec06e806e606e506e406e405e604e903ed02f100f6fefbfc00f904f708f40bf20df10ef00ff00ff00ef00dfc03000000000000000000000000000000000000fefefaf7f9f4f8f2f8eff8eef8ecf9ecf9ecfbeefcf1fdf5fef9fffeff040009000e001200160018ff1aff1bff1aff18ff15ff12ff0f
1635,199887144,-38,11,128,1,0,0,52200500ff04010b03110517061b061e062007210720071e061a05160410040a030403fd04f705f205ed06ea07e807e708e709e809e902fa000000000000000000000000000000000000020109070b080d0b0f0d110f111110120f120d100a0e070a04060101fefbfbf6f8f1f6ecf4e8f3e5f2e2f1e1f2e2f3e5f5e8f6ecf8ef
1636,200048580,-94,11,128,1,0,0,4ff1140004f704f901fbfdfbfcfcfafef900f7fff5fdf5fcf4fcf6fcf8fbfafbf9fbfafcfcfdfbfefa01fb03fb02fb01fc02fc03fb02fe000000000000000000000000000000000000000000020003ff03fd05fc05fd05fd06fd06fd07fd08ff06000401020002fe02fd00fcfffb00fb00fbfffb00f701f502f404f205f204f3
1637,200096168,-37,11,128,1,0,0,1ee0010004010b02110316041b041e042004210420041e031b03160211010b0005fefffcf9faf4f7f0f5edf3ebf1eaf0ebf0ecf0edf0fbfc00000000000000000000000000000000000002fe0afa0df910f813f715f716f817f817f915fb11fc0cfd07fe01fffa00f400ef00ea00e600e300e000df00df00e200e600ea01ee00
1638,200458200,-94,11,128,1,0,0,4ff1140001fa02fbfefafbfefc02fc03f904f904fa04f807f607f503f702f903fa03fd03ff03ff0300020201030004ff0401040106ff01ff000000000000000000000000000000000000ff01fe05fe04fe04ff04000702090207ff07fd08ff080107030703070104ff0000fe03fd04f905f608f608f606f604f706f609f409f6
1639,201260675,-95,11,128,1,0,0,89922841fe00fd00fdfffeffff01ff01010002ff0100fdf9faf1fdf9000102f803ef00f5fefdfefefffe0000fe01fd00ff00010004ff01ff00000000000000000000000000000000000000fe02fb02ff0303040403030104020201fe01fd0300ff05fb04fa01f902fe0102fe02fb02fc0300030103fe03fb03fd00fefefcfffe
1640,201263218,-92,11,128,1,0,0,9ffaa94101fe01fc030003020101fe00ff0000fefefbf2ffe903f300fdfefe06ff0e000600ffffffff0001000101ff00fe00ff00ff00ff0000000000000000000000000000000000000001ff02fe01000100ff0001ff04fc04fa01fe00030105fe05fc01fafefcfdfefffa02f7fffcffff020002ff01fe01ff00fdfbfbf8ff00
1641,202414043,-38,11,128,1,0,0,1ee001000107060c09100c140e180f1a0f1b0f1b0e1a0e180c150a11080c0606050004fa04f505f006ec07ea08e808e809e909ea09eb02fa00000000000000000000000000000000000002fe0cfa0ff912f914f916fa17fb17fc16fd13fe0fff0aff05fefffdf9fcf4faeff8ebf5e8f4e5f2e4f1e4f0e6f1e8f2ecf4eff7f3f9
1642,202415197,-38,11,128,1,0,0,1ee0010001f900f300ef00eb00e700e501e401e401e500e700ea00eefff3fef8fcfdfa01f705f509f30bf10def0def0dee0cef0bef0afb02000000000000000000000000000000000000fdfff4fdf2fceffbeef9edf8edf7edf6eef6f1f7f4f9f8fbfbfeff0202050509070d09110b130c150c170c170b1609140811070e060b
1643,202416431,-38,11,128,1,0,0,1ee00100fb06fa0dfa12f817f71af61df61ef61ef61df71af817fa13fd0e0009030407ff0bfc0ef912f614f515f516f516f616f715f805fe00000000000000000000000000000000000002010c060e08110a120c130e120f121010100d0e0a0b0607040201fdfef8fcf3faedf9e9f8e5f8e3f8e1f8e1f9e2fae5fbe9fcedfcf1
1644,202417302,-38,11,128,1,0,0,1ee00100fb07fb0dfa13f917f81bf81df71ef71ff71df81bf917fb13fd0e0009030407000bfc0ef912f714f616f617f616f716f815f905fe00000000000000000000000000000000000003000d03100512061408150a150b140c120c100b0c090805040101fcfdf8faf3f8eef7eaf5e6f5e4f5e2f5e1f6e2f7e6f8eafaeefaf2
1645,202418362,-38,11,128,1,0,0,1ee00100fdf9f9f5f6f1f4eef1ecf0eaf0e9f0e9f0e9f1ebf3eef5f2f7f6f9fbfa00fb04fc09fc0dfb10fb13fa14fa14f914f913f812fe04000000000000000000000000000000000000fd01f506f306f007ee07ed06ec06ec05ed04ef03f302f701fc01010205030a030f051206150717081809190a170a140911070e060c04
1646,202419498,-38,11,128,1,0,0,1ee0010004f906f307ed09e90ae50be30ce20ce20be20ae508e806ec03f100f6fdfbf8fff402f005ed06ea08e808e807e807e906e905fa01000000000000000000000000000000000000fdfef3f9f1f7eff4eef2edf0eeefeeeef0eff3f0f6f3f9f7fcfcff020107020d03120417051a051d051e041f041d031a03160212020e
1647,202467609,-38,11,128,1,0,0,1ee0010001fb01f401ef00ea00e701e401e301e201e201e401e700ebfff0fef6fcfbfa00f804f508f20bf00def0eed0eed0eed0ced0bfb02000000000000000000000000000000000000fdfff4fdf2fcf0faeef9ecf7ecf6ecf5edf5f0f6f3f7f6f9fafcfe0001040409070d09110b140c160d180d1a0c190b1609130810070d
1648,202857975,-93,11,128,1,0,0,deeffd41020002ff01ff020105040303ff02030003fef7f8f0f2faf802fffe07fa0ffb08fe0000ff02000100ffff00000000ffffff00ff00000000000000000000000000000000000000010002fffffdfefffffffc00fc010102040002fefefffe02020003fc00fefd0001fe0800090008fc08f903fbfdfffdff02ff04ff03fd
1649,202860294,-91,11,128,1,0,0,744bb74101fffe00fbfcfaf7fbf6fdf8fcfaf8fefb03fbf8f5ecfbf4ffff080414050c0101fffe03fd04fd01feff01fe02fefffffd00ff00000000000000000000000000000000000000ff01fe0300fc00fdfe00fdff00fd02fe01000101ff01fe0200030105fe04fffe01ffff02fc04f808f705feff0304ff07fc05ff050102
1650,204144705,-93,11,128,1,0,0,4ff11441fbfefcfdfbfffb01fb04fe05ff05fe05fd05fb06fa06fc07fd09ff08ff06fd04fc04fd030001020002ff0201040305030402010000000000000000000000000000000000000000ff01fe02fe01fd01fa02f802f901fa01fc01fc01fa03fa04fb02feff00fbfefafdfbfcfbfdf9fef7fcf5fcf4faf3f8f5f8f6f9f5f8
1651,204349488,-93,11,128,1,0,0,4ff1144102fa00f9fef8fcf9fbfbfbfef800f5fef4fef3fff1fff4fef7fef600f502f703fa03fb04fc04fe03ff010002020502070208000200000000000000000000000000000000000000ff0200040102020202040306020801070306060607040303fe04ff06ff06fc03fa01f902fa02fa03f208f109f506f404f204f305f6
1652,205271123,-94,11,128,1,0,0,4ff11441fa05fb07f906f903fd040007030803090109010b000bfe08fd05fe05fe05fc04fc06fe08000802050203020204010303020500010000000000000000000000000000000000000001ff04fe02fd00fc03fc06fa05f704f802f900f701f600f8fffc02fd02fafefafefc01ff03fe04fc06f908f70af90cf80cf40cf40b
1653,205352075,-94,11,128,1,0,0,baaffb41ff00fcfffafcfbfafdfcfefcfdfffc00fe010001feff00ff02010101000000ff00fe00fdffffff000002020102ffff00fefeffff000000000000000000000000000000000000fefefcfdfe00000002fe02ff01010001fe00fe02ff02ff01ff01ff01000102ff01fc01fe00fffcfcfcfbfcfff609f30ef800faf7fafe
1654,205457208,-93,11,128,1,0,0,e6655e4101ff00fbfffafefdfe02000201fffffe00fe02f202e801f301fe07030e06090302fe00feff00ff010000fffffe00fe0100ff00ff00000000000000000000000000000000000000ff01ff0001010100ff02ff03ff02fefffefefeff00fe02fd03fd01fdfefefefffffe00fa00fbfcfffcfffffe02fe03fe00fefcfcf9
1655,205458233,-90,11,128,1,0,0,ebb88e410205010401040001fffffefffefe00fc01fdfe09fb15fe0b00ff080710100609ff00020004000101000000fe02fd03010101000000000000000000000000000000000000000000000201020001fe00ff000201040002fe00feff01ff040004fe03fa00f8fff8fff9fefc00fd03fd01fcfdfafbfbfa00f900f900fe03
1656,205485840,-37,11,128,1,0,0,1ee00100fcf9f9f4f7f0f4edf2eaf1e8f1e7f0e8f1e9f2ebf3eef5f2f8f6fafbfd00ff050109020d02110313031403150215021401130004000000000000000000000000000000000000fdfef4faf2f8f0f6eff4eef3eef3eff2f1f3f3f4f6f6faf9fefd0101050508090b0d0d100f1310141116111610140e120c0f090c0809
1657,205527330,-37,11,128,1,0,0,5220050003f804f205ed06e808e508e308e208e207e306e605e903ee01f3fff8fdfdfa02f707f40af20df00fef10ee10ef0fef0ef00dfc03000000000000000000000000000000000000fefcf8f3f7f1f6eef6ecf6eaf7eaf8eaf9ebfbeefcf2fdf7fefdff03ff08000eff13ff17ff1bff1dfe1efe1efe1cfe19ff14ff10000c
1658,205529031,-37,11,128,1,0,0,52200500faf9f5f5f1f1eeeeececeaeaeaeae9eaeaebecedeef0f1f4f5f8f9fcfc010006020b030f04120515051605160516041503140005000000000000000000000000000000000000fc00f001ee01eb00e9ffe8ffe8fee8fdeafceefcf2fdf7fefcff020108030d061108150a180c190d1b0f1b0f190e160c120a0f070c05
1659,205530781,-37,11,128,1,0,0,5220050008010e01130118011c011e011f011f011d011a00170012ff0cfe07fe01fdfbfbf7f9f2f7eff5edf4ecf3ebf2ecf2eef3eff3fbfc00000000000000000000000000000000000002fd0bf50df40ff311f213f213f313f412f510f70cfa07fc02fefc00f701f103ec04e804e505e305e105e105e305e604ea04ef03f303
1660,205532568,-37,11,128,1,0,0,52200500fafaf4f6f0f2ecefeaede8ece8ebe7ebe8edeaefedf2f0f5f4f9f9fdfd020006030a050e07120814081608160816071506130104000000000000000000000000000000000000fc00f101ee01eb00e9ffe8ffe8fee8fdeafcedfcf2fdf7fefcff020108030d051208160a180b1a0c1c0d1c0d1a0d170b13080e060b04
1661,205534553,-37,11,128,1,0,0,52200500fdf8fcf3fbeef9eaf8e7f7e6f7e5f7e5f7e7f7e9f8ecf9f0faf5fcfbfd00fd05fe09fd0dfd11fd13fd14fd14fc14fc13fc12ff04000000000000000000000000000000000000fdfef4f8f3f6f1f5f0f3f0f2f0f1f1f0f3f1f5f3f8f6fbfafefe01020407060b080f0a120b150c170d180d180c170a140910070d060a
1662,205537071,-37,11,128,1,0,0,5220050006050c09100c140f17111812191219121811160f130d0f090b06060202fdfef9fbf5f8f1f6eef5ebf4eaf5e9f6eaf7ebf7ecfefb00000000000000000000000000000000000003ff0ffe11ff14001601170117021703150311030d0308020200fcfef7fcf2f9edf7e9f5e6f4e4f3e3f2e3f2e5f3e8f4ecf6f0f9f3fb
1663,205561423,-38,11,128,1,0,0,52200500ff09010e021203160419031b041c041c031a031803150310030b0306040005fb07f708f30af00bee0ced0ded0dee0def0df003fc00000000000000000000000000000000000003000e0110021203130414061407130711070e060a05060202fffefcfaf8f7f5f4f1f1eef0ebefe9efe8efe8f0eaf2ecf4f0f6f3f8f6
1664,205592460,-37,11,128,1,0,0,5220050007fb0bf70ff313f015ee17ed18ed17ed16ee14ef11f10df408f603f9fefcf9fdf4ffefffecffeaffe8fee8fee8feeafdebfdfaff000000000000000000000000000000000000fefcfbf2fbeffcedfcebfceafde9fee9ffeb00ee00f3fff7fffdfd02fb07f90cf711f515f417f319f21af11af218f415f612f80efa0b
1665,205594301,-38,11,128,1,0,0,522005000008010e03120417051a051c051d051d051c041904160311030c0306040005fb06f608f209ef0aed0cec0cec0cec0cee0cef03fb00000000000000000000000000000000000003000d0210031204130514061407140812080f070b0507030300fffcfbf8f7f5f4f1f1edefebeee9eee8eee7efe9f1ebf4eff6f2f7f5
1666,205596118,-38,11,128,1,0,0,52200500faf9f6f5f2f2efefedececeaebeaebeaecebededefeff2f3f5f7f9fcfb01fd06ff0aff0fff12ff15ff16fe17fe16fd15fd14ff05000000000000000000000000000000000000fd01f407f107ef07ed08eb07eb06eb05ec04ef03f302f702fd02020208020d031104150518061a071c081c091a08160813060f040c03
1667,205606718,-37,11,128,1,0,0,5220050006fa09f50cf10fee11eb13e914e914e913ea11ec0fee0bf108f403f8fefbf9fdf4fef0ffedffeaffe9fee8fee9fdeafcebfcfafe000000000000000000000000000000000000fdfef4f7f3f5f1f3f1f1f1eff1eef2eef4eff6f1f8f5faf9fcfefd03ff08ff0dff12ff17fe1afe1cfe1dfd1dfd1bfd18fe15fe11ff0d
1668,205611017,-38,11,128,1,0,0,5220050007fd0cfa10f714f417f319f31af21af219f217f314f510f60bf805f900fafbfbf6fbf2faeff9ecf7ebf6eaf5ebf5ecf5eef5fbfd000000000000000000000000000000000000fefdf8f4f8f2f7eff7edf8ebf9ebfaebfbecfceffdf3fdf7fdfcfc01fb07fa0cf810f714f517f418f31af21af318f415f612f80ffa0c
1669,205613352,-38,11,128,1,0,0,52200500f7fdf1ffed00e800e500e300e2ffe2ffe3ffe5ffe8ffed00f200f702fc0401060509080c0b0e0c100c120c130b130a12091202040000000000000000000000000000000000000003020d020f011200140015ff15fe15fd13fd10fe0cff08010304ff06fa09f60df310f012ee14ed16ed16ed15ee13f010f30cf509f6
1670,205680728,-94,11,128,1,0,0,4ff114410007000401ff01ff03fe05fb06fc08fc09fa08f808f809fa07fa07fb07fc03fd03fe04ff03ff01fe01fd00fcfdfbfbfbfcfdffff00000000000000000000000000000000000000ff00fcfdfdfb00fa00fa01f900fafffbfef7fbf3fcf5fefafefcfefa00f900fc000002020300060207050a040d020d020d020e0109
1671,205815567,-38,11,128,1,0,0,1ee00100fbf5f7f1f4edf1e9f0e6efe4efe4f0e3f0e5f2e7f3ebf5eff7f5f8fbf901f906f80bf60ff412f213f114f014f012f110f10ffc03000000000000000000000000000000000000fe03f90df70ff511f312f113f012ef11f010f20df50af907fe0504030a020f01140118011c021e03200420051e051a05160412020e01
1672,205816355,-38,11,128,1,0,0,1ee0010005090a0d0e1011131416141814191419121811150e120b0e0909070306fd05f806f306ee07eb09e90ae90be90cea0cec0bee02fb00000000000000000000000000000000000001fc05f107ef09ed0aeb0ceb0eeb0eec0eee0cf109f405f700fafbfcf5fef0ffea00e600e300e1ffdfffdffee1fee5fee9feedfff100
1673,205818548,-38,11,128,1,0,0,1ee0010007050c0611071509180a190b190b190b180b150a12090e060b0307ff03fb01f7fff3fef0fdedfdebfeeafee9ffea00ec01ed00fb00000000000000000000000000000000000000fd00f301f102ee03ec04ec05ec06ec06ed05f004f402f7fefbfbfff702f305ef07ec08e909e70ae50ae509e708ea07ed06f105f504
1674,205819011,-38,11,128,1,0,0,1ee00100fd09fe0efe13ff17fe1afe1bfd1cfd1bfd1afe18fe14ff10000b0206050108fd0bfa0ef810f612f613f614f613f712f811fa04fe00000000000000000000000000000000000002ff0cfc0efc10fc12fc14fd14fe14ff130010000c0008ff03fdfffbfaf8f6f6f3f3f0f0eeededecedebedeaefebf1eef3f1f5f4f7f7
1675,205819558,-38,11,128,1,0,0,1ee00100f501f005eb08e709e30ae10ae00ae00ae209e409e807ed06f306f905000605070a090e0b110e120f1211121211110f110d10030400000000000000000000000000000000000002020a0a0b0d0c0f0d120d130c140b150a140711060d0508040204fc04f605f107ec08e70ae40be30de20de20de40be709eb06ef04f2
1676,206499946,-93,11,128,1,0,0,4ff1144107fb03fb02f901f800f8fff7fdf7fbf6faf4fbf3fef3fff3fdf3fef5fef6fff700f700f801fa00fdfffefcfdfbfcfcfbfdfafffe00000000000000000000000000000000000000ff02fe0200030004ff03fe04fd05ff0603080509050605010300020401050103ff02fd03fc03fa05f80af70cf60cf60bf40af30af6
1677,206841858,-93,11,128,1,0,0,600aa641010201ff01fd01ff0401020001000101010003fe03fd02fe01ff01fdffffffff00ff02010101ff01000101fe00fcfffdfeffff00000000000000000000000000000000000000fffffffffffefefefcfffb00fd0bfe14ff0a00fff9f7f3f0faf8ff01ff01fd00fcfffefffffe00ff01000001fe00fdfe00000103fe00
1678,206945558,-91,11,128,1,0,0,19933141fefdfffd00fd010002020100fffdfefffe03000202010102fefffcfdfffd01fd01fcfffefd00feffff00ff01ffff00fefffeffff000000000000000000000000000000000000ff00ff0001fe00fffe00ff0003010202ff0203fe08fb06fd010001ff01fffefffdfefd00ff0202010300fdfff101e904f205fb05ff00
1679,206946333,-93,11,128,1,0,0,c7700c41fefbfefafefdfdfffd01ff020002020104000201000001fe02ff03ff02feff01fe02fe01ffff00ff0000010001000000ff00ff00000000000000000000000000000000000000ff0000000102fe02020007fe03fffd00fd00000000ff01fd050104050103020205030402fefffa00fc0001ff05090311030c0405fe03
1680,206947180,-94,11,128,1,0,0,dff88d41fe00fefefefefcfcfcfbfcfcfdfcfefdfdfefbfcfbfbfeff00010101ff03fe02fe01fe01fffe00fdffffff01ff00ff01ff020000000000000000000000000000000000000000000001fffefdff010104000002fd03ff0100ff00fc03fa06fd040002020002000103010303fe04fc00fcfcfff606f10af608fc06fc01
1681,206948090,-93,11,128,1,0,0,e55cce41fd04fffdfdfcfdfcfffbfffcfffffefffefe00fe01ff01fefefffd00ff0301040003fe01fefd00fc00fdfefffd00fcfffd01ff00000000000000000000000000000000000000ff00fe02fe0200ff03fb03ff0004fdfff9f9f8fbfe000102ff00fafff8fefcfa01fb02feff02fc00fbf9fbfafcfe01fe07fc03fcfffe
1682,207023625,-38,11,128,1,0,0,1ee001000002ff08fd0efd13fc17fc1afc1cfd1efd1dfe1cff19ff150010000b000500ff00fa01f501f001ed01ea01e902e901e902ea00fa000000000000000000000000000000000000fe02fb0af90cf70ff511f413f314f214f213f211f40ef60af906fc01fffc02f705f208ee0aea0be70ce50ce30be40ae609e907ec06ef
1683,207024146,-38,11,128,1,0,0,1ee00100fefefdf7fdf1fcecfce8fbe5fae3f9e2f8e2f8e4f8e7f9ebfaeffcf5fefbff000105020a030f041204140516051604150415010500000000000000000000000000000000000000fd01f402f203ee05ec06ea06e907e807e907eb07ef05f304f802fd0103ff09fe0efd13fc17fc1afc1dfc1efc1dfd1bfd18fe14fe11
1684,207078029,-38,11,128,1,0,0,1ee00100fc00f6fff1feecfde7fde4fde2fde2fee2ffe400e700eb01f001f600fb00010007000b0010ff13ff15ff16ff16ff15ff15ff05ff000000000000000000000000000000000000fdfef6faf3f8f1f6eff4edf2edf1edf1edf0eff1f2f3f6f6faf9fffc04ff08020d051108150a170b1a0c1b0c1a0b180a150912070f06
1685,207078708,-38,11,128,1,0,0,1ee0010001020109000f01140118021a021c031d041c041b04170413030f0209010300fefef9fef4fdeffcecfbebfbeafbe9fbeafbeafefa000000000000000000000000000000000000ff02fb0afa0cf80ff611f513f414f314f313f411f50ef70af905fc01fefb01f603f105ed06e907e608e408e307e306e505e804ec03ef
1686,207087434,-38,11,128,1,0,0,1ee001000002ff08ff0eff12ff17ff19001b001d011c021b02180214020f010a010501ff00fa00f500f100ed00eb00ea01ea01ea01eb00fa000000000000000000000000000000000000ff02fe0bfd0dfc10fb13fa15f916f916f816f913f910fa0bfb07fd01fffc01f702f203ed04e905e606e405e205e304e504e803ec03ef
1687,208436286,-96,11,128,1,0,0,a5500a4100ff000100ff02fd01fcfefdfdfffe0000ff0101ff0400050204020102010101fffffefe00ff020000fffdfefeff00010002000000000000000000000000000000000000000000ff00ff000001ff0001ff0206ff0efb08ff0204fd03f600fc0104010300ff00fb00fc00fe03fe04010103ffff01fc01fafff8fff7fe
1688,208445600,-93,11,128,1,0,0,4ff11441000a030703040304070308ff08fe08010b020b03090508080708050603040205030602030203030304010401050207020801020000000000000000000000000000000000000001000401050205020602070306050505060507080509030703080307020400030002010106030805060507050907090a080b06090506
1689,208544136,-94,11,128,1,0,0,c3388c41fe0302ff02fcfffefe00fe01ff00000000030004fe00fefd01fe010002000200020003fe02fd01feff00fe00000000fffcfffe00000000000000000000000000000000000000ff00fd00ff000001ff02ff0000ff00fe00fdfffcfffe020003ff02fd01fcfefefc00fd01ff00020002030105fc08f809fd0300fffeff
1690,208650020,-94,11,128,1,0,0,95599941000202010001fe03ff04ff02ff010001010109f611ed09f501fe02070111ff09fefe00fd02fd00feff0000000000fe01fe00ffff000000000000000000000000000000000000ff00ff0000010001ff00feffffff02ff0100000102010200ff00ff00fffcfcfafdfc0000ff05fe04fe02ff01fffefffdfefdfbfbfbfe
1691,209353904,-96,11,128,1,0,0,3ff2234102010100ff02ff030202060105010603050103fc0201fb07f507ff090909070605020300fffe0000030101fefef901f805fe0100000000000000000000000000000000000000ff00fe03fe02fd02fb00fdff02ff02fd00fd01ff0001fe00ffff0000fffefefbfdfdfdffffffff000102020100010001fefffc01fd03
1692,210248901,-96,11,128,1,0,0,3aa33341fc02fbfffdfefffe00fc01fd00fbfcfafcfcfefdfdfafdfa00fdfefffdff01000000fd01ff010002010204fe05fe0101fdfdfffe0000000000000000000000000000000000000101060204ff0100010102fd02fc03fd03ff02010103ff02fe000002ff03fc00fcfdfdfdfcfffa00fc00ff000002ff0200fffffffe00
1693,210372462,-94,11,128,1,0,0,94411941fdfdfdfeffff04ff070105fffefdfcfe01fd04fe030401090108020304ff02fe00fefffefe01ff0404030602040002fd00fdffff000000000000000000000000000000000000fffffffdfffcfffd00fe00ff00010001feff0000020001ffff00000101010001fe0000fffffefcfffc0000ff02fe02010002fffe01fd
1694,210606091,-38,11,128,1,0,0,1ee0010004f906f207ed09e80ae50be30ce10ce00ce10be309e707eb04f000f5fcfaf8fdf301ef03eb05e906e706e606e705e804e903fa00000000000000000000000000000000000000fcfff3fbf0faedf8ebf6ebf4ebf3ebf2edf2f0f3f3f5f7f8fafdfe010107040c05110716071a081c071f071f061e061b05170412030f
1695,210606551,-38,11,128,1,0,0,1ee00100fd06fd0cfe10fe15fd18fd1afc1cfc1cfd1bfd19fd16fe12ff0d0108040406ff09fb0cf90ff611f512f413f513f513f712f804fe00000000000000000000000000000000000002ff0bff0d001001120213031305130512060f060c050803040100fdfcfaf9f6f6f3f4eff2ecf1eaf1e8f1e7f2e8f4ebf5eef7f1f8f4
1696,210608277,-38,11,128,1,0,0,1ee0010003f904f205ec06e706e307e108e008e008e007e306e604eb02f0fff5fcfaf8fff402f005ec07ea09e809e708e808e806e906fa01000000000000000000000000000000000000fcfff2fef0fcedfbebf9e9f8e9f6e9f5ecf4eff5f2f7f6fafafdff020206060b08100a140b180c1b0c1d0b1e0a1c091a08160711060d
1697,210608820,-38,11,128,1,0,0,1ee00100fcf8f8f3f5eff2ebefe7eee5eee4eee3eee4efe7f1eaf3eff5f4f7f9f9fffa05fa0af90ff913f815f717f617f617f616f615fd05000000000000000000000000000000000000fd02f508f209ef0aed0beb0aea09e908ea06ec05f003f502fa02000206020c031104160619071c091d0a1e0b1c0b190a150812060f05
1698,210635584,-38,11,128,1,0,0,1ee0010007000dfd13fb18f91cf81ef820f820f720f71df819f914f90ffa09fa02f9fdf8f8f6f3f4f0f2edf0eceeecedededeeedefeefcfb000000000000000000000000000000000000fefdfaf3faf1faedfaebfbe9fce8fde8ffe900eb00f000f4fffafdfffb05f80af50ff213f016ee18ec19eb19ec18ed15f012f30ff60c
1699,210636274,-38,11,128,1,0,0,1ee00100fdf8f8f3f4eff1ebeee8ede6ede4ece4ede4eee6f0e9f2eef5f3f7f8f9fffa05fa0af90ff813f716f718f618f518f516f515fd05000000000000000000000000000000000000fd02f608f309f00bee0bec0bea0bea0aea08ed06f005f503fa02000206020c021204160519061c081e091f0a1d0a1a09160813060f04
1700,210673655,-38,11,128,1,0,0,1ee0010005050b071109150c190d1b0f1c101c101b0f190e160c12090e060a0206fd03f801f300efffebffe8ffe600e501e501e702e800fa00000000000000000000000000000000000000fc02f303f005ed07eb09ea0aea0beb0cec0bef09f306f602fafdfdf800f303ee05ea06e607e307e107e006e205e505e804ed03f003
1701,210674292,-38,11,128,1,0,0,1ee00100f801f305ee09ea0be70de50ee30ee30ee40ee60de90bed0af308f807ff0604060a070e081209140a150b160c150c140c130c04030000000000000000000000000000000000000102070a080d0910091209140816071606150413030f020a020502ff03f904f406ef07ea09e70be50ce30de30de50ce80aeb07ee06f1
1702,210674893,-38,11,128,1,0,0,1ee00100fb07fb0dfb12fa17f91bf71df71ef71ef71df81bfa18fb14fd0f000a040508000cfd10fb13f916f817f818f818f917f916fb05fe00000000000000000000000000000000000003000d010f0112021404150516071608140811080d060904050101fdfdf9f9f4f7f0f5ecf3e8f3e6f3e3f3e3f4e4f5e7f7eaf8eef9f2
1703,210675358,-38,11,128,1,0,0,1ee00100f701f205ee08ea0be60ce40de30de20de30ce50be90aed09f207f807fe06040709070e09110b130c140d140e140e120e110e04030000000000000000000000000000000000000102080a090c0a0f0a120a140915081507150512040e030a020402ff03f904f406ee07ea09e70ae50ce40de30ce50be80aeb07ef06f2
1704,211122944,-38,11,128,1,0,0,1ee00100ff07020d04120517061b061d071e071f071d061b05170412040d0407040104fb06f607f108ed09eb0ae90be90cea0cec0ced03fb00000000000000000000000000000000000002000c030e0411051306150815091509140911090d070905050100fdfcf9f8f5f5f2f2eeefebeee8ede7ede6eee7f0eaf2edf4f1f7f4
1705,211123779,-38,11,128,1,0,0,1ee00100fe07fe0dff13ff18ff1cff1eff1fff1fff1eff1cff180014000e0208040206fd08f80bf40ef010ef11ee12ee12ef11f011f204fc00000000000000000000000000000000000002000c040e05110613081409140b140c130c100b0c090806050201fefdf9faf4f7f0f5ebf3e8f2e5f2e4f2e3f3e4f4e7f6eaf7eef8f2
1706,211144344,-38,11,128,1,0,0,52200500fbfaf6f7f1f4ecf2e9efe7ede6ece6ece6ece8eeebf0eef3f2f7f6fbfa00fd06ff0b000f011300160018ff19fe19fe17fd16ff05000000000000000000000000000000000000fe02f80af60bf40df10fef10ee10ed0fee0eef0bf209f606fb04000206010cff11ff15fe19ff1cff1e001f001e011b011701130010ff
1707,211347642,-38,11,128,1,0,0,1ee0010005fd0bf910f615f318f11aef1cef1cee1aee18ef15f110f30cf706fa00fdfb00f502f004ec05e906e706e606e705e804e904fa0000000000000000000000000000000000000001fd08f60af40df20ff111f012ef13f012f110f30df60af905fc00fffb03f606f109ec0ce90ee60fe411e411e511e80feb0def0bf209
1708,212746501,-93,11,128,1,0,0,5cc9954105f8050102020100ff01ff02020307020500fc01f804fc08ff0600fffffefe000002ff03fc03fd01fefdfffdfdfffc02fd05ff0100000000000000000000000000000000000000ff00000002ff01ff01010001fffb02f805fa08fd05fdfefbfcfafdfb00fa01fc00010103030103fe01fe0300050003fbfdf5faf3fd
1709,214077745,-91,11,128,1,0,0,4ff114410403070008fc07fc05ff03ff01fd02fb05f706f605f906fa05f904f803fb02fc01fa02fa03fd03fe00fcfefafefbfdfafcf7fffd0000000000000000000000000000000000000000010201010002000301040106ff090008ff07fc06fa07fa09fa09fc03000103030502060107030704070308040a080b090b070c08
1710,214344847,-92,11,128,1,0,0,d77eed41fefcfefc00fd03fc04fb03fe01030103ff01fffe00fd01fd00fe0100020001ff00fe01ff0100ff00ff0200030001ff000000000000000000000000000000000000000000000000010105ff0501040100fefefc00fe0101010000fffe00ff010001fd01fc00fc02fc04ff0202fc02fcff01ffff0afd13030906ff01fd
1711,214450377,-93,11,128,1,0,0,b5577b41fcfffd02fd00fdfe00fe01010001fdfefdfc08f710ef05f5fcfe04050c0b0505fefefdfffe02ff02000001fd02fe0101ff04ff01000000000000000000000000000000000000ffffff000001ff01ff01ff01fe01feff00fe01fe02ff0200ff01fe0001fe03fe0100010102fe00fdfefffefffefeffff03ff0101fa04
1712,214452901,-92,11,128,1,0,0,000dd04102fa02fd01fdffffff01fe00fb00fcfefffd09fe12fc08fefd02fcf8feecfef6fd01fe00fefffe000001ff02ff03ff02fe00ffff000000000000000000000000000000000000fffffefefe00ff03ff01ff00fd01fc01ff01010100fffffe010003010201010101fffffefffefffd00ff0000ff00ff020303070207ff
1713,214692215,-93,11,128,1,0,0,4ff1140002fd0001fb00f800f901fc03f903f405f208f207f406f505f703f904fb03fa01f9fffb02fe05ff04ff010000030005020502010000000000000000000000000000000000000000000102010002ff04fd06fb08fc0900070307030702060308030601020002fe02fc00f9fef9fdf9fdf7fdf4fdf3fdf4fcf6fdf5fff3
1714,214703244,-38,11,128,1,0,0,1ee0010002f702f002eb02e602e203e003df04df04e003e302e701eb00f1fdf6fafbf700f304f007ec09ea0ae90ae80ae809e907ea06fa01000000000000000000000000000000000000fc00f202ef01ec01ea00e8fee8fde8fceafbedfbf1fcf5fdfa00ff030407080b0c0f0e12101511171219121a10180e160c130a0f090b
1715,214705366,-38,11,128,1,0,0,1ee0010008020e01140119011d021f02200320031e021c02180113000eff08fd03fafef7faf4f7f0f5edf3ebf3e9f3e9f4e9f6eaf7ebfdfa000000000000000000000000000000000000fffcfef1feefffec00ea01e803e804e805ea05ed04f102f6fffbfc00f804f408f00ced0eea10e711e512e511e710ea0eed0cf10af508
1716,214706925,-38,11,128,1,0,0,1ee00100f6fdf0fdebfde6fce2fce0fbe0fbe0fbe1fbe3fce7fdecfef1fff702fc050108050b080f0b120c140c150c160b16091508140205000000000000000000000000000000000000ff03fe0efd10fc13fa15f916f716f616f614f711f90dfb08ff04030007fc0bf810f514f317f21af11bf11cf11bf218f414f60ff70bf8
1717,214754748,-38,11,128,1,0,0,1ee00100fd03f908f60cf411f214f016f018f019f119f217f414f611f90dfc08fe0301fe04f907f509f20bf00cee0dee0dee0def0def03fc000000000000000000000000000000000000fe02f808f60af30cf10df00eee0fee0fef0ef00cf209f606fa03feff02fc06f80af40ef110ef12ed14eb14ea13eb11ed0eef0cf10af4
1718,214756856,-38,11,128,1,0,0,1ee0010002030409060e09120b160c180d190e190e190d170c140a10070c0507020200fdfdf8fbf4f9f0f8edf8ebf8eaf8eaf9ebf9ecfefb0000000000000000000000000000000000000102050a050c060f071207140715071606150413030f010b0006ff01fdfbfcf6faf1f9ecf8e9f7e6f6e4f5e3f5e4f6e7f7eaf8eefaf1
1719,215511473,-93,11,128,1,0,0,4ff11441fb05ff08010803070407040604050706080a070c070a0706070707080406020402030300030002010101020003fe04fc05fc01ff000000000000000000000000000000000000fefffcfdfcfdfcfdfcfcfafdf8fdf8fcfafafbf9faf8f9f8faf7fdf9fdfdfcfefbfdfb01fb06f909f809f809f708f207f106f206f007
1720,215818558,-93,11,128,1,0,0,3441134103fafffdffff0100fdfff800f803f904fcff06fb0bfa08f903fbff00ff03fe01fdfefe00fe03000102ff0100ff02fe04fc04fe0100000000000000000000000000000000000000000002fe0001fe02fd00ff0100fefefbfcf9fafbfb03ff070204040104020203010000ffff020009030c030b0206fffafdf3fff101
1721,216025264,-94,11,128,1,0,0,4ff11441fcf7fafdf9fefbfafbfcf801f901f9fef7fbf7f8f8f9fafafaf9f9fafafcfbfbfafbfcfdfefefd00fe01fe01fafff9fffd00ff000000000000000000000000000000000000000000010000fcfcfafbfcfdfbfcf8fbf7fbf7faf9fdfb01f902f803fb01fcfafbf7fbfafcfbfafafaf9fdf6fcf4f9f5f7f7f5fbf4fef2
1722,216482485,-39,11,128,1,0,0,1ee0010003fc04f606f007ec08e809e60ae50ae40ae509e608e906ed04f101f6fefbfafff703f306f008ee09ec0aeb09ea09eb08eb07fa01000000000000000000000000000000000000fefef8f8f6f6f5f3f3f1f3eff3eef3edf4edf6eff8f2faf5fcfafeffff040009010e011301160119021c021d011b011901150012000f
1723,216482703,-42,11,256,1,0,0,96600900fdfaf7f5f2f1edeee9ebe6e9e5e8e4e8e5e8e6eae9ececf0f0f4f5faf9fffd06000c01120218021c021f0120ff20fd20fc1efe07000000000000000000000000000000000000fd00f303ef03eb03e802e501e400e4fee6fde9fcedfcf2fdf7fefd00030209050e08130a170c1a0e1c0f1c0f1c0f1a0d170c14091006c600f70df70df80df80df80df80df80df80df80df80df90df90df80df80df80df70df70cf60cf60cf60bf60af509f508f408f407f406f305f304fb01fe0000ff00ff00ff0001ff04ff0cfe0bfd0bfc0bfb0bfb0bfa0bfa0bf90cf90cf80cf80bf70bf70bf60bf60bf60bf60bf60bf60bf60bf60bf70cf70cf70cf70cf70cf70d
1724,216484176,-39,11,128,1,0,0,1ee001000005040b08100b140d180f1b0f1c101d0f1c0e1a0c170a13080e0608050204fc03f604f104ec05e906e707e607e608e808e902fa00000000000000000000000000000000000002ff0bfd0efd11fd15fe17ff180018011702150211030c02070102fefcfcf6f9f2f7edf4eaf1e7efe5eee5ede6ede8eeebf0eef3f1f5
1725,216484609,-39,11,128,1,0,0,1ee00100fa01f506f10aec0de910e612e513e413e513e712ea10ee0ef20bf808fe0504030a020f011401170119021a0319041804170405010000000000000000000000000000000000000002020b030e03110314021601180018ff18ff15fe12fe0dff07010202fc04f607f009ec0be80de60ee40fe30fe40ee60cea0aed08f0
1726,216574783,-39,11,128,1,0,0,1ee0010005010c0012ff17fe1bfe1efe20fe20ff20fe1eff1aff15ff10fe0afd04fcfefaf9f7f5f4f2f1f0efefedefecefebf1ebf2ecfcfb00000000000000000000000000000000000000fd00f500f201ee02ec03ea04e905e806e906ec05f004f402f8fefdfb01f706f309ef0dec0fe911e712e612e711e90feb0dee0cf20a
1727,216608259,-93,11,128,1,0,0,b5566b4100fffffd00fe00fffffd02fa05fa09f904f5fff403fc0005f70afa0eff0dfc07fa06fd03ffff00ffffff01010003fcfffdf6fffc000000000000000000000000000000000000fffffefd00ff020003000000ff0101020201010000ff01000100ff00fd00fdfffefe00010104ff03ff010200030001fefefdfffefdfc
1728,216614342,-93,11,128,1,0,0,52211541030203000000010104ff01fdf700f404fb0201f909f511f50bf702fd0604070500fefffafffbfefffe01fe01fe04fc06f905fe0100000000000000000000000000000000000000ff01ff00fe00fe020001020003fe02fc00fdfffffeff00ff030002020002fe01fe02010101fe00fe0101020101ff0100000100ff01
1729,216628713,-39,11,128,1,0,0,1ee0010006ff0cfd11fb16fa1af91cf81df81df81cf819f916f911fa0cfb07fc01fcfbfbf6faf2f9eef8ecf7eaf6eaf5ebf5ecf5edf5fbfd00000000000000000000000000000000000000fd01f402f203ef05ed06eb07ea08ea08ec08ee07f205f602fafffefb03f707f30aef0dec0fea11e812e812e911eb0fee0df10af508
1730,216629227,-40,11,128,1,0,0,1ee0010006010c01120116011a011c011e011e011d011a01160012000dff07fe01fcfcfaf8f8f3f6f0f4eef3edf1edf0eef0eff1f1f1fcfc00000000000000000000000000000000000001fd06f608f40bf30df10ff110f110f110f20ff40cf709f904fcfffefa00f503f004eb05e806e507e308e208e307e606ea05ee04f204
1731,216632500,-39,11,128,1,0,0,1ee00100f903f308ef0ceb10e813e614e515e516e615e813eb11f00ef50afb07010307010cff11fd15fc18fc1afc1afd1afe19fe18ff05ff0000000000000000000000000000000000000002000cff0ffe12fd15fc17fb18fa18fa17fa14fa10fc0bfe06000003fa06f509f00ceb0fe811e512e413e312e510e70eeb0bee08f1
1732,216687325,-41,11,128,1,0,0,1ee00100f9fbf3f8eff6eaf4e7f3e6f2e5f1e5f1e6f2e8f3ebf6eff8f4fbf9fffd020106050b070e09120a130b150b150915081407120104000000000000000000000000000000000000fd01f604f305f106ee06ec06eb06ea05eb04ee03f102f501fa00000105010b011002140218031a041c041d051b051804140410030d02
1733,216687881,-41,11,128,1,0,0,1ee001000107030d041205160619071b081c081c081b071806140510040b030503ff03f903f404ef05ec06ea06e807e807e907eb07ec01fb000000000000000000000000000000000000020109050b060d080f09110b110c110d100d0e0c0a0a0707030300fffdfafaf6f7f2f4eef2ebf1e9f1e7f0e6f1e7f3eaf5eef7f1f8f4
1734,216842633,-93,11,128,1,0,0,4ff1144103030103020104fe04fd03fc02fa01f800f601f403f502f6fff700f701f800f800f900fa00fcfdfefafefa00fa01fa02fa03fe0000000000000000000000000000000000000000fffefffbfefafefbfdfafefafefafdf9fef8fef9fefdfdfbfef600f7fefcfefe01000400050003030205050409040a060905070606
1735,216935346,-92,11,128,1,0,0,30033341fd02fd00fcfefdffff01fb04f905fe040105020203ff00fffe00ff01fdfffafffd01fffefdfd01ff0301ff07fd0aff0402fd01fe000000000000000000000000000000000000fffffcfefbfcfcfffe02ff00fefcfef9fffc00fe00fcfffdfd00fb03fb03fb02fb03fa03fb01fb00fc02fe0500060004000102ff04fd
1736,216952949,-40,11,128,1,0,0,1ee0010004fe09fa0ff613f316f019ee1aed1bed1aed18ee16f012f20df507f802fbfcfdf7fff1ffed00ea00e700e6ffe7fee7fde8fdfaff00000000000000000000000000000000000000fd01f401f201ee02eb03e904e805e705e805eb05ee04f302f8fffdfc02f908f60df311f114ef17ed19ec1aed19ee17f014f311f60e
1737,216953775,-92,11,128,1,0,0,f9922f41fefdfcfefdffff00ff00ff00010303020101010001fe01fd0000fe01fe01000001fd02fe0100fe00fcfffdfffdfffefeffff0000000000000000000000000000000000000000000000ff00fd00fd00fe00fdfffdff01ff03fe02ff01ff00fd00fd00ff00010000fffffe01fe01fe000001000b0114020a0101020001
1738,216966138,-40,11,128,1,0,0,5220050004ff0afc0ff814f618f41bf31cf21df11cf21bf217f413f60ff809fa03fcfdfdf7fdf2fdedfceafce8fbe7fae7f9e8f9eaf8fafe00000000000000000000000000000000000000fd02f402f203ef04ec05ea06e907e907e907eb06ef04f302f7fffcfc01f806f50bf10fee12ec14ea16e916ea15ec14ee11f10ff30d
1739,216967493,-40,11,128,1,0,0,5220050004fe07f90bf50ef211ef13ee15ec15ec15ec13ee11f00ef20af506f801fbfcfdf7fff300ef01ec01ea00e9ffe9feeafeebfdfaff000000000000000000000000000000000000fffdfdf6fdf3fcf0fceefcecfcebfdeafeebfeecfff0fff4fff8fefdfd03fc08fa0df811f714f617f519f41af519f516f714f811fa0e
1740,216968911,-40,11,128,1,0,0,52200500fefbf9f6f5f2f1eeeeebede9ece7ebe7ebe7ede9efebf2eff5f3f8f8fbfefd03fe08ff0dff12ff15fe17fe18fd18fc17fb16fe05000000000000000000000000000000000000fd00f502f202ef03ec03ea03e803e802e801ea00ee00f200f700fd01030209040e0612081609190b1b0c1c0d1b0d190c160a12080f06
1741,216970407,-40,11,128,1,0,0,5220050003fc04f606f008ea09e60ae40be30be20be20ae409e807ec05f002f6fffbfbfff703f407f009ed0beb0bea0bea0bea0aeb09fa02000000000000000000000000000000000000fefdf9f6f8f4f6f1f5eff4edf4ebf5eaf5eaf7ecf9effaf3fcf8fdfefe04ff09ff0f00140018001b001e001fff1eff1bff18ff14ff10
1742,216972683,-40,11,128,1,0,0,5220050004010a01100216021a031d031f031f031f031d031903150210010a0004fefffbfaf8f6f6f3f3f1f1efeeefedf0edf1edf2edfcfb00000000000000000000000000000000000001fd06f608f40af20cf00eee0fee10ee10ef0ff10df40af705fa00fdfb00f602f104ec06e807e508e309e109e208e507e806eb06ef05
1743,216974256,-40,11,128,1,0,0,52200500fc02f908f70ef513f217f119f01bf01cf01bf119f316f513f80ffc0aff05040008fd0cf910f712f615f516f616f615f715f805fe0000000000000000000000000000000000000102040a050c060f0712071507160617061704140311020c0207010201fc01f602f003eb03e704e404e105e005e104e404e703eb02ee
1744,217175870,-40,11,128,1,0,0,1ee0010004ff0afc10f915f719f61cf51df41ef41df41bf418f613f70ef908fb02fcfcfdf7fef1feedfdeafde8fce7fbe7fae8fae9fafafe00000000000000000000000000000000000001fd05f606f408f20aef0bee0ced0ded0dee0cf00af308f604f900fdfc01f705f308ef0bec0ee90fe711e611e710e90fec0def0bf209
1745,217176456,-40,11,128,1,0,0,1ee00100fc03f909f60ef413f216f019ef1aef1bf01bf119f216f512f80efb09ff0303ff08fb0cf810f613f415f416f416f515f615f705fe0000000000000000000000000000000000000002010a010c021002130215011601170016ff14ff10ff0cff07000201fc03f704f105ec06e807e508e308e208e307e506e905ec04ef
1746,217176907,-40,11,128,1,0,0,1ee00100fdfbf8f5f4f0f1ebeee7ece5ebe3ebe2ebe3ece5eee8f1ecf4f1f8f7fbfdfe03000a010f01140118011a011b001bff1afe19ff06000000000000000000000000000000000000fdfff4fdf1fdedfceafbe8fae7f9e6f8e7f7eaf8eef9f2faf7fdfd00030308060d0a110d151018121a141b151a1518131510120d0f0b
1747,217177398,-40,11,128,1,0,0,1ee0010004000bff11fe16fe1afd1dfd1ffd20fd1ffc1dfc19fd15fd0ffd0afd03fdfdfdf8fbf2faeef8ecf7eaf5e9f4eaf4ebf4ecf4fbfd00000000000000000000000000000000000001fe07f809f60cf40ef310f211f112f112f211f40ef60af906fb01fefc00f702f104ec06e907e608e309e209e309e508e907ec06f005
1748,217177801,-40,11,128,1,0,0,1ee00100fd03fc0afb10f915f719f61cf61df51ef61df71bf918fa14fb0ffe09000403ff07fa0af60df20ff011ef12ef12ef12f012f104fc00000000000000000000000000000000000000020309040c040f0512051405160516041603130210010c0107010101fc01f601f101eb01e702e402e202e102e202e401e801eb01ef
1749,217232578,-41,11,128,1,0,0,1ee00100fbfcf5faf0f9ebf7e7f6e5f5e4f4e3f4e4f4e6f5e9f6edf8f1faf6fdfc0100040408060c090f0a120b130b150a15081408140204000000000000000000000000000000000000fe01f706f507f209ef0aee0aed0aec0aec09ee08f106f504f903fe02040009000fff13ff17ff1aff1cff1dff1c001a00160013000fff
1750,217233738,-41,11,128,1,0,0,1ee00100fafff401ef02ea04e604e405e205e105e205e405e704ec04f103f703fd03030308050c0610081209140a140b140c120c110c0403000000000000000000000000000000000000ff02fc0afb0cfa0ff911f713f613f514f513f610f70df90afc06000204fe08fa0cf710f413f215f017ef18ef17f015f112f30ff40cf6
1751,217235185,-40,11,128,1,0,0,1ee00100030408070d0a110c150f16101711181117111610130e0f0b0c08080404ff01fbfff6fdf1fceefcebfce9fce8fde8fee9ffeafffa00000000000000000000000000000000000002fe09fa0bf80ef710f611f513f513f613f611f80efa0afb05fc00fdfbfef6fef0fdecfde8fde6fce3fce2fbe3fbe6fbe9fcedfdeffe
1752,217236894,-41,11,128,1,0,0,1ee0010000f9fef3fdedfce7fbe3fbe0fbdffbdefbdffbe1fce5fce9fdeffcf5fbfbfa02f807f50bf20ff011ef12ee13ed12ed11ed10fb03000000000000000000000000000000000000fdfff3fff0ffedfeeafde9fce8fbe7fae8f9ebf9effaf3fcf8fefd01020507080b0c0e101113131614181419131811160f130d0f0b0c
1753,217237443,-41,11,128,1,0,0,1ee0010001f900f200ec00e700e300e001de01de01de01e100e400e9ffeffef5fcfbfa01f706f30af00dee0fec10eb10ea0feb0eeb0cfa03000000000000000000000000000000000000fdfff4fdf1fceefbebfaeaf8e9f7e9f6eaf5ecf6f0f7f4faf8fdfd0101050509090e0b120d160f19101b101c0f1b0d190c150a12080e
1754,217237862,-41,11,128,1,0,0,1ee0010005fc08f50bf00deb10e812e613e513e413e511e70fea0ced08f204f6fffafafdf500f002ec03e803e603e502e502e601e700fa00000000000000000000000000000000000000fefdf8f6f6f4f5f1f3eef3ecf3ebf3eaf4eaf6ecf8f0faf4fcf9fdfffe05fe0bfe11fe16fe1afd1dfc1ffc20fc1ffc1cfd18fd14fe10
1755,217238296,-41,11,128,1,0,0,1ee0010001fa01f401ee02ea02e603e303e203e103e203e402e701ec00f1fff6fcfcfa01f705f408f10bef0ded0eed0eec0ded0ced0bfb02000000000000000000000000000000000000fdfef6faf4f9f1f8eff6eef5eef4eef3eff2f1f3f3f5f7f8fafcfd0000040309050e071209150a180a1a0a1b0a1a081807150611050d
1756,217239936,-41,11,128,1,0,0,1ee001000305080a0d0e111114141616161817181617141612130f0f0c0b0805050003fa01f400efffebffe8ffe600e501e502e603e700fa00000000000000000000000000000000000002fe0bfb0efa11f914f916f917f918fa17fb15fc11fd0cfe07fe01fdfafdf4fceffaeaf9e6f7e3f6e1f5e0f4e2f5e5f5e8f7ecf8f0fa
1757,217240491,-41,11,128,1,0,0,1ee00100fa04f609f30ef013ed16eb18ea19e919ea19ec17ee14f110f60cfa08000505020b0010fe14fe17fe19fe1aff1aff1900180105000000000000000000000000000000000000000102060a080c090f0a120a140a160916081607140510040b0306020002fa02f402ee03e904e505e206e006df06e106e405e703ec03ef
1758,217241070,-41,11,128,1,0,0,1ee00100fcfaf7f5f2f1eeedebeaeae8e9e7e9e6e9e7ebe9edecf0f0f4f4f7f9fafffc05fe0bff10ff14ff17ff19fe1afd1afc18fc17ff05000000000000000000000000000000000000fd01f404f105ee06eb06e906e806e705e804ea03ee02f301f901ff0205020b031005150619081c091e0a1f0b1d0b1a0a170913071005
1759,217241531,-41,11,128,1,0,0,1ee0010007030e0415051b062008230924092409230821071d06180512030b0005fdfff9faf4f6f0f3ecf1e9f0e7f0e6f1e6f2e6f3e7fdf900000000000000000000000000000000000001fd08f40af20def0fed11ec13eb14ec14ee12f00ff30af705fafffdf900f202ec04e606e207df07dc07db07dc06e006e405e905ed05
1760,217241961,-41,11,128,1,0,0,1ee00100fafbf3f9eef7e9f5e5f3e2f2e1f1e1f1e2f1e4f2e7f4ecf6f1f9f6fdfa01ff06030b050f07130816091708190718061805170105000000000000000000000000000000000000fd02f608f40af10cef0ded0eec0eeb0deb0ced0af008f505fa03ff0206000cff11fe16fe1afe1dfe20fe21ff1fff1cff180014ff11fe
1761,217242466,-41,11,128,1,0,0,1ee00100fafbf4f7eff4eaf2e6efe4eee3ede3ede4ede6efe9f1edf4f1f8f6fcfb01fe06010b040f05130616061806190519041803170005000000000000000000000000000000000000fd01f506f207ef09ec09ea0ae90ae809e908eb07ef05f403f902ff0205010b01110116021a021d03200420041f041c04180414031101
1762,217244240,-41,11,128,1,0,0,1ee0010005fb0af60ef112ee15eb17e918e818e817e815ea12ed0ef009f404f7fffbf9fef400ef01eb01e802e601e501e500e7ffe8fffaff000000000000000000000000000000000000fffdfcf3fbf0fbedfbeafbe8fce7fde7fee7ffeaffeefff3fff9fefffd05fb0bf911f815f619f51cf31df31ef31df519f616f812fa0e
1763,217245543,-41,11,128,1,0,0,1ee00100fef9fbf3f9eef7eaf6e7f5e5f5e3f5e3f5e4f5e6f7eaf8eef9f3faf9fcfefc04fc0afb0efa12fa15f916f816f816f715f713fd04000000000000000000000000000000000000fdfff4fcf2fceffbedf9ecf8ebf7ebf6ecf6eff7f2f8f6fafafdff00030407080b0b0e0f1011121413151316121510130e100b0d090a
1764,217277302,-43,11,256,1,0,0,b6600b00fb01f505f108ed0be90ee710e611e612e612e811eb0fee0df30af807fe0404010aff0ffe14fd18fd1afd1cfe1cff1b011a020600000000000000000000000000000000000000fe02fa09f80bf60ef310f111f011ef10ef0ff00df30af607fa04fe0103fe07fb0cf810f513f315f117f017ef16ef15f012f10ef30bf5c400141314141514151315131512151215121511161116111611161216121513151414141315121510150f160e160d160c160a1608170617041801080002fffffeffffff02000602120612071208110a110b110c110d110e110f11101111101210131013101310140f140f140f14101410141014111411141214121413141314
1765,217279460,-43,11,256,1,0,0,b6600b00fd04fe0cff13ff18ff1d00200122012301220120021c02180212020b030404fd06f608f00aeb0ce70fe510e512e513e713e904fa0000000000000000000000000000000000000102050a060d07110814081607180619051804160312010d0108000200fb00f500ef00eaffe6ffe3ffe1fee0fee0fde2fde6fdebfdefc4000ffc0ffb0ffb0ffa0ffa0ffa0efa0efa0efa0ef90ef90ef90ef90ef90ffa0ffa0ffb0ffc0ffc0ffd0efe0efe0eff0e000d000d010d020d0304010100ffffff00ff0000ff02fd08f908f909fa09fa0afb0bfb0bfb0bfc0cfc0cfc0dfd0dfd0dfd0efe0efe0efe0efe0efe0efe0efe0efd0efd0efd0efc0efc0ffc0ffc0ffc
1766,217365099,-40,11,128,1,0,0,1ee00100fefcf9f6f6f1f3edf1e9efe7efe6eee5eee6efe7f1eaf3eef6f3f9f8fcfdfe03ff08000d00120115011700180018ff17ff16ff05000000000000000000000000000000000000fdfff5fcf2fceffbecfaeaf9e9f8e9f7eaf6ecf7eff8f3faf8fcfcff020307060b090f0d121014121614171516141412120f0f0d0c0b
1767,217418945,-40,11,128,1,0,0,1ee0010002fe07f80bf30eee10ea12e714e615e514e513e611e90eed0bf106f502fafdfef801f204ee06eb08e808e708e607e706e705fa01000000000000000000000000000000000000fffdfff5fff2feefffebffe900e700e600e701e901ed01f100f6fffbfd01fc07f90df712f617f51af31cf21ef31df31bf518f615f811
1768,217419423,-40,11,128,1,0,0,1ee00100fd02f907f60df312f016ef18ed1aed1ced1bee1af017f214f60ffa0afe05020107fd0cfa10f713f515f517f517f517f616f705fe0000000000000000000000000000000000000002000a000c0110011300160017ff18fe18fe16fe12fe0eff09000301fe03f805f206ed08e809e50ae20be10ae20ae409e708ea06ed
1769,217471456,-40,11,128,1,0,0,1ee0010003fd08f80cf310ef13ec15ea17e817e716e714e912eb0fee0bf206f702fbfdfff803f306ef08ec0aea0be80ae80ae809e908fa0100000000000000000000000000000000000001fd04f506f207ef08ec0aeb0bea0be90bea0bec09f007f404f801fdfd02f907f50cf110ef13ed16eb18ea19eb19ed16ef14f211f40e
1770,217471955,-40,11,128,1,0,0,1ee00100030209030f04140518051b061c071d071c061b06180514040f03090104fffefdf9faf5f8f2f5f0f3eff1eef0eff0f0f0f0f0fcfc00000000000000000000000000000000000002ff0afd0cfc0ffb12fa14fa15fa16fb15fb13fc10fd0cfe07fe02fffcfff7fef1feecfee8fee5fee2fee1fee2fee5fee8feebfeeffe
1771,217474222,-40,11,128,1,0,0,1ee0010004010b0012ff17ff1cfe1ffe21fe22fe21fe1ffe1bfe16fe11fe0bfe04fefdfdf8fcf3faeef8ebf7e9f5e8f4e9f3eaf3ebf3fafc00000000000000000000000000000000000002fe09f80bf70ef511f313f214f215f215f313f410f70cfa07fc02fefc00f502f003ea05e606e307e107df08e007e307e606ea04ee04
1772,217645793,-44,11,256,1,0,0,b6600b0005000c0012ff17fe1afe1dfd1ffc1ffc1efb1cfb19fb14fc0ffc08fd02fdfbfcf5fbf0f9ecf8e8f6e6f4e6f3e6f2e8f1eaf0fafc00000000000000000000000000000000000002fe0af90df810f713f715f716f716f816f913fb10fc0bfd06fe01fffbfff500f000eb00e701e501e302e302e302e603e903ed03f103cb00fce3fbe3fae3fae3f9e3fae3fae4f9e3f9e3f8e3f8e3f7e4f8e3f8e3f9e3fae3fbe2fce2fde3fee4ffe401e503e604e606e707e808e809e903f701fdff0000010000fefefbf9f4eef5edf7edf8ecf9ebfaeafae9fbe8fbe8fce7fde6fde6fee5ffe500e500e500e5ffe5ffe5ffe5ffe4fee4fee4fde4fde4fce3fce3fce3
1773,217647908,-44,11,256,1,0,0,b6600b0005ff0cfc12f917f71bf51ef31ff21ff11ef11cf218f314f50ef708fa02fcfbfef4ffeeffe8ffe4fee2fde0fce1fbe2f9e3f8f9fe00000000000000000000000000000000000002fd09f60bf50ff312f114f116f116f215f413f610f80cfa07fc01fffb01f503ef04eb06e708e409e20ae20be30be50be90aed08f107c400f1e4f0e4efe4eee4eee5eee5eee6eee6eee6ede6ece6ece6ece6ede6eee5efe4f0e4f1e3f2e3f3e4f4e4f6e4f8e4f9e5fbe4fde4fee400e400f600fd000001000000fdfef9fbeef2eff1f0eff1eef1ecf2ebf2eaf3e9f3e8f3e7f4e7f4e6f5e5f5e4f6e4f6e4f6e4f6e4f6e4f5e4f5e4f4e4f4e4f3e4f2e4f1e4f1e4f1e3
1774,217653032,-40,11,128,1,0,0,1ee00100fc04fb0af910f816f61af51df51ff520f520f61df71af915fb10fd0a000404ff07fa0af50ef210f012ef13ef14ef14f013f104fc0000000000000000000000000000000000000002040a050d06100613061506160617051704150211020d0108010201fb00f501ef01e901e502e202e002df02e002e202e601ea01ed
1775,217736808,-40,11,128,1,0,0,1ee0010000fbfdf4fbeef9e9f8e4f7e1f7dff6def6dff7e1f8e4f9e9faeefbf5fcfbfc02fb08fa0df912f815f717f618f518f417f415fd05000000000000000000000000000000000000fdfff5fbf3faeff9edf7ebf6eaf5eaf4eaf4edf4f1f6f4f8f8fbfcff01030508090c0c110f1411171319131a131a11180e150c120b0f
1776,217791941,-40,11,128,1,0,0,1ee0010004000bfd11fc17fa1bf91ef820f821f820f71ef81af915fa10fb0afc03fdfdfdf7fdf1fcedfceafae7f9e6f8e7f8e8f7e9f7fafd00000000000000000000000000000000000001fd07f709f40bf20def10ee11ee12ee12ef11f10ef30af706fa01fdfb01f604f107ec09e80be50ce30ee10ee20ee40de80bec0af008
1777,217843414,-40,11,128,1,0,0,1ee00100fe04010b03110516061b071d071f07200720061e061b05160411030b030403fe04f806f307ee09eb0ae90be80ce90dea0deb03fb00000000000000000000000000000000000002000b030d041005130714081509160a150b130a0f080b06070303fffefbfaf7f6f2f3eef0ebeee8ede6ece5ede5efe7f1eaf3eef4f1
1778,218378661,-93,11,128,1,0,0,4ff114410107010604050404040007fc07fa04f903f905f906f807f809f809f907fb05fb03fc02fe00fdfefafdfbfefdfdfdfafcfcfafffe000000000000000000000000000000000000ff00fe01fc01fb00fafff900f702f601f7fff9fef9fef9fefafefcfffc02fc03fb05fc06ff0601040206000bff0b030b060c050c030c
1779,218455393,-91,11,128,1,0,0,4ccdd4410000000002ff01fffd00fb02fc02fd03ff0002fdfffdfcff0002030100fffdfffd00fe01fd02ff01010001fdfffdff00ff03ff0100000000000000000000000000000000000000ff00fdfffffe00fd00ffff07030d0a070601ff08f911f50bfb040001fefefefdfefcfefafefb00fefffffffffffefefb02fb07ff01
1780,218456339,-94,11,128,1,0,0,cffffc4103fc03feffff00ff010001ff01fffe00fd01000001fdfefcfdfeffff01010001fffffffe0000ff01fe02ff02ff0000ff00ff00ff000000000000000000000000000000000000ff00fd01fc01fc00fe0001ff06f507ec03f700ff05f70bef05f8ff00ffff0002010502040103000201000100ff02ff0002fc02fcfefd
1781,218562197,-92,11,128,1,0,0,6cccc641010002ff02fefffdfefdfffe01fe01fd00fc00fdfffefffefffeffff000001ff01ff02fe04fd01fefeffff00ff00fffffffeffff000000000000000000000000000000000000ff00fe02fe03fe01fefefffc00fc02fd03ff02ff01fe00fdfffdfcfffc0100fe00fefe0001ff04fe03fe01fdfff300ee00f701ff03fe
1782,218646194,-39,11,128,1,0,0,1ee0010002010901100115011a011d011f0120011f011d011a00150010000aff04fffefdf9fcf4faf0f8edf7ebf6eaf4eaf4ebf3edf3fbfc00000000000000000000000000000000000002ff09fc0cfa0ff912f814f815f816f816f814f911fb0dfc08fd02fefdfff700f100ec01e701e402e202e002e102e302e702eb01ee01
1783,218646478,-43,11,256,1,0,0,9660090002fd06f809f30cef0eeb0fe810e610e50fe50ee60ce90aec07f104f601fbfd00f904f408f00bed0dea0ee80ee70de70ce80afa0200000000000000000000000000000000000000fd03f605f306f008ee0aec0beb0ceb0ced0cef0af108f505f901fdfe01fa05f609f30df110ef13ee15ee16ee16f015f213f410f70dbe00e5f6e4f6e4f6e4f6e4f7e4f7e4f7e4f8e4f8e4f8e4f8e4f7e4f7e3f7e4f6e4f5e5f4e6f3e7f2e8f1e9f1eaf0ebefecefeeeef0edf1ecf3ebfbf8fefd000001ff0000fd00f901ec03ec01eb00ebffeafdeafdeafce9fbe9fae9f8e8f7e8f6e8f6e8f5e8f4e8f4e8f4e8f4e8f4e7f4e7f4e7f4e7f4e7f5e6f5e6f5e5f4e5f5
1784,218646746,-39,11,128,1,0,0,1ee00100fffcfdf6fbf0f9ebf8e7f7e4f6e2f6e1f5e2f6e3f7e6f8eafaeffbf5fdfbfe01fe07fe0cfd11fd14fc16fc17fb17fa17fa16fe05000000000000000000000000000000000000fefef8f9f6f7f3f4f1f2eff1efefefeeefeef1f0f4f2f7f5faf9fdfd00020307060c09110b140d180e1a0e1b0e1a0d180b150a12090f
1785,218647203,-39,11,128,1,0,0,1ee00100fdfcf9f8f5f4f1f0eeedecebeae9eae8eae9ebebededf0f0f3f4f7f8fbfdfe020107030c05100513061505170517041603150005000000000000000000000000000000000000fdfff5fef3fdeffdedfceafbe9fae8f9e9f9ebf9eefaf2fbf7fdfcff020207050c08100a140c160e180f1a101910170f140d120b0f0a
1786,218648087,-43,11,256,1,0,0,9660090000030309060f09140b180e1b0f1d101d101c0f1b0e180c14090f0609040301fdfff6fef0feebfee6fee300e201e102e204e301f900000000000000000000000000000000000001010708090a0b0e0d110d130e150d150c150a130811060d04080102fffdfdf7fbf2f9edf7e9f6e6f4e4f3e3f3e4f3e5f4e8f5edf7f0c10017ec17eb17eb17ea16ea16ea15ea15e915e914e914e814e815e815e916ea16ea17eb18ec18ed18ee18f018f118f319f419f619f819fa19fb09fe02ffff00ff01ff0000fd02f908ec09ed0bee0cee0eee0fef10ef11ef13ef14ef15f015f016f017f017f017f117f117f117f017f017f017ef17ef17ee17ee17ed17ec17ec
1787,218649239,-39,11,128,1,0,0,1ee0010000030309060d09120b160c190d1a0e1b0d1b0c190b160913070e0509030302fd00f800f300efffec00e900e801e802e903ea00fa000000000000000000000000000000000000020109040b050e071009120a130b130c120c100b0d0a0a0807050301fefdfaf9f7f4f3f1f1edefebede9ece8ece9eeeaf0edf3eff5f1
1788,218666867,-92,11,128,1,0,0,d8888d410100fdfffd00ff00010001010100ff01fefff5fbeafaf3fc01fe04f602effffafd01ffff02ff02fe00fefffffe00fe000000000000000000000000000000000000000000000000ff00fe00ff00fe01fe02ff00fefefefffe02ff02000101020103ff03fe03fd0200020201fffefefcfffffd01fcfefdfbfbfbfcfe01
1789,218685881,-94,11,128,1,0,0,4ff1144102fd01f902f9fffdfefdfffafbf9f8f8f9f5f8f5f7f9f7f9faf7fbf8fcfbfcfdfcfefcfefe00fe02fe01fefffe01fe03fd01ff00000000000000000000000000000000000000ff00fd02ff01fe02fa04f905fa03fb03fa06fa06fb06fa08f807fb050004000400040306060306fd03fb01fc07fc0cfd0efd0ffd0ffe
1790,218740350,-39,11,128,1,0,0,1ee00100fd01f706f309ee0deb10e812e713e614e714e812eb10ee0ef20af707fd03020007fd0cfb10f913f815f817f817f916fa15fb05fe000000000000000000000000000000000000fe02f909f80cf60ef411f313f214f114f113f211f40ef70afa07fe0202fe07f90bf50ff212ef14ec16ea17e916ea14ec12ee0ff00df3
1791,218741614,-39,11,128,1,0,0,1ee0010000fd01f601ef01ea01e501e202e002df01df01e101e500e900effff5fffbfe01fd07fb0cfa10f813f715f616f515f514f513fd04000000000000000000000000000000000000fffdfdf4fdf1fceefcebfce9fce7fbe7fce7fde9feedfef1fef7fefdff03ff09fe0ffe14ff18ff1cff1fff20ff1fff1d001900150011
1792,218742057,-39,11,128,1,0,0,1ee00100fc00f602f004ea05e606e307e107e008e108e308e507ea06ef04f503fb01010107000c0011011401160217031703160415040501000000000000000000000000000000000000fe01f707f408f10bef0ced0deb0eeb0eeb0ded0cf009f307f804fd0203ff08fc0efa13f817f71af51cf41ef41df41bf517f614f711f8
1793,218742500,-39,11,128,1,0,0,1ee00100fd03fb09f80ef613f417f31af21cf21df21cf31bf518f614f90ffb0afe0401ff05fa08f60bf30ef00fef10ef11ef11f011f104fc000000000000000000000000000000000000ff02fe0bfe0dfd11fc14fc16fb18fb18fb17fb15fb11fc0dfd08ff0301fd03f705f107ec09e90ae50be30be10ae20ae509e808eb06ee
1794,218794877,-39,11,128,1,0,0,1ee00100fe03ff0a000f0015001a001c001e011f011f011d011a01160011000b010402ff04f906f408f009ee0beb0ceb0ceb0dec0ded03fb000000000000000000000000000000000000010108070a090c0c0e0e0f100f110f120f120d100a0d070a05060201fffbfdf6fbf1f9ecf8e8f7e5f6e3f6e2f6e2f7e5f7e8f8ecf9ef
1795,218795400,-39,11,128,1,0,0,1ee0010002fd05f609f00bea0de60fe310e110e010e00fe20de50bea08ef04f401f9fcfef803f307ef0aec0cea0ce80ce70ce70ae809fa02000000000000000000000000000000000000fffdfcf3fbf1faedf9eaf9e7fae6fae5fbe6fce8fdecfef1fef7fefdfd03fc0afc10fb16fb1afa1ef921f922f921f91efa1bfb16fc12
1796,218796810,-39,11,128,1,0,0,1ee0010002fe05f708f00beb0de60fe310e110e00fe10fe20de60be908ee05f401f9fdfef803f306ef09ec0be90ce80be70be70ae809fa02000000000000000000000000000000000000fffdfcf3fbf1faedf9eaf9e8f9e6fae6fae6fbe9fcedfdf1fef6fefdfd03fd0afc10fb16fb1afa1dfa20f922f921fa1efb1afb16fc12
1797,218798017,-39,11,128,1,0,0,1ee00100fcfdf6fcf0fbebfae7f9e4f8e2f7e1f7e1f8e3f8e6f9eafaeffbf4fdfa00ff03040608090b0c0d0e0e110f120e130d130c130204000000000000000000000000000000000000fd01f606f407f109ef0aed0beb0beb0beb0aed09f007f305f803fe02030109000eff13fe18fe1bfe1dfe1ffe1efe1bfe18fe15fe11fe
1798,218799165,-39,11,128,1,0,0,1ee0010000030408080d0b110d150f18101a111a101a0f180e160b12090e0609040302fe01f800f3ffeeffeb00e900e701e702e803e900fa00000000000000000000000000000000000002000a020d02100313041505160616071507130710060c04080203fffefcf9f9f4f6f0f3edf0ebede9ece8ebe9ecebededf0f0f2f2f4
1799,218853311,-39,11,128,1,0,0,1ee001000004030a061008150a1a0b1c0c1e0d1f0d1e0c1c0b1909140710050a030301fd00f700f200ed00ea00e700e601e602e703e800fa000000000000000000000000000000000000020109070b090e0b100e11101211121211120f100c0e090a05060101fdfcfaf7f7f1f4ecf2e8f0e6efe3eee2efe3f0e6f2e9f4ecf5f0
1800,218853789,-39,11,128,1,0,0,1ee00100ff03000a01110217021b021e022002210320031e021b02160211020b020402fe03f805f206ee07eb08e909e80ae90aea0aea02fa00000000000000000000000000000000000001020709090b0b0e0c110d130e150e150d150b130810060c04070201fffbfdf5fbf0f9eaf8e6f7e3f7e1f6dff7e0f7e3f8e7faebfbee
1801,218854253,-39,11,128,1,0,0,1ee00100fffbfef4fceffbe9fae5f9e2f8e0f8dff8e0f8e2f8e5f9eafbeffcf5fdfbfd01fd07fd0dfc11fb15fb17fa18f918f917f916fe05000000000000000000000000000000000000fefef7f7f5f5f3f2f1f0f0eef0ecf0ebf0ebf2edf5f0f8f4faf8fefe01030409060e08130a170b1a0c1d0c1f0c1d0b1a0a1708140711
1802,219607511,-92,11,128,1,0,0,4ff114000504050203ff01fc01fe02ff04fc05fa05fa08fa0bfc0cfd08fd06ff0702060005ff06ff05ff02fffffefefc00fb03f905f901fe000000000000000000000000000000000000ff00fe00fe01ff03010602070107fd09f90cf90bfc07ff05ff04fe04fe04fe03fc03fc03010306050507060809080a06080506060807
1803,219937845,-92,11,128,1,0,0,b4488b4100fe00ff00020003ff02fc03fb01fff802f002f400fd01fe0aff0fff07fffd04fd05000101ff02fe04ff06020200fefe05fc02ff000000000000000000000000000000000000fe01fc05ff040003fe00fefefffdfffdffff000000ffffff000202040404070506020100fffe00fd01fe02000102ff01000001020304
1804,220263741,-91,11,128,1,0,0,62244641fd04fe02fb00fefd0000fd04f905fc04020100fafbf5fdf904fdfef9f4f6f8fa00fe00fdffff0101020100fffffeffff00ff000000000000000000000000000000000000000000000002010202010300020101010001ff02fe0200030001fefe01fb03fd030405090407020300ffffff00fffd02f907f905fcfd00f8
1805,221108822,-41,11,256,1,0,0,8ff00800fc03fb09fb0efb13fb17fb1afa1cfa1dfb1cfb1bfc18fd15fe11000c0206050209fd0df910f714f516f518f519f619f719f906fe00000000000000000000000000000000000002000b030d0410071209130c130e120f100f0d0e0b0c08090505030100fcfef7fcf2fbedfaeaf9e7f9e5f9e5f9e5f9e6f9e9faedfaf0d60017f717f717f617f616f516f516f515f415f415f416f416f416f516f516f616f617f717f717f816fa15fb15fc15fd14fe14ff14011302130306010100ffffff00ff0001fe05fb0ef20ff310f311f411f512f513f614f615f715f716f817f917fa17fa17fb17fb17fb17fb17fb17fa17fa17fa17f917f918f918f818f818f8
1806,221110069,-38,11,128,1,0,0,1ee00100fd04fe0aff0f00140018001b001d001e001d001c001900150010010b0306050108fc0bf80df610f411f312f213f313f413f504fd00000000000000000000000000000000000002ff0bfd0dfd10fe13fe15ff170117021603130310030c02080003fefefbf9f8f5f5f2f1efeeeeecedeaece8ede9efeaf1edf3f0f4f2
1807,221110536,-38,11,128,1,0,0,1ee00100fdfbf7f8f2f7eef5eaf3e8f1e7f0e6efe7efe8f0eaf2edf4f1f7f5fbf9fffb04fd08ff0cff1000130015ff16fe16fe16fd15ff05000000000000000000000000000000000000ff02fc0afb0cf90ff711f512f413f212f211f30ff50cf709fb06ff03040109fe0efd13fb16fb19fb1cfb1dfb1cfc1afc17fd14fd11fd
1808,221111720,-38,11,128,1,0,0,1ee00100fdfbf7f9f2f8eef6eaf4e7f3e6f2e5f1e5f1e7f2e9f3edf5f0f8f5fcf900fc04fe08000c0110021302150216011700160015ff05000000000000000000000000000000000000ff02fc0afa0cf80ff711f512f313f212f211f30ff40cf709fb06ff03040009fe0efc12fb16fa19fa1cfa1dfa1cfb1afb17fc13fc10fd
1809,221202844,-38,11,128,1,0,0,1ee0010003fd08f90cf611f314f116ef18ee18ed17ed15ee13f00ff20bf607f902fcfdfff801f303ef04ec05ea05e805e905e904ea03fa0000000000000000000000000000000000000001fd05f506f308f109ef0aed0bed0ced0cee0bf009f407f704fa00fefc02f806f50af10def10ed11eb13ea13eb13ed11f010f20df50a
1810,221203268,-38,11,128,1,0,0,1ee00100fe04fd0afc0ffb14fa18fa1af91cf91dfa1dfa1bfb17fc13fd0fff09000302fe04f906f408f10aee0bec0cec0dec0ded0dee03fb0000000000000000000000000000000000000002010b010d011001130114011500160015ff13ff0fff0bff06000100fb01f602f102ec03e803e603e403e303e303e602e902ed01f0
1811,221209042,-38,11,128,1,0,0,1ee0010001fb01f301ed02e702e302e002de02dd02de01e001e401e900eefff5fefcfd02fb08f90df712f515f316f217f216f215f214fc05000000000000000000000000000000000000fefdfaf3faf0f9edf8eaf8e8f9e7f9e7fae8fbeafceffdf3fef9ffffff05000c00110017001b001e012001210020011c011901140111
1812,221263637,-38,11,128,1,0,0,1ee0010006fe0af90ef412f115ee18ed19ec1aec1aec18ee15ef11f20df507f702f9fcfaf6faf1f9edf8eaf7e8f5e8f4e9f3eaf3ebf3fbfc000000000000000000000000000000000000fdfef5f8f3f7f1f4f0f2eff0efeff0eef1eef3eff6f2f8f6fafbfc00fd06fe0bfe10fe15fd19fd1cfc1efb1ffb1efb1bfb17fc14fd10
1813,221265966,-38,11,128,1,0,0,1ee00100fc04fb0afb0ffa13f917f819f81af71bf71af818f816fa12fc0efe090205050109fe0cfc10fa12f914f915f915fa15fb14fc05ff00000000000000000000000000000000000002000a010c010f021103120413061307120710070d060904060202fefffafbf6f9f2f7eff5ecf4e9f4e7f4e6f5e7f6e9f7ecf9effaf2
1814,221318158,-41,11,256,1,0,0,6aa0060002050909100c150f1a111e132014201420141e131c11180e130a0d06080003fafff4fdedfbe8fbe3fbdffcddfedd00dd02de00f700000000000000000000000000000000000002fd0bf60ef512f416f319f31af51bf61af817fa14fb0efd08fd02fdfbfdf4fceefbe8fae4f9e0f8def7ddf7def8dff8e3fae7fbebfdcd0002ef02ef02ef02ef01ef01ef01ef01ef01ef01ef01ef01ef01ef01ef02ef03ef03ef04ef04f005f005f106f207f207f308f409f509f50af603fc01ffff0000000000fffefefbfcf4fcf4fdf3fef3fff3fff200f200f201f202f102f102f103f103f103f104f104f104f104f104f104f103f003f003f003f003f003ef03ef
1815,221394164,-37,11,128,1,0,0,1ee0010005fc05f506ef06ea07e609e40ae20ae10ae109e308e607ea05ee02f3fef7fafbf6fef200ee02eb03e803e702e701e700e8fffaff000000000000000000000000000000000000fd00f401f101ee01eb00e9ffe8fee8fce9fbebfbeffbf3fcf7fffc0200050409080d0b110d150e170f1a0f1b0e1b0d190b160a13080f
1816,221395472,-37,11,128,1,0,0,1ee00100050109fd0dfa11f815f617f519f51af51af518f616f712f80ef909fa04fafff9fbf9f7f7f4f5f1f4f0f2f0f1f0f0f1f0f2f0fcfc000000000000000000000000000000000000fefef7f9f6f7f5f4f4f2f3f0f3eff4eef5eef7eff9f2faf5fbf9fcfefc03fc08fb0dfa11f914f817f719f61af619f616f714f812fa0f
1817,221397754,-37,11,128,1,0,0,1ee00100fbfbf5fbf0fbeafbe6fae3f9e1f8e0f8e1f8e2f8e5f9e9faedfbf3fef701fb05ff09010d031104140416041703180217011700050000000000000000000000000000000000000002030a030d03100313021501170017ff17fe14fd11fe0c0008020305fe08f90bf50ff212f015ee18ed19ed19ee17f014f111f30ef5
1818,221399030,-37,11,128,1,0,0,1ee00100020508060e071308170a1a0c1b0d1c0e1c0e1a0d180c140a10070c04080005fb03f701f200ee00eb00e901e702e703e804e901fa000000000000000000000000000000000000fffdfef4fef1ffee00ec01ea02e904e805e905ec04ef03f301f7fefbfa00f604f207ee09ea0be70ce50de30ce40be60ae809eb08ee07
1819,221399516,-37,11,128,1,0,0,1ee00100ff05030a070e0b120d160f180f1a101b0f1b0e1a0c170b14090f080a070406ff07f908f509f10aee0cec0dec0eec0fed0fee03fb00000000000000000000000000000000000001fd06f607f40af20cf00eef10ef11f011f110f30ef60af806fa00fbfbfdf6fdf0fdebfde8fce5fbe2fae1fae2f9e4f9e7faebfbeefc
1820,221399908,-37,11,128,1,0,0,1ee0010004030a01100015ff19ff1cff1eff1f001f001d001a00160012ff0cfe07fc02fafef7faf3f8f0f6eef5ebf5eaf6e9f7eaf8eafefa000000000000000000000000000000000000fefdfbf5faf3f9f0f9edfaebfae9fce8fde9feebffeffff3fef7fdfcfb01f906f60bf30ff012ee14ec16ea16ea15ec13ee11f10ff30c
1821,221400495,-37,11,128,1,0,0,1ee00100ff050409090c0d0f10131215131714181318121710140e120b0d0908070306fe05f805f406ef07ec08eb09ea0aea0beb0bec02fb00000000000000000000000000000000000001fd05f606f409f10bef0def0eee10ef10f00ff20df50af706f901fbfbfdf6fef0ffebffe7ffe4ffe2fee1fde1fce4fce7fceafdedfd
1822,221400927,-37,11,128,1,0,0,1ee0010002fa00f5feeffceafbe6fbe3fbe1fbe0fbe0fce1fce4fce9fceefcf3fbf8f9fef702f407f20aef0ced0dec0deb0ceb0beb0afa02000000000000000000000000000000000000fd01f605f306f007ee08ec08ea07e906e905eb04ef02f302f702fd03020407050c08100a140c160e1810191118111610130f100c0f0a
1823,221401383,-37,11,128,1,0,0,1ee00100fffafaf6f6f3f2efeeecedeaece8ebe7ece7ede8efeaf1edf3f1f6f6f8fcf901fa06f90bf90ff812f714f515f415f414f313fc04000000000000000000000000000000000000fe02fb0afa0cf80ef610f411f212f111f010f10ef30bf608fa06ff04040209000fff13ff17ff1bff1d001f011e011b02180215011201
1824,221401838,-37,11,128,1,0,0,1ee00100fe05020a060e09120c160d190e1a0e1b0e1b0d1a0b170a14080f070a060506ff06fa07f509f10aee0bec0deb0dec0eed0eee03fb00000000000000000000000000000000000001fe07f809f60cf50ff311f313f313f413f512f70ff90bfa07fb02fcfcfcf6fcf1fbedfae9f9e6f8e3f7e2f6e3f5e6f6e8f7ecf8eef9
1825,221457187,-37,11,128,1,0,0,1ee00100fc01fa06f80bf60ff413f216f117f018f118f117f215f411f70efa0afe07020306000bfe0efd11fc13fc15fd16fd15fe15ff05ff000000000000000000000000000000000000020108050a070c090d0c0e0d0e0f0e100d100b0f090d06090406020101fcfff7fff2feedfeeafee7fee4ffe3ffe4ffe6ffe8ffecffef
1826,221458449,-37,11,128,1,0,0,1ee0010003ff06f909f40bf00dec0fea11e812e711e710e90feb0dee0af106f502f8fdfbf9fef4fff001ed01eb01e901e900e9ffe9fefaff000000000000000000000000000000000000fefef7f8f6f6f4f4f2f1f2f0f2eef2edf3edf5eef7f1f9f4fbf8fdfdfe03ff08ff0dff12ff16ff19fe1cfe1dfe1cfd1afe17fe14ff12
1827,221460498,-37,11,128,1,0,0,1ee00100fefcf9faf3f8eff6ebf4e8f3e6f2e5f1e5f1e6f1e9f3ecf4eff7f4faf8fefc02ff06010a030e0411041404160316021602160005000000000000000000000000000000000000fe02f908f70af50cf30ef10fef0fee0eee0def0bf209f507f905fe03030108ff0dfe12fe16fd19fd1cfe1dfe1dfe1aff18ff15ff12ff
1828,221512457,-34,11,128,1,0,0,1ee0014102fc0000fa08fe11fe16fc0dfc09fc12f817f714ff12021201130412050a020102fd06f90af40cf20df20df30df30ef30ff303fc0000000000000000000000000000000000000101060708090a0c0b0d0b100c140b140910090d0a090b0408fe00f8f7f5f3f5f8f2fdeffbeafcdffcdff3e7ece8ede8f3ecf9eff9e9
1829,221513197,-37,11,128,1,0,0,1ee00100020109ff0ffd15fc1afb1dfa1ff920f920f91ff91bf917fa12fb0cfc06fc00fcfafcf5fbf0faecf9e9f8e8f7e8f6e9f6e9f5fafd00000000000000000000000000000000000001fd06f608f40bf10def0fee10ed11ed11ee10f00ef30af706fa01fdfc00f704f206ed09e90ae60ce30de10ee20ee40ce70beb0aee08
1830,221514430,-37,11,128,1,0,0,1ee00100fdfff701f203ed05e906e607e408e308e308e508e707eb06ef05f404fa03000205020a020e021103140415051506140614070501000000000000000000000000000000000000fe02fa08f80af60cf40ef20ff110f010f010f10ef30bf608fa05fe0202ff07fc0bf910f613f415f318f219f119f117f314f412f60ff7
1831,222269993,-92,11,128,1,0,0,4ff11441090105ff04fc04fc01fb01f901f801f703f507f408f607f807f907f905fc05fd04fc02fd01fefefefdfdfdfefbfdfafbfcfcffff000000000000000000000000000000000000fffffd00ff020003ff03ff02010203020104ff07ff07fe05fc03fd040307040503ff04fc04ff04ff02ff030207030903090109ff09fe
1832,222278350,-38,11,128,1,0,0,1ee0010008fe0cfa11f615f418f21af11bf11cf11bf119f216f412f60df707f801f9fcf8f7f7f2f6eff4edf3ecf1ecf0ecefeeefeff0fcfc000000000000000000000000000000000000fdfef5f8f3f6f2f3f0f1f0eff0eef1edf3edf5eff7f2f9f7fbfbfc01fc06fc0cfc11fb16fa19f91bf81df71df71cf819f915fb11fc0e
1833,222362659,-38,11,128,1,0,0,1ee0010004f904f205ed06e807e407e208e008e008e107e306e705eb02f0fff5fcfaf8fef402f004ed06ea07e808e707e706e805e904fa01000000000000000000000000000000000000fcfff2fef0fdecfceafbe9f9e9f8e8f7eaf6edf7f1f8f5faf9fefd020207050b08100a140c170d1a0d1c0d1d0c1c0a1909160812070f
1834,222417627,-38,11,128,1,0,0,1ee001000107040c07110a150b190c1b0c1c0c1d0c1c0b1909160812070d0607050105fb06f608f109ee0aeb0bea0ce90dea0dec0ded03fb00000000000000000000000000000000000002fe0bfa0efa11f913f915f916fa17fc16fd13fe0ffe0bff05fe00fdfafcf4faeff8ebf5e8f3e6f2e5f0e5f0e6f0e9f1ecf3f0f6f3f8
1835,222441087,-42,11,256,1,0,0,6aa00600fafbf5f9f0f7ecf6e9f4e6f3e5f3e5f3e6f4e7f5eaf6eef8f2fbf6fffb02ff07020b050f071307160718061a051a031902180006000000000000000000000000000000000000fd01f607f308f009ed09ec09eb08eb07ec05ee04f103f502fa01000105010a020f021303160318041a041a0419031703140210010d00c9000018001800190119011802180218021802180218031803180318031803190218021801180018ff17fe17fd16fc15fb14f913f812f711f611fc06fe0100fffffeffff00010106041203130213011400140014ff15fe15fe16fd16fd17fc17fc17fb17fa17fa17fa17fa17fb17fb17fc17fc18fc18fd18fd18fe18fe18fe19
1836,222444434,-41,11,256,1,0,0,6aa00600030608090d0b120e151017111812181217111610130d100b0d07090306fe03f801f300ee00ea00e701e402e403e405e506e601f900000000000000000000000000000000000002fd09f60cf50ff412f314f415f515f614f812fa0efb0afd05fdfffdf9fdf4fdeffcebfbe8fae5f9e4f9e4f9e5f9e7faeafbeefdf2feda000ae809e709e708e707e707e807e807e706e706e706e705e705e706e706e707e708e708e708e808e909ea0aec0bed0ced0dee0eef0ef00ff105fb01feff00ff01ff0000fd01f803eb04eb05ec07ec08ec09ec0aec0beb0beb0ceb0cec0dec0eec0eec0fec0feb0eeb0eeb0dec0dec0deb0deb0cea0ce90be90be90be90be9
1837,222517768,-38,11,128,1,0,0,5220050006010d0013fe18fd1cfc1efc20fc21fc20fc1dfc1afc15fc10fd09fc03fbfdf9f8f8f3f5eff3edf1ebf0ebefeceeedeeeeeefbfb00000000000000000000000000000000000000fc02f303f005ed06eb08ea09e90ae90aeb09ed08f106f502f9fefefa02f506f109ed0cea0ee710e511e411e510e80eeb0cef0af208
1838,222721641,-38,11,128,1,0,0,1ee00100fb02f908f80df611f415f317f218f219f218f317f414f611f90efc0a0006040308010cff10fe13fd15fd16fe16fe16ff1500050000000000000000000000000000000000000002000a030c050e061008110a120b110c100c0e0b0b0a0807050302ff00fafef6fcf1fbedfaeafae7fae5fae4fbe5fbe7fceafdedfdf0
1839,222724528,-37,11,128,1,0,0,1ee00100030509060f09150b190c1b0e1d0f1e0f1d0f1c0e190d150a11070c0408ff04fb01f6fef1fcedfce9fbe7fce5fde5fee6fee6fff900000000000000000000000000000000000001fd05f307f109ee0cec0eeb10eb11ec11ed10f00df309f705fafffdfafff401ee03e904e504e204df04de04df04e203e503ea03ee03
1840,222724991,-38,11,128,1,0,0,1ee0010003fc04f604f104ec05e806e607e407e307e406e506e805eb03ef01f4fef9fbfdf700f303f005ed06eb06ea06ea06ea05ea04fa01000000000000000000000000000000000000fdfff4fff2feeffdedfcebfaebf9ebf8ecf7eef8f2f9f5fbf9fdfd0001050409070d09110a140b160c190c1a0b190a1708140711060e
1841,222725496,-38,11,128,1,0,0,1ee00100fbfcf6fbf1fbecfae8fae5f9e4f8e3f8e3f8e5f8e7f9ebfaeffcf4fef901fd050008030b050f0612071407150615051504150105000000000000000000000000000000000000ff02fe0bfd0dfc10fb12fa13f814f714f613f711f80dfa0afd06000204ff09fb0df911f614f517f419f41af419f417f614f711f80ff9
1842,222725932,-38,11,128,1,0,0,1ee0010001fbfef6fcf0faecf9e8f9e5f8e4f8e3f8e3f8e5f9e7faebfaf0fbf5fbfafafff804f608f40cf30ef10ff010f010ef0fef0efb03000000000000000000000000000000000000fd01f504f305f005ed05eb05ea04e903ea02ed01f000f400f800fd02030308050c07100a130c150e171017111610140f120d0f0b0c09
1843,222726561,-38,11,128,1,0,0,1ee00100ff050309060d09110c150d170d190e190d190d180b150a12080e0709050305fe05f905f506f107ee08ec09eb09eb0aec0aec02fb00000000000000000000000000000000000002fe09fa0cfa0ff911f913f914fa15fb14fb12fd0ffe0bfe06fe01fdfcfcf7fbf2f9eef8eaf6e8f5e6f3e5f3e6f3e9f4ebf5eff7f2f8
1844,222727104,-38,11,128,1,0,0,1ee00100fefbfaf7f5f4f2f1efeeedececeaebeaeceaedebeeedf1f0f4f4f6f8f9fdfb02fc07fd0bfd0ffd12fc15fc16fb16fa15fa15fe05000000000000000000000000000000000000fe01f707f508f20af00aee0bed0aec09ec08ee06f105f503f903fe02040109010e021203160319041b051c061b061806150512040f03
1845,222727530,-38,11,128,1,0,0,1ee0010002fb00f5fff0feebfde7fde5fde3fde2fde2fde4fde7fdeafdeffdf4fcf9fafff803f607f40bf10df00eef0fee0eee0dee0dfb03000000000000000000000000000000000000fd00f401f200efffedffebfeeafceafbebfaedfaf0fbf4fcf9fefd01020306070a0a0d0e0f1110131215121611150f140e110c0e0a0b
1846,222728636,-38,11,128,1,0,0,1ee00100ff040309060d09110c150d170d190e190e190d180c150a12080e0609050405fe05fa05f506f107ee08ec08eb09eb0aeb0aec02fb00000000000000000000000000000000000002fe09fa0cfa0ff911f913f915fa15fb15fc13fd0ffe0bfe06fe01fefcfdf7fbf2f9eef8ebf6e8f4e6f3e5f2e7f2e9f3ecf5eef6f1f8
1847,222784853,-38,11,128,1,0,0,1ee00100fdfbf6f9f1f6ebf4e7f2e4f0e2f0e1efe2efe3f0e6f1eaf4eef7f3fbf8fffc04ff09020d04120615061706190519041904180106000000000000000000000000000000000000fe02f708f50af10cef0ded0eeb0eea0dea0cec0aef08f305f804fe0204010a0010ff16ff1aff1dff2000210020001d011a0116011300
1848,222786310,-38,11,128,1,0,0,1ee00100fbfff502f105ec07e909e609e409e30ae40ae509e808eb07f006f505fb05000505060a070e081009120b130c120c120d110d040300000000000000000000000000000000000000020309030c040f041204140315021601150013ff10ff0c0007010203fd05f807f309ef0cec0dea0fe810e710e80fea0ded0bef09f2
1849,222786785,-38,11,128,1,0,0,1ee00100030209020f02140218021b021c031d031d031b021802140110000bff06fd01fbfdf8f9f5f6f2f4f0f3eef3edf3ecf4ecf5ecfdfb00000000000000000000000000000000000000fd02f503f304f006ee07ec09ec0aec0aed0aef08f206f503f900fdfb00f704f306ef08ec0ae90be70ce50ce60be80aeb09ee08f107
1850,222788504,-38,11,128,1,0,0,1ee00100fcfdf6fcf1fcecfbe8fae6fae4f9e3f9e3f9e4f9e7faebfbeffdf4fff901fd050108040b070e0811091309140914081407140105000000000000000000000000000000000000ff02fd0afb0cfa0ff811f712f613f513f412f510f60df809fc06ff0204ff08fc0dfa11f814f617f619f51af51af618f715f812f90ef9
1851,222789657,-38,11,128,1,0,0,1ee00100fdfbf8f9f3f6eff4ecf2eaf0e9efe8eee8efe9f0ebf2eef4f2f7f5fbf9fffc03fe08000c011001130115011600160015ff15ff05000000000000000000000000000000000000fe01f808f709f40bf20cf00dee0dee0cee0bef0af207f505f903fe02040109000e001200160019001b011c011c011901160113011000
1852,222790188,-38,11,128,1,0,0,1ee0010005ff09fa0ef512f216ef18ed1aec1beb1aeb19ec16ee13f10ef408f602f9fdfaf7fbf2fbedfbeafbe7fae6f9e6f9e7f8e8f8fafe000000000000000000000000000000000000fefdf9f4f8f2f7eef6ebf6e9f7e7f8e6f9e7fbe9fcedfdf2fdf7fdfdfd03fb0afa0ff814f718f51bf41ef31ff31ef41bf518f714f911
1853,222791558,-38,11,128,1,0,0,1ee0010003fc05f506ef07ea09e50ae30be10be00be00ae209e507e905ee02f3fef8fafdf601f204ee07eb08e909e709e708e707e807fa01000000000000000000000000000000000000fdfef4faf2f8eff5edf3ecf1ecefeceeedeef0eff3f2f6f5f9f9fdffff05020a041005150619061c061f0621061f051d041a04160412
1854,222793375,-38,11,128,1,0,0,1ee0010004000afb10f814f518f31bf21df11ef01df01bf118f214f40ff609f803f9fdfaf8fbf2faeef9ebf9e9f8e7f7e7f6e8f5e9f5fafd000000000000000000000000000000000000fffdfcf3fcf0fcecfce9fde7fee6ffe500e601e901ed01f200f7fefdfc03f909f60ef412f216ef18ed1aec1bed1aee18f115f312f50f
1855,222793835,-38,11,128,1,0,0,1ee00100fbfcf4fceefce9fbe4fae2f9e0f9dff9dff9e1f9e4f9e8faedfcf3fff902fe050209060c09100b120c150c160c170b160a160205000000000000000000000000000000000000fe02fb0cf90ef711f513f314f215f015f014f111f30df609fa06ff0304ff0afc0ff914f718f61bf51ef51ff51ef51cf719f815f911fa
1856,222794313,-38,11,128,1,0,0,1ee0010002fb02f401ee01e801e401e101df02de02de02e001e301e800edfef3fdf9fafff704f408f10bee0eec0feb0feb0fea0eeb0dfa03000000000000000000000000000000000000fdfff3fdf0fbedfaeaf8e9f6e8f5e8f3e9f3edf3f0f5f4f8f8fbfd0001040509080e0a130c160e1a0e1c0e1e0d1d0c1a0b1709140810
1857,222794847,-38,11,128,1,0,0,1ee0010004010afe11fd16fb1afa1dfa1ff920f920f91ef91bfa16fa11fb0bfb05fbfffaf9f9f4f7f0f6edf4ebf2eaf1eaf1ebf0edf0fbfc00000000000000000000000000000000000000fc01f301f002ec04ea05e807e708e709e808eb07ef05f303f8fffdfb01f706f30aef0eec10e912e713e514e613e811eb0fee0df10b
1858,222795285,-38,11,128,1,0,0,1ee00100fdfbf8f7f3f4eff0ebede9ebe7eae7e9e7eae8ebebedeef0f1f4f5f9f8fefb03fe09ff0e01120115011801190019ff18ff17ff05000000000000000000000000000000000000fd01f507f208ef09ec09ea0ae809e708e807ea05ee04f203f802fe0204020a021003150419051c061f0720071e071b07180615051104
1859,222797048,-38,11,128,1,0,0,1ee00100fffbfbf5f8f0f5ebf3e7f2e4f1e3f1e2f1e2f2e4f3e6f5ebf6f0f8f5fafbfa02fa07fa0df911f814f716f717f617f516f515fd05000000000000000000000000000000000000fd00f303f003ec03e903e702e601e600e6ffe9feedfef2fef7fffd01030309060e08120b150d180f1a111b121a121710140f110c0f0a
1860,222797600,-38,11,128,1,0,0,1ee00100fbfdf6fef1ffecffe8ffe5ffe4ffe3ffe3ffe5ffe7ffeb00f000f501fa02ff04040608080b0b0d0d0e0e0e100e100d100c100304000000000000000000000000000000000000ff02fd0afc0cfb0ff911f813f713f613f512f610f70cf909fc06000204fe08fb0cf810f613f415f317f218f218f316f413f510f70df8
1861,222851208,-38,11,128,1,0,0,1ee0010004fe0af90ff614f217f01aee1bed1bec1bec19ed16ef12f10df407f702fafcfcf6fef1ffec00e900e600e5ffe5ffe6ffe7fef9ff00000000000000000000000000000000000000fd01f301f003ed04ea05e807e708e708e808eb07ef06f403f900fefc03f908f50df211ef14ed17eb19ea1aeb18ec16ef13f210f50d
1862,222851833,-41,11,256,1,0,0,96600900fb03f808f50ef313f117f01af01cf01df01cf21bf418f614f910fc0b010605010afc0ef812f516f419f31af31bf41bf51bf606fd0000000000000000000000000000000000000002010c000fff13fe16fc18fb19fa18f917f914f910fa0cfc07ff0101fc04f607f209ed0bea0de70ee50ee50de50ce70aea08ed07f0cb001c091c091c081c081c071c071b061b061b061c051c051c041c041c051c061c071b081b081a091909170a160b150b140c140d130f1210111006060102fffffe00ffff02ff08ff17ff17001702170417051706180718081809180a180b180c180d180d180e180e180e180d180d180d180d190c190c1a0b1a0b1a0a1b0a1b0a
1863,222852205,-38,11,128,1,0,0,1ee00100fbfdf4fceefbe8fae3f9e1f8dff8def8dff9e0f9e4fae8fceefdf4fffa02ff050408090b0c0e0e111013111410140f140e140305000000000000000000000000000000000000fd02f609f40af10cee0dec0eea0ee90de90ceb0aef07f305f803fe0104ff0bfe10fc16fc1afb1dfb20fc21fc20fc1dfd19fd15fd11fd
1864,222852510,-38,11,128,1,0,0,1ee00100fefbfbf6f8f1f6edf4eaf3e8f2e7f1e6f1e6f2e8f3ebf5eef7f3f9f8fbfdfc02fd07fd0cfd10fd13fd15fd16fc16fc15fb14fe05000000000000000000000000000000000000fdfff5fef3fef0fcedfbecfaebf9ebf8ecf8eef8f1f9f5faf9fcfeff020207060b090e0c100f121114121413131212110f0f0d0c0b0a
1865,222853774,-38,11,128,1,0,0,1ee001000004020b04110516071b081d081f0920091f081d081a07150610050a040304fd04f704f105ed05e906e707e607e607e708e802fa00000000000000000000000000000000000002010a060c080f0a110d120f1310131111110f100b0d080a04060101fdfcfaf6f7f1f4ecf2e8f1e5f0e3f0e2f0e3f2e6f3e9f5ecf7f0
1866,222857746,-38,11,128,1,0,0,1ee00100fffbfdf5fcf0faebf9e8f9e5f8e4f8e3f7e4f8e6f8e9f9edfaf2fbf7fcfcfc02fc07fc0cfb10fb13fa15fa15f915f914f914fe04000000000000000000000000000000000000fdfef6faf5f8f2f6f1f3f0f1f0f0f0eff1eff3f1f6f3f9f6fcfafffe02030408070c08100a140b160c180d190c190b160a130810070d
1867,222859104,-41,11,256,1,0,0,9660090001fb01f402ee02e802e402e101df00de00dfffe1ffe4fee9feeefdf4fcfbfb02f908f70ef513f316f118f019ef19ef18ee16fb05000000000000000000000000000000000000fefdfbf4fbf0fbecfbe9fce7fee5ffe500e701ea01ed02f201f800feff04fe0afd0ffc14fc18fc1bfb1dfc1efc1dfd1cfe18ff14ff10c700f000f000f000f000f001f001f001f101f101f101f101f101f101f101f001f000f100f1fff1fef2fef2fdf2fdf3fcf3fcf4fbf4faf5f9f5f9fcfdfeff000000ff00fffe00fc02f505f505f404f403f303f302f202f201f201f100f100f1fff1fff1fff1fef1fef1fef1fef1fef1fef1fef1fef1fff1fff0fff0fff0fff0ff
1868,222860514,-41,11,256,1,0,0,9660090003fd07f80af30def0fec10e911e711e610e70ee80cea0aed07f103f6fffbfbfff704f307ef0aec0ce90ce80ce70ce70be80afa0200000000000000000000000000000000000000fd03f405f207f009ee0bec0dec0eed0eee0df10bf408f705fb01fffd03f907f50af20df010ee12ed13ed14ee14ef13f111f40ef70ccd00e7f2e7f2e7f2e6f2e6f3e6f3e7f3e7f3e7f4e7f4e6f5e6f5e6f5e7f4e7f4e8f3e8f2e9f1eaf0ebf0ecf0edefefeff0eef1eef2edf4ecf5ecfcf8fffd000001000000fdfff8feeafceafbeaf9ebf8ebf6ebf5ebf4eaf3eaf2eaf1eaf0eaf0eaefeaefebeeebeeebeeebeeebeeebefebefeaefeaefe9efe9f0e8f0e8f1e9f1
1869,222862617,-41,11,256,1,0,0,9660090003fd06f809f30cee0eeb0fe80fe60fe50ee50de70be909ed06f103f6fffbfb00f704f308ef0bec0dea0ee90ee80de80ce80bfa0200000000000000000000000000000000000000fd02f403f206ef07ed09eb0beb0cec0ced0cef0af208f605fa02fefe03fa07f60af40ef111ef13ee15ee16ef16f014f312f50ff70cca00e6f5e6f5e5f5e5f6e5f6e5f6e6f7e5f7e5f7e5f7e5f7e5f7e5f7e5f6e5f6e6f5e7f4e8f3e9f2eaf1ebf0ecf0edf0eeeff0eef1edf3ecf4ecfcf8fffd000001ff00fffd00f801ea04ea03e901e9ffe8fee8fde8fce8fae7f9e7f8e7f7e7f6e7f5e6f5e7f4e7f4e7f3e7f3e7f3e7f3e7f4e7f4e7f4e7f4e6f4e6f4e5f4e5f4
1870,222870565,-93,11,128,1,0,0,3cc77341ff0001010001ff01ff02fefefffb02fd01fd03f605f202fb0001fb06f40bfa07020002ff0101ff01fd00feffff00ff00fdfeffff000000000000000000000000000000000000ff00fe00010202030005fe04ffff01fd01fefe00fefffffdfffe0001010100ff00fe02ff03fe00fdfefefffe00fdfffef900f502fb01
1871,222884404,-92,11,128,1,0,0,4ff1140005020100fffefffbfffafef9fef7fff5fff6fff600f400f300f401f702f802fa03fb03fc00fdfffefdfefafefafdfbfbfbfafefe00000000000000000000000000000000000000000200020001020404060605080507060503040006ff07000602050003ff0201040404030105fe07fc08fb0bfd0efe0efe0eff0efe
1872,223074282,-38,11,128,1,0,0,1ee00100fcf9f8f5f5f2f2eff0ecefeaeee9eee9efeaf0ecf2eff4f2f6f6f8fbfa00fb05fb0afb0efb11fa13fa15f915f914f813f812fe04000000000000000000000000000000000000fe01f708f509f20af00aef0aee0aed09ee08f006f304f703fc02010206010b020f031303160418051a061a071907160613050f040c02
1873,223075691,-38,11,128,1,0,0,1ee00100fbf8f6f4f1f1edeeebebe9eae9e9e8e8e9e9ebebedeef0f1f3f6f6fbf901fb06fc0bfc10fc14fb16fb18fa19f918f917f815fe05000000000000000000000000000000000000fe02f80bf60df30ff110ef10ee10ed0fed0def0bf208f706fc04020208010d00120017001b001d011f021f031e031b03160212010f00
1874,223131047,-38,11,128,1,0,0,1ee0010003f602f001eb02e602e203e003df03df03e003e302e701ebfff1fdf6fafcf600f304ef06ec08ea09e809e709e808e907e906fa01000000000000000000000000000000000000fc01f203ef03ec02ea02e801e700e8fee9fdecfdf1fdf6fefb0000030506090a0d0e1011121413171318131911180f150d110b0e090a
1875,223134694,-38,11,128,1,0,0,1ee0010008fd0cf811f414f217f019ef1aef1aef19ef17f013f20ff40af605f8fff9f9faf4f9f0f9ecf8eaf7e9f6e8f5e9f5ebf5ecf5fbfd000000000000000000000000000000000000fdfdf6f6f5f4f4f1f3eef3edf4ebf5ebf7ecf8eefaf2fcf7fcfcfd02fd07fc0dfb12fa16f919f71bf61df61df61bf718f914fb10fc0c
1876,223135250,-38,11,128,1,0,0,1ee0010006060b090f0b140d17101811181218121711150f130d0f0a0c06080105fc02f801f300efffebffe8ffe700e700e701e901ea00fa00000000000000000000000000000000000001fd07f308f20bf00def0fef10ef10f010f10ef40bf707fa02fcfcfef700f201ed01e901e501e301e100e100e3ffe6ffeaffee00f200
1877,223135775,-38,11,128,1,0,0,1ee0010008fc0cf70ff413f115ee17ed18ed18ed17ee15ef12f10ef409f604f8fefaf9fbf4fbf0fbecfaeaf9e9f8e8f7e9f7eaf7ecf7fbfd000000000000000000000000000000000000fdfdf6f6f4f3f3f1f3eef3edf4ecf5ebf6ecf8effaf2fcf7fdfcfd02fd07fd0dfc12fb16fa19f91bf81df81df81bf818f914fb10fd0d
1878,223137471,-38,11,128,1,0,0,1ee001000109050f08140b190c1c0d1e0d1f0d1f0d1e0c1b0a170912080c070607ff07f908f409ef0aeb0ce90de80ee80ee90eea0dec03fb00000000000000000000000000000000000003fe0ef810f713f716f718f819f919fb17fc14fd0ffe0afe04fefefcf7fbf2f8ecf6e8f4e5f1e3efe2eee2eee4efe7f1ebf3eff6f3f9
1879,223399400,-42,11,256,1,0,0,7660070005fa05f406ef07ea08e708e409e209e209e308e507e706eb04ef00f4fdf8f9fcf400ef02eb03e703e502e400e3ffe4fde5fbf9fe000000000000000000000000000000000000fc00f2fff0feedfdebfbeaf9eaf8eaf6ecf6eff6f2f8f6faf9fefd020006020b040f061307160818081a081a0819071807150611060ed900e703e703e704e704e704e705e805e805e805e805e806e806e806e805e705e704e703e702e801e800e9ffe9feeafdeafceafbebf9ecf8ecf7f9fcfefe000001ff00fffe01fa03ef08ef08ee07ed06ed05ec04eb04eb03ea02ea02e901e900e900e8ffe8ffe8ffe8ffe8ffe8ffe8ffe900e900e801e801e801e801e801e801
1880,223481675,-38,11,128,1,0,0,1ee00100fdf7f9f1f7edf4e9f3e5f2e3f1e2f1e2f2e3f2e5f4e9f5eef7f3f9f9fafffa05fa0af90ff813f716f617f517f517f515f414fd05000000000000000000000000000000000000fc01f105ef05ec05ea04e803e802e801e900ecfff1fff600fc01010207040c071109140c170d190f1b101b111910160e120c0f090d07
1881,223490698,-38,11,128,1,0,0,1ee00100f7fef0feebfee6fee2fedffddffddefde0fee2fee6ffebfff000f702fd04020607090b0c0e0f10101112111310130f130e120304000000000000000000000000000000000000fe03fb0ef910f712f514f415f315f214f212f30ff60bf907fd03020007fc0cf911f716f519f31bf31df31ef31cf419f515f611f80df9
1882,223544684,-38,11,128,1,0,0,1ee00100fc06fc0dfc13fb18fa1cfa1ffa20fa21fa20fa1dfb19fc14fe0f0009030306fe09f90cf50ff211f013ef14ef14f013f113f204fc00000000000000000000000000000000000002010b080d0a0f0d110f1111111210130f120c10090d0609030300fefef8fcf2faedf9e8f9e4f8e2f8e0f8dff9e0f9e4fae8fcedfcf1
1883,223553233,-38,11,128,1,0,0,1ee001000206050c09110c150e180f1a101b101b101b0e180c150a11080c0606040003fa02f502f002ec02e902e703e604e704e805e901fa00000000000000000000000000000000000003ff0e00100013011602170317041705160513050e0409030400fffdfafaf5f7f0f4ecf1eaeee8ece7ebe6ebe8ecebeeeef0f1f4f4f6
1884,223555027,-38,11,128,1,0,0,1ee0010005050b071009140c180e1a101b101b101a10180e150c11090d06090204fe01f9fef5fbf0faedfaeaf9e8f9e7fae7fbe8fce9fffa00000000000000000000000000000000000002fd0af50cf40ff311f213f214f214f414f511f70df909fb04fdfefef8fff2ffedffe8ffe4ffe2fee0fddffde1fde5fde9feedfff1ff
1885,223555608,-38,11,128,1,0,0,1ee0010007ff0dfc12fa17f81af71cf61ef61ef51df61bf617f813f90df907fa01fbfcfbf6faf1f9edf8ebf7e9f6e9f4e9f4ebf4ecf4fbfd000000000000000000000000000000000000fffc00f100ef01ec02ea03e805e805e806ea06ed05f103f600fbfdfff904f609f20def10ec13eb14e915e816e914ec12ee0ff20df50a
1886,223556442,-38,11,128,1,0,0,1ee0010005fa07f50af00dec0fe810e611e512e511e50fe70dea0aee06f203f7fefbf9fef501f003ec05ea05e805e705e704e803e902fa00000000000000000000000000000000000000fdfdf6f5f6f2f5eff4edf4ebf5eaf6eaf7ebf9edfaf1fcf6fdfbfe01fe07fe0dfe12fd17fd1afc1cfb1efb1ffb1dfc1afc16fd12fe0e
1887,223556858,-38,11,128,1,0,0,1ee00100fcf9f7f5f3f1efeeecebebe9eae8eae8eae9eceaeeedf1f1f4f5f8fafb00fd05fe0a000f001300160018ff18fe18fd17fd16ff05000000000000000000000000000000000000fd01f306f006ed06eb06e906e805e804ea03ec02f101f601fb01010207030c041105150719091b0a1d0a1d0b1c0b180a150811060e04
1888,223557302,-38,11,128,1,0,0,1ee001000107040c07110a150c190d1b0d1c0d1d0c1b0b190a160912070d0507040104fb04f605f105ed06ea07e908e809e909ea09eb02fa00000000000000000000000000000000000003ff0dfd10fd13fe15ff17ff17011702160213030e02090104fffffdfafaf5f8f0f5edf2eaf0e8eee7ece7ece8edebefeef1f0f4f3f7
1889,223557770,-38,11,128,1,0,0,1ee001000007030c061108160a1a0a1c0b1d0b1d0b1c0a1a09170712060d0507040104fb04f605f106ed07ea08e909e809e90aea0aeb02fa00000000000000000000000000000000000003000e00100013021503160417051606150612060d050903040000fdfbfaf6f6f2f3efefecedebebe9eae9e9eaeaededf0eff2f3f5f5
1890,223559616,-38,11,128,1,0,0,1ee0010004fb06f607f109ee0beb0ce90de80de70ce80bea09ec07f004f401f8fefcfafff702f304f006ee07ec08eb07eb07ec06ed05fb01000000000000000000000000000000000000fefdf8f6f7f4f6f2f6f0f6eef6edf7edf8eefaf0fbf3fdf7fefcfe01ff06ff0bff0ffe13fe16fe18fd1afd1bfd19fd17fe13fe10ff0c
1891,223561064,-38,11,128,1,0,0,1ee0010006fe0cfb12f816f61af51cf41df31df31cf31af416f512f70cf807fa01fbfbfcf5fcf0fcecfbe9fbe8fae7f9e8f9e9f8eaf8fafe00000000000000000000000000000000000000fc01f202ef03ec05ea06e907e908e908eb08ed06f204f601fbfe00fa04f609f20def10ec12ea14e815e815e914ec12ee0ff20df50a
1892,223563139,-38,11,128,1,0,0,1ee0010000f9fff2ffecfee7fde3fde1fde0fde0fde0fde3fde7fdecfcf1fcf7fcfdfb03fa08f80df611f513f415f315f314f313f312fc04000000000000000000000000000000000000fdfef3f8f2f7f0f4eef2edf1edf0eeeff0eff2f0f5f4f9f8fcfcff010206050b071009150a180b1a0b1c0b1d0b1c0a1908150711060d
1893,223564607,-38,11,128,1,0,0,1ee0010006010d00130018001c001e001fff1fff1eff1cfe18fe13fe0efe08fd02fcfcfbf7f9f2f7eff5ecf4ebf3eaf2ebf2ecf2edf2fbfc00000000000000000000000000000000000001fd08f50af30df20ff011f012f012f112f210f40cf708fa04fdfefff901f303ee05e906e607e308e108e108e308e607ea06ee05f204
1894,223567221,-38,11,128,1,0,0,1ee00100f903f407f00aec0ee910e712e612e712e712e911ed0ff00cf509fa06000405010b000ffe13fe16fd18fe19fe18ff17ff16000500000000000000000000000000000000000000ff03ff0dff10fe13fd15fc16fb17fa17f915fa12fa0efc09fe0401ff04fa07f50af00ced0fea10e812e712e711e80feb0ded0af108f3
1895,223619101,-38,11,128,1,0,0,1ee00100fdf9faf3f7eef4eaf2e6f1e4f1e2f0e2f0e3f1e5f3e8f4edf7f2f9f8fbfefc04fc09fc0ffc13fb16fa18fa18f918f917f816fe05000000000000000000000000000000000000fc00f201ef00ecffeaffe8fee7fce8fbe9faecfaf0fbf5fcfafe000105040a070e0a120d151017121914191518141512120f0f0c0d0a
1896,223920470,-38,11,128,1,0,0,1ee00100fffafff300ed00e700e300e000dfffdeffdffee1fee5ffeaffeffef6fefcfd03fc09fb0ef912f815f717f618f517f516f515fd05000000000000000000000000000000000000fefdfaf4f9f1f8eef8ebf7e9f8e8f8e8f9e9faebfceffdf4fef9ffff0005000b01110116021a021d021f0220021f021c02180214020f
1897,223921777,-38,11,128,1,0,0,1ee00100fc04fa0bf810f615f41af31cf31ef31ef31ef41cf618f714f90ffc09000303fe07f90af50df110ef12ee13ee13ee13ef13f104fc0000000000000000000000000000000000000003010d010f00120015ff17ff18ff18fe17fe14fd10fe0cff06000002fa03f405ef06ea07e608e308e109e008e107e406e805ec04ef
1898,223922212,-38,11,128,1,0,0,1ee00100fa00f302ed03e804e405e105df06df06e006e206e505ea04f003f602fc02030209020e0212031604180519061806170716070501000000000000000000000000000000000000fd02f508f30af00cee0dec0deb0deb0deb0ced0bf108f505fa03ff0105fe0bfc10fa15f819f71bf61ef51ff51ef51bf617f713f90ffa
1899,223922710,-38,11,128,1,0,0,1ee00100fb02f607f10bed0eea11e813e614e615e715e813eb11ef0ef30af907fe03040009fd0efb12f915f917f819f918f918fa17fb05ff000000000000000000000000000000000000fe02fb0cfa0ef811f613f515f416f416f414f512f70ef90afc06000104fc08f70bf30fef11ec13ea15e816e715e813ea10ed0df00af3
1900,224033860,-37,11,128,1,0,0,1ee00100fe01fe08fe0ffe16fd1bfd1efe21fe23fe22fe21fe1eff19ff14000d0107020004fa06f408f00aec0bea0ce90de90ee90eea03fa00000000000000000000000000000000000001020509060c08100913091609180919081907170513030f020a010300fdfff7fef0fdeafde5fce2fcdffcddfddefde0fde3fde7fdeb
1901,224039739,-38,11,128,1,0,0,1ee00100fd00fa07f70df513f317f11bf01def1eef1ef01df21af416f612fa0cfe06020106fd0af90ef512f314f216f116f216f216f305fc0000000000000000000000000000000000000002010b020e0211011501170119001aff1afe17fe14fd0ffe0aff0401fd02f704f105eb07e708e309e009df09df09e208e507e806ec
1902,224040885,-38,11,128,1,0,0,1ee00100fe010007010d021203160319031b041d041d041b031803140210020b0205020003fb04f605f106ee07ec08eb09ea09eb09ec02fb0000000000000000000000000000000000000101070608080a0a0c0c0d0e0d100d110d110b10090e070b05070203fffefdf9fbf4f9eff8ebf7e9f6e6f5e4f6e5f6e7f7e9f9edfaf0
1903,224042188,-38,11,128,1,0,0,1ee00100fd00fb06f90bf710f514f416f318f31af31af418f516f613f80ffb0bfe06020206fe09fa0df80ff611f513f513f513f613f704fd00000000000000000000000000000000000000010308040a050d0510061205140515041503130210010d0108010301fe01f901f302ee02ea03e804e504e404e404e603e903ec03ef
1904,224042634,-38,11,128,1,0,0,1ee00100fefdf8fbf1f9ecf7e7f6e4f4e1f4e0f3e1f3e2f3e5f5e8f6edf8f3fbf8fefd020206060a0a0e0c100e130e150e150d150c150305000000000000000000000000000000000000fd00f604f305ef06ec07ea07e807e706e706e904ec03f002f502fb01020108010d01130118021c021f03210320031d031a0317031502
1905,224046593,-38,11,128,1,0,0,1ee0010001fdfef7fdf1fbebfae6f9e3f9e0f8dff8dff8e0f9e3fae8faedfbf2fcf9fcfffb05fa0af80ff713f615f516f416f315f315fc05000000000000000000000000000000000000fdfff5fcf3fbeff9edf7ebf6eaf4e9f3eaf2ecf3eff4f3f7f7fafbfe00020407070b0a100d1310161119121b111b10190f160d130b10
1906,224100496,-39,11,128,1,0,0,1ee00100f801f507f20cef0feb12e914e815e715e814e913eb10ef0ef30bf809fe07040609060e071208140a160b160c150d140e130e040300000000000000000000000000000000000002000c020f031105140615081609160b140b120b0e090b06070204fe01f9fff4feeefceafce6fce3fde1fde0fee1ffe3ffe7ffebffef
1907,224206396,-93,11,128,1,0,0,ccc55c41fc00fc00fc00fc02fd03020001fef803f30afa06ff00fe00fef600ee00f6ff05fd07fb02fd01010002030206fe02feff030201010000000000000000000000000000000000000000fe05fd0400ff02fb01fd00ff01fe03fd01fc00fc03fc03fd01ff00fe00fefe01fd03ffff01fd00fdfffcfefeff00000001fefffc
1908,224255023,-91,11,128,1,0,0,3cc77341fefcfdfbfefb00fb01fd0000000101fffefefc00fc00fdfdfdfbfcfcfe02ff05010404020300ff00fc00feffff01ff0200fe00fe000000000000000000000000000000000000fffffdfe00ff02ff0101fe01fff601edfcf6fb00060310070502fbfbfbf8fcf8fdfd0202060107ff04fd01fb01fa00f9fff701f903fd
1909,224255681,-90,11,128,1,0,0,aee22a410104010302fe01fbffffff0000fdfffffe03fe02fe00fd00fe0002fd02fd00fffe00fffffffdfdfcfeffff03010301fffffdffff000000000000000000000000000000000000ff00fe01ff0001fefffdfb01f80afa0fff0401000e0b17150a0cfdfafaf6fdf901f700f800fb01fc00fe00ff0100fe03f802f500f900
1910,224286969,-38,11,128,1,0,0,1ee00100fffafcf5f9f1f6edf5e9f4e7f4e5f3e4f4e5f4e6f6e9f7edf9f2faf7fbfdfb02fa07f90bf80ff612f513f413f413f312f311fc04000000000000000000000000000000000000fd01f505f306f007ee07ec07eb06ea05eb04ed03f102f502f902fe03040309050e061108150a170b190d190d180d160c130b10090e07
1911,224318286,-93,11,128,1,0,0,c2211c41f601fa04fd04fe0203020507050609010b01090507050703080107010500040005ff04ff01fe00fdfffcfdfbfcfbfcfcfcfcfeff000000000000000000000000000000000000010005ff06fc04fc02fc02fb04fc05fb08f708f607fa06f906f907fc05fefefffafefdfcfffcfafcf8fcf7f8f6f5f6fbf8fff8fcf6fa
1912,224346794,-38,11,128,1,0,0,1ee0010005fe09f90ef512f115ef18ed19ec1aec19ec18ed15ef11f20cf507f802fafcfcf6fdf1fdedfdeafce8fbe7fae7f9e8f9e9f8fafe000000000000000000000000000000000000fefdf9f4f8f1f7eef6ecf6eaf6e8f7e8f9e8faebfceefcf3fdf9fdfefc05fb0af910f815f719f61cf51ef41ff41df51af617f813fa10
1913,224347335,-38,11,128,1,0,0,1ee00100fe05020b04110616081a081c091e091f081f081d071906150510040a040405fe06f807f309ef0aec0ceb0dea0eea0eec0eed03fb00000000000000000000000000000000000003ff0dfe10fe13fe16ff17ff190019011802150311020c02070002fdfcfaf7f7f2f4eef1ebeee9ece8eae7e9e8eaebecedeef0f1f2f3
1914,224347858,-38,11,128,1,0,0,1ee00100fa03f809f60ef313f117f01aef1bee1cef1bf019f116f413f70ffb0a0006040209ff0efd12fc15fb17fb18fc18fc18fd17fe05ff00000000000000000000000000000000000002010a070c090f0c100e1110111210120f120d110a0e070a050503ff01fa00f4ffeefee9fee5fee2fedfffdeffe0ffe3ffe6ffeaffee
1915,224348304,-38,11,128,1,0,0,1ee00100fa00f506f10aee0eeb11e913e714e714e714e812ea10ee0df30bf808fe05030408020e01120115011702180418051705160605010000000000000000000000000000000000000102070b080d09100913091509160817071606140410030c0306030103fb04f505ef06ea07e608e409e10ae00ae209e508e806ec05ef
1916,224348765,-38,11,128,1,0,0,1ee0010001fafff3feeefce9fbe5fbe2fae0fadffbdffce1fce5fce9fceffcf5fbfbfa00f806f60af40ef210f112ef12ee12ee10ee0ffb03000000000000000000000000000000000000fc00f201f000ec00eaffe8fee7fde7fce8fbeafbeefcf3fdf8fffd02020507080b0c0f1012131415151715181417121510120d0f0b0d
1917,224349302,-38,11,128,1,0,0,1ee0010005020b01110017ff1bff1eff1f00200020001e001a00160011ff0bfe05fc00fafbf7f7f4f3f1f1eff0edf0ecf1ebf2ebf4ecfdfb000000000000000000000000000000000000fffcfff200f001ec01ea03e804e705e706e806eb05ef03f301f8fdfdfa02f606f10aee0deb0fe811e612e412e511e80feb0dee0bf109
1918,224349757,-38,11,128,1,0,0,1ee00100fc05fd0bfd11fd16fc1bfc1dfc1ffb20fb1ffb1dfc1afc16fe11000b0205050008fc0cf80ff512f313f315f315f315f515f605fd00000000000000000000000000000000000003000d020f0212041505160717081709150913090f080b05070203fefef9faf5f7f0f5ecf3e8f1e5f1e3f1e2f2e3f3e6f5e9f6ecf7ef
1919,224350302,-38,11,128,1,0,0,1ee0010000fafef3fbeef9eaf8e5f7e3f7e1f7e0f7e1f8e2f9e6f9eafaeffbf5fbfbfb01fa07f80bf60ff512f314f214f114f113f112fc04000000000000000000000000000000000000fc00f202f001ec01ea00e8ffe7fee7fee8fdebfdeefdf3fef8fffd02030508080c0b100e13101512171418151615141312110f0e0d0b
1920,224350810,-38,11,128,1,0,0,1ee0010000fafcf4f9eff6eaf4e6f3e4f3e2f2e2f3e2f4e4f5e7f7ebf8f0f9f6fafcfb02fa07fa0cf810f713f615f516f416f314f313fc04000000000000000000000000000000000000fd00f304f004ed04ea04e804e703e702e801ea00ee00f300f801fe02040409060e09120b160d180f1a111b121a111710140e110b0e09
1921,224351408,-38,11,128,1,0,0,1ee0010004030b02110117021b021d021f0320031f031d021a02160211000bff05fd00fafbf7f8f4f5f1f3eef2ecf2ebf2eaf4ebf5ebfdfa00000000000000000000000000000000000000fd01f302f003ed04eb06e907e808e909ea08ec07f005f402f8fefdfa01f505f008ec0be90de60ee40fe30fe40ee60ce90bed09f008
1922,224351845,-38,11,128,1,0,0,1ee00100fffafbf4f7f0f5ebf2e7f1e5f1e3f0e2f0e3f1e5f3e8f5ecf7f1f9f6fafcfb02fb07fa0cf910f714f615f616f516f415f414fd04000000000000000000000000000000000000fd01f406f106ee07ec08ea08e807e706e804ea03ee02f302f802fe0204030a040f061408170a1a0c1c0e1c0f1b0e190d160b13091007
1923,224353003,-38,11,128,1,0,0,1ee00100fd04fd0bfe11fe16fe1bfd1efd1ffd20fd1ffd1efd1afe16ff11000b0205050008fb0bf70ef410f212f113f114f114f214f305fd00000000000000000000000000000000000002000c020f031204140616071609160a150a120a0e080b06070202fefefafaf5f7f1f5ecf3e9f1e6f0e3f0e2f1e3f3e5f4e9f6edf7f0
1924,224353546,-38,11,128,1,0,0,1ee0010004fc05f506ef07e909e50ae30ae10ae00ae10ae309e607ea05ef02f4fef9fafef602f305ef07ec09ea09e809e808e807e906fa01000000000000000000000000000000000000fdfef4faf2f8eff6eef4ecf2ecf1edf0eeeff0f1f3f3f6f7f9fbfc00ff05020b031005150619061c061e0620061e051b041803140311
1925,224353984,-38,11,128,1,0,0,1ee00100fe05010b03110616071a071d081f081f071f071d061a05160410040a040405fe06f908f409f00bed0ceb0eeb0feb0fed0fee03fb00000000000000000000000000000000000002ff0cfe0ffe12fe15ff1700180118021702150310020c02070002fdfcfbf7f7f3f4eff1eceeeaece8eae8e9e9e9ebeceeeef1f1f4f3
1926,224355270,-38,11,128,1,0,0,1ee00100fd05000b01110216031a031d031f03200320031e021a02160210020b030505ff07fa09f50bf10dee0eed10ec11ed11ee11ef04fc00000000000000000000000000000000000003000c000e01120115021603170517061607140710060b04070102fefdfaf9f7f5f2f1efefebede9ece7ece6ede6eee8f1ebf3eff5f2
1927,224406597,-39,11,128,1,0,0,1ee00100020507080c0a100d13101512171317141613151212100f0d0c090805050102fb01f600f200ee00eb00e900e801e803e903e901fa00000000000000000000000000000000000001fd07f609f50bf30df20ff110f111f111f30ff40cf709f904fafffcfafdf5fef0ffebffe7ffe5fee2fee2fde3fde6fde9fdecfef0fe
1928,224407064,-38,11,128,1,0,0,1ee00100f9fcf2fdedfde7fde3fde0fcdefbddfbdefbe0fae4fbe8fcedfdf4fff902ff060309070d0a110b140c160b180a180918071701050000000000000000000000000000000000000003000dff10ff13fe15fd17fc18fb18fa17fa15fb11fc0cff07030306fe0af90ef512f216f019ee1bee1ced1bee19f016f313f40ff5
1929,225957202,-93,11,128,1,0,0,caa44c41fb01fc03fb04fc02000002fe01fc00fc01fd01fe00ffff00fcfffdfe00feffffff01fefffefd00feff00ff0101010100ff00ff0000000000000000000000000000000000000000ff01ff00fd01fd01fd02fe04ff030002ff03fe04fe040002020101000101010102010002fd03ff0104fd02f7fbf2f7faff05050402
1930,226468509,-94,11,128,1,0,0,4ff11441fa04f902f800ffff05ff06ff0400050207fe09fb0afa07f905f804f702f801fa00fc00fd00000003fe04fb03fa02fb01fc02ff0000000000000000000000000000000000000001010405040104ff020204060809080b080a0707060506050704060002fefdfdfcfcfb00fa03fb03f903f502f6fef9fdf500ee02ec00
1931,226676148,-95,11,128,1,0,0,4eeee44100050001fcfffdfffe02fe04ff0100020004fd04fb06fc09ff06ff02fc00fe02fe02fb01fb01ffff02fe03000401040002fe00ff00000000000000000000000000000000000000ff02000101ff00fdfffdfffdff00fe04fc04fc01fe010001ff02fc02fbfffefd00fefefffe02000101fc01f701f9fffffdfbfafaf8
1932,226980514,-96,11,128,1,0,0,4ff11441f705fb0301020103ff03020205030402050008020904080308020700070006fe07fc07fb04fc00fcfefdfdfcfefcfdfcfbfffe0000000000000000000000000000000000000000000202020103ff05fe07fd08fc08fd08fd06fb06fa09fc07fc04f905f904fd0101fe00f9fdf7fdfafdf8fbf5fdf501f607f307f203
1933,227336736,-94,11,128,1,0,0,e88ffe41fdfc00ff0501070106ff01fefa06f806fe0005060a0b0e060802fffe04f808fb0304030704040201ffff00fd03fc05fa05f801fe000000000000000000000000000000000000fefefbfcfcfdfcffff0001ff00ffffff02ff01ff00ff00ff0001ff02000000fe01ff040203ff01fc00feffff00fe01feffffffff0105
1934,228460474,-94,11,128,1,0,0,e55aae410302090207fd01fdfe00fe00fe01010002fa02f803f903fd0001fe04fe02fefe00fd01ff0001ff00ff00fffffffe01fe01ff00ff000000000000000000000000000000000000ff01fd03fc01fc02fe020001f403e905f402fffff9f5f3ebfcf40200fc02fb03ff0200030003030101fbfff703fd060008ff08fe03fc
1935,228633896,-44,11,128,1,0,0,1ee0010007020e0315051a061e0721082208230822081f071b0615050f03090003fcfdf8f9f4f5f0f2ecf0e9efe7f0e6f1e6f3e7f4e8fdfa00000000000000000000000000000000000001fd08f609f50bf30df20ff10ff110f20ff30ef50af707fa02fcfdfef801f202ed04e805e506e206e006df06e105e405e804ed04f103
1936,228634431,-45,11,128,1,0,0,1ee00100fb05f90bf811f615f419f31bf21cf21cf21cf319f516f712fa0dfe08020306ff0bfb0ff813f615f517f518f618f717f816f905fe00000000000000000000000000000000000001020608070a080c080e0810081008110710060e040b0307020201fe00f900f4ffefffebffe700e500e300e301e400e700eb00ef00f2
1937,228635198,-45,11,128,1,0,0,1ee00100fcf9f8f4f4f0f1ecefe9eee7ede6ede5eee6efe8f1ebf3eff6f4f9fafc00fd06fe0cfe11fe15fe18fd19fc1afb19fb18fa17fe05000000000000000000000000000000000000fd00f501f301f001ee00ed00ecffecffeefef0fef3fef7fffc00000205030a050e071209140b170d180e190e170e150c120a0f080c06
1938,228635727,-45,11,128,1,0,0,1ee00100fe06fe0dfe13fe17fd1bfc1dfc1ffc1ffc1efd1cfd18fe13ff0e0108030205fc08f70cf30ef011ee12ee13ee13ef13f012f104fc000000000000000000000000000000000000020108060a070b090d0b0d0c0d0d0d0d0c0d0a0b07090506030200fdfef9fcf4faf0f9ecf8e9f7e6f7e5f7e4f8e5f8e8f9ebfaeffbf3
1939,228636181,-45,11,128,1,0,0,1ee001000306070b0a0f0d1310161118111a121a111910170d140b10080b060504ff02f901f401ee01ea01e702e603e504e604e705e901fa00000000000000000000000000000000000002ff0aff0cff0f00110012011202120211020f020c02080103fffffdfafbf5f9f1f7eef4ebf3e9f1e8f0e7f0e9f0ebf2eef4f1f6f3f8
1940,228642419,-45,11,128,1,0,0,1ee0010002f903f305ed06e908e508e308e208e207e306e505e903ee01f3fff9fdfffa04f709f40df210f012ef13ee13ef12ef11f010fc03000000000000000000000000000000000000fffdfef5fef3fef1feefffedffed00ed00ee01f001f301f700fc0001ff06fe0bfd0ffc14fc17fb19fb1bfa1bfb1afb17fc13fd0ffe0c
1941,228643087,-45,11,128,1,0,0,1ee0010004fa07f50bf00eed10ea12e812e712e711e80fea0cec09f005f502f9fdfef902f506f008ed0aeb0ce90ce90ce90beb0aec09fb0200000000000000000000000000000000000000fd02f503f304f105ef06ee06ee07ee07ef07f205f504f902fdff01fd05fa0af70ef511f313f215f117f117f116f313f510f70df90a
1942,228643622,-45,11,128,1,0,0,1ee00100f9faf3f5eff1ebeee8ece6eae5eae5eae6ebe8edebf0eff4f4f8f9fdfe020207060c0a100c140d170e180e190d180c170b160205000000000000000000000000000000000000fdfef5fbf3f9f1f8eff6eef5eef5eef4eff4f1f5f5f7f9f9fdfc010006040a070e0a110d141016111812191317121410110d0e0a0b07
1943,228644151,-45,11,128,1,0,0,1ee0010008fe0ffd15fc1afb1efb20fb21fa21fa20f91df918fa12fb0cfb06fcfffdf8fdf2fcecfbe8fbe5fae3f9e3f9e4f9e6f9e8f9fafe00000000000000000000000000000000000002fe0afa0cf90ef811f812f713f813f913f910fb0dfc08fe03fffe01f902f303ee04e905e606e306e106e106e206e605ea05ef04f303
1944,228644579,-45,11,128,1,0,0,1ee00100f7fff0feeafee5fde1fddefdddfdddfddffee2fee6ffec00f200f901000207040c0511071609180a1a0b1a0b190b170b160a0502000000000000000000000000000000000000fd00f402f102ef02ec01eb01ea00ea00ebffeefff2fef6fefcfe01ff07ff0d00120016001a011c011e011f011d011a01160111000d00
1945,228672544,-45,11,128,1,0,0,1ee00100f803f205ed07e909e60be40ce30ce30de50de70ceb0af008f506fb04010107ff0cfe11fd14fc17fb18fb19fc18fc16fc15fd05ff000000000000000000000000000000000000fd01f606f407f108ef08ee08ed08ed08ed07f006f304f702fb0000fe05fc0afa0ff913f716f619f51af51bf419f516f613f80ff90cfa
1946,228673091,-44,11,128,1,0,0,1ee00100f6ffeffee9fde4fce0fcddfbdcfbdcfcddfde0fee5feebfff200f801000206040c0612081609180b1a0b1a0c190b170b150a0502000000000000000000000000000000000000fd00f302f001ed01eb01e900e800e8ffe9feecfef0fdf5fdfbfe01fe07ff0d00130118011b021e02200321031f031c02170212010e00
1947,228673630,-44,11,128,1,0,0,1ee001000407080d0b130e17111b121c131d131d131c11190f150c10090a050402fefef8fcf2f9ecf8e8f7e6f7e4f7e4f8e4f8e6f9e8fefa00000000000000000000000000000000000001020809090b0b0e0c100c120c130c140b130911060d03090104fefffbf9f8f4f5eff3ebf1e7f0e5efe3eee3efe4f1e7f3ebf6eff8f3
1948,228674588,-44,11,128,1,0,0,1ee00100fc07f90ef614f419f21df11ff120f220f31ff41df618f913fc0dff07020005fa09f50cf00eec10ea11e912e911ea10eb10ec04fb000000000000000000000000000000000000ff02fc0cfb0ef911f813f714f615f515f514f611f70df908fc03fffe02f805f307ee0aea0ce60de40ee20ee10ee30ce60aea08ef07f2
1949,228675014,-44,11,128,1,0,0,1ee0010007ff0d00130018001c001e001f001fff1efe1bfe17fe12fe0cfe06fefffdf9fdf4fceffbebfae8f9e7f9e6f8e7f8e9f8eaf9fafe00000000000000000000000000000000000002ff0afe0dfe0ffe12fe13ff14ff1400130011010d0109010401fe01f900f400eeffeaffe7fee4fee2fee2fee3fee6ffeaffeffff3ff
1950,228675481,-44,11,128,1,0,0,1ee00100f8faf3f5eef1eaede6ebe5eae4e9e3e9e4ebe6edeaf0eef4f3f8f9fdfe020307080b0b0f0e1310151117111710170f150d140305000000000000000000000000000000000000fdfef5f9f3f7f1f5eff3eef2eef1eef0eff0f2f2f5f4f9f7fdfb01ff06030a080e0c110f14121614181519161815151212100e0c0b09
1951,228675999,-45,11,128,1,0,0,1ee001000505090a0d0e1012131414151616161615151412110f0d0c0a07050301fefdf9faf4f7f0f4edf3ebf2e9f2e9f3eaf4ebf5ecfdfb0000000000000000000000000000000000000101070709090a0b0b0d0c0e0c0f0c100b0f090e070b04080104fe00fbfbf8f7f5f3f2eff0eceeeaede9ece9edeaf0ecf2eff4f2f7f5
1952,228676747,-45,11,128,1,0,0,522005000206050c071209160a1a0b1b0c1c0c1c0c1b0c180a140810060a040501fe00f9fef3fdeefdeafce8fce6fce6fde7fde8fde9fffa00000000000000000000000000000000000001020508060b070d070f08110712071306120510030d01090004fefffcfafbf5f9f0f8ecf7e9f6e6f5e5f5e4f6e5f7e8f8ecfaf0fbf3
1953,228682538,-45,11,128,1,0,0,1ee0010002f905f208ed0ae80ce40de20de10de10ce20ae409e806ed04f201f8fdfef904f608f20cef0fed11eb12eb12eb11ec10ed0ffb0300000000000000000000000000000000000000fd00f400f200ef01ec02eb03ea03ea04eb04ed03f103f502fa0000fe05fd0bfa10f914f818f71af61cf51df61cf719f815fa11fb0d
1954,228683791,-45,11,128,1,0,0,52200500f8fdf1fbecf9e7f8e3f6e1f6e0f5dff6e0f6e3f8e7f9ecfbf1fdf8fffe02040509090d0c100f1211131213131313111210110404000000000000000000000000000000000000fd00f502f202ef02ec02eb02ea02e901ea00ec00f0fff5fffaff00ff05000b001101150219031c041e041f041d041a04170313020f01
1955,228886913,-43,11,128,1,0,0,1ee00100fd0bff110015001a001dff1ffe20fd1ffd1efd1bfe16ff12010c030707020bfe0ffb13f916f818f819f919fb18fc17fd15fe05ff00000000000000000000000000000000000002fd09f70af50cf40ef310f311f311f411f50ef70bf807f903f9fef9f8f9f3f8eff6ebf4e8f3e7f1e6f0e6efe8efebf1eef4f1f6f3f9
1956,228888237,-43,11,128,1,0,0,1ee0010007f909f40bef0dec0fea11e912e912e911ea10ed0df00af305f601f8fbfaf6fbf2fbeefaebf9e9f8e9f7e9f6ebf5edf5eff5fcfd000000000000000000000000000000000000fd00f400f200f000eeffedffecfeecfdedfdf0fdf3fef6fffa02fd050008030c060f07130815091709190819071806150512050e040b
1957,228892215,-43,11,128,1,0,0,1ee0010008050f04140519061d071e081f091e0a1d091a08160711050c0208fe03fa00f5fef0fdecfde8fde6fee500e501e602e803e900fa000000000000000000000000000000000000fefdfbf4faf2faeff9edf9ebfaeafbeafbebfcedfdf1fcf5fbf9f9fef703f508f10cee0fec11ea12e813e713e812eb0fee0df20bf509
1958,228893580,-43,11,128,1,0,0,1ee001000afe0ffa14f818f61bf51df51ef51ef61df71bf816f911fa0cfa06fa00f9faf7f6f4f2f1f0eef0ecf0eaf1e9f3e9f5ebf6ebfdfb000000000000000000000000000000000000fdfef5f9f3f8f1f7eff5eef4eef3eef2eff2f1f3f4f5f6f9f8fdfa02fb07fc0cfc12fc16fb19fa1cf91df81ef81cf819f915fb12fd0e
1959,228893970,-43,11,128,1,0,0,1ee00100faf7f5f3f1f0eeecebe9ebe7ebe6ebe6ede7eee9f1ecf3f1f6f6f8fcf902f908f80df611f514f316f116f015f014f011f010fc03000000000000000000000000000000000000ff02fd0cfd0efc10fb13fa14f915f815f814f811fa0efc0b0007040408010dfe11fd16fb19fb1cfb1efb1ffc1dfd1afd16fd12fd0ffc
1960,228894459,-43,11,128,1,0,0,1ee0010004f704f205ed06e907e608e409e40ae40ae509e808eb05f002f4fff8fbfcf6fef200ee01eb01e800e7ffe8fee9fdebfcecfbfbfe000000000000000000000000000000000000fd00f503f304f105ef05ed05ec05ec04ec03ee03f202f502fa03fe05030707090a0c0d0f0f111013111511160f150d130b100a0d090a
1961,228900964,-43,11,128,1,0,0,1ee0010009fc0df711f315f018ee1aee1cee1cee1bef19f115f310f50bf705f8fff8f9f7f5f5f1f2eeefedededebeeeaf0eaf2ebf4ecfdfb000000000000000000000000000000000000fdfff3fff1ffefffecffebfeeafdeafcebfbedfcf0fcf4fef701fb05fe09010d031204160519051c041e041f031d021a02160312030f
1962,230263653,-94,11,128,1,0,0,377ff34102fd0101ff03fe02ff01fffefefcfffcfffef6fbeef8f5fd01030c0512060804fffffffd00000003ff03fe010001010101ff00ff00000000000000000000000000000000000000000101ff00fd00fdfffffe00fd00ffff00fefffdfefdff00ff03ff0200fefffdfffcfefcfffe02fe00fdfefefefffe01ff04020203
1963,230564591,-93,11,128,1,0,0,4ff1144102f900fcfdfcfbfcfbfef901f702f601f500f301f401f5fff6fff702f903fc02fd01fe010002ff03ff030003010502060305000100000000000000000000000000000000000000ff04fe0500050204040404040306030803080107020704040400020001020000fc00fa03fa04fa05f804f601f400ef02ee04f202f5
1964,231076628,-93,11,128,1,0,0,4ff11400fff6fdfbfcfffa01fb03fc04fb05fd050006fe09fd09fe09fc0afc0afc08fb05fb02fc02000103ff05ff05fe07fd08fe08ff02ff00000000000000000000000000000000000000ff03ff05ff06ff05ff06000901090305030402050105010301050007fe07fd04fe01fdfdfafbf5fdf2fef2fdf4faf6f8f6faf5fcf4
1965,231753217,-92,11,128,1,0,0,544ff54101000402030100fe00fb02fa05fe0301020102ff01ff01fefffffdfffefefffffffffe01fe03ff0100ff00ff01fe00fdfffdffff0000000000000000000000000000000000000001020602030301030001ff01fd00fdfe0000020102000203ff03fdfe02fe06ff05fe03fefefffc02fd03fe08fa0cf704fcfdfffdfe
1966,231754164,-93,11,128,1,0,0,8bbee84101fdffff030105020203010202010402020101ff000001010100000101ff00fcfffcfffdfd00fdfffefcfdfdfd01ff0002fd01ff00000000000000000000000000000000000000fe03fd0300010000ff000000020101fffffb00fa01fe01020101fefffa01fa01fcfe00ff03ff00fffefefdf501ee05f202f6fef8ff
1967,231793435,-93,11,128,1,0,0,4ff11441f4fff700fa01fc0300040303050305040506060806080507050606050606030602040301020001ff01fd00fb01fb00fbfffafffe000000000000000000000000000000000000000001ff00fd00fb03fb06fb07fc06fd05fe07fc0af90afa07fd02fc00f901fa00fefffffefffbfef8fdf7fbf6fdf400f201f402f503
1968,231860236,-93,11,128,1,0,0,beeaab41fd00ff05ff03fdfefcfdfdfefe0001010100fbf8f3f1f8f800ff0af90ff307f800ff010101020002ff02ff01ff0000010202010000000000000000000000000000000000000000000000ff00fe00ffff01fd00fe0000000000010100ff00000102010300010101ff0001fe01fffe00fe00fe00fdfefefe00020004fe
1969,232217739,-38,11,128,1,0,0,1ee00100f9fef2feecfee8fee4fee1fee0fde0fde1fee3fee7feebfff100f702fc04010606090a0c0d0f0e110f120f130e130d130c120204000000000000000000000000000000000000ff02fd0bfc0efa10f912f714f614f514f513f510f70cf908fd05010105fd09fa0ef712f415f318f21af11bf21af317f414f610f70df8
1970,232249875,-38,11,128,1,0,0,1ee0010004020b02110116021a021d031e031f031e031c02190214010f000afe04fcfff9fbf6f7f3f5f0f3edf2ecf2eaf3eaf4ebf5ebfdfa00000000000000000000000000000000000000fd02f403f204ef05ed07eb08ea09ea0aec09ee08f105f502f9fffdfb01f605f208ed0aea0ce70de50de40de50ce70beb0aef08f207
1971,232250416,-38,11,128,1,0,0,1ee00100010506090b0d0e1011141216131714171317121510130d0f0a0b0806050003fb02f602f102ed02ea03e804e705e705e906ea01fa00000000000000000000000000000000000002fe09fa0bf90ef811f713f714f715f814f912fa0ffc0bfd06fd01fefbfdf6fdf0fbecfae8f9e5f8e4f7e3f6e4f6e6f7eaf8edf9f1fb
1972,232510245,-93,11,128,1,0,0,4ff11441fb03fb03fd01fffe00ff0204050608050a0709070706050604070407040603040302030003fe02fe02fe04fd04fc04fa03fa00fe000000000000000000000000000000000000fffffefdfefefdfffcfffdfefcfefbfdfcfcfcf9faf8f9faf8fbf9fafafcfcfffd00fa00f905fa0dfa0df808f408f209f309f308f405
1973,232715080,-92,11,128,1,0,0,4ff11441fa01fb03fd05ff0402030403040406030804070507040803060505040602060103010103ff0200ff00fd00fd01fc01fc02fc00fe00000000000000000000000000000000000000ff00fd00fdfffcfefcfcfcfbfbfcfbfefc01fb03fa03f700f7fffc01ff00fffc00fa00f900f504f705f906f408f208f307f306f204
1974,233321501,-94,11,128,1,0,0,0ddee04100ff00fffbfcf7fdf905fa07fc04020607070207f809f80afd0cff07ff020000fffdfffd00010004ff03ffff04fe03fff901fd00000000000000000000000000000000000000000003020101ff00ff00000000020004ff01ffff00010002ff00fffefffe0000fffffeffff01fe03fe01fffcfffbfffd01ff0101fe02
1975,233894975,-93,11,128,1,0,0,accffa4100010101020000ff01ff0502080207020006fb08040505fcfef803f908fb05fc03fd00fdfffe000003000102000304ff07f702fc00000000000000000000000000000000000000ff00fffffffefffd00fefffffffe00fefffffe00ff020000fffdfffbfefffe04ff06ff030002000300030101fffefefefffefffdfd
1976,234251615,-92,11,128,1,0,0,355cc341fefefcfcfefe00feffff00ff01fcfffd00ff01000100fffefefe01fe00fffe02fd01ff0001000101010001ff00feff00ff01ff00000000000000000000000000000000000000000002ff02fc02fe0002fe0102090510fe07fcfe0406090f07090101fffe00fa01f900fdff01fc00fcfefffdfefcfdfd02030406fe00
1977,234260612,-39,11,128,1,0,0,1ee0010004030a040f06140718091a0a1b0a1c0a1b0a1909160812060e04090204fffffbfbf8f7f4f5f1f3eff2edf2ecf2ecf4ecf4ecfdfb00000000000000000000000000000000000002fe0afa0cfa0ff912f814f815f915f914fa12fb0efd0afe05fe00fefafef5fef0feebfee8fde5fde3fde2fde3fde6fde9fdedfef0ff
1978,234261084,-39,11,128,1,0,0,1ee00100fe06fe0dff130018001d001f002100210020011e011b01160110020a030304fd06f708f20aee0ceb0dea0ee90fea0feb0fec03fb00000000000000000000000000000000000002010a080c0a0e0d0f0f1010101210130e120c10090d0709040501fffefafcf4faeef8eaf7e6f6e3f5e0f5e0f6e1f7e4f8e8f9ebfaef
1979,234261518,-39,11,128,1,0,0,1ee00100fa02f606f209ee0deb0fe910e811e812e811ea10ed0ef00cf409f906ff04040209000eff11ff14ff16ff170017001601150205000000000000000000000000000000000000000002000b000e0011ff13ff15fe16fd16fc14fc12fc0efd0aff05010003fb05f608f20aee0ceb0de90fe710e70fe80deb0bed09f007f2
1980,234263158,-39,11,128,1,0,0,1ee00100fb04f809f60ef412f216f117f019f019f119f217f414f610f90dfd080104050009fc0dfa10f812f714f715f715f715f814f905fe0000000000000000000000000000000000000102040b050d050f061206140515051504140312020e010a0005010001fa02f502f003eb04e804e505e305e305e405e704ea03ee02f1
1981,234263613,-39,11,128,1,0,0,1ee0010005fb08f50bf00eec11e812e613e513e412e411e70fea0bed08f203f7fffbfafff502f004ec06e907e707e607e606e705e804fa00000000000000000000000000000000000000fefdfaf3faf0f9edf9eaf9e8fae8fbe7fce8fdebfeeffef4fefafefffd06fc0cfb11fa16f91af81df71ef71ff71ef81af917fa13fc0f
1982,234264006,-39,11,128,1,0,0,1ee00100fef9faf3f7edf5e9f2e5f1e3f1e2f1e2f1e2f2e4f4e8f5ecf8f2f9f8fbfefc04fc0afb0ffb14fa16f918f819f718f617f616fd05000000000000000000000000000000000000fc00f201ef00ecffe9ffe8fee7fde7fce8fbecfbf0fbf4fdfaffff01040409070e0a120d151017121913191418131511120f0f0c0d09
1983,234264449,-39,11,128,1,0,0,1ee001000206060a0a0d0d111014111512161217121610140e110c0e090a0605040002fb01f600f100ed00ea00e901e801e802e903ea00fa00000000000000000000000000000000000002ff0bfd0efc10fc13fd14fd15fe15ff140011000e00090005ff00fefafcf5faf0f8edf7eaf5e8f3e6f2e6f2e7f2eaf4ecf6f0f8f2f9
1984,234264950,-39,11,128,1,0,0,1ee00100020607090b0d0e101113121513161316121511140f110c0e090a0705040002fb01f600f100ed00eb00e901e802e803e903ea00fa00000000000000000000000000000000000002fe0bfb0dfa10fa12fa14fa15fb15fc14fd11fe0efe0aff05fffffefafdf5fbf0faecf8e9f7e7f6e5f5e5f4e6f5e9f6ecf7eff9f2fa
1985,234265392,-39,11,128,1,0,0,1ee00100f904f60af30fef13ed16eb18ea19ea19eb18ed16ef14f210f60dfb09000506020bff10fd14fc17fb19fc1afc1afd19fe18ff05ff0000000000000000000000000000000000000102060c070e0711071407160617061705160314020f010a010501ff02f802f304ed05e906e507e208e108e008e207e506e904ed03f1
1986,234265796,-39,11,128,1,0,0,1ee00100f8fcf2fcecfce7fbe3fae0f9dff9dff9e0fae2fae6fbebfcf0fef600fb0301060509090d0c100d120e140e160e160d150b140205000000000000000000000000000000000000fe02f90cf70ef510f312f112f012ef12ef10f10df40af807fc04010107fe0cfb11f916f81af71cf71ef71ff71df71af816f912fa0ffa
1987,234283768,-39,11,128,1,0,0,52200500fa05f80cf513f319f11def20ee22ee22ef21f01ef21bf516f810fc0a010506ff0bfb10f714f417f319f21af31af41af519f606fd0000000000000000000000000000000000000103060d080f09130a1609180919081a071905160412020d020601ff01f901f201eb02e603e103de04db04db04dc04e003e402e901ed
1988,234293492,-38,11,128,1,0,0,52200500fd05fe0cfe13ff19ff1dfe20fe22fe22fe22fe1ffe1bff170011010a020405fe07f80af30df00fed11ec12ec12ed13ee13ef04fc00000000000000000000000000000000000002010b060d07100a120c130d140f13101210100e0c0c0808050401fffef9fbf4f9eff6eaf5e6f4e3f3e1f3e0f3e1f5e4f6e8f8ecf9ef
1989,234320410,-39,11,128,1,0,0,5220050006010d00130018001d001f00210021ff21ff1eff1aff15ff10fe0afd03fcfdfaf8f8f4f5f0f2edf0ecefecedededeeedefeefcfb00000000000000000000000000000000000001fd05f306f108ee0aec0ceb0deb0eec0eed0def0af307f603fafefef901f405ef08eb0ae70be50ce20de10de30de60be90aed08f106
1990,234334412,-38,11,128,1,0,0,5220050004020a021003150319041c041e051e051e051c04180314020f02090004fdfffbfaf8f7f5f4f1f2eff1edf1ecf2ecf3ecf4edfdfb00000000000000000000000000000000000001fd05f607f409f10bf00def0eee0fef0ff00ef20bf508f804fbfffefa00f502f004eb06e807e607e308e208e307e607e906ed05f004
1991,234336107,-38,11,128,1,0,0,52200500fa02f508f20dee11eb15e917e818e719e818e916ec13ef11f40df909ff0504020a0010fe14fd17fd19fd1bfe1bff1a00190106000000000000000000000000000000000000000102040b050e05120615061705180419031802150111010c0107010102fa03f405ef07e908e50ae20be10be00be10ae309e707eb06ee
1992,234337848,-38,11,128,1,0,0,5220050004030a031004150419051b061d061d061d061b06170513040f020a0004fe00fbfbf7f8f4f5f1f4eef3ecf3ebf4ebf5ebf6ebfdfa00000000000000000000000000000000000001fd05f607f409f10bf00def0eef0eef0ff00df20bf508f804fbfffdfa00f502f004ec05e806e606e307e207e406e605e905ed04f004
1993,234359324,-93,11,128,1,0,0,c55eec41fe000002040302030001020003020002fe01ffff00fefffe00fd02fc01fbfefd000102030102ff01fe01fe00fefffdfffdffff0000000000000000000000000000000000000000ff02ff03ff03ff01fe01ff0000ff00ff01ff01ff01ff01ff000000fffffdfefd00fd01ffff01fe01000001f8fbf0f4f8f701fe0301
1994,234367128,-39,11,128,1,0,0,52200500fafaf4f8eef7e9f5e6f3e4f2e3f1e2f0e3f1e5f2e8f4ecf6f0f9f5fdf902fd06000b0110021403170219021901190018ff17ff05000000000000000000000000000000000000ff02fc0cfb0ef911f713f614f414f314f313f410f60cf909fd06020207ff0cfc11fa15f919f81bf81ef81ff81ef91afa17fb13fb10fb
1995,234423979,-38,11,128,1,0,0,5220050005050c05120518051c071e082008210920091e081b08170612040c0107fd03f800f4feeffcebfce8fce6fde5fee5ffe500e600f9000000000000000000000000000000000000fffdfcf3fcf0fbecfce9fde7fee6ffe600e601e901ed01f2fff7fcfdf902f607f10bed0eea11e712e513e313e411e610e90eed0cf00a
1996,234634995,-38,11,128,1,0,0,1ee0010002fc04f506f007eb09e70ae50ae30ae20ae209e408e806ec04f002f6fffbfc00f804f508f20bf00dee0eed0eec0eed0ded0cfb02000000000000000000000000000000000000fefdfbf5faf2f9eff9ecf9eaf9e9fae8fbe9fcebfdeffef3fef8fffeff04fe0afe0ffd14fd18fd1bfc1dfc1efc1dfc1bfc17fd14fe11
1997,234639676,-38,11,128,1,0,0,1ee00100030309061009150b1a0d1c0f1e101e101e0f1c0e190c150a10070a0305ff00fbfbf7f8f2f5eff3ecf2eaf2e8f3e8f4e9f5e9fdfa00000000000000000000000000000000000002fe0cfb0ffb13fa16fa18fa19fb1afc19fc17fd12fe0dff07ff01fefafdf4fceefbe8fae4f9e1f8def8ddf7dff8e2f8e5faeafbeefb
1998,235955684,-93,11,128,1,0,0,d99bbd41000100030002ff00fefefd00fd02feff01fe0101ff01feff01fe01ff00fffefffcfefcfefefefefefffe000001010000fffeffff0000000000000000000000000000000000000001ff05fe05fe03fdfffefe0001000100000101fe01fe0102030303010100fffefdfdfeff000001fd00fafef402ef07f703fe00ff00
1999,236095335,-93,11,128,1,0,0,4ff11441ff09fe060002020103040603070105010501070108030703050303060208020705050503020101ff03fe05fe04ff030003000000000000000000000000000000000000000000ff00ff00fe01fb03fb04fc04f904f804f704f602f700f700f900fc01fe00fd01fc05fc07fe08000afe0bfc0dfe0e000eff0aff06ff05
2000,236698728,-93,11,128,1,0,0,0aadd04101fffffffdfefefefffefcfcfffd0afe0ffb07fc0000010009040e050801fd01fbfffffe00000101040008fe06010001fffbfffe000000000000000000000000000000000000fffffffd02fd02ffff02fd02ff01ff01fdfdfefd01fd02fd02ff03030102fffe00fd0201020100010002020102ff00fffefbfdfafcfe
2001,236727591,-92,11,128,1,0,0,4771140009040a0206fe02fe01fe01fd03fd08fd09fb07fa08f909fa08fb08fb07fc05fe04fe03fe01ff01fd00fafefafdfcfffc01fb00fe00000000000000000000000000000000000000000201000300040006ff08fe09fe0bfa0bf909fd09fc09f906fb06ff0702050103010403040704090308050a070a08080a070b040a
2002,236728175,-96,11,128,1,0,0,47711400fd04fd03010205010601070009fe0afe0aff0aff0a000900080008000701070005fd02fc00fe00ff020003ff03fd03fc03fd00ff000000000000000000000000000000000000fffffdfcfcfdfd00fc02f901f801f800f7fff8fff800f7fff6fff800fcfefeffff01fe03ff060308040a030d010e000cfd0dfc0cfe0c
2003,236812472,-94,11,128,1,0,0,4ff11400fafdfdfefcfff901f902fb05fc08fc08fc09fb09fa07f807f907fb05fb06fb07fc05fd03fe03fe03ff03000200030004010600010000000000000000000000000000000000000000fffffefcfffbfefafdfafcf8fbf6fcf8fff900f901fa01fb01fb01fc00fdfffdfdfefcfffafff701f400f3fef3fdf2fbf2f9f4fb
2004,237118402,-93,11,128,1,0,0,4ff114410a07080407010700070007fd07fa06f706f509f509f808fb0af909f808fa06fd04fe01fcfffefffefffcfefbfefc00fc01fb00fe00000000000000000000000000000000000000000101010202040204010400060005ff05fd06fe06fe08fd08ff05ff02ff0100020102020105fe08fd07010607080a080a06090506
2005,237323184,-93,11,128,1,0,0,4ff1144100fafefbfdfcfbfbf8fcf6fef6fdf7fcf7fcf6fbf7fbf7f9f7f9f8faf9fafcfcfefffcfffcfefd00fd00fd00fd01fd02fe02ff0000000000000000000000000000000000000000fe01f803f904f903fa01fa01fa04fb05fc04fd05fe09fc08fd04ff02fe01fd01fbfffbfefb00f900f7fff500f502f301f300f602f4
2006,237937611,-93,11,128,1,0,0,4ff11441020003030505040303fe05fa06f705f505f708fa0afc07fb06fb05fc04fe04ff0500030000fffffdfefdfdfdfefafff8fdfbffff000000000000000000000000000000000000fefffcff0001030104000500060205050406030702070206020303020402020001ff03ff06010601040004ff09ff0e0010020d020600
2007,238347203,-94,11,128,1,0,0,4ff11441f701f900fc00fd01fd03fc05fc05fc08fb09fb09f809f609f708f907fa06fc04fd03fe03ff030003010400050005010602080002000000000000000000000000000000000000ff00fcfffbfefa00fa02fa00f9fbf9f9fcfafdfafdfafdfbfffafffbfffe0000fd01fa01f902f901f801f703f802f800f501f203f004
2008,238710241,-92,11,128,1,0,0,b11bbb41fdf9fffd010001000201030002fafdf7fdfb07000d08090e0306fdfbf6fef802030007ff03000001ff01ff01fbfefbfcfcfafffe00000000000000000000000000000000000000010104010100fe0000020002fe01fd00ff00fe00fd00fdfffdfffd02ff0201fffffdfeffff01fffe01fd00fefcfffa00fd01010302
2009,239883273,-93,11,128,1,0,0,4ff11441ff0aff09000400ff03fd05fc04f903f805f807f707f706f904fa02f800f6fff9fffdfdfefdfdfdfdfc01fe02ff00fe01fc02fe00000000000000000000000000000000000000fffffffe01fd01fc04fb05fb06fb06fa04f903f905f906f905fa03fb02fbfdfdf9fff9fdfbfefd06fd0efb0ff70cf70af70af50cf40c
2010,239897743,-39,11,128,1,0,0,1ee00100fe040308070b0b0f0d120f151016101810170f160d140b11090e0709060405fe05f905f506f107ee07ec08eb09eb0aec0bed02fb00000000000000000000000000000000000001fe07f809f70bf50ef310f211f213f313f412f60ff80cf908fa03fbfdfcf7fdf3fdeefceafbe7fae4f9e3f8e4f8e6f9e9f9ecfaeefb
2011,239898274,-39,11,128,1,0,0,1ee00100020309030f03150319031c041f05200520051e061b05170412030d0008fe03fafff7fbf3f9eff7ecf6eaf6e8f8e7f9e8fae8fefa000000000000000000000000000000000000fffdfff4fff100ed00ea02e803e704e605e605e905ec04f102f5fffafbfff704f308ee0beb0ee80fe510e411e410e60ee80deb0bee09
2012,239918515,-39,11,128,1,0,0,5220050004010afe11fb16f91af81df720f621f620f61ff61bf817f911fa0bfa05fafffaf9f9f4f7f0f5edf3ebf1eaf0ebefecefedeffbfb000000000000000000000000000000000000fffdfcf3fcf0fbedfce9fde7fee5ffe400e501e801ec01f1fff6fefcfb02f807f50df211f015ed17eb19ea1aea19ec17ee14f111f30e
2013,239944187,-38,11,128,1,0,0,5220050001fafef4fceffaeaf9e6f9e4f9e2f9e2f9e2f9e4fae7fbebfbf0fbf5fafbf900f805f509f30cf10ef00fee0fee0fee0eee0cfb03000000000000000000000000000000000000fd01f506f307ef07ed07eb07e906e805e904eb03ef02f301f801fe02030308050d08110a140c170e1810191118111510130e100b0e09
2014,239946769,-38,11,128,1,0,0,52200500fd06000c03120517061b061e062106220621061f051b04170412040c0506070009fa0cf60ef210f012ef13ee14ef14f014f105fc00000000000000000000000000000000000002fe0bf90ef811f714f717f719f819fa19fb16fc12fe0dfe08fd02fcfcfbf6f9f0f6ecf4e9f1e6efe4ede3ebe5ece7edeaefedf2f0f5
2015,239985668,-93,11,128,1,0,0,4ff1144108ff04ff01ff00fe01fcfefbf9fcf6fdf5fbf6f8f8f7fbf7fdf9fcfcfafbf9f9fafbfcfefeffff00ff01ff02fe03fe030002000000000000000000000000000000000000000000ff0000fe01fd01fc01fa03fa06fa06f903f804f706f805fb02fd01fc03fb04fe03030405030501050108010d010b01080109010b01
2016,240052538,-95,11,128,1,0,0,ecc99e41fffdfefcfcfbfafcfb00fe0100feffffff010000ff01fc01fd010001020001ff01fe00fefffffe01000201010000fefffe00ff0000000000000000000000000000000000000000ff00fefefffcfffeff01ff08050d0b080601ffff07fe11fd0bfb01fdfdfffdfefefcfdfcfefdffff01ff02ffff00fc02f902fafdfb
2017,240151959,-38,11,128,1,0,0,1ee00100fb07fb0dfb13fb17fa1bf91cf81df81ef81cf919f916fb12fe0d0108040408000cfd10fb13fa15fa17fa17fb17fc16fd14fe05ff00000000000000000000000000000000000003ff0dfc0ffc12fc15fc16fd17ff1700160113010f010a0006fe00fbfcf8f7f4f4f1f1edefeaeee8eee7eee6efe7f1eaf3edf5f1f7f4
2018,240156407,-93,11,128,1,0,0,611bb6410000fffdffff0103ff02ff000001ff01ff01fe01fd01fe010101030001fffefdfefdfffdfffe00ff000101000000fe00fdfeffff00000000000000000000000000000000000000ff00fc02fd02ff0001fe02ff01fffffffdffffff01fe01fd02fd01fe01fd02fd04ff03ff01ff010000fffdf7fdf0fef7fdfffefe01
2019,240157244,-96,11,128,1,0,0,e11cce41fb01fc01ff000000040006ff05ff01fffe00fe01ffff00ff020002fe02fd02fd00fd00ff000100010000ff02fe02fe00fffe00ff000000000000000000000000000000000000ff00fe01fe01ff00ff00000001ff02000202010002fe02fe00fe00fe01ff02fe01ff0001020202010001010108f90cf302fdf806fb01
2020,240158358,-93,11,128,1,0,0,6dd5564102ff04ff05fe03fe0002fe01fdfdfcfcfbfcfefcfffffe0100ff00feff00fe02fe01ff0001ff01fe01fd00fe00000001fe00ffff0000000000000000000000000000000000000000010101ffff00ff0000ff01ff01fe03fe02fd00fe01ff0000fefefefffd03fc00fbfafbfafcfcfdfefefefaf1f6e7f9effdf9fe00
2021,240263306,-92,11,128,1,0,0,5ccff541fd05fd00fffa02f901fdfffefefe01000200f7fcedf7f5faff000904100305fffefe00fe00fefe00fd01fe000100030002ff00ff00000000000000000000000000000000000000ff02fd03fd02ff02ff0200ff01fa01fafffeff02ff04fffffffcfffd00fefefffc01fe0002fe01feff0002030403fffdfff803fa03
2022,240468249,-92,11,128,1,0,0,733ee741fd00fdfefe00030204fffef8fcfb0007020b0307030202ff00fffd01000107fe05fe03000b040802f8f9f4f4faf7fefcfefafffd000000000000000000000000000000000000fffefffbfffcffff0000000000ff00ffff01fe01ff02ff0200020102010104fd05fc02feff00ff02fd01fe010002ff020002020102ff
2023,241009676,-91,11,128,1,0,0,4ff11441fa06fe03010001020006020605060609050c020b000afe0afc08fa07fb09fd08ff04fe03fd02fe01000201020201010303070002000000000000000000000000000000000000fe00fb02fb00fb02fd04fe04fb06f807f804fa00f9fcf8fcfafdfdfdfefefffefefefb00fc02fc05f806f607f808fa08f809f60bf80c
2024,241316893,-94,11,128,1,0,0,4ff1140007f805f701f9fbfcf9fcfbfdf9fcf7fbf7f8f7f5f7f5f7f6f7f6f9f8fafbfbfcfdfcfefdfdfffa01fa03fb03fa03f802f701fd0000000000000000000000000000000000000001000401020103010601060006ff09ff0a01060305030701070205020302000101fc04f905f905f803f500f501f404f106f005f303f7
2025,241521707,-91,11,128,1,0,0,4ff1144105ff06fc07fc06fc04fe05ff07fc07f705f606f809f909f908f907fa05fd05fe05fe04fe03fe03fe02fe02fb02f902fb00fbfffe000000000000000000000000000000000000ff0001fe04fb04fc04fe05ff070009000901090309030703040203ff03ff020102ff02fa05f808f508f409f90afc0cfe0fff10fe0efb
2026,241861064,-91,11,128,1,0,0,655dd64100fffdfffefe030004020000fffefffeff0007020d010501ff00f8faf2f4f9f900fd00ffff02fe01fe01000001ff00ff0000000000000000000000000000000000000000000000ff00000101ff00ffff00ffff00ff00fffefdfdfbfefa00fd0000fe00fefe00fb01fb01fc0001010704050502040103020105fd05fa
2027,241941592,-38,11,128,1,0,0,1ee0010001fa00f4ffeeffe9ffe5ffe2ffe100e000e1ffe3ffe6ffebfff0fef5fcfbf901f705f409f10bef0ded0eec0eec0dec0ced0bfb02000000000000000000000000000000000000fd00f300f1ffeeffebfee9fde8fce8fbe9faecf9f0faf4fcf8fefd01020506080a0c0d100f1311151218121911180f160d130b10090d
2028,241964250,-92,11,128,1,0,0,c2222c410406040301fd00fd020203040202040003fe01fe0000fd01fbfffffa06f905fc02fd01fdfffbfdfdfe03ff040102040004fb00fd000000000000000000000000000000000000ff00ff0101ff02fe03000303010100fe02fc03fdff01fb00fbfefbfefb00fc01fcfffbfff901f8fef9fcfffe020103050404000000fe
2029,241971317,-38,11,128,1,0,0,1ee00100000605090a0d0e111014121713181319131911170f150d120a0d0808060305fd06f706f208ee09eb0aea0be90cea0ceb0dec03fb00000000000000000000000000000000000001fd05f507f409f10bef0dee0eee10ee10ef0ff10df409f605f900fbfbfdf5feefffebffe7ffe4fee1fde0fce1fce4fce7fceafdeefe
2030,241972797,-38,11,128,1,0,0,1ee0010004030a02100115011a021c021e031f031f031d031903150210010bff05fd01f9fdf6faf2f7eff6ecf5eaf6e8f7e8f8e9f9e9fefa000000000000000000000000000000000000fffdfef4fef1feeefeecffea00e901e802e903eb03ef02f300f7fefcfb01f705f309f00ded0fea11e812e712e711e90feb0eee0bf10a
2031,241974728,-38,11,128,1,0,0,1ee00100010507070c0a110d1410161217131714171315121311100d0c0a0905060004fb02f602f102ed02ea03e804e704e805e906ea01fa00000000000000000000000000000000000001fd05f607f409f10bef0dee0eee0fee0fef0ef10cf409f705f900fbfbfdf5fff000eb01e801e501e200e100e2ffe4ffe7ffebffef00
2032,242001963,-38,11,128,1,0,0,1ee0010000f8fdf2fbedf9e9f8e5f8e3f9e2f9e1f9e2f9e5fae8faecfbf1faf7fafcf802f607f40af10df00fee10ee10ed0fee0eee0cfb03000000000000000000000000000000000000fd01f406f206ef07ec07eb07e906e905ea04ec02f001f501fa01ff0305040a060e08120a150d170f191019111710150f110d0e0a0b08
2033,242033850,-90,11,128,1,0,0,4ff114410207050407010502040104fe060009020c000cfd0cfe0c000afe07fd0603060605040100fefdfdfcfffd02fb03f906fa07fd01ff00000000000000000000000000000000000000ff0200ff02fd04fd05fc06fc07fb05fa05f904f802f902f901fb03fc05fb050005060608060406000705070908080b060a0309010a
2034,242955332,-91,11,128,1,0,0,4ff11400050306030703060004fb04fb07fb06f806f505f605f708f80bf90bfa07fb04fc02fc02fd02fb00fcfffdfffcfefbfefafef8fffd0000000000000000000000000000000000000001000701070205010400060007ff06fc05fb06fc06fb07f805f901feff00010004000701090407050407040b040b0407060809090b
2035,243059081,-93,11,128,1,0,0,4ff11400fb07fa06fc01fe00ff03010604060605060405050408040b030b040904090309030403000301020103ff05fd06fe04ff06fe01ff000000000000000000000000000000000000fefffb00fb01f901f801f701f600f8fef8fdf7fcf8fcf9fef901fd01fefffd00fe03fe03fd04fb08fb09fd0bfc0dfa0cf70af60bf70e
2036,244286569,-94,11,128,1,0,0,4ff1140006fe00fdffff010002fd02f902f601f601f705f607f508f60af809fa08fb06fb05fb03fd02ff02fe02fc00fb01fb04fa03f900fe000000000000000000000000000000000000fffffffefffdfefbfef900f803f603f503f704f807f70af90bfd07ff030002fe01fc00fd03fc03f500f401f804f706f508f309f30bf4
2037,245019422,-38,11,128,1,0,0,1ee0010003030a01110016001b001e002001210121001f001b01170011ff0cfe06fd00fbfbf8f7f5f4f1f1eff0edf0ecf1ebf2ebf3ecfcfb00000000000000000000000000000000000000fd01f402f103ee04eb05e907e808e809e809eb08ef06f303f7fffcfb00f604f208ee0bea0de70fe410e311e410e60ee90dec0bf009
2038,245061000,-38,11,128,1,0,0,5220050004030a02100116011a001d001f0120011f011e021a02160111000cfe06fc01fafcf7f8f3f5f0f4eef3ecf3eaf4eaf5eaf6eafdfa000000000000000000000000000000000000fffdfff4fff1ffee00eb01e902e803e704e805ea04ee03f201f7fefbfb00f705f309ef0cec0fe911e712e612e611e80feb0dee0bf00a
2039,245066891,-38,11,128,1,0,0,5220050004fc06f507f009eb0ae70be50de30de30de30ce40be709eb07ef03f4fff8fafbf6fef1ffed00ea01e800e700e7ffe7fee8fdfaff000000000000000000000000000000000000fdfff4fff1feeefdebfceafbe9f9e9f8eaf7ecf7f0f8f4faf8fdfc0100050409060e08120a160a190b1c0a1d091c081a071707140611
2040,245108539,-93,11,128,1,0,0,4ff1140007f703f900fbfefcfcfbf9faf6faf7fbf7faf7f8f8f8f8f9f8f9f9faf8f9f8fbf9fefcfefcfdfcfffe02fe04fc05fc04fe06ff01000000000000000000000000000000000000000003010300020101020404060706070505060606090509030900060001ff00ff0002fd04fb03f904f706f608f709f606f404f406f3
2041,245269315,-38,11,128,1,0,0,1ee00100020309030f02150319031d041f04200420041f041b04170312020d0007fe02fbfef8faf4f7f0f5edf4ebf4e9f4e9f6e9f7e9fdfa00000000000000000000000000000000000000fd01f402f203ef04ec06ea07e908e809e909eb08ee06f203f600fbfcfff703f207ee0aea0ce70de40ee20fe30ee50ce70beb09ee08
2042,245269969,-38,11,128,1,0,0,1ee00100fbfff604f208ee0cea0ee810e611e412e412e611e80fec0df00af508fb06010507040c0410051406160717081709160a150a050200000000000000000000000000000000000001020609070b090e0a110b130a150a16091607150511040d0309030303fd03f704f105ec06e808e509e20ae10ae20ae409e707ea06ed
2043,245271718,-38,11,128,1,0,0,1ee00100fefbf8f9f2f6edf4eaf2e7f0e6eee5eee5eee6eee9f0ecf2f0f6f4faf8fefb03fd08ff0d001100140017ff18fe18fe18fd17ff05000000000000000000000000000000000000fe02fb09f90cf70ef511f312f213f013f012f110f30df60af907fe04030109ff0efd13fc17fc1bfc1efc1ffc1efd1cfd19fd16fe13fe
2044,245515414,-92,11,128,1,0,0,4ff1144101fd01fc01fa01f700f5fff5fff6fdf7fbf5fdf4fef400f403f503f600f8fffc00fe01fdfffc00fb01fb00fbfdfafcfafcfafffe000000000000000000000000000000000000fffffdfdfffcfffafff801f702f803f904f802f903fb06f808f805fa00fd00fe01fcfefbfdfa02f803f800f602f507f509f206f105f2
2045,245958461,-94,11,128,1,0,0,bee11b410100000001ff02fe02000103ff03000003ff02ffff00ff00fffefefdfcfdfcfefdff01fe03ff0100ff01ff00fffffffe01fe00ff000000000000000000000000000000000000ff00ff0001010100ff00fe02fe00fdfefefe00fffefffdfefe0001020301030002fe01fe02fd01fefdfefbfdfa03f807f902f902f505
2046,245960421,-91,11,128,1,0,0,188881410304030201000001fe01ff010000ff01ff01ff0000ff0000ff00fffefeffff010000ff000000000000ffff01ff0200000100000000000000000000000000000000000000000001010001fdff000001fdfdf9f7faf6fefb00fc00fafcfef902fb02fc03fc0200fd05f906fa040002040005000cfc13f704fbf2fff2fc
2047,246064805,-93,11,128,1,0,0,07744041fdfffdfdfdfefcfffcfefffd01fe01000000f6fcedf8f6fc01000506090f060aff01ff00ff02ff01fe00ff00ff00ff00fe00ff00000000000000000000000000000000000000fffffefffefdfefbfdfcfdfdfefffc02feff02ff0402080107fe00fc01fb02fbfff9fdfdfe010102020001fe00fb01fc03fd06fb08ff
2048,246334616,-90,11,128,1,0,0,4ff11441fa02fc030003020103020402060307040702080109020d030f03090104ff06ff07ff05fe05fd04fd01fdfffdfefcfffa00f800fe000000000000000000000000000000000000fffffdfffbfefcf9fcf9fbfcfbfdfcfdfbf9fbf9f8faf8f7fcf8fefdfffd00fbfefdfb03fa07f808f908f809f50bf30bf30cf50ff611
2049,246744617,-93,11,128,1,0,0,4ff1144101040304040103fe02fb01f901fa02fb04fa07f909f90afa08fa04fb03fb03fb00fbfffb00fd01fe00fdfdfcfcfbfefa00fb00ff0000000000000000000000000000000000000000020301030105020601060006010602050007fd0bfd0afe0700050003ff00ff000003010309010eff0d000a0308060b080e080e09
2050,247358649,-93,11,128,1,0,0,4ff1144100f9fef7fcf9fcfbfcfbfafcf9fdfafaf8f8f6f6f6f7f7f7f8f7f7f9f9fbfdfbfefafdfbfcfcfbfdfafffb00fcfffafff901fe0000000000000000000000000000000000000000fefff9fffafffbfffa00f800fa00fa02f802fa02f802f603f903fe01fd00fcfffbfffafff9fdf7faf6faf5fff400f2fff100f100f0
2051,247573931,-38,11,128,1,0,0,1ee00100fbfcf5fdeffde9fde5fce2fbe0fbdffbdffbe1fbe4fbe9fceefdf3fff802fd060109040d061108130916081707170617051601050000000000000000000000000000000000000002010a010d00100013ff15fe16fc17fb17fb14fc11fc0dfe08010404ff08fa0cf610f313f016ef18ee1aed19ee17f015f212f40ff5
2052,247574374,-38,11,128,1,0,0,1ee0010003fb02f400ee00e9ffe5ffe100df00de00de01e001e300e8ffedfef3fcf8f9fef602f206ef09ec0beb0ce90ce90be909e908fa02000000000000000000000000000000000000fd00f502f202ef02ec02ea02e800e7ffe8ffeafeeefdf2fef7fffc01010406070a0b0e0e11111314151615171417121610140e110c0e
2053,247574821,-38,11,128,1,0,0,1ee0010000fafbf5f6f1f3edf0eaefe7eee5ede4eee4efe5f1e8f3ecf5f0f7f6f8fcf902f907f80cf710f613f515f416f315f214f213fc04000000000000000000000000000000000000fe01f908f70af40cf20df00eee0fed0eec0ded0bf008f407f805fd03030209020e02130218031b041e051f061e061b06180615051204
2054,247576625,-38,11,128,1,0,0,1ee00100fd05010a050f08140a180a1b0b1c0b1e0b1e0a1c081907150610060b050506ff07fa08f50af10cee0dec0fec10ed10ee10ef04fb00000000000000000000000000000000000002fe08fa0bf90ef810f713f714f715f815f914fa11fc0dfd08fd03fcfdfcf7fbf2f9edf7eaf6e7f4e5f3e3f2e4f1e7f2eaf3edf5f0f7
2055,247577587,-38,11,128,1,0,0,1ee00100010506080c0a110c140f161117131814181416131411110e0e0b0a06070105fc04f703f203ee03eb04e905e806e807e907ea01fa00000000000000000000000000000000000000fd03f604f405f107ee08ed0aec0bec0ced0cef0af208f505f800fbfbfef600f102ec03e804e504e204e104e203e402e702ea01ed01
2056,247578195,-38,11,128,1,0,0,1ee0010004030a0110ff15ff19ff1cff1eff1f001fff1d001a00160011ff0cfe07fc02f9fdf6faf3f8f0f6edf5ebf6e9f6e9f7e9f9e9fefa000000000000000000000000000000000000fffdfbf6faf4f9f1f9eef9ecfaeafbe9fce9fdebfeeefff2fef6fdfcfb01f906f60bf40ff112ef14ed16ec16eb15ed14ee11f10ff40c
2057,247578796,-38,11,128,1,0,0,1ee0010005fd07f609f00bea0de60ee310e211e111e111e30fe60dea09ee05f200f7fbfaf5fcf0feebfee8fee6fee5fce5fbe6fae7f9f9fe000000000000000000000000000000000000fdfff4fff1feeefeebfde9fbe7fae7f8e7f7eaf7edf8f2f9f6fdfa00ff050209060f08130a170b1b0b1e0b200a1f091d081a07160613
2058,247621056,-38,11,128,1,0,0,1ee00100fef9f9f5f5f1f2edefeaeee8eee6ede6eee6efe8f1ebf3eff5f3f8f8f9fefa04fb09fa0efa11f914f816f716f716f615f613fd04000000000000000000000000000000000000fd01f707f408f20aef0bed0beb0bea0aeb09ed07f005f404f903fe0204020a030f03140418051a071c081d091c081908160713060f04
2059,247626462,-38,11,128,1,0,0,1ee0010004020b0010ff16ff1aff1dff1fff20ff1fff1d001900150010ff0afe05fc00fafbf7f7f4f4f1f2eff1edf1ecf2ebf4ecf5ecfdfb000000000000000000000000000000000000fffdfff4fff2ffef00ec01ea02e803e804e904eb04ee03f301f7fefcfb01f705f409f00ded0fea11e812e713e712e910ec0eef0cf20a
2060,247627211,-38,11,128,1,0,0,1ee00100fcfcf5fceffceafbe5fae3f9e2f8e1f8e1f8e3f8e6f9eafbeffcf4fff902fe050209050c07100813091509160816071506150105000000000000000000000000000000000000ff02fd0bfc0dfb10fa12f814f715f616f515f612f70ff90bfc080004040009fc0df912f615f418f41bf31cf31cf41af516f613f810f9
2061,247661877,-94,11,128,1,0,0,a66cca41020102010101000200030102030002fefffffdfff805f40afb02fffcf8f8f3f1f7f7f901f704fb06040307fe09fa0afc06fc00fe00000000000000000000000000000000000000ff02ff00fefffffefffffe00fefd00fd01ff020002010102020001fe00fd00fd00fefefffeffffff02ff04fe02ff01000303040a07
2062,247839673,-93,11,128,1,0,0,bbb88b41fd00feff03fd07fa05fc0001fa07f606fb0006040c050dfb0afa0200fbfafbf701fe03fd00fc00010102fe00fbfbfafaf8fdfdff00000000000000000000000000000000000000ff01fdfffeff00ff02ff03fe00ffff00ff01ff02fe02fffffefefc00fcfefefc00fe0501060103010402030300fffefdfdfffeff00
2063,248075465,-94,11,128,1,0,0,4ff11441fafcf900fe0502050004ff04000400050105020704090509040a020a000700050004ff020100040004ff04fe05fd06fe05ff01ff00000000000000000000000000000000000000fe00fb02fb03fb04fc04fb05fa05fb04fd04fc05fa04fb04fb03fc04fe04ff0001fdfefdfaf9fbf4fbf3fbf3fdf4fdf8fdfafcf8f9
2064,248587496,-93,11,128,1,0,0,4ff11441fb06fd06fd05fb03fe02040108040a050a0309020804080507030703080407020700050000fdfefbfefcfefafef901f902f800fe00000000000000000000000000000000000000ff00fcfffb00f902f9fff9fcf9fdf801f701f701f604f804f902fb01fefefefbfef9fff8fef700f505f207f303f700f601f306f108
2065,249099499,-91,11,128,1,0,0,4ff114410107010602040403040404030406060b080b070b030c000a0009fe09fc07fb06fd0501050203030103010302010301040004000100000000000000000000000000000000000000000102030105000701080006000504060705070509050a0407ff03fe03fe06ff06010503070607090408040409020e040f050b0105
2066,249304314,-91,11,128,1,0,0,4ff11441f600fafefe01ff0501070509070a040a030a050906090508060707060607040703050303020203ff04fc01fbfffbfffafffafffe0000000000000000000000000000000000000000020103fd03fb03fc09fc0bfa08f908fa0afd0bfe08fe03ff010002ff00fffbfefafcfcfbfdfef902f500f4fdf3fef3fff4fff200
2067,249816336,-93,11,128,1,0,0,4ff11441fcfafafafbfcfcfefafefa00f902f502f601f9fff6fff400f600f8fef9fdfafdfbfefefffdfffc01fc04fc05fc05fd06fd08ff02000000000000000000000000000000000000fffffcfcfdfbfcfafdf9fef701f601f701f804f805f804f701f7fefafefbfefcfefefd00fb00fafef7fcf5f9f6f9f9fbf9f8f7f5f7f4
2068,250225934,-91,11,128,1,0,0,4ff11441fbf6faf8fbfafdfcfb00f702f503f403f201f1fef4fef600f7fdf8fbf9fcf9fdf9fefbfdfcfefd00fc00fc02fd06fc05fc03ff00000000000000000000000000000000000000fffefdfc00fb00fafef9fffa01fa04f905f906f806f806f906fa07fb05fc02fbfff9fcf8fbf8fbf4fbf3faf6fbf8fbf5f9f2f7f1f8f0
2069,250430741,-92,11,128,1,0,0,4ff114000aff05fe04fc06fb05f902f9fef9fcf5fbf3fcf2fff2fef3f9f5f9f8fafafcfbfefd00fffffefdfdfcfdfc00fc02fb03f803fd01000000000000000000000000000000000000ff00fe02fd04fb05fc05fd06fc08fc09fb07fb05fb07fa07f905fb04fd05000201ff02fe05fd08000c030f020e000dff0f010f040e04
2070,250650297,-38,11,128,1,0,0,1ee00100fc03fd0afd10fd15fc1afc1cfc1efb1efc1efc1cfc19fd15fe10000a0305050008fb0bf70ef411f312f213f214f313f413f404fd00000000000000000000000000000000000002000a030c040f0611081309130b130c120c100b0d0a090706040300fffbfcf6f9f1f7edf6e9f5e7f4e4f4e3f5e4f6e6f7e9f8edfaf0
2071,250684538,-38,11,128,1,0,0,52200500fa06f90df913f818f61cf51ef41ff420f41ff51df719f915fb10ff0b030608020dff11fd15fc18fb19fb1afc1afd19fe18fe06ff00000000000000000000000000000000000003ff0dff10ff140016011803180418061706140610050b03070002fcfdf8f9f4f6eff3ebf1e7f1e4f0e2f1e1f2e2f4e5f5e9f7edf8f0
2072,250737945,-93,11,128,1,0,0,4ff1140000f7fdf9fdf9fbfcfafffbfefafef501f403f303f203f303f501f900fa01fa02fa03fb02fe01ff03fe05fd05000501050104000100000000000000000000000000000000000000ff01fc02fe04010601060106020904090609060a060b050b050a0307020300fffefffd00fa00f702f603f601f500f500f500f103ec
2073,250886873,-39,11,128,1,0,0,1ee0010000f9fdf4faeff8ebf6e7f6e5f6e3f6e3f6e3f7e5f8e8f9ecf9f1faf6f9fcf801f606f409f20df10eef0fee0fed0fed0dee0cfb03000000000000000000000000000000000000fe02f808f60af30bf10def0dee0ded0ced0bef09f107f505fa04ff0304030a030e041306160719081b0a1b0a1a0b180a150911070f05
2074,250888128,-39,11,128,1,0,0,1ee00100f9fef301ef03ea05e606e406e206e206e206e405e704eb04f004f604fb0500070409080c0b0e0c100d120d130c130b130a13020400000000000000000000000000000000000001020708090a0a0d0b0f0b110b130a1409130711050e040a0305030004fb05f606f108ed09e90be70ce60de50de70ce90bec09ef07f2
2075,250889462,-38,11,128,1,0,0,1ee00100f802f508f20dee12eb15e917e818e718e817e915ec13ef10f40df90aff0705060a0510051406160718071809180a170a160b050200000000000000000000000000000000000002000c040e0511071309150b150c140e130e110d0d0b0a08060304fe01f9fef3fdeefce8fce4fce1fddffedefedfffe2ffe6ffebffee
2076,250896850,-38,11,128,1,0,0,1ee00100f8fff201ed03e904e504e304e205e105e204e404e703ec03f103f604fc05020706090a0b0d0d0f0f101010110f120e110d1103040000000000000000000000000000000000000102040b040e04110313031502160017ff16ff13fe0fff0b0006020104fb07f60af20dee0feb11ea13e914e813ea12ec0fef0cf10af3
2077,250898496,-38,11,128,1,0,0,1ee00100fbfaf6f7f1f5edf2e9f0e8eee7ede7ede7eee9efecf1eff4f3f8f6fcfa01fc06fe0bff0f001300150017ff18ff17fe16fe15ff05000000000000000000000000000000000000fe02f90af70bf40df20ff00fee0fed0fee0def0bf208f606fa04000206000bff10ff15fe19ff1cff1e001f001d001a01160112000f00
2078,250899443,-38,11,128,1,0,0,1ee00100f9fbf2fbebfbe6fae1fadff9def8ddf8def8e0f9e4f9e9fbeffdf400fa04ff08030c061009130a160b180a190919081807170105000000000000000000000000000000000000ff03fe0dfd10fb13fa16f817f718f618f517f513f70ff90bfd07010206fe0bfa10f615f419f21cf11ef11ff11ef21bf418f513f70ff8
2079,250902789,-38,11,128,1,0,0,1ee00100fafcf4fceefce9fbe5fbe3fae1f9e1f9e2f9e4fae7faebfcf0fdf500fb0200050409070c0a0f0b120c140c150b15091409130204000000000000000000000000000000000000ff02fb0afa0df80ff611f412f313f213f212f20ff40cf709fb05000204ff09fc0efa13f816f719f61cf51df51cf619f816f913fa0ffa
2080,250904117,-38,11,128,1,0,0,1ee00100020407080c0b100f13111513161516151614151312100f0d0c090805050002fb01f500f1ffedfeeafee8ffe700e700e801e900fa00000000000000000000000000000000000002fe09fa0cf90ff711f713f715f716f816f913fb10fc0cfd07fe01fefbfdf5fdf0fcebfbe7fae5f9e2f8e1f7e3f7e5f8e9f9edfaf0fb
2081,251558906,-94,11,128,1,0,0,4ff11400fd030103010301050308060707040802080407040804090707080608070806050303030105fe04fd04fd06fd06fd04fb05fd01ff000000000000000000000000000000000000fffffdfefcfffbfffafff900f702f601f700f9fff8fef8fefb00fb01fa01fb02fb04fe05ff06fe08fd0afb0bfa09fa08fb08fb08f804
2082,251648850,-92,11,128,1,0,0,7ccbb74101ff000001fe00fdfffefffe00ffff00fd00fb01fd01ff03fd05fd02ff00000000010001ffffffffffffffffff00000000ff00ff000000000000000000000000000000000000fffffffefffefffe02ff0201f805f005f802ff00f8fbf1f7f7fcfe0100ff02fe03ff02ff01fbfcfcfd0001040003010103fe03fa02f8
2083,251753290,-92,11,128,1,0,0,1774414103fafdf2fdf300f902fe040306030300ff020004020301010000ff00fe01000002010201fffffefefdfffd00fefefcfefafefeff000000000000000000000000000000000000000203070304040003fd00fdfefeff01ff01fffdfffc00fdfffdfcfc00fc01fffefefefafefbfe0001030105000502030205fe0af60d
2084,251864431,-92,11,128,1,0,0,4ff1144100f902fbfffafaf9f8fdf700f900f9fdf6f9f5f5f7f7faf9fcf7fcf3fcf6fcfcfbfefbfcfefafefcfdfffefffefffbfdf9fafefe000000000000000000000000000000000000fffffdfdfefefdfefcfdfdfdfefbfff8fff7fef6fff400f502f703f8fff8fef7fff8fdfdfdfffdfbfbfafcf8fcf3fbf4fcf4fdf1fbf0
2085,251966786,-91,11,128,1,0,0,4ff11441f501f802f806fb08ff0701060209040c040d030b02090009fd06fe05fe08fe0aff07fe03feff00fe02010402040103010503010100000000000000000000000000000000000000fffffefdfefbfefbfdfafafaf9f9faf8f9f8f8f9f7f8f4faf4fcf9fefefdfefffe01fcfcfef601f504f206ef07ee09ee0aef07f507
2086,252069201,-93,11,128,1,0,0,4ff1140008ff06fd03fc00fb02fc02fb00f901f804f705f505f605f704f904fb05fc07fd09fd06ff030003fe01fcfffc00fc01f901f800fe000000000000000000000000000000000000fffe00fa01fa04fb06fa07fa08fc08fe0500030206020902060203030103010102ff03fe05fd07f807f509f40bf50af80cf90cf909f8
2087,252273984,-94,11,128,1,0,0,4ff11400f8fef9fef9fffc03fd07fe07fc09fb0cfd0bfe09ff090009ff08ff06ff06fe06ff05010301030003020103ff03ff03020407010200000000000000000000000000000000000000fefffbfffdfefcfcf9fdf8fff700f602f700f8fdf6fef400f502fafffdfcfcfbfbfcfdfd01f901f301f001f3fdf2fcf0fff2fff4fe
2088,252376393,-92,11,128,1,0,0,4ff1140000f5fff900fdfcfcf9faf7fcf6fef6fcf6fef500f3fff4fdf6faf8faf9fefa02fc02fc01fc00fd00fe01fd02fd03fe04fd06ff0100000000000000000000000000000000000000000301040005ff06fe07fd08fd070106030601060005ff04fe06ff0501030106fc05fafefdfdfcfef9fbf6fcf201f004ef02f0fef2
2089,252478795,-91,11,128,1,0,0,4ff1144101f8fffafafbf7fdf801f902f800f700f503f404f303f402f503f402f501f702f903fb02fc00ff0000010202030303030203000000000000000000000000000000000000000000ff0200030004010402050406050506050707060803080107060509040401fe01fe03fd02f900f5fff6fff7fff501f204f006f106f3
2090,252581195,-91,11,128,1,0,0,4ff11441fb07fd05ff03010103010400060009000bff0cff0b0109030a050a05080306020503040103ff02fc02fc02fc02fa00f8fff9fffe000000000000000000000000000000000000fefffbfdfcfffb00f9fff8fff801f902fc01fc01f800f6fdf7fbfafcfefdfffffd00fd0001fe0100fb06f609f90cfe0efd0dfb0cfa0a
2091,252696297,-38,11,128,1,0,0,1ee00100fe05000b021003150419041c041e041f041e041c041904150310030a040405ff07fa09f50bf10def0fed0fed10ed10ee10f004fc00000000000000000000000000000000000002ff0bff0eff110014011502170317041605140510050c03070102fefdfbf8f8f4f4f1f0eeededebebe9ebe7ece8eeeaf0edf2f0f4f3
2092,252698149,-38,11,128,1,0,0,1ee0010004030a03110316031b041d041f0520051f041d041903150210010bff05fd00fafcf6f8f3f6eff4edf3ebf3eaf4e9f5eaf6eafdfa00000000000000000000000000000000000000fd02f403f105ee07ec08ea0ae90bea0beb0bee09f107f503f9fffdfb00f604f107ec09e90be60ce30ce20ce30be50ae909ec08f006
2093,252698631,-38,11,128,1,0,0,1ee00100020408070e0a130c160f18101a111a121a111810160e120c0e080a04060003fb00f6fef1fdedfdeafce8fde7fee7ffe8ffe800fa00000000000000000000000000000000000001fd07f609f40cf20ef110f012f013f113f212f40ef70af906fb00fdfbfef5ffef00ea00e600e3ffe0ffdfffe1fee3fee7feeaffeeff
2094,252746111,-38,11,128,1,0,0,1ee00100fb00f605f20aee0feb12e914e715e616e715e814eb12ee0ff20cf809fd05030308010e00120016001800190119021802170305000000000000000000000000000000000000000102040a050d06110614061605180519041803160212010e0108020302fc04f605f007eb08e70ae40be10ce00ce20be40ae708eb07ee
2095,252746628,-38,11,128,1,0,0,1ee00100fcfcf5fdeffce9fce4fae1fae0f9dff9dff9e1fae4fae8fbedfdf3fef901fe050308070b090f0b120c140c150c160b1509150205000000000000000000000000000000000000ff02fc0bfa0df810f613f515f315f215f115f212f40ef70afa07ff03040009fc0ef913f717f61bf51df41ff41ef51bf618f714f811f9
2096,252747075,-38,11,128,1,0,0,1ee00100fcfcf7fcf2fbedfae9f9e6f8e5f8e4f8e4f8e6f8e8f9ecfaf0fcf5fefa01fe040207050a080d090f0a110a120a13091308120204000000000000000000000000000000000000fe01fa08f80af60cf40df20ff10ff00ef00ef10cf30af607fa05fe02030008fe0dfd11fc15fb18fa1afa1cfa1bfa18fb16fc13fc10fd
2097,252789921,-38,11,128,1,0,0,1ee00100fcfbf5fbf0faeaf9e6f8e3f7e2f6e1f6e1f6e3f6e6f7eaf8eefaf3fdf801fc040008030d05110613061606170518041703160005000000000000000000000000000000000000ff02fe0bfd0efc11fb13f915f716f616f615f613f70ff90bfc070004040009fc0df912f716f519f41cf31df31cf41af617f713f810f9
2098,252795660,-38,11,128,1,0,0,1ee00100fcfbf5faeff8eaf7e6f5e4f4e2f4e1f3e2f3e4f4e7f6ebf8effaf4fdf901fd050009020e04110514061605180518041703160005000000000000000000000000000000000000ff02fb0bfa0df810f612f413f314f113f112f210f40df709fb06000305000afd0ffb14f918f81bf81df81ff81ef91bfa18fa14fb10fb
2099,252896879,-38,11,128,1,0,0,1ee0010005fe07f70af00deb10e712e413e214e114e113e311e60eea0aee06f301f7fbfbf5fdf000eb01e701e501e301e300e4ffe4fef9ff000000000000000000000000000000000000fdfef5f8f2f6f0f4eef1edefecedecebeeebf0ecf3eff6f3f9f8fcfefe04ff0b00110117021b011f012201240022001f001c00180014
2100,252898663,-38,11,128,1,0,0,1ee0010001fafef4fceffbeaf9e6f9e3f9e1f8e0f9e0f9e2fae5fbeafbeffbf4fafaf900f805f60af30df110f011ef12ee11ee10ee0ffb03000000000000000000000000000000000000fd00f403f203ee03eb03e902e802e701e800eaffeefef2fff700fd02020407060c09100c130f1511171318141714151312100f0e0d0c
2101,252952710,-38,11,128,1,0,0,1ee00100010406080b0b100e1311151417151715171515141311100e0c0a0906050103fc00f6fff1feedfdeafde8fee7ffe700e801e900fa00000000000000000000000000000000000002fe0afa0df910f813f715f717f817f917fa15fb11fc0dfd07fe02fefcfdf5fcf0fbebfae7f9e4f8e2f7e1f6e1f6e4f7e7f8ebf9eefa
2102,252953268,-38,11,128,1,0,0,1ee0010000fbfdf5fbeffaeaf8e6f7e3f7e1f6e0f7e1f7e3f8e6f9eafaeffbf5fbfcfb01fa07f90cf810f613f515f415f415f414f313fc04000000000000000000000000000000000000fdfff3fef1fdedfceafbe9fae8f9e8f8e9f7ebf7eff8f3faf8fcfd00020406070a0b0e0f10121215141715181417121510130d100c0d
2103,253004810,-38,11,128,1,0,0,1ee0010004030a03110316031a041d041f051f051f051d051a04160311020b0006fd01fafdf6faf3f7eff6ecf5eaf5e9f6e8f7e9f8e9fefa00000000000000000000000000000000000000fd00f301f102ed03eb04e906e807e807e907ec06ef04f402f8fefcfa00f604f108ed0bea0de70ee40fe30fe40ee60de90bed09f108
2104,253005374,-38,11,128,1,0,0,1ee0010000f9fcf4f9eff7eaf5e7f4e4f3e2f3e1f3e2f4e3f5e6f7eaf8f0f9f6fafbf901f806f70bf50ff412f314f214f114f012f011fc04000000000000000000000000000000000000fd01f405f206ef07ec08ea07e807e806e805ea04ee02f302f802fd02030309050e071309160b190c1b0e1c0f1a0f180e150d120a0f08
2105,253005934,-38,11,128,1,0,0,1ee00100fdfbf8f9f3f6f0f4edf2ebf1eaf0e9efe9efebf0edf2f0f4f3f7f6fbf9fffc04fd08fe0cff0fff12fe14fe15fd15fc14fc14fe04000000000000000000000000000000000000ff02fc09fb0bf90df70ff510f410f310f30ff40df50af807fb050002050009fe0dfd11fc15fc18fc1afc1bfd1afd17fe15fe12fe0ffe
2106,253006376,-38,11,128,1,0,0,1ee00100fa01f707f40cf111ee14ec16eb17ea18ea17eb16ed13f010f40df90afe07040409030e021202150317031804180517061606050100000000000000000000000000000000000002010b050d070f09110b120d120f111010100e0f0b0c0809060503ff01fafff4feeffeeafee6fee3ffe0ffdf00e100e400e700eb00ee
2107,254127775,-38,11,128,1,0,0,1ee0010004fe08f90cf40fef13ec15ea16e816e716e814e912eb0fef0bf206f601f9fcfcf6fff100ed01ea02e801e601e600e700e8fffaff000000000000000000000000000000000000fefdfaf4f9f2f9eef8ebf8e9f9e7fae7fbe7fce9fdedfef2fef7fefdfd03fc0afb0ff915f818f71bf61ef51ff51ef61bf718f814f911
2108,254154611,-38,11,128,1,0,0,1ee00100040009fb0ef712f315f118f019ee1aee1aee19ef16f112f30ef509f703f9fefbf8fbf3fbeffaecf9e9f8e8f7e8f6eaf5ebf5fafd000000000000000000000000000000000000fefdf8f6f7f4f6f0f5eef5ecf5eaf5e9f7e9f9ebfaeefbf2fcf7fcfdfc03fc09fb0efa13f817f71af51df51ef41cf51af617f813fa10
2109,254639070,-38,11,128,1,0,0,1ee00100fbfef501ef03ea05e606e307e107e008e008e108e407e906ee05f404fa04000406050b070f09110b130c140e140e130e120e04030000000000000000000000000000000000000002000b000e00110014ff17fe18fd18fc18fb15fb11fd0dfe08010303fe06f90af40df010ed13eb15e916e816e914eb12ed0fef0cf2
2110,254639628,-38,11,128,1,0,0,1ee00100fc02fb09fb0ffa14f919f71cf71ef61ff71ff71df81af916fb11fd0c0006040208fe0cfa10f813f615f616f617f616f716f805fe00000000000000000000000000000000000002010a040d0510071209140a140c140d130e110d0e0b0b080705040000fbfdf6faf1f8ecf7e8f6e5f6e2f6e1f6e1f7e3f8e6f9e9faed
2111,254640206,-38,11,128,1,0,0,1ee0010000fbfbf6f7f2f3edf0eaefe7eee5ede4ede4eee6f0e8f2ecf5f1f7f6f9fcfb02fc08fc0dfb11fb14fa16f917f818f817f716fd05000000000000000000000000000000000000fd01f504f205ef06ec07ea07e806e705e704ea03ed02f102f602fc02020308040e05130717091a0b1c0c1d0d1c0d1a0c170b14091108
2112,254640736,-38,11,128,1,0,0,1ee0010003fd03f603f004ea05e606e307e107e007e007e206e505e903ee01f3fef8fbfdf702f305f008ed0aeb0ae90ae90ae909e908fa01000000000000000000000000000000000000fdfff4fcf2faeff9edf7ebf6eaf4eaf2ebf2edf3f1f4f4f7f8fafcff00040309050e071309170a1a0b1d0b1e0a1d091b081806140511
2113,254641348,-38,11,128,1,0,0,1ee00100fb01f806f50cf210ef14ed16ec18eb19eb18ec17ee14f111f50ef90afe06030308000dfe11fd14fc16fc18fd18fe17fe17ff050000000000000000000000000000000000000001020609070b080f09110a1409150917081607140511030d0308020202fc02f602f003eb04e705e405e106e006e106e305e605ea04ed
2114,254641927,-38,11,128,1,0,0,1ee0010003ff07fb0af60df310f012ef14ee14ed14ed13ee11f00ef30bf507f802fafdfcf8fdf4fef0feedfeecfdebfdeafcebfcecfbfbfe000000000000000000000000000000000000fefefbf7faf5f8f2f8f0f7eef8ecf8ecf9ecfaeefcf1fdf4fdf8fdfdfd02fd07fc0cfb10fa14f916f819f71af719f817f814fa11fb0f
2115,254642379,-38,11,128,1,0,0,1ee0010003fe05f907f409ef0bec0cea0de80ee80ee80de90beb09ee07f204f600fafcfdf800f402f103ee04ec04eb04eb03eb03ec02fb00000000000000000000000000000000000000fefef9f9f7f7f5f5f4f2f3f1f3eff3eef4eef6f0f8f2faf5fbf9fdfdfe03ff08000c001100150018ff1aff1bff1afe18ff15ff12000f
2116,254642776,-38,11,128,1,0,0,1ee00100020309040f05140719081b091d0a1e0b1e0a1c0a1909150710050b0206ff02fbfef7fbf3f8eff7ecf6eaf6e8f7e8f8e9f9e9fefa00000000000000000000000000000000000001fd05f506f309f00bee0ced0eec0fec10ee0ff00df30af606f901fcfcfff601f103eb05e706e406e106e006e106e305e605ea04ee03
2117,254646177,-38,11,128,1,0,0,1ee0010004ff08fa0cf510f113ee16ec17eb18eb18ea17ec14ee11f10cf307f602f9fdfbf8fdf2feeefeebfee9fde8fce8fbe8fae9fafafe000000000000000000000000000000000000fefdfaf5f9f3f7eff6edf6eaf6e9f7e8f8e8faeafbedfcf2fdf7fdfdfd03fc09fb0efa13f917f71af61cf51ef51df61bf717f814fa10
2118,254692802,-38,11,128,1,0,0,1ee00100fcfef601f003eb05e707e407e207e007e107e207e506e905ee04f404fa04000406050a070e09110b130c140e130e120e110f04030000000000000000000000000000000000000002010b020e0211011401160018fe18fd18fd15fd12fe0eff09010403fe06f909f40cf00fed11ea13e915e814e913eb11ed0eef0cf1
2119,255141264,-94,11,128,1,0,0,4ff11441f8fbf9fdfafdfdfdfe02fe08fd0bfd0bfe0a0009ff0aff0bfe0bfe0afd08fe06fe04fd020001030302040203030305020701020000000000000000000000000000000000000000fe03fa01f8fff700f801f801f600f7fff901f803f703f904fa02f9fefbfdfcfdfbfdfafbfcf7fbf5faf5fcf6fef6fef4fef2fceef9
2120,255346089,-92,11,128,1,0,0,4ff1140004f400f6fdf8fefafdfbfbfbf9fbf7fbf6f8f7f5f7f5f8f6f8f7faf7fcf8fdfafffc00fefefcfefdfcfdfafcfafcfafff900fe00000000000000000000000000000000000000fffffdfdfefc00fafff9fdf8fef801f804f705f606f606f705f906fc05fd04fd00fbfcfdfbfdf9faf8f8f9f5fbf1fdf0fef0feeffaef
2121,255448481,-92,11,128,1,0,0,4ff11400f903fe03010502070409050804060608060a040a030a040a0709070905080404030302020400050002ff02fd04fc04fd02fe00ff00000000000000000000000000000000000000ff01fefffcfefbfffbfffafef9fcf9fff601f5fff6fef701f601f700f9fdfcfbfdfcfefcfff801f504f403f103ee03ed02ef02f101
2122,255755677,-93,11,128,1,0,0,4ff11441f700f600f601f803fa07fc08fc0afb0cfc0dfb0df70df90cfb0bfa08fb06fb05fc03fd03fe04010204000402040204020504010100000000000000000000000000000000000000ff02fe03fd03fc04fb05f904f904f907fa09fa08f907fa05fd03fdfffefdfffefdfefbfbfcf7fcf5fcf4fbf5f8f9f4f8f4f6f7f9f8
2123,255858088,-94,11,128,1,0,0,4ff11400fcf5faf9fafaf8faf8fdf801f702f801f903f705f506f505f601f600f601f901fcfffdfffe00ff0100030105020503060208000200000000000000000000000000000000000000ff01fb00fa00f801f702f802f703f605f804f904f807f907f903fc03fd02fafdfbf9fdfafbf9f9f7f7f7f7f5f7f4f4f7f3f9f4f7f3
2124,256175997,-38,11,128,1,0,0,1ee00100020209040f05140719081b091d0a1e0a1d0a1c091908140610040a0205ff00fbfbf8f7f4f5f1f3eef1ecf1ebf2ebf3ebf4ebfdfb00000000000000000000000000000000000002fe0af90cf80ff612f514f515f516f516f614f811fa0dfb08fd02fefcfef6fff0ffeaffe6ffe3ffe1ffdfffe0ffe3ffe6ffeaffedff
2125,256204430,-38,11,128,1,0,0,1ee0010003ff08fb0df712f416f118ef1aee1bed1aee19ef16f112f30df508f802fbfdfef700f201ee01eb02e801e701e700e800e9fffaff00000000000000000000000000000000000000fd03f404f205ee07ec08ea09e90ae90ae90aec09ef07f304f800fcfc01f906f50bf10eee12ec14ea16e917e916eb14ee12f00ff30c
2126,256267688,-92,11,128,1,0,0,4ff11400f501f700fb03fe07fe0701060308020a040b030c000bfe09fd07ff0600070009000801050204020303000400040105010600010000000000000000000000000000000000000000fffffcfdfbfafbf9fbf9fbfafbfbfafaf9faf8fef6fef5fcf6fcf8fefafd00fc02fc00f8fff800fb01f901f500f602f604f405f104
2127,256690762,-38,11,128,1,0,0,1ee00100fffbfdf5faf0f8ebf7e7f6e5f6e3f5e2f5e3f6e5f7e8f8ecf9f1fbf6fcfcfd02fd08fd0dfc11fb14fb16fa17fa17f916f915fe05000000000000000000000000000000000000fdfef5fbf3f9f0f7eef6ecf4ebf3ecf2edf2eff3f2f4f6f7f9fbfdff01030508080c0b100d130f161118111910190f160d140b11090e
2128,256691197,-38,11,128,1,0,0,1ee0010003ff09fd0ffb14f918f81af71cf61df61cf51af617f713f80ef908fb03fcfdfcf8fdf3fceefcebfbe9fbe8fae8f9e9f9eaf9fafe00000000000000000000000000000000000001fd05f506f308f10aee0ced0dec0eec0eed0def0bf208f604f900fdfc01f705f308ef0beb0de90ee60fe510e60fe90eeb0def0bf209
2129,256721963,-38,11,128,1,0,0,1ee00100fdfbf8f7f4f3f0f0ededebebeae9eae9eae9ecebeeedf1f1f4f5f7fafafffd04fe09000e0012001500170018ff18fe17fe16ff05000000000000000000000000000000000000fd01f405f205ef06ec06ea06e805e804e903eb02ef01f301f801fe0104020a030f04140617071a091c0a1d0a1c0a1909160812070f05
2130,256731400,-38,11,128,1,0,0,1ee00100fefcfaf7f6f3f2efefebeee9ece7ece6ece7ede8eeebf1eef4f3f7f8fafdfd03ff08000d011102150217021801180017ff17ff05000000000000000000000000000000000000fdfff4fff1feeefdebfce9fce8fbe7fae8f9ebf9eefaf2fbf7fdfd00020207050c08100b140e161019111a1219121710140f110c0f0a
2131,256737209,-38,11,128,1,0,0,1ee00100fefbf9f7f4f3f0efedececeaeae9eae8eae8ebe9edecf0eff3f3f7f8fafdfc02fe08ff0dff11ff14ff17fe18fd18fd17fc16ff05000000000000000000000000000000000000fd01f505f206ef07ec07ea07e807e806e805ea04ee02f202f702fd02030209030f04130618071b081d0a1e0a1d0a1a0a170914071105
2132,256761956,-38,11,128,1,0,0,52200500fcfdf5fdeffdeafde5fde2fce0fce0fbe0fbe2fbe5fce9fdeefef4fffa01ff040407080a0b0d0e0f0f110f130e130d130c130304000000000000000000000000000000000000fe02fa0af90cf60ff511f313f113f013f012f110f30df60afa06fe03040009fd0efa13f817f71af61cf51df51df51af617f814f911fa
2133,256965482,-38,11,128,1,0,0,1ee0010003020a0010ff16fe1bfd1efd20fe21fe21fd1ffd1cfe17fe12fe0cfd06fc00fbfaf9f6f6f2f3eff1eeefedeeededefedf0edfcfb00000000000000000000000000000000000000fd01f301f103ed04ea05e906e808e709e808eb07ef06f303f7fffcfb01f705f309ee0ceb0fe810e512e412e411e710ea0eed0df00b
2134,256969675,-38,11,128,1,0,0,1ee00100fe03ff09000e011202160219021b021b021b021a01170113010f010a020403ff05fb07f609f30af10bef0def0eef0ef00ef103fc000000000000000000000000000000000000020009020b030e041005120712081309120910090d08090606030200fffcfbf8f8f4f5f1f3edf2ebf1e9f1e8f1e8f3eaf4ecf6eff7f2
2135,256970129,-38,11,128,1,0,0,1ee00100fb01f907f60df312f116ef18ee1aee1bee1bef19f117f313f60ffa0aff06030208ff0dfc11fa14f816f817f817f917fa17fb05fe0000000000000000000000000000000000000102050a060d07100813081508160717071705150412030d0208020202fc02f602f003ea04e604e305e106df06e005e304e604ea03ed
2136,256971814,-38,11,128,1,0,0,1ee0010002fc02f503ef04ea04e505e306e006df06df06e105e504e902ee00f4fef9fbfef803f407f10aef0ced0deb0eeb0deb0ceb0bfa02000000000000000000000000000000000000fdfef5f9f3f7f1f5eff3eef1edf0edeeeeeef1eff4f1f7f5faf9fcfeff040209040e05140618071b081e081f071e061c051905150411
2137,256973163,-38,11,128,1,0,0,1ee00100fcfcf5fceffceafce5fbe3fae1fae0fae0fae2fae5fae9fbeefdf3fff902fe040307070a0a0d0c100e120e140d140c140b140205000000000000000000000000000000000000fe02fa0af80cf60ff411f212f113f012ef11f00ff20cf609fa06fe03040009fd0efb13f917f81af71df61ef61ef71bf818f915fa11fa
2138,256975369,-38,11,128,1,0,0,1ee00100fc00f705f30aef0eec11ea13e914e815e814e913ec11ef0ff20cf708fd05020307010d0011ff14ff1600180018011702160205000000000000000000000000000000000000000002040a040d05100513051504170318021701150111000d0008010302fd03f705f107ed08e90ae50be30ce20ce30be609e908ec06ef
2139,256977349,-38,11,128,1,0,0,1ee00100fcfdf6fff000ea01e602e303e103e003e002e202e501e901ee01f402fa02ff04050509070d0a100b120d120e120f110f10100404000000000000000000000000000000000000ff02fd0bfc0dfa10f913f714f615f515f515f512f60ff80bfb07ff0303ff08fb0cf710f414f217f019ef1aef1af018f115f312f50ff6
2140,257496519,-92,11,128,1,0,0,4ff11400faf8fcfbfcfffc01fc04fb05fa07fb0bfc0bfb0afb09fd08fd08fc0afb09fa07fc06000403040503030302020302040303040001000000000000000000000000000000000000fffffdfbfffa02fa02fa00fa02f904f805f703f600f700f701f9fffefdfffcfbfdf8fdfaf8fff600f7fff3fbf2fcf5fef5fdf2fbf2fb
2141,257552225,-94,11,128,1,0,0,dffbbd410402030002fb02f702fa02ff02ff0000fe02fd01000002ff0100020002ff01fe01ff000000fffffdfffc00fe00000000ff010000000000000000000000000000000000000000ff01fe0300010000fe0100010100000101ff00fefffe00fd01fc01fe0101ff02fd01fdffff0002ff04fc04fa08ff0d03070000fbfcf9
2142,257803749,-93,11,128,1,0,0,4ff11441f600f702fb00fd00fd040006020703080309040a05090409020901080207020701060105030002ff00fe01fc03fb04fc04fc01ff00000000000000000000000000000000000000ff01fd00fd01fd02fb03f904f907fc08fb08fb07fb06fa03f901f902fd02000000fcfffafdf9fff600f5fef5fdf3fff2fff3fcf3fb
2143,258315774,-92,11,128,1,0,0,4ff11400fa05fb0300040305040405050507060807090608040704070408050a060804060106010402010401060007fe06fd04fc04fc01ff00000000000000000000000000000000000000000000fffcfdfafbfbfbfafcf6fdf6fcf9faf9fbf7fcf6fdf6fff800fafefcfefefefffb01f805f805f605f307f208f109f208f704
2144,258520575,-94,11,128,1,0,0,4ff1140009040704060107fd06f902f900fa01f601f303f405f705f907fb07fb05fa05fa04fb02fc02fe01fdfffcfcfcfbfbfefa00fb00fe00000000000000000000000000000000000001ff05fd05fd06fe060106020603080606070309010a020904080305010204ff06fe07fe07fc06fd070109010aff0c00100210010dfe
2145,258622959,-92,11,128,1,0,0,4ff11400fbf7faf9f9fef901f802f803f805f805f403f201f600f600f300f4fef7fef9fef9fdf9fcfcfdfd00fd02fd03fd03fd04fc05fe0100000000000000000000000000000000000000ff00fe01fd02fd02fc01f900f7fff5fff402f707fa08f804f702f903fc00fdfdfdfdfffefdfef8fbf9fafbfcf8f8f6f5f6f9f5fdf4
2146,258725376,-91,11,128,1,0,0,4ff11441f80afd080104010001ff0402060408020e0310050d050b040a040803070107030603040003ff03fd04fb04fa01fa00fb01fc00ff000000000000000000000000000000000000fefffbfefcfcfcfdfafdf8fbf7fbf5faf6f9f8f9f7faf9f8fcf8fdfb00000001fe00fc01fb05fa08f908fa07f807f607f509f40bf40b
2147,258828981,-91,11,128,1,0,0,4ff1140005fe03fb03f802fa00fcfdfcfbfafaf8faf5faf4f8f4f9f3fbf3fcf3fdf4fcf6fcf9fefdfefffdfffc01fb03fc01fbfef8fdfdff000000000000000000000000000000000000000003000200030004ff05ff06000703060504070307060609060a06070407fe07fb05fc04fb05f804f705f808f80af60df30df40bf6
2148,259042336,-93,11,128,1,0,0,0995504106fe06fd04fd03000001fe01fefffeffff0001ff010000fffffdfefefd00fd00ffff01ff02010101ff00ff0000fffffdfffdffff00000000000000000000000000000000000000010006000202000200feff0105070b0205fc01f607f20cf607fb02fd030003ff01fdffff00fe01feffffffff02fd02ff01020100ff
2149,259043727,-93,11,128,1,0,0,2ff992410000fc03fc04fc02fc01ff0201030000fffffe01fd00fefe000001ff00fdfffdfdfefefffffffe00fe00fe01ff0100ff00fdffff000000000000000000000000000000000000fe00fb03fd04ff02fffffffeff00010005000107f30aee02f502f708f10cef08f4fff9fdfefe01fd01ff000000000102040103fefc00
2150,259134973,-90,11,128,1,0,0,4ff11400fef8fdfafbfcfbfdf8fef7fff7fff6fef3fef2fef500f801f701f600f900fbfffafefafffc00fcfffe0000020004ff07ff09ff02000000000000000000000000000000000000ff00000002fe03fd04fc05fb04fb06fb08fa09fa0afb0bfc09fd05fe01ff01fefffcfcfafbfafcf7fef600f600f4fff200f300f2ffef
2151,259150822,-94,11,128,1,0,0,b8899b41f700fdf900fb01fffe00fdfffffe01ff02fe02fb01fc01fefffdfefd00ff01ff00fffe00fd0000020002fffffffefefefdffffff00000000000000000000000000000000000000ff01fe02fd02fc03fc03fd01fefffefdfffdfefdfefdfffefffe01ff0100fe00fc00ffff00ff01fe01fe02fd06fe0601030000fffd
2152,259237373,-91,11,128,1,0,0,4ff11441090a0902090007000601050104ff06fe09fe0bfe0aff09020a050905060306020801070003ff01fe01fc03fc03fc02fc01fb00fe000000000000000000000000000000000000ff01ff050005010501050007fc09f909f809f80af80af806fb02fe02fe03fe05ff05020203040206030705070707090b0a0d080d060d
2153,259442186,-92,11,128,1,0,0,4ff11400fdf7fbfafefdfffefcfef8fef6fef6fef6faf5f6f6f5f7f5f7f7f8fafafbfcfafcfafdfdfdfffcfffbfffc00fb01fd00fe00ff0000000000000000000000000000000000000000ff03fd01fd00fc00f9fff6fff701fa05fb08fa06f903f704f705fa03fc03fb03fafefafcf7fdf6fff7fff6fcf4faf3fef302f003eb
2154,259544598,-92,11,128,1,0,0,4ff114000005ff0703070503050007000a010b020b040a040b030b060908070507020604060605040303020103ff02fe03fe05fd05fa01fe000000000000000000000000000000000000ffffff00fc01fa02fb04fb06fb06fa05f804f804f902f801f800fafffbfdfcfdfe00ff04ff060109040c040c000afe0c000f010d010b
2155,260056617,-93,11,128,1,0,0,4ff11400090306fe06ff03fe02fb05fb0afc0cfa0cf80cf80cfa0afd08fe07fd05fd04ff070107ff04fe01fdfdfbfcf8fef800f9fff9fffe000000000000000000000000000000000000000002020201020203040207000bfe0cfe070005ff07fb09f90afa07fc05fe060105040106010704060308040b0a0b0f0b0e0c0d0d0c
2156,260077635,-93,11,128,1,0,0,f99ddf41fffe03ff03010204020202fc01f9fdfefbfffef702f504f902fb02fd0afd07fffc00f801fa01fc00fdfeff0000fd00fa00f900fe000000000000000000000000000000000000ff00fe01ff00fffe0100000100000100010002fe02ffff01fe01000101020002fe02fe02fd01fe0001ff01fd01feff01ff0000ffff00
2157,260159025,-92,11,128,1,0,0,4ff1140008fd05ff03ff00fffefcfbf9f9faf7fbf7fbf7f9f5faf5faf8f8f9faf9fcfbfbfdfbfdfefd00ff02010300040004010502060001000000000000000000000000000000000000ff00fe01fc01fd03fe04fd04fc05f905f906f907f707f709fa09fd0501040405040205ff060006ff06fe0600060008fc0dfa0efc0bfe
2158,260363810,-92,11,128,1,0,0,4ff11400030401040102040003fd01fa02f704f804f706f706f805f805f805f603f6fff9fefa00f900fbfffdfdfefbfefafef8fef5fefcff000000000000000000000000000000000000fefffbfdfbfffa01f801f900f900f6fef4fdf7fef800f7fff8fefb00fb00fc00fe01fe03ff07020a03080209020f000eff0b000c030d
2159,260746707,-94,11,128,1,0,0,c7777c41f7f900fe060304ff02fa03fb03fd01fefefefcfffe0003ff04fe02ff0000ffff00ff0000ff00fd00fe00fffe00ff000000ff00ff000000000000000000000000000000000000fffe00fc01ff0002fd01fbfe00fe02fe01fc02fb00fb00fd0201050303fffffdfefdfffcfffefdfffd000203090109fe0502ff08fd05
2160,260747115,-92,11,128,1,0,0,a4488a41fd01fdfffffefffd01ff0201010002fe01fc00fc00fd00fe00ff000200030000fdfefdfffffefefffdfefcfefcfffe00ffffffff000000000000000000000000000000000000ff00fe00fdfffe00ff01fd02fd00000003020200fefffb02fe0200fefdfefdfffeffff010202040002fe00fdfcf7faf0fdf7fefffb02
2161,260852855,-93,11,128,1,0,0,5ff99541fffe02fc03fd02ff030004030304fe03fa01f7f9f4f3f9fafffffaf7f3eff7f7fdfffffe01fc02fd02ff01fffffefffd0100000000000000000000000000000000000000000000010103010000fffffefefeff00ff01fe01ff02fe02fe03fe02fd03fd0200fefffefdfcfdfafefdffff00fe01fe000001050207fe03
2162,261797457,-94,11,128,1,0,0,4ff11400fafbfbfefb02fb04fb05fa08f709f50af50bf90bfc07fc07f909f907fa03fb04fd0500040002010003020405050504060506010100000000000000000000000000000000000002fe07fb03fc01fa00f9fffa01fa03fa02f904f808f808f805f904fa04fb02fd01000001fdfffbfaf8f3f6f4f5f9f4faf1f8f3f5f8f4
2163,261834076,-37,11,128,1,0,0,1ee0010004020bff10fc16fa1bf91ef820f821f721f81ff81cf918fa12fa0cfb06fb00fafaf9f5f7f1f5edf3ecf1ebf0ebefeceeedeefbfb000000000000000000000000000000000000fffdfdf3fdf0fdedfeeafee700e601e502e602e903ed02f100f6fefcfc01f807f40cf110ee14ec16e918e819e918ea15ec13ef11f10f
2164,261860638,-38,11,128,1,0,0,1ee00100fb02fb09fa0ff915f819f71cf71ef61ff61ff71df81af916fb11fe0c0106040108fd0cfa10f712f514f416f416f516f615f605fd00000000000000000000000000000000000002010b060d07100a110c130e1310131112110f100c0d090a0606030000fbfef5fcf0faeaf9e6f9e3f8e1f8dff9e0fae3fae6fbeafced
2165,262321876,-38,11,128,1,0,0,1ee00100fc01f907f60cf311f016ee18ed1aec1bec1aed19ef16f213f50ffa0afe05030108fe0cfc11fa14f816f818f818f918fa17fb05fe0000000000000000000000000000000000000102040a050d06100713071606180619051804160213010e0109010301fd02f603f004eb06e706e307e108df08e007e306e605ea05ed
2166,262322348,-38,11,128,1,0,0,1ee00100ff040309070e0a130c170d1a0e1c0f1d0f1c0e1b0d180a14080f060a040403fe02f802f202ee03ea04e804e705e705e806e901fa00000000000000000000000000000000000002000c000e00120015011702190419051805160612050e04090203fffefcf8f9f3f6eff2ecefe9ede7ebe6eae7eae9ecebeeeef1f0f3
2167,262322724,-38,11,128,1,0,0,1ee00100fe03ff0a00100115011a021d021f02200220021e021b01160211020b020503ff05fa07f509f00bed0cec0deb0eeb0eec0eed03fb00000000000000000000000000000000000002010a050c070f09120b130d140e140f130f110e0d0c0a0906060301fffcfcf7f9f2f6edf4e9f3e6f2e3f2e2f2e2f3e5f5e8f6ebf7ee
2168,262323113,-38,11,128,1,0,0,1ee0010001fcfff5feeffdeafce5fce2fce0fcdffcdffce1fce4fce9fdeefdf4fcfafc00fa06f80bf70ff512f314f214f114f113f112fc04000000000000000000000000000000000000fdfff4fbf2faeff8ecf6eaf5eaf3eaf2ebf1edf2f0f4f4f7f8fafcff00030408070d0a110c150e180f1b0f1c0f1b0e190c160b130910
2169,262323505,-38,11,128,1,0,0,1ee00100fcfdf5fdeffceafbe5fae2f9e0f9dff8e0f9e1f9e4fae9fbeefdf4fefa01ff030406080a0b0d0e0f0f110f120f130e130d130304000000000000000000000000000000000000fe02f709f50af30cf00eee0fed0feb0feb0eed0cf00af307f805fe03040009fe0ffd14fc18fb1cfa1ffa20fa1ffb1cfb19fc15fc12fc
2170,262323902,-38,11,128,1,0,0,1ee00100fcfdf5feeffdeafde5fde2fde0fcdffcdffce1fde4fde9feeefff300f902ff04040609090d0c0f0e1010111110120f120e120304000000000000000000000000000000000000fe02f90af80cf50ff311f112ef12ee12ee11ef0ff10cf509f906fe03030009fd0efa13f917f71bf61df61ff61ef61bf718f815f911fa
2171,262324312,-38,11,128,1,0,0,1ee0010000fcfdf6faf0f8ebf6e7f5e4f4e2f3e1f3e2f4e3f5e6f6ebf8effaf5fbfbfc01fc07fc0cfb11fa14fa16f917f817f816f815fe05000000000000000000000000000000000000fdfff4fdf1fceefbebfae9f9e8f7e8f6e9f6ebf6eff7f3f9f7fcfcff010306070a0b0e0f11121314141715181418121610130e100c0e
2172,262340557,-38,11,128,1,0,0,52200500fbfbf5faeff9eaf8e6f6e4f5e2f4e1f4e1f5e3f5e6f6eaf8effaf4fdf901fe050109040d06100813091509170817071606160105000000000000000000000000000000000000fe02f90bf80df50ff311f112ef12ee12ee11ef0ef20bf508fa05ff0205000afe10fc15fb19fa1cfa1efa20fa1ffb1cfb18fc14fc11fc
2173,262515674,-92,11,128,1,0,0,4ff11441f9fdfafffc01fa00f801f904fb07fd09fd0afc09fb07fb07fb07fd05fe02fc04fc04fe03000201ff02ff0302050204010402010000000000000000000000000000000000000000ff01fc02fe03ff05ff0701080209010b000a02080208010500020001ff01ff01ff00fb00fa00f8fcf3faf0fcf2fdf2fbf0fbf0fdf0
2174,262542509,-38,11,128,1,0,0,1ee0010003ff06f909f30cee0fea11e812e613e513e511e710e90dec0af006f501f9fdfcf8fff301ee03eb04e804e703e703e702e701fa00000000000000000000000000000000000000fefdf9f6f7f4f6f0f5edf4ebf4eaf5e8f6e8f7eaf9edfbf1fcf6fdfcfd02fd08fd0efd14fd18fc1bfb1efa20fa1ffa1cfb19fc16fd13
2175,262543194,-38,11,128,1,0,0,1ee00100fcfef600f002ea03e604e305e105e006e006e105e404e904ee04f403fa03000405050a060e08110a140b140d140e130e120e0403000000000000000000000000000000000000ff02fd0bfd0efc11fa13f915f817f717f616f714f810f90cfc08ff0403ff07fa0bf60ff313f015ee18ed19ec19ed17ee14f111f30ef4
2176,263333480,-91,11,128,1,0,0,4ff11400010602060506070308010b020c040b040c010c010902080409070907070604050402030102000100000002fe05fd05fd06fd01ff000000000000000000000000000000000000ff00000303040204010401040105000801090008fd09fd07fd05fc04ff03020103000501060403060307060b070d070a070b090d0a0c
2177,263354992,-92,11,128,1,0,0,733007410605fe03fd00fefffcfbfdfb04000501030002000001fe00fdfefffd01ff01010000fffffefffffefffefefffefffdfffe00ff000000000000000000000000000000000000000100040002fe00fc00fafff902f904fd0001fe01ff020102020005fb06f701fbfdfdfff901f701f802fb01fff608ed10f90806020805
2178,263856179,-38,11,128,1,0,0,1ee00100fcfdf6fdf1feedfee9fde7fde5fce4fce4fce6fce8fdecfdf0fef500fa02fe050107050a070d080f091109120912081207120104000000000000000000000000000000000000ff02ff09ff0bfe0efd10fd12fc13fb13fa13fa11fa0efb0afd07000304ff07fb0af80ef611f413f215f116f116f215f312f50ff60df7
2179,263857800,-38,11,128,1,0,0,1ee00100010506080b0c0f0f131215141616161716161515121310100c0c0907060204fc03f703f203ee03ea03e804e705e706e806e901fa00000000000000000000000000000000000001fd07f709f50bf30ef110f011f013f113f212f40ff60bf907fa01fcfcfdf6fef0feebfee7fde3fde1fce0fbe1fbe3fbe7fbeafcedfd
2180,263859613,-38,11,128,1,0,0,1ee00100fa02f809f60ff315f119ef1cee1ded1eed1eee1cf019f215f611fa0cff0805040a010fff14fe17fd1afd1bfe1bff1a001a00060000000000000000000000000000000000000002010b050d061008130a140d150f1510131111100e0e0a0a0706040101fbfef5fceffbe9fae4fae1fadefbddfbddfce0fce3fde8fdec
2181,263861383,-38,11,128,1,0,0,1ee0010001fbfdf5faf0f8ebf6e7f5e4f5e3f5e2f5e2f6e3f7e6f8eaf9effaf5fafbfa00f906f70bf60ff411f313f213f113f112f011fc04000000000000000000000000000000000000fd00f503f304ef05ed05ea05e904e803e802eb01ee00f200f700fc01020307050c071009140c170e19101a101910160f140e110c0f0a
2182,263905944,-38,11,128,1,0,0,1ee00100fafff705f50af10fee12ec14ea16e917e917ea16ec13ef11f20df70afc07020507030c0211021402160318041805170617070501000000000000000000000000000000000000010108060a080c0a0e0c0f0f10100f120e120d110b0f080b0607040203fd01f700f100ec00e801e401e202e002e102e302e602e902ec
2183,263907700,-38,11,128,1,0,0,1ee00100fbfef704f309ef0dec10e911e813e714e713e712ea10ed0ef10bf608fc06010507030c031004140416051706170716081608050200000000000000000000000000000000000001010608080a090d0b0f0b120c140b150a1509140711050d0408030303fd02f803f204ed05e906e507e307e108e207e407e706ea05ed
2184,264664739,-92,11,128,1,0,0,4ff11400fc04fe03fd05ff07010601070008010a020b020c010b010a0108010700050003000400060003000002ff04ff06ff070105020100000000000000000000000000000000000000fffffdfefbfefcfefcfef9fff5fef5fcf9fafafafafcf9fcfafbfdfcfdfcfcfdfafffa02fb05f806f507f306f005f106f208f106f006
2185,265176469,-95,11,128,1,0,0,cbb33c4107020501020003fc02fa01fd02fd00fd02fe06fd060003040103ff02ff030004ff03fe00fdfeffff00000101ff02fd03fc02ff000000000000000000000000000000000000000000010200040004000300050103fefef9fef700f8fefafffa00f9fefafdfb00fd04fd01fcfcfdfdfdfefdfefefd01fa03f803f802f8
2186,265586359,-92,11,128,1,0,0,4ff11441f603fa01fcfefdfffc02fe040305060608060a060a070a05090206020404050505020500040004fe04fd02fd02fb02f902fa00fe000000000000000000000000000000000000ff00ff00fffdfffb00fa00f9fff801f503f502f703f705f905fc04ff03000000ff01fc02f802f502f304f203f401f603f704f604f805
2187,265893568,-93,11,128,1,0,0,4ff11441050606070706080006fc05fb06fb08fc07fb07fa09fe0b030b03090006fe06ff050001ffffff01ff02fe02fd03fd03fd03fc00ff0000000000000000000000000000000000000000000201010200050007020904080606040505050b040c000afe0900050002010003010502050308030b010c020a070a070c030e04
2188,266200782,-93,11,128,1,0,0,4ff114410605080404030202020106fe0afd0bfa0cf90bfa09fb08fc06fd07fe080008010501030101ff02fc01fbfff9fff9fffafffbfffe000000000000000000000000000000000000ff00ff00fd01fb02fb01fa02fa03f902f802f603f702f900f800f8fefcfcfcfdfa02fb0600060304020201040609060d0110010f010e
2189,266508962,-93,11,128,1,0,0,4ff11441fbf8fbfafbfefa02fb02fd00fb02f705f706f809f70bf909fe070106ff05fd03fe03ff020001ff00ff010102030104010304000100000000000000000000000000000000000000ff03fe01fd01fd02fc03fb05f806f706fa04fc04fc07fb07fc050001fffdfbfffb020000fffbfbf8f9f8f6f8f7f7faf6f9f7f5f8f2
2190,266569100,-93,11,128,1,0,0,abbcca41fdfefcfe00fefefcf6f7fafa03070307fffefcfefd00fffffe00fe0005020501fdf7faeffdf6fc07fd0901fefdfdf8fff7fefdff00000000000000000000000000000000000000000000000001fffefefefe03ff05fe01fffe01fefffffbfff8fefafefd00fe00fffe03fd04fc00fb00fd02ff02000000fefffdfefe
2191,266815201,-93,11,128,1,0,0,4ff11441f906fc03fd02fd0000010502070207030604050703090308050505030303020203ff03fd03fe030003fe05fc05fd04fd02fd00ff000000000000000000000000000000000000ff00ff020002fd04fd04fd03fb04fa04fb03fa04f903f803f804fb03fb03fb05fe070006020605090209ff0afe0afe0afe0bff0b000b
2192,267019996,-92,11,128,1,0,0,4ff1144107fa04fc02fe02fd01fb01fafff8fcf7fbf7fef500f302f403f703f802f901fb00fdfefdfffdfefdfdfffd00fdfefbfbf9fafefe00000000000000000000000000000000000000ff0100020103ff04fd06fe08ff080007010805080606050204fe03fe03010101fefffc02fb05fb05fc06fd09fd0bfb0af909f907fa
2193,267532007,-93,11,128,1,0,0,4ff11441fefcfd01fc01fe02fd05fe07ff06ff0600060107ff0800070305040404040502040002ff00fd00fd00fd00fc00fb00fc00fa00fe000000000000000000000000000000000000ff00ff01fe01fe02fe03fd04fc05fd04fd05fe06ff05ff06fd07fd05010202fefffcfffd03fc05fb03f903f705f503f5fef4fff203f3
2194,267955450,-38,11,128,1,0,0,1ee00100f903f709f50ef312f115ef17ee18ed18ed17ee16f013f310f60dfb0aff08040609060e061206140715081609150a140a130b040200000000000000000000000000000000000002ff0bfe0dfd10fd13fe15ff16001602150313030f030c02080003fdfff9fcf6f9f1f7edf5eaf4e7f4e5f5e4f6e4f7e7f8e9f9edf9f0
2195,267956665,-39,11,128,1,0,0,1ee00100fdf9f8f5f4f3f0f0ededecebebeaebe9ebeaedebefedf1f1f4f5f6faf8fff904f909f80df710f613f514f415f314f313f311fc04000000000000000000000000000000000000ff02fe0bfd0dfc10fa12f913f814f614f613f610f70dfa0afd07010306010afe0ffc13fb17fb1afb1cfb1dfc1cfd19fd16fe13fe10fe
2196,267974548,-39,11,128,1,0,0,52200500f902f508f20cef10ec13ea15e916e816e915eb14ed11f00ff50cfa08000605040a030f0313031604170418061806160715070501000000000000000000000000000000000000020109070b080d0b0e0d0f0f0f100f110d110b10090d070a0505030002fa01f400ef00ea01e601e402e202e103e203e502e802ec01ef
2197,267976941,-39,11,128,1,0,0,5220050005030c02120117011b011d021f021f031f031d031902150110000afe04fc00f8fcf5f8f2f6eef5ecf4eaf4e8f6e8f7e9f8eafefa000000000000000000000000000000000000fffdfff4fff2ffeeffec00ea02e803e804e904eb04ef03f301f8fdfcfa01f706f309ef0dec0fe911e711e611e710e90eec0def0bf20a
2198,268179003,-39,11,128,1,0,0,1ee00100fa0cf913f817f71bf51ef51ff420f41ff51df619f815fb10ff0b030707020cff11fc15fa18f91af91bfa1bfb1afc18fd17fe05ff0000000000000000000000000000000000000300100112021403160516061507140712070e060a04060102fdfef8faf4f7eff5ebf3e7f3e4f3e3f3e2f4e2f5e4f7e9f8eef9f3faf7
2199,268351487,-94,11,128,1,0,0,4ff114410802060103fd01fcfefb00f701f6fff7fef7fef6fdf6fcf6fef800fa01fafffbfffc00fc01feff00fd01fe01ff01fd02fb03fe00000000000000000000000000000000000000ff00fe02fd03fd03fd05fb05fb05fb06fb05fb04f904f607f50af707fb02fe020003ff020101050407070b050d030d050c050d050d05
2200,268556022,-93,11,128,1,0,0,4ff11400fdf9fcfafbfcfafef900f701f600f6fef6fcf7fbf6faf7f8fafafafafafafbfdfcfffcfefefffe01fc02fd03fc03fb02fa01fe00000000000000000000000000000000000000ff00fdff00fd00fbfdfcfdfcfffc01fc03fb05fb05fb04fa04f904fb01fc00fc00fcfdfcfcfdfdfdfcfafaf6f9f6fbf6fef3feeffcf1
2201,269045913,-92,11,128,1,0,0,c7799c4100fcfdfdfefe0000fe02fe0200ff00fdfffcfffeff010102020000feff00000002ff02fd00fdfefeffff01ff0000fffffffe00ff000000000000000000000000000000000000fffefcfaf9fcfafbfdf9fefbfcfb00f704f901fcf9f5f4f5f9ffff05ff04010005fe0301fd02fefe04fc05fa02f701f5fff9fcfffb03
2202,269068050,-94,11,128,1,0,0,4ff11441fe04000701090005ff0202060406050505060309020b030903070008000902060004fe0101000400050004ff0300050007010200000000000000000000000000000000000000ff00fe01fefffdfefafff8fff8fff7fff8fef9fdf9fef9fcfafcfbfefb00fb00ff010001fd03fa07f909f80af809f80af80bf70bf60a
2203,269150015,-94,11,128,1,0,0,5779954102fe03fe01000001ff01ff0100000000fefefdfdfefc00fe02ff00fdfefeff000000ff00feff00000001ff00ffffffff01fe00ff000000000000000000000000000000000000fffffdfffd01ff0002fe02fe02fe00fffe00000001000101010001ff00ffff00fe00fd00fdff00ff01ff03fd0afe0fff08fc05fa07fc
2204,269151335,-93,11,128,1,0,0,abb33a4100fe01fe01feffffff0100000000000302020102020202010000ff00fe00fe01ff01ff00fffefefdffff02010201020001fe00ff00000000000000000000000000000000000000ffff00fe0000fd03fc0200ff01feff00fe00ff0001010304010400ff01fe03fe02fe0000010104ff02ff000a0012ff0d040a090708
2205,269255870,-93,11,128,1,0,0,1008814102ff0101000300020100fffefdfefffe01000b0414080902fefd0304080d040900020100020002010000fcfffbfffd0001010000000000000000000000000000000000000000ff00ff01000002020102fe00fefeff00ff020001030002ffff00feffff000100030002ffffffffff00ff00ffff01ff03030107fd05ff
2206,269272857,-93,11,128,1,0,0,4ff11441fbfbfefdfdfffc00fa01f903fa05f803f701f501f4fff4fef700f900f9fffafefa00fa00fc01fd03fd03fd03fe03fe03ff07ff02000000000000000000000000000000000000fffffdfffdfffefefefbfef9fdf8faf9fcfafff901f903f904fa01fcfdfefefd00fdfffcfffafbfaf5fbf2fdf5fcf7f6f5f5f5f6f7f5
2207,269580054,-92,11,128,1,0,0,4ff11400fefdfcfdfcfefdfffe00fdfffc00f901f7fff600f502f501f5fef6fcf8fefc01fe01fd01fc03fe04000200030005010501060001000000000000000000000000000000000000000000020201040004000300050007010605050707050705050701050102030002ff01fd01fb00fa01f901f702f502f302f202f503f7
2208,269749928,-93,11,128,1,0,0,a1188a41fffe03fe05ff060006fd02fbfffefcfffdfd00fefffefdfd01fb00fbfcfbff000007fe0b0209060208fc09fb05fd0000fc01fe00000000000000000000000000000000000000fffffffe00fe00fcfefdfd00fe03ff030201030001ffff000002020201020000fffdfffe00fe01ff00ff00fd01fe01000001010105ff
2209,269887743,-94,11,128,1,0,0,4ff114410cfb09fd05fc02fb00fafdf8fdf9fdf9fcf7fbf6fcf5fdf4fdf5fdf4fdf5fcf9fbfefbfffdfffe01fd03fb02fb00fbfffb01fe00000000000000000000000000000000000000ff01ff03010203040406040703070107ff07fe09fe09ff08fe04fd03000403030502060105fe08fa0afc09ff09fc0cfc09fe04010604
2210,270501675,-93,11,128,1,0,0,4ff11441ff04fe04fe050205040205fe06fd0701080509050a060a060905070506040503030202010202020101fd01fc02fd02fd04ff0100000000000000000000000000000000000000fffffc00fb01fb02fb04fa07f905f902f801f602f503f501f701f901fafffe02020403030103ff08fe0cff0dff0dfd0efc0efc0af909
2211,270744181,-92,11,128,1,0,0,855ff84104ff04fe04fe01fefffffffefffeff00000000fffffffdfffefe00fd02fd03fe01fefefefbfefcff0101030001000001ff01ff0000000000000000000000000000000000000000010003ff01000000010002fe00fdfd00ffff00fdfffd00fe02fe02fe04fd03fd02fd02fd01fffefffefe0006020e03080303010301
2212,271126238,-38,11,128,1,0,0,1ee00100fb00f906f70bf510f314f117f019ef1aef1af019f117f313f60ff90bfe07020407010bff0ffd13fc15fc17fd18fd17fe17ff05ff000000000000000000000000000000000000010108060a070c0a0e0c0f0e0f100e110e120c11090e070b0507030201fd00f7fff2feedfee9fee6fee3ffe1ffe2ffe4ffe7ffea00ed
2213,271129748,-37,11,128,1,0,0,1ee00100fcfef803f307ef0beb0de80fe610e511e511e711e90fec0df00bf508fb06000406030b030f0313031504170517051706160705010000000000000000000000000000000000000102040a040c050f0512041504160317021701150012000e0009010402fe03f805f308ee09ea0be80de50ee40ee50de70be90aec08ee
2214,271130971,-37,11,128,1,0,0,1ee00100fefcf8faf3f9eef7eaf5e7f3e5f2e3f2e3f1e4f2e7f3eaf5eef7f3faf7fefb02ff07020b040f0512061506160517041703170005000000000000000000000000000000000000fe02f908f70af50cf20ef00fef0fed0fed0eee0cf10af407f805fd03020108ff0dfe12fd16fd1afd1dfd1efd1efe1cfe19ff16ff13ff
2215,271132191,-37,11,128,1,0,0,1ee00100000205050a070f09120b150d160e170e180e160e140c110b0e080a05060103fe00fafef5fcf2fbeffbecfbebfbeafcebfdebfffa00000000000000000000000000000000000001fe07f909f80bf70ef610f511f512f612f611f80ffa0bfb07fc03fdfdfef8fef3ffeeffebfee8fee5fde4fde4fde6fde9fdecfdeefd
2216,271188638,-38,11,128,1,0,0,1ee00100fffdfaf9f5f5f1f2edefebede9ece8ebe8ebe9ecebeeeef0f2f4f5f8f9fcfd010006010b030f0412041504170317021701160005000000000000000000000000000000000000fd00f602f302f003ed03eb03ea02e902e901eb01ee00f200f700fc01010207030c041106150718091a0a1c0a1b0a1909170914081106
2217,271191833,-37,11,128,1,0,0,1ee00100fdfef700f101ec03e705e406e206e106e106e205e505e904ee03f403fa03ff0305030a040e05120614081509150a140a130b0402000000000000000000000000000000000000fe02fb08f90bf70df60ff411f312f212f212f210f40df70afa06fe0302ff07fc0bf910f613f416f218f11af019f018f215f312f510f6
2218,271232977,-38,11,128,1,0,0,1ee00100fefdf8fef2feedfde8fde5fde3fce2fce2fce3fce6fceafdeefef4fff901fe03030507080b0b0d0d0f0e10100f100e110d110304000000000000000000000000000000000000fe01fa07f809f60bf40df20ef00fef0fef0ef00df20af508f905fd03020007fe0cfc11fa14f917f91af81cf81bf819f916fa14fa11fb
2219,271233567,-38,11,128,1,0,0,1ee00100ff020307070b0b0f0e120f1511171118111710160f140c110a0d0708050303fe01f900f400f000ec00ea01e902e803e903ea01fa00000000000000000000000000000000000002ff09fe0cfe0ffe12fe14ff150016001501130110020d01090103fffefdf9fbf5f9f0f6edf4eaf3e8f1e7f0e7f0e9f2ebf3eef5f0f6
2220,271291069,-38,11,128,1,0,0,1ee0010003010a01100216021b021e032003210221021f021b01170112000bff05fefffcf9faf4f8f0f6edf4ebf2eaf1eaf0ebf0ecf0fbfc00000000000000000000000000000000000002fe09fa0cf90ff712f614f615f616f616f714f911fb0cfc07fd02fefcfff600f001eb02e602e302e102df03e003e202e602ea02ed02
2221,271320998,-92,11,128,1,0,0,4ff1140008ff070105ff03fd00fefffcfef8fdf7fdf500f302f200f5fef7fef6fef6fdf8fcfbfcfcfbfcfbfffb02fb02fb01fa01f902fe00000000000000000000000000000000000000ff00fe01fc01fa02fb02fa04fa06fb07fa06f905fb06fb08fb05fd03fd07fd06fe030104040405010601080309060b070c060c070b09
2222,271337124,-38,11,128,1,0,0,1ee00100ff04000b01110116011b021d021f031f031e031c03190214020e0209020202fc03f604f105ed05ea06e807e707e807e907ea01fa0000000000000000000000000000000000000102050a060c070f0712081407150716061505130310010c0007ff01fefbfdf5fdf0fcebfce7fbe4fbe2fbe1fbe2fbe5fce8fcecfdf0
2223,271395837,-38,11,128,1,0,0,1ee00100fcfbf5faeff8eaf6e5f4e3f3e1f2e0f2e0f2e2f3e5f5eaf7eff9f4fcf900fe050209050d07110914091609180918071706170105000000000000000000000000000000000000fe02f709f50af30df00eee0fed0fec0fec0eed0cf009f406f904ff0205010aff10fe15fd1afd1dfd20fd21fd20fd1dfe19fe16fe12fe
2224,271396473,-38,11,128,1,0,0,1ee0010005fe0af90ef513f116ee19ed1aeb1beb1aeb19ec16ee12f10df408f702f9fcfbf7fcf1fdecfde9fce7fce6fbe6fae7f9e8f9fafe000000000000000000000000000000000000fefdfaf4faf2f9eef8ecf8e9f9e8fae7fbe8fdeafeeefef3fef8fdfefd04fb0af90ff814f618f51bf31df21ef31df41af517f713f910
2225,271498496,-38,11,128,1,0,0,1ee0010004000aff11fe16fd1bfc1efc20fc20fb20fb1efb1afb15fc10fc0afd03fcfdfbf8faf3f9eff7ecf6eaf4e9f3e9f3ebf3ecf3fbfc00000000000000000000000000000000000001fd05f607f309f10bef0ded0eed0fed0fee0ff00cf309f705fa00fdfb01f604f107ec09e90be60ce40de20ee30de60ce90aec09f007
2226,271499095,-38,11,128,1,0,0,1ee00100fb02f707f30cf010ec13ea15e917e918ea17eb16ed13f110f50cf908ff05040209ff0efd12fc15fb17fb19fc19fc18fd17fe05ff0000000000000000000000000000000000000002020b020d021102130216011700180017ff15ff11ff0c0007010202fc03f605f107ec09e80ae60ce30ce20ce30be60ae908ec06ef
2227,271500851,-38,11,128,1,0,0,1ee00100020408070d0a120d1610181219131a131a121811150f120c0e090904050001fbfef6fcf1faedf9eaf8e8f9e7f9e7fae8fbe8fffa00000000000000000000000000000000000002fe0afb0dfa10fa13f915f917fa17fb16fc14fd11fe0cfe07ff01fefcfef6fdf0fcebfbe7fae4f9e2f7e1f7e2f7e4f8e8f9ebfaeffb
2228,271501289,-38,11,128,1,0,0,1ee001000004030a061009140b190c1b0d1d0d1d0d1c0d1a0b170913070e0608040203fc02f603f103ed03ea04e705e705e706e807e901fa00000000000000000000000000000000000002000b020d0310041305140615081609150913090f070b06060301fffdfcf8f8f4f4f0f1eeedecebeae9eae9eae9ecebeeeef1f0f4f3
2229,271503324,-38,11,128,1,0,0,1ee00100fe04ff0b00110116011b021d021f0220021f021d021a02150210020a030304fd05f706f208ee09eb0aea0be90cea0ceb0cec03fb0000000000000000000000000000000000000101080709090b0b0d0e0e100e110e120d120b11080e060a04060101fffbfcf6faf1f9ecf8e8f7e5f6e3f6e2f6e2f7e5f8e9f9ecfaef
2230,271546146,-38,11,128,1,0,0,1ee001000005040b071009150c190d1c0d1e0e1f0e1e0c1c0b190914080f0609040304fc04f604f105ec06e907e708e609e70ae80ae902fa00000000000000000000000000000000000002ff0cff0eff11ff14ff1600170218031703140310030c02070102fefcfbf7f8f2f6eef2ebf0e9eee7ece6ebe7ebeaedecefeff2f1f4
2231,271554826,-38,11,128,1,0,0,1ee0010005ff0cfd12fb17f91bf81ef81ff720f71ff61cf719f814f90ffa08fb02fcfbfcf6fbf0faecf9e9f8e7f7e7f6e7f6e8f6eaf5fafd00000000000000000000000000000000000000fd04f405f207ef09ed0aeb0ceb0deb0dec0cef0af207f604fafffefb02f606f109ed0cea0ee70fe511e411e510e80feb0def0bf209
2232,271555377,-38,11,128,1,0,0,1ee00100030508090d0d111014131615171618161716151413110f0e0c0a080504ff01fafff5fdf0fcebfbe8fbe6fce5fce6fde6fee7fffa00000000000000000000000000000000000002ff0bfc0efc11fc14fc16fc17fd18ff17ff150010000c00070001fefbfdf5fbf0f9ebf7e7f6e5f4e3f3e2f3e3f3e6f4e9f5edf7f0f9
2233,271557128,-38,11,128,1,0,0,1ee0010002fa03f303ed04e805e405e105df05df05e004e203e502ea01f0fff6fdfcfa02f707f40bf10eef10ee12ed12ed11ed10ed0ffb03000000000000000000000000000000000000fdfef7f7f5f4f4f1f3eff2edf2ecf3ebf4ebf6edf8f1faf5fcfafeff0005010a021003150419041c041f041f031e031b021802140210
2234,271558222,-38,11,128,1,0,0,1ee0010005020b04110417061b071d071f081f081e071c06190514040f02090003fdfefaf9f7f5f4f2f1f0eeefedefecefebf1ecf2ecfcfb00000000000000000000000000000000000002fe09f80bf60ef511f413f415f415f414f612f70ff90bfb06fd00fefafff400ee01e901e502e301e001df01e101e401e701eb00ef00
2235,271730533,-92,11,128,1,0,0,4ff1140002080302030202020401070009fe0bfb0dfa0ffc0e000c0008ff0701080207010501020002ff03fe03fd02fb01f901fb02ff0000000000000000000000000000000000000000000001000100ff01fd02fb06fc09fb07f803f801f801f702f700f8fffd010204030401040007000a000b000d020f020d010c010c0109
2236,272038814,-37,11,128,1,0,0,1ee00100fcfdf5feefffea00e500e200e000df00df00e100e400e900ee01f401fa03ff04050609080d0a100c110e12101210101010100304000000000000000000000000000000000000ff02fb0afa0df810f612f413f314f214f113f210f40df709fb06ff0204fe08fb0df812f616f418f31bf21cf21cf21af317f513f710f8
2237,272041335,-37,11,128,1,0,0,1ee0010001030507090a0d0e11101312141415141414131311110e0e0b0a0806050102fd00f8fef4fdf0fcedfcebfce9fde9feeaffebfffa00000000000000000000000000000000000002ff0afd0dfd10fd12fe14fe15ff1600150013010f010b01070102fffcfdf7fbf2faeef8ebf6e8f5e6f4e5f3e6f3e8f4ebf5eef7f0f9
2238,272100069,-37,11,128,1,0,0,1ee00100010406090a0d0d111014121613181318131811160f130d100a0c0707050103fc02f701f201ed01ea01e802e703e803e904ea01fa00000000000000000000000000000000000002fe0bfb0dfa10fa13fa15fa16fb17fc16fd14fe10ff0bff06ff01fefbfdf6fbf0faecf8e8f6e6f5e4f3e3f3e4f3e7f4eaf5eef7f0f9
2239,272101478,-37,11,128,1,0,0,1ee0010005000bfc10fa14f818f61bf51df51df41cf41af517f613f70ef908fa03fbfdfbf8fbf3faeff9ecf8eaf6e9f5eaf5ebf5ecf4fbfd000000000000000000000000000000000000fffdfef3fef1ffed00eb01e902e803e803e904ec03f002f400f9fefefb03f808f50cf210ef13ed15ec16eb17ec16ee14f011f30ef50c
2240,272102781,-37,11,128,1,0,0,1ee0010002fa01f401ee01e901e501e201e101e001e101e301e600eaffeffef5fcfbfa00f705f409f20cf00eee0fed0fed0eed0ded0cfb03000000000000000000000000000000000000fdfff3fcf1fceefaecf8ebf7eaf6eaf5ebf4eef5f2f7f6f9fafcfd0101050509080e0a120c150d180e1a0e1b0d1a0b180a150811070e
2241,272139829,-37,11,128,1,0,0,1ee0010004000afd10fb14f918f81bf71df71df61df61af717f813f90ffa09fb03fcfdfcf8fcf3fbeefaecf9eaf8e9f7e9f7eaf7ebf6fbfd00000000000000000000000000000000000000fd03f404f205ef07ed08ec09eb0aeb0bec0aee08f206f503f9fffdfb02f706f309ef0cec0fea10e811e712e811ea10ed0ef00cf309
2242,272177452,-38,11,128,1,0,0,1ee0010004fc05f506ef08ea09e60ae30be10be10be10be309e608ea05ef02f4fff9fbfdf601f204ee06eb07e907e707e706e705e804fa00000000000000000000000000000000000000fdfef4fbf1f9eff7edf5ebf4ebf2ebf1ecf1eff2f2f4f6f7f9fbfc00ff05020b041005150718071b071e071f071e061c051805140511
2243,272235786,-92,11,128,1,0,0,6119964101fe01ffff00ff00fe01fc00fffe02ff0002000001ff0000fe02ff0100fffefefcfffeff00ff0100000100010000fffffffeffff00000000000000000000000000000000000001ff03000004fd03fc02fc02ff0afe0efe0303fcfc03ef08f405020005fd00fbfcfcfbfefefefffffffe03fd05fd02fefdfdfafdfcff
2244,272237886,-38,11,128,1,0,0,1ee00100fd03ff0a010f02150319041c041e031f031f031d031a02160211020b0305040006fa08f60af20cef0dee0fed0fee10ef10f004fc00000000000000000000000000000000000002000b000e01110214031604170517071707140711060d05080203fffefbfaf8f6f3f2eff0eceee9ede7ece6ede7eee8f0ebf2eef4f1
2245,272285009,-38,11,128,1,0,0,1ee00100fc01f807f50cf110ee14ec17eb18eb19eb19ec18ee16f112f50ef90afe06030208ff0cfc11fa14f916f818f818f918f917fa05fe0000000000000000000000000000000000000002020b020d02110214021701180019ff18fe16fe12fe0eff09000301fd03f705f107ec09e80ae50be20ce10ce20be409e708ea06ee
2246,272285516,-38,11,128,1,0,0,1ee00100020208030f05150619081c091e091f0a1f091d081a07160611040c0206ff01fcfdf8f9f4f6f1f4eef2ecf2ebf2eaf3eaf4eafdfa00000000000000000000000000000000000001fe08f70af60cf40ff212f113f115f215f313f510f70df908fb02fdfcfff600f001eb02e602e302e002df02e002e202e502e902ed01
2247,272285992,-38,11,128,1,0,0,1ee0010003fe06f809f20ced0ee90fe610e511e410e40fe50de80beb08ef05f400f9fcfef801f405f007ec09ea09e909e809e808e908fa01000000000000000000000000000000000000fffdfcf5fbf2fbeffaebfae9fbe7fce6fde7fee9ffedfff1fff6fffcfe02fd09fc0efa14f918f81bf81ef71ff71ef81cf919fa15fb12
2248,272286546,-38,11,128,1,0,0,1ee00100fd01fd07fc0dfb11fa15fa18f91af91bf91afa19fa16fb13fd0ffe0a0005030005fc08f80af50cf30ef10ff110f110f210f304fc000000000000000000000000000000000000010105070609080c080e09100912091308130711050e030b0207010200fdfff8fef3feeefeeafee8fee5fee4fee4fee7fee9feedffef
2249,272333244,-93,11,128,1,0,0,c22eec41fd020003030203ff01fffffffefdfefffe01ff0000fe00fe00fefefefdfffeffff00010102000000fe02ff0100ff02ff03ff01ff000000000000000000000000000000000000ff010103050005ff0200fdfefbfcfffe0000fffe0000fe02fc01fdfffdfdfbfafcfbfc01fa01fbfdfefdfffffb07fa0d020805030201
2250,272340272,-94,11,128,1,0,0,62266641fffefefcfefbfffeff02ff03ff0000fd02fd01ff00010001030003fd00fb00fd02ff02ff00ff00000002ff03fe02ff0001000000000000000000000000000000000000000000ff00ffff00ff00ff00ff01fe01fe00fd00fd02ff0201ff00fefffe00fe01ff00fefffefffefefffdfffeff01fffcfef3fefaff07fe09
2251,273128558,-93,11,128,1,0,0,7990074101fefefdfefd02ff020200030003010002fffffffdfefdfefafefafefcfffc00feff00ff00000102020301010000ff01000000ff00000000000000000000000000000000000000000000000000000202040101fefefdffffff02ff01fffefefcfdfcfffc01fc00fe020204040202fffd01f902f901f900fd000101fc
2252,273368968,-92,11,128,1,0,0,4ff11400fcfaf9faf8fbfafffb04fc06fa05fa04f903f804fa06fc09fc0afa07fa02fa02fb01fc00fc01ff02010402050305040304040101000000000000000000000000000000000000ff00fffffffdfffcfffbfffa00f900f8fff800f802f503f501f6fff700fafffefcfef8fef7fff7fef5fbf4f9f3f8f0fbedfcf0faf5f9
2253,273471380,-94,11,128,1,0,0,4ff11400f7f8f7faf8fbfafdfafdf8fdf700f503f305f205f403f402f400f5fff8fffcfffd01fd02fc01fd00fe00ff01fe04fe07fd07ff01000000000000000000000000000000000000fffffffdfefbfff9fffa00f902f703f602f703f905f904f704f703f900fbfefdfffcfcfbfafaf9f9f9f9f8faf7f9f8f8f6f7f4f5f5f6
2254,273485728,-38,11,128,1,0,0,1ee0010005fc07f609f00aec0ce80ee60fe410e40fe40fe60de90bec07f003f4fff8fbfbf6fef1ffed00ea01e800e600e7ffe8fee9fdfaff000000000000000000000000000000000000fdfff4fcf1fbeefaecf8ebf6ebf5ebf4ecf3eef4f2f6f5f8f9fcfc00ff05020a041005140618061b071d061e061e051b041803140310
2255,273487205,-38,11,128,1,0,0,1ee0010000f9fcf4f9eff7ebf5e7f4e4f3e3f3e2f4e2f4e4f5e7f7ebf8f0f9f6fafcf901f806f60bf50ff312f213f113f013f012ef11fb04000000000000000000000000000000000000fd01f607f308f009ee0aeb0aea09e908ea07ec06ef04f403f903fe0304030a040f0613071709190a1c0c1d0d1b0d180c150b12091007
2256,273498963,-38,11,128,1,0,0,5220050004010bfd11fb16f91af71df61ff520f51ff51ef61af716f810f90bfa04fbfefbf8faf3f9eef7ebf6e9f4e8f3e9f2eaf2ebf2fafc000000000000000000000000000000000000fffdfff400f100ed01ea02e803e705e605e706ea05ee04f302f7fffdfc02f807f40bf110ee13eb15e917e817e916ea14ed12f00ff30d
2257,273662041,-95,11,128,1,0,0,bbb44b4101fe01fd00fe02ff03fd01fdfe00fd02ff0101ff01ff0100020003fe00fdfefffe0100010001ff01ff0000ff00fefffffefeffff000000000000000000000000000000000000fffffefffdfffffd01fb00fdfe01fc02fe03ff02000002ff020000fffefe00ff03010102fd01fd01fd03fd01f5faeef7f7f901f904fb
2258,273663043,-90,11,128,1,0,0,bee33b41ff00ffff01ff0201020102fe02fd01fc01fdfefffc00fdfefffd01fe01ff01000000000101020003fe02fe01010001fefffcffff000000000000000000000000000000000000fffefdfc000001020002020102ff01fcfffcfdfdfdfffdfffeff010001fffffdfdfdfdfeff00010000fffffff9f8f5f0f8f7fafefcff
2259,273676181,-92,11,128,1,0,0,4ff11441f7fffa00fbfffc02fc06fa06fa05fd07fe08fc08f909f909f906f805f704f803fb03fe03fe02fe01000003ff0101fe03fe05ff01000000000000000000000000000000000000fffffffbfefbfbfcf8fcf9fbfbf7f9f5f8f6fbf6fef5fef4fff500f900fe02ff03fffdfff7fff701f801f3ffeffff0fef3fcf4fdf2fe
2260,273706721,-38,11,128,1,0,0,1ee00100ff030308060d0a110c150d170e190f1a0f1a0e180c160a13080e0709050304fe03f803f403ef03ec03ea04e905e906e906ea01fa00000000000000000000000000000000000002ff0afe0dfe10ff13ff1400160116021602130310030c02070102fffdfdf8faf3f7eff5ecf2eaf0e8efe7eee8eeeaf0ecf1eff3f1f5
2261,273746810,-93,11,128,1,0,0,bcc55b41fe02fe02ff04fe0100fb00fffe06020203fa03f705f908ff09020803030100fe01fc03fe01020002fffffcfffafdf8f9f4f8fcfe00000000000000000000000000000000000000ff01fe010000010001ff01fe01ff01fe00fe000002ff02fd00ff0201020002000201fe01fb00fafdfefa03fb03fe02ff01010102fe
2262,274195847,-93,11,128,1,0,0,588aa541010000fe00fe00ff010001ff00fefefcfefdfd01fc01fe00fe00fffefefcfdfdfefe00ff0000fe00ff0000000000ff01ff00ff00000000000000000000000000000000000000ff01fe03020102fffffffd00fcfffdfd00fd01fdfffdfcfefc00fefffefefdfffe0200030101fffefffe03fe06fa08f708f80af909ff
2263,274612909,-92,11,128,1,0,0,d11ddd41020203020201020005ff04fe0100fe00feff01ff02000302040303020102fe02fe0000fc00fcff00040105020001fefd02fb01fe000000000000000000000000000000000000fffffffe00fe00fc01fe0103ff02fdfffdfd00fc04ff04000201000101fd02f902fbfffcfefa01f900f9fcf9f600f108fc060a010901
2264,275056144,-88,11,128,1,0,0,e6699e41030101fffc01fa02f7fff7fdfdfcfbfcf50206011cf811fa03fe0f031b080e0202fe02000002ff01fffffefffd01fb01fa01fe000000000000000000000000000000000000000000010002000102ff02fe00fe01ff0100000101ff04fe050005000303020205fd0403010f0210050d060602fdf7fef7fefbf9fcfefe
2265,275314602,-93,11,128,1,0,0,4ff11441fbfbfdfcfdfefe010003fe05fd08fe090009000afe0afc09fe0900090107020303020202020001fc00fa01fb02fb02fb02fd00ff00000000000000000000000000000000000000ff0300040005ff0602080109fb09fa06fb06fc09fe09ff0502030302010000fe00fdfefcfdfdfdfdfcfbfafcf9faf9f5f7f3f4f7f6
2266,276100836,-94,11,128,1,0,0,84411841030101fffdff00000001fe01ff03ff06020207fd0b010908040601fbfdf6fdfafdfefcfffdfefefe000101fefff800f704fb01ff000000000000000000000000000000000000fffffefefefffefefefdfdfefdfcfefafefd00ff02010002fe02000000010104030302fdfdfdfbfffe0103020203fd04fc04fe03fc04
2267,276102221,-95,11,128,1,0,0,cddffc4101fa01fc00fdfffffc01fafefd02020cfd0efe0905ff01fcff07fd0dfd0706030501fdfefcfcfefcfdfcfcfafcfcfd0002010100000000000000000000000000000000000000fffdfcfafcfefdfe00ff01ff00fd00fb02fa01fcfffefffe00000202020202020202fe00fdfdfefdfdfffd0001fe03fe0001fd00fbfd
2268,276647766,-94,11,128,1,0,0,7aacc74105ff0401ff01fe02fe02fd03fe03ff01fffe08fc11fb0aff0102f907f20cf906fefefefcfefdff00ff00fefffe00ff00ffffffff00000000000000000000000000000000000000000101fffffffd00fd0100ff02fd01fffefffffe00ff0201020000fd00fe020002000000ff01fc00fc00fe01ff0001ff0400050100
2269,277157882,-94,11,128,1,0,0,4ff11400fdf9fbfbfbfdfcfefc01fb04fb04fc05f805f604f603f603f803fa01fafffafffafffbfdfdfffe01fd01fe020102ff04fb05fe01000000000000000000000000000000000000fffefdfbfffbfefcfefbfef8fdf5fdf5fff7fdf9fef802f803fb02fc01fa00f9fdfefc00fc00fbfefbfaf8f7f4f6f4faf7faf7f4f4f3
2270,277260282,-92,11,128,1,0,0,4ff11441050203fe03fa03fc03fd02fafef9fcf8fcf8fef7fff700f6fff7fef8fdf8fdf8fdfafcfdfcfefbfdfbfdfb00fa01f802f702fd00000000000000000000000000000000000000ff01fc04fb04fb04fd05fe07fb08f907f906f906fb06fd05fd05fd05fd04fd04fe02030004ff03ff04fe07ff09ff0b010e040e040d02
2271,277362670,-92,11,128,1,0,0,4ff11441fbfbfcfdfbfbf9fbf8fef901f802f704f504f502f500f6fef7fef6fef5fdf6fef9fffc01fd01fd01fd02fe02ff01ff03fe05ff0100000000000000000000000000000000000001fe02fc00fc00fb01f8fff8fefa00fc01fd02fa04fa06fc05fb03fbfffcfdfcfefafff8fcf9fbf9fcfafbf9fbf7fcf6fbf4fbf2fcf1
2272,278091965,-38,11,128,1,0,0,1ee00100fbf9f6f5f1f2edefeaede9ebe8eae8e9e9eaebebedeef0f2f3f6f7fbf901fb06fc0cfc10fc14fc16fb18fa19fa18f916f815fe05000000000000000000000000000000000000fe02fa0af80cf50ef310f110f010ef10ef0ef10cf309f706fc04010206010cff11ff16ff19ff1c001e001f011d011a01160112000fff
2273,278094222,-38,11,128,1,0,0,1ee0010007fc0bf70ff313f016ed18ec19ec19eb18ec16ee13f00ff20af505f8fff9f9faf4fbeffbebfae9f9e8f8e7f7e8f7eaf6ebf6fafd000000000000000000000000000000000000fdfef6f7f5f5f4f2f3f0f2eef2ecf3ebf5ecf6eef9f1fbf6fcfbfd00fd06fd0cfd11fc16fb1afa1cf91ef81ff81df91afa16fc12fd0e
2274,278095615,-38,11,128,1,0,0,1ee00100fa06f90ef714f519f41df31ff220f120f21ff31df519f815fb0fff0a040508010dfe12fb16f919f81af81bf91bfa1afb19fc06ff00000000000000000000000000000000000002010c040f061208140a150c150e140f130f100d0c0b0808050302fefef8fbf2f9edf8e7f7e4f7e1f7def7ddf8dff9e2fae6fbebfbf0
2275,278137563,-91,11,128,1,0,0,6bb996410402fc02fb04fe06fd03fffe02fc03fe0102fe02fe0000ffff00fc01fd0200ff01fd00fd00feffffffff0000fe00fffe00fe00ff00000000000000000000000000000000000000fe00fafefdfcfefd0000020101000000fe00fd00fd00fefffe00fe02ff0001fd02fdfffcfffb00fcfdfcfb01060412030b02000200
2276,278138020,-94,11,128,1,0,0,8ee0084105fb04fb00fefd02ff01fffefcffff01020002ff0201030103ff01ff00ff0100010001ff00fefffffeff00fe00fffe00fd01ff0000000000000000000000000000000000000000ff01fdfffefffe00fd03fe03ff00fefefdfdfefeffff01ff03fe02fefefefefe0000ff02fc03fb01fcfdfcf902f308f703fd01fd03
2277,278139708,-91,11,128,1,0,0,9aaff94100fe0300030103030201fffe00fe01ff0000ff020102ff00fffefefcfdfdff0001010000fffd01ff020001fffffeffff00ff00ff00000000000000000000000000000000000000ff02ff0101fe02fc00fefe00fe0001000001fe01fffffefefdffff00000000fefffc00ff03020201fefffc00f202ecfef7f9fffb00
2278,278148723,-38,11,128,1,0,0,1ee00100fa06fa0dfa12f917f81bf81df71ff61ff61ef71cf818fa14fc0f000a030608020cff10fd14fb17fb18fb19fc19fd18fd17fe05ff00000000000000000000000000000000000002ff0cfd0ffe12fe15ff1600180118021603140410040b02070002fcfdf9f9f5f5f1f3edf1e9efe7efe5efe4f0e5f2e7f4eaf5eef7f2
2279,278245265,-91,11,128,1,0,0,6ddbb641fa00fdfefefafefcff02fc03fa00fcfcfdfcf508ef0ffa0602fff502ea03f402fd00fdfffdfdffffff020001fffffdfffe00ff00000000000000000000000000000000000000ff00fe030001fefffefe04ff06ff02fbfefbfeff01020103fe03fd01ff01ffff01fd02fd03ff02fffe00fcfffc01ff04030304fffffe
2280,278489113,-93,11,128,1,0,0,4ff11400fc09fe07fe03ff010101040107000afe0aff0a010a020a020902060404050504050104ff01fe01fd01fb02fb02fc01fd02fe00ff000000000000000000000000000000000000fffffcfefafff9fffa00fb03f900f4fcf4fdf7fff7fdf7fcf7fcf9fdfcfefc01fa04fb04fe050006fd08fd09ff0afd0bfb0bfc0afa09
2281,279001104,-94,11,128,1,0,0,4ff11441fbf5f9f8f9fdfb00fb01f803f605f603f701f702f504f503f601f7fff8fffb00fd00fdfefeffff01ff04fe03fe04fe06fc05fe00000000000000000000000000000000000000fffffffefefdfefcfefafefafef9fdf8fef702f602f602f803f903fa02fc01fdfdfcfbfefc00fcfff8fdf7faf8f8f6f8f4f6f4f5f7f7
2282,279205921,-93,11,128,1,0,0,4ff11400060804050203030205fe06fc07fe08ff0afe09000b010a0209040904090207020403030203ff03fe03fd03fc04fc04fb02fb00fe00000000000000000000000000000000000001ff02ff01020104020403030306030803080208fe07fc06fd06ff0500060207040305ff050007020a030803070509070908090b080e
2283,279216496,-38,11,128,1,0,0,1ee0010008fd0bf80ff412f115ef18ee19ed1aed19ee17ef14f110f30bf506f700f8fbf8f6f8f2f7eef5ecf4ebf3eaf1ebf1edf1eef1fbfc000000000000000000000000000000000000fdfff4fbf2faeff8eef6edf4edf3edf1eff1f1f3f4f5f7f8fafdfd02fe07ff0c001100160019ff1bfe1dfe1efd1dfd1afd16fe12000e
2284,279233422,-38,11,128,1,0,0,522005000106050b090f0d130f171119111a121b111a10180e150c110a0c0807060004fb04f504f005ec05e906e707e707e708e808ea02fa00000000000000000000000000000000000002fe0afa0df910f913f815f916f917fa16fb14fd10fe0cfe06fe01fdfbfdf5fbf0f9ebf8e8f6e5f4e3f3e2f2e4f2e6f4eaf5edf7f0f8
2285,279411020,-95,11,128,1,0,0,4ff11441fff5fef5fef7fdfbfc00fa02f901fa00fa01f803f605f603f603f602f701f800fb01fb03fc04fe02ff0100030105010701070001000000000000000000000000000000000000000002ff02fd02fc05fd09fd07ff0502070109fe0aff0a00090007ff05fe02ff000000fffffdfcf9faf6faf7fcf7fef8fcf7fbf7fef8
2286,279439037,-38,11,128,1,0,0,1ee00100fb02f809f60ef313f116ef19ee1aed1bee1aef19f116f412f70efb0a000605030a000ffe13fd16fc18fc19fd19fe18ff18ff05ff000000000000000000000000000000000000020109070b090d0c0f0e0f100f120f130e130c12090f060b0406020001fbfff5ffefffeaffe6ffe3ffe000df00e000e300e700ebffee
2287,279439839,-38,11,128,1,0,0,1ee0010005fd08f80cf30fee12eb14e915e816e715e814e911eb0eee0af205f600f9fbfcf6fef1ffecffe9ffe7ffe6fee6fee7fde8fcfaff000000000000000000000000000000000000fefdf8f6f6f4f5f1f3eef3ecf4eaf5e9f6eaf8ecfaeffbf4fcf8fdfefd04fd0afd10fc15fc19fb1cfa1ef91ff91efa1bfa18fb14fd11
2288,279440351,-38,11,128,1,0,0,1ee0010005ff0afb0ff714f417f21af11bf01cf01cf01af117f312f40df608f802fafcfaf7faf2faedf9eaf8e9f7e8f6e8f5e9f5eaf4fafd000000000000000000000000000000000000fefdfbf4faf1faeef9ecfae9fae8fbe7fce8feeaffeefff3fef8fdfdfc03fa09f80ef613f416f219f11bf01cf01af218f315f512f70f
2289,279441143,-38,11,128,1,0,0,1ee00100fafef400ee02e903e503e203e003df03e003e203e503e903ef03f503fb04000606080a0a0d0c100e11101111111110110f1203040000000000000000000000000000000000000002000c000fff12fe14fd16fc17fb18fa17fa14fa10fc0cfe08010204fd08f90bf40ff112ee15ec17eb18eb18ec15ee13f00ff20cf4
2290,279513119,-91,11,128,1,0,0,4ff1144106080407020404010700090008010602060508070907070702070008020902060002fe02fe03010304020300020001030004ff010000000000000000000000000000000000000000010002fd02fb05fb07fb07fc06fe0701090309030703080107000302020105ff0800070004fe05fe0a020d040c030c040d020cfc
2291,280263519,-93,11,128,1,0,0,d88eed41fbfefdffff0002010203fc06fa03f7fcf501f90502000503fd0dfd12010efc08fa03fefe0200030003fb00f9fef901fefe05fe02000000000000000000000000000000000000fffffe00fe01000001ff00feffff00ff0000000001fffffffe02ff0400040104ff03fe0000fe01fe0100010002000500060103010001
2292,280731972,-93,11,128,1,0,0,fdd88f41ff01fcfffcfdfffdfefefd00fdfdfafbfc03fe09000b07070704fd03f5fff6fcfbfbfbfcfbfefffe00fefffe00fdfffafef8fffd0000000000000000000000000000000000000001010301fffffffd00fafffdff02ff030002fe01fd0301040303000000ff0100000400040001ff00fd00fc01f905fd06020201fdfc
2293,282278667,-94,11,128,1,0,0,4ff1144103fd07fc04fcfffbfdfbfbfcfbfaf9f9f9f9f8f9f5f6f4f6f7f7faf7fbf7fcf9fefbfefdfdfffffffffffd00fc01fa03f902fe0000000000000000000000000000000000000000ff00fe00ff0200050007020603060207030a05090705070305030203010402020101fe01ff06ff08fc05f902f805f906f805f707f9
2294,282341106,-93,11,128,1,0,0,2ffaa241ff00fbfefafbfcfc00000001fd01fd02fe01ff000101010101fe00fefffefefefdfffdfffffd01feff00fe01fe00fffffeffffff00000000000000000000000000000000000001000402030004fd04fc02ff020002fe01ff01ff02fe00feffff00010005020400fefcfdfd0000ff00ffff01f803f205f801fefe00ff
2295,282482796,-91,11,128,1,0,0,4ff1144103fbfffafdfafefffd00fc00f902f605f506f606f706f507f707fc07fc05fc04fc05fc03fe01ff01010002020203020202ff00ff00000000000000000000000000000000000001ff03ff03010603090409050605050506050606060405060407040301fefffe01fd04f701f601f704f606f503f5fff100ed05ee04f4
2296,282800342,-38,11,128,1,0,0,1ee00100fe06000d01120217021b021e021f0220011f011d011a01150110020a040407ff09fa0cf60ff311f113f115f115f215f414f505fd00000000000000000000000000000000000002ff0cfc0ffc12fb15fc16fc18fd18fe17ff140010000cff07fe01fcfcfaf7f7f2f4eff1eceeeaebe9eae9e9eae9ecebefeef1f1f3f4
2297,282800776,-38,11,128,1,0,0,1ee00100fff8fbf3f8eef5eaf3e6f2e3f2e2f2e1f3e1f4e3f5e7f7ebf8f0f9f6f9fdf903f808f60cf410f212f113ef14ef13ee11ee10fb04000000000000000000000000000000000000fd02f508f30af00bee0cec0ceb0cea0bea0aec08f006f405f904ff0405040b041005150718081b091d0b1e0c1c0c190b160a13081006
2298,282802840,-38,11,128,1,0,0,1ee00100030609080f0a140c180e1a101c111c111b111910160e120b0e080a0406ff03fa01f5fff0feebfee8ffe600e501e502e703e800fa00000000000000000000000000000000000001fd04f305f107ee09ec0beb0cea0deb0dec0cee0af207f503f8fefcf9fff301ee03e904e605e305e005df05e004e304e603eb03ee02
2299,282804190,-38,11,128,1,0,0,1ee0010006fe0af90ff513f216ef19ee1aed1bed1aed19ef16f112f30df508f802f9fcfaf7faf2f9edf8eaf7e9f5e8f4e9f3eaf3ebf2fbfc000000000000000000000000000000000000fdfdf6f6f5f5f3f2f1f0f0eef1ecf1ebf2ebf4edf7f0f9f5faf9fbfffc05fc0bfc10fb15fb19f91cf81ef81ff81ef81bf918fb14fd10
2300,282805404,-38,11,128,1,0,0,1ee00100fa02f807f60bf40ff113f014ef15ee16ee15ef14f111f30ef70cfb08ff05040308020d0111001300150116021503140313040401000000000000000000000000000000000000020109050a060d070e090f0b0f0c0f0d0e0d0c0c0a0a0707050303ff01fbfff6fef1feedfdeafee7fee5fee4ffe5ffe7ffeaffedfff0
2301,282833481,-38,11,128,1,0,0,1ee00100020608090e0c130f171219151a161a1719171716151411100e0c0a06070105fb04f504f005eb06e807e608e50ae60be80be902fa00000000000000000000000000000000000000fc03f304f005ed06ea08e90ae80be80ce90bec0aef07f303f7fefaf9fef400ee03e904e505e105de05dd05de04e103e503e902ec02
2302,282839436,-38,11,128,1,0,0,1ee00100fef8f8f5f3f3eff0ecedebebeae9e9e8eae8eceaeeecf1eff4f3f6f8f8fef903f908f90cf810f613f514f415f314f213f211fc04000000000000000000000000000000000000ff02fe0cfd0efc11fb13fa14f915f815f714f712f80ffa0bfe08020406010bfe0ffc14fb18fa1bfa1dfa1efa1dfb1bfc18fd15fd12fd
2303,282851841,-38,11,128,1,0,0,1ee0010007fe0af80df211ed14ea16e818e719e719e718e915eb12ee0df208f502f8fcf9f6f9f1f8ecf7eaf6e8f4e7f3e8f2e9f1eaf1fafc000000000000000000000000000000000000fdfff3fdf0fcedfbeafae8f8e7f6e7f4e9f4ebf4eff6f3f8f6fcfa01fe06010c03110416051a051e042104220321021e021b02170213
2304,282885347,-38,11,128,1,0,0,1ee00100f9fff302ee05e908e409e10adf0adf0bdf0be10ae509e908ef06f505fb05010507060c08100a130c150d160e150f140f130f04030000000000000000000000000000000000000102040b050e0511051405160418021901180016ff12ff0d0008020203fc05f608f10bec0de910e612e513e413e511e70fea0ced0af0
2305,282892865,-96,11,128,1,0,0,4ff11441fafcfcfefd03f906f806fc05fc04f705f404f302f402f403f604f703f701f802fa01fa00fc00ff02000300040003fe04fd05ff0100000000000000000000000000000000000000fe00fafdfbfdfafef9fef8fdf7fef801f903fb03fa04fa04fa03f901fcff00fefffcfbf9f9f6f8f6f8f6f7f7f7f7f5f5f3f6f4f8f5
2306,283116911,-38,11,128,1,0,0,1ee0010000f9fff3feeffdeafce7fce4fce3fce2fce3fde5fde8fdecfdf2fdf7fbfdfa02f806f60af40df20ef00fef0fef0fef0def0cfb03000000000000000000000000000000000000fd00f401f201ef00ecffebfeeafdeafdebfceefcf2fcf6fefaffff02030507080a0b0d0e101011121214121511140f130d100b0d0a0a
2307,283935054,-93,11,128,1,0,0,0bb3304102050105ff01fefd01fe04000300fffffefffdfffc00fd0101ff02fd01fc02fc02fd00fefefdfffefffefefffc00fd0001010000000000000000000000000000000000000000fffffe00fe0200020101000000feffffff0000ff01ff000101ff02fc02fefffefdfbfefd00ff00fdfffefffffafef5fff902ff070209
2308,283935602,-93,11,128,1,0,0,e2200e41070005fe00fe0000fd01fc020001010000ff02ff020002010301020301030000fcfffb00feff01ff030001ff00fd00fe0201000000000000000000000000000000000000000001ff03fdfffefefe00000102020202010000ffff00010002fefefcfcfcfcfcfcfdfdfefffffffeff000000fff801ef05f2fdf8f4fcf9
2309,283936046,-91,11,128,1,0,0,95588941fd02fefd02fb01fcfdfbfefd0003ff04ff02ff0100030003010202fe02fd01fe00fffffe00fc03fc02ff00ff00000202020000ff00000000000000000000000000000000000000fe01fb02fd01000103030202ff02ff03010002fcfffcff02ff06ff050102020102010003fe03fd02fd03fe0af90ef30bf408f704fe
2310,283937546,-93,11,128,1,0,0,644aa641fefefffe01fd04fe03ff02000101000100ffff00ff000001020001ff00ff0001ff02ff00fffefefdfefefd02fd03000101010000000000000000000000000000000000000000ff00ff0001000101010001fefefffd00ff01ffff00fe01fd02fe02fe01fffefffefe01ff0303000600050101fa08f411f906fef900f6
2311,284032143,-38,11,128,1,0,0,1ee0010000fcfff6fdf1fcedfbe9fbe7fbe5fae4fae4fbe6fbe9fbecfcf1fcf6fcfcfc01fb06fa0af90ef710f612f512f512f411f410fd04000000000000000000000000000000000000fdfff6fcf4fbf1f9eff8eef7edf6edf5eef5f0f5f3f7f6f9f9fcfdff01030407070b090f0b120d140e160f170e160c140b12090f080c
2312,284033499,-38,11,128,1,0,0,1ee00100fefbfbf5f8f0f5ecf2e8f1e6f0e4efe3f0e3f1e5f2e8f4ecf7f1f9f7fbfcfc02fd08fd0dfd12fd15fc17fb18fa18fa17f916fe05000000000000000000000000000000000000fd00f3fff1ffedfeeafde8fce7fce7fbe8faeafaeefaf2fbf7fdfd00020307060c09100c130f161118131914181316121310100e0f0b
2313,284075398,-38,11,128,1,0,0,1ee00100fa01f606f30bef10ec13ea14e815e716e716e814eb12ee0ff20cf709fd06030409030e0212031603180418051806180717080502000000000000000000000000000000000000010108080a0a0c0c0e0f0e110e130e140d140b12080f060b0507040102fb02f502ef02ea02e603e304e005df05e005e304e603ea02ed
2314,285053841,-40,11,128,1,0,0,1ee00100090c0f10131316171719181b171c161b141912170f130d0e0b080a020afc0cf60ef211ee13ec15ec16ec17ee17f015f314f505fd000000000000000000000000000000000000fdfcf5f0f5eef5ebf5e9f6e7f7e7f9e7fae9fbedfbf1faf7f8fcf501f206ee0aea0de60fe310e10fe00fe00ee20ce60aea09f009f409
2315,285054316,-40,11,128,1,0,0,1ee001000e0013fe18fc1bfb1ffc20fd20fe1ffe1dff19ff15ff11fe0cfb07f903f5fff1fdeefceafce7fde5fee500e501e702e903eb00fb000000000000000000000000000000000000fcffefffedfeebfde9fce9fae9f9eaf8edf8f0faf3fcf6fff903fb08fd0dfe12fe17fd1afc1cfc1efa1ef91ef91bfa17fb13fe0f000c
2316,285054792,-40,11,128,1,0,0,1ee00100f1fbecfce7fce4fbe1fae0f9e0f8e1f7e3f7e6f8eaf9eefcf3fff703fa08fc0dfc11fc15fb18fa19f919f719f717f614f613fd0400000000000000000000000000000000000003010f0511061208130a130b120c110d0f0c0d0a0a07080307fe06f806f306ee08ea09e70be50ce40ee40ee40ee70cea09ee06f103f3
2317,285055870,-40,11,128,1,0,0,1ee00100050e09120c150e180e1b0e1d0d1d0c1d0b1a0a170913080e070908030afe0dfa10f712f515f317f418f418f617f715f914fa04fe000000000000000000000000000000000000fefcfbeffbedfbebfce9fde8fee800e900eb00effff3fdf7fafbf6fff202ed04e906e607e307e106e005e104e303e702ec03f003f404
2318,285056331,-40,11,128,1,0,0,1ee00100f2faecfae8fae4f9e1f7e1f6e1f5e2f5e4f6e7f7ebf9effcf3fff703fa08fc0dfd11fc15fb18fa19f919f819f717f714f712fd0400000000000000000000000000000000000003020e090f0a100c100e10100f100e110c100a0d0809070407ff07f908f409f00bec0de90fe711e612e613e712e90fec0cef07f204f4
2319,285056868,-40,11,128,1,0,0,1ee00100f5f6f0f5edf3eaf1e9efe9eee9edeaedebeeeef0f0f3f3f7f5fbf700f805f80af70df610f412f313f213f112f110f20ef20cfc030000000000000000000000000000000000000202080c090e091009120813071306130511040e030a0406060108fd0af90df610f313f115f016f017f018f116f313f50ff60bf707f8
2320,285057396,-39,11,128,1,0,0,1ee00100000f02140318031c031f02200120011f001d001900150110030b06060a020dfe11fc15fb18fb19fc1afd1afe18ff16011401040000000000000000000000000000000000000000fb02ee04ec05eb07ea08ea09ea0aec09ee08f105f401f7fcf9f7fbf2fcedfde9fce5fbe3fae1f9e1f8e1f7e4f7e8f8ecfaf0fdf4ff
2321,285058373,-39,11,128,1,0,0,1ee0010003f203ed04e904e605e406e307e307e406e606e904ec02f0fff4fcf8f7fbf3fdeffeecfee9fee8fde8fce8fbeafaecf9eef9fbfe000000000000000000000000000000000000fe03f70df60ef40ff20ff10ff00ef00df10bf409f807fc06010606060a070f08120a150b170d170e180f1710150f110d0e0a0c060a03
2322,285061393,-39,11,128,1,0,0,1ee00100f90cf911f715f618f51bf41bf31bf31af418f515f711fa0efe0a020707040c03100213021603180418051706150613071107040100000000000000000000000000000000000003fd0cf70ef611f612f613f714f813f911fa0efb0afc06fb00fafcf8f7f6f4f3f0f0eeedecebeceaece9ede9efeaf2edf4f1f6f5f7f9
2323,285089001,-39,11,128,1,0,0,1ee0010008060e08130b170d1a0f1c101c101c101b0f180d140a10070a04050100fcfcf8f8f3f5eff3ecf2eaf2e9f2e8f3e9f5eaf6ebfdfa00000000000000000000000000000000000003fe10fb12fb15fb17fc18fc19fd18fe16ff12ff0eff08ff02fffbfef6fcf0fbebfae6f8e3f8e1f7e0f6e0f6e2f7e6f8ebf9effbf3fd
2324,285090255,-39,11,128,1,0,0,1ee00100f805f309ef0cec0ee910e811e812e811e911ec0fef0df30af807fd04020107ff0cfd10fc14fb16fb17fb17fc16fd15fe13fe04ff000000000000000000000000000000000000ff03fc0efb10f912f814f715f715f714f712f80ffa0bfc06ff0203fd06f909f50cf10fee11ec12ea13e913e912eb0fee0cf109f406f7
2325,285100717,-38,11,128,1,0,0,1ee00100f7fff000eb00e601e301e101e002e002e102e402e802ed02f301f901000206020b03100414051606170718081708150814080402000000000000000000000000000000000000fc01f308f009ed0aeb0aea0ae90ae909eb08ee06f204f702fd0103ff09fe0efd14fc18fb1bfb1dfa1efa1ffa1dfa19fb15fb11fc0cfc
2326,285103335,-38,11,128,1,0,0,1ee0010008000eff14ff19ff1cfe1efe20fe20fe1efd1bfd17fd12fd0cfd06fd00fdfafdf4fcf0faecf9eaf8e8f7e8f6e9f6eaf6ecf6fbfd00000000000000000000000000000000000002fe0cf70ef611f513f414f415f515f514f711f80dfa08fc03fefdfff701f102ec03e704e405e205e005e006e205e505ea04ef03f303
2327,285104806,-38,11,128,1,0,0,1ee00100fef8fcf1fbecfae7fae3f9e1f9e0f8e0f8e1f9e4f9e8faedfbf3fcf9fdfffe05fd0bfd10fc14fb17fa18fa18f918f916f915fe05000000000000000000000000000000000000fdfdf5f5f4f3f2f1f1eff1edf1ecf2ecf3edf5eff8f3fbf7fdfc00020207050d0612081609190a1b0b1d0b1d0a1c091808140710050c
2328,285106443,-38,11,128,1,0,0,1ee00100f801f203ec05e807e408e209e109e10ae209e509e807ed06f205f903ff0205010b01100114011702180219031804170515050501000000000000000000000000000000000000fd02f60bf50cf20ef010ef10ee10ee10ef0ef10cf409f805fd0202ff07fc0cf910f614f518f31af21bf11cf11af217f314f510f70cf9
2329,285107967,-38,11,128,1,0,0,1ee001000305080b0b0f0f131116121813181319131812150f120d0e090a0605020000fafef5fcf0fbecfbe9fbe7fbe6fce7fde8fee9fffa00000000000000000000000000000000000003000e03100312051406160716081508140811080d0709040401fffefafaf5f7f1f3eef0ebeee9ede8ebe7ebe9ecebeeeef1f1f4f4f7
2330,285118299,-38,11,128,1,0,0,52200500f900f302ee04ea06e607e408e208e209e308e507e807ed06f204f803fd02030209020e0212021503160417051706160615070501000000000000000000000000000000000000fe02f80bf60df40ff210f111f012f011f010f20ef50af807fc03010005fd0afa0ff713f516f318f21af11af019f116f313f50ff60cf8
2331,285120740,-38,11,128,1,0,0,5220050003fa05f408ef0aeb0be70ce50de40de30ce40be609e907ed04f202f7fffcfb02f806f409f10cef0eed0fec0fec0eed0ded0cfb03000000000000000000000000000000000000fffcfef2feefffecffe900e801e701e802e902ec02f001f500faff00fd06fb0bf910f815f718f61af61cf51df61bf718f915fa12fb0e
2332,285125498,-38,11,128,1,0,0,52200500fefafdf5fdf0fbecfae9fae7f9e6f9e5f9e6f9e8faebfaeffbf4fdf9fdfefe03ff08ff0cfe10fe12fe14fd15fd14fc13fc12ff04000000000000000000000000000000000000fefdf8f5f7f3f6f1f5eff5edf5edf6edf7edf8effaf3fcf7fefbff000105030a040e0513061606170719071a071806160512040f030c
2333,285247685,-94,11,128,1,0,0,4ff11441fb00fb02fb02fd02ff03010501060108000afe0bfb08fb06fb07fc08fe09ff09ff06000202010302020102ff05ff050003030001000000000000000000000000000000000000fffffefdfdfdfdfcfefcfdfdfefdfffb00f9fffafdf8fef6fef6fdfbfdfdfcfcfafdfbfffc01f800f4fff3fff4fef6fdf4fceffcf1fe
2334,285332376,-38,11,128,1,0,0,1ee00100fa04f509f10eee12eb15e917e818e919ea18ec16ef14f210f60cfb08010406000bfd10fb14f916f818f719f819f818f917fa05fe0000000000000000000000000000000000000003000eff11fe14fd17fc19fb19fa19f918fa14fb10fc0bfe0500ff03f906f409ee0bea0de70fe410e311e210e40ee70cea09ee07f2
2335,285332892,-39,11,128,1,0,0,1ee00100fbfaf7f6f3f3f0f0ededebeceaebeaeaeaebecedeef0f1f3f5f7f8fcfc00ff05010a030e04120514051605170516041503150005000000000000000000000000000000000000fd00f300f0ffedffebfee9fde9fce9fceafbedfbf1fcf6fdfbfe000105030a050e08120a160c180d190e190f180e150c120a0f080d06
2336,285333492,-39,11,128,1,0,0,1ee0010006030c05120717091b0a1e0b1f0b1f0b1e0b1c09190814060f03090003fdfefaf9f6f6f2f3eff1ecf0ebf0eaf0eaf1eaf3ebfcfa00000000000000000000000000000000000002fe0cf90ff812f715f717f719f819f918fa15fc10fd0bfe05fffffff8fff2ffecfee7fee3fde0fcdefcdefce0fce3fce7fdecfef0fe
2337,285452485,-93,11,128,1,0,0,4ff11441f803f705fa04ff030204030204030308020b040c030aff08fc09fc09fc08ff050005fe04000202ff010003020403040404040101000000000000000000000000000000000000fe00fc02fc02fa01f800f601f601f701f7fff8fef9fef8fef7fff9fffcfffdfffcfdfd00fd06fc0afe08fd06f909f70cf80bf90bf50b
2338,285964501,-92,11,128,1,0,0,4ff1144107ff08fc05fa02f900fbfffbfff8fff701f701f600f401f501f801f903f804f903fc02ff01ff01fefffefdfefcfefbfffb00fe00000000000000000000000000000000000000ff00fe01ff03ff03fe04fd07fc08fc07fd06fe07fd07fc07fd05ff04ff04fe03000103ff0202040509060c060c040b000e0110060e06
2339,286068422,-93,11,128,1,0,0,4ff11441fcf7fbf9fdfdfd03fd03fd01fd00fd02fb05f908f808f706f806fb05fc05fb04fa03fb02fe020201040103ff03fd04fe03fe00ff000000000000000000000000000000000000ff00fd02fd01ff0200040005fe06ff07000901090209010a0209050a050803030203010204fe06fd04fa04f506f507f409f307f602f8
2340,286080210,-38,11,128,1,0,0,1ee00100fcfcf6faf0f9ebf7e7f6e5f5e4f4e3f4e3f4e5f4e8f6ecf8f0faf5fdfa01fe050109040d05100713071507170617051604150105000000000000000000000000000000000000fe02fa09f80cf60ef410f211f111f011ef10f10df30af608fa05ff02040009fe0ffc13fb17fa1afa1dfa1efb1dfb1afc17fc14fd10fd
2341,286080608,-38,11,128,1,0,0,1ee00100fbfdf4fdeffdeafde6fde3fde1fce1fce1fde3fde6fdeafeeffff500fa02ff050408080b0a0e0c100e120e130d130c130b130204000000000000000000000000000000000000ff02fc0bfb0dfa10f812f714f514f414f413f411f60df80afc06000204ff09fb0df912f615f418f31af31bf31bf318f515f612f70ff8
2342,286081217,-38,11,128,1,0,0,1ee0010001fbfff5feeffdeafce6fce3fce1fce1fce1fce3fce6fdebfdf0fcf5fbfbfa00f805f60af30df10ff010ef11ee10ee0fee0efb03000000000000000000000000000000000000fd00f4fff1ffeefeebfeeafde9fbe9fae9f9ecf9f0faf4fbf8fefd01020406070a0b0d0f0f12111412161318121710150e130c0f0a0d
2343,286085102,-38,11,128,1,0,0,1ee00100fe05ff0b011002150219031c031d021e021d031c02180214020f020a040405ff07fa0af50cf20ef00fef10ee10ef10f010f104fc00000000000000000000000000000000000002ff0bff0e0011001302150316041605160613060f050b04070102fefdfbf9f7f5f4f2f0f0edeeebede8ede7eee8efeaf1edf3f0f5f3
2344,286085575,-38,11,128,1,0,0,1ee00100fffafcf5f9f0f6ecf4e8f3e5f3e4f2e3f3e4f3e6f5e9f6edf8f1f9f7fafdfb02fa07f90cf810f713f615f515f515f414f413fd04000000000000000000000000000000000000fd00f403f204ee04ec04ea03e903e802e801eb00effff3fff800fd01030308050d07110a140c170e190f19101910160f130d100b0e09
2345,286086106,-38,11,128,1,0,0,1ee0010005ff0afb0ff813f617f419f31bf31cf21bf219f316f512f60df808f902fafdfaf8faf3f9eff8ecf7ebf6eaf5eaf5ebf4ecf4fbfd000000000000000000000000000000000000fefdfbf5faf2faeffaecfaeafbe9fce8fde9feebffeefff3fef8fdfdfc03fa08f80df611f415f217f119f01af019f116f314f510f80e
2346,286086561,-38,11,128,1,0,0,1ee00100030409050f071408170a1a0b1b0c1c0c1b0c190b170a13080f050a0206fe02fafff6fcf2fbeefaebfae9fae8fbe8fce9fde9fffa00000000000000000000000000000000000001fd05f506f308f00aee0bed0ded0eed0eee0df00bf308f704f9fffcfafff501f003ec05e805e505e306e106e305e504e803ec03ef03
2347,286087122,-38,11,128,1,0,0,1ee00100fa02f707f50cf210ef13ed15ec16ec17ec16ed15ef12f20ff60cfa09ff06040309010e0011001500170017011702160215030500000000000000000000000000000000000000020108070a090c0c0d0e0e100e120d130c120a11080e060a0406030001fb01f500f000eb00e701e402e202e103e203e502e802eb01ee
2348,286157385,-38,11,128,1,0,0,1ee00100fc07fd0dfe12fe16fe1afe1dfe1efd1ffd1efd1bfe18ff14000f020a040408000bfb0ef811f613f515f416f516f516f715f805fe00000000000000000000000000000000000002ff0cfd0efd11fe14fe15ff16001601150212030f030b0106ff01fdfcfaf8f6f4f3f1f0efedeeeaece8ede8eee8f0ebf2edf4f1f6f3
2349,286159677,-38,11,128,1,0,0,1ee00100fa05f90bf710f615f418f31af21bf11bf21bf219f416f612fa0efe0a020607030b0110ff14fe16fe18ff19ff180017011602050000000000000000000000000000000000000002000b010e0211031304140615071408130910080d070905060102fdfff9fbf5f9f0f8ecf6e8f6e6f6e4f6e3f7e4f8e6f9eafaeefaf1
2350,286166344,-38,11,128,1,0,0,1ee00100f7fff103ec06e808e309e109df09df09e009e208e507ea06ef06f506fc070108060a0b0c0e0f10111113111410150f150e140305000000000000000000000000000000000000020209090b0b0c0e0d100d130d140b150a150813060f040a040503ff04f904f406ee07e909e60be40de20de10de30ce60be908ed06f0
2351,286168571,-38,11,128,1,0,0,1ee0010007fd0bf70ef211ed14ea16e918e818e818e916ea14ed10f00bf306f500f7faf9f5f9f0f8ebf7e9f6e7f5e7f3e8f3e9f2eaf2fafc000000000000000000000000000000000000fcfff3fdf0fcedfaebf8eaf7e9f5eaf4ebf3eef4f1f6f5f9f9fdfc02ff07010c02110416041a041d031f0220011f011c011801140111
2352,286170009,-39,11,128,1,0,0,1ee00100f800f405f008ed0ae90ce70de50de50ee50de70dea0bee0af208f707fd06020707080b090f0b110d120e120f121010100f10030400000000000000000000000000000000000002010a050b070d090f0b100d0f0e0f0f0d0f0b0e090b0708050303ff02f901f501f001eb02e803e605e406e306e406e704ea03ed02f0
2353,286246988,-38,11,128,1,0,0,1ee00100fcfbf6f9f0f7ecf5e8f2e7f1e6f0e5efe6f0e7f1eaf2edf5f1f8f5fcf900fc05fe0a000e0012011500170018ff18fe17fd16ff05000000000000000000000000000000000000ff02fb0afa0cf80ff711f512f312f212f211f20ff40bf808fb06000305000afe0ffc13fb17fa1afa1cfa1dfb1cfc1afc16fd13fd10fd
2354,286271726,-91,11,128,1,0,0,4ff1144107fc04fb02fb00fbfbfbf8faf9f9f7f7f6f5f7f5f9f4fef400f6fef8fdf9fdfc00fd01fc00feff01fe03fc02fa03fb03fd00ffff00000000000000000000000000000000000000ff02ff020202040304030502050007010902090007fd07ff0602040303020102fe0301050208fd0afa0cfc0bfd0afb09fb0bfd0ffb
2355,286301313,-38,11,128,1,0,0,1ee0010005020aff0ffd14fb18fa1bfa1dfa1efa1dfa1cfb19fc15fc11fc0bfc06fb01f9fdf6f9f3f6f0f5eef4ecf4eaf5eaf6eaf7eafefa000000000000000000000000000000000000fefef8f8f6f6f4f4f3f1f2eff2eef3ecf4ecf6edf8f0f9f3faf8fbfcfb02fb08f90df811f715f517f419f21af219f317f414f611f70f
2356,286304555,-39,11,128,1,0,0,1ee00100030609070f09150b180d1a0f1c101c111c101a10170e130b0f080b0408ff06fa04f503f003ec03e904e705e606e607e707e802fa000000000000000000000000000000000000fffdfef3fef0feedffea00e801e703e704e704ea04ee02f200f6fdfbfafff504f007ec0ae80be60ce30de10ce20be50ae809eb07ee06
2357,286312110,-39,11,128,1,0,0,1ee00100fdf8f7f5f2f3eef0eaede9ebe8e9e8e9e9e9eaeaecedeff0f2f4f5f9f7fef804f809f80ef711f514f415f316f216f214f113fc040000000000000000000000000000000000000003000d000fff12fe15fd17fb18f917f816f814f910fb0bfe08020406000bfd10fa14f818f71bf71ef71ff81ef91bfa18fb14fb11fb
2358,286314378,-39,11,128,1,0,0,1ee0010007fd09f70cf20fed12ea14e815e716e616e715e912ec0fef0bf206f501f7fbf8f6f9f1f9edf8eaf7e8f6e8f5e8f4e9f3ebf3fafc000000000000000000000000000000000000fdfff3fff0ffedfeeafce8fbe8f9e8f8e9f7ecf7eff8f3faf7fefb02ff06020b041006150619071c071f0620051f041c041804150311
2359,286366593,-38,11,128,1,0,0,1ee00100fa01f807f50df211f015ee17ec19ec19ec19ed17ef15f111f50efa0aff06040309000eff12fe15fe17fe18ff1800180117010500000000000000000000000000000000000000010108070a090c0c0d0f0e110e120e130d130b12090f060b0407030202fc01f600f000eb00e700e301e101e002e102e302e701ea01ed
2360,287807766,-92,11,128,1,0,0,4ff1140001f900fcfdfcfcfdfa01fa04fe07fd0af90af909fb07fb06fb06fd08ff07000401010002ff02000101ff01fd02fc04fc04fc01ff000000000000000000000000000000000000000102040004ff04000500060006fd07fa07fc0701070208010a02080103ff0100fe02fc01fbfff800f804f704f701f601f401f401f6
2361,288139246,-94,11,128,1,0,0,011990410a05fb05ee04f9030401030003fe01fdfefdfefffefffe010001fffe0000010501060001fffeffff00ff01ff0100020002000000000000000000000000000000000000000000ff00fefffefcfefbfefcfdfefd02fe0100ff0200010000fefefdfdfdfdfdfcfffe00ff00ff0001010001fdfffdfdfdfcf9fafcfb05ff
2362,288730983,-91,11,128,1,0,0,4ff11441fd04fe04fc03ff03ff04fb03fe07020c020b0009fd0afc07fd05fe03fe02ff03000400030003ff03fe030002020101030107000200000000000000000000000000000000000000ffffffff00ff03ff05ff05fe05f906f807fa06fa04f804fa04fc03fc01fdffff01fe04ff05ff06fd08fe09fe08fb08fb09fb0bfa0c
2363,289626006,-95,11,128,1,0,0,f9999f4104000402040001fdfefbfefdfffcfffbfefefe00fffe00ff0102010002fe02fe02ff0200020002ff02ff01ff010101020004ff01000000000000000000000000000000000000ff00fc03fd03fd02ff00ffff070210060a040202fe09fc0ffe07000001fe02fe020101030101fe00fdff000000fffffefffc00fb02fd
2364,289626453,-93,11,128,1,0,0,71100741fe00fd01fffefdfdfc01fc02fc02fe0200ff01fd01fe01fe00fe0001ff04fe02fffe02fc01fd00ff00ffffffff00fe01fd01ff000000000000000000000000000000000000000000ff02fe00ff000000fefff4faeff5fcfb04020bfc10f507f9ff00ff0100ff01fc02fbfffdfdfffdfefcfdfefe00ff0004ff08fe05
2365,289627739,-93,11,128,1,0,0,c88aac41fffefffe02000100fefffffefffd00fe0201020101fd00fc00fdfffeff00000100010000fe00fefffffdfffdfefefffe00fe00ff00000000000000000000000000000000000000000102000000fe01fd03fd0bf80ff106f4fef9fbf0fbe8fff302fc03fd01ffff00ff030003000001fe03ff03010102fc02f90000fd
2366,289730400,-94,11,128,1,0,0,e33aae41000001010101fefefeff01000001fd02fc02ff010001ffff00fdff00fd03fd03fe01fd01fe0000fe01fd00fc00fe0000ff02ff00000000000000000000000000000000000000ff00fe01000002ff01ff010001ff00fdfefcfefc00fc01ff00000000ff01fe01ff02ff02fcfef9fbfbfbfffd0404090a070705030101
2367,289732683,-93,11,128,1,0,0,a99aaa4101030102020100fefdfefc02fe03ff00ffff00ff0001ff02fe01fd00fefefffd01ff00fffefefffefffdfffcfefdfeffff010000000000000000000000000000000000000000ff00ff0000ff01000100ffffffff00fe02ff0000ff000001ff00ffff01fd02fc00fcfeffff00000001ff02ff08f90ff606f9fcfcfeff
2368,289840205,-91,11,128,1,0,0,a11cca41fcfc01fc03fd04fd04fd03ff030000ffff00fe09f913f80bfb000700100007fefffc00fcfffdfeff00ff02000000fe00fd00ffff00000000000000000000000000000000000000ff00fdfffb00f901fcfffefffa00f900fd01000100ff01ff0401040100fdfdfcfcfffdfffefcfdfbfdfcfffd00ffff03010202fc00
2369,290788463,-39,11,128,1,0,0,1ee00100f703f508f40df211ef14ed16ec17ea17ea16ea15ec13ee10f20ef70bfc0a010a060a0a0c0d0e0f0f101110130f130d140c14020500000000000000000000000000000000000001fe07f808f60af40df30ff210f312f312f511f60ff80bf907fa03f9fef8f9f7f5f4f2f1efeeeeececeaede8eee8f0e9f2ebf3eef4f0
2370,290801834,-39,11,128,1,0,0,52200500f803f608f50df312f115ef17ed18ec18ec18ed16ef14f111f50ef90bfe09030808070c081009130a140b140d140e130e110e040300000000000000000000000000000000000002fe09fb0bfa0ef911f813f914f915fb15fc13fd10fe0cfe07fd03fbfff9faf6f7f3f4eff2ecf1e9f0e7f0e6f1e6f3e8f5ebf6eef7f0
2371,290879834,-92,11,128,1,0,0,4ff1144102f302f101f003f004f103f300f700f901f8fffbfefdfdfffc01f901f902fa03fa02fb05fa06f905fb06fa06fb05fd02ff00ff00000000000000000000000000000000000000fefff9fdfafdfbfcfdfcfdfdfffd0000ff03fd04fc02fe020005020705060609060d060e040b030a040a030a0305040105ff03fefefc
2372,291006482,-37,11,128,1,0,0,1ee00100000605080a0a0e0c110f1311141215131414131311110f0f0c0b0907070306fe05f905f506f107ee08ec09eb0aec0bec0bed02fb00000000000000000000000000000000000000fd00f501f202f002ed03eb05eb06eb07eb07ee06f104f402f7fefbfafef601f203ee04ea05e706e506e306e405e604e903ec03ee03
2373,291391865,-92,11,128,1,0,0,4ff114410dff0eff0efd0bfd080008020702060005ff05000600050001fffffd00fb00f901f802f803f703f702fb02fc01fb01fd02010000000000000000000000000000000000000000fe00f901fb02fb05f906f904fc03ff0402020402040403050107010a02090209010aff07fe02fc03fb05ff0703080305010000fd02fd
2374,292723100,-93,11,128,1,0,0,4ff11441f5fbf6fbf5faf6fbf6fcf7fcfafef900f7fff800fb04fe0401020202040504070409030802070105030404050304030303030000000000000000000000000000000000000000ff00fc02fa05f905fb02fe02fe04ff03ff01ff000201050108010b010b03090209010b010e000d02090205fe00fafcfbfffb00fbfffc
2375,292825487,-93,11,128,1,0,0,4ff114410cf90cf70cf80dfb0cfe0a01080007ff04fe02fd01fbfffafdfcfefafef9fdf9fcf8fdf6fdf5fef7fdf9fef801f900fa00fa00fe000000000000000000000000000000000000fe01fa03fb01fbfffcfefdfffe01ff01ff01ff04ff06000802080206ff05ff09010e010fff0d010a050805060304020201fe02fb05fa
2376,293235093,-93,11,128,1,0,0,4ff11441f108f206f106f006f304f700f8fff801f901fbfefcfefe01fe05ff0701070207030703070107ff07fe07ff050005000300020000000000000000000000000000000000000000fffe00fb03fc03fc01fd02fe02fffefdfcfcfbfcfdfcfefafbf8fbf7fbf6f9f7f7faf9f7fdf3fff200f700fbfcfbf9fcf7fdf700f703
2377,294361595,-93,11,128,1,0,0,4ff11400f300f2fff3fdf4fbf5faf7fbf6fcf6fdfafefafdf7fef9fffc01fb03f905f903fa02f903f903f902f9fefbfdfdfefdfefbfffeff000000000000000000000000000000000000fffefcf9fcf9fdfafffbfefcfdfcfbfcf9fdf900f800f8fefafdfcfefbfbf7f9f8f9f9fafaf9fcf7fcf8fdfafefcfcfef9fff901fc06
2378,294873560,-92,11,128,1,0,0,4ff114410d010d020c040c040d010c020904060203fe02fb02fc02fe02ff01fd00fbfef8fef5fff500f801fa02fa01fa00fa00fa01f700fd000000000000000000000000000000000000fd00f600f8fdfafdfcfffe00ff01ff03fe03fe02ff0200050006fd07fa0afa0cfd0c000a0008fd06fc05ff0400040103020302020100
2379,294975947,-92,11,128,1,0,0,4ff1144107080708050c040e030c010901070106ff05fe04ff05010603040403060507050705060605050304020502040002fe02fe02ff00000000000000000000000000000000000000fe02fc07fd05fe03fe02fd04fd05ff03010302040204020503060106010a010dfe0dfc0bfc06fa04fa05fc0700070104ff0200030204
2380,295386955,-91,11,128,1,0,0,4ff11441060d060d050b050a060907080607050604050104000202020202010002fd06fc08ff07010700080007ff06ff05ff040002000000000000000000000000000000000000000000fefffafcfdfbfdfcfafcf7fbf7fdf804fa06fb03f902f504f605fa06fb06f705f705f704f304f202f602fa02fd02ff05ff0801090507
2381,296319389,-38,11,128,1,0,0,1ee0010005fe06f908f40aef0dec0eea10e910e810e810e90eec0cef09f205f501f8fcfbf8fdf3fef0feedfeebfdeafdeafceafbebfafafe000000000000000000000000000000000000fdfff6fdf3fcf1fbeff9edf8edf6edf5eef5f0f5f3f6f6f9f9fcfc00fe040109020d041104150518041a041b041b0318021602130210
2382,296319967,-38,11,128,1,0,0,1ee00100fa03fb0afc10fc16fb1afb1dfb1ffa20f920f91ef91bfb17fc12fe0d0108050309fe0dfb11f814f716f618f718f818f918fa05fe00000000000000000000000000000000000002ff0bff0eff12ff15001701180219041804150511040d03080104fefffafbf6f7f2f3eef1eaefe8eee5ede4efe4f0e6f2e9f4ecf5ee
2383,296320435,-38,11,128,1,0,0,1ee0010004020aff10fd15fb1afa1df91ff920f920f91efa1bfa17fb12fc0cfc06fb00f9fbf8f7f5f3f2f0f0efeeeeecefecf0ecf1ecfcfb000000000000000000000000000000000000fefdfbf4faf2f9eff9ebf9e9fae8fbe7fce7fdeafeedfef1fef6fdfcfb02f907f60cf411f114ef17ed19ec1aec19ed17ef14f211f40f
2384,296320888,-38,11,128,1,0,0,1ee00100fb03fc0afc10fc15fc1afb1dfa1ffa20fa20fa1efa1bfb17fc12fe0d0108050309ff0cfb10f913f716f717f718f818f917fa05fe00000000000000000000000000000000000002ff0bfe0efe12fe14ff1700180118031704150411040d03090104fefffbfaf7f6f3f3eff1ebefe8eee6ede4eee5f0e7f2e9f4ecf5ef
2385,296321278,-38,11,128,1,0,0,1ee0010005ff08f90bf40eef11ec13e915e816e716e715e813eb10ee0cf108f502f8fdfaf8fcf2fceefceafce8fbe6fae7f9e8f8e8f8fafd000000000000000000000000000000000000fdfef5faf3f8f0f6eef4edf2edf0edefeeeef0eff3f2f6f5f9f9fbfefd04ff0aff0f00140019001c001f0020ff1fff1dff1aff16ff12
2386,296321695,-38,11,128,1,0,0,1ee0010005020cff12fd18fb1dfa21fa23fa25fa24fa23fa1ffb1afb15fc0ffc08fb01f9fbf6f6f3f3f0f0edeeeaeee9efe8f0e8f2e8fcfa000000000000000000000000000000000000fefdf9f4f8f1f7edf6eaf7e7f7e5f9e4fae5fbe7fcebfdf0fdf5fcfcfa02f808f50ef313f017ee1aeb1cea1dea1ceb1aed17f015f312
2387,296322491,-38,11,128,1,0,0,1ee00100fafef403ee06e909e40ce10ddf0edd0edd0edf0de20ce60aec08f207f906000606060c08110a140c160e171017111511151205040000000000000000000000000000000000000102070b080d09110a140a170a18091a081906170413030f0309030304fc05f607f009ea0be60de30ee010df10e00fe20de50be809eb
2388,296336169,-38,11,128,1,0,0,52200500fcfdf5fdeffdeafde5fde2fde0fddffde0fde1fde4fde9feeefff400f902ff050308070b0a0e0c100d120e140d140c140b140205000000000000000000000000000000000000ff02fd0bfc0efb11f913f815f716f516f415f513f60ff80bfb07000304ff09fb0df811f515f318f21bf11cf11cf21af317f413f610f7
2389,296343564,-38,11,128,1,0,0,52200500fbfcf5fceffceafce6fce3fbe1fbe0fae1fae2fae5fae9fceefdf4fff902fe050208050c080f09120a140a150916071606150105000000000000000000000000000000000000ff02ff0cfe0efd11fc14fb16fa16f817f816f813f80ffa0bfd07010305ff09fa0df711f415f318f11af11bf11af218f316f513f60ff6
2390,296547857,-38,11,128,1,0,0,1ee0010004fd05f707f109ec0be80ce50de40ee30ee30de40be709eb07ef03f4fff9fbfdf700f203ee04eb06e906e706e705e804e803fa00000000000000000000000000000000000000fdfef6f9f4f7f1f5eff2eef1eeefefeef0eef2eff5f1f7f5faf9fcfeff040009010f02140318031b031e031f021e021c021802140110
2391,296829043,-38,11,128,1,0,0,1ee00100fafef401ef04eb06e707e408e309e109e208e307e606ea06ef05f505fb050006050709090d0b100d110e111011110f110f1103040000000000000000000000000000000000000102060a060d07100712071507160617051603140211010c0107030204fc05f607f10aed0cea0de80fe610e510e60fe90dec0bef09f1
2392,296832474,-38,11,128,1,0,0,1ee0010004040a051005150619071c081e081e091e091c091908150610040b0107fe03fa00f6fdf1fbedfbeafae8fbe7fce7fde8fee8fffa000000000000000000000000000000000000fffdfef3fff1ffed01eb02e903e804e805e906eb05ef04f301f8fefcfa00f604f108ed0bea0ce70ee50ee30ee40de60ce90aed09f007
2393,296833724,-38,11,128,1,0,0,1ee00100fafdf400ee02e903e504e204e104e003e003e203e502e902ee02f403fa04ff060408080b0b0e0d100e120e130e140c140b1402050000000000000000000000000000000000000102040b050d05100513051504170317021701140011000c0107020204fc06f709f20cee0feb11e913e814e714e812ea10ed0df00bf2
2394,296835122,-38,11,128,1,0,0,1ee00100fcfcf6fbf1fbedfae9f9e7f8e6f8e5f7e6f8e7f8eaf9edfaf1fcf5fef901fd050008020c040f0511051305140514041403130004000000000000000000000000000000000000ff02ff0afe0cfd0ffc11fa12f913f813f812f80ff90cfa09fd06000204ff08fc0cf90ff713f615f517f519f518f516f713f810f90efa
2395,296882080,-38,11,128,1,0,0,1ee0010007000cfc11f915f718f51bf41cf41df41cf41af517f713f80ff809f904f9fff8faf6f6f4f2f2f0f0efeeefedefedf1edf2edfcfb000000000000000000000000000000000000fdfef5f8f3f7f2f4f0f1f0eff0eef1edf3edf5eef7f1faf5fbfafcfffc05fc0bfb10fa15f918f81af71cf61df61cf619f715f912fb0f
2396,296884633,-38,11,128,1,0,0,1ee0010004fa04f404ef05ea06e607e308e208e108e207e307e705eb03ef00f4fdf9f9fcf5fff102ed04ea05e905e804e704e803e802fa00000000000000000000000000000000000000fd00f301f101ee00ebffe9fee8fce8fbe9faecfaf0faf4fcf8fefd0101050509080d0b110d150e170e190e1b0d1a0c180a150911070e
2397,297843228,-93,11,128,1,0,0,4ff11400f5f8f5f8f7f9f8fcf7fff702f704f902fa02fb02fe01040004000202040309040904060605070605060406020502030302020000000000000000000000000000000000000000fe00f901fb00fc01fd00fffeffffff01ff020101040006fe060006030604050506050a010dff0e010a04050202fe02ff00fffefcfdfb
2398,297945623,-91,11,128,1,0,0,4ff11441f8f3fbf1faf2f8f2fbf3fef7fdfcfafcf8faf8fbfafffc02fd06fc09fd0902080408020700080207020603050505040301ffffff000000000000000000000000000000000000fefff8fcf8fbf8fbf9fbfcfcfdfefc02fc04fe030104010601060309040b040706080a0c0b0b090608060607050405fe05fb03fa00fa
2399,298048033,-93,11,128,1,0,0,4ff11441fff102f204f205f002f101f403f604f503f702fa02fbfffafdfafdfdfefbfff8fff7fef6fdf6fdf601f803f902fb01fb00fafffe00000000000000000000000000000000000001ff05fc06fd06fc05fc03fc03fd02ff02ff01fc01f901f701f703f605f608f609f508f608f705f702f802fd01fe00fc01fb02fa01fa
2400,298137073,-93,11,128,1,0,0,9224494101fefffcfdfafefe01010202fe02fc01fd01fd02fe02000000fefefffd00ff00fffefeffff0000ff01ff0000ff00fffffefeffff000000000000000000000000000000000000000001ff01fdfffeff00010002fd01fb02fe0200010100010002ff03fd04ff03010101ff00fffd00ff00020007f70bf009f805ff04fd
2401,298245670,-91,11,128,1,0,0,933aa941fb02ff03ff0000fe02ff02fe02fc01fdfefdf5f6eff1f6fafeff0afa13f909fc00fd01fefffefefdffff00010000ff00fd01ff00000000000000000000000000000000000000ff00ff02ff00fdfefdfefd00ff02fe01fdffff0003010202ff02ff0101fffffffefffefffd00ff0102020203fe03fd00fefcfef901fa
2402,298252781,-92,11,128,1,0,0,2bb99241fdf3fdf0fff2fdf7f8fafafafffb00fdff00fe01fc01fb00fe0101030004fe04fc03fb00fdfefe00fe03ff02fe01fd03ff0200000000000000000000000000000000000000000000020303030202020003ff00ffff0000ff00fe03020203fefdfbf7fcf701fc0303050108fa04f900fcfeff00fd00fbfefcfcfdfafb
2403,298662461,-92,11,128,1,0,0,4ff11441f106ef07ef06f103f502f803f803f903fb03fc02fd01ff0302030502050205030506040603050405040304030402030102ff00ff00000000000000000000000000000000000001ff0500040203010400050003ff02fffffffcfdfbfcfcfafef8fff8fff9fff7fbf5fbf3fef2fef4fcf6fdf5fef7fdfdfb00fa02fc03
2404,298810893,-92,11,128,1,0,0,56655541ff010204040b040bfe0afa06000108ff05fdfbfcfafdfe00000102fe01fd02fe0201fe00fdfe00fe01fefefffeff00ff01ff00000000000000000000000000000000000000000000ff02fe02fe00fdfefc00fe010001ff01fd01fdfefffeff00fe01fd03fc0202ff09f70bf50600000bfd06fd010104020100fcfffd
2405,299072046,-93,11,128,1,0,0,4ff114410c000d010c010b010c000bff09ff08fe06ff0200010002fc00f8fffafffefefbfbf7fbf6fdf7fdf8fdfafdfbfbfbfcfbfdfcffff000000000000000000000000000000000000fffffdfefafff8fff9fffc00fe02ff03fe03fe03ff0500070008ff08fd0bfc0cfb0bf709f408f708fb07fe0700060203030001fe01fe
