sequence,timestamp_us,rssi,channel,csi_len,flags,queue_drops,label,csi_hex
0,1997983,-93,11,128,1,0,1,4ff11400fc06fa05fb03fd04ff050105020603080409030a010c010d020c01090007fe05fe06fe05ff010000030003010202040306030100000000000000000000000000000000000000fe00fc01fe00fdfffbfef8fbf6fbf7fcf9fbfcfafbf8f9f8fafafafcfbfdfdfdfdfffd01fe01fc03f905f807f706f406f004ee04f106
1,3553800,-37,11,128,1,0,1,1ee00100e7ffe6fee6fde6fce7fce8fceafcecfdedffee00ef02f005f007ef08ee0aec0beb0aea09e908e906ea04eb03ed02ef02f002fc00000000000000000000000000000000000000fefcfbf0fcf0fdf2fdf3fdf5fcf7f9f8f7f8f4f9f2f8f0f6eef3edf1eef0efeff0eef1eef2eff3f1f3f3f4f5f3f7f3faf1fceefdecfe
2,3598603,-37,11,128,1,0,1,1ee00100ee0eed0eed0ded0ded0ded0cee0cef0cef0cf00df20df20df30ef30ff310f310f210f110f00ff00ef00df00bf00af109f108fc02000000000000000000000000000000000000fc00f201f200f301f401f502f404f305f206f007ef07ed07eb07ea06eb05eb04eb04ec04ed04ee04ee05ef06ef07f008f00aef0bee0c
3,3599121,-37,11,128,1,0,1,1ee00100f1ebf1eaf1eaf1eaf1eaf2eaf3ebf2ecf2edf1eef1eff1f0f0f0f0f1eff0eef0eeeeefedefedf1ecf2ecf4ecf5edf6eef7eefefb000000000000000000000000000000000000fffcfdf0fdf1fdf2fdf3fbf3faf3f8f2f7f1f6eff6edf6ebf6eaf7e9f8e9f9e9fae9faeafaebfaecf9ecf8edf7edf6eef4eef2eef1ed
4,3599600,-37,11,128,1,0,1,1ee0010017f718f718f718f818f817f816f916f915f814f713f712f612f512f412f413f314f415f416f516f715f815f914fb13fc12fd04ff00000000000000000000000000000000000003000e010e010d010c000cff0dfe0efc10fb12fb13fb15fc17fd17fe17ff170016001500150014ff14ff14fd13fc13fb13fa14f916f8
5,3610400,-37,11,128,1,0,1,1ee0010016ff1600170017011601160115011401140013ff12fe12fd12fc12fb13fb14fb15fb15fc16fd15ff14001301120111021002040000000000000000000000000000000000000002010b060a060a050a050a030b030d030e03100311041205130613071307120712081107110711061106110511041103110213011401
6,3610937,-37,11,128,1,0,1,1ee00100f8e7f8e7f8e6f9e6f9e6fae7fae8f9e9f9eaf8eaf7ebf6ecf5edf4edf3edf3ecf3ebf4eaf5e9f6e9f8eaf9eafaebfcecfcedfffb00000000000000000000000000000000000000fc03f103f203f202f301f300f2fff0feeffeedfeecffea00e801e802e802e902e902e902ea01eb01eb00ebfeecfdecfbecfaebf9ea
7,3665963,-35,11,128,1,0,1,1ee00100160d180f18111712161313121111100e0e0b0e080d040e000ffd10fa13f916f818f919fa19fc18fe17ff1501130110010e010300000000000000000000000000000000000000fd03f40ef30df30cf30af509f609f909fc0afe0c000e0211031403170219011bff1bfe1bfd1afc18fc16fe130010030d070b0b0a0e0a
8,3719787,-36,11,128,1,0,1,1ee001001afa1dfa1ffa20fb20fc1efd1bfd18fd14fc0ffb0afa05f800f5fcf2f9eff7ebf6e8f6e6f7e4f9e4fae5fce7fdeafeedfeeffffc000000000000000000000000000000000000faffeafcebfbecf9eff9f1f9f4fbf7fdf901fc05fe0aff0fff14fe18fd1bfc1dfb1efa1efa1cf91afa17fb14fd0f010a050609030d00
9,4714379,-93,11,128,1,0,1,777ee741fe00fefefffefe00ff01fffefefdfefeffffff00ffff00fe01fefefffcfffdfe00fe00ff00fe00fe00ff000001ff01ff02fe00ff00000000000000000000000000000000000000ff00fefdfefcfefffe01fffdf7f8eefdf70001f807f10bf705fd00ffff01fe00fffefffdfefeff01ff02000001ff01ff00fefffe00
10,4818923,-92,11,128,1,0,1,6cc44641fe00fd0201ff05ff0200010002ff01ff01ff02fe01fe00ff00fe00feff000001010200010000ff00fe01fe01fe01fe01fe02ff00000000000000000000000000000000000000000001000100000000ff00fffffffffe00fdfffefefffd01ff040004ff02fe00fd03fe07fe07fe030003000209fd12fa0800010204fb
11,4967607,-91,11,128,1,0,1,4ff114000bfd09fb05f902f600f6fef6fcf4fbf1fbeffdee01ed03ee02f104f504f602f704fa03fb01fc00fdfefcfcfbfafcfafcfafafefe00000000000000000000000000000000000000ff03ff04ff040005020506060709060a0509060a080809040804070408040504ff06fc07fd09fe0afc0cf80ff510f813fc16fc14fb
12,5070025,-90,11,128,1,0,1,4ff1140002f8fff6fff9fffefb00f901fa04fb07fb0bfc0efb0ef90afa09fc0afd0afe08ff0501040203010201ff02fd04fc05fc05fc01ff000000000000000000000000000000000000fffffdfffb00fa00fb00fa02f904f705f607f808f90af80bf60af905ff0103010604050304ff05fe06fb09f50ef20ff40df40af10cf1
13,5173103,-93,11,128,1,0,1,333ff341fefeffff0202020003fd02fffe06fd0500010008000f03110108fffe03050307fcfdfafafefcffff00010000fbfdf7fcf7fdfdff000000000000000000000000000000000000fffffcfffdfefdfdfdfefeffffff01ff02ff02fdfffefd01fc01fd0000ff02fd01fe000101010000ff00fe01fdfffdfffe00fffffffc
14,5377228,-91,11,128,1,0,1,4ff1140006f705fa02fafffbfdfafaf7faf6f9f7faf5fceffeecfeeefcf1fcf3fef6fff6fef7fef9fff9fef9fcfcfafdf9fefafffa00fe0000000000000000000000000000000000000001ff04fe0400030004fe06fe09fe0bff0d000e000eff0bff0aff0800040002ff04fd03fa01fa02f806f509f20af20bf20cf20bf309f6
15,5507437,-37,11,128,1,0,1,1ee0010013f515f316f115ef15ee12ed10ee0eee0cf00bf30af60af90bfd0d000f021104130615071606160615041403120310030e030300000000000000000000000000000000000000fcfdf2f4f2f4f2f5f2f5f3f6f5f6f7f6faf6fdf500f303f105ee06ec06ea06e805e703e602e600e7ffe9ffebffee01f104f407f509f6
16,5509835,-37,11,128,1,0,1,1ee00100efecedeaebeae9ebe7ece7eee8f1e9f3ebf5eff6f3f6f7f5faf3fdf100ee01eb02e902e702e601e600e700e8ffeaffed00ee00fb000000000000000000000000000000000000fd04f611f611f711f710f70ff70df70af608f405f201efffecfde9fce7fce5fde3ffe201e302e403e604e904ec03ef01f2fdf3f9f3f6
17,5548216,-38,11,128,1,0,1,52200500fb18fb1afc1bfe1c001c011a0318031603140211000ffd0efa0ef70df40ef20ff111f012f013f113f212f412f510f60ef70cfd0300000000000000000000000000000000000003010f070f070f070e070d060c070a070909070a050d040f0412041505160717081809170b160b140b130b110910060e030e010fff10
18,7220489,-93,11,128,1,0,1,4ff11441fbf9faf9fcfafbfefa00f800f700f502f505f604f700f7fdf4fef3fef7fefafffbfffcfefdff000001010000ff00ff02fe01ff0000000000000000000000000000000000000000ff00fe00fefffdfdfafdf9fff800f7fff601f703f903f802f902fd02ff01fd00fd01fdfffdfbfcf9f9f9f9f7faf5f9f4f7f4f8f4fa
19,7303539,-93,11,128,1,0,1,355ee341fe00ff00fe00fa00f4fcf6fcfb05ff0600fefdfcfcfbfefd020105ff02f8fff8fafef3fef6fffa07fc0800fdfef7fdf702f701fd000000000000000000000000000000000000ff00fe00feff00ff02ff02ff0200020102030003fe01fefdfcfbfefc00fd02fc01fefffffd01fc03fd04fe03fe01000101020001ff02
20,7322851,-92,11,128,1,0,1,4ff1144103fa03f902f901fbfffdfdfefcfdfafbf6fbf5f8f6f5f9f7fbf9fcf8fcf9fdfa00fbfffdfcfffd01ff00fdfffafffa00fb00fe00000000000000000000000000000000000000000000fffffc00fb02fb04f805f707f908fe0a0208fe06fa06f707f704fc03fe00fdfdfdfefcfef9fcf7fff602f402f1fff0fef000ef
21,7619408,-92,11,128,1,0,1,ccc55c41fd00f902f406f409fa03fef8fff9fe02fe01fffdff0004040301fa00fa0005f90bf605fdfa06f90200f701fbff01ff010102000100000000000000000000000000000000000001020306fefffefeff00fe00fd03fe0402ff02ff0007ff0801030103ff06fe01fffcfefcfbfefb02fd02fe01000004fe05fe02ffffff
22,8142125,-95,11,128,1,0,1,4ff11441fef8fbfafbfdfbfefc00fd03fd04fb06fb06fb05f905f905fc07ff07fc06fb04fd03fe03ff030202030202020203010300ff00ff000000000000000000000000000000000000ffff00fe02fd04fb04fb02fa02f906fa07fa06fc05fb05f905fb03fe0100ff00fffdfefcfefcfefcfbfcf8f8f7f4f6f5f6f6f8f5fbf4
23,9025527,-93,11,128,1,0,1,099bb0410103fd01fb00fd01fffefefcfcfcfbfeff000000fffffffdfffe01ff02fd02fc02fe0001000000ff0000000000ff00fe00fd00ff00000000000000000000000000000000000000ff02fe02fe02ff0000ff00ff00ffff00fe01ff010002010201ff01fd03ff050005fe05fd04ff0100fe00fb02f303ee02f7fffffb01
24,9026895,-91,11,128,1,0,1,fffbbf41fefcfefeff0301040002ffff00fe010001010001fe0000fe01fe00fffefefdffff000000ff01ff02ff02000200020000ff00ff00000000000000000000000000000000000000fffffdfefefeffffff01ff020102010000000101ff01fd00fe01ff01fdfffdfe00ff00ff00fe01fffefefefd080a11180b0c02feff01
25,9841231,-95,11,128,1,0,1,bdd44b41fd040008010400fefffc01fc03fc04fc03fe0200ff00fd00fcfefbfefcff0000040003000000ff01ff01ff01fe01ff00feffffff000000000000000000000000000000000000ffff00ff01000000ff01ff00fefffe00fe00fe02010202ff00fd01fd02fefffffc03fb03fc00fbfefeff01fefcf5f9eefef501fe0003
26,10394837,-93,11,128,1,0,1,dff66d4102fe0200040305030602070106ff04fd04fa02fa01fd030004ff0200fe03fc04fc02fdffff00010001ff01000102ff0400030000000000000000000000000000000000000000ffffffffffffff000002030203000000010103fffffff900fb01fe0002fe03fe030103020201020003010003f903f7fff9fcfbfb02fe
27,10599767,-92,11,128,1,0,1,4ff114000605030002fd02fd03fc03fa02f706f709f807f706f407f608fb08fc08f905f804f803fb01fe00fefffffefdfdfcfcfcfdfdffff000000000000000000000000000000000000ff00fc03fd05fe0600060008ff08fe0afc0bfa0bfb09f907f807fb0800060105030504040203040408070a070e060f080e0c0e0d0b0c
28,10622869,-92,11,128,1,0,1,999bb94104fe02fe01ff00fffd00fa01fc0000fffefffdfffefffdfffdffff00ff01000001fe02000202000001ff03ff020100ff00fe00ff00000000000000000000000000000000000000ff02fd03ff01ff010003030103ff00fefffc01fd040005000300030100fffdfefcfdfcfafffb01ff010101f803ef04f6fffef9fdfa
29,10640252,-94,11,128,1,0,1,2cc0024104fd01fcfefcfcfefc00fefffffc01fc02fffffefdfcfdfbfbfbf9fbfafdfc02fe04ff02000001ff00ff00ffff00fe00feffffff00000000000000000000000000000000000000ff01fe00fffe00fefffefefd01fe04fe04fe03ff02ff03fe02010003ff01fe01ff00fefefcfdfd00ff04fe0b0013030c040204fe04
30,10702144,-91,11,128,1,0,1,4ff11400f70afa0aff05030205050704070108000c030e050e050c040b020bff0aff0801060105fe04fd00fdfefcfffbfffcfefa00f800fd00000000000000000000000000000000000000ff00fd00fe00fd00fa00f7fff401f402f502f503f503f603f803fafffbfbfbfafefa01fb03fb03f905f708f30af10bf00aee08f007
31,10772663,-93,11,128,1,0,1,1228814104010102ff0301ff00fdfffd00fe0100ff04fd05fd0200ff00ffff00fd01fdfffefe00ff01000100ff00ff00ff00ffffffffffff0000000000000000000000000000000000000000010003fe01fd01fc02fc0504090c0704fffdfaf8fbf5fafcfb0000fe03fe00fd00fd00ff0000ff01ff02ff000100010501060201
32,10826726,-95,11,128,1,0,1,effeee41fd00fe03000002fb02f9fffcfe0204070404fdfffafefa00fc0301040202fdfef8fbf2fcf7fc05fb07000004fe02010003fc01fe00000000000000000000000000000000000000ff00feffffff00ff00fefffefffffffffd00fc02ff0000fe01fe01fe00ff0102030101fefffe01010402060203fffefffc03fb05fb
33,10906597,-93,11,128,1,0,1,333ff34101fd01fdfffffd0100030005fc03fd010101020001fe01fc00fdfe00fe01fe01fe00fe00000201020101fffffffe01fd01fe00ff000000000000000000000000000000000000fffffdff000001000000fe01fd01fa02fd0202030102fffffefeff000100ff00fe00fe01fe01000101ff00000d0917100b09fe03fd04
34,11009361,-91,11,128,1,0,1,4ff1140008fa04fc02fbfefbfcfdfbfcf9fcf6f9f2f6f0f7f4f7f7f5f9f5f9f5f9f7fbf8fefbfefefdfffefefcfffb01f902f902fb03ff01000000000000000000000000000000000000010003000200030004000500080109020a030a0609080907060604030502050004fc05f906f805f604f405f509f50bf30bf10af108f3
35,11111776,-92,11,128,1,0,1,4ff11400010a01070104040107fe06fd08ff08fe08fc0cfc0dfd0cfd0bfb09fa09fc07000401020000fefdfcfdfbfdfbfdfafef8fdf7fffe000000000000000000000000000000000000ff01fc03fc03fe03fe07fd08fd07fb07fa08f809f608f705f804f704f904fe060105ff04000506060909070b060b070b090c0a0d0b0c
36,11128788,-93,11,128,1,0,1,377ee3410100fe01fe030105040404ff01fafcf8fdfd05010c070a0e060803fcfafbfafe0002ff03ff02fe00fdfffe0002fa07f509f602fe000000000000000000000000000000000000ff00ff01ffff01010204010100fe0000000101040005fe03fd02fe01fe00feff02fe04ff02ffff00010204ff03fc02fd01ff0001ff02
37,11214171,-91,11,128,1,0,1,4ff1140008fb04fa02fc00fdfdfbfcf9fdf9fbf7f8f4f8f4f8f3f9f3fcf4fef600f703f802f9fffbfefefdfefdfefefffc00fbfffcfeffff000000000000000000000000000000000000000002000400040104010602080307060607080607050606070607040502030002ff03ff04fe04fb08fa0cfc0efa0ef60cf80cf90df5
38,11448756,-92,11,128,1,0,1,355cc341ff0100030205fe00f4f8f6f804f807fc0101fd01fefd02fd02ff0000f9fdfbfb05f807f104f508020705ff02fffefffbfbfbfefe000000000000000000000000000000000000fffffefeffff010003ff0300030002fe00fcfffdfeffffff0000fe01fd01fd00fdfffefdffffff00ffff00fffe01ff0101fffffffcff
39,11567432,-34,11,128,1,0,1,1ee00100f3eaf2e8f2e6f3e5f4e5f6e6f7e8f7eaf8eef8f2f7f6f6faf4fef201ef04ec05e904e703e602e600e7ffe9fdebfdeefcf0fcfcff00000000000000000000000000000000000003020f080e090c090b09090708050703070008fc09f90bf60df30ff111f013f014f015f115f213f412f50ff60bf707f702f6fef4fbf2
40,11569840,-34,11,128,1,0,1,1ee00100e7fbe5f9e4f8e4f7e4f6e6f6e8f6ebf8edfaf0fcf2fff503f607f70bf70ff612f414f214f014ef13ee11ee0ff00df10af209fc0200000000000000000000000000000000000004fe10fa10fb0ffc0efd0cfd0afd07fc04f902f700f4fff0ffedffea00e801e602e603e604e704e904eb02ee00f1fdf5faf7f6f9f3fa
41,11571402,-34,11,128,1,0,1,1ee00100e8f9e6f8e5f7e5f6e6f5e7f4eaf5ecf6eef9f1fcf3fff503f607f70af60ef511f312f113ef13ee12ee10ee0eef0bf109f208fc0200000000000000000000000000000000000004fe10fb10fc0ffd0dfe0bfe09fe07fc05fa03f701f400f000ed01ea01e802e704e605e705e805ea05ec03ee01f2fef5faf7f6f9f3fa
42,11574235,-95,11,128,1,0,1,10044141fc04fe0000ff0000fdfffc00fc00fcfffc00fe00ff00fefe00fd01fefffffeffff00010102020001fe00fe01ff0100020002000000000000000000000000000000000000000001ff03ff01ffffff00fe00fbfffafefefdfdfcfcfdffffff01fe02ff02fffefdfcfcfefcfffffe00fc00f800f103ee07f806fe04fd02
43,11594673,-91,11,128,1,0,1,0ee660410302020200fdfdfafff901f800f9faf9fafdfd06f907f7fcf7f8f803fd0bff0b01050002fc01fefe00fdfffffc02fafff9f9fefd0000000000000000000000000000000000000001000201fe01fdfffefffefffffe00ff0002ff02000001fdfffcfffe0001010101000000fe00ff01ff0002fe05fd04fe01ff000200
44,12884351,-40,11,128,1,0,1,1ee0010008e70ae50ce60de70ce90ceb0aee07f004f300f5fbf6f6f6f2f6eff5ecf3eaf0eaedebebedeaf0eaf3ecf5eef7f1f8f4f8f6fefd0000000000000000000000000000000000000003010e010e000d000b010a02080407060509040c030f031203140415041605160715071307120610050d030a0008fd06f806f306f0
45,12922255,-40,11,128,1,0,1,1ee001001013111510160f160e160c150a12090f090b09070a030cff0efc11f914f818f81af91bfc1bfe1a001802150311030e020c010200000000000000000000000000000000000000fbffeffef0fdf2fdf3fef5fff601f703f706f709f70cf60ef411f312f213f112f112f111f210f30ff50df70cfb0bff0a020b060c090d
46,12977651,-41,11,128,1,0,1,1ee0010015f117f019f01af11af219f417f515f612f60ef60af606f403f200efffeb00e801e604e406e408e50ae70bea0bee0af109f302fd0000000000000000000000000000000000000104051205120411030f040d050c070a09090c080f081209140a160b170b170c170d170d150d140c120b110910060f020efe0ffb10f8
47,12978211,-41,11,128,1,0,1,1ee00100f615f416f316f216f116f114f211f410f60ef90dfc0b000b030c060d080f0a120a1408160618041702160014fe12fe0ffe0dff03000000000000000000000000000000000000fcfdf2f5f3f5f4f5f5f6f6f8f6f9f5fbf3fdf200f001ee02eb02e902e802e801e800e800e9ffebffec00ee01f102f304f507f50af60d
48,12985658,-41,11,128,1,0,1,1ee0010011eb13ea14ea15eb15ec14ee13ef11f00ff10cf109f105f103ef01ed00ea00e801e603e406e408e509e70bea0bed0af00af202fc00000000000000000000000000000000000004020f0a0e0a0c090b070b050b030c010eff10fe13fd15fc18fd19fe1afe1aff1a00190117011601140013fe11fc0ff90ef60ef30ef1
49,12991578,-41,11,128,1,0,1,1ee00100f012ef13ef13ef13ef12ef11f010f110f20ff40ff60ef80ffa0ffb11fc12fc14fc15fa16f816f715f514f412f410f40df40cfd02000000000000000000000000000000000000fcfff0fdf1fdf2fdf4fef400f401f303f205f007ee07ec07ea07e906e905e905ea04ea04ec04ed04ee05ef07f008f10af20bf20df10e
50,12992023,-41,11,128,1,0,1,1ee00100f2ecf2ebf2ebf2ebf2eaf3ebf4ecf4edf4eff5f0f4f2f3f4f2f6f0f8eff8edf7ecf6ebf5ebf3ecf2eef1f0f0f3f0f5f1f7f2fdfc00000000000000000000000000000000000001fc07f207f306f405f503f501f500f3fef1fdeffdedfeebffe900e801e802e902e902ea01eb01edffedfeeefceefaeff8f0f7eff6ee
51,12993254,-41,11,128,1,0,1,1ee001000d130d140d140d150c150b150a140a130a110a0f0a0d0b0b0c090e0810071208130a130c130d120e100f0e100b10090e070d0103000000000000000000000000000000000000fe03f80df80cf90bfa0afc0afe0aff0c010d020f021201140016ff17ff16fe16fd16fd15fe14fe13ff1200110210040f060f08100910
52,12993662,-41,11,128,1,0,1,1ee00100f2e9f1e8f1e7f2e6f3e6f4e6f5e7f6e9f6ebf6edf5eff4f2f2f4f0f5eef5ecf4ebf2eaf0ebeeedecefecf2ebf5ecf7eef9effefb00000000000000000000000000000000000001fb08f008f107f206f304f402f300f2fff0feeefeecfee9ffe700e601e602e602e703e702e902ea01eb00ebfeedfceef9edf7edf5ec
53,12994126,-41,11,128,1,0,1,1ee0010019fd1afd1bfd1cfe1cff1a0019001800160014fe12fd10fb0ff80ff60ff411f213f216f217f318f518f817fb15fd13ff110004000000000000000000000000000000000000000203080f070e060d060b070a08080a070d070f071108130a150b150d150d140e130e130e120d110c110b1109100711051202130115ff
54,12994586,-41,11,128,1,0,1,1ee00100f118f01aef1aee1aed19ed18ed16ee15f014f212f512f912fc12fe1300160019ff1bfe1cfb1df91df71bf518f315f312f410fd03000000000000000000000000000000000000fbffecfcedfceffcf0fdf1fff201f103f006ee08ec09e909e70ae509e509e508e507e506e706e806e907eb08ed0aef0bf00ef110f112
55,12997478,-41,11,128,1,0,1,1ee0010011ee13ed14ec15ed15ed15ef15f014f112f20ff20cf209f207f105ef03ed04ea05e807e709e60be70de90eec0eef0ef20df403fd00000000000000000000000000000000000003010f080e080d070c060c040c030d010f0010fe12fe15fe17fe18fe18ff18ff18001800170015ff15ff14fe12fc11fa10f810f510f4
56,13049388,-42,11,128,1,0,1,1ee001000ee910e811e911ea12eb11ed0fee0def0bf008f005f002efffeefeecfdeafde8fee600e502e504e605e806ea07ec06ef06f101fc00000000000000000000000000000000000003020f080e090c090a080906090309010bfe0dfc0ffa12fa16f918fa18fb19fd19fe18ff16ff14ff12fe10fd0efb0cf80bf40bf10bee
57,13224124,-92,11,128,1,0,1,b0044b41ff0001000304010200fe01ff0001ff01fe02ff030001fe00fd00fefffeffff010000010000fefffdfdffffff00feffffff00ff0000000000000000000000000000000000000000ff01fdfffefefdfdffff01fe00fe00ff01ff0000fe02fe0100fe01fd00fefe00fe01fe01010105fe02fdff00f304e602f000fa02fc
58,13226122,-90,11,128,1,0,1,6eeff6410100020002020102ff02fd02fe00ff000000ff00ff01000201030003fe02ff010101010102ff01ff00ff00ffff00ff0000ff00ff00000000000000000000000000000000000000000001fe00fefffeffffff010001fefffefe00ff00fefffcfefe00ff00fdfdfcfefeff00fe00fd00ffff02ef09e211f10b00060004
59,15940418,-92,11,128,1,0,1,e0044e4100000101020304060b070d06060bff09fa01fafcfcfdfd000003ff05fa08f607f200f202f503f2fff4fe00fc08fd06fa00f7fffd000000000000000000000000000000000000ff00fefffefeff00010101fefffefefeffffff00fefffefffd00fe0100ff01fd01ffff01fffffffffd01fd01fd02ff0201010002ff05
60,16045849,-39,11,128,1,0,1,1ee00100f90ff615f41af21ef221f221f221f320f41ef61af815fa0ffd08000203fc07f60af10ded0fea11e812e812e912eb11ed10ee04fb000000000000000000000000000000000000ff04fd14fc15fc17fb17fb17fb15fb13fc10fc0bfe0500ff02f904f406ee08e90ae50be20ce00ce00cdf0be109e407e905ef03f501fa
61,16046249,-39,11,128,1,0,1,1ee00100f7f0f4ebf1e7efe3eee0ede0ede0eee1efe4f0e8f3edf6f2faf9fdff0005020b041105160519051c051d041c041b031902180005000000000000000000000000000000000000fbfdeff3eef2edf0edf0eef0eff0f1f2f4f4f7f7fbfbff000305070a0a0f0d1310171119121b131c131c121b10170d130a0d06080304
62,16073218,-39,11,128,1,0,1,1ee0010007ef09e90ae40ce10edf0edf0edf0de10ce30ae707ec04f100f6fcfcf800f304ee07eb09e80ae60be50ae509e608e807e906fa01000000000000000000000000000000000000fbfdeef3edf1edf0eeefefeff1eff3f0f5f3f8f7fbfcfe020008020e03130318041c041f0421032102210220021c0116011002090204
63,16074697,-39,11,128,1,0,1,1ee00100011002150319031c031f021f021e021d021a02170212020d0307040106fc08f70af30cf00eee10ed10ed10ed10ef0ff00ff203fc000000000000000000000000000000000000040013001401150215031404120410040d040902040000fdfbf9f7f6f4f2f1efefecede9ede8ede8eee8efe9f1ecf4f0f6f4f9f9fafd
64,16251463,-41,11,128,1,0,1,1ee001000f05140418041b041e041f051f051f041e041c031902150112fe0efc0af907f605f303ef01ec00e900e701e602e602e603e601f9000000000000000000000000000000000000fafde9f4e9f1ebeeedecf0ecf3edf6eff9f2fbf7fcfdfd03fc0afa0ff814f517f21af01bee1bed1bed1aed18f015f312f70ffb0cff0a
65,16301670,-40,11,128,1,0,1,1ee001000c09100a140a170b190c1a0c1a0c1b0c1a0b190a1709140712040f010dfd0bfa0af709f309f009ed09eb0aea0aea0bea0cea03fa000000000000000000000000000000000000fafde9f4eaf1ebeeedecf0ebf3ecf6edf9f0fbf5fcfbfc01fa07f80cf511f214ef17ed18eb18ea17e916ea14ec12f010f40ef80cfc0b
66,16359992,-41,11,128,1,0,1,1ee00100f3feef02ec05e907e709e50ae40be30ce30ce40ce60be80bec0bf00af40af80bfc0b000c040e071009120a140b150a160a17020600000000000000000000000000000000000006fe19fb1bfd1d001d041c061a09170a130a0e080905050001fbfff5fdeffceafce5fde2fedfffde01de01de01e101e500e9feedfdf0
67,16412149,-40,11,128,1,0,1,1ee0010007fe09f80af30cef0eeb0fe910e811e611e610e60fe80dea0bed08f004f301f5fdf8f8f9f4faf0fbedfbebfbe9fae8f9e8f8fafd000000000000000000000000000000000000fa01e903e701e5ffe4fce4fae5f8e7f7eaf6eff8f4faf8fdfd010006030b060f08140918091b091d081f081f071d061a05160512050f
68,16415600,-40,11,128,1,0,1,1ee00100f8fdf400f003ec06e908e60ae40ae30be30be30be50be70aeb09ef08f407f907fd080208060a0a0c0c0d0e0f0f110f120f13030500000000000000000000000000000000000004021309140b150e1411131311140f140c13090f060b0405030002fa02f403ef04ea05e607e308e209e10ae109e309e607e906ec04ee
69,16417908,-97,11,128,1,0,1,c5511c410001fffffdfeffff0100ff01fd01fe01ff02010102020003000101ff01ffff00fe01fd02fe01fe00fffe01fe01000001000000ff000000000000000000000000000000000000fffe00fc0400040003010103020303030303030100fffa01fb00fefe00ff00ff010102020103fe04ff020102fcfcf5f4f4f7f6fcf8fe
70,16436725,-93,11,128,1,0,1,4ff11400070005fd05fc02fcfefafef6fcf5faf7faf6f8f6f6f6f8f4f9f5f9f7f9f7faf8fbfbfdfe0001ff03fe0400060105ff04fc03fe01000000000000000000000000000000000000ff00fc00fb00fa00f802f803f603f502f702f703f604f804fa02f901f902fe030104ff05000205010a040b070d080f080f060f061007
71,17373618,-92,11,128,1,0,1,bff66b41ff03000201fe00ff0000fbfff501fbfc07f908f905f706f503f303f704000003fd03fe0201ff03fe04fe01fcfdfafafaf7fcfdff000000000000000000000000000000000000ff00ff01ff01fe01fefefffcfffefe00ff0102ff01fffe00fefefefefeffff0001030003fe020102040104fd02fd010002ff00fdf9fd
72,17460765,-92,11,128,1,0,1,4ff11400f4f8f9fdfc01fc05fe08000601050108020b000bfe0dfe0fff0efe0bfc0afc0bff0a01070104020204ff0400040105010701010000000000000000000000000000000000000000fe01fa00f9fef8fff801f800f700f502f503f602f404f205f503f800f9fdfafbfafafbfafefb00fa01f500f1ffeefeedfceffaf5fa
73,17665549,-90,11,128,1,0,1,4ff11400fef6fdf7faf9f9fcfa00f804f607f709f707f403f301f402f601f800f902f903fafffbfefdfffe00fe03fe04fe05ff05ff04ff01000000000000000000000000000000000000fffffffd00fe00fc01fa02fa02fa03f705f607f808fb07fc05fb04fa04fc01fdfffbfef9fcfafbfafbf7f9f5f6f6f7f4faf0f9eff6ef
74,18328199,-29,11,128,1,0,1,ecc77e4102f90c0f0b1c061e03130b030c06fd12f611f70f020b0d010bf707f30bf60dfa05fafffffb05fcfdffeeffed01f204f300f4fffd0000000000000000000000000000000000000002fc08f706fb02fffdfff9fffdf805f509f60ff30df501f8fcfffafff3fcf9fffbf7f4fa020c10100e040af00dea10f80fff0202ef
75,18349024,-41,11,128,1,0,1,1ee00100f4f5eff2edf0eaeee9ede9eceaecebececeeeef0f1f2f3f5f6f9f9fefb02fc06fc0afc0dfb10fa11f912f812f711f710f60ffd0300000000000000000000000000000000000000050017ff17fd17fc17fb15fb13fc10fd0dff09030507010bfe10fb14f918f71bf71df71ef71ef81ef81cf918fa13fb0efb09fa05f9
76,19022844,-34,11,128,1,0,1,e5522e41140012f40503f915f811fd06ffff02fe0b000eff06fbfbf4f4f4f9fdfcfef902fc0bfd05fbfcfbfcfb01fa0afc08000001000000000000000000000000000000000000000000fdfff901f900f8fcfbfdff00030403070103fffa03f809fb0505fe0cf505f001f505fe0c030b06020308f916f212f6070605140b1215
77,19334004,-50,11,128,1,0,1,1ee00100ee07ee05ee04ee02ee02ee01ee00ed00ed01ed02ed03ee04ef05f105f405f605f905fc03fe02ff0000fd00fb00f9fff8fef7fffd000000000000000000000000000000000000fe08f823f924fb24fc24fe22fe1ffe1cfc19f915f611f10fed0ee90ee60fe410e312e314e415e616e816e916ec14ee12ef10ef0eef0c
78,20298656,-42,11,128,1,0,1,1ee00100fceafbe6fbe3fbe1fce0fde0fee1ffe4ffe7ffebfdf0fbf5f8faf4feef01ea02e602e301e1ffe0fde1fae3f9e7f7eaf7edf7fbfd0000000000000000000000000000000000000003030e030e030f020f020f030e030d040b0509070609040c020f0112ff14fe16fe18fe19fe19ff18ff17ff13ff10fe0cfc08f905f7
79,20299204,-42,11,128,1,0,1,1ee0010014fa18f81bf81ef81ff91ffa1dfc1bfd18fd14fd0ffc0afa05f701f4feeffceafce6fde3ffe102e004e106e308e708ea08ed02fb000000000000000000000000000000000000fc01f206f206f106f106f206f206f306f507f807fa08fd0aff0d0110031204140416051805180418041804160313040f050b08070a04
80,20621045,-95,11,128,1,0,1,fddeef4107050c0e0b0c060403ff01fcfffcfffefffeff010102030102ff01fffffffeff01fe03ff04020302010000ff00fd00fe0100000000000000000000000000000000000000000000ff03fe0200ff00fd00fd00fefe00ffff00fe00fffefefeff0000010003fe03ff0302030103fe01fefefffcfefbfdfcfafff803f506
81,20624310,-93,11,128,1,0,1,2bbff241fc00ff0104030101fffd02fd03fe01feff00fd01fd00fd00fe01ff01ff00fffefefffe00ff00fffefffc00fd0000010200010000000000000000000000000000000000000000fffffffeffff00fe01fc01fdffffff020100fffffdfefdfeff020003010003fe03ff02020204020202fc01fb07fc0dfe05fffb02fd04
82,20728875,-93,11,128,1,0,1,caaddc4101fe0100ff01fd00fd00fe00fefffdffffff07050a0b0105fd0004f706f001f8fffe01fe03ff0100fefffefffe00ffff02fe00ff000000000000000000000000000000000000fffffeffff00fe01fe01000002fe02fd02fc01fe0101030202ff00fe03010202010001fffffefe000205040401000000fa01f600fafe
83,21171957,-34,11,128,1,0,1,1ee0010019f41cf31ef31ff41ff61df71af916f911f90cf906f900f8fbf6f6f4f3f1f0eeefebefe8f1e7f2e7f4e8f7eaf8edfaf0fbf3fefc000000000000000000000000000000000000faffe8ffe9feeafcecfceefcf1fdf4fff803fb06fe0b001001150219011c011e001fff20fe1efd1cfd19fe15ff0f020a050509000cfc
84,21172362,-34,11,128,1,0,1,1ee001000ee811e612e513e514e613e811eb0fee0bf106f301f6fcf9f6faf1fbedfbe9fae6f8e5f6e5f4e7f3e9f3ecf3eff4f2f6f4f8fdfe000000000000000000000000000000000000fa02eb0aeb09eb08ed06ef05f205f605fa06ff07040a080d0c110e1410171019101b0f1b0e1a0c180b160a12080d0707070108fb08f7
85,21172879,-34,11,128,1,0,1,1ee0010017f11bf01cf01df11df21bf318f515f610f70bf805f8fff8f9f7f5f5f1f3eef1eceeecececeaeeeaf0ebf3ecf5eff7f2f8f4fefd000000000000000000000000000000000000faffe8fee9fdeafcecfceffcf1fdf5fff803fb06fe0b000f02140219021c021e011f0020ff1eff1cff1900150110030a050409ff0cfc
86,21215838,-34,11,128,1,0,1,1ee0010013ef16ed18ed19ed19ee17f014f211f40df508f703f8fef9f8faf4faeff8ecf7eaf5e9f3e9f1eaf1edf1eff2f1f4f4f6f6f7fdfe000000000000000000000000000000000000faffeafdeafcebfbedfbf0fbf3fcf6fef901fc05ff09010e03130417041a041c031d021d011c011a00170013010e0309050308fe0afa
87,21218215,-34,11,128,1,0,1,1ee00100ea0ee710e610e50fe50ee70dea0bed0af108f607fc06010507050b0610071308150a160c160d140e120d100d0d0b0b090907020100000000000000000000000000000000000005021408130911090f090d080b060803060003fb01f600f100ec00e800e501e302e203e203e303e603e802ec01f1fff7fcfcf800f504
88,21219571,-34,11,128,1,0,1,1ee0010018071b081c091c0a1c0a190a160913070f050b0207fe03fbfff7fcf2fbeffaebfae8fae6fce6fde7fee8ffeaffedfff1fff3fffd000000000000000000000000000000000000fefafbeafceafdebfeedfeeffef3fdf6fcfbfafff703f407f00bed0dea0fe80fe60fe60fe70ee90ceb0bef09f407f906ff0505050905
89,21223732,-34,11,128,1,0,1,1ee0010013111414151515161416121410120d0f0b0a0906070105fc03f702f203ee04ea05e806e708e708e808ea08ec07ef06f204f401fd00000000000000000000000000000000000000fa04ea05eb05ec06ee05f104f301f6fefafafdf600f102ec04e804e604e304e203e203e302e601e801ed01f201f803fd0403070609
90,21225185,-34,11,128,1,0,1,1ee0010002e602e304e205e205e205e505e804eb02ef00f4fdf9fafdf702f305f007ec09ea09e809e708e706e905eb04ee03f102f402fd00000000000000000000000000000000000000fb02ec08ec07ec06ed05f003f303f703fb04000505070a0a0e0d11101212131414151316121510140e110c0e090a070505ff04f903f4
91,21225611,-34,11,128,1,0,1,1ee0010012111413151515151415121410120e0f0b0b0906060205fd03f702f302ee03eb04e806e707e708e808ea08ec07ef06f204f501fd00000000000000000000000000000000000001fa04ea05eb06ec06ee05f004f301f6fefafafdf600f102ed03e904e604e404e203e202e302e601e801ec01f202f703fd0402060608
92,21226718,-34,11,128,1,0,1,1ee00100e603e303e202e102e201e400e700eb00ef01f402f903fe050307070a0b0d0d100e120e140e150c150b1409120710060d050a010200000000000000000000000000000000000003040c110b110a110810070e060b0507050205fd06f807f30aef0cec0de90fe810e710e710e90feb0ded0bf007f403f7fefaf9fdf5fe
93,21227143,-34,11,128,1,0,1,1ee001000be90de60ee60fe60fe70ee90deb0aee08f104f500f8fbfbf7fef200ee01eb02e801e600e6ffe7fee9fdebfceefdf1fdf3fdfdff000000000000000000000000000000000000fa00ea00eaffebfeedfdf0fdf3fef600fa02fe050208050d081109140a170a190a1b091b081a071806150611050c0407050106fb07f7
94,21232156,-34,11,128,1,0,1,1ee0010015f118f019f01af119f118f315f412f50df708f803f9fefaf9faf4f9f0f8ecf6eaf4eaf3eaf1ebf1edf1eff2f2f4f4f6f6f8fdfe000000000000000000000000000000000000fbfdecf6edf6eef5f0f5f3f7f5f9f8fcfa00fc05fe0afe0fff13fe17fe19fd1bfc1cfb1cfb1bfb18fc16fd12ff0d0108040308ff0bfc
95,21232591,-34,11,128,1,0,1,1ee00100f9e6f9e3f9e2fae2fbe2fce4fce7fcebfceffbf4faf9f9fff704f508f30cf00eee0fec10eb0feb0eec0ced0af008f307f505fd01000000000000000000000000000000000000fc03f10ff00ef00df10bf309f607fa06fe05030408040d0512071508180a190b1a0c190d180c160c130a10080c05080104fd01f8fff4
96,21238068,-34,11,128,1,0,1,1ee00100f61bf41ef31ff220f21ff21cf419f615f911fc0d0008050309ff0efc12fa16f91af91cfa1dfb1cfc1afd17fe14ff10ff0eff03ff00000000000000000000000000000000000006ff18fe18ff1600140111010e000aff05fc00f9fcf6f8f1f5edf2e9f1e6f1e3f1e1f1e1f2e2f4e4f5e7f6ecf8f1f9f8fafffa05f90a
97,21388616,-34,11,128,1,0,1,1ee00100e6fbe2fbe0fadffadffae1fae5fae8fbedfdf2fef7fffe01040309040e061208140a160c160d160d140d120c0f0b0c090a080201000000000000000000000000000000000000fb02ec0beb0aec09ed08ef06f305f704fc02010107000d00120017ff1bff1dff1fff1fff1eff1cff19ff15ff10ff0afe03fefcfdf7fd
98,21389165,-34,11,128,1,0,1,1ee00100f3e8f2e5f1e3f1e2f1e2f2e4f3e7f5eaf6eef8f4faf9fdffff05010a020f031403170219011a011a00180016ff13ff10ff0dff03000000000000000000000000000000000000fafeeaf7eaf7ebf7edf7f0f8f3f9f7fbfbfeff020406080a0c0e0f1211141216131813181317121610140e100a0c0707030100fbfdf7
99,21392184,-34,11,128,1,0,1,1ee00100e6fbe2fae1fae0fae0fae2fae5fbe8fcedfdf2fff800fe01040309040e061208150a160b170c160c150c130c100a0d080a070201000000000000000000000000000000000000fb02ec0aeb0aec08ed07f006f305f703fc02010107000d0013ff17ff1bff1dff1fff1fff1eff1cff19ff15ff10ff09ff03fefcfdf8fd
100,21392727,-34,11,128,1,0,1,1ee00100f919f81cf71ef71ff71ef71cf819fa16fb12fd0dff07010103fc05f708f20aee0cec0eeb0fea10eb0fec0eee0cf10af409f602fd00000000000000000000000000000000000002050a140914081307120510040c0308020401fe00f800f200ed00e800e501e201e001e001e101e301e601ea00f0fff6fefcfd03fc08
101,21393175,-34,11,128,1,0,1,1ee00100ee13eb15ea16e917e917ea15ed13f010f30df70afb06000204fe09fa0df711f514f416f417f417f516f614f712f80efa0cfb02fe000000000000000000000000000000000000ff05fe16fd16fc15fc13fc10fd0dfe09000401ff04fa07f50af00cec0ee910e711e511e510e60fe80eea0bee08f204f700fcfc01f905
102,21393774,-34,11,128,1,0,1,1ee001000b160d1a0e1c0e1c0e1c0d1a0c180a140810060b0405020000fafef5fdf0fcecfce8fce6fde5fee6fee7ffe900ec00f000f200fc000000000000000000000000000000000000050215081408130911080f070c0608040401fffefbf9f7f5f4f1f1edefebede9ece7ece7ede7eee9efecf2eff5f3f9f8fcfe00030207
103,21394345,-34,11,128,1,0,1,1ee00100fde6fde2fee0fedffee0fee2fee5fee8fdedfdf2fef8fefefe04fe0afd0ffd13fc16fb18fa19f919f917f915fa12fa0ffb0cfe02000000000000000000000000000000000000fcfbf3edf3edf4edf6eef7f1f9f4fbf7fdfcff010007020d03120316041a051c051e051e051d041b04180414030f0209010201fc00f7
104,21394729,-34,11,128,1,0,1,1ee0010019031c041e041f051f051d041a04170312010d0007ff01fefbfdf6fcf1faedf8eaf6e9f5e8f4e9f3eaf4ecf4eff6f2f7f4f8fdfe00000000000000000000000000000000000005fd14f614f713f812f910fa0cfb08fc03fdfefef8fff3ffedffe8ffe5ffe2ffe0ffe0ffe1ffe3ffe6ffeaffef00f600fc0103010802
105,21395219,-34,11,128,1,0,1,1ee00100f918f81cf71ef71ef71ef81cf919fa16fc12fd0dff07000102fb04f606f208ee0aeb0ce90de90de90ceb0ced0aef08f207f401fd000000000000000000000000000000000000010505150415031502130210010d0109010401fe01f802f303ed03e804e504e305e105e104e104e403e603ea02f000f6fffcfd02fc07
106,21395640,-34,11,128,1,0,1,1ee0010016f41af31bf21cf11cf11af217f414f510f60bf906fb00fdfb00f502f003ec04e904e704e604e603e702e901ec01f000f200fc0000000000000000000000000000000000000002fb0bec0ced0cee0bef0af208f505f802fbfefff903f507f00aec0ce90ee710e611e511e610e80fea0eee0cf309f805fe0203ff07fd
107,22193658,-93,11,128,1,0,1,fddaaf41010202010100fefe00fe05fb04fb04070b10080c010205ff04090212010cf8fff8fc01ff0203fe01fd0102050205000105fd02fe00000000000000000000000000000000000000ff02ff02ff02ff01ff00fefffffe02ff040002fdfdfbfcfefe01fe01fe000002fe03fe0100ff01ff01fffdfefbfffc01fdfffcfdf9
108,22218671,-92,11,128,1,0,1,ccc00c410200020002010002fd05fc08fd0600ff00fafefc00ff01ff00fe00ff0100020002fe00fcfefdfeff000000ffff00ff0000fe00ff00000000000000000000000000000000000000ff01fe01ff010001ff00fefefffe01ff0401040001fe00fe00fffe01fc02ffff04fe03fe02fc05fe07fb05ef05ea06f70203000301
109,22273683,-91,11,128,1,0,1,4ff1140007040203030306ff04fb02f802f704f705f606f508f706f805f707f706f806f906fb03fe00fdfffcfefafdf8fcf7fcf8fdfafffe0000000000000000000000000000000000000000020201040007ff09fe09fb09f90afb0afc0cfa0df90bfa09fb08fd03000102010301060208020dff0d000d031304160113020e01
110,22376073,-91,11,128,1,0,1,4ff11400f8fdf801f702fd0203050409030b010b000cff0efe0dfd0cff0cfe09fd08fd08fe06fe0401020102010203010600080008ff0200000000000000000000000000000000000000fffffffcfffafef7fcf7fcf8fdf7fdf6fdf4fdf4fff501f503f503f700f9fefcfdfefbfcf6fbf4fdf6fff6fff4fff2fcf1fcf0fdeefd
111,22402131,-94,11,128,1,0,1,a9988a4102ff04fe0204fd09fc08fc03fc00000002030203010301020501050105fd02f8faf5f8f6f5fbf6feff000203fd01fdfd01fe000000000000000000000000000000000000000000fe01fd0300030002fd01fcfffdfdfdfcfefeff00fdfffdfefffefcfffc00000100fffffd01fe04ff040202030001ff02000201fffc
112,22568664,-91,11,128,1,0,1,299aa241ff01ff02ffff00fb03fc03fdfffafcf9fafdfb02fe03ff0100000000ff00000001ff0001fe00fefefffefeffff0001ff02fe00ff00000000000000000000000000000000000000000000ff0001ffff03fd06fe0bff12ff0eff09fc0cfa0fff0aff060008010502ff04feff04fa05fdfe01fc03fdfffcfffd01fefdff
113,22683308,-92,11,128,1,0,1,4ff11400fef1fbf1fbf7fafdf9fefafdf9fff601f300f3fff500f6fff5fff5fff7fff900fa00fbfefbfffb02fc05fe05fe04fc03fc03ff0000000000000000000000000000000000000000fffffcfffc00fc00fafef800f603f405f507f608f708f808f805fa03fb02fb02fafdf9f9f6f9f6f8f8f8f7f9f4f9f3f7f1f8f1fbf2
114,22709055,-36,11,128,1,0,1,1ee0010010ec12e914e814e814e813ea11ec0fef0bf107f503f9fefdf900f503f006ec07e907e607e506e505e604e802eb01ef01f200fc00000000000000000000000000000000000000fdfbf6edf7edf8eef9effaf2faf5fbf8fbfdfc02fc07fb0cfa11f915f918f81af71cf71cf71bf819f916fb13fc0eff08020305fd07fa
115,22716527,-35,11,128,1,0,1,1ee00100f816f619f51af51af41af518f615f712f90ffc0aff06020205fd08fa0cf710f412f414f316f415f514f613f811fa0efb0bfc02ff00000000000000000000000000000000000003020f0a0f0a0e0a0c090a0808060603040002fc00f8fef3fdeffcebfbe8fbe6fbe5fbe5fce6fce8fceafdeefdf2fdf8fcfdfb03fb07
116,22755251,-35,11,128,1,0,1,52200500f7e8f6e4f6e2f5e1f4e2f5e4f6e6f7eaf8eefaf3fdf8fffe02030508070d09120a150a170a180918081707140512040f030d0003000000000000000000000000000000000000fefafaebfaebfbebfbedfceffcf2fdf6fefaff000005000b011102150219031b031d041e041d041b041904150310020a0003fffdfef9
117,22785698,-92,11,128,1,0,1,4ff11400faf4f9f8f9fef900fb01fb02fc03fb04f907f60bf50af806f905f805f704f702f902fd02fd03fe0500040105020502030203000000000000000000000000000000000000000000fe02fa01fb03fc05fb06fc06fe08fc09fc08fd08fd0afb06fa03fb02fd01fc02fcfffefbfdf9faf9f7f8f5f9f3fcf1fef1fdf1fbf1
118,22958242,-38,11,128,1,0,1,1ee00100e507e207e006df05df04e103e402e802ec02f103f605fb07000a030d0611081408170719061a041a0219011700140011000e000300000000000000000000000000000000000005fe16fc15fd15fd13fe10fe0efe0bfc07f904f601f2ffeefdeafde6fde3fee1ffe000e001e101e301e600eaffeffdf4faf9f6fdf3ff
119,23400117,-92,11,128,1,0,1,4ff11400f7f9f9fefb01fc01fc03f906f808f907f907f809f708f708f607f505f702f801f903fc05fe030002010202020104ff05ff05ff0100000000000000000000000000000000000000ff02fb02fafffafef9fff8fff7fff500f502f603f602f700f6fef700f901fafefbfcfafbfaf7fbf4faf1f9f0f8f0f8f1f9f0f7edf3
120,23707334,-91,11,128,1,0,1,4ff11400fbf6faf8fcfcfbfdfcfffd02fc02f7fff5fef5fdf3fbf1fcf2fcf4fcf5fcf8fcfafdfbfcfbfcfbfefc01fb01f900f8fff7fffdff000000000000000000000000000000000000fffffffcfffcfefcfff9fef6fdf5fef5fef5fef5fff600f500f800f9fff8fef9fcfcf8fcf5faf3f8f3f9f5f8f7f7f7f6f5f1f3ebf4ec
121,23809730,-90,11,128,1,0,1,4ff11400fff4fff7fbfbf9fdfafffa04fa09f80bf60df60cf80af50af50bf909fb09fa0afb09ff0703040504040205000701070104010000000000000000000000000000000000000000ff0000010302060407050805080509040a040a050a070908080607030503040202fe01fa01f6fff3fdf1ffefffeffeeffdeaffe902ec
122,23868114,-91,11,128,1,0,1,ebbffe4102fdfefefbfffafefafefcfcfdf8fefb0204020a030704ff04fd0001f603f501fafefdffff01ff01fd02fc01fdfdfbfdf701fd00000000000000000000000000000000000000fffffdffff00000001000000000000ff01fe01000000fe00feff01fe02000002ff0002ff0401050205fe02fd00fefbfdfafefe000102
123,23897198,-92,11,128,1,0,1,477884410001fcfdfefd00fefffefdfcf9fdf601fb0604080410fb11fb0a06030bfa06f901fc02fb01fdfefffe01ffff01fc05ff0704010100000000000000000000000000000000000000ff01fc01fd00feffffffff0100000100000001ff02000000ff00ffff01ff03fffffdfcfcfefd00020001fefdfbfef803fa0201fe04
124,24014534,-92,11,128,1,0,1,4ff1140005f104f504f802fbfefdfafef6fff1fff0faf1f7f2f7f2f8f3f9f4faf5faf5faf8fafafbfafefa00fb03fc05fd04fb02f903fe00000000000000000000000000000000000000ff01fe05030408040a04090409070a0b0a0a0708050607040704060605060503050003fd03f906f607f209f00cf00bf10af30af409f3
125,26314808,-91,11,128,1,0,1,dbb55d4100fc03fe0001fc02fc0401050201fffeffff0001fffffefe00fe00fe00ff000000ffffff01ff020002020002fe00fefefefeffff0000000000000000000000000000000000000000fffffefeffff00fffefe00070413020afffffdf0fce5fcf1fdfbfff903f908ff07050002fd00ff02000101ff00fcf801f306f901
126,27394767,-92,11,128,1,0,1,4ff11400f7fef900fc00fe01fe04ff0502060309040b060b050b030d000d000c010a0309020601020201030004fe03fe0300050005fe01ff00000000000000000000000000000000000000ff03fd03fb01f901f804f506f506f606f506f406f705f804f704f704f903fd0100fefffafff9fff7fff400f100ee00edffedfdeffd
127,28213051,-92,11,128,1,0,1,4ff11400070204fe04fd04ff03fe02fa00f8fef7fff802f604f404f404f603f803fb02fb01fa00fbfffdfffdfefffdfffbfdf9fef9fefeff00000000000000000000000000000000000000000001000101030107fe08fc07fb07fb08fd06fd05fc06fd04fd01fd01fd02fd02010406060505030406030b050e060e040e050e09
128,28315504,-93,11,128,1,0,1,4ff11400f6fff901fc04fe0402050205020504070409030a0409050804070206020502050104010102ff01ff02ff02ff01ff02fd04fa01fe00000000000000000000000000000000000000ff02fe01fe00fcfffafefafff901f900f901f701f702f600f5fef700f9fefcfc00fc01fc03f905f605f303f400f401f104f003f301
129,28539568,-36,11,128,1,0,1,1ee0010000e400e001de01dd01dd00df00e300e6ffebfff1fff8fffeff05ff0bff10fe15fd18fc1afb1bfa1afa18fa15fa12fb0efb0bff02000000000000000000000000000000000000fef9f8e6f9e6fae6fbe7fbeafcedfdf2fef7fefdff04ff0bfe12fe18fe1cfe1ffe22fe23fe22fe20ff1dff190013000c000500fd00f8
130,28557230,-35,11,128,1,0,1,522005000c160e19101a101b101a0f180e150c12090d06080304fffffbfaf8f6f5f2f3eff1ecf1ebf1eaf2ebf3edf5eff7f1f9f4faf7fefe00000000000000000000000000000000000003050c150b150a1509140812060f050c02070001fefbfbf5f9eff8eaf6e6f5e3f4e1f4e1f4e2f4e4f5e7f7ebf9f0fcf6fffc02020406
131,28559717,-35,11,128,1,0,1,52200500e805e505e405e306e306e606e906ec05f104f603fb0100ff05fd0afb0efa12f914f816f816f815f913fa11fa0efb0bfc08fd01ff000000000000000000000000000000000000fa00ea02e902e902eb01ed00f000f400f800feff04ff0a000f00140018001b001c001dff1dff1bff18ff15ff0fff09ff0300fd00f901
132,29675087,-28,11,128,1,0,1,1ee00100130b170d1a0f1b111c121b1219121710140e110b0d07090206fd03f801f301ee01e902e604e405e406e407e608e808ec08ee02fb000000000000000000000000000000000000fffafdebfeebffea00eb01ec01ef00f2fff5fdf9fafdf601f204ee07eb09e80be50be30ce30be30ae509e708ec07f106f606fc060107
133,29676433,-28,11,128,1,0,1,1ee0010007ea08e50ae30be10ce10de10de30ce50be808ec05f101f5fcf9f7fcf2ffed00e900e6ffe4fee3fce4fbe5fae8f9ebf8eef8fbfe000000000000000000000000000000000000fb02ed09ed08ec07ec06ed05ef04f204f604fa04ff060408080b0c0e0f101113121513171218111710160f140c110a0c0906080007fc
134,29677462,-28,11,128,1,0,1,1ee00100ea07e609e309e00adf09e008e107e306e706eb05f105f705fd060208080a0c0d0f101013111510160f170d170b150913071101040000000000000000000000000000000000000402110a110b110c0f0c0e0c0c0a0a080805060105fc04f704f204ed05e905e606e307e208e208e308e408e706eb03f000f4fcf9f9fc
135,29724835,-91,11,128,1,0,1,9ff009410404040003fc03fd02fefffefefefefffffefffffe01fd00fd00ff0100010002ff03010103ff04ff02000002020203020201000000000000000000000000000000000000000007fd17f40cf204f6fcfdfb0203070205000005fe0cfd0c0206050001fe00fd03fc03fe010101fe02fd0101fe02fe00ffffffff00fe01
136,29737986,-27,11,128,1,0,1,1ee0010016fd1b041f011efb15f912f719f71cfb17fc0cfb03fe00fdfef7fef3fef2faf0f5eff4f0f5f0f6edf7ebf8ecfaedfceffdf1fffc000000000000000000000000000000000000fcfef2f9f2f9f2f8f2f8f3f9f3fcf4fef8fffa01f804f804fb07fa0ef60ff80efc10fa13f718f719f816fb11fe11fe0d000402fefffd
137,29744806,-27,11,128,1,0,1,1ee0010008ec0ae80ce50de40fe30fe40fe60ee80cea0aee06f102f5fdf8f8fbf3fceefcebfbe8fae6f8e6f7e6f5e8f4ebf4eef4f0f4fcfd000000000000000000000000000000000000fc03f00bef0bef0aef09f008f107f406f706fb06ff070408080a0c0d0f0f1111121413151216111510150f130c100a0b0906080108fd
138,29751601,-27,11,128,1,0,1,1ee00100eeefeaebe8e9e7e6e6e5e7e5e9e6ebe7eeeaf1eef3f3f6f9f7fff805f80cf711f515f218f019ee19ed18ec16ec12ee0fef0cfb030000000000000000000000000000000000000005031502150116001500140011000f020b040707030aff0ffc13f916f719f61cf51ef51ff61ef71df71af816f910f90bf905f800f7
139,29804161,-27,11,128,1,0,1,1ee00100e7fce3fce0fbddfadcf9ddf8dff7e1f8e5f9e9faeefdf300f804fc09ff0e01130218011bff1efe1efc1efa1cf819f816f813fe040000000000000000000000000000000000000402120a120b110c100c0e0c0d0a0b080a05090108fc08f709f20aed0bea0ce70de40fe30fe410e50fe60ee80bec07f003f3fdf6f9f8
140,30264794,-92,11,128,1,0,1,4ff1140003f602f600f8fdfafafdf700f3fef3fbf2fdf1fdf2fcf2fcf3fbf6fbf8fef6fdf6fcfafefd00fc02f904fb06fd09fc08fb05fe01000000000000000000000000000000000000000001020400060107030903080106010703070409050a06090507040404040205ff04fd04fa02f604f208f209f309f208f106f105f2
141,30570203,-91,11,128,1,0,1,4ff1144109f70af508f704fa02fa01f8fef7f8f6f6f4f9f0fbeefceefef100f300f300f5fff6fdfafdfdfdfdfcfdfafcfafdfafff9fffeff0000000000000000000000000000000000000000030107ff0aff0a000801070107000801060205020a0409050403020004ff04fc06fb07fd07fa09f70df610f40ef20cf40df80ef8
142,30895580,-32,11,128,1,0,1,1ee001000e10111312151217121811180f170d150c120a0e090a070507ff07fa08f60af20cef0eed10ed12ed12ef12f111f310f50ef703fe000000000000000000000000000000000000fefbfaedfbecfcecfdedfeeefef0fef3fdf6fbfaf9fef501f204ee06eb08e808e608e408e407e506e606e905ed04f204f705fc070008
143,30898101,-31,11,128,1,0,1,1ee0010003ea04e605e306e207e107e207e407e706ea04ed01f1fef6fbfaf7fdf300ee01eb01e800e6ffe6fee6fde8fbeafaedfaeffafcfe000000000000000000000000000000000000fd03f40ff30ff20ef20df30bf40af609fa07fe06020607060c071009130a150c170e170f17101610140f120e0f0b0c07090207fe06fa
144,30908004,-32,11,128,1,0,1,1ee00100ebf2e7f0e5eee4ece4ebe5ebe7ebe9edecefeff3f2f7f5fcf802fa08fa0dfa12f916f718f51af41af319f217f214f311f30efd030000000000000000000000000000000000000204081308140714061405120410040e040a050507010afc0ef811f414f216f019f01aef1bf01bf119f217f413f50df708f702f7fdf7
145,30909284,-32,11,128,1,0,1,1ee00100f5e9f3e5f3e3f2e1f3dff4e0f5e1f7e4f7e7f8ecf8f2f8f8f7fef603f408f10cee0feb10e910e70fe70ee70ce90aeb07ed05fb01000000000000000000000000000000000000ff05fd15fc15fb15fa14fa12fb10fc0efe0b010805050a020f0014ff18fe1bff1eff1f001f001e011c021a02150110ff0bfd06f902f7
146,30912077,-32,11,128,1,0,1,1ee0010009ed0be90ce70ee60fe50fe70fe90eeb0ced09f006f301f6fdf9f8faf3fbeffbecfaeaf8e8f7e8f5e9f4ebf4eef3f0f4f2f5fcfd000000000000000000000000000000000000fc03f20cf10bf00af009f108f307f507f806fc0600070508090a0c0c0f0e101011131214111410140f130d110b0e090a0805080008fc
147,30913449,-32,11,128,1,0,1,1ee0010013f216ef19ee1bed1ced1cef1bf119f215f311f50cf606f700f7fbf6f6f5f2f2efefedededeaeee9f0e8f2e8f5eaf7ecf9eefefb000000000000000000000000000000000000fb01ec05eb05eb03eb02ed02ef01f102f503f905fd07010b040f061307160819081b081d071d061d051b05180414050f0609070409ff
148,30913916,-32,11,128,1,0,1,1ee00100fd18fd1cfc1efb20fa21f920f91ef91bfa18fc13fe0f010a050609020eff13fe17fe19fe1c001c011b021a04170514051106040100000000000000000000000000000000000002fb08ed0aed0bed0bee0bf009f207f404f500f7fcf9f7f9f2f8edf7e9f6e6f5e4f3e4f2e4f2e5f1e7f2e9f3edf6f1f9f4fef702f906
149,30914473,-32,11,128,1,0,1,1ee00100e806e407e108df07de07df05e104e404e703ec03f104f605fc07010a050d08110a140a170a1a081a071a0519031701150012000400000000000000000000000000000000000005001401140214031304120410040d030b0008fd05f903f502f001eb00e800e501e202e103e104e204e403e702eb00f0fdf4faf9f7fc
150,30916260,-32,11,128,1,0,1,1ee00100feeafee7ffe400e301e201e302e502e701ea00eefef2fcf7f9fbf6fff301ef03ec04e903e702e701e700e9feebfdedfdeffcfcff000000000000000000000000000000000000fe04fa11f911f810f80ff80ef90cfa0afd080006040508040d0411041404160518071908190818091609140811060d03090007fb05f8
151,30944973,-33,11,128,1,0,1,1ee0010003e603e305e106e007e008e208e407e705ea03eefff2fcf5f8f9f3fbeffcebfce8fbe6f9e5f7e6f6e7f5eaf4ecf4eff5f2f6fcfd000000000000000000000000000000000000ff05ff14fe14fc13fc12fc10fd0efe0b0109040608050d041103150418041a051b071c081b091a091708150711050d0209fd07f905f5
152,31713595,-45,11,128,1,0,1,1ee0010005f104ec03e804e405e206e106e007e107e206e505e802ebffeffbf2f7f4f3f5eff5ecf4eaf3e9f2e9f1eaf0ebf0edf0eff0fbfc00000000000000000000000000000000000002020a0c0a0e0911081407150416021501140011000d0209050508020c0011fe15fd18fe1bfe1d001e021e031c0419041503120110ff
153,31714792,-45,11,128,1,0,1,1ee001000dff11fd14fb18fa1afa1bfb1bfb1bfc1afc17fc14fc10fb0cfa08f705f503f102ee01eb01e902e803e804e805e905eb05ed01fb000000000000000000000000000000000000fd02f70bf50cf20cf00bee0aed08ed07ef05f104f503f904fc050008030a060e0711081508170719061a051a041803150312040e040b
154,31717193,-45,11,128,1,0,1,1ee00100fc0efd14fd18fd1bfd1efc1ffb1ffb1efb1cfc19fd15ff11020d06090a060f041303160318031a041a0519061707150713070401000000000000000000000000000000000000fffbfdeefeec00ea02e904e906ea07eb07ee06f104f501f8fcfaf7fcf2fdeefde9fce5fbe3fae2f8e2f7e2f6e5f6e9f7ecf9f0fcf2ff
155,31763347,-45,11,128,1,0,1,1ee001000d09120b160c190e1c101c111b121a121810160e130b0f070c020afd08f708f209ed0aea0be70ce60de60ee70ee90deb0ded03fb000000000000000000000000000000000000fcfdf2f3f2f1f2eef3edf4ecf6ecf8edfaeffbf2fcf7fbfcfa01f706f50af20eee11eb13e913e813e613e711e80fec0cf00af509f908
156,31773747,-46,11,128,1,0,1,1ee00100fbf1f9ecf8e8f7e5f7e2f8e2f8e2f9e3f9e5f9e8f9ecf9f1f8f6f6fbf400f104ed06ea07e808e608e607e706e805ea04eb03fb000000000000000000000000000000000000000004031101120014fe14fd14fc13fb12fb0ffc0cfe08020506020a000efe13fd16fd19fe1bfe1c001d011c021902150211000dfe0afc
157,31774259,-46,11,128,1,0,1,1ee00100f6f3f2f0efededeaece8ede7eee7eee8f0e9f1ecf3f0f4f5f5faf5fff504f309f10cef0fed10ec11eb10eb0fec0ded0cee0afb020000000000000000000000000000000000000203090e091008120713061304130311020f020c0208040306ff09fb0cf810f613f417f319f31af41bf51af618f814f910f90bf907f8
158,31774853,-46,11,128,1,0,1,1ee00100fc0dfc12fc15fc18fb1afa1afa1afa19fa17fb14fd11ff0d020a050609040d02110114011602170217031604140412051104040100000000000000000000000000000000000001fc04f105f007ef09ef0af00af10af309f507f704f900fafcfbf7fbf3fbf0faecf8eaf7e9f5e9f4e9f3eaf3edf4f0f5f3f8f5fbf7fe
159,31775775,-47,11,128,1,0,1,1ee001000df210ed13e916e618e519e51ae619e718e914eb10ee0af004f2fef3f8f3f3f2eef0ebede9ebe8eae9e9eae8ece9efeaf0ecfcfb000000000000000000000000000000000000fc03f10eef0fec0eea0de90be90aea08ed06f105f604fc050107060a0b0d0f1111151219131b121d111e101d0d1b0b160a11090c0907
160,31779023,-47,11,128,1,0,1,1ee001000d0a110b150d180f19111912181217121510130d100a0d060b010afc09f70af20bee0dec0eea0fe910ea10eb10ed0fef0ef103fc000000000000000000000000000000000000fcfdf1f5f1f4f1f2f2f0f3eff4eff6f0f8f2f9f5faf9fafef903f707f50bf30ff011ed13eb13ea12e912e910eb0eef0cf30af809fc08
161,31789358,-48,11,128,1,0,1,1ee00100090c0c100e12101510170f170e170d160c130b100a0d090809030afe0bfa0df60ff412f214f115f215f315f413f611f710f803fe000000000000000000000000000000000000fdfdf5f3f6f2f6f0f7eff9effaf0fbf1fcf3fcf6fcfafafef801f505f308f009ec0bea0be90be80ae809e808eb06ef05f305f706fb06
162,31790815,-48,11,128,1,0,1,1ee00100090c0c100e120f150f170f170e170d160c130a10090c090809030afe0bfa0ef710f412f314f315f315f415f513f711f810f903fe000000000000000000000000000000000000fdfdf5f4f5f3f5f1f7f0f8f0f9f1faf2fbf4fcf7fcfafafef802f606f308f00aed0beb0be90be90ae809e908ec07ef06f305f806fb07
163,31817032,-48,11,128,1,0,1,1ee0010007e909e60be40de30ee30ee50de70ce90aec06ef02f2fdf5f8f7f4f8eff8ebf7e9f5e7f3e7f2e8f1e9f1ecf1eef2f0f4f2f5fcfd000000000000000000000000000000000000fe04fa11f911f811f70ff70ef80cfa0afc080007040609050d0611071409160a170d180e170f150f140f110d0e0b0b07090208fd07f8
164,32839552,-46,11,128,1,0,1,1ee0010007070c0a0f0d130f151116121613161315121310100d0d0a0a06060203fd01f9fff5fef1feedfdebfeeafeeaffea00eb00ec00fb00000000000000000000000000000000000003fd0df40ff411f313f314f314f513f611f70ef90afb04fcfffdf9fdf4fdeefdeafde6fce3fbe2fbe1fae1fae4fae8faecfbf0fdf4fe
165,32840818,-45,11,128,1,0,1,1ee001000a01110017ff1cfe1fff21ff21ff21ff1fff1dff18ff13fe0efd08fc02fafdf8f8f6f5f3f2f0f1eef0edf0ecf1ecf2edf3edfdfb000000000000000000000000000000000000fffbfeebfee9ffe701e502e403e504e604e904ed02f200f8fdfdf902f507f10ced10e912e714e515e315e314e512e910ed0df20bf608
166,32877899,-46,11,128,1,0,1,1ee0010011f60ff40ef30df20df00def0dee0eed0eed0eed0eee0eef0eef0df00cf10cf10cf20bf20af30af309f309f408f408f408f402fd00000000000000000000000000000000000002fe0bfa0cf90ef811f713f715f817fa18fc18fe17ff1600140012ff10fd0ffb0ff810f611f413f315f216f217f217f317f417f516f6
167,32879630,-47,11,128,1,0,1,1ee00100ef0df10ef20ef310f411f512f513f514f515f415f414f414f413f512f511f511f510f60ff60ff70ef80df90df90df90cf90dfe03000000000000000000000000000000000000fd01f506f407f209f00aee0beb0ae909e708e706e704e803ea02ec03ee04ef06f009f00bf00def0fed10eb11ea11ea10ea0fe90fe90e
168,32880084,-47,11,128,1,0,1,1ee0010014fd13fb13fa12f912f712f612f513f414f414f414f414f514f513f613f712f712f811f910f90ef90df90df90cf90cf90cf903fe00000000000000000000000000000000000002ff0cfe0dfd0ffd11fc14fd16fe18011903180417061507140713061104110111ff12fd13fc15fb17fa19fa1afb1afc1afd1afe1bfe
169,32880625,-48,11,128,1,0,1,1ee00100ed0aef0bf00cf10df20ef20ff210f211f212f112f112f111f111f110f10ff20ef20df20cf30bf40bf50af60af60af70bf70bfd02000000000000000000000000000000000000fd01f505f406f208f009ee09eb08e807e706e704e702e801ea00eb01ee02ef04ef06ef08ef0aee0cec0dea0ee90ee90de80ce80ce80b
170,32881107,-48,11,128,1,0,1,1ee0010002e900e9ffeafdeafbeafaeaf9e9f8e8f7e8f7e7f8e7f8e7f9e7fae8fae9fbeafcebfcecfcedfceefceffbf0fbf1fbf1fbf1fefc00000000000000000000000000000000000000fc02f301f101ee01ec02ea04e807e609e50be60de80dea0deb0ced09ee07ee04ed02ec00eaffe8ffe500e301e201e303e303e204e3
171,32883837,-49,11,128,1,0,1,1ee00100fb18fc17fe1600150215031505150616071607170718071806180518041703170215021402120111020f030e030e040d040d0103000000000000000000000000000000000000fe03fb0cfc0dfc0ffc12fb15f917f719f41af219f018ef16ef14f012f311f511f811fa12fc14fd16fe19fe1bfe1cfd1dfc1dfb1dfa1d
172,32942186,-52,11,128,1,0,1,1ee00100eef0ecede9ece8ece7ece8eee9efeaf1edf2f1f4f5f5f9f6fef603f507f50af40ef410f412f312f412f411f510f60ff80ff903fe00000000000000000000000000000000000005011706170517041503130210010c0107020203fc05f708f20bef0fee12ed15ec18ed1aef1af11af319f516f711f80cf806f701f6fd
173,32942748,-52,11,128,1,0,1,1ee0010014f417f219f01aef1aee18ee16ee14ef11f10ff40df70bfc0a0009050809080d0810071307140715061406140512041103100003000000000000000000000000000000000000fc04f012f013f113f312f511f70ef90bfa06fb01fbfbfaf5f9eff7ebf4e8f2e6efe4ede5ece6ece8ecebeeeef1f1f6f4fbf601f605f7
174,32943200,-52,11,128,1,0,1,1ee00100160719081c081e071e071d061c051a04170313030f040a050607030aff0cfc0ff911f712f613f514f513f512f611f60ff60efd03000000000000000000000000000000000000f9ffe7ffe7ffe700e902eb02ee02f201f600fbfd00f904f507f009ec0ae80ae409e208e006e004e103e302e601eb02f004f607fa0afd
175,32997308,-53,11,128,1,0,1,1ee00100000cfa0cf60df20eef10ed12eb14eb17eb19ec1aee1af019f217f414f510f60cf607f602f6fef5faf4f6f3f3f1f1f0efefeefbfb00000000000000000000000000000000000004fe13fb14f915f815f615f514f512f410f50ef70bfa09fe07030607060b0710081409170c190e19101a121a13191216111310110d0f
176,33809458,-93,11,128,1,0,1,f99fff41fcfefeff01ff02fe01fffe01fe030001020002ff01fd00fe00fffefefefdfdfefd00ffff000000010100020003000100fe00ff00000000000000000000000000000000000000fffffffeff00fffffefe00ff01fe02fc04fd02000001ffff01fe030002030102fefefcfcfffd02ff0200000203f609e806ee02f601fa
177,33947596,-89,11,128,1,0,1,4ff11400f5fff802f903fb05fd0bfe0bfe0afc0ef910f80ef80bf80bf70cf707f805f905f904fa02fc03ff04010502050207020801090002000000000000000000000000000000000000fffffcfdfcfdfbfef7fdf6fcf8fcfafbf9faf8f9f8f8f9f5f9f4f9f6fafbfafffb02fd03f903f305f104f102ef03ee04ee01ec01eb03
178,33971032,-51,11,128,1,0,1,1ee00100e5f5e5f5e5f5e5f6e5f6e5f6e5f7e4f7e3f8e3f8e3f8e3f9e3f9e3f9e4f8e4f8e4f7e4f7e5f7e6f6e7f6e8f6e9f6eaf6eaf5fafd000000000000000000000000000000000000fdfef6faf5faf4f9f4f9f3f8f3f7f2f7f1f6f0f6f0f5f0f4eff4eff3eef4eef4edf3ecf3ecf4ebf4ebf4eaf4eaf4e9f4e9f5e8f4e7f4
179,33971475,-52,11,128,1,0,1,1ee0010010ef10ef10ef10ee0fee0fee0fee0fed0fed0fec0eec0eec0eec0eed0fed0fed0fee0fee0fee0fef0ff00ff10ff20ff30ff303fc00000000000000000000000000000000000001fe06f907f907f908f808f809f80af70af70bf70cf60df60df60df60ef60ef50ef50ef40ef40ff40ff30ff20ff20ff20ff210f110f0
180,34017518,-44,11,128,1,0,1,1ee001001f061d071b081708140610040d000bfc0af709f30aef0cec0ee910e912e915eb16ee16f114f411f70df909f905f902f700f600fd000000000000000000000000000000000000ff03fd0cfe0b000a020a050b070c090f0b110d130c160c180b1a0a1a09190717071606130710080c0a090d061004130217011b011d01
181,34019174,-45,11,128,1,0,1,1ee00100ede2efe2f2e4f4e7f6ebf6f0f6f5f4faf1feee02ea05e606e306e105df03df00e0fde3fae7f9ebf9f0faf3fdf601f804f807fe0200000000000000000000000000000000000003fe0bf90af908f706f505f304f004ec05e906e608e40ae30ce20de30de50de70ce90aec07ee03effff0faf0f6f0f2efeeedece9eae6
182,34029432,-45,11,128,1,0,1,52200500ff21fd1ffc1cfc19fd15ff11020e060b0b0a0f091309160b190d190f19121714141510150d140a11080d0809080509020b000300000000000000000000000000000000000000fc00f302f403f504f607f60af50cf40ff212f013ed14eb13e913e812e910ea0eec0def0cf20cf60cfa0efd10001202150419041d041f
183,34039377,-45,11,128,1,0,1,522005000421021f011d001901150310050c09090d071205160519061b081c0b1c0d1a101711141210110c0e0a0a090609030aff0cfd03ff000000000000000000000000000000000000fc01f404f504f606f709f80bf70ef611f414f316f016ee17ec16eb15ec13ed11ee10f10ef50df90dfc0f0011041206150818091c0a1e
184,34248078,-46,11,128,1,0,1,1ee00100ebe5ede4efe4f3e6f6e9f8eef9f3f9f8f8fef603f307f00aed0bea0ce80be608e605e702ea00eefff2fef6fffa01fd04fe06ff0100000000000000000000000000000000000005fe15fb14fb13fb11fb0ef90cf70bf40af00aec0be90ce50ee310e211e311e412e611e80feb0cee08f004f2fef3f9f3f3f1efefeced
185,34518951,-91,11,128,1,0,1,accffa41ff00fe01fdfffefc02fb01fcfbfbf9fafeff0606020cf70bf70703040bfe07fb00fb02fb04fe01ffff00020004fd05fd06020101000000000000000000000000000000000000ffffffff0000ff01ff00fffdfffefeffff00ff00ff000101020102ff03fe02fd00fefe01ff0100ff01fe01ff01ff01fd01fe01ff03fd
186,35022394,-34,11,128,1,0,1,1ee00100f3e9f1e6f1e4f1e2f2e2f3e3f5e6f6e9f6edf7f1f8f7f8fdf703f608f40cf210ef12ed13eb14ea12ea11eb0fec0cef0af108fc01000000000000000000000000000000000000fe04fa13f912f811f810f90efa0bfc09ff06030407010c0011ff16ff18ff1b001c011d011c021a021702140210000afe05fb01f8fdf5
187,35038999,-34,11,128,1,0,1,1ee0010018061c071e081f0a1f0a1d0a1a0a1709140610030b0007fc03f800f3feeefdeafde7fee4ffe200e202e403e603e903ec03ee01fb000000000000000000000000000000000000fdfbf5eef6eef7edf8eefaf0fbf3fbf6fbfafafff903f608f30cf10fee11ec13ea13e913ea13ea11ec0fef0df30bf809fe0704060806
188,35074040,-93,11,128,1,0,1,4ff11400f6fdf800fafefafcf900fa03f904f606f509f50bf50af608f606f705f906f907f905fb01fd0001030405040503060205ff05ff0100000000000000000000000000000000000000fe02fb01ff03fe04fc03fa03f805f705f706f407f406f607fa07fc04fd02fbfff7fdf8fcfbfbfcf8fcf5f8f4f4f5f5f6f6f8f5faf5
189,35639930,-92,11,128,1,0,1,9dddd941ff02ff03ff03000402040304fe02fb02fe02fafef3f7f0f4f8f902fefdfafbf905010803030101ff01fe0000ff07fe0bfe0bff02000000000000000000000000000000000000fffffcfffeff00ff0000fe00fa00fafefffc01fd0000000001ff0000ff02010102ff02fb00fbfefeffff01fe03fe00fffc00fc00fe01
190,35688447,-91,11,128,1,0,1,4ff11400fef6fff7fefafafef7fef500f404f401f5fbf5fbf4fdf6fdf7faf6faf6faf7fcfafefcfffd00fc01fb00fc01fc02fa02f803fd0100000000000000000000000000000000000000ff02fc01fb00fb00fc02fb04f803f703f905fa07f908fa07fb06fc05fe02fd00fbfef9fdf8fbf6f9f5f8f3fcf1fef0fef0fdf3fff7
191,35722412,-96,11,128,1,0,1,955cc941fc00fd00fcfffdff01fe0600070607090a060a0106f804f306fa03fefff9fefbfc02f803f803fb02fd00ff00010003fd05fb01ff00000000000000000000000000000000000000000100fefffd00ff0000fefffdfefcfffcfffcfffcfffcfffdffff0002010201020002000000fe00000102020001ff02ff02ff0001
192,35728054,-34,11,128,1,0,1,1ee001001a041c051d071d081c081a081708140611040e010bfd08fa05f504f204ee05ea06e807e709e70ae80aea0bec0aee08f108f301fd000000000000000000000000000000000000faffeafeeafdecfbeefbf1fbf4fdf700f903fb07fc0cfc11fc15fb18f91af81cf61cf51bf51af517f614f811fc0d000a05070a050d04
193,35728782,-34,11,128,1,0,1,1ee00100170e181019111812171215121310100e0e0a0c060b0209fd09f809f40af00cee0eec10ec12ec12ee12ef11f110f40df60cf702fd000000000000000000000000000000000000fafdebf6ecf6eef5f1f5f3f7f5f9f7fcf801f905f80af70ff513f215f017ee17ec17ec16ec14ed12f00ff30df70bfc09020807080b09
194,35729377,-34,11,128,1,0,1,1ee00100fd17fc1afb1afb1bfa1afa18fa15fb12fd0fff0c0209050609040c03100213021503160416061507130712080f070d060b050201000000000000000000000000000000000000fffb00ec01ed02ee03f002f201f5fff7fcfaf8fcf4fdf0feecfee9fde7fce6fae5f9e6f8e8f8eaf8edf9effaf3fdf600f904fb09fc0c
195,35730199,-34,11,128,1,0,1,1ee0010005e507e308e20ae20ae30ae609e807eb05ee01f1fdf4f9f7f5f9f2faeefaeafae8f8e7f7e7f5e8f4eaf4ecf4eff5f1f6f3f7fdfe000000000000000000000000000000000000ff05fb15fa14f913f910fa0efc0bff09020607040b041004150518071a081b091b0b1a0c190d160c140a10080d040a0007fb06f606f1
196,35790876,-92,11,128,1,0,1,4ff1140002f502f7fff8fcfbf9fef9fff9fff600f103ef05f001f1fff1fef3fff4fff6fdf9fcfafefc02ff03010401040005ff07fe07ff0100000000000000000000000000000000000000ff04000600060006ff09ff0bff0b000b000b03090408020801070006ff03ff01fe00fbfef9fcf6fdf301f103ef03ef01eeffeefff2
197,36399543,-34,11,128,1,0,1,1ee00100eafae6f9e3f8e1f6e0f5e1f4e3f4e6f4e9f6edf8f1faf6fefa03fd07ff0d01120116ff19fe1bfc1cfa1bf819f817f713f710fd0300000000000000000000000000000000000003030e0e0e0e0d0f0d0f0c0e0b0d0a0b09080904090009fb0bf60df20eef0fec11ea13e913e913ea13eb11ed0eef0af305f500f6fcf7
198,36405510,-34,11,128,1,0,1,1ee00100ea05e606e307e107df06e004e103e303e702ec02f102f603fc050207060a0a0e0c120d150d180b190919071905170315011200040000000000000000000000000000000000000401120613071307120711070f060e050c0209ff07fb05f705f204ed04ea04e605e406e306e207e307e406e705eb02effff4fcf8f9fb
199,36935026,-39,11,128,1,0,1,1ee001001010121313151317121811180f170d150b110a0d0909080309fe0bf90df610f313f216f219f319f519f718fa15fc12fd10fe03ff000000000000000000000000000000000000fcfef0f8eff7eff7f0f7f1f7f2f8f3faf4fcf4fff502f406f30af10df00fee11ed12ec12eb11eb10ec0fee0ef10cf60bfb0aff0a030a
200,37140179,-49,11,128,1,0,1,1ee00100e800e801e902e903e905e906e907e808e709e709e709e809e809e909ea0ae90be90be80be70be70be60ae608e607e705e804fa00000000000000000000000000000000000000fffefdfafcfbfbfdfafff700f400f1ffeefdedfbedf9edf7eef5eff4f1f5f2f6f3f8f3faf2fdf1ffef00ed02eb02ea02e802e601e500
201,37677513,-73,11,128,1,0,1,200002412efd28fb2afa312f30612d652d652d542c432b422d4b354a353e3242365a37612f571f51114b0f44173c17300d1f0616061c0108000000000000000000000000000000000000fdfff604f80f011d0028f522fb1d0b1a14112018232a163e164d1d4b194b12540d5c0459004c0d431a3221262c31283e1f4f2e684470
202,38012803,-91,11,128,1,0,1,a99dda41010100020000fe00fe0102000301000000ff01fe00fe00fe010000fffffdfffcfffe00ff01ff00ff00000101000102010301010000000000000000000000000000000000000000000100000000ff01fe01ff0000ff01fe02fd01ff000002ff03fe01fefd00fc00fbfdfcfeff000101ff01fc0ef717f30dfe07080608
203,38501691,-35,11,128,1,0,1,1ee00100ff18ff1cfe1efd20fc20fc1efb1cfb19fd16ff11010d040807040b010ffe13fd17fd19fe1bff1b001a011803160413041104040100000000000000000000000000000000000001fb07ec08ed09ee09ef08f107f305f502f7fef9f9faf4fbeffaebf9e8f9e6f7e4f6e4f5e5f4e7f4e9f5ebf6eff9f3fcf601f906fb0a
204,38503453,-35,11,128,1,0,1,1ee0010008eb09e80be60ce50de60ee80dea0cec09ee06f102f4fff7faf9f6faf2fbeefaecf9eaf7e9f6e9f4ebf4ecf3eff4f1f5f3f5fdfd000000000000000000000000000000000000fd03f40ef30df30cf30bf409f608f807fb06ff05040608070c080f0a120c130e14101311131111110f100e0e0b0b0906080207fc07f8
205,38558285,-36,11,128,1,0,1,1ee001000816081a091c081e081f061e051c041a04160412040d060808030bff0efb11f915f818f81af91afb1afd19ff1600130211020400000000000000000000000000000000000000fefbf9ebfaebfbecfcedfdeffdf2fcf5faf8f8fcf5fff101ed03e904e704e405e304e203e203e402e602e902ed03f204f706fb09fe0b
206,38640117,-37,11,128,1,0,1,1ee00100f1f0efedeeebede9ede8efe8f1eaf2ecf4eff5f2f7f7f8fcf901f906f80af60ef311f112ef12ee11ed0fee0def0bf109f207fc0100000000000000000000000000000000000001040511041103110210020e020c030a0407050308000afd0efb11f913f716f717f718f718f718f816f914f910fa0bfa06fa02f8fef7
207,38647160,-37,11,128,1,0,1,1ee00100110e1311141215141515131511130f110d0e0b0a0806070106fc05f705f206ee08eb0aea0ce90dea0deb0ded0df00bf30af502fd000000000000000000000000000000000000fffbfceefdeefeeefeeffef1fef3fdf5fcf8fafcf8fff502f105ee07eb08e909e709e609e608e707e907ec06f005f505fa05ff060307
208,38651877,-37,11,128,1,0,1,1ee0010005160519051b051d041d031c021902160212030e0309050407ff09fb0df710f513f415f317f417f516f715f813fa10fb0efc03ff00000000000000000000000000000000000002fc08f009f009f109f208f407f605f702f9fefafafbf5fbf1fbedfbeafae8f9e7f8e6f7e7f7e8f7eaf7edf8f0faf5fdf801fc05fe08
209,38653777,-37,11,128,1,0,1,1ee00100101412171319131a121b101a0e180d150b110a0c0807070107fc08f609f10ced0eeb10ea12ea13eb13ec13ef11f20ef40df603fd000000000000000000000000000000000000fffbffec00ec01ec02ee02f001f200f5fdf8fbfbf7fff301ef03eb05e805e506e305e205e304e403e603e902ee02f403f905ff070309
210,38654324,-37,11,128,1,0,1,1ee0010009eb0be80ce60de60ee60ee80dea0cec09ef05f202f5fdf8f9fbf4fdf0fdecfdeafce8fbe7f9e7f8e9f7ebf7eef8f0f8f2f9fcfe000000000000000000000000000000000000fc02f007ef07f006f005f204f404f704fa04fe0502070609090c0c0e0e100f120f140f150e150d140c120a10080c0707060206fd06f9
211,38654851,-37,11,128,1,0,1,1ee0010005160519051b051c041d031b021902160212030e0409050407000afc0df811f613f616f617f717f817f915fb13fc10fd0efe03ff00000000000000000000000000000000000001fb05ef06ef06f006f106f305f503f700f9fcfbf9fcf4fdf0fdecfdeafde7fce6fbe6fae6f9e8f9eaf9edfaf0fcf5fff802fc06fe09
212,38709581,-37,11,128,1,0,1,1ee00100f3eaf2e8f3e6f3e5f4e5f5e6f7e8f8ebf8eef8f2f7f7f6fbf5fff303f005ed07eb07e907e806e805e903ea02ec01ef00f100fc0000000000000000000000000000000000000003030b0c0a0d090d080c060b05090506050207ff09fb0bf80ef511f414f316f317f418f517f616f714f811f90df908f903f8fff5fcf4
213,38711173,-37,11,128,1,0,1,1ee00100ea0be70be50be40ae40ae608e807eb06ee06f206f607fb08ff0a020c050f061207150616061704170316011501130010000e000300000000000000000000000000000000000003fd0ef50ef60ef80df90cfa0afa07fa03f900f8fcf6f9f3f7f0f6edf5ebf5e9f6e7f6e6f8e7f9e8faeafaedfaf2faf7f8fbf6fff402
214,38712866,-37,11,128,1,0,1,1ee00100e701e400e300e2ffe2fde4fde7fde9fdedfef100f403f805fb09fd0cfe10ff13fe16fd17fb18fa17f916f814f811f90ffa0dfe0300000000000000000000000000000000000004fe10fb11fc10fe0fff0dff0bff08fe06fc03f900f6fff2feeefeeafee8ffe600e501e502e603e703ea02ed00f1fef5faf9f7fcf4fe
215,38714708,-37,11,128,1,0,1,1ee00100fd18fd1bfb1cfb1dfa1df91bf918fa15fc12fe0e010b040708050c031002130216031704180517061607140811080e070c06030100000000000000000000000000000000000000fb01ee02ee03ef03f003f202f401f6fef9fbfbf7fcf2fdeefdebfce8fce6fae5f9e5f7e6f7e8f7ebf8edf9f1fbf4fff803fa07fb0b
216,38715173,-37,11,128,1,0,1,1ee001001111121313151316121711160f140d120b0e0a0a0906090109fc09f80bf40df10ff011ef13ef13f013f212f411f60ef80df903fe000000000000000000000000000000000000fdfcf4f2f5f1f6f1f8f2f9f3faf5faf8fafcf900f703f407f10aee0cec0dea0ee80ee80de80ce90beb0aee09f207f707fd070109050a
217,38717152,-37,11,128,1,0,1,1ee00100150a180c190d190f180f160f140e120c100a0d060b0209fe07fa07f607f208ee0aec0ceb0deb0eec0fed0fef0ef20cf40af602fd000000000000000000000000000000000000fcfef0f8f0f7f1f6f3f6f4f7f6f9f7fbf9fff902f906f90af70ef511f413f215f015ef15ef14ef12f110f30ef60cfb09000804080807
218,38723672,-37,11,128,1,0,1,1ee00100e60be30ce10ce10be109e208e407e706eb06ef07f407f909fd0c000f031204160418031a011b001bfe1afd18fc16fc13fc10ff0300000000000000000000000000000000000003fc0df00df10ef30df50bf709f806f802f8fef7faf5f6f2f3eef2ebf1e8f1e7f2e5f3e4f4e4f6e6f7e9f8ecf8f1f8f6f6fbf3fff102
219,38727130,-37,11,128,1,0,1,1ee00100ec0ee90fe80fe70ee60ee70ce90beb0aee09f209f609fa0afe0b010d040f0512061505170418031801170015ff13fe11fe0fff0300000000000000000000000000000000000001fb05ef06ef07f107f206f404f602f7fff8fbf8f7f8f4f6f0f4eef2edf0eceeedeceeebefecf1edf2eef4f1f5f5f6f9f5fef402f205
220,38965320,-91,11,128,1,0,1,4ff1140000f701f7fffbfcfffb00f902f803f504f106f005f104f104f304f605f706f603f801fb01ff01000200020103020302050307010100000000000000000000000000000000000000ff02fd03fd06fd07fd07fc0bfc0dfb0bfd080007010900080007ff04fe02fc02fa01f800f8fef7fef3fdf0faeef9edfaeefbeefbed
221,39608327,-93,11,128,1,0,1,2663324103fd03fc00fdfefdfefefffffffffefefefdfffdfefefcfffcfefcfdfefe00ffffffff00ff00fefffdfefdfefefeff00000100000000000000000000000000000000000000000000030102020002fffffffe00ffff00ff01fe01fe010003000100ff01ff0101ff00fe00fd03fd04fd01fefffe09ff14fe0cff040204
222,39609350,-91,11,128,1,0,1,e11aae4101fefe00fffffefefc00fe0302030302ff01fe01fffffffefffdfffdfffeffffffff00fefffdfefefeffff0001010200fffeffff00000000000000000000000000000000000000ff01ffff00ff010000fd00fb01fd0001ff03fe0200fe02fc02fe000201020102ff01ff010101010000fd01f1fde9f9f9fe06020303
223,39786061,-93,11,128,1,0,1,4ff1140003090007010304ff04fb03fa06f909f90af807f706f807f909fa0afc0bfc08fb05fb04fb05fc04fd02fdfefcfcfbfdfafdfbfffe000000000000000000000000000000000000ff01fe04fd02fc02fc04fd06fb08f70af708f806f907f906f606f604fb02fe02fe0300040306050607060708090b0b0b0a0c0a0f0b10
224,39987713,-36,11,256,1,0,1,76600741ed09e90be70ce50de30de40de60ce80ceb0af009f407f905fe03040109000eff12ff15ff17001800180017011501120111010400000000000000000000000000000000000000ff05fb14fa15f915f913f912f90ffa0cfc09fe0401ff05fb09f70cf30ff012ed14ec15eb16eb15ec14ed12ef0ff20af505f801fcfdfff803e60be20ddd10d712d312d012ce12cd10ce0ed00bd408d805de02e4ffeafbf0f8f6f6fbf500f404f508f60bf70cf90cfa0cfb0bfdf9faf9fcfeffffff000000000000fffffcfeedf5ecf3f10aef09ef06ee02eefeeff9f1f4f4eef7eafde502e107de0cdb11d814d816d917db18dd17e116e413e80fed09f203f7fefcf900
225,43628940,-32,11,128,1,0,1,1ee00100f8e9f6e6f6e4f7e2f8e1f9e1fae2fbe4fce7fbeafaeef9f2f7f6f4f9f1fbedfceafce8fae6f9e6f7e7f5e9f4ecf4eef3f0f4fcfd0000000000000000000000000000000000000501140514061307120810080f070d050c030bff0bfc0cf80ef410f112ef14ee15ee17ee18ef17f017f115f212f40df509f505f302f2
226,43629441,-32,11,128,1,0,1,1ee0010011ee13ec15ea17ea19ea19ec19ed18ef15f011f20df309f305f300f1fdeffbecfae9fae7fbe5fde4fee400e502e703ea04ec01fb0000000000000000000000000000000000000105041503150215001500130011000f020d050b08090c08110814081709190a1a0c1b0d1a0e190f170f150e130c10080e030eff0efc
227,43629918,-32,11,128,1,0,1,1ee0010016001a011c011e021e031d041c051a051805140311010eff0bfb0af709f409f00bee0dec0feb10ec11ed12ef12f111f410f604fd000000000000000000000000000000000000fc04f310f210f10ef10df20cf30bf50af80afb0afe0c010e0410061307160818081a071c061c051b041a031804150410060c08090a07
228,43630308,-32,11,128,1,0,1,1ee00100f0eeeeecedeaede8ede6eee6f0e7f1e8f3eaf4edf5f1f5f6f4faf3fef101ee03eb04e804e603e602e600e7fee9fdebfbedfbfbfe00000000000000000000000000000000000005ff14fe14ff14001301120210020e000cff0bfc09f909f509f10aed0beb0ce90ee80fe710e810e910ea0fec0dee09f105f201f2fef2
229,43630736,-32,11,128,1,0,1,1ee001000e10101312151217121811180f180e160c140b110a0e09090a050c010efe11fc14fb16fb18fc19fd19ff18011603130412040401000000000000000000000000000000000000fa00eb01eb00ebffecfeedfdeffef1fff301f503f607f60af60ef511f414f316f217f017ef17ef16ef15f013f310f60efa0dfe0c020c
230,43632337,-32,11,128,1,0,1,1ee0010010f213ef15ee17ee18ee19f018f117f315f412f50ef50af605f502f4fff1fdeefcebfce9fde7ffe601e603e704e905ec05ee01fb000000000000000000000000000000000000000402140114ff14fe13fe11fe10ff0e010c030a06090a080e081209140a160b170d170e170f15101410130f100c0e090d050d000dfd
231,43632898,-33,11,128,1,0,1,1ee00100100f13111513161516161417121711160f130e100c0d0b080b040c000efc11f914f816f818f919fa19fc19fe1700150113020400000000000000000000000000000000000000fa01eb04eb03eb01eb00ecffee00f000f202f505f608f70bf70ff713f715f617f419f31af21af118f117f215f413f810fc0e000d030c
232,43633372,-33,11,128,1,0,1,1ee00100f1eeefebeee9eee7eee6efe5f1e6f2e7f3e9f5ecf5f0f6f5f5f9f3fdf101ee03eb04e804e603e501e5ffe6fde8fcebfbedfafbfe00000000000000000000000000000000000005ff14ff140114021303120310030e020d000bfd0af90af50af20bee0cec0dea0fe911e812e912ea12eb10ed0eef0af106f202f3fff2
233,43633784,-33,11,128,1,0,1,1ee00100e903e604e404e203e002e100e2ffe4ffe7ffeaffee00f102f405f709f90cf910f813f715f517f316f115f013f011f00ef00cfc0200000000000000000000000000000000000002fb08ed09ed0bee0bef0af009f208f305f402f4fff4fbf2f8f0f5eef4ebf3e9f2e7f3e6f4e5f5e5f6e6f7e8f8ebf8f0f7f4f5f7f4fa
234,43638900,-32,11,128,1,0,1,1ee001000ff211ef14ee16ee17ee17ef17f116f214f311f40df509f605f601f4fef2fcf0fbedfbeafbe8fde7fee700e802ea03ec04ee01fb0000000000000000000000000000000000000004ff13ff13fd13fc12fc11fd0ffe0e000c020a050909090c09100a120b140c150d160f150f14101310120f100d0d090c060c020dff
235,43693110,-35,11,128,1,0,1,1ee001000ef511f213f115f116f016f116f315f412f50ff60cf707f803f8fff7fbf5f8f3f7f1f6eef6ecf7ebf9ebfaebfcedfdeefef0fffc000000000000000000000000000000000000fd03f50ef40ef30df20cf30bf40af509f808fb08ff080209060b090d0b0f0d110d130e140d150d150c150b130910080d080908050902
236,43746023,-36,11,128,1,0,1,1ee001001404170519061b071c081b0919091709150712060f030c010afd08f907f508f209ef0aed0cec0dec0eed0fee0ff00ef30df503fd000000000000000000000000000000000000fb01ed05ed04ed02ed01ee00f000f200f501f804fb07fc0afd0efe12fe15fd17fc19fb1afa1af919f918f916fb12fd0f000c04090707
237,43798091,-34,11,128,1,0,1,1ee0010003eb03e704e505e406e307e408e508e707ea05ed03f000f3fcf5f8f7f4f8f1f7eef6ecf4ebf2ebf0edefefeff1eff4f0f6f0fdfc00000000000000000000000000000000000002030810071006100510040f040d040b0508070609030c0110ff13ff15fe17fe19ff1a001a0119021802160213010fff0cfd0af908f6
238,43808143,-93,11,128,1,0,1,cbbbbc4101000201030102fe00fefe01fd01fe0001020102ff0000ff01000000fefefefd00000000ff000201040100fefcfefcfffeffffff000000000000000000000000000000000000ff00fefffefefffefefcfefcfeffff01ff00fdfffcfeff000102ff02fd01fd00fdfefdfe00fe02ff0100fe00faf8f8effcf600fe0001
239,43809273,-91,11,128,1,0,1,e77cce41ff01fe00fefd02fc04fd00fefffd00fd01fd01fe000000020100fffffefffdfdfdfdff00020002fefefefffe02ff02ff01fe00ff00000000000000000000000000000000000000000101ff01ff01ff00fffffffdfefffe000002ff02ffff00ff010000fdfefbfcfbfdfe02020203ff0201fe0c0215070805fc04fc04
240,43917806,-33,11,128,1,0,1,1ee00100eff2ecf4eaefe9e8e7e9e6eee5f2e6f7ebfbedf9f1fbf402f007ed06ee08f00dee0dec0dea0bea08ea07eb06ed04ef03f103fc0000000000000000000000000000000000000003fd0df60df70ef80df90cfb0afb08f908f704f500f3fdeef7eaf5ecf9ecfae9fee405e305e706ed0bef0cee08effdf5f8f5f8edf3ea
241,43920688,-34,11,128,1,0,1,1ee00100e603e303e202e101e100e2ffe5fee7fee9ffec00ef02f105f308f40bf40ff311f113f014ee14ed12ec10ec0eed0bee09f008fc0100000000000000000000000000000000000000fb01ed02ed03ee03ef03f102f200f4fef5fbf5f8f5f5f3f2f1f0efefedefecefeaf0e9f1e9f2eaf3ebf4eef5f1f5f5f4f8f2fbf0fd
242,43921168,-34,11,128,1,0,1,1ee00100f211f013ef13ee13ed13ed11ee10ef0ef10df40cf70cfa0cfe0d000e021003120314021601170017fe16fd14fc13fb10fb0ffe03000000000000000000000000000000000000fdfcf4f3f5f3f7f2f8f3f9f4f9f6f9f8f8faf6fcf4fef1ffeeffebffeaffe9fee8fce8fbe8fbeafaebfbedfceffdf200f303f406f408
243,43921762,-34,11,128,1,0,1,1ee00100eb09e90ae809e709e608e706e805ea05ec05ef06f207f508f80afa0cfb0ffb12fa14f815f615f514f413f411f40ff50df50cfd02000000000000000000000000000000000000fffcfceffdf0fef0fff1fff2fff4fef5fcf6f9f7f7f8f3f8f1f7eef5edf4edf3ecf1edf0eef0eff1f0f1f2f3f3f6f4f9f3fcf2fff101
244,43982241,-38,11,128,1,0,1,1ee00100ebf7e7f6e6f4e5f3e5f1e7f0e9f1ebf2eef4f1f7f3fbf5fff703f708f70cf510f312f013ee13ec11ec0fec0ded0aef08f106fc0100000000000000000000000000000000000004ff10ff10000f000f010d010c000bff09fd08fa06f706f405f005ee06eb06ea07e808e808e809e909ea08ec06ef03f2fff4fbf5f8f7
245,43982997,-38,11,128,1,0,1,1ee00100f211ef13ed14ec15eb14eb13eb11ed0fef0df30bf70afc0900090509090b0c0e0d110d140d160b170917061604140311010f000300000000000000000000000000000000000001fc04f005f005f105f105f304f402f400f5fdf6faf6f7f6f3f5f1f4eff3edf2ecf1ecf0ecf0edf0eef1f0f2f1f5f3f8f5fcf501f504
246,43987866,-38,11,128,1,0,1,1ee00100fcecfce8fce6fde4fee3ffe400e600e800eb00effef3fcf8f9fcf6fff201ee02eb02e800e7ffe7fde8fbeafaedf9f0f9f3f9fcfe0000000000000000000000000000000000000003020e020e010e010d010c020b020a0408060508040b020e01100012ff14ff16ff1700170016001500130010ff0dfe09fc06f904f6
247,43992251,-39,11,128,1,0,1,1ee0010018061c071e082009200a1f0b1c0b190a150811060d0208fe04f901f4ffeffee900e501e203e105e107e309e609e909ed08f002fc000000000000000000000000000000000000fcfcf2f3f2f2f3f2f3f2f4f4f5f5f6f8f6fbf6fff603f507f40bf30ff212f014ee16ed17ed16ee15ef14f112f40ff80cfd0a02080607
248,44045130,-37,11,128,1,0,1,1ee001000ffb14fa17f91af91bf81bf81af919f916fa12fb0dfc08fe03fffd01f802f302ef02eb01e901e800e8ffe9fdebfceefceffbfcfe00000000000000000000000000000000000003fd0ef60ef50ff50ef50df50cf60af707f804fa00fbfbfdf7fff301ef03ec04e905e707e607e708e808e908ec07f106f604fa03fe01
249,44045715,-37,11,128,1,0,1,1ee00100060f081309160a180b1a0b1a0a19091708150611040d02080003fefefcf8fbf4faf0faecfbe9fbe8fce8fee9ffea00ed01ef00fc00000000000000000000000000000000000002030a0d0b0d0b0e0b0d0b0d0a0b09090807060303ff01fbfff7fdf3fbf0f9edf7eaf5e8f5e8f4e8f4e9f4ebf6eef8f2faf6fcfbfefe
250,44046258,-37,11,128,1,0,1,1ee00100effcebfbe8fae5fae3f9e4f9e5f9e6fae9fbedfcf2fcf7fdfcfe02ff08000c021004130614081509140a130b110b0e0a0c0a0202000000000000000000000000000000000000fb00ee00ee00ed00ed01ee01f001f201f502f902fd02020307040c041004130516051805190519041904170314030f010a0006ff02ff
251,44046874,-37,11,128,1,0,1,1ee001000bf10eed10ea12e713e613e613e711e90feb0def0af306f803fdff02fb07f70bf30eef10ed11eb11ea10ea0eeb0ced0aef08fb0100000000000000000000000000000000000001fb07ee08ed08ed08ed07ed06ef04f103f400f7fefcfa00f705f409f20df011ee14ee16ee17ee17ef17f016f313f60ff90afd05ff02
252,44052519,-37,11,128,1,0,1,1ee00100f8eef6e9f5e5f3e3f3e1f3e1f3e2f4e4f5e7f7ebf9f0fcf5fffb02010407060d061207160719061a051a031a02180015ff13ff04000000000000000000000000000000000000fdfbf5eff4eef3edf3eef4eef4f0f5f3f7f6f9fafbfffd040009020e0412061608190a1b0b1c0b1c0c1b0b190a150810060b04050201
253,45109491,-94,11,128,1,0,1,4ff1144101fa00fa00fbfcfcf9fafbfdfb01f802f702f901f901f803f703f703f802f801fb01fd01ff000000000001010202020104ff01ff000000000000000000000000000000000000ff00fd0300030003fd03fd03ff04ff04fe03fd04fd05fd04fd04fe05fe050005020201fc00f902fa04f806f50af50af709fa08f90af8
254,45299407,-92,11,128,1,0,1,2eeff24105fe03fd00fc00fd00ffffffff01fe03ff02ff01fe01ff0101020003fffffdfcfdfcfffe00fd00fe00ff01fe00fefe01fd04ff010000000000000000000000000000000000000000010201020101ff01ff01ff0afc13fd09ff0106080d0d050600000001fd01fcfffdfd00ff020001ff00ff0001020302ff00fc01fe
255,45299600,-91,11,128,1,0,1,04411041ffff00fe00fe03fe01fefe00fe01000001030004020103fe02fd01ff0102ff03ff0000ff00010100010001010200020001010000000000000000000000000000000000000000ff00feffffff0000ff01000003f404e804f304ff090a10140b0a01ff00fd04fd04ff0001fc00fdfc01fc05fe04010004fd05fa05fa03
256,45404809,-92,11,128,1,0,1,e9922e41fdfffd00000000fdfefcfdfefbfefafefbfffdfffffd00fe00000000ff01fe01ff01ff01ff00fe00fd01ff0101fe00feff01ff00000000000000000000000000000000000000ff00ff02ff03ff01fefefdfdfcfe00fe04fe04000000fdfef8fffb0001020004fc0300000100fe01fefefffbf9f5f4f1f6f9f9fffafc
257,45405251,-93,11,128,1,0,1,3dd0034101ff01ff00000000fffefeffffff00fe01ff00fffffffffeff000004000200fe02ff03ff0100ff01ff00fefffeffffff00fe00ff00000000000000000000000000000000000002ff07fc04fffe01fa00fd00ff00ff01ff00ff000000fffefd01fe05ff02fefefdfcfdfc02ff04010202ff00f2ffe8fff6fc00f9fffa
258,45537251,-40,11,128,1,0,1,1ee00100edededededededededeeeeeeeeefedefedefedefedf0edf0edf1eef1eef1eff1f0f1f0f1f1f1f2f1f3f2f4f2f4f2f5f2f6f2fdfc000000000000000000000000000000000000fcfcf2f2f2f1f1f0f1f0f1eff1eef0edf0ecf0ebf1ebf1eaf1eaf1eaf1eaf1eaf0eaf0eaf0ebefebefebeeeaeeebefecefeceeebeeeb
259,45560027,-38,11,128,1,0,1,5220050019fb1dfa1ff920f820f61ef51af517f613f70ef909fd05010106fd0afa0ff813f717f619f61af71af819f917fa14fb10fc0dff03000000000000000000000000000000000000fe05f914f914f914f913f912fa0ffa0cfa07f902f9fdf8f7f6f2f4edf2eaf1e8efe7ede6ece7ede9edebefeef3f1f8f5fdf803fa07fb
260,45561562,-38,11,128,1,0,1,52200500f9e4f7dff6ddf4ddf3ddf3dff2e2f3e6f4ebf7f0fcf501fa06fe0c01120416061a071c081e081e071c061a05160312020f02030000000000000000000000000000000000000005011705170517051605140511050d0508060306fd07f609f10cec0ee910e612e414e416e516e816ea15ed12f00ef409f703f9fcfaf7
261,45577957,-39,11,128,1,0,1,52200500ea07e808e709e70be80cea0ced0cef0bf209f506f802f9fefaf9fbf5fbf1faeefaebf9eaf8eaf8eaf7ecf7eef8f1faf4fbf6fffd00000000000000000000000000000000000003fd0ef60ef60ef60df60cf80bf909fb08fe06020506040a040e041105140616071709170a160a140a130810060d030aff08fb06f705
262,45579519,-38,11,128,1,0,1,52200500ec15ea19ea1beb1ced1df01cf219f517f712f80df807f701f5fbf3f6f0f2edefebede9ece8ede8eee9f0ebf2eef5f2f7f4f8fdfe00000000000000000000000000000000000003fb0cec0ceb0ceb0bec0aee09f109f509f909fe0a040b0a0d0f1012121415161716191619141912170f140d100b0a0a0409fe0afa0b
263,45586058,-38,11,128,1,0,1,52200500efe6ede4ece4eae4e8e6e9e9eaececeff0f2f4f4faf500f605f50af30ff212f014ee15ec15eb14eb12ec10ee0df00af309f602fd00000000000000000000000000000000000002050a150a140a1409130811060f030d000bfb09f607f006eb06e707e408e20ae00ce10ee20fe50fe80feb0dee09f205f500f6faf6f5
264,45588998,-38,11,128,1,0,1,522005001d0320032202230022fd1ffc1cfb18fb14fc0ffe0b020706050b031003140318031b041c051d061b061906160513040f020c0002000000000000000000000000000000000000fafdebf6ebf6ebf6ebf7eef7f1f8f4f8f8f7fdf501f306f00aec0ce90de60de40ce10be109e107e205e504e805ec06f208f80bfc0f00
265,45792434,-36,11,128,1,0,1,1ee0010002ef03eb04e804e503e302e300e3fee4fce6fce9fdedfef100f503f807fb0bfd0eff11001300150015ff15ff14fe13fe12fe04ff000000000000000000000000000000000000fe04f712f713f714f714f714f813f811f80ef80af706f501f3fdf1faeef7ebf5e8f4e6f4e4f4e4f6e4f7e5f9e8faecfbf0fbf4faf7f9
266,45843877,-37,11,128,1,0,1,1ee001000a0c0c100d1310151216131514131412130f110d0e0a0a0805070106fc06f706f306f007ed08ec09ec0aec0aed0aef0af009fc02000000000000000000000000000000000000fbfdeef5edf5ecf4ecf4ecf5eef5eff6f2f7f7f7fcf801f706f70af60ef411f214f015ee15ec14eb13ea11eb0fed0cf00af408f907fc
267,45895241,-36,11,128,1,0,1,1ee00100f4f1f1ecefe9ede7ebe6eae6eae7eae9ebeceeeff2f2f6f6fbf901fc06ff0b01100313051706180619061806160615051305040100000000000000000000000000000000000003fb0eee0fee0fed0fed0fee0eef0df20bf508f905fe0204ff09fd0ffc14fa18fa1cfa1efb20fc20fd20fe1efe1aff15ff0ffe09fd04
268,46577132,-91,11,128,1,0,1,377cc341fa01fa00fc00fe00fcfefafcf7fdf302f2fdf5fafc05050207f608f908ff05fc04fdfffffdff00fe03fd0402050202fbfcfafeff00000000000000000000000000000000000000000100ff01000000ffffff0001010400040001fffefefd00fe00fdfffb00fb00fdff00fe01ff02ff03ff0001fe0200ff02ff0200fe
269,46663425,-34,11,128,1,0,1,1ee00100050e0713081609180a190b190b180b170b140a10080c05080204fe00fbfcf8f8f6f4f4f2f2eff2eef2eef2eff3f0f4f1f5f2fdfc000000000000000000000000000000000000fe04fa12f912f913f813f812f811f90efa0bfb07fc02fdfdfff700f201ee02ea02e702e502e402e401e401e600ea00ee00f300f901fd
270,46663861,-34,11,128,1,0,1,1ee00100f1faecf8e9f7e7f6e5f6e5f6e5f7e7f9e9faecfbf0fcf5fdfbfe00ff05ff0a000e00120014011501160115011401110110010300000000000000000000000000000000000000fdfbf6eff6eef6edf6ecf7edf8eff9f1fbf3fdf700fb0300060508090b0d0d100f12111412141214121311120f0f0c0c080804050103
271,46692443,-34,11,128,1,0,1,1ee00100f70df411f213f116f117f218f317f516f714f811fa0dfc08fd03fefefff9fff400f000ed01eb01ea01ea01eb00ec00ee00f000fc000000000000000000000000000000000000fbffecffecfeebfeebfeecfeeefef0fef4fdf8fdfefd03fc08fb0dfb11fa14f917f819f719f619f518f516f513f70ef90afb06fe0200
272,46867998,-38,11,128,1,0,1,1ee001001b061e071f0820091f0a1d0a1a09170812050e0209ff05fb01f6fff2fdedfce9fde6fee4ffe301e402e503e803eb03ef03f100fc000000000000000000000000000000000000fcfbf0ecf1ecf3ecf5eef6f0f8f4f8f8f8fdf802f707f50df211ef15ed17eb17e918e917e916eb14ed12f00ff50cfa09000706060b06
273,46904150,-37,11,128,1,0,1,1ee00100ee12eb14ea14e913e812e811ea0fec0df00cf40bf80afc0a010b050c080f0a120a140a16091807180517041602140111000f000300000000000000000000000000000000000000fa03ea04eb05ec05ee05f003f201f4fdf5faf6f6f6f2f6eef4ebf2e9f1e9efe9ede9edeaedeceeeeeff0f1f2f5f3faf4fef303f306
274,46904906,-37,11,128,1,0,1,1ee00100e9f3e7f1e6f0e6efe7ede9edebeeedf0eff3f1f6f3faf4fff504f408f30bf10eee0fec0fea0ee90de90aea08ec06ef05f103fc0000000000000000000000000000000000000005fe15fc15fd14fe12ff10ff0eff0bfd09fa07f705f305ef05eb06e807e608e50ae40be40be60be80aea09ec06ef02f2fef4f9f5f6f5
275,46905460,-37,11,128,1,0,1,1ee00100f513f415f216f116f016f014f112f310f50ef80cfb0aff0a030907090a0a0d0d0e0f0e100d120c130a1308120610040e030c0003000000000000000000000000000000000000fefbfbedfdedfeeeffeffff1fef3fdf5fbf7f8f9f5fbf1fbedfbebfae9fae8f8e7f7e7f6e8f6eaf6ecf7eef8f1fbf4fef502f606f609
276,46906048,-37,11,128,1,0,1,1ee00100e6fce4fbe2fae2f9e2f8e4f7e7f7e9f8ecfaeffcf2fff503f707f80bf80ff712f514f315f115ef14ef12ef0ff00df20bf309fd0200000000000000000000000000000000000004fc12f412f512f611f80ef90cf909f806f703f500f2feeefdebfde8fde5fde4fee2ffe200e301e501e701eaffeefcf2f9f6f5f8f2fa
277,46973177,-34,11,128,1,0,1,1ee00100e8fee5fde4fde4fce3fae5f9e6f9e8f9eafbedfceffef101f205f308f30bf10def0fed0fec0feb0dea0bea09eb07ed05ee04fb0100000000000000000000000000000000000000fb03ec04ed05ee05ef05f104f202f3fff4fcf4f9f3f6f1f4eff3edf2ebf2e9f3e8f4e7f5e8f6e9f7eaf7ecf7eff7f3f5f6f3f9f1fb
278,46976235,-34,11,128,1,0,1,1ee00100eaf5e8f4e7f3e7f1e7f0e9f0eaf0ecf1edf3eff5f0f8f1fbf1fff102ef05ed06eb07e907e806e704e702e800eaffecfeeefdfbff00000000000000000000000000000000000002fb0aef0aef0bf10bf30af408f406f403f401f3fef1fceffbecfbe9fbe8fbe6fce5fde5fee6ffe7ffe8ffeafeedfcf0f9f3f6f4f4f5
279,46978923,-34,11,128,1,0,1,1ee00100f2ecf1eaf1e8f1e7f2e6f3e7f4e8f5e9f6ebf6eef6f1f5f5f3f8f1faeffcecfceafce8fae7f9e8f7e9f6eaf4edf4f0f4f1f4fcfd00000000000000000000000000000000000004fd11f511f711f810f90efa0cfa0af908f707f506f205ef06ec07e907e809e70ae60be70ce80cea0beb09ed07ef04f000f1fdf1faf1
280,47030360,-33,11,128,1,0,1,1ee00100ee12ec13ea14e913e813e912ea10eb0eed0df10cf40cf80cfb0dfe0f0112021502170119ff1bfd1bfb1afa18f916f813f811fe04000000000000000000000000000000000000fdfbf5eff6eef8eef9f0faf2faf4f9f6f7f8f4faf1fceefcebfce8fbe6fbe5f9e5f8e5f7e6f6e8f6e9f7ebf9eefbf0fef102f205f208
281,47030838,-33,11,128,1,0,1,1ee001000eeb10e912e813e914e914eb14ec12ee10ef0df009f105f102f1fef0fceefaebfae8fbe6fce4fee400e502e603e804eb05ed01fb00000000000000000000000000000000000003030c0f0b10090f080f070d070b080909060b040e0211011500180019011a021b041b051a0518061706140412020fff0dfc0df80df5
282,47031411,-33,11,128,1,0,1,1ee00100eb0ee80fe70fe50fe50ee50de70be80aeb0aee09f20af50bf90cfb0ffd12fe15fd18fc19fa1af81af718f516f414f411f50ffd03000000000000000000000000000000000000fefbf8ecfaecfbedfceffcf1fcf3faf5f8f7f6f8f2f9eff9ecf8e9f7e8f6e7f4e7f3e7f2e8f2eaf2ebf3edf5eff8f1fbf1fff102f004
283,47037678,-32,11,128,1,0,1,1ee00100edefebedebebebeaece9eeeaefebf0edf1eff2f2f2f5f2f9f1fdf000ed02eb03e803e702e501e6ffe6fde8fceafbecfaeefafbfe00000000000000000000000000000000000004fd11f611f710f80ffa0dfa0bfa09f906f704f503f202ee02eb03e804e705e607e508e608e708e907ea06ec04ef00f1fdf2f9f2f6f2
284,47038274,-32,11,128,1,0,1,1ee0010018001a001c011c021c031b0419041704150312010fff0dfc0cf90bf50cf30df00fee11ee12ee13ef14f114f413f612f810f904fe000000000000000000000000000000000000fe04fa12f911f810f80ef90cfb0bfd0a000a030a060c090e0b110c130c150c160b180a180917081608140812080e080b0a080d050f03
285,47039152,-33,11,128,1,0,1,1ee00100e9f2e7f0e7efe7eee7ede9edebeeecefeef2eff4f0f8f1fcf1fff003ee05eb07e908e707e506e504e502e600e9ffebfeedfdfbff00000000000000000000000000000000000003fc0ff20ff40ff50ef70cf80af807f704f602f400f1ffedffeaffe700e501e402e403e404e504e704e902eb00eefef1faf3f7f4f4f4
286,47949316,-34,11,128,1,0,1,1ee00100f1f7edf6eaf5e8f3e7f2e7f0e8efe9efebf0edf1f0f4f2f7f4fbf6fff603f507f40af20cf00dee0dec0ceb0beb09ec07ec05fb0100000000000000000000000000000000000004ff12fc13fd13fe13ff1300120110010e000bfe09fc07f806f405f105ee06eb07e808e609e60ae60be70be80aeb08ee05f002f3fff4
287,47952050,-33,11,128,1,0,1,1ee00100f80ff813f716f518f419f219f218f117f216f313f510f80efb0bff0a0309080a0b0b0d0d0e0f0e110e120d130b13081306120104000000000000000000000000000000000000fefbfaedfaecfbecfdecfeecfeeefeeffef1fcf4faf6f7f9f3faf0fbedfceafce7fbe5fae5f9e5f8e5f7e7f7e9f8edf9f0fcf2fff301
288,47953635,-33,11,128,1,0,1,1ee00100f711f715f619f51bf31df11df01cf01af018f215f412f70ffb0d000b040a090b0c0c0f0e1010111210140f150c150a1508140105000000000000000000000000000000000000fefafaebfaeafbeafde9feeafeebfeedfeeffcf2f9f5f6f8f2faeefbebfbe7fbe4fbe2fae1f9e2f7e2f6e4f6e7f7ebf9eefcf1fff301
289,47954760,-33,11,128,1,0,1,1ee001000ff912f615f518f41af41af41bf61af718f816f912fa0efa0af906f803f600f3fff0feedfeeaffe901e803e804e906eb07ed01fb000000000000000000000000000000000000fe04f711f611f511f410f40ff40ef50df70cfa0afd0a010a050c080d0b0f0d110e130f150f160e170e170c160b140911090d09090906
290,47964717,-34,11,128,1,0,1,1ee001000bf30def0fed11eb13ea14ea14eb14ed13ee11f00ef30af506f601f7fdf7f9f6f5f4f3f2f2eff2eef2edf4ecf5ecf7ecf9edfefb000000000000000000000000000000000000fd04f610f510f410f310f30ff30ef40df60bf90afd090109050a090b0d0c100e1210131213131314121411140e120c0f0b0b0a070a04
291,47970925,-34,11,128,1,0,1,1ee0010001ef00eb00e701e502e303e204e304e404e604e903ec01f0fff4fcf8f8fbf4fcf1fdedfdebfce9fae9f9eaf8ebf7edf6eff5fbfd0000000000000000000000000000000000000004021201130014ff14fe13fe12fe11fe0e000b030806060a040e021201150118021a031b031b041b051906170513040f020cff0afc
292,47971577,-34,11,128,1,0,1,1ee001000df811f514f316f218f119f219f319f417f514f611f80df908f904f8fff7fcf5f9f2f7eff6edf7ebf8eaf9e9fbeafdebfeecfffb000000000000000000000000000000000000fc02f10bef0aee0aed09ee08ef07f006f306f606fa07fd08010b040d071009130a150b180b190a1a091a081907160612060e070a0706
293,47971995,-34,11,128,1,0,1,1ee00100080d0b110d130e160f180e190d190c180b1709140811070d0608070308ff0afb0df90ff612f514f615f615f815fa14fc13fd04ff000000000000000000000000000000000000fdfcf4f1f4f0f4eef5eef6eef7eff8f0f8f3f9f6f8faf7fef402f205ef08ed0aea0be80ce60ce60be60ae709ea08ed07f106f506f907
294,47972418,-34,11,128,1,0,1,1ee00100000f01140117011a001cff1dfe1cfe1bfd19fd16fe13ff0e010a040607030b010f00120014001601160316041506130711080402000000000000000000000000000000000000fffbfdedfeecffeb00eb01ec01ed01ef00f1fff4fcf7f9f9f5fbf1fdeefeeaffe7fee5fee4fde4fce4fbe5fbe8fbecfcf0fef301f603
295,47972874,-34,11,128,1,0,1,1ee0010001f000eb00e801e502e303e304e305e405e604e903ec01f0fff4fcf8f8fbf4fdf1fdedfdebfceafae9f9eaf8ebf7edf6eff5fbfd000000000000000000000000000000000000000401120013ff14fe14fd13fd12fd10fe0e000b020806060a040e031202150218021a031b041b051a061906160612040f020cff0afd
296,47973316,-34,11,128,1,0,1,1ee00100fb0ffb13fb16fa19f91bf81bf71af619f617f714f911fb0efe0a020706050a040e041105130614071409140a120b100c0e0c030300000000000000000000000000000000000000fb03ed03ed05ec06ec06ed06ee06f004f202f4fff6fbf8f7f9f2f9eff9ebf9e9f8e7f7e6f5e6f5e7f4e8f4ebf5eef7f1faf4fdf600
297,47974922,-34,11,128,1,0,1,1ee0010010f914f617f41af31cf31df41ef51df61bf718f814f90ffa0af905f800f6fcf3f9f0f8edf7eaf8e8f9e7fbe6fde7ffe800ea00fa000000000000000000000000000000000000fb02ed09ec08ea08ea07eb06ec05ed04f004f405f806fc09000c030f051307160819081c081d071d061e051c041904150410050b0608
298,47977799,-34,11,128,1,0,1,1ee0010002f002ec02e803e604e405e306e406e506e706ea05ed03f100f5fdf8f9fbf5fcf1fdeefcebfbeafaeaf9eaf7ecf6eef5f0f5fcfd000000000000000000000000000000000000ff04fe12fd12fb13fa13fa12fa11fa0ffb0dfe0b0108050709060d0510041405160618071907190819091809150812070e040c010aff
299,48181944,-91,11,128,1,0,1,4ff1140002f202f301f8fffcfbfdf7fef6fef4fef3fff3fef4fcf4fbf2fdf3fef4fef6fef9fef900fb01fe00ff03ff06fe07fe08fe09ff0200000000000000000000000000000000000000000300030004ff05000602080409050804070308050905080405040304030105fe04fc03fa01f603f104ef03ef02f003f003f103f2
300,48386561,-90,11,128,1,0,1,ccc22c41f60bfa08fb04fb01fe01ff00fefd01000505050402ff00fb02fd0001fd03fe01000001fd02fb02fe03fe00fdfdfeffff02fe00ff000000000000000000000000000000000000fffffefefe01fd02fe0000fdfffefe02fe06fc02feffff01fe00fdfdfefcfe00ff03ff0101000102fe01fefefffffc03fa04fc05ff04
301,48591737,-93,11,128,1,0,1,4ff11400fef901fdff00fc03fb04fb01f801f805f907f807f607f707f802f901f903f704f803fd0200030005ff0500040105030603060001000000000000000000000000000000000000000002ff03fd04fe05fe06fd07fd07fe07000902070106ff07fe06fe05fd04fc04fa02f900f9fff8fdf7fcf4fcf3faf3f8f3faf1fcf3
302,50576277,-38,11,128,1,0,1,366dd34102f507f906f800effdea01ee07f90705070c070e0103fbf6fbfafc02ff02040005ff050004000100fe00ff0000ff00ff0100000000000000000000000000000000000000000000ff01ff010003010503060101fefbfcfb00fe0500fffcf8f9fe06020efd0dfa10fc0f000ffe18f717f90902fb03f901f80af511f917
303,51310849,-91,11,128,1,0,1,f44ddf41fe00fc02fc03ff03ff00ff01010302020100f706f00df808ff01030b0517000efd01ffff010101000000010102ff01fffffeffff00000000000000000000000000000000000000ff00fdfefdfdfdfdfd00fe010000ff00fd02fd020003010202fe03000103ff020101010000fefffefffe00fb00f900f704f808fa06
304,52277671,-93,11,128,1,0,1,4ff11400fbfdfbfdfd010103ff02fd04fc09fc0afc07fc07f907f807f907fa06fb04fe03ff04ff03ff020002020103000501050205030100000000000000000000000000000000000000fffffefefefefdfefdfcfdfbfcfbfdfa00fb00fdfffc00f900f9fffafffcfefdfdfffb00fa00fa00f800f5fff5fef6fef6fdf6fdf8ff
305,52790131,-91,11,128,1,0,1,4ff114000c070807060307fd05f803f602f402f202f104f105f102f201f502f501f401f501fafffefefefefffcfffbfffbfefafef8fffdff0000000000000000000000000000000000000001ff03fe02ff02ff05ff09fe07fe05ff07000a000bfd09fc07ff050004000300030204040606050a030e050f050f030e050d060d04
306,53096951,-90,11,128,1,0,1,4ff1140000f2fff4fff7fdfafbfafafbf7fff4fff1feedffedfff0fff2fbf4f9f5fcf7fff8fffa01fd03ff02000201030005fd06fb07fe0100000000000000000000000000000000000000ff03ff040006ff07fd09fd0afe0bfe0d000d020d020c020a01060002ff01ff000000ff01fa00f5fef401f203f003f302f402ee04eb
307,53506707,-93,11,128,1,0,1,4ff1140007080506050106fe05fe04fe04fa03f804f707f408f308f508f808fa08fc06fc02fbfffbfffbfffbfcfafaf9fafafcfbfefafffe000000000000000000000000000000000000fffffd00fd02fd03fe06fe08fc08f906f906f808f808f804f902fa03fc03fd06010603030306050a060909080c090a0c050d020b030d
308,53814024,-92,11,128,1,0,1,4ff11400fcf5fcf6fefafcfefb00fa02f602f301f102ef04ef04f002f102f203f502f701f901fb01fd02ff0101030306040704070406010100000000000000000000000000000000000000fe01fd04000701080208020a010c020e010d000c010b030902060003ff02fe01fcfffafff9fef7fef501f101ef00f0feef00ed03eb
309,53916142,-92,11,128,1,0,1,4ff1140009fd0afd06ff03fa04f803f7fef4fbf2fbf2faf2faf3fdf200f0fef4fdf7fef6fdf6fcf7fefafdfcfbfdfbfffa02f902fb01ff0000000000000000000000000000000000000000000201020302060206020402040405050703090309020802070306030402030203000002ff07fd0cfa11f711f711f713f813fb13fb
310,54530536,-91,11,128,1,0,1,4ff11400f30afa06fd04ff04010504060506050609070c0a0b0b0a0c090e070b050805070405030403020301050006fe06fd06fd08fe02ff000000000000000000000000000000000000ff00fd00fcfffafff8fff9fdf8fdf6fcf4fbf5f8f8f6f9f6fbf9fbfbfafef901fa02fb02fb02f903f607f40bf40bf50bf50df50df109
311,54632956,-90,11,128,1,0,1,4ff11400f90afb0800080306040107fd0afe0a010b010cfe0c000c020c040a05090207010501030001ff00fe02fe01fd00f901f503f501fd00000000000000000000000000000000000000000103ff02fc03fa04f604f202f202f402f400f400f303f402f801f801f600f802f806fb08ff09ff0bfe0fff0f000e010d010dff0f
312,54940163,-91,11,128,1,0,1,4ff114000703090106ff01fc00f9fff8fef7fef5fdf4f9f7f9f5fcf4fdf5fef6fef4fef6fffafffefefffcfffb00fc01fd02fd03fc03ff00000000000000000000000000000000000000ff01fd04fd05fc05fa06f906f806f606f707fa07fa09f80af606f803f904fb05ff03030206000a010d060d060c040d030f020f020f04
313,55145442,-90,11,128,1,0,1,4ff11400050c040804060505060209fc07fa07fc0bfc0ffd10ff0d000a010afe08fa05fc05fe05fe03ff02ff02fb01f901fa02fa04f801fe0000000000000000000000000000000000000000000200030104fe05fc06fc07fb0afa0bf909f809f90afa08f908f80afb06ff0202040206050508040b060d090c0a0a0d0b10090d
314,55452155,-91,11,128,1,0,1,4ff11400f6fcf602f706f905fc04fe05ff07ff09000a010a000afe0afd0afc0afc0cfb0bfc07ff0400020102030103ff03ff040005000100000000000000000000000000000000000000ffff00fd01fe03fc02fa01f700f5fff500f601f702f603f604f902fcfffdfefdfafdf8fcf9fcf7fff600f300f100f3fdf3faf0f7eff5
315,55656984,-92,11,128,1,0,1,4ff11400060a0308030204ff05fd06fc06fa06f707f408f708f709f509f609f809f909f907f803f802fc01fdfdfbfbfaf9f9f9fafbfbffff000000000000000000000000000000000000ff00fd01fd03fa05fa06fa05f704f605f904f805f507f607f805f802fa02fe04010302010303040606070a080b0b0c0d0e0c0b0a0508
316,55861779,-91,11,128,1,0,1,4ff11400f3fff601fa03fc05fc07fe0603050708080c050d040e030e010d010b020b020903070204010203ff06fc05fc05fc06fd06fd01ff000000000000000000000000000000000000fffffffd01fc01f900f602f603f703f605f707f706f605f504f702f903f901fbfefdfafbf6fbf501f301eeffebfdedfdeffcf1fbf0fd
317,56998929,-93,11,128,1,0,1,3aacc341fe00fe00fe00fd00fefefefdfeffff0000ff01fe00fdfefd00fe0100010002ff02ff01000101ff01fefffffcfffcfefffeffffff0000000000000000000000000000000000000000ff00fcfefbfbfefb00fcfd01fc07ff060001ff00fe00fefe02fd04fd040002020000fffe01ff0200030109050d080103f6fdf9fb
318,57007325,-36,11,128,1,0,1,1ee0010015fd1afd1dfc1ffc20fc1ffc1dfc1afc16fc11fd0cfe06ff00fffafff400efffebffe9fee7fce6fce7fbe9fbebfbeefbf0fbfcfe00000000000000000000000000000000000004fd13f414f414f413f512f610f70cf908fa03fcfdfef7fff101ec02e803e404e204e005e005e105e305e605eb04f103f702fd010200
319,57043390,-36,11,128,1,0,1,1ee00100ff15ff19ff1cff1dff1eff1d001b00180114010f000aff04fefffdf9fcf4fbf0fbecfbeafbe8fbe8fce9fcebfdedfdeffef1fffc000000000000000000000000000000000000fd04f614f614f614f613f712f80ff90cfb08fd0400fe02f905f307ef09ea0ae70ae50be30ae309e408e507e805ed04f202f801fe0002
320,57044685,-36,11,128,1,0,1,1ee00100100d14101611171218121711160f140d110b0d0808050303fe00f9fef5fcf1f9eef7ecf6ebf4ebf4ecf4edf5eff6f2f7f4f8fdfe00000000000000000000000000000000000002040b120b130b130b120a11080f060c04080104fffefcf9f9f4f6f0f4ecf2e9f0e7efe6eee6efe7efe9f1ebf4eff7f4fbf9fffe0201
321,57046167,-36,11,128,1,0,1,52200500ed0be90de70fe610e611e710e90feb0eef0cf309f706fb02fffe03fa07f70af40df20ff111f011f011f110f20ef30cf50bf702fe000000000000000000000000000000000000fa01ea05e905e905ea04ec04ee03f103f602fb0001ff07fe0dfd12fb16fa19f91cf81df81df71cf71af717f812f90dfb07fd0200fe02
322,57047415,-36,11,128,1,0,1,1ee0010005e807e408e108df07de07e006e205e503e902ee02f401fa01000106000c0011ff15fe18fe19fd1afd19fd17fd14fd11fd0fff0300000000000000000000000000000000000003fa0deb0eeb0eeb0eeb0ded0bf009f306f703fcff01fb06f70cf410f115ef18ed1bed1ced1dee1bf01af217f413f80dfb07fe01fffc
323,57050803,-36,11,128,1,0,1,1ee001000ff012ee14ec15ea15ea14ea12ec10ed0df00af306f703fc0001fd05fa0af80df510f412f213f213f212f311f40ff60cf70afd0200000000000000000000000000000000000005fd14f715f715f814f812f910fa0dfb09fc04fefe01f903f305ee06ea08e70ae40be30ce30ce50ce70cea0bee09f306f803fe0002fd
324,57051103,-35,11,128,1,0,1,5220050014f818f71af61cf51cf41bf419f516f512f70ef909fb04feff01fb04f607f309ef0bed0bec0cec0cec0bed0aef08f107f305fd0100000000000000000000000000000000000005ff15ff160016001600140011000e000a000400fe00f800f200ec00e800e500e200e000e001e201e402e702ec01f101f700feff03fe
325,57053776,-36,11,128,1,0,1,5220050012f416f218f11af01aef18ef16f014f110f30cf608f904fd0001fc05f809f50cf20ef00fef10ef10ef0ff00ef20cf40af508fd0200000000000000000000000000000000000005ff16fd16fd16fe15fe14fe11fe0eff09ff0400fe00f801f201ed02e903e503e204e105e105e205e406e705ec04f202f701fdff02fd
326,57060770,-36,11,128,1,0,1,5220050010f013ee15ec16eb15ea14eb12ec10ee0df009f406f802fcff01fc05f909f60df40ff211f112f112f111f210f30ef50bf60afd0200000000000000000000000000000000000004fd13f514f514f513f612f70ff90cfa08fc03fefe01f803f306ee08ea0ae70be50de40de40ee60de80dea0bef09f406f903ff0002fd
327,57082042,-36,11,128,1,0,1,52200500f715f519f41bf41cf41df51bf619f817fa13fb0efd09fe0300fe01f802f304ef05ec06ea07e907e907ea07eb06ee05f104f301fd000000000000000000000000000000000000fd05f514f414f413f412f510f60df80afa06fd0101fc05f708f20bee0eeb0fe811e611e511e510e70ee80ceb09ef06f503fa0000fe04
328,57807426,-91,11,128,1,0,1,4ff11400f804f804f904fe02020402070308020a000cff0cff0ffe0fff0c010a020901070005000201010202020004fe06fe06ff06fe01ff000000000000000000000000000000000000fffffefbfdfcfdfdfcfbfafafbfafdfbfef9fbf7faf5fbf5fcf7fcfbfbfdf9fefa00fd01fc02f803f706f607f305f103f001ef01f004
329,57909855,-92,11,128,1,0,1,4ff11441f9fafbfff9fff7fdf702f806f907fc0aff0efe0cfe09fd0afa0af909f909f808f906fb05fe05010302020302040303050103000000000000000000000000000000000000000000fe00fb00fb00fb01fc02fa02f802f804f905fa04fa03f903f901fcfdfefcfdfdfdfbfcf8f9f6f8f2fbf1fdeffbedf7eff6f0f4eff3
330,58626650,-93,11,128,1,0,1,4ff11400f7f7f7fbfdfb02fdfd01f804f807f808f605f604f705f804fa01fbfff9fdf9fefbfffd01fe02fe02fe00ff00ff02ff04fe06ff02000000000000000000000000000000000000ff00fefffffb00f9fffafcfbfbf9fbf8fdf6fef700fa02f900f6fef7fdfafdfbfcfdf9fff700f7fef6fcf4fbf2f8eff8f1faf7faf8fa
331,58831471,-92,11,128,1,0,1,4ff11400fb02fd04fd05fe05000501060009000b010b000aff0afd09fd08fd09fe0afe08fd06fd06ff04010303030403050005ff0402010000000000000000000000000000000000000000fffffdfd01fb03fa04f805f604f602f600f7fdf9fef801f700f9fdfbfdfbfefa01fd02fd03fc04fb06f607f508f608f408f40bf50b
332,59138662,-91,11,128,1,0,1,4ff11400f7fef600f700fafefbfffd05fe0bfe0cfe0dfd0dfc0dfc0cfb0bfa09fc08fd08fd06fe04ff030102030005020702070306040100000000000000000000000000000000000000fefefcfbfffa00fa03f906f705f702f702f704f807f807f704f704f906fb04fdff00fc00fafef7fdf6fcf3faf0fbf0faf0fbf0fdf1fb
333,59261949,-91,11,128,1,0,1,a3311a41010002fefefefcfffafcf6f8f3faf6fbfcfc00ff01030105020202fd00f7fef7fbfbfbf8fdf4fbf6f9f7f8fcfa04f904f8fffeff00000000000000000000000000000000000000ff00fffefffd00fd00ff000001fffffe00fd0000fe02fd02000004ff03ff00ffff00ff02fd02fdfffffcfefefcfffefd01fe010302
334,59303122,-94,11,128,1,0,1,e55bbe4101fdfffff8fffafffe00fc01fd000103010202fc01fa01fc00ffff0201fe05fa06fb05fe0101f700f2fef90301060002fcfeffff000000000000000000000000000000000000fffffffe02fd03fe03ff01fefefdfffe02fd00fcfcfffa01fafffcfdfe00fd03fd0100ffff00fa01fe030106000600fefef9fffd0300
335,59852781,-92,11,128,1,0,1,899ff84100fe01fd01ff020205020703080508060107f906fe0602fc02f408fc0b020aff09000401fffe00fd01ffff00fc02000508040300000000000000000000000000000000000000fffffffefefdfefffe0100ff0100ff01ff0101fe02fc02ff03000201fe01fc00fe00fefcfcfbfd000002ff00ff00020001fffdfef8fd
336,59874462,-34,11,128,1,0,1,1ee0010010e812e513e413e413e511e70eea0ced08f104f600fbfc00f805f409f00ced0fea10e811e810e80fea0eec0cef0af308f507fd01000000000000000000000000000000000000fffaffe900ea01eb01ed01f001f400f800fdfe03fc08fa0df812f616f419f31bf21cf11cf21af318f515f711fa0cfd06010004fa07f6
337,59957910,-92,11,128,1,0,1,4ff11441f9f9f7fdf600fa03fd04fc03fa03fa05fa05f804f804f804f906f906f905fa04fd03fd02fdff00ff0201ff02fd03fe03ff03ff0000000000000000000000000000000000000000fffffcfefdfcfdfdfcfdf8fcf6fdf6fff600f600f6fef7fdf9fefa00fbfffbfcfcfafef8fff6fff5fff5fcf4fcf4fff301f200f4fc
338,59992742,-36,11,128,1,0,1,1ee00100fce6fce3fce2fce1fce2fce5fde8fdecfdf0fdf6fdfcfd02fc08fc0dfb12f916f819f61af51af519f517f614f710f80dfa0afe02000000000000000000000000000000000000fbfdf0f5f0f5f1f5f3f5f5f7f7f9fafcfdff00030207050b071008130916091709190919091708150712060f040a030502ff00f8fff4
339,59993214,-36,11,128,1,0,1,1ee00100e604e304e204e204e304e503e803ec03f103f603fc02020208020d021302170319051a061a0719071707150611050d040b030200000000000000000000000000000000000000fd03f30ef30ef30cf40bf609f807fb05ff02030007fd0cfb10f914f816f718f719f618f617f615f713f80ff90afb04fcfffef9fff500
340,59993723,-36,11,128,1,0,1,1ee0010019fd1cfd1dfd1dfd1dfd1afd17fd13fd0efd09fd03fdfdfdf7fdf2fcedfbe9fae7f9e5f7e5f6e6f6e8f6ebf7eef8f2faf5fbfdfe00000000000000000000000000000000000003fc0cf10cf20cf30bf50af607f804fb01fdfcfff801f303ef05eb06e907e707e607e607e707e907ec06f005f503fa02000106000a00
341,59994810,-36,11,128,1,0,1,1ee0010000e600e401e200e200e300e500e8ffecfff1fef6fefcfd02fc08fc0dfa11f915f818f619f519f518f616f613f710f90dfa0afe02000000000000000000000000000000000000fdfcf5eff6f0f7f0f8f1f9f4fbf6fcfafefeff020007010c0110021502170219021a021a0219021602140210020b0105010001fa01f5
342,59996725,-36,11,128,1,0,1,1ee001000de70fe510e410e30fe40ee60ce90aed06f103f6fffbfc01f806f50bf20fee12ec13ea14e914e912ea11ed0ef00cf309f608fd01000000000000000000000000000000000000fffaffeb00eb00ec00ee01f101f400f8fefdfd02fc07fa0cf811f615f517f419f31af31af419f517f614f810fb0bfd05010004fa06f6
343,59999931,-37,11,128,1,0,1,1ee00100ed13eb15ea16e916ea15ec13ee11f20ef60bfa08ff0404ff09fb0df812f616f419f41af41bf51af618f716f912fa0efb0bfb02ff00000000000000000000000000000000000000050014ff14fe12fe10fe0eff0aff07010202fd04f806f309ef0beb0ce90de80ee70ee70de80ceb0aed08f105f502fafefffa04f707
344,60370163,-40,11,256,1,0,1,6aa0060001e702e402e203e102e102e202e502e801edfff1fdf6fbfcf902f606f30aef0dec0fe90fe70fe60de60be808ea06ed04f002fc00000000000000000000000000000000000000faffeafdeafcecfbedfbf0fbf3fcf6fdfa00fd030006030a060e081209150a170a190a190a180a1609140810070c0607050204fc04f77900eaf1eaf2eaf3ebf3ebf3ebf2eaf2e8f3e7f4e8f6e9f6eaf6eaf5eaf4e9f3e7f3e7f3e7f4e9f5ecf4edf3eef1eef0edefeeefeff0f1f0f2f0fbfafffe000000000000fefffbfcf3f6f4f5f4f3f4f1f4f0f3f0f2f0f2f1f3f1f4f0f5eff5edf4ecf3ecf2ecf3eef4eef4eef5edf4ecf1ecefedeeeeedf0eef0eff0efefefee
345,60371774,-40,11,256,1,0,1,6aa00600e8fae5f9e3f9e2f9e2f9e3f9e5fae9fbedfcf2fef700fc030106050a090e0c120d150d180c190b1a091a061804150212010f0003000000000000000000000000000000000000fe05fa14f813f712f710f80efa0cfc09ff06020206000bfd0ffb13fa16f918f919f91af919f918f915f912fa0dfa08fa03fbfdfbf8fb6f00f116f316f415f414f414f415f416f517f718f918f917f916f816f716f718f719f719f819f817f715f614f413f313f314f313f312f311f30ffb05fe0100ff00ff00fffe01fc04f40bf30af209f009ef09ef0aef0bef0bef0aef09ee09ed09eb0aeb0beb0bed0bee0bee0aed0aed0bed0ded0fef11f011f111f011f011ef11
346,60401575,-40,11,256,1,0,1,6aa0060015f418f21af11bf11bf01af118f215f410f50bf706f900fbfafcf4fdeefce9fbe5f9e3f7e2f6e3f4e5f3e8f2ecf2eff3f2f5fcfd000000000000000000000000000000000000fefaf9eafaeafbeafdecfdeefef2fdf6fcfafbfff904f708f50cf310f012ef14ee15ee16ef15f014f212f510f80dfb09ff06040208ff7d00fae4fae5f9e7f9e8fae8fae7fae6f8e5f6e6f4e7f4e8f4e9f5e8f6e6f5e5f5e4f4e4f4e6f5e7f7e8f9e8fbe7fbe6fbe6fbe6fce7fde8ffe900f700fd00000001ff00fffe00f901ee02ee04ee06ee06ed06ec05eb05eb05ec06ec08ec09eb09e908e806e905ea04ea05eb06ea06e905e703e701e700e700e800e800e800e7
347,60403045,-40,11,256,1,0,1,6aa00600150b180c1b0e1c0e1c0e1b0d180c150a11080d05080203fdfff8fcf3f9eff8eaf7e6f7e3f9e1fbe1fde2ffe401e802ec03ef00fc00000000000000000000000000000000000002fb0cec0ced0def0cf00bf209f506f802fafdfcf8fef3ffefffebffe8ffe5ffe4ffe3ffe3ffe5ffe800ec01f001f602fb03010506066d0014ec13ec11ed11ee11ef12ef13ed13ec12ea10ea0feb0fec11ed13ed14ec15eb15eb14eb13ed13f014f216f417f418f418f517f616f815fa07fe02ffff00ff00ff0000fe03fb0af20cf30ef40ff510f411f410f310f310f411f613f714f716f616f515f414f413f513f614f715f615f515f314f113f112f112f213f214f1
348,60410621,-40,11,256,1,0,1,6aa00600f1ebefe9ede7ece6ece6ede7efe9f1ecf3f0f5f5f7fafafffc06fd0cfd11fc16fb19f91cf71df51df31bf218f214f30ff50cfd02000000000000000000000000000000000000fb03ed0eed0ded0bee0af008f307f706fb05000406040b050f0613081609180a1a0a1a0b1a0a180a150812060e040a0105fd01fafdf77500e508e709e809e908e908e808e708e70ae70de90eeb0eeb0dea0ce90be70ce60de60fe80fea0dea0bea09e807e707e607e607e706e904ea02f800fdff00ff01ff0000fe00fa00ef01ee00eefeedfdebfceafdeafdebfeecfdecfbecfaeaf9e8fae7fbe7fde8feeafeeafde9fce8fce7fde6ffe701e803e903e902e802e701
349,60417726,-41,11,256,1,0,1,6aa00600f4eaf2e7f1e5f1e4f1e4f1e5f2e7f4eaf6eff7f3f8f8f9fefa05fa0bf910f815f618f31af11af019ef17ee14ef11f00df20afc02000000000000000000000000000000000000fb03ed0ded0ced0aee09f007f306f705fb05000405050a060e071209140b160c180d180d180d160c140a11080e050a0206fe02fafef77400e508e708e908ea07ea07e807e708e70ae70ce90dea0ceb0bea0ae809e70ae60be60ce70ce80be909e907e705e604e604e604e704e802e901f800fdff00ff01ff0000fe00fa01ef02ef00eeffedfdecfdebfeebfeebffecfeecfdecfbeafae9fae8fbe8fdeafeebfeecfdebfce9fce7fde7ffe701e802e902e902e901e801
350,60436834,-41,11,256,1,0,1,6aa00600f418f31cf21ef21ff21ff31df51bf617f913fc0eff09030307fe0cfa11f615f419f21cf21ef31ff51ef71cfa19fc15fe11ff04ff0000000000000000000000000000000000000503150f1410121010100d0e0b0b0808050303fd01f800f200ed00e800e400e100e000e000e000e2ffe6feeafeeffdf5fbfcfa02f9077100161515141412131113121413151317121811190f180e170e160f1611181219121a121910171014101212111411151215121510150e150c1504070002ffffffffffff010105050e0f0c100b120a140a160b160c160c150a15091608170719081a091a0a190a1809170817081809190b190d190f1710160f150f150f160f17
351,60439770,-41,11,256,1,0,1,6aa00600f616f619f51bf51cf51cf61bf718f815fb11fd0cff07030206fd0af90ef612f315f218f21af21af41af618f815fa12fc0ffd03ff0000000000000000000000000000000000000403120e110f0f0f0d0e0b0d090a0707050303fe01f900f3ffefffeb00e700e500e300e3ffe4ffe6ffe9ffedfef1fdf6fcfcfb02fa067900150f150e140d140d140d150d160c170c180a1809170816081608170a180a190a1a0a19091709150a140c130d130e130e130e120f110f0f1005060102ffffffffffff010105040d0d0c0e0b0f0b100b110b120c120c110b110a120a130a150a150b150c150b140b130a130a140b140d140f13101210111010101110111112
352,60469688,-41,11,256,1,0,1,6aa0060016fb1afa1cf91df91ef91df91bfa17fa13fb0efb08fb03fcfdfbf7f9f2f7eef5ebf2e9efe9edeaebecebefebf2ecf5eef8f1fefc000000000000000000000000000000000000fefafae9fbe9fde9fdebfeedfef0fef4fdf8fbfdf901f606f30af00dee0fec11ea12ea12ea12ec11ee10f10ef50cf909fd0703040701760005e404e503e703e803e904e804e603e501e4fee5fde6fee8ffe801e601e501e300e300e400e602e804e906e907e808e707e707e808ea09ec03f901feff00ff01ff0000fe01fa04f006f008f00aef0bee0bed0aed09ee0aee0bf00cf00eef0fed0fec0deb0cec0bed0cee0cee0ded0deb0bea09e908e907ea08ea08ea09e9
353,60471608,-41,11,256,1,0,1,6aa00600f3ecf1e9efe7efe6efe6efe7f0e9f2ebf4eff6f3f8f8fafefc04fc09fd0ffc14fb18f91af61bf41bf319f216f213f30ff40cfd02000000000000000000000000000000000000fb03ec0dec0cec0aed09ef08f107f505fa04ff04040509060e071209150a170b180c190d180d170c150a12080f060b0207ff02fbfef77a00e607e708e808e908ea07e907e807e708e70ae80be90cea0be90ae80ae709e60ae60ae60ae709e807e805e703e602e602e601e700e8ffe9fdf8fefdff00ff01ff00fffe00fa02ef05ef04ee02ed01ec01eb01eb01eb01ec01ecffebfeeafde8fde7fee8ffe9ffeaffeafeeafee9fee8ffe701e703e804e904e903e802e702
354,60479065,-41,11,256,1,0,1,6aa00600150819091c091d091d091c091908160612050d02090003fdfefafaf6f6f2f3eff2ebf2e7f2e6f4e5f6e5f8e6fae9fcecfeeffffc00000000000000000000000000000000000003fa0ceb0dec0eee0def0cf20af407f703f9fefcf9fef4fff000eb01e801e501e301e301e301e501e802eb02f002f503fb03010405056f0014ec12ec11ec10ed10ee11ee12ed12eb11ea0fea0dea0deb0eec10eb12eb12ea12ea11ea10ec10ee11f013f114f115f115f114f214f414f607fc02ffff00ff00ff0001fe04fb0cf30ef40ff511f612f613f513f412f412f513f714f715f717f617f516f515f514f614f715f716f616f516f315f113f112f112f113f214f1
355,60489380,-40,11,256,1,0,1,6aa00600f214f017ef19ef1aef1af019f117f314f511f90dfd09010506010bfe10fc15fb19fb1bfc1dfd1dff1c011a0317041305100503010000000000000000000000000000000000000502150b140b130c110c0e0b0b090906060204fe02f900f400ef00ea00e700e400e300e200e300e5ffe8ffebfeeffdf4fcfafa00f904770011151014101210120f120f131013121314121410140f120f121012111313141314121311121110110e110c130c140d150c150b140a14081302070002ffffffffffff010104040b0e0a0f08110712081409140914091308120712061405160617071808170816071506150615061608170a170c160c140c140b140b150b16
356,60507497,-40,11,256,1,0,1,6aa006000eed11ea12e813e713e712e810ea0eec0bef08f204f6fffafafdf500f002eb03e703e402e201e2ffe3fde5fce8fbecfaeffafcfe000000000000000000000000000000000000fbfbeeefefeef0eef2eef4f0f6f3f8f6fafafbfffc05fc0afc0ffb14fb17fa1af91bf91cf91bfa1afb18fc14fe10000c0206050107fd7600f3e6f3e8f3eaf3ebf4ebf5eaf3e9f1e8efe9eeebeeedefedf0edf1ebf0e9efe8eee9eeebf0ecf2edf4ecf6ebf6e9f5e8f5e9f6e9f8eafaeafef8fffd000000010000fefefdf9f9eefaeefcedfeebfeeafde9fce9fceafdebffeb00ea01e901e7ffe6fee6fde8fee9ffe900e9ffe7fee6fbe6f9e6f8e8f8e9f8e9f9e8f9e7
357,60510122,-40,11,256,1,0,1,6aa006000b140d170f19101a101a0f190e170c150b11090c0707050204fc04f604f005ec07e809e50be40de50ee70fe90fed0ef10cf303fd00000000000000000000000000000000000004fc13f113f213f412f510f70ef90afa06fb01fbfbfbf6faf1f8edf7eaf5e7f4e6f3e5f2e6f2e7f3eaf4ecf6f0f9f4fdf801fd050007780019f718f717f716f716f817f818f819f618f417f315f414f515f617f618f719f61af519f617f716f916fb17fd18fe19fe19ff18001701150307010200ff00fe00ff0001fe05fc10f711f912fa13fc14fc15fc15fc15fc15fd15fe15ff1600180018ff18fe17fe16ff15001600170018ff19fe18fc17fb16fb16fb17fc17fd
358,60520755,-40,11,256,1,0,1,6aa0060003e804e404e205e005e004e204e404e702eb00f0fef5fcfaf900f604f208ee0bea0de70de40ce30ae408e506e803eb01ee00fb00000000000000000000000000000000000000f900e7ffe7fee8fdeafcecfcf0fcf4fef800fc030006040a060e09120a150b180c1a0c1b0b1a0b190a160913080e070a060405fd05f87600e9efe9f0ebf2ecf2edf2edf0ebefe9f0e8f1e8f3e9f5eaf4ebf3ebf1eaf0e8f0e7f1e8f2eaf3ecf2eff1f0efefedeeeceeedf0edf2edf4eefcf9fffe000001000000fefffafdf0f6f1f5f2f3f2f1f1eff0eff0eff0f0f1f0f3eff4edf4ebf3eaf1eaf0ebf1edf2eef3eef4edf4ebf2ebefeceeededefeeefefeff0eef0ec
359,60529536,-40,11,256,1,0,1,6aa00600f1efefededebeceaeceaedebeeecf0eef2f1f5f5f7f9fafefc04fd09fd0efd12fc16fb18f919f719f618f516f512f50ff60cfd02000000000000000000000000000000000000fc04f211f110f10ff10df20bf409f707fb05ff04040308030d031104150417051906190719071806160513040f020b0007fd01fafdf86d00eb0eec0eed0eee0dee0ced0cec0dec0eec0fee10ef0fef0eef0eed0dec0eec0eec0fec0fed0ded0ced0aec08eb07ea07ea06eb05eb04ec03f900fe0000ff00ff00fffe01fb04f40cf30bf20af009ef09ee09ee0aee0aee09ee08ed07eb06eb06ea07eb07ec07ec07ed06ec06eb06ea07ea09eb0aec0aed0aed09ec09eb08
360,60530078,-40,11,256,1,0,1,6aa0060017ff1bfe1efe1ffe20fe1ffe1cfe19fe15fe10fd0afc04fbfef9f9f7f4f4f0f1eeeeedebede8eee7f0e6f3e7f5e9f8ecfaeefefb000000000000000000000000000000000000fefafbe8fde7fee8ffe900ec00effff3fef7fcfcf900f605f308ef0bec0ee90fe810e710e710e80feb0eee0df20bf709fc0702050703720004f304f303f303f403f403f403f303f202f201f200f300f301f402f302f302f202f201f201f302f403f504f504f405f404f404f505f605f602fc00ffff00ff00ff0000fe00fc02f703f704f705f706f706f606f605f606f706f707f808f708f708f608f507f607f607f707f707f607f607f506f405f505f505f505f506f4
361,60546043,-40,11,256,1,0,1,6aa00600feebfde7fee4fee2fde2fde3fde5fde7feebfdf0fdf5fcfafa00f805f50af20def0fec10ea11e90fe80de90bea08ed05ef03fc00000000000000000000000000000000000000fa01eb04ea03ea02eb01ed00f000f300f601fb02ff050307070a0a0d0d100e120f14101510150f140e120d100b0c0908070305fe04fa7000e7ffe700e801e901e900e900e800e701e703e704e804e904e903e802e702e602e603e703e802e901eaffe9fde9fce8fce8fbe9fbeafaebf9f9fdfeff000000ff0000fe00fa00f000f1fff0fdf0fceefbedfbedfbedfbedfbeefaeef9edf8ecf7ebf7ebf8ebf9ecf9edf9edf8ecf8eaf8e9f9e8fbe9fce9fceafceafbeafb
362,60573881,-40,11,256,1,0,1,6aa0060009eb0ae70be40ce30ce30ce30ce50be809eb06ee02f2fff6fafaf5fdf0ffeb00e7ffe4fee2fce1fae3f8e5f6e8f5ecf4eff5fcfd000000000000000000000000000000000000fa01ea06ea05ea04eb02ed01ef01f201f602fa04fe060209050d081009130b160b180c190b190b180a160913090f080b0706070007fc7a00e8f4e8f6e9f7eaf8ebf8ebf7eaf7e8f8e7f9e7fbe8fce9fce9fce8fae7fae6fae6fae6fbe8fceafbebf9ebf8eaf7eaf6e9f6eaf6ecf5eef5f9fcfefe000000000000fefffbfdf4f7f5f6f5f4f5f3f5f2f4f1f3f2f3f2f4f2f5f1f5f0f5eff4eef2eef1eef2f0f3f0f3f0f4f0f3eff1eff0f0eef1eef3eef3eef3eff2eef1
363,60575001,-40,11,256,1,0,1,6aa006000d121014111712181219121811170f150d120b0d0909080307fe08f809f30bee0deb10e912e814e916eb16ee15f213f512f704fe00000000000000000000000000000000000000fa01ea02ea03ea04eb05ed04f003f301f6fef9fafcf5fef1ffed00e901e701e400e300e300e4ffe600e900ed01f202f704fc0600087a0016f314f212f211f311f312f313f314f113f011ef10ef0ff010f112f114f115f015ef13ef12f011f212f513f615f716f716f715f814f913fa06fe01ffff00ff00ff0001fe04fc0cf60cf70df90ffa10fb11fa11f911f911fa11fb12fc13fd14fc15fb15fa14fa13fb12fc13fc14fc15fb15f915f713f612f612f713f714f8
364,60590265,-40,11,256,1,0,1,6aa00600fbedfae9f9e6f9e5f9e4f9e4fae5fbe8fbebfceffbf3fbf8f9fef703f407f10aee0ceb0de80ce70be709e707e904eb02ed00fb00000000000000000000000000000000000000fd04f510f40ff30ff30ef40df50bf60af908fd070106050609060d0711081309150a160a160a160a1509130810060d040a0106fd04fa7c00ea07eb08ed08ee08ee08ed08ec08ec0aec0ced0def0def0cef0cee0bed0bec0cec0ded0eef0def0bef0aee08ed08ec08ec09ec08ed07ee06f902fe0000ff00ff0000fe00fb00f400f400f4fef3fdf2fcf1fdf0fdf0fef1fef1fdf1fcf0fbeffbedfbedfcedfdeefeeffdeffdeefdecfdebffeb01ec03ec03ed03ed02ed01
365,60608468,-40,11,256,1,0,1,6aa00600ebfee6fee3fee2fee1fee1fde3fde5fde8fdedfef100f602fb060009030e06120716071a051c031e011dfe1cfc19fb16fa13fe0400000000000000000000000000000000000003030d0e0d0f0c100b100a0f090e080c07090705070108fc09f80bf40df10eee10ec11eb11eb11eb10ec0eee0bf008f204f500f7fcf88000fa18fb17fc16fd15fc14fc15fc16fd1700180218041704150215011600180119021a031903170116ff15fd16fd17fd18fd18fd17fd15fc14fe07ff01ffff00ff00ffff01fe03fa0af908f808f608f508f40af50bf50bf60bf50af409f30af10bf10df20ef30ff50ef50df40df30df30ff411f512f713f813f812f812f712
366,60612090,-41,11,256,1,0,1,6aa00600e904e506e107df07de07df06e005e305e704ec04f105f706fc08020c060f09140b180b1c091e07200420011fff1cfd18fc15ff0500000000000000000000000000000000000005011504150515061407130711070f050c020aff08fb06f705f205ee05ea06e706e507e308e308e407e606e804eb02effef3faf8f7fb8e00040c040b050a040a040a040a040b050b060b070a070907090609060a060a070b080b080a070a06090509040a040b040b050b040b040a030a01030001ffffffff00ff0000000200050005ff05fe06fe07fe07fe08ff08ff07fe07fe07fd08fd09fd0afe0aff09ff09ff09fe09fe09fe0aff0b000b010a010a010a010a010a
367,60625690,-41,11,256,1,0,1,6aa0060008ed09e90be70ce50ce40de50de60ce80beb09ef05f201f5fcf8f7f9f2faedfaeaf8e7f5e6f3e6f0e8eeebedeeedf1edf4effdfb000000000000000000000000000000000000fd03f40ef30ef20df20df20cf30bf50af809fb08ff080309060a0a0c0d0e0f0f101111121113111210110e100d0d0c0a0a060a0109fd8400ebfbebfdebfeebfeecfeecfeebfeeaffe900e901ea02ea02ea01ea00e900e800e701e801e901ea00ebfeeafde9fce9fce9fceafbebfbedfaf9fdfeff000000000000fefffcfef6fcf7fbf8faf8f9f7f9f6f8f5f8f5f8f5f8f5f7f5f6f5f5f4f4f3f5f2f5f2f6f2f6f3f6f3f6f2f6f1f6f0f7eff8eff9eff9eff9eef8eef8
368,60644261,-41,11,256,1,0,1,6aa00600140717071b081d091e0a1d0b1c0b190a160913070f040b0009fb07f606f107ec09e80be50ee411e514e715ea15ee14f212f504fd000000000000000000000000000000000000fbfeecfaecfaecf9edf8eef8eff9f0faf2fcf4fff502f506f60af50df410f313f215f116f116f116f215f313f511f80ffc0d000a0409880003ea02ea00ea00eb00ec01eb01ea00e9fee8fce9fbeafbebfcebfdeafee8fde7fce6fce7fce8fdeaffea01ea02e903e802e802e903ea04eb01f800feff00ff00ff0000ff01fd03f804f905f906f907f807f707f606f506f606f608f609f60af50af309f208f207f207f308f309f209f108ef07ee05ee04ee04ef05ee06ee
369,60655832,-41,11,256,1,0,1,6aa00600eb07e809e50ae30ae20ae209e308e507e806ec06f106f507fa09fe0c011003150419031c001efe1ffb1ff81df619f516f513fd0400000000000000000000000000000000000003fc0ef30ff40ff40ff50ef60df60bf709f707f604f501f3fef0fceefbecfaeaf9e8f9e7f9e6f9e6f9e8faeafaedf9f0f8f4f6f9f5fc94000b110c100c0e0b0d0b0d0a0e0b0f0d10100f110d110b100a0f0b0f0d100f120f130f130d120c0f0c0d0d0c0f0d100e100f100e100d0f0b0f04050001ffffffff00ff000000020006ff06fe07fd08fc09fd0aff0b000a0009ff09fd0afc0bfd0dfe0e000e010e010c000cff0dff0e001002100510060f060e060e050f0510
370,60666272,-41,11,256,1,0,1,6aa0060006140817091a091c091d081c071b061905150512050d070909040c0010fd14fc18fb1bfc1dfe1e011d041b061808150912090402000000000000000000000000000000000000fdfcf5f0f6eff6eff7eff8f0f8f1f8f3f8f6f7f9f5fbf3fef100ee02ec03ea04e804e704e604e704e804ea04ee04f105f506f908fc09930013f811f710f70ff70ff810f912f813f612f310f20ef20df30ef410f412f413f212f111f00ff10ff30ff611f713f714f614f613f612f711f905fd01ffff00ff00ffff00ff02ff070007010702080309040b030b020b010a01090209030b040c040e030e020e010d000c010c020e020f02110011fd10fc0ffc0efc0ffd10fe
371,60686132,-42,11,256,1,0,1,6aa0060013f215f017ef19ee1aef1af019f118f315f411f50df508f404f300f0feecfce8fde4fee101df04df07e00ae30be60cea0ced03fb000000000000000000000000000000000000ff04fe13fd13fc12fc12fc10fd0ffe0e000d020c050c080c0b0d0d0e0f0f1110111112121112111210110f0f0e0d0d090d050d010dfd8c00faf7f9f8faf9fafafbfafbf9faf8f9f8f8f8f7f9f8faf8fbf9faf9f9f9f8f7f7f6f8f6f9f7f9f9f9faf9fbf8faf7faf6f9f6f9f7faf7fbf8fefdffff00000000ff00fffffffffffd00fc01fc01fb01fb00fafffafffbfffb00fb01fb01fa00f9fff8fef8fef9fefafffafffafff9fff8fef8fcf8fcf9fcfafdfafdf9fdf8
372,60700589,-42,11,256,1,0,1,6aa006000df10fee10ed12ec12ec13ec13ed12ef10f10df20af306f402f3fef2fbeff9ecf8e9f9e6fbe4fde300e303e405e707ea08ed02fb000000000000000000000000000000000000000402100210010f010f010e020d030c040b060a080a0a090c090e09100a110a120b130b130b120b120a11090f070e050d020dff0cfc9200f1f8f1faf2fbf3fcf4fbf4faf2f9f0faeefbeefdeffff0fff1fdf0fceefbecfbebfcecfeeefef0fdf1fbf1f9eff8eef8edf9eef9eff9f0f9fafdfeff00000000ff00fffffffe00fb01fb02fa02f901f800f8fef8fef9fefafffa00f900f7fff6fdf6fbf6fbf8fbf9fcf9fdf8fcf7faf6f8f6f7f7f6f9f7f9f7f9f8f8f8f6
373,60711860,-42,11,256,1,0,1,6aa006000aeb0be80ce70de60ee60fe70fe80eea0cec09ee06f002f1fdf1f9f0f6eef4ecf2e8f3e5f5e2f7e1fbe1fee201e503e804ea01fa000000000000000000000000000000000000020409100810070f060e060d070c070a09080a070c060f05110413041505160517051706170616051505130311020fff0efc0cf90bf69100f0faf0fcf1fdf2fdf2fcf2fcf0fbeefceefeee00ef01f000f0ffeffeedfdebfeeaffeb00ed00eeffeffdeffbedfaecf9ecfaecfaeefaf0fafafdfeff00000000ff00fffffffdfef9fef8fff7fff6fef6fdf6fcf7fcf8fdf8fdf8fef7fdf5fcf5faf5f9f6f9f8faf8fbf8fbf7faf6f8f6f6f7f5f8f5f9f6faf6f9f6f8f5f7
374,60714112,-42,11,256,1,0,1,6aa00600e901e602e402e202e201e300e400e6ffe900ec00ef02f305f509f70df711f614f417f219ef19ec18ea15e911e90eea0aec08fb0100000000000000000000000000000000000002fc0af00af10af209f208f307f305f303f301f2fff1fdf0fceefbecfaebf9eaf9e9f9e8f9e9f9e9f9ebf9edf8eff7f2f6f5f4f8f2fb9d00060f070e070c070c070c070c070d090e0b0d0c0c0c0a0b0a0a0b0a0d0b0e0c0f0d0f0d0e0c0d0b0d090e080f091009110a1109100810060f02050001ffff00ff00ffff00fe01fb05fa04f904f905f906fa07fb07fc07fc06fb06fa06f908fa09fb0afd0afe09fe08fd08fc09fc0afd0bff0c010c010b020b020b010c010d
375,60746709,-43,11,256,1,0,1,6aa00600101112131314141513161316111510130e110d0d0d0a0d060e0211fe14fb17fa1bfa1efb1ffe20011f041c071909150a12090402000000000000000000000000000000000000fb00ec02ed01ee00f000f101f302f404f507f509f50bf50ef410f311f312f213f213f213f213f312f412f611f910fc0fff0e020e050e8e0005f904f903fa03fa03fa04fa04f904f803f702f701f801f802f903f804f704f603f602f602f602f704f805f805f706f705f705f704f804f901fd00ffff00ffffffff000001000301040204020402050205010501040104010301040205020501060005ff04ff04ff04000400050006ff05fd05fd04fc04fd04fd05fd05fd
376,60746925,-43,11,256,1,0,1,6aa006000ff011ee12ed13ed13ed13ee13ef11f00ff20cf308f305f301f2feeffcedfbeafbe6fce4ffe201e204e307e508e809eb09ee02fb000000000000000000000000000000000000010403110210020f020e020c030b050a070909080b080d080f091109120a120b120b120b120b110a110910070f050e020dff0dfc0dfa9000f3f8f3f9f4faf5fbf5faf5f9f3f8f1f9f0fbf0fcf1fdf2fdf3fcf2faf0faeefaedfbedfdeffdf1fcf2faf2f8f0f7eff7eff7eff8f1f8f2f8fbfdfeff0000ff00ff00ffff00fd01f802f803f703f603f601f600f600f801f802f803f702f601f5fff5fef6fef7fef8fff8fff7fef6fcf5faf6f9f7f9f8f9f8faf8faf7faf6
377,60997038,-39,11,128,1,0,1,1ee0010001e302e103e104e105e205e505e803eb01eefef1faf4f6f7f2f8eff9ecf8e9f7e7f5e7f3e8f1eaf0ecf0eff0f1f2f4f4f6f6fdfd00000000000000000000000000000000000003040e120d120b11090f080c070909050b010dfe11fb15fa19f91cf91dfa1efb1efc1dfe1bff18ff15ff12fd0dfc09f906f503f102ee
378,61717547,-35,11,128,1,0,1,1ee00100e607e307e206e205e204e403e702ea02ee02f204f705fb08ff0b020e0411041504170319011a0019fe17fd15fd12fd0ffd0dff0300000000000000000000000000000000000004fe12f812fa11fb10fc0dfc0bfc08fb05f901f7fef4fcf0fbecfae9fae6fbe5fbe3fce3fde5fee7fee9feedfdf1fbf6f8faf5fef200
379,61752275,-34,11,128,1,0,1,1ee0010019f81cf71ef81ff91efa1cfb19fc16fc11fb0dfa07f902f7fef5faf2f8eef6ebf5e8f6e6f7e5f9e5fbe7fce9fdecfeeffef1fffc000000000000000000000000000000000000fa00eb00ebffecfdeefdf0fdf3fef600f903fc06fe0a000f01130117011a001cff1dfe1dfd1cfd1afd17fe13ff0f020a050509010dfe
380,61800619,-35,11,128,1,0,1,1ee00100f2e8f1e5f1e4f2e3f3e3f4e5f6e8f6ebf7eff7f4f6faf6fff404f308f00bee0deb0fe90ee80ee80ce80bea09ed08f006f205fc0100000000000000000000000000000000000001050414031401130011000e000b0108030406000afd0efb13f916f819f81bf91cfa1cfb1bfc19fd16fe12fd0dfd08fb03f9fef5fbf3
381,61855721,-35,11,128,1,0,1,1ee00100ef11ed12eb12eb11eb11ec0fee0df00cf40bf809fc080008050809080d090f0b110d120f121011110f100d100b0e090c080b020200000000000000000000000000000000000004fd10f710f910fa0efc0cfc09fd06fc02fbfef9fbf7f8f4f5f0f4edf3ebf4e9f4e8f5e8f6e9f8ebf9edfaf0faf5fafaf9fef703f606
382,61856333,-34,11,128,1,0,1,1ee0010017f21af11bf21cf31bf31af517f614f710f70bf706f701f6fcf5f8f3f4f1f2eef0ecf0e9f1e8f2e8f4e9f6eaf7ecf9effaf1fefc000000000000000000000000000000000000fa00ea02eb01ec00eefef1fef4fff801fc03ff06020b040f05140617061a051b041d031c021b011801150112020d040806030aff0dfb
383,61856757,-34,11,128,1,0,1,1ee00100061a061c051e051e041e031c031903150311050d060808030aff0dfb10f814f616f519f61af71af819f917fa14fc11fd0ffd03ff00000000000000000000000000000000000001fa04eb05eb06ed06f005f204f501f8fdfbf9fdf4fef0ffebfee7fee4fde3fce3fae3f9e5f9e7f9eafaeefcf2fef701fb05fe09000c
384,61857137,-35,11,128,1,0,1,1ee00100fce8fce5fde4fee4ffe4ffe6ffe9ffecfeeffcf3faf7f8fbf5fff302f005ed06ea06e805e705e703e902ea01ed00ef00f100fc00000000000000000000000000000000000000fe04fa11f911f80ff80df90bfb08fe060104050209010d011202150317041805190618071707140712060f040b0207ff04fb02f701f4
385,61860254,-34,11,128,1,0,1,1ee0010019081c091d0b1d0b1d0c1b0b180a150811060e020aff06fb03f601f1ffedffe9ffe600e402e303e404e504e705ea04ee04f001fc000000000000000000000000000000000000fdfbf5edf6edf8edfaeffbf1fcf5fcf9fbfdfa02f806f50af20eef11ec12ea13e913e912e910eb0fed0df00bf509fa07000606060a06
386,61864012,-35,11,128,1,0,1,1ee00100f2e6f1e3f1e1f1e0f2e0f4e2f5e4f6e8f7ecf7f1f7f7f6fdf503f308f10cee0feb11e812e611e610e60ee70ce909ed07ef06fc01000000000000000000000000000000000000ff05fe16fd16fc14fb12fc0ffd0cff09020506020bff10fe15fd19fc1cfd1efd1ffe1fff1e001b01190115000ffe0afc04f900f6fdf3
387,62517972,-92,11,128,1,0,1,4ff1140008fd06fa03fa01fa02fc03fc02fb01f7fff200f003f204f503f603f602f701f900f900fb00fefffdfffdfefcfdfbfcf9fbf7fefd00000000000000000000000000000000000000000203020204000600070007ff07ff0703070708050605060705050102010103fe02fb02fb05fb09fb0dfa0ef90cfb0dfb11f912f8
388,62843274,-37,11,128,1,0,1,1ee00100fff002ed03e903e603e401e300e3fee4fde6fce8fdecfeef00f303f606f90afb0dfd10fe12ff14ff14ff14ff14fe12fe11fe04ff000000000000000000000000000000000000fd04f610f612f613f615f715f815f814f912f90ef90af805f600f4fcf1f9eef6eaf4e7f3e5f4e4f5e3f6e3f8e5fae9fbedfcf0fbf4fa
389,62858733,-92,11,128,1,0,1,500ff54101010100fffdfdfbfffb00fefbfffc0004060d060e03080704070300fff8fdfaf9fff9fefffd02ff02fefffefd02f902f7fdfdfe00000000000000000000000000000000000000ff01ff01fe01fe00ff00fe01fc02fc02fd04fe05fe02fe00fe02fd02fdfefffcfffdfffeff00fdfefdfc00fcfffefd0001010101fd
390,62870663,-36,11,128,1,0,1,1ee00100fef0ffecffe9ffe6fee4fde4fbe4fae5f9e7f9ebfaeefcf2fff603f907fc0afe0d00100113021402150215021301120111010400000000000000000000000000000000000000010405120613071407150814081307120610030d0009fc06f703f301ef00ebffe700e400e302e303e304e405e705eb05ef03f301f6fe
391,62875197,-36,11,128,1,0,1,1ee001000af30df110ee11ec12ea11e910e80ee80be909ec08ef06f406f806fd07020806090a0a0d0b0f0c100d100d100d0f0c0d0b0c0203000000000000000000000000000000000000fe04f812f813f715f715f815f914f912fa10fa0cf907f802f7fdf5f8f2f4f0f1edefeaede8ede7eee7f0e7f1e9f3edf6f1f7f6f8f9f8
392,62878925,-36,11,128,1,0,1,1ee00100f40bf00ded0fec11eb13eb14ed15ef15f113f411f60ef70af805f900f9fcf9f7f8f3f8f0f7eef6edf5ecf5edf5eef6f0f6f1fdfc00000000000000000000000000000000000001fb07ed08ec08eb08ea07ea07eb06ed06f006f406f907fe08030a080c0c0f0f11111413151316121711170f140d110b0d0908080507
393,62879742,-36,11,128,1,0,1,522005000012ff16ff1aff1d001f011f031f041d051a05160412020eff09fc05f701f3fef0fcedfaeaf9e9f9e8f9e9faeafbebfbedfcfbff000000000000000000000000000000000000fdfbf5ecf4ebf3eaf3e9f3eaf3ebf4edf6effaf2fef503f809fb0efc13fd18fe1cfd1efc1ffb20fa1ff91df81af815f910fb0dfe0a01
394,63029966,-91,11,128,1,0,1,4ff11400fbf8fefcfbfef7fdf9fffc02fc05fc07f907f707f708fa0afc0bfc0bfb09fc04ff02010102ff03ff04ff04fe06fe06ff05fe01ff00000000000000000000000000000000000001fe03fd00ff01020403040304060509080a080807070608050805050502050104000200fefbfdf6fcf5fbf2fceefdeffceefaecfaec
395,63097138,-33,11,128,1,0,1,1ee00100eafbe6fae3f9e1fae0fbe0fce2fee4ffe8ffed00f1fff7fefdfc02fa07f70bf50ff311f113f013ef12ef11f00ff10df30cf402fd00000000000000000000000000000000000002fb08ec09eb09eb09eb08ec08ee07f106f505fa05000506050c051106150719081b0a1d0b1d0c1b0c1a0c170a13070e030aff06fb03
396,63199113,-94,11,128,1,0,1,f33bbf41fd0000fe03fe0100fafffbfd050005ff01fc0203010bfe0fff0afffff903f707010006fd02ffff000000000101040109ff0dff0300000000000000000000000000000000000000fffffefe00fd00fc00fe0000ff01ff0101ff01fdfffdfefffd02fd03fd04fd00fefdfefe00ff01fe00ff00ff010000ff00feff00fd
397,63213366,-95,11,128,1,0,1,f44ddf41fc00fb01fc000203020afc0ffc0ffe0c020604000201010204fe02fbfffbfefbfcfa02fa0bfa0dfa09fa01f9fafbfffc06fd0200000000000000000000000000000000000000ff00fefffeffff00ff00ff01fe02fd00fffd01ff0001ff01fefffefeffff0001020103fe01fd00ff010000fe00fc02fc01fdfe01fc02
398,63439583,-93,11,128,1,0,1,4ff1140002fb01fc00fcfdfafcfbfafcf8faf6faf6faf7fbf7fef5fef6fcf9fcf9fef900f900fb00feffffffff01ff03ff06fe07fd08ff02000000000000000000000000000000000000fe00fd0100030104ff05fe05fe04fd07fc08fd07ff05ff0600060204030203040204020003fd03fb06f90bf90bfa09fb08fb0afa0bfb
399,64054002,-91,11,128,1,0,1,4ff11441fdf9fcfafbfff902f8fffbfefd02fc04f905f505f406f706fa06fa08f908f906fb03fe0100010102020103020504040403030000000000000000000000000000000000000000fffefffa00fd03fe04fe04fd06fd0afe0afe08fe07fd08fc07fd06fe04fe02fe01fd02fc03fa00f8fcf9fbf9fbf6fbf5faf5f9f5f9f5
400,64175481,-36,11,128,1,0,1,1ee00100fce9fbe6fae4fae2f9e2f9e4f9e7faeafaeefbf2fcf7fffd01020307050b060f0712071507160716071506130511040f030d000300000000000000000000000000000000000000fa03ea03ea03eb04ec04ef03f203f502fa01ff0005ff0afe10fd14fc18fc1afb1cfc1dfc1cfd1afd18fe14fe0ffe0aff04fefefef9
401,64176053,-36,11,128,1,0,1,1ee0010016fd19fc1cfc1dfb1dfb1bfa18fa15fa11fa0cfb07fd02fffd01f903f405f007ed08eb08ea08ea08eb08ec07ef06f105f304fd01000000000000000000000000000000000000040113071308130811080f070c0608050403ff01fafff5fdf0fbecfae8f9e6f8e4f8e3f8e4f9e6f9e8faebfbf0fcf5fdfbfe01fe05fe
402,64176671,-36,11,128,1,0,1,1ee0010015f819f71af71bf61bf519f517f513f610f70cf907fc02fffe02fa05f608f20af00cee0ded0eed0eee0def0cf10af308f507fd01000000000000000000000000000000000000050114061406130612060f060d0509040403ff02fa00f5ffeffdebfce8fce5fbe3fbe3fce3fce5fde7feebfef0fef5fefbfe01fe05fd
403,64481139,-93,11,128,1,0,1,f22eef410005020104fd04fd01fcfefbfafdf902fb02fffa09f811fb09fafcfcf806fa05fffe03fc02fc01fe01010002fa01f8fbf8f3fefc000000000000000000000000000000000000fffefefbfefe00ff0100020000fffffefffefffffe00fd00fd01fc00feff01ff03000200fe00feff01fc00fdfd01ff02ff03fe030100
404,64566004,-91,11,128,1,0,1,4ff114000aff09ff090008ff06fd05f804f504f307f30af408f606fa06fc07fb07fa07fc0600050104fe03fc01fafffa00fb03fc04fb01fe00000000000000000000000000000000000002ff070006020602080109010903070506040605050703070206020503030401060005fe06fe0afe0cfb0afb09000c0111fe11fe0fff
405,64668442,-92,11,128,1,0,1,4ff11400f803f903fc06fd05fd05ff0400050009000bff0c000bff0bfe0aff080008ff09ff07ff050004010401030302060107010701020000000000000000000000000000000000000000fffefefcfefcfefbfef9fdf9fbfafaf9faf8faf9f9faf5f9f4faf7fcfcfbfffb00fb02f905f807f707f306ef05ee04ef07f306f401
406,64975620,-93,11,128,1,0,1,4ff11400f908fc04ff010203040504040702070008ff0bff0b000a000a000b00090006ff06fe04fd01fdfffcfefcfdfbfdfbfff900f700fd000000000000000000000000000000000000fffefffb00f9fdfafafbfafaf9f9f9f8faf8faf7fbf5fcf8fdfcfcfcfafbfbfcfbfff803fa06fc07f907f708f70bf70df80df50bf508
407,65078035,-93,11,128,1,0,1,4ff11400f806fc07fe06000403030402060107020606070a060b030b010a010904080508030502020301040004ff03fe04fe07fe09000200000000000000000000000000000000000000fffffefefd00fc01fa01f700f6fef7fcf8fcf8fcf7fbf7fbf7fbf8fef9fffafffb01fb03f904fa06fb09fb0cfa0bf906f707f709f608
408,65794846,-90,11,128,1,0,1,4ff11400f90dfd090106030602040103030407060a080909070b080906060307020904050504050504040302010002000400050004000100000000000000000000000000000000000000ff00fd01fe01fe00fd03fb04fa02f903f703f802f801f7fff601f602f903fb04fd03fe03ff040105020afd0ffa0efa0cfa0efc10fd0c
409,66306865,-92,11,128,1,0,1,4ff11400f4fcf7fefb03fa05f807fa07fc06fc08fa0cf80cf80af809f809f808fa08fc08fc06fd03fe02000302030302040304050507010100000000000000000000000000000000000000ff01fc00fbfefafff8fff6fff4fdf3fdf5fff600f701f701f7fff900fc01fd00fdfcfcf9fcf8fdf5fef2fcf2fbf1fdeefeeffdf0fc
410,66716460,-93,11,128,1,0,1,4ff1140007070304020002fe00fb01f702f602f403f203f102f302f502f4fff5fdf7fef9fffcfffefffefefefd01fc05fb05fa03fa02fe00000000000000000000000000000000000000fffffefdfefbfcf9fbf9faf9f9f8f9f8fbf7fcf6fcf8fbf8fdf8fffcfe00fd00fc00fb02fb04ff08010c010e000e010f03100110ff11
411,66923672,-31,11,128,1,0,1,1ee00100f311f115ef17ed19ec19ec18ed16ef14f112f40ef80afc06010306000bfe10fc14fc17fd19fe1aff190018021503120310040301000000000000000000000000000000000000040212081209120a110a10090e080c060a04070004fc02f700f2feedfde9fde6fce3fce2fde1fde2fde4fde6feebfdf0fcf6fbfcfa00
412,66996064,-32,11,128,1,0,1,1ee00100f211ef14ed16eb16ea16eb15ec13ed12f00ff40cf809fd06020307010c001100150017011903190418051606140611060e0603010000000000000000000000000000000000000401120612071208110810080e070b05090206ff03fb01f6fff1feedfde9fde6fde4fde3fde3fee4fee5fee8feecfdf2fcf7fafcf901
413,66996692,-31,11,128,1,0,1,1ee00100e903e503e203e103e002e101e301e500e901ee01f301f903fe04040708090c0d0e100e120f150e160c160a1508130611050f010300000000000000000000000000000000000002030b100b100a110911080f070e070b0607060306fe07f908f40af00bec0de90ee80fe710e70fe80fea0dec0aef06f302f7fdfafafc
414,67021170,-95,11,128,1,0,1,4bbff44100ff00ff0000fefffcfffdfffefefffcfdfbfefc01fd02fc00fdfeffff000001ff000000020002fe00fdfffdfefdfdfefd00ff00000000000000000000000000000000000000fffffefe00fe00fdfefcfefcfefefe01fe00fefefffe00000001ff02fe03fd03ff0000fe01000101fe00fefe04f909f405fa01ff00fc
415,67021864,-91,11,128,1,0,1,dddbbd41fd010003ff03ff01fe01fd01feff00fd02fc01fd00fefefefdfdfffd02fe0201ff01fc00fdfffffffffdfffd00fe00fe0000000000000000000000000000000000000000000000000000fefefefeff00fe00fe00000001fe03fe02fffefffdfefefcfffbfffd01ff030000fffcfffd00ff01f8fceff9f2fbf9fe0100
416,69481368,-91,11,128,1,0,1,4ff11400f5fef800fb03fc02fe04ff09fd0bfd0bfe0cff0dff0d000c0208010600070107020503060105ff0203ff05fe07fe08ff0800010000000000000000000000000000000000000000ff03fc03fc02fa02f803f904f804f605f605f605f604f804f904f704f500f8fefbfbfbf7faf4fbf3fcf2fbeff9f0fbf3fdf2fbf2f7
417,69583751,-90,11,128,1,0,1,4ff1140005fc02f900f6fff4fef5faf7f6f8f5f7f6f8f7f6f6f5f7f4f9f3fbf5fdf7fdfafcfcfbfdfbfffcfffbfffa00f902f902fa03fe0100000000000000000000000000000000000000000303060108010a040a0509070608050806090708050603060205040304fe04fb04fb03fa05f908f709f609f509f30af50bf70df8
418,69890967,-94,11,128,1,0,1,4ff11400f805fb0300020103ff0501060408050a040a04090209020a030a020a010a0008ff060006010501020200020003010401040001ff000000000000000000000000000000000000ffffff00fe01fd01fc01fafff7fef8fef8fdf6fdf6fdf9fbfbfbfafcf8fdfafefe02fd05fa04f804f706f606f608f809f909f809f609
419,69993694,-93,11,128,1,0,1,4ff11400fdf5fafaf9fafbf8fbfcfa00f904f507f408f608f708f706f604f602f901fb02fb02fd0201020202030204020603060205ff01ff0000000000000000000000000000000000000000010003000400050207040905090308030706080708050503030004ff04fe02fb03fa03fb00f700f401f401f201f001f002f001f0
420,70198152,-90,11,128,1,0,1,4ff1140008fc06fb02fbfffcfdfbfdfafcfcfafdfbfafbf6faf4f9f4faf4fdf400f7fef9fcfafefbfefdfdfdfcfdfcfdfd00fc01fa00fe00000000000000000000000000000000000000010004000300030105000700090109040706060607070a0609040302000000fe02ff05ff04fc03fb06f809f50bf409f607f607f707f8
421,70812578,-94,11,128,1,0,1,4ff11400f5fef602f903f804f805fa04fb06fa0bf90ef80af607f608f708f606f706fb08fc07fc05fd03ff040005010302040107fe08ff02000000000000000000000000000000000000fffffdfefcfdfcfcfbfbfaf8f9f9f9f9faf8fcf7fdf4fdf3fef501f901fdfffefdfffdfffafff500f001f000f2fdf3f9f2faf3faf7fd
422,73577471,-92,11,128,1,0,1,4ff11400f8f6f6faf7fdf9fffb02fd06ff08ff09ff0bfd0dfb0dfa0bf80af80afb08fd08fd08fe050002030105ff07ff0800070307050101000000000000000000000000000000000000000002ff02fd02fb03fb05fc08fc09fd09000aff0afb0bfc0bfe0afd06fb03f902f800f9fefbfbf8f8f3f6f0f8eff9eff9eefaf2fbf5
423,74396690,-91,11,128,1,0,1,4ff11400f5fff501f805fb06fc06fd07fb09f909f90af90bf70bf609f608f706f804f805f904fc02ff0200020202030304040205fd05fe01000000000000000000000000000000000000fffffdfcfdfdfbfdf8fef7fef7fdf8faf6f7f6f7f8f7f9f5f9f8fbfdfdfefcfefdfffdfef900f603f405f104ef00edffed03ef06ef03
424,74806278,-91,11,128,1,0,1,4ff11400f507f607f803fc03ff070109010a010c04100510030d020b000cfe0afe07ff060004ff0300040104020303020400040204040101000000000000000000000000000000000000fffffffefefefbfff800f6fff5fff6fdf5fbf4faf5f8f7f6f7f5f7f8f8fbf9fdfb01fc04fb06fa08f805f404f108f008ed07ec07ec06
425,75113488,-91,11,128,1,0,1,4ff11400f7f9fafdfc00fd02fd03fe06000a000afd0afc0dfa0efa0dfd0afe08fe07fd06fc05fd0401020401050007000802070106ff01ff00000000000000000000000000000000000000ff03fe03ff01fdfffafff800f702f503f305f308f408f705f903f901f9fefafcfcf7fcf3fdf4fdf6fcf6fcf4faf2f6f1f6f0f8edf8
426,75625517,-92,11,128,1,0,1,4ff11400090204ff01fe01fdfffbfbf9f9f6f9f3fcf3fdf4fbf4f9f5fbf5fef6fef8fffa00fc00fefffefdfffcfffc00fa02f903f900feff000000000000000000000000000000000000ff00fd01ff03020304040405040502060108000b010c040904060106fd06fb04ff020302050207fc09fa09fb08fb0afb0ffa10fb0dfc
427,77026884,-93,11,128,1,0,1,3116634104fc05fd03ffff02fd02fd00fdfefdfeffff00000101020001fffffe00fe01ff00ff00000000ff00ff0000fffffeffff0102000100000000000000000000000000000000000000ff01fefffdfffcfefefd01fe02fe00fcfefefd00fefe000001020101ff01fefffefdfeff00000101020202fc08f70ffb06fffe00ff
428,77027871,-95,11,128,1,0,1,1aaaa1410103030203fd01fc02fe030102040003fe00fefefcfdfbfefefe02fb03fc02ff000000ff00ffffff00fe02fe01ffff00ff020000000000000000000000000000000000000000ff00ff00fffefffcfffe00ff01fffffffdfffdfffdfffcfefdfeff01020203ff00fdfffe000000fffffd0000ff0bfd13fd0cfe040001
429,77028633,-93,11,128,1,0,1,aeeaaa4100fe00ff00fdfefdfcfffbfefbfdfcfffffe00feff00fe00fe0001ff01fe02fd02fd00fefd00fe010001ffffffff01ff01000000000000000000000000000000000000000000ff00fe01ff01010001fe01fd01fefffffffffefdfefdfffffe02fe01ff0001020303030200fffffefffffe000806140b0907fe00fdff
430,78356726,-42,11,256,1,0,1,dbb00d0010f714f618f31af11bee1bec19eb17eb14ec11ee0ef10bf508fb06000407030d02120116001a001c001d001d001cff1aff18ff05000000000000000000000000000000000000fd05f717f618f518f518f517f615f612f70ef809f804f8fef7f8f6f3f5eef3eaf1e7eee6ede6ebe7ebe9ebebedeef0f2f4f5f9f7fdf948000bd90ad909d909da09db0adc0bdc0cdb0bdb0bdb0adb0adc0cdd0edd10dd12dd14de14de15e016e217e519e81aea1cec1dee1ef01ef21ef40bfc03ffff0001010000fdfdf8f6ede6efe5f2e3f5e1f7dff8def9ddfadcfcdcfedc00db03da04d905d906d806d907da08db09dc0adc0adb0ada09da08da08da08da09db0ada
431,78649582,-38,11,256,1,0,1,6aa006000206040a070e09110b130c150d150e150e140d120c100a0d08090605030101fc00f7fef3fdeffdecfdeafde9fee8ffe900e900fa00000000000000000000000000000000000003020d090e0b0e0d0e0f0e100c110b10090f070d04090205ff01fdfcfbf8f9f4f8f0f7edf6eaf5e9f4e9f4eaf5ebf5edf6f0f8f3faf6650014f114f013ef12ef11f010f111f111f112f011ef11ee10ee0fef0ff010f112f213f213f112f111f210f410f611f812f913fa13fb13fb12fb06fe01ffff00ff01ff0000fd03f809ec0aed0cef0df00ff111f112f012f012f012f113f214f315f416f417f416f415f414f414f414f515f515f415f314f214f113f112f212f2
432,78696112,-39,11,256,1,0,1,6aa00600fafcf4fbeffaeafae7f9e4f9e3fae2fae3fae5fbe7fcebfdeffef400fa02ff04040609090c0b0f0e11101211111310130f140305000000000000000000000000000000000000fb01ee06ec05e904e703e702e701e800ebffeffef3fef8fefdff030008020d031204150518061a061b061b051a051704140310020d006100f81cf91cfa1cfc1bfc19fc18fb18fb18fb1afd1aff1a001a0018ff18fd17fb18fa19fa1afb19fb18fb16fa14f813f613f513f414f413f413fb06fe0100fffffe00ff000200090019ff18fd17fb16f816f717f618f619f619f618f517f417f217f118f119f219f319f517f516f415f316f317f419f61af81af919f918f917
433,78756863,-41,11,256,1,0,1,6aa0060003f804f206ec07e707e307e106df06de05df04e103e401e900eefff4fefafc01fa07f80df611f415f217f018ef19ef18ee17fb0500000000000000000000000000000000000000fa03ea05e807e609e50ae50be70be90bec09f007f505fa0100fe05fa0af70ff413f216f119f11bf11cf21cf31bf518f715f910fb0c6000f0f9effaeffbf0fcf1fcf1fcf1fcf1fbf0fbf0fcf0fdf0fef1fef1fdf1fcf1fbf0fbf0fbf0fbf1fbf2fbf4fbf4f9f4f8f4f8f4f7f4f7f5f7fcfcfeff000000ff0000fe00fa00f1fff1fef2fdf2fcf2faf1faf1f9f1f9f1f9f1f9f2f8f2f8f2f7f2f6f1f6f1f7f1f7f2f8f3f8f3f8f3f7f2f7f1f8f1f8f1f9f1faf1faf2fa
434,78813154,-42,11,256,1,0,1,6aa00600ff07fe0dff12ff17001a011c021d031e031c041a04170313030e0208010200fcfff7fff1feedfee9ffe7ffe500e401e501e500f9000000000000000000000000000000000000fd04f612f513f214f115f014ef13f011f10ef30bf607f902fdfe01f905f508f10aed0cea0de80de60de50be60ae708e906ed05f104f5bf001d041e041e031d031d021d021d021d011d011d001d001d001d001d011c021c031c041c041b051a06190718081709170a160b150d140e130f06050101fffffe00ff0002fe09fd1bf81bfa1bfc1cfe1c001c011d021d031d041d051d061d071d081d081d081d091c091c091c091b081c081c081c071c061d051d051d051d05
435,78819350,-38,11,256,1,0,1,6aa00600fef8fdf2fcedfce9fbe5fae3fae2f9e2f8e4f8e6f9e9faedfbf2fcf8fdfdfe02ff08000c00100113011401150116001500150005000000000000000000000000000000000000fefbfbedfcebfce9fce8fde8fee8ffe9ffec00ef01f401fa01000105010b011001150118011b011d011e021e021c02180113010f000b00fffffcfef7fdeffce7fce0fcdafcd5fcd2fcd0fdcffed000d202d604db06e109e60beb0df10ff610fc10010f050e080d0a0c0b0b0d13f512f703fe00ffff00ff00ff0000ff00ff06fd09fd02ee05ed07ec09ec0cee10f012f414f814fe1405140b1313121a112010250f290e2d0d2f0b300a30092d08280623041d03160111
436,79047293,-46,11,128,1,0,1,1ee00100f00cec10e912e714e615e715e814ea13ee11f10ef40af805fc00fffb02f606f108ee0beb0cea0de90dea0ceb0bed0af009f202fc000000000000000000000000000000000000faffe7ffe6ffe5ffe4ffe5ffe7ffeaffeffff4fffbff01ff08fe0ffe14fd19fc1dfb20fa21f921f820f81df819f913fa0dfc07fe0200
437,79312105,-93,11,128,1,0,1,4ff11400f9f9fcfcfcfffb00fa00fb02fc03fc05fe08fe0afd08fd06fc07fb09fb07fc04fe03fe02ff0101010302040205030504050301000000000000000000000000000000000000000000020001fe02fb03fa05fb06fa04fc04fd06fe05fd06fa08f905f903fb03fc02fbfefbfafcfafdf8fcf5f9f8f7fbf7f9f8f6f9f6f9
438,79947610,-52,11,128,1,0,1,1ee00100e9ede6ebe5eae4ebe4ebe5ede7efe9f2edf6f1f9f5fdfa000003050609080d0b0f0d110e130f130f130e120d100c0e0a0c090302000000000000000000000000000000000000f9fce7f1e8f0ebf0eef1f2f2f7f5fcf801fc06010b06100b1410171419161b181b191b19191717151512110e0c0a07050200fcfbf8f7
439,79968900,-53,11,128,1,0,1,52200500041a051d061e071e081c081a08160812070d0508030300fffdfaf9f7f6f3f3f1f2eff0eeefeeefeeeff0f0f2f1f4f3f6f4f8fdfe000000000000000000000000000000000000fb04ee12ee10ef0ef00bf208f404f700fafbfef602f205ed09e90be50ce30de20de20ce20be409e708ea06ee05f404fb02010208020c
440,79989386,-59,11,256,1,0,1,a3300a000ef40ff20ff00eef0cee0aee08ef06f105f405f705fa06fe08010a040d060f071108130813071306120511040e030b0309030200000000000000000000000000000000000000fa00e901e901ea01eb01ed00f0fff2fef5fcf8f9fbf6fdf3fef0ffedffebfeeafde9fbe9faeaf9ecf9eef9f0fbf3fdf500f703f806f88e0011e711e710e710e810e810e80fe80fe80fe90fe90fe90fe90fe910e910ea11eb12ec12ed13ee13ef14f114f215f315f415f615f815fa16fb07fe02ffff000001ff00fffcfff4ffe001e003e106e107e209e20ae20ce20de30fe310e311e411e412e512e613e613e713e713e813e812e812e812e812e712e712e712e712e7
441,80223451,-92,11,128,1,0,1,0bb7704101010000fffefdfefcfefefe00fe00feffff0002ff03fe02000002fd00ff0000fffefdfefc00000102020100fefefeffffffffff000000000000000000000000000000000000fffffffd00fcfffc02fc01fdfcfffcfefbfdfbfcfdfafdf8fbfcfa02fb00fbf9fefafffefffefdfdfeff010005070610040c0304fe01
442,80280763,-50,11,128,1,0,1,1ee001001c0c1f0d210e220d210d1f0b1c0a170812060c040502fd00f6fff0feeafde5fbe1fadff9def8dff8e1f8e4f9e8f9edfaf0fbfcfe00000000000000000000000000000000000003030c0e0b0d0a0d090b070905070204ff00fbfdf8f9f4f5f1f1eeeeececeaebe9eae9ebe9ecebeeedf0f1f3f6f6fbfb01ff08020d04
443,80540838,-93,11,128,1,0,1,4ff1140001f8fff9fefbfcfff7fff5fef7fff5fff2fff1fff0fff3fef5fbf4fbf4fcf5fcf7fcfbfffe01ff020004ff06fd06fc06fa08fe020000000000000000000000000000000000000000020103ff06fd08fe0afd0cfd0dfe0bff0afd0bfd0b00090107fe06fa06f904f801f8fef9fdf8fef4fff001f002f202f300f0ffeb
444,80608103,-59,11,256,1,0,1,56633500eafde7fee4fee2fee1fee1ffe3ffe500e902ee04f306f809fe0d03120718091d0b220a27092a072b042a02280025fe20fe1bff0600000000000000000000000000000000000002fd09f80bf90cfb0dfe0d000c020a0309040703050203ff02fd02fa02f803f603f304f205f105f105f105f203f301f4fef6faf8f7f9eb00ff07ff080008000801090109010a020a020a030a040a050b060b060b060b070c070c070c070d080d080d080c080d080d080d080d080e070e02050001ffffffffffff000002020705060506050505050504050405040503050305030502040204020401040104000400040004ff04ff04ff04ff04ff05ff05ff05ff06ff06
445,80611155,-54,11,128,1,0,1,1ee00100111114141615171718181718151614141210100a0e040cfd0bf60bef0de80fe212de15dc18db19db19de19e118e515e912ec04fb000000000000000000000000000000000000fc00f102f000f0fdf1faf2f9f4f8f6f7f8f8fafafcfcfcfffc02fa05f908f70af50bf30cf20cf10cf10cf20bf40af809fc09000a030a
446,80665847,-60,11,256,1,0,1,6aa00600f9f5f8f2f6f0f5eff4eef3eef3eff3f0f3f2f4f5f5f8f7fcf801fa05fb0afd0efe13fe16fe19ff1bff1bfe1bfe19fe17fe15ff05000000000000000000000000000000000000f9ffe5fce6fae8f9ebf8eef8f2f8f6f9fafafffc03ff07020a050c070e0a0f0b100d100d0f0d0e0d0d0c0c0a0a0908060504030101fecc00f006f007f007f007f007f107f107f107f107f108f208f209f109f109f009f009ef09ef09ef08ef08ee07ee07ed06ed06ec06ec05eb04eb03f801fd0000ff01000000fc00f5ffe2ffe2fee2fde3fce3fbe4fbe4fbe4fbe5fbe5fbe5fce5fce6fce6fde7fde8fee9fee9ffea00eb01eb01ec02ec03ed04ed04ee05ee05ee05
447,80676714,-60,11,256,1,0,1,6aa006000cfb10f912f814f715f615f614f512f610f60df70af805fa01fcfcfef700f301ee03ea04e804e605e505e404e604e803ea03fa0000000000000000000000000000000000000007ff1cfc1cfd1aff1800140010010c0206020102fb02f602f102ed01ea01e802e702e702e702e802ea03ed02f102f502f901fdff01feba00fbe9fae9faeafaeafaeafaeafaebf9ebf9ebf9ebf9ebf9ebf9ebf9eafaeafae9fbe9fce8fde8fee8ffe800e801e802e804e805e807e908e903f701fdff000002ff00fffcfff4fddfffe000e001e102e102e103e103e103e103e103e104e104e204e204e304e303e402e501e500e6ffe6fee6fee7fde7fde7fce7fce8fce8
448,80678023,-60,11,256,1,0,1,6aa00600040c050e061107120813081308120811080f070c06080505030101fc00f8fef4fdf0fcecfbeafbe8fbe7fbe7fce8fceafdecfffb0000000000000000000000000000000000000006021a01190017ff15ff12fe0ffe0bfe06fd01fdfcfdf7fdf3feeffeecfeeafee9fde9fde9fdebfdecfdeffdf2fef6fef900fd0000bf0014fe14fd14fd14fd13fc13fc12fb12fb12fb12fb12fb12fb13fb13fb14fc14fc14fd14fe14fe14ff1400140114021403140414061407140907030201fffffeffffff03000a011c031c041b051a061a061a071a071a071a071a071a0719071907190718071806170617051604160416031502150115001500150015ff15ff
449,80693247,-59,11,256,1,0,1,6aa00600ff0fff120014001600160016001500130011000d010a0206030204fe05fa07f609f30cf10eef0fee10ef11f011f110f30ff403fd000000000000000000000000000000000000040510160f160d150b130911070d0409020401fffffafef5fef0fdecfdeafce8fce7fce7fce7fce9fcebfceefcf2fdf6fdfbfdfffe03c900130413041303130213021301130113001300120012ff12ff13ff13ff13ff130013001301130213021203120412051206120711081109100a05040101fffffefeffff020107061411141213121212111311131112111211121112111311121212121112111210110f110e110d120c120b130a130913091308140714061406
450,80693827,-59,11,256,1,0,1,6aa00600f50bf30df20ff110f110f110f20ff30ef50df70bfa08fc060004040208000cff0ffe12fe15fe17ff1700170116021402120304000000000000000000000000000000000000000006011b001bff19fe16fd13fe0eff0a0005010003fa05f607f209ef0bec0cea0ce90cea0bea0aeb09ed07f005f303f600fafefefc01cc000d0f0d0e0d0e0d0d0e0d0e0c0e0b0e0b0e0a0e0a0e0a0f090f0a0f0a0f0b0f0b0e0b0e0c0d0c0d0d0c0d0c0e0b0e0b0e0a0f09100711061102060002fffffffeffff00030209051a041a031a021a021901190119011901190219021902190219031803180317041705160516061507140813081309120a120b110c110c10
451,80743647,-57,11,256,1,0,1,6aa006001307160719081908190918091608140710060d04090205ff01fcfef8fcf4fbf0fbecfce9fde700e602e704e806eb07ee08f102fc00000000000000000000000000000000000001f907e508e608e808eb06ee04f201f5fef9f9fcf5fff101ed03e904e705e506e406e406e506e706ea06ee06f206f705fc0501050504d1000bed0aec0aec09eb09eb08eb08eb07eb07eb06eb06eb06ea06ea07ea08ea08ea09eb0aeb0bec0bec0ced0ded0eee0fef10f111f211f312f406fc02ffff00fe00ff0001fe06fa12f212f312f412f513f513f513f513f513f514f414f414f414f413f413f413f412f312f311f310f20ff20ff10ff00ef00eef0def0dee0ced
452,80744310,-57,11,256,1,0,1,6aa006001406170619071a071a0719071707140611050d03090105ff01fbfef8fbf4faf0faecfae9fce7fee601e603e705ea06ed07f001fc00000000000000000000000000000000000001f906e407e607e807ea05ed03f100f5fdf9f9fcf5fff102ed04e905e707e507e408e408e508e708ea07ee07f207f706fc0602050605d7000aec09ec09eb08eb07eb06ea05ea05ea04ea04ea03ea03ea03e903e903e904e905e905e906e906ea07ea08eb09eb0aec0bed0cee0def0ef005fa01feff00fe00ff0002fe07fc14f714f714f814f914f914f914f914f814f815f815f815f715f715f715f614f614f513f412f411f310f210f10ff10ff00eef0dee0cee0bed
453,80846905,-52,11,256,1,0,1,6aa00600ecf7e8f7e6f5e4f4e4f3e5f3e7f3e9f4ecf6f0f8f4fbf7fffa03fc08fd0dfd11fc15fa17f718f518f316f213f210f20df30afd0200000000000000000000000000000000000002040b110b120a1209120811070f070c0709070508010afd0cf90ff611f313f114f016ef16ef15f014f112f20ef40af506f600f8fdf8dc00fa15fb15fb15fc16fd16fd16fe16fe16ff16ff16001600160016001600160016ff16ff15fe15fd14fd14fc13fb12fa12fa11f910f710f60ffc05fe0100ff00ff00ffff01fd03f809f809f709f709f609f60af60af50af50bf50bf40cf40cf40df30df30df30df40ef40ef40ff510f510f611f612f713f713f814f814f814
454,80850877,-52,11,256,1,0,1,6aa0060014fd18fc1bfc1dfc1efd1dfd1bfe18ff15ff11ff0cfe07fc03f9fff6fcf2fbeefaeafbe7fce6ffe501e604e806eb06ee06f101fc000000000000000000000000000000000000fafeebf9ebf8ebf7ecf7eef7eff8f1faf4fcf600f703f808f90cf910f813f816f718f619f51af619f617f715f912fc0eff0b03070704e700f9ebf9ebf8eaf7eaf7ebf6ebf6ebf6ecf6ecf5ecf5ecf5ecf5ecf5ecf5ecf6ecf7ecf8ebf8ebf9ebfaecfbecfcecfdedfeed00ee01ee03ee01f900fe000000000000fffefffbfef3fef3fff2fff2fff200f200f100f000f000ef00ee00ee00ee00ee01ee01ed01ec00ec00ecffecfeecfeecfdecfdebfcebfbeafaeaf9ea
455,80859559,-51,11,256,1,0,1,6aa00600150219021d021f031f041f051d051a05160412030e0109fe05fb02f600f2ffedffe900e602e505e407e509e80aeb0aee0af102fc000000000000000000000000000000000000fbfdebf4ebf3ecf2edf2eef2eff3f1f5f3f8f5fcf500f605f50af50ef312f215f017ef18ef18ef18f016f214f412f70ffc0c01090506e000fee9fde9fce8fce8fbe8fae8fae9f9e9f9eaf8eaf8eaf7e9f7e9f7e9f7eaf8eaf9eafaeafbe9fce9fceafdeafeebffec00ed01ed02ed03ed01f900fdff00ff00ff0000fe01fb03f203f303f304f304f204f205f205f106f006ef06ee07ee07ee07ee07ed07ed06ec06eb05eb04eb04eb03eb03eb03ea02e901e900e8ffe8
456,80883498,-51,11,256,1,0,1,6aa00600f811f715f618f51af41af31af319f317f414f510f80dfc0a0008040609060d071108130a140d130f11110f120c1209110710010300000000000000000000000000000000000001fb06ed07ec08ec09ec09ed09ef08f006f203f400f5fcf5f8f5f4f5f0f4eef3ebf1eaf0eaefeaefebefecf1eef2f1f5f3f9f5fdf601e300140014ff14ff14fe14fe14fd14fd14fd14fc14fb14fb14fb14fb14fb14fb14fb14fb13fc13fc12fd12fe11ff11ff1100100110010f030e0405010100ffffffffffff01ff030009000901090209020a030a030b030c040c040c040d050d050e060e060f060f060f050f050f05100510041104120312031302130213011401
457,80918076,-50,11,256,1,0,1,6aa006000cee0dea0fe711e612e613e612e812ea10ed0df009f305f5fff7faf7f5f7f1f5edf3ecf0ebedecebeeeaf1e9f4eaf7ebf9edfefb000000000000000000000000000000000000fc04f210f10ff00ff00ef00df10cf30bf60af90afd0a010b050c090e0c100e12101411161117101710160e140d110b0d0a08090309ffef00eafaeafae9fbe9fce9fce9fde9fee9ffe9ffe9ffe900e900e800e800e900e900e900eaffeafeebfeebfeecfdecfdedfcedfbeefaeff9eff8fafcfefe000000000000fefffcfef5fcf5fbf5fbf5faf5faf5f9f4f9f4f8f3f7f3f7f2f6f2f6f2f6f2f6f1f5f1f5f1f5f0f5eff5eff6eef6eef6eef7edf7ecf7ebf8ebf8ebf9
458,80921878,-50,11,256,1,0,1,6aa00600fb12fa16fa19f91af81bf71bf719f717f714f911fb0dfe0a020706050b040f0512061507160a150c140e120f0f0f0c0f090e020300000000000000000000000000000000000000fb03ed04ed05ed06ed06ee06f005f103f301f5fef6faf7f6f7f2f7eff6ecf6eaf4e9f3e9f3e9f3eaf3ecf4eef6f1f9f3fcf500f703e90012fe12fd13fd13fc13fb13fb13fa13fa12f912f912f912f812f812f812f812f812f912f912fa12fb11fb11fc11fd10fd10fe10ff0f010f0105000100ff00ff00ffff00ff03ff090009000a000a010a010a010b020b020c030d030d030e030e030e030e040e040f040f040f03100310021002110211011201120013ff13fe
459,80927841,-50,11,256,1,0,1,6aa0060004150518061b051d051e041e031c021a01170213030e050a07050b020fff13fe17fe19001b021b041a071809150a120a0f0a0302000000000000000000000000000000000000fdfbf7eef8edf9ecfaecfaedfbeffbf1faf3f9f6f7f9f4fcf1feee00eb00e801e601e400e400e500e600e800ec00ef02f304f707fb09ec0012f812f712f712f612f612f512f512f411f410f310f310f310f310f311f311f311f311f311f411f510f610f610f710f810f910fa10fb10fc05fe01ffff00ff00ff0000ff03ff08fd08fd09fe09ff0aff0aff0bff0cff0c000d000d000e000e000f000fff0fff10ff10ff10ff11ff11fe11fd11fd12fc12fb12fa12fa12f9
460,80938362,-50,11,256,1,0,1,6aa0060001ea00e601e401e202e103e103e304e503e902ec00f1fdf5f9f9f6fcf1fdedfee9fee7fce5fae5f8e6f6e8f4ebf3eef3f1f3fcfd000000000000000000000000000000000000ff04fd12fc12fb13fb12fa11fb10fc0efd0c000a030807070b060f061207150717081809180918091609140812060f040c0009fc06f9e800eaffeaffea00ea00eb01ea00ea01ea01e903e904ea04ea04eb04ea04ea03e903e903ea03ea03eb02ec01ec00ecffecffecfeedfdeefceefcf9fefeff000000000000ff00fcfff6fff6fef6fef5fdf5fcf5fcf4fbf3fbf3fbf3fbf3faf2f9f2f9f1f9f1f9f0f9f0f9f0f9f0f9eff9eef9edfaedfbedfcedfcecfcecfcecfc
461,80950447,-91,11,128,1,0,1,4ff11400f400f500f700fb0100020005fd09fe0cfc0dfc0efd10fe10fe0e000b010a0008fe05ff02020003fe04ff050006ff06ff06010100000000000000000000000000000000000000fffffffcfffbfdfafcfafdfa00f801f501f3fff4fdf5fff402f602f901fb01fcfcfdf7fcf6fef601f002ec01ee01f301f400f0fdeefb
462,80981347,-50,11,256,1,0,1,6aa0060013f116ef18ed1aec1bec1bed1aef18f115f311f40cf507f501f4fcf2f8eff5ecf4e8f4e4f5e2f8e0fbe0fee200e402e703ea01fa000000000000000000000000000000000000fd03f50ff40ff30ff30ef30df40cf50cf80bfb0bfe0b020c050e08100b120c150d160d180d180d180c160b140a110a0d0a080a030bfff400f1f0f1f0f0f1eff1eff1eef2eef2edf3edf3ecf3ecf4ecf4ebf4ebf4ebf4ebf4ebf3ebf3ecf3edf3eef3eef2eff2eff2f0f2f1f1f2f1f3f0fbfafefe000000000000fffffefdfbfafbf9fbf9fbf8fbf7fbf6fbf6fbf5fbf4fbf4fbf3fbf2fbf2fbf1fbf1fbf1faf1faf1faf0f9f0f8f0f8f0f7f0f6f0f5f0f5f0f4eff4ef
463,80985102,-49,11,256,1,0,1,6aa00600f513f416f218f11af01aef19ef17f015f212f50ff90dfd0b020a070a0b0b0f0d11101213121511170e180b18071704150313000400000000000000000000000000000000000000fb00ef01ee02ee02ee03ef03f002f100f3fef4fbf5f8f6f5f6f1f6eff5ecf4ebf3eaf2eaf1eaf2ecf2edf4eff6f1f9f3fdf401f505ee0011021201120013ff13fe13fe13fd13fc13fc13fc13fc14fb14fa14fa14fa14fa14fb14fb13fb13fc13fc12fc12fd12fe11ff11001101110206000100ff00ffffffff000002000601060106010702070207030703080409040a050a050a050a050a060a060b060c060c060d060d050e050e050e050f051004110411031102
464,80989545,-51,11,256,1,0,1,6aa00600eef2ebf0e9eee9ede9ece9ecebecededf0f0f2f3f3f7f5fbf500f405f209ef0cec0ee90ee70de50be408e505e702ea00ecfefbff000000000000000000000000000000000000040010021002100310030f030e030d020c000bfe0afc0af90af50bf30cf00dee0eed0fed10ed10ed0fee0def0af107f303f4fff5fcf5f300f710f810f810f910f910f911fa11fa12fb13fc13fc13fd13fd13fc13fc13fc14fc14fc14fc13fb13fb12fa12fa12f911f911f810f80ff70ffc05fe0100ff00ff00ffff00fe01fc04fc04fb04fa04fa04f905f905f905f906f806f706f706f606f607f607f608f508f508f508f509f509f50af50bf60cf60cf60df60df60e
465,81013979,-50,11,256,1,0,1,6aa0060013ee15ec18eb19eb1aec19ed18ee16f012f20ef409f403f4fef3faf1f6edf4eaf3e6f4e2f6e0f8dffce0ffe202e503e804eb01fb000000000000000000000000000000000000fe04f910f910f810f80ff80ef90dfb0cfd0c000b030b070c0a0d0c0f0e110f13101410150f150f140e120d100c0c0b080b030cfe0cfae800f9f8f9f8f8f8f8f8f7f9f7f9f7f9f7f9f7f9f6faf6faf6faf5faf5faf5faf5faf5faf6f9f6f9f6f9f6f9f7f9f7f9f7f9f8f8f8f8f8f8f9f7fdfdffff000000000000fffffffefdfdfdfcfdfcfefcfefcfefbfefbfefbfefafefafefafdfafdf9fdf9fdf9fdf9fdf8fdf8fdf8fcf8fcf8fcf8fcf8fbf8fbf8faf8faf8faf8
466,81064542,-52,11,256,1,0,1,6aa0060020002101220221031e031b031802140010fc0cf90af408ef08ea09e60be20ee012df15e018e319e619eb17f014f310f60df703fd000000000000000000000000000000000000fd03f70cf80cf90bfa0bfc0bfe0c000d020f04110513051606170519041904190319031703150412050f070c0a090d061103150118fff30005f805f705f704f704f704f604f603f603f603f503f503f503f503f503f403f403f403f404f504f504f505f505f505f505f606f606f607f702fc00ffff00ff00ff0000ff01ff03fe02fe03fe03fe03fe03fe04fe04fe04fe04fe04fe05fd05fd05fd05fd05fd05fd05fd05fc05fc05fb05fb05fb06fa06fa06f906f905f9
467,81089259,-52,11,256,1,0,1,6aa0060006de06df06e105e403e701eafdedf9eff5f0f1f1ecf1e8f0e5eee4ebe3e8e4e5e6e3e9e2ede2f1e3f4e6f6e9f7edf7f1f6f4fdfd00000000000000000000000000000000000002000a000afe0afc0bf90df710f512f415f318f419f51bf71bf81afa19fb16fb13fb10fa0df80af508f205ef04eb03e803e403e104dff200fff7fff7fff7fff7fef7fef7fdf7fdf7fcf7fcf7fbf7fbf7fbf7fbf7faf7faf7faf7faf7faf7fbf7fbf7fbf7fbf6fbf6fbf6fcf6fcf6fdf6fffcfffe0000ff00ff0000ff01fe04fb04fb04fb04fb04fb04fb04fb05fb05fb05fb05fb05fa05fa04fa04fa04fa04fa04fa04f904f903f903f902f802f802f801f701f701f7
468,81182393,-49,11,256,1,0,1,6aa00600f705f409f10eee11ec13ea15ea15ea15ea14ec12ee10f10df50afa07ff05040309010e01120116021704180618071709160a050200000000000000000000000000000000000002030a0f0a110a1209140914081406130510040d0309030403ff04fa05f506f007ec08e909e60ae50ae409e508e607e906ed04f102f4cb00180a180a19091909190819071906190619051905190419041a041a0519051905190618061707160815081509140913091209110a100c0f0c05040101ffffffffffff010005020f070f070f080f090f0a0f0b0f0b0f0c100d100d100e110e110f110f110f110f110f110f120f120e130e130d140d150d150c160c170b180b
469,81204556,-47,11,256,1,0,1,6aa00600f5f6f0f3ecf1e9efe7eee5ede5ece6ede8eeeaf0edf3f1f6f5faf9fffd040009020e02130217011a001cfe1cfd1cfb1afa18fe05000000000000000000000000000000000000fc02f00bef0bee0bed0aed09ee08f006f205f604fa03ff0304030a030e041205160518061a061b061b061a061705140410020c0007fecc00f117f218f318f418f418f418f418f418f419f519f619f619f619f518f418f318f218f218f218f216f115f114ef12ee11ee10ed0fed0eec0df904fd0100ff00ff00ffff01fd05f90ff80ff70ff60ef40ef40ff30ff310f210f210f10ff00fef10ef10ef11ef11ef11ef10ef10ef11ef11ef12f013f014f114f115f115f115
470,81232176,-33,11,128,1,0,1,e5544e4100fefbfe020008fc10fd15021004fb06ec07f309fd0002f607fe090605010001030100f9f9fa010509080307fe06fe03fd03ff000000000000000000000000000000000000000000fffffafaf8f9f703fb09fc01faf4fbf8fd08fe0afc05040006fcfdf6f9f4f7fffd07fd03ee07ee13000f160522031cfc11fe030a
471,81262635,-46,11,256,1,0,1,6aa00600140119001d0020ff21ff21fe20fe1dfd19fd14fd0ffd08fc01fcfafbf4faeef9e8f7e4f4e2f2e1f0e1efe3eee6eeeaeeedeffbfb00000000000000000000000000000000000003fd10f710f811f811f910fa0efc0bfd08fe03fffffffafff5fff0ffecffe9ffe7ffe5ffe500e500e700e901ed01f201f701fd010101c40003f203f103f102f102f102f102f101f101f101f000f000f000f000f001f001ef02ef02ef02f003f003f004f105f105f206f207f308f308f403fb01feff00ff00ff0000ff00fc02f702f703f703f704f704f704f705f605f605f606f606f606f606f607f607f606f506f506f506f505f405f405f405f305f304f304f204f2
472,81264288,-46,11,256,1,0,1,6aa0060005ec05e706e305e005df04df04e003e202e601ebfff0fef6fdfdfb04f90bf711f416f119ef1bed1cec1beb1aeb17ec13ed10fb03000000000000000000000000000000000000fffbfdedfeedffedffed00ee00f001f300f700fbff00fe05fd09fb0efa11f915f817f818f819f919fa18fb15fc12fe0dff08010201fec800f4f7f4f7f3f7f3f7f3f8f3f8f2f8f2f8f2f9f1f9f1f9f1f9f1f9f1f9f1f9f1f9f1f8f1f8f1f8f2f7f2f7f3f7f3f6f4f6f4f5f5f5f6f4f6f4fcfbfffe000000000000fffffdfdf9f9f9f9faf8faf8faf8faf7faf7faf7faf6faf6faf6faf5faf5faf5faf5faf5faf5f9f5f9f5f9f5f8f5f8f5f7f6f7f6f6f6f6f6f6f6f5f6
473,81278468,-46,11,256,1,0,1,6aa00600fd14fd18fe1cfe1fff200020001f011c01180113020d0207020003f904f205ec07e709e30ae10cdf0de00ee20fe50ee90eec03fb00000000000000000000000000000000000000040210011101110010ff0fff0dfe0bff07ff0300ff00fa01f603f104ee04eb04e804e704e603e703e802eb01ee00f3fff8fffeff02c7000d050d050d040d040e040e040e030e030e030f030f020f020f020f03100310030f040f040f050e050e060e060d070d070c080b090b0a0a0b03040101ffffffffffff000002000802080307030704070407050705080508050806080608060806080708070807080709070907090709060a060a060b060b060c060c050c05
474,81357492,-50,11,256,1,0,1,6aa006000ffd13fb17f919f71bf71cf71cf71bf818f915fa11fb0cfb06fb00fafaf8f5f5f1f2eeeeedeaede6efe4f2e2f6e2fae4fde6fff9000000000000000000000000000000000000fcfdf2f4f1f3f1f2f1f2f2f2f2f3f3f5f4f7f5faf6fef601f606f609f60df510f412f414f415f416f516f615f813fa10fd0d000a0307e500f5eef4eef4eef3eef2eef1eef1eef0eeefeeeeeeedeeeceeeceeecedebedebecebebebeaeceaede9ede9eee8efe8f0e7f1e6f3e4f4e3f6e3fcf5fffc000000000000fffefffcfdf6fdf5fdf5fef5fef4fff4fff4fff3fff3fff2fff2fff1fff1fff1fff0fff0fff0fef0fdf0fdf0fceffceffbeffaeff9eef8eef8eef7ed
475,81358724,-49,11,256,1,0,1,6aa00600effcebfce7fde5fde2fde1fde2fce3fce6fce9fdedfdf2fff701fd050209050e07120817071b061e03200020fc1ef91bf718fd050000000000000000000000000000000000000203090f09100911091108110810070e070b0708080509010bfd0cfa0ef70ff410f111f012ef12ee11ee10ef0ef00bf107f303f500f7db000209020a020a030a030a040a040a050a050a050a060a060a060a070a070b070b070b070c060c060c060d050d050d050d040d030e020e020e00050001ffff00ff00ffff00ff01fe04fe04fe04fe04fe04fd05fd05fd05fd05fd06fd06fd06fd06fd06fd06fd06fd07fd07fd07fe07fe07fe08ff08ff08ff08000900090009
476,81360761,-90,11,128,1,0,1,4ff114000b040704040205fe06fa03f901f700f4fdf2fdf200f200f2fff201f103f303f601f800f8fffafefbfcfffafffbfdfafdf9fdfeff00000000000000000000000000000000000000ff000001030108010b020c020c020b020a020a0109ff08ff09ff080006020404030603060207000bff0f0011001101110113011402
477,81371510,-50,11,256,1,0,1,6aa00600f50bf50ff313f215f117f018ef18ef17f015f112f40ff70cfb09000606050c0511061508170c180f1712151412160e170a16020500000000000000000000000000000000000003fd0df40ef40ef40ff40ff40ef50df50cf609f606f503f500f4fcf2f9f0f7eff5edf3ecf2ebf1ebf1ebf2ecf2eef3f1f4f4f4f8f5fbe40012021201120013ff13ff14fe14fd14fd15fc15fb15fb16fa16fa17fa18fb19fb19fb19fb1afc1afd1afe1aff1a001b011b021b041a051a0609020201ffffffffffff0000020007020702070307030704070508050805080509060906090609060a070a070a070b060b060b060b060c050d050d050e040f040f0310031003
478,81395478,-50,11,256,1,0,1,6aa00600f8f4f3f3eff2ebf1e8efe7eee6ede7ece9ecebedeeeff1f2f4f6f7fbf801f807f70cf411f013ed15e914e611e40ee409e506f90100000000000000000000000000000000000003020e0b0f0c100d110e110f110f100f0f0e0e0c0d090d060d020eff0ffb10f711f413f214f015ee15ee15ee14ee12f00ff10bf209f3f2000113021303130413051305130513061407140815091509150a1509150916091709180919081908190719061905190419031a021a001aff1aff09ff02ffff00ff00ffff01ff03ff08fe08fd08fd08fc08fc09fc09fc0afb0afb0afb0afb0bfb0bfb0cfa0cfb0cfb0dfb0dfc0dfc0dfc0efd0efd0ffe10ff10001100110011
479,81464035,-49,11,256,1,0,1,6aa00600f800f202ed04e805e507e308e209e209e308e508e906ed05f203f700fdfe04fd0afb0ffb13fb17fc19fd1aff1a01190318040501000000000000000000000000000000000000fb00ec04ea04e804e604e504e604e704ea03ee03f202f802fe0204020a020f02140218011b001eff1efe1efd1cfd19fc15fc10fc0cfdba00021e031f031f041e041e041e041d041e051e051e061e061e061e051f041f032002200120001fff1ffd1efc1dfa1cf91cf71bf51af419f319fb08fe0200fffffeffff010203060813071306130514031503160217021801180019ff19ff1afe1afd1bfd1bfd1bfd1bfd1bfd1bfd1bfe1bfe1cff1c001c001d011d011d021d
480,81466289,-49,11,256,1,0,1,6aa00600f9fdf3fbeffaebf9e8f9e5f9e4f9e4f9e5f9e7faebfaeffbf4fcf9fcfffe04ff09010d0311061308140a140c130d110e0f0f0303000000000000000000000000000000000000fbfeeefaedf9ebf9e9f8e9f8e9f8ebf8edf9f0faf4fcf8fefd01020406060b090f0a120c150c170d180c180c170a150812070e040b03c200f719f719f71af81af81af81af91af91af91af91afa1af91bf91bf91bf81bf71bf61bf51af41af419f318f217f116f015ef13ee12ed10ec0ff805fd0100fffffe00ff00020006ff12fe12fd12fc12fb13fa13f913f814f714f614f614f515f515f415f415f315f314f415f415f416f416f517f517f517f517f618f618f619
481,81498539,-49,11,256,1,0,1,6aa0060007f40bf00dec0fe90fe60fe40ee40de40be60ae909ed07f106f705fc04020308020d0012ff15fe17fd19fb19fa18f916f814fe050000000000000000000000000000000000000500170319041a041a041a041804150311020c0207010101fb00f500ef00ea01e602e303e105e006e108e309e609ea08ef07f404f902ba00ede3ece3ece3ebe4ebe4ebe4ece4ebe4ebe4ebe5eae5eae5eae4ebe4ece3ede2eee2f0e1f2e1f3e1f5e1f6e1f8e2fae2fce2fee201e202e201f500fc000001000000fdfff7fce7f6e8f5e9f3eaf1eaf0eaeeeaedebebebeaece9ece7ede6ede5eee5eee4efe4efe3efe4efe4efe4efe4eee4eee4eee4eee4ede4ede3ece3
482,81519017,-50,11,256,1,0,1,6aa0060011fa15f918f61af51bf31bf21af117f114f211f40df70afb06ff0203ff08fc0cf910f612f414f215f215f115f113f110f20efc0300000000000000000000000000000000000003050c140c150b150b150b140912070f050b0207ff02fbfef7faf3f6f0f2edf0eaefe7efe6f0e6f1e6f3e8f5ebf7eff9f4fbf9fcfefca80004df04df03de03de03de03df03df02df02df02df02df02df02de03de03de04df05df06e008e009e10ae20be30ce40de50fe711e812ea13eb07f802feff0000010000fefdfcf7f7e7f8e7fae6fbe6fde5fee5ffe400e301e302e203e104e105e106e107e108e108e108e108e107e107e106e106e006e006df05df05de05de
483,81527017,-50,11,256,1,0,1,6aa00600ee03ea04e606e408e309e30ae40ae70aea09ed08f106f503fafffffc03f808f50cf30ff112f014f015f115f215f414f613f804fe000000000000000000000000000000000000fbfcecf2ecf1ecf1edf1eef2f1f4f4f6f7f9fbfc00ff040209050d08110a150b170c190c1a0b1a0a1908170614040f030a0204010002b900f31df41df41df41df41df41cf41df41df51df61df61df61df51df41df21df11df01cf01cef1bee19ed18ec16eb15ea14e912e810e70ee60df604fd0100fffffe00ff00020108041602160017fe17fc18fb19fa19f919f81af719f61af51af41af31bf31bf21af219f219f219f119f21af21af31bf31bf41bf41bf31cf31c
484,81769678,-90,11,128,1,0,1,4ff11400f206f804fd04fe04fe04ff04030606080709080b0a0b090c060d050e050b0506020300020102020004fd04fd05fe07ff08fd02ff000000000000000000000000000000000000fffffcfdfcfdfbfbf9fbf8fbf6f8f6f5f9f4faf4fbf6fdf5fdf4fdf9fdfbfcfafafbfbfffa04f607f308f208f207f008f00af109f205
485,81889868,-48,11,128,1,0,1,1ee00100f705fd08010b050f09130b160d180d1a0d1c0d1b0c1a0b180a140910080b09070a030cff0ffb11f912f714f715f715f815f805fe000000000000000000000000000000000000fefdfbf4faf1f9eefaeafbe7fde4ffe300e302e403e804ec03f000f5fdf9f9fef401ef04ea06e606e207e006df05e004e203e302e502
486,81944580,-46,11,128,1,0,1,1ee00100fdf5f8f6f2f6edf6e9f4e6f3e4f1e3f0e3efe4efe6f0e9f1ecf4eff8f1fcf200f305f209f00cef0fed10ec10eb0fea0eea0dfa0300000000000000000000000000000000000002ff0cfe0efe12ff14001602170418071708150912090e070c05090107fc05f705f206ed07e908e60be40de30ee30ee50de80dea0cec
487,81978008,-91,11,128,1,0,1,4ff11400fcf6fbf9fbfdfc01fd01fd01f904f506f505f505f405f405f607f708f906fa05fc05fd04ff040002000102000401040403040001000000000000000000000000000000000000000102040302060008000afe0afd0800080109000c000b010902080007fe040000ff00fb01f900f8fdf8fbf8fcf6fcf3fcf0fdf0fef0
488,82005639,-46,11,128,1,0,1,1ee001000af607f205ef04eb04e704e505e306e108e109e209e408e707ea04ed01effef0faeff7eef5edf3ebf3e9f3e7f5e6f7e6f9e6fef9000000000000000000000000000000000000020009010b010e02100311051207120a120b100c0e0c0d0b0b090b050b020bfe0dfb0ff812f614f517f51af51af61af819f918fa16fa
489,82058745,-48,11,128,1,0,1,1ee00100f001f104f208f10bf00fef11ed12eb13e913e912e910ea0eed0df00cf30cf60df80ffa12fb14fa17f918f719f519f318f216fc05000000000000000000000000000000000000fefefafbf9fbf7fbf4faf3f8f2f6f1f4f1f2f3f1f4f0f6f1f6f2f7f4f7f6f6f9f4fbf2fdf0ffed00ea00e7ffe7fee7fde7fce8fce9fb
490,82076891,-90,11,128,1,0,1,4ff11400f7faf5f9f5fbf901fc04fc02fa01f604f405f304f204f103f403f702f601f500f6fff7fff801fc04fe04ff02ff04fd07fd07ff01000000000000000000000000000000000000ff00fdfffdfbfcf9f9f8faf7fbf6f9f5fcf500f402f403f503f702f801f902fd00fefefdfefdf9fcf2f9f1f9f2f9f1f7f0f7f3f6f6f3
491,82110476,-48,11,128,1,0,1,1ee00100ebfcecfeec01ec04eb06ea07e808e609e509e508e507e607e706ea06ec07ed08ee0aee0ced0dec0eeb0ee90ee80ce80be709f902000000000000000000000000000000000000fefefbfaf9fbf7fcf5fcf2fcf0faeef8edf5edf3eef1f0f0f1eff3f0f4f2f4f5f4f7f2faf0fceefdebfde9fde7fde7fce6fbe6fae6f9
492,82167347,-49,11,128,1,0,1,1ee00100e9edebeeedf0eef2eef6eef9ecfdeaffe701e502e402e302e301e301e400e500e601e701e803e804e804e805e705e704e704f90000000000000000000000000000000000000001fc06f205f403f600f8fcf8f8f7f4f4f1f0f0ecf1e8f3e4f5e1f8e1fbe3fde5ffe8feecfdf0faf3f6f5f2f7eef7ebf6e8f4e5f1e4ef
493,82691317,-92,11,128,1,0,1,4ff1140002f801fa01fa00f9fef9fbfaf9f9f9f9f7faf5faf5fcf7fdf8faf9fafbfafdfafefafefbfdfdfbfffb02fb02fa01fa01fb03fe0000000000000000000000000000000000000000ff01fe02fc03fa03f902f604f607fa08fc07fc06fd04fd03fb03fb02fe00fd00fb01f9fff9fcf8fdf7fff4fff2fff1fdf1fef300f2
494,82726511,-93,11,128,1,0,1,744dd74102fe0000000101020002000300030001000002fe01fcfefdfffe00fe01000101fffffefefe00feff00fe0000ff01fe00ffffffff000000000000000000000000000000000000ffff00ff020000fefefffe01f604ec06f404fb02fdf800eefff6fdfdfefefd00fe00ff00000001ff0100ff03fe00fdfcfc00fc02fdfe
495,82830852,-94,11,128,1,0,1,cffeec4102ff0200fefefdfefffe01ff0102fe02fd0001fe02fe010001010000fefefdfcfefc00fd00feff00ff01ff00ff00ffff0000000000000000000000000000000000000000000000ff00ff01ff02fd00fcfdffff02020002fe01ff000100ff00fb00fe0000fffffefefefefefdfcfffc01fe00f9fcf3f7f8f7fbfafcfc
496,82831934,-92,11,128,1,0,1,a9999a41fefefcfffd0000fd01fb03fb01fd00fe00fd00fdffffff00fffffe00fe0100ff00fffffffefefffdfffefefffeffff00ff00ffff0000000000000000000000000000000000000100030000fefffd00fd00fdfefefefffdfefdffff020104020102fe010101010100ff01fc02fd0202000300fa07f40cfc0703040204
497,82896109,-93,11,128,1,0,1,4ff1144106fb01fcfaf5f7f6f6fdf800f8fef7fdf7fef6fff6fff6fef4fdf5fcf7fcf9fcf8fcfafeffffff00fe02fd04fe06fe07fd07ff0100000000000000000000000000000000000000000203030305030801070105010404060608050803060406060706050302fe03fb06fb07fa05f604f403f503f504f305f202f9fefe
498,83101180,-93,11,128,1,0,1,4ff11400f902fb03fd04020405040505070409050a060a06080508070908080a080907070405020101ff02fe03fc02f802f905f807f702fe000000000000000000000000000000000000fefffbfdfcfefafef7fef6fef5fef4fdf5fdf6fcf7faf7f9f9fbfafdf9fefa00fb02fc03fb03fb03fb06fb0bfb0cfc0afa0af70cf90d
499,83715311,-90,11,128,1,0,1,4ff114000801060005fe03fb01f801f602f503f302f102f203f404f305f305f502f900f902f802f9fffcfdfcfdfcfcfbfafbf9fbfafcfeff000000000000000000000000000000000000ff00fe03ff04010503070409030a010aff0bfd0afb0afc0afe0afe0afe0800040302050008fe0cfd0eff0d010c030e03110311050f03
500,83920140,-92,11,128,1,0,1,4ff1140008f705f801fbfdfcf9fcf7fcf8f9f6f6f4f4f4f4f5f6f7f7fbf5fdf6fbf9fafafaf8faf9fcfcfbfdf9fff702f605f804f902fe00000000000000000000000000000000000000ff000000020104010501060209040807070a080a05090208030707050804060307010afe09fa07f606f608f70bf80cf70cf30ef30ff8
501,84423049,-94,11,128,1,0,1,c6622c4100fefe01010403040001fefdfefefc01fd01fe02fe03fe01fe00fd00fdfefcfefffe00fefffefefffffefefefefe00fe00fdffff000000000000000000000000000000000000fe01fa02fcfefefd00fd00fdfd01fd00fefcfefdfe00fd01fcfffefeff00fe01fbfefcfeffff00fe01ff01fe02f403ed03f602ff0100
502,84424608,-92,11,128,1,0,1,f5555f4101020003fe03fd01ff000000ffffff00fe00ffff00fefffeffff00ff01fe02fe02fd00fdfffffe00ff010002000200010200010000000000000000000000000000000000000000fe02fc02fe00fffefefffe00ff0100020002ff01fffeffffff02000100ff03fe0500050003ffff01fe0200fdf7f8eefbfaff060003
503,84636953,-92,11,128,1,0,1,4ff11400fa07f90afb090006020503070409040a030d040e050c020cfe0cfd09fd05fc06fc07fd06ff04010102000302030404040304000100000000000000000000000000000000000000000002fd04fb04fa05f906f905f704f602f402f203f202f602fa00fc00fc04fa08fb08ff070008fd0afd0afa0af50df710fa0ef608
504,85046567,-95,11,128,1,0,1,4ff1144105fa01fd00fd00fcfdfbfbfbf9fef6fff4fef4fdf6fcf8fbf8faf9fbfafbf8fbf8fefb01fc02fd01ff02fe03fd04fd05fd03ff00000000000000000000000000000000000000ff00ff01000002ff0301030205030604040503060507050604030300020101030001fefdfffa02f903f805f908f808f408f208f405f4
505,86919209,-34,11,128,1,0,1,1ee001001a081c091d0a1d0c1c0d1a0d170c140a11070f040d000bfc0bf70bf30cf00eed11ec13ec14ed15ef15f214f412f60ff80df903fe000000000000000000000000000000000000fb02ee0aed09ee07ef06f105f305f606f908fc0afe0d001100150018001bff1cfd1dfc1dfb1bfb19fb17fd14ff10020c06090b080e07
506,86975610,-33,11,128,1,0,1,1ee001000519051b051d041d031e011c011a00170113020f040b07080a050d021101140117021804190618071609140911090e080c080201000000000000000000000000000000000000fbfdeff3f0f3f1f2f3f3f4f4f5f6f5f9f5fcf400f303f106ed09eb0ae80be70be50ae50ae508e607e806eb06f006f407f909fd0bff0d
507,86977039,-33,11,128,1,0,1,1ee0010017f51af41cf51df61df71bf919fa17fb13fb0ffa0bf906f703f400f1ffeefeebffe801e603e504e606e807ea07ed07f006f201fc000000000000000000000000000000000000fe04f812f712f610f60ff70df90cfb0bfe0a020a060b090d0c100f121014101610170f180e180c160b150a12090e09090a050d010ffe
508,87030482,-32,11,128,1,0,1,1ee0010006e807e509e40ae30be40be60be80aeb08ee05f101f4fdf7f9f8f4f9f0f9edf7ebf5eaf3eaf1ecf0eeeff0f0f3f1f6f2f7f4fefd000000000000000000000000000000000000000401130013ff12ff11ff0fff0e010c030906070a050e0412041504170519051a071a081a0818091608130710040c010afd08f907f6
509,87406615,-37,11,128,1,0,1,1ee00100e700e400e3ffe3fee3fee6fde9fdecfeeffff301f703fb06ff09020d0410051304160417021801170015ff13ff11ff0eff0bff0200000000000000000000000000000000000004011205110610070f070c070a05080306ff04fb03f703f303ee04eb05e807e708e609e609e709e908eb06ef04f200f6fcf9f8fcf4fe
510,87409945,-37,11,128,1,0,1,1ee00100f9e7fae5fae3fbe3fce3fde5fde8fdebfdeffcf3faf8f8fcf500f303f006ec07ea07e806e705e804e902eb01ee00f100f300fd00000000000000000000000000000000000000000401130013ff12fe10fe0efe0b00090206050309010dff12fe16fe18fe1aff1b001b021a021803150212020e0009fe05fa01f6fff3
511,87660822,-28,11,128,1,0,1,1ee00100eaf4e6f1e3f0e2eee1ede3ede5eee7f0eaf2eef6f3faf7fefb03ff08020e03130417041a031c021c001cff1afe17fd14fd11ff04000000000000000000000000000000000000fe05f816f816f715f614f612f810f90dfc0a000605020aff0ffd14fb18f91cf91ef820f820f91ff91dfa1afb15fb0ffc08fb02fafdf9
512,87661428,-29,11,128,1,0,1,1ee00100f3eaf1e6f0e3f0e1f0e0f1e1f2e3f3e6f5e9f6eef7f4f9fafa00fa07fa0cf811f615f418f319f118f117f115f212f30ff40dfd03000000000000000000000000000000000000fb04ef10ee0fed0eed0def0bf10af408f807fd05030408040e05140618061b081e091f0a1f0a1d0a1c0a190914070f04090005fc01f9
513,87661982,-28,11,128,1,0,1,1ee00100f013ed16eb18e91ae81ae918ea16ec14ef12f30ef70bfd07020408020e01130017011a021c031c041b05190716071306100603010000000000000000000000000000000000000501150715081509130a11090f080c06090306ff03fb00f5fef0fdeafce6fce3fce0fcdefddefde0fee2fee5feeafdf0fcf6fafcf901
514,87662416,-28,11,128,1,0,1,1ee0010015f51af31df21ff120f11ff31df41af516f611f70bf905f9fffaf9f9f3f8eef7ebf5e9f2e8f0e8efe9eeeceeeeeff1f1f3f3fdfc000000000000000000000000000000000000fbfceeefefeef0edf1eef3eff5f1f6f4f8f8f9fdfa03fb09fa0ff914f818f71bf61ef51ff41ff41df41bf618f814fb0eff0903050701
515,87662981,-28,11,128,1,0,1,1ee00100ecf0e8ede6ebe5eae5e9e6e9e8eaeaecedeff0f3f4f8f7fdfb03fd08ff0e0013ff17fe1afd1cfc1cfb1bfa19fa16fa13fa10fe03000000000000000000000000000000000000fd05f615f515f414f413f511f60ff80cfb09000604030a0010fe15fd19fc1cfc1ffc20fd21fd1ffe1dfe1afe15fe0ffe09fc03fafef9
516,87665667,-28,11,128,1,0,1,1ee00100ec0fe812e614e414e314e413e511e810ec0ef00bf609fc06020508030e03130317041a061b071b081a09180a150912090f0803020000000000000000000000000000000000000403110f101010110e100d0f0b0d090a0706050104fb03f503ef03ea04e704e305e006df06df07e106e306e604eb02f0fff6fbfcf800
517,88221041,-93,11,128,1,0,1,4ff114000603020301030102030004fc05fb08f909f608f506f605f606f605f906fa06fa04f903fa03fc02fd00fafef9fef8fff8fef8fffe0000000000000000000000000000000000000000030203030402050205060709070704060408050a050a030801060104020104ff0400050108010a000eff11ff11fe11ff11020e02
518,89961904,-93,11,128,1,0,1,4ff11441f806fb0afd0afe09fc08fe0602070308010800090008fe08fd0aff090107ff06fd05fe05ff04ff04010402060206020400040001000000000000000000000000000000000000ff00fb02fb01fb02fb02fc02fb03f903f903f803f802fa00fa00f800f902fb03fd03ff020002fe04fc06fb07fc09fc0afa08f508f308
519,90371497,-92,11,128,1,0,1,4ff11400f504f903fc02fe02ff07ff090009020a03090208020a010d000c00090008000600040103010300040103040205020402050001ff000000000000000000000000000000000000ff00fd02fb02fc01fb01f801f501f500f7fef6fef6fdf7fbf7fcf6fcf8fbf9fef903fd050003fd05fa0bf80cf609f607f507f307f406
520,90464579,-93,11,128,1,0,1,100cc1410100ff00ffff01fe00fdfffefc02f806f500f7fcfc06020303f406f509fc08fb04fa00fbfffeffffffff02000301fffdf9fcfdff000000000000000000000000000000000000fffffdfbfefbfffefffdfefafefa00fe0100fefffdff00ff01000001fe01fc01fe00010002010302030103fd02fe00ffff00fd02fe03
521,90473910,-90,11,128,1,0,1,4ff11400010d020c0409070308000601050106000aff0900090009020a020a02080304050204010100fefffb00fb00fd02fb03fb02fe000000000000000000000000000000000000000000ff00ff0002fe06fe07ff06fe08fc0bfa09f806f905f907f806f903fa03fd0301030203020302060309030d040f030c040b060b0407
522,90613535,-94,11,128,1,0,1,faaddf41040005fe02feffffff0301050606080504fdfdf602f50afd090101fbf9f8f9f8fbfcfdfdfffeff02010302ff02fa03f906fe0200000000000000000000000000000000000000fffffefefefdfffe0000ff0100ff01fefffffe00fe00fc00fc00fe01ff0301060004000202010101fe00fefdfefdfd01ff0002fb03f8
523,90678727,-90,11,128,1,0,1,4ff114000afd08fb06fe06fe04fafff8fcf5fff502f503f303f201f402f504f605f704f703fb03fd01fcfffcfefdfcfefcfcfdf9fdf9fffe00000000000000000000000000000000000001000401050106ff07fe08ff080208040a050c040b040906070705060403050106ff06fd08f90af70bf70af70af70df710f712f811fb
524,91414183,-31,11,128,1,0,1,1ee0010014f617f519f61af61bf719f917fa15fa11fa0dfa09f905f702f5fff2fdeffcecfceafde8ffe700e701e902eb03ed03f003f200fc000000000000000000000000000000000000fc03f30ef20df20bf20af308f507f707fa06fe070208050b080e0a110b130c150b170a180918081707150612060e060a070509010bfe
525,91414652,-31,11,128,1,0,1,1ee00100e309e009de09dc08dc07de05e104e404e904ed05f207f70afc0dff1101150219021c011eff1ffe1efc1cfb1afa17fb14fb11ff0400000000000000000000000000000000000004fc12f013f213f313f511f70ff80bf807f802f6fef4faf0f7ecf5e8f4e5f3e2f4e0f5dff7dff9e1f9e3fae7faecf9f2f7f7f4fcf100
526,91415159,-31,11,128,1,0,1,1ee0010009180a1b0a1d091e081e071d061a05170513060f070a09060c020eff12fd15fc18fc1afd1bfe1a0019011702140211020f020300000000000000000000000000000000000000fcfcf0f1f1f0f3eff5f0f6f1f7f3f8f6f8faf7fef602f306ef09ec0be90ce70ce50be40be409e508e707ea06ef06f406f908fd0a010d
527,91415797,-31,11,128,1,0,1,1ee00100e8f3e6f1e5efe5eee6ede8edeaeeecf0eff3f1f7f3fbf400f405f409f30df110ef12ec12eb11ea10eb0eeb0ced0af008f207fc010000000000000000000000000000000000000500140214031304120510050e040b0209ff07fc06f706f307ee08ea09e80be60de50ee50fe70ee90eeb0ced08f004f3fff5faf6f6f6
528,91421357,-31,11,128,1,0,1,1ee00100fae3fadffbddfcdcfddcfedeffe1ffe4fee8fcecfaf1f6f5f2f8eefbeafde6fde4fbe2f9e2f7e3f6e4f5e7f5eaf5eef6f0f7fcfd00000000000000000000000000000000000004040f110e110d120b120910080e080b080709020cfe0ffa13f717f51af51df51ff620f71ff81efa1bfb18fb13fb0ef909f704f301f0
529,91421936,-31,11,128,1,0,1,1ee001000de50fe310e212e113e213e412e710e90cec08ee04f1fff2f9f3f5f2f1f1edeeececebeaece8eee7f0e8f2e9f5ebf7edf8effefc00000000000000000000000000000000000000050017ff17fd16fc14fc12fd0fff0d020a05080a060f06140618071b081d0a1e0c1d0d1c0e1a0e180d150b12080e030cfe0bf90af5
530,91422350,-31,11,128,1,0,1,1ee00100e9ede6ebe6e9e6e7e7e7e9e7ebe9edebefeff1f3f2f8f2fef203f008ee0bec0ee90fe60fe50ee40ce50ae608e906ec05ee04fb010000000000000000000000000000000000000500160416051507130711070e060c030a0009fc08f708f20aed0ce90ee710e511e413e513e613e812eb10ed0bf006f201f4fbf4f7f3
531,91422768,-31,11,128,1,0,1,1ee00100170f1a121b141b151a17181616151312110e0f0a0e050d000dfb0ef60ff212ef15ee17ee19ef19f019f218f415f612f810f904fe000000000000000000000000000000000000faffe8fde9fceafaebf9edf9f0fbf2fdf500f704f809f80ef713f517f419f21bf01cee1cee1aee18ef16f113f510fa0eff0c050b090b
532,91423192,-31,11,128,1,0,1,1ee00100f7e7f7e4f7e2f8e1fae1fbe2fce5fce8fcebfbeff9f3f7f7f4fbf0feedffeaffe7ffe5fde5fce5fae7f9e9f8ecf8eff9f1f9fcfe0000000000000000000000000000000000000403100c0f0d0d0e0c0e0a0c090a0808080408000afd0cf910f613f415f317f319f31af41af519f717f814f910f90bf906f702f4fff2
533,91423672,-31,11,128,1,0,1,1ee0010007e809e50be40ce30de40de60ce80beb09ed05f002f2fdf4f9f5f5f5f1f4eef3ecf0eceeecedeeecf0ecf2edf4eef6f0f7f2fefc000000000000000000000000000000000000010404130313011300120010000e010b0308060609030d021202150218031a041b051b071a0818081608140710040d010afd09f808f5
534,91424461,-31,11,128,1,0,1,1ee001000d190e1c0f1e0e200d200b1f091c081908150810090b0b070d0210fe14fc18fb1bfb1dfc1efe1d001c011a031703130311030400000000000000000000000000000000000000fafdebf5ecf3edf2eff2f1f3f3f5f5f8f5fcf600f505f309f00ded10eb12e812e512e412e410e50ee70dea0bef0af40afa0aff0c030e
535,91425131,-31,11,128,1,0,1,1ee001001c031f032105220621071f081c081a07160512020ffe0cfa09f508f108ed09e90be60de50fe510e710e910eb0fee0df10cf302fc000000000000000000000000000000000000fa02eb08ea07ea05eb04ed03f003f304f705fa08fd0bff1001140118011b001eff20fe20fd1ffc1dfc1bfc17fe13010e050a0a070e05
536,91451698,-31,11,128,1,0,1,5220050015ee18ec1bec1ded1dee1cf01bf219f315f411f40cf408f204f001eeffebfee7fee500e302e204e205e406e607e907eb06ed01fb00000000000000000000000000000000000001050415031501150013ff11000f010d040b07090b080f0713081709190b1a0d1b0f1a10191117111510130e110b0f070e020ffd10f9
537,91456116,-31,11,128,1,0,1,522005001512171517171718161a1519121810160f130e0f0d0b0e060f0211fe14fc17fa1afa1cfb1dfd1dff1c011a031704140412040401000000000000000000000000000000000000fb02eb09eb08eb06ec05ee04f004f205f507f809fa0dfb11fb15fa18fa1af81cf61df51ef41cf41bf419f616f813fc10000f050e080e
538,91459424,-31,11,128,1,0,1,5220050011ee14ec16ec18ed19ed18ef17f115f312f30ff40bf407f303f200f0feeefdeafde8fee600e502e503e604e805eb05ed05ef01fc00000000000000000000000000000000000001040612051204120311020f020e030c050907070a060e061206150617071808190a190b180c160c150c130b10080e050d010dfd0ef9
539,91461147,-31,11,128,1,0,1,52200500150a180c190d190f191017111510130f110c0f090e060d020dfe0efb10f812f615f517f618f719f918fb17fd15fe12ff10ff0400000000000000000000000000000000000000fc03f10df10cf00af109f208f407f608f908fb0afe0c000f0112011501170019ff1bfe1bfd1afc19fc18fd16fe12000f040c070b0a0a
540,91473751,-31,11,128,1,0,1,5220050001e402e103e004de06de07e007e207e406e704e901ecfeeffaf0f6f1f3f1f0efeeedeeeaeee8f0e7f2e7f4e7f7e9f9eafaecfefb0000000000000000000000000000000000000501140514061307110710070e060e040d010dfe0efb10f712f514f316f218f21af21bf31bf41bf519f617f714f70ff60cf509f207f0
541,91476901,-31,11,128,1,0,1,5220050015f018ee1aee1cee1def1cf11bf31af417f514f510f50cf408f205ef04ed03e904e606e508e409e40be60ce80ceb0cee0cf003fc00000000000000000000000000000000000002040a120913071206120510060f060d080b0a090d0710061406170719081a091b0b1b0c1a0d190d180c160b13091106100210fe11fa
542,91502518,-31,11,128,1,0,1,5220050018f61bf51ef520f521f720f81ffa1dfb1afb16fb12fa0ef80af507f206ee06eb07e809e60be50de60fe810ea10ed0ff00ef203fc000000000000000000000000000000000000000502150015ff15ff14fe13ff110010020e050d080c0c0c0f0d120f1410151116131615161514151315121310100e0c0e080f041000
543,91518756,-31,11,128,1,0,1,52200500eaf8e6f8e5f6e4f4e4f3e5f2e7f2e9f2ebf4eef6f0f9f2fdf401f405f309f10cef0eec0eea0de90ce80ae907eb05ed03ef02fb0000000000000000000000000000000000000003fc0df20ef30ef30ef40df50cf60bf608f506f503f301f1ffeefdebfde9fde7fde5fee4ffe400e501e601e800ebfeeefcf1f9f4f6f6
544,91823608,-94,11,128,1,0,1,7ddcc7410004ff03fd00feffff02fe02ff0100020003000100ff00feffff0000ff01fb02fd0000fefffffd01fd01fefefffe020103020000000000000000000000000000000000000000ff00fd02fe020002010001fe00000000fefefe00ff030002ff01ff01ff01fefffdfefd01fd02ff0001010002f500ecfff6fd00fc00fc
545,91845682,-37,11,128,1,0,1,1ee0010013e115e016e116e215e513e810ec0bef06f2fff5f9f7f2f9edfae8f9e3f8e0f6def3dff1e1efe4efe7f0ebf1eff4f2f7f5fafdfe000000000000000000000000000000000000fa02eb09ec07ed06f005f404f805fc060108060a0a0d0e1110151218121a121c101d0f1c0d190c160a11090c080608ff09f80bf10dec
546,91927168,-93,11,128,1,0,1,3eedd34100fe0101010100ff00fd02ff02030105000206040b0b05080202fff7fbeefdf600000000fdfefcfeffff02fe02fb00fafffbffff000000000000000000000000000000000000fffffffe01fc02fb01fd00fefffefffffe00fdfffffe01ff0000000101010201020201030102ff02ff0101fd04fd06ff04fafff5fcf8
547,91928360,-93,11,128,1,0,1,388bb34100fc0201010300ff02fc05fd05fe02000000f803ef09f603fffdfb0bf917fb0bfeff00020204040203ff00ff0101000200ff00ff0000000000000000000000000000000000000000020102000100020003fe02fd0000fefffefefffe01ff02000201020303030401020002ff03fe03010001fe01fd01f8fef4fdf801
548,92009958,-95,11,128,1,0,1,4ff114410005000603030502050105ff05ff0501070408050505020601060104010400040003010001feffff00020202020202030203000000000000000000000000000000000000000000ff03fe01fe02fd03fe04fd06fe06ff04ff030106030803060202010001010003ff02ff02ff05fd06fe050206050a060b0609060606
549,94538413,-92,11,128,1,0,1,c11ccc41ff00ff00ffff010001fffffdfdfdfe02ff03f7fdf0f8f8fa00fd0afc14fa09fdfe000000010200030002000000fd00fcfefcffff00000000000000000000000000000000000000ff02fe01ff0001fd01fdfefdfbfffc01feff00fe01ff030003030004fe04fd02feff00fe01feff01ff02ff01ff03ff06fd04fafffd
550,96003670,-91,11,128,1,0,1,4ff1140003f501f701f800fafffbfdfaf8f9f6f7f6f6f7f6f6f7f6f7f6f4f8f3f9f5fafafcfdfefffefefefefc00fa01f802f803fa03fe0000000000000000000000000000000000000000ff03fe04000501060109020a020a020b020d020c010b020a0307020401040004ff04fe04fb05f703f402f305f109f10bf20bf20cef
551,96023394,-37,11,128,1,0,1,1ee00100f10dee0eed0fec11ec13ed14ef15f115f214f412f510f50df50af408f205f003ef02ed01ec00eb00eb00eb01ec01ed01ee00fb0000000000000000000000000000000000000002030a0f0b0f0c0f0c0e0c0d0b0c0a0c080b050b010cfe0dfb0ff911f813f815f818f919fb1afc1afe1a001800160013ff10fd0efb0d
552,96248354,-38,11,128,1,0,1,1ee00100f713f516f418f41af51cf61df81dfa1cfc1bfd18fc16fb13f910f70ef40cf10bef0aed09eb09ea09ea09ea09eb08ec07ed06fb01000000000000000000000000000000000000050215081608160716061505130411040f050c060809050c031002130217031a041c071d091d0b1c0d1b0e190d160b130810050f020f
553,96254737,-38,11,128,1,0,1,1ee00100fb14fa17f91afa1cfb1efd1eff1e001d011b02180116ff13fd11fa0ff70ef40df10def0ced0cec0dec0cec0ced0cee0bee0afb02000000000000000000000000000000000000050017021801180018ff16ff15fe12ff10000d020a06080a070f0613081609180b1a0e1b101a12191317131512120f0f0c0e080d050d
554,96255655,-38,11,128,1,0,1,1ee001000e0a100d120e140e150e160d170b170a1608140711060f060c070a09080b060e040f03110312021302130213021202120111000400000000000000000000000000000000000002fb0aee0aee09ed08ed07ee06ef06f106f307f709fa0bfd0eff11011301160119001afe1afc1afb19f917f815f811f90ffb0efe0d00
555,96261863,-38,11,128,1,0,1,1ee0010007ee09ec09ea09e808e607e605e603e602e701e901ec02ee04f106f309f50bf60df70ff711f712f712f712f711f710f810f903fe000000000000000000000000000000000000fbfeecf9ebf9ebfaebfbecfcedfceffdf1fcf4faf7f8faf5fcf1fdeefdebfbe9fae6f8e5f6e5f4e6f3e8f2eaf3ecf5eff7f1faf2fdf2
556,96272544,-38,11,128,1,0,1,1ee0010011061408160819081a081a061a04190317011500130010020d040b070909080c070f07110612061306130613061206110510010400000000000000000000000000000000000000fa00ebffeafeeafeeafdebfeedfeef00f102f406f609f80df911f914f816f718f519f318f117f015ef13ef11f00ef30cf60cf90dfc
557,96273779,-37,11,128,1,0,1,1ee001000b130c170e18101a121a131914171515141212100f0e0c0d080d050e010ffe11fb13fa14f816f816f816f916f915f914f913fe0400000000000000000000000000000000000004fb10ed10ec0feb0eeb0dec0bee0bf00bf30bf70cfc0e011104140717081a091d082007200520031f011dff1afe16ff12000f030d05
558,96275050,-38,11,128,1,0,1,1ee001000013ff160018011a021b041b051a0718071607140511030f000efd0dfa0cf70cf40cf20df10df00df00ef10ef10df20cf30bfc0200000000000000000000000000000000000004fe13f813f813f713f611f710f70ef90dfb0bfe0a020a060a0a0c0e0d101011121214121611170f170d160b140910080d080a09070a
559,96275528,-38,11,128,1,0,1,1ee0010004ec05ea05e805e503e401e400e4fee5fde8fdeafeedffef02f104f307f40af50df50ff511f511f511f511f510f50ff60ff703fd000000000000000000000000000000000000fa00eb01ea02ea02eb03ec03ee03f002f201f4fef6faf7f6f8f2f7eff6ecf4eaf2e8f0e8eee9edeaecececeeeef1f1f3f5f4f8f4fbf4
560,96413254,-93,11,128,1,0,1,4ff11441f6fff500f500f700fb03fc05fc05fc05fc09fc0bfc09fc07fb07fb07fd05fd02fe02ff0300010000020004000500040104020100000000000000000000000000000000000000ff00ff0100fe00fb00fb00f901f803f904f906f907fa08fb08fb05fc02fd02fc01fcfffdfdfdfafbf8f9f8f8f7f8f5faf4fbf4faf4f6
561,96434688,-37,11,128,1,0,1,1ee00100ed0fea11e913e915e916eb16ee16f014f312f60ef70af805f900f9fbf8f7f7f2f7eff6ecf5ebf5ebf4ebf4ecf5eef6f0f7f1fefc00000000000000000000000000000000000001fa05e905e905ea04ec04ee04f204f505fa07ff09040b090d0d101013121513171418131911180f170d140b0f090a070506ff06fa07
562,96436062,-37,11,128,1,0,1,1ee00100e702e403e204e106e107e308e509e809eb08ef07f304f601f9fdfcf8fef400f001ed02ea02e902e801e801e900eb00ed01ef00fb00000000000000000000000000000000000003fb0fef0fef0ff00ef10cf30bf609fa07fe06030508040d04130517061a081c091d0b1d0c1c0c190c170b140810050c0008fc05f804
563,96437440,-37,11,128,1,0,1,1ee00100111014131613181319131911180e160c130a10080b0606060106fc07f708f309f00aed0bec0cec0cec0ced0cef0bf00af109fc02000000000000000000000000000000000000faffe8fee9feeafeebfeeefef1fef4fdf9fbfdf902f607f30aef0dec0fe910e710e50fe40de40be50ae708e906ee05f405fa07ff0803
564,96437871,-37,11,128,1,0,1,1ee001000ff111ef12ed12eb12ea10ea0eeb0cec09ee07f106f505fa05fe06030707080b080e09100a110a110b110a100a0f090d080c0103000000000000000000000000000000000000ff05fc14fc13fc13fc11fc0ffc0cfc09fb05f901f7fcf5f8f2f4f0f2edf0ebefe9efe8f0e8f1e9f3eaf5edf6f1f8f5f9fafafff903f9
565,96442850,-37,11,128,1,0,1,1ee00100fae9f9e5f8e3f6e2f5e2f4e3f4e5f4e8f4ebf6eff9f3fdf601f906fc0afe0eff1201150216021702170216011501130111010400000000000000000000000000000000000000040213091309120911080f080c0708060406ff06f906f407ef08eb09e80be60de50fe510e711e911eb10ee0ef10bf507f803fafdfbf9
566,96447008,-38,11,128,1,0,1,1ee0010011f013ed14eb14e914e812e80fe90dea0bed08f007f506f906ff06040608070c07100812091409140914091308120710060f0103000000000000000000000000000000000000000501160116011500130011ff0efe0afc06fa02f6fdf3f9eff5ecf2e9f1e7f0e5f0e4f1e4f3e5f4e7f6eaf8eef9f4fafafafff903f8
567,96448255,-37,11,128,1,0,1,1ee00100130d160f18101a0f1b0e1b0c190b1709140710050c0507040205fd06f808f409f10bef0ced0ded0dee0dee0df00cf10af209fc02000000000000000000000000000000000000fa01e905ea05ea05ec04ef03f102f400f8fdfcfa00f604f207ed09ea0ae70ae409e208e207e205e304e503e902ed03f304f805fe0701
568,96450580,-37,11,128,1,0,1,1ee0010000e8ffe4ffe2fde1fce0fbe2fae4fae7faeafbeefdf300f703fb07fe0a010e04110613071507150815071407130611060f0503010000000000000000000000000000000000000403110d110d110c0f0b0d0a0a0906070206fd05f805f205ed05e905e606e408e309e20be40ce60ce90bec0af008f405f800fbfcfdf8
569,96492078,-38,11,128,1,0,1,52200500f5e9f3e6f2e5f0e5efe5efe7efeaf0edf2f0f5f3f9f6fdf902fb07fd0cfe10ff14ff16ff17ff18ff17ff15ff13ff11ff0f000300000000000000000000000000000000000000050014011401130111010f010c0208030404ff06fa08f60af20def10ed12ec14ec15ec17ee16f016f214f411f60df808fa02fafdfbf9
570,96494018,-37,11,128,1,0,1,522005000be50ce20cdf0bde0add08df06e104e403e802ee03f404fa050007050a0a0c0f0e120f141016101610150f140e120c100a0e02030000000000000000000000000000000000000404111210110f100e0f0b0d080b0409ff06fa04f402ee00e8ffe4ffe1ffde00dd01dd03de04e105e405e804ed03f300f9fdfef902f6
571,96501634,-38,11,128,1,0,1,5220050018f11aef1bed1beb1bea19ea16eb13ec0fef0cf209f706fd04020208010e0013ff16fe19fe1bfe1bfe1aff19ff17ff14fe11ff04000000000000000000000000000000000000020508170816071506130410020d0009fc05f900f5fcf0f8ecf4e8f2e5f1e3f0e1f0e0f2e1f3e3f5e6f7e9f8effaf5fafcfb02fa07f9
572,97083840,-41,11,128,1,0,1,1ee00100e20ce00de00de00de10de40ce80bec0af108f707fd05040309020f01140019001b011d021d021c031a031804140310020d020300000000000000000000000000000000000000ff06fb18fa17fa14fa10fb0cfc07ff0202fd06f80af30eef12eb15e917e818e819e818e916eb13ee10f00bf306f700fbfafff402f005
573,97086589,-41,11,128,1,0,1,1ee0010004e405e205e104e204e303e602e901edfff1fef6fcfcfb01f906f80bf60ff412f214f115f015f014f112f210f40df60bf809fe02000000000000000000000000000000000000fcfbf1eff3eff5f1f7f3faf6fcfafefe00030209030e04130418041b041d031d031d021c021a02160212020e0208020202fc03f604f2
574,97090646,-41,11,128,1,0,1,1ee0010005e206df07df07df07e006e305e603ea01effff4fcf9f9fff604f308f00ced0fea10e810e710e70ee80cea0bed09f007f305fd01000000000000000000000000000000000000fafee8f8eaf8edf7f1f8f5faf9fcfd0001040509080e0a130c180d1b0d1d0c1e0b1f0a1e091b08170713060f0508040204fb05f405f0
575,97648971,-38,11,128,1,0,1,1ee00100f819f71bf71df71df81cf91afa17fc13fd0ffe0aff0400fe00f901f402f003ec03e904e804e804e804ea04ec03ef03f202f400fd000000000000000000000000000000000000fd04f511f511f60ff60df80bf908fb04fe0000fc04f707f30aef0ceb0de90ee70ee60ee70de80bea0aec08f006f503fa00fffd05fb09
576,97651185,-38,11,128,1,0,1,1ee00100ff1dff21ff23ff2300220020001c01170112010c010500fffff8fff3feedffe9ffe600e401e301e401e601e801eb01ef01f200fc000000000000000000000000000000000000ff06fe17fe17fd15fd13fd10fd0cfe07fe01fffb00f502ef03e904e404e105df05de05de05e004e203e602eb02f100f8fffffe07fe0c
577,97651641,-38,11,128,1,0,1,1ee00100f61cf520f521f521f621f71ef81bfa17fc12fd0cff0600ff01f902f303ed05e907e608e508e408e508e707ea06ed05f004f301fd000000000000000000000000000000000000fd05f616f615f614f711f80efa0afc06fe0101fb04f607f00aeb0de70ee40fe30fe10fe10ee30ce50be809ec06f203f800fffc06fa0b
578,97652161,-38,11,128,1,0,1,1ee0010006e307df07de07dd07de06e005e403e802ec01f300f9ff00fe06fe0cfd11fb16fa19f91bf91bf81af918f916f913fa0ffb0cfe0200000000000000000000000000000000000001fa06e806e906eb06ed05f004f403f901feff04fc0af910f715f519f41bf31df31ff31ff41df51bf718f813fa0dfd07ff0001f903f4
579,97653485,-38,11,128,1,0,1,1ee001001b0c1e0e1f0f200f200e1d0d1a0b160811060c03060100fff9fdf4fbeff9eaf7e8f5e6f4e6f3e7f3e8f4eaf5edf6f1f7f4f9fdfe0000000000000000000000000000000000000502150b140b130b100a0d090a0705040101fcfef7faf1f6ecf3e9f0e7eee5ece3ece3ece5ede7efe9f1edf4f3f7f9fbffff05020a05
580,97655773,-38,11,128,1,0,1,1ee00100fbe6fbe3fbe2fbe2fae2fae4fbe7fbebfbeffcf5fefaffff0105020a030e04120415041704180317031502140211010e000b0002000000000000000000000000000000000000fffaffebffecffed00ef00f200f500f900fd00030008ff0eff13fe17ff1afe1bfe1cfe1cff1b001800160012000cff07ff0100fafff6
581,100108880,-30,11,128,1,0,1,1ee0010001eb01e701e502e304e205e306e407e506e705ea03ed01f0fdf2faf4f6f4f3f3f1f1f0efefedf0ebf2eaf4eaf6ebf9ecfaedfefb0000000000000000000000000000000000000400100310041105100610060f060f050e040d020d000dfd0ffa10f812f613f515f417f417f418f518f617f714f811f80ef70bf609f4
582,100304571,-90,11,128,1,0,1,4ff1140008ff05ff040004ff04fc02f9fef8fbf5faf4f9f4f9f2faf3fbf5fef6fff6fff7fffafcfcfbfefb00fbfffafff9fff8fff800fe00000000000000000000000000000000000000fffffc00fe020304060505050707080a060b040a03080209ff0bfd09fe070204020003fe04fe06fe08fc0cfb0ffd0ffb0ff80ff90ef9
583,100611772,-92,11,128,1,0,1,4ff1140003f700f5fff7fdfbf9fcf8fdf6fef5fdf4fcf2fdf2fcf4fbf4fcf5fdf7fdf9fefafefbfffc00fc01fe03ff03ff03fd04fc03ff00000000000000000000000000000000000000ffff00ff03fe05fc05fc06fb08fb08fc08ff0700070008010701060005fe04fd03fd01fbfff7fef5fef100ef01f101f102ee01ed00ee
584,100918977,-95,11,128,1,0,1,4ff1140000f702f803f9fef9f9fbf8fef7fff4fcf3faf4f8f5f9f6fcf7fcf7f9f6f8f5f9f7fafbfefd00fc00fa00fb02fc05fd07fb06fe0100000000000000000000000000000000000000ff01fd02fe04ff06ff07ff09fd0afb09fe09000a020a030803040104ff03fefffd00fc01fa00f800f600f400f100ee00ee03ef04f0
585,101021399,-94,11,128,1,0,1,4ff114000bf707fa02fafff9fff8fef7fcf7faf8f9f8f8f7f9f5faf4fbf3fdf3fef800fc02fb00fcfffcfdfdfcfffa01fa01f900f902fe000000000000000000000000000000000000000000010201020301050205020503050405030603050505060404000200010201060107fd04f806f508f409f50bf70cf60df30ef50ef8
586,101536685,-24,11,128,1,0,1,14400141ff0a09ff0af107ed10f61ef822f31ef522fc24fe1ff91cfd1b09160a0e0208fe06fc05f704f203f002ef02f003f005f006f001fc000000000000000000000000000000000000ff03fe0ffd10fc11fa14f818f41af318f518f618f515fb14000f010407060c110a190e181b1a1e1d15180f210d29111e111c1021201a
587,102455310,-96,11,128,1,0,1,c00ccc4104fd00fefeffffffff01fefffffc00fc01fc04fe040001fe01fc02fc02fd01fd01000002ffff00fe020004ff03fe03fe03000000000000000000000000000000000000000000ffff01fe04ff04010402050407060303fe01fdfffefdfefcffff02020102fd01fc02fb03fb03ff0201ff04fd06fdfefdfafcfefc02fd
588,102506359,-39,11,128,1,0,1,1ee0010018061b071e081f081f081e071b06180514040f0309020302fd01f800f2ffeefdebfce9fbe7fae7f9e8f8eaf8ecf8eff8f2f8fcfe0000000000000000000000000000000000000501160516061505140512040e030a02050000fefafbf5f9eff6ebf5e7f3e5f3e3f2e2f2e2f3e4f4e6f6eaf8effaf5fcfbfe01000602
589,102561194,-38,11,128,1,0,1,1ee00100f104ec05ea06e707e507e507e607e706e906ed04f103f502fa00ffff04ff09ff0dff10001201140214041405130611070f070301000000000000000000000000000000000000fe04f812f713f712f712f710f80ffa0dfc0aff06020306ff0afc0df910f613f415f216f117f116f115f113f210f40cf608f803fb00fc
590,102619360,-37,11,128,1,0,1,1ee0010000f4ffefffebffe7ffe5ffe400e400e401e601e801ec01f100f6fefbfd00fa04f708f40bf10def0dee0dec0cec0bec09ec07fb01000000000000000000000000000000000000fb00ee02ed02ec01eb01eb00ec00ed00f001f301f702fb0400070409070b0b0e0d100f1210131114111410140f120c0f0a0b08070704
591,102676789,-34,11,128,1,0,1,1ee001000bf60df210ef12ed14ec15ed15ee15ef14f012f20ff40bf507f602f7fef6fbf4f8f2f6eff5edf6ebf7eaf8e9faeafcebfdecfffb000000000000000000000000000000000000fe04fb11f912f712f612f511f410f50ff60df80bfc0a00090409080a0c0a0f0c110e121113121313121411130f110d0f0b0b0b070b04
592,102728255,-33,11,128,1,0,1,1ee001000c071005140517051a061b071b081b091a0a180a1509120810050d020bff0bfb0cf80df50ff311f312f313f414f614f814f905fe000000000000000000000000000000000000fd03f50ef40ff20ff00fee0eee0ded0cef0bf10af409f70afa0bfd0d000f021203150418041a041b031c021d011b0118011502120310
593,103315428,-91,11,128,1,0,1,d1166d4100fffefefbfffcfefffefdfffcfefefdfdfdfdff00010301020000fe01ff03ff03ff0000ff0201010100000001ff02ff01fe00ff0000000000000000000000000000000000000103040a0206ff06fe080003fef2f9e7fdf200fefc0af815fd0a0000fd02ff0000fbfbfafafbfafafef702fbff00ff0102fffefdf801
594,103315559,-89,11,128,1,0,1,90000941fefefdff00fc00feff0202030303010300030001ffff00ff01ff01ff00fe01fe03ff0200ff01fd00fdfffc01fe020000fffeffff000000000000000000000000000000000000010004030205ff04fc05fe0407f60deb06f6020204f404e304ed04000504040204010602040101fefefdff010205ff04fa06fa06feff
595,103514249,-31,11,128,1,0,1,1ee00100030a090d0e10121315161618171a171a161a141812160f120d0d0a08080208fd08f808f309ef0aec0cea0de90fea0feb10ed04fb000000000000000000000000000000000000fffb00eb01e902e604e506e407e508e708e907ec05f101f6fdfaf7fdf201ed03e805e306e006de06dc05dc05de04e203e603eb03ef03
596,103517636,-31,11,128,1,0,1,1ee00100fe08010d03120416051a051c051d051e041d041b031803140310030b0506070109fd0bfa0ef710f612f514f514f614f714f805fe00000000000000000000000000000000000002fc09f10bf00def0fee11ef11f012f111f30ef50af706f901fafbfaf5faf0faecf9e8f7e5f6e4f5e3f4e3f3e5f3e8f4ebf6eef8f1fa
597,103520075,-31,11,128,1,0,1,1ee00100f7fdf200ed02e903e504e304e103e103e103e302e602ea02ee02f303f804fd060109040c070f081108130815071506150515010500000000000000000000000000000000000003020e090f0a100d110f101110110e110c100a0e080a0606050105fb05f605f107ec08e809e60be40ce30de30de50be809eb07ee05f1
598,103524487,-93,11,128,1,0,1,b5511b4104fe08fe05ff00fefcfcfdfd01fc01fcffff05f90df209f801fdf8fceffbf6fdffffff0000010101010000010103010200020000000000000000000000000000000000000000fefffc00ff0200020001fe02fe0100fe01fe020003010200fffffefd00fd01ff00ff01fa00f8fef9fbfbf901fe0302040106010101fc
599,103526769,-91,11,128,1,0,1,4dd8844104f601fb00000000fefffdfdfffd0000000103ff03fe0001010303040305020202feff00fc02fa00fafffcfefefdfffe00ff0000000000000000000000000000000000000000fffffffdfffefffe00fe00fffe01fe01fe01fd02ffff01fb01fc01ff000003fe05fbfffbfcfeff020102020202010101fe0100030107
600,103527768,-31,11,128,1,0,1,1ee00100f501f005ec09e80ce50ee30ee10fe00ee10ee30ce60be909ee08f407fa07ff08040a090b0c0e0e100f120f140f150d150c150305000000000000000000000000000000000000040013021503170518071909180a170b140b11090d06090206fe03f800f3ffedfee8fee3ffe000de01dd02dc02de02e201e601ea00ee
601,104146306,-30,11,128,1,0,1,1ee00100f901f506f10aee0eeb10e912e712e713e712e810eb0eee0cf20af807fd05020408040c04100413051406150815091409130a040200000000000000000000000000000000000003020c0b0e0d100f11111113111410140e140c11090d0709050304fd03f703f103ec03e704e404e205e006df06e106e405e803ec02ef
602,104147661,-30,11,128,1,0,1,1ee00100f9fdf300ee01e902e503e303e103e102e102e302e602eb02ef02f502fa0300050407080a0a0c0c0e0d100d120d120b120a1202040000000000000000000000000000000000000103050f061206150517051904190319021801150110010b0306050007fa09f50cf10fed11ea13e915e815e715e913eb10ee0df10af3
603,104148205,-30,11,128,1,0,1,1ee00100fafbf4faeff9eaf8e6f7e4f6e3f5e2f4e3f4e5f5e8f6ecf7f1faf5fdf900fd040008020c031004130415031602160015ff15ff05000000000000000000000000000000000000ff04fe10fe13fd16fb18fa19f919f919f817f914fa10fd0b0007040208fe0cfa11f715f518f41af31df31df31cf419f516f712f80ff9
604,104148750,-30,11,128,1,0,1,1ee0010005040b03110316031a041c051d051e061d061b05180514040f030a0006fe01fafef7fbf3f9f0f8edf8ebf8eaf9e9fbeafceafffa000000000000000000000000000000000000fffcfeefffecffe900e701e602e503e603e703eb02ef01f4fef9fbfdf702f306ef0aeb0de90fe610e511e410e50fe80deb0cef0af208
605,104150568,-30,11,128,1,0,1,1ee0010003fa02f301ee01e901e502e302e103e103e104e303e703eb01ef00f5fdfafafef702f305f007ed08eb08ea08ea07ea05ea04fa01000000000000000000000000000000000000fc01ef04ec04e904e703e602e501e500e700eaffeffff300f902fe050308080b0c0e0f121114131614181419121810160e130c0f0a0c
606,104151189,-30,11,128,1,0,1,1ee001000106060a0b0d0e101113121513161317121711150f130c100a0c0707050204fd04f804f304ef05ed06eb07ea08ea09ec09ed02fb00000000000000000000000000000000000002fc0af20bf00eef10ed11ed12ed13ee12f010f20cf508f703f9fdfbf7fcf2fdecfde8fde4fde2fce0fce0fbe1fbe4fbe8fcecfceffd
607,104151634,-30,11,128,1,0,1,1ee00100fafbf4fbeffaeaf9e6f8e4f7e3f6e2f6e3f6e5f6e8f7ecf9f0fbf5fdf900fd040008020c03100412041503160216011500150005000000000000000000000000000000000000000300100013ff15fe18fd19fc19fb19fb17fb14fc10fe0b0106040208fd0cf910f614f417f219f11bf11cf11bf218f315f511f70ef8
608,104153492,-30,11,128,1,0,1,1ee00100fa04f90af70ff613f417f319f11af11af119f218f315f512f80efc090006040308000dff10fe13fe15fe16ff160016011502050000000000000000000000000000000000000003001002120315051706180718091709160a12090e070a04070003fbfff7fcf2faedf8e9f7e5f7e3f7e1f7e1f8e2f9e5f9e9faedfbf0
609,104153970,-30,11,128,1,0,1,1ee00100fafbf4faeff9ebf8e7f6e5f5e4f4e3f4e4f4e6f5e9f6ecf7f1faf5fdf900fd040008020c031003130315031602160115ff15ff05000000000000000000000000000000000000ff04fe10fd13fc15fb17fa18f919f818f816f813fa0ffc0b0007040208fe0dfb11f815f618f41af41cf31df41cf519f616f712f80ff9
610,104154624,-30,11,128,1,0,1,1ee0010006010bfe11fc15fa19f91bf91cf91df91dfa1bfa18fb14fc0ffc0afc04fcfffafbf9f7f6f4f4f2f2f1f0f1eef2eef3eef4eefdfb000000000000000000000000000000000000fdfcf7f1f6eff6ecf5e9f6e8f7e7f8e7f9e8faecfbf0fcf5fbfafa00f905f80bf50ff313f116f018ee1aee1aee18f016f213f50ff70d
611,104157860,-30,11,128,1,0,1,1ee00100f9fcf3feeeffe900e600e3ffe2ffe1fee2fee4fee7feebfeeffff500fa02ff050307060a080d0a100a120a13091408140714010500000000000000000000000000000000000001030410041204150417031902190119001700140010010b0206050107fb0af70df210ef13ed15eb16ea17ea16eb14ee11f00ef30bf5
612,104214531,-31,11,128,1,0,1,1ee00100fef8f9f5f6f2f3f0f0edefebefe9efe9f0e9f1eaf3ecf5eff7f3f8f8f9fdfa01f905f809f70cf50ef40ff20ff20ff10df10cfc03000000000000000000000000000000000000ff03fe10fd12fc15fb16fa17f817f716f714f812fa0efc0a0007040409010dfe12fd16fc19fc1bfc1dfd1dfd1cfe18ff15ff12fe0ffe
613,104215749,-31,11,128,1,0,1,1ee0010002f801f3ffefffebfee7ffe5ffe400e300e401e501e801ec00f0fef5fcf9f9fdf700f302f004ee04ec05eb04eb03eb01ec00fb00000000000000000000000000000000000000fd03f60df40ff110ef11ee11ed10ec0fed0def0bf309f707fc07010607060c0710081409170b180c1a0d1a0e180e150d120b10090d07
614,104220282,-31,11,128,1,0,1,1ee00100fd07ff0c011002140218021a011b011b001b001900160012000e010a0305060108fe0bfc0efa10f912f913f913fa13fc13fd04ff00000000000000000000000000000000000002fc09f20bf00def0fee11ee12ef12f012f20ff40cf607f802f9fdf9f8faf3f9eef8ebf6e8f5e7f4e5f3e5f2e7f2e9f3ecf5eff7f2f9
615,104222396,-31,11,128,1,0,1,1ee0010002f700f2feedfde9fde5fde2fde1fee1fee1ffe3ffe7ffebfeeffdf5fbfaf9fef602f304f006ed07eb08ea07ea06ea05eb04fa00000000000000000000000000000000000000fd03f30ef10fee11ec11ea11e910e90fea0ded0bf108f607fc06020608060d071209160b190c1b0e1c0f1c101a10170e140c110a0e07
616,104229525,-31,11,128,1,0,1,1ee00100fe08020d041106150719081b071c071d071c061a05170414030f040a0505060008fc0bf90df610f411f413f413f513f713f804fe00000000000000000000000000000000000001fc08ef0aed0ceb0eea10ea11eb12ec11ee0ff10bf407f602f8fcfaf6fbf1fbecfae7fae4f9e2f7e1f6e1f5e2f5e6f6e9f8ecfaeffb
617,104230076,-31,11,128,1,0,1,1ee0010007020cff11fd16fb19fb1cfa1dfb1efb1dfb1bfc18fd14fd0ffd0afc05fb00f9fcf7f9f4f7f1f5eff5edf5ebf6ebf8ebf9ecfefb000000000000000000000000000000000000fcfdf1f4f0f2eeefeeedeeebefeaf0eaf2ebf4edf6f2f8f6f9fcf902f907f90df712f616f419f31bf11cf11df11bf218f414f711f90e
618,104234091,-31,11,128,1,0,1,1ee00100f9fbf3fbeefaeafae6f9e4f8e3f7e3f7e3f6e5f6e8f7ecf9f0fbf5fef901fc05ff09010d02100213021501160016ff15fe14ff0500000000000000000000000000000000000001040611061306160518041a031a021a011800150010010b0306060109fc0cf70ff313f015ee18ed19ed1aed19ee17f113f310f40df6
619,104234653,-31,11,128,1,0,1,1ee00100fe07010c031105150619061b061c061d051c041a04170313030e0309040406ff08fb0af80df50ff310f311f312f412f512f604fd00000000000000000000000000000000000003fd0df30ff212f114f016f117f217f316f513f60ff80af904fafefaf8f9f3f8eef7eaf5e7f4e5f2e3f1e3f0e5f0e8f2ebf4eef6f1f8
620,104235194,-31,11,128,1,0,1,1ee00100f906f90cf912f817f61bf51df41ef31ff31ef41cf518f714f910fd0b010705030a010eff12fe15fe17fe18ff180017011603050000000000000000000000000000000000000004fe13fb16fb19fb1cfc1dfd1eff1d001b01170212010dff07fd01f9fcf5f7f1f3edf0e8eee5eee3ede1ede0efe1f1e4f3e8f5ecf6f0
621,104235712,-31,11,128,1,0,1,1ee001000007040c07100a130c160c180c1a0c1a0b1a0a1809150812060d0508050305fe06f908f50af20bf00cef0def0ef00ff10ff203fc00000000000000000000000000000000000002fc0af10bef0eed10ec12ec13ed13ee12f010f30cf508f703f9fdfaf7fbf1fcecfbe8fae5fae3f9e1f8e1f7e2f7e6f8e9f9edfaf0fc
622,104287233,-34,11,128,1,0,1,1ee00100fdfcf9f7f6f3f3eff1ecefebefe9eee9efe9f0ebf2edf4f1f7f4faf9fcfdff020007010b020f02110213021401140014ff13ff04000000000000000000000000000000000000fbffeffdecfde9fce7fbe6fae6f9e7f9e8f9ecf9f0fbf5fcfaffff02040509080d0b110d140f16111712171316121410110d0e0b0c08
623,104415098,-34,11,128,1,0,1,1ee0010003f303ed03e904e604e405e305e305e305e505e804ed02f100f6fdfafafef702f304f006ed07eb07ea07ea05eb04ec02ee01fb00000000000000000000000000000000000000fb01ec03ea03e802e701e700e8ffeaffedfff1fff601fb03ff060409080c0b0f0e13101511171118111910180e160c120a0e08090705
624,104415792,-34,11,128,1,0,1,1ee001000c01120016001a001c011d011d021c021a02170213020e0109ff05fd00fafdf7faf4f8f1f7eef7ecf7ebf9eafaebfcedfdeefffb000000000000000000000000000000000000fdfbf6eef6ecf6eaf7e9f8e9f9e9faebfbedfcf2fcf6fbfcf901f706f50bf20fef12ed14ec15eb15ea16eb15ed12f00ff30cf80afb08
625,104416207,-34,11,128,1,0,1,1ee00100f2fdedfee9fee5fee3fde2fde2fce3fce5fce8fcecfdf1fef600fb02ff050209050b070e08110813071406150414031202110004000000000000000000000000000000000000020408110813071506170517041603140312030e0309040306fe08f90af50df110ee12ec14ea15ea15eb15eb13ee10f00cf308f504f7
626,104417207,-34,11,128,1,0,1,1ee00100fb0cfb12fa16f919f91bf81cf81cf81bf819f816fa12fc0efe090105050109fe0cfc10fa12fa14fa15fa15fc14fd13ff1100040000000000000000000000000000000000000004ff13fc15fc17fd17fe17ff1600150012000e0009fe04fcfff9fbf5f7f2f4eff2ebf0e9efe7efe6efe6f0e7f2e9f4edf6f1f7f6f8f9
627,104417757,-34,11,128,1,0,1,1ee00100070b0a0f0d120f151017101810180f170e150c130a0f080b0607050204fc05f705f307f008ee09ed0aec0bed0cef0cf10bf202fc00000000000000000000000000000000000001fb08ed09ec0beb0ceb0dec0ded0def0bf208f404f7fffafafcf4fdf0feebffe7fee4fee2fee1fde1fce2fce6fceafdeefef300f601
628,104420625,-34,11,128,1,0,1,1ee001000bf90ff512f215f017f018f018f018f116f213f30ff50bf706f901fafcfbf7fbf3faf0f9edf7ecf6ecf5edf4eef4f0f4f2f4fcfd000000000000000000000000000000000000fbfdeef5edf3edf1edf0eeefefeff1f0f3f2f6f6f8fafafffc05fc0afd0ffd14fc18fc1bfb1dfa1efa1efa1cfa19fb15fd10ff0c0108
629,104421638,-34,11,128,1,0,1,1ee00100fb0dfb12fb16fb19fa1bf91cf91cf91bf919fa16fb12fd0dff090204050009fd0cfb0ff912f814f815f915fa14fb12fd11fe04ff00000000000000000000000000000000000004ff14fc15fd17fe18ff17001601150112010e0009ff04fcfff9fbf5f7f2f4eff1ebf0e9efe7efe6efe6f0e7f2e9f4edf6f2f8f7f9fa
630,104422333,-34,11,128,1,0,1,1ee0010006f307ee08ea09e70be50be50ce50ce60be809eb07ee05f202f7fefafafef600f201ee02ec02ea02ea01ea00ebffecfeeefdfbff000000000000000000000000000000000000fb00eb00eaffe8fee8fde8fce9fbebfbeefcf2fdf6fffb02ff06030a060e09120b160c180c1a0c1b0c1b0b1a09180813070f060a0506
631,104422781,-35,11,128,1,0,1,1ee00100f609f30ef111ef14ee15ed16ec15ed14ee13f010f30df70afb07ff05040309020d011001130214031504140513061106100603010000000000000000000000000000000000000401120614071508150a140a130b110b0f090b06080305ff02fa00f5fef0fdecfce7fce4fce2fce2fde2fde3fde6feeafdeffdf3fcf7
632,104432620,-34,11,128,1,0,1,1ee00100f203ed06ea08e709e409e409e408e508e707ea06ee05f305f804fd04020507060b080d0a0f0c100d100e0f0f0d0f0c0e0a0e020300000000000000000000000000000000000003030d0e0d100d120d130c130b120a11080f070b0506050105fb05f606f107ed08e90ae60ae40be40ce40ce50be808ec06f003f400f7
633,104433110,-34,11,128,1,0,1,1ee00100f90cf811f715f618f41af31af31af319f417f614f810fa0cfd080104050109ff0dfe11fd14fd15fe15ff1500140112021102040000000000000000000000000000000000000004ff13fd15fe16ff170117011602140311020d0108ff04fcfff9fcf5f8f1f6eef4eaf2e7f2e5f2e4f3e4f4e5f5e8f7ecf8f1f8f6f9fa
634,104434747,-34,11,128,1,0,1,1ee001000af60cf20fee12ec13eb14eb14eb14ec12ed10f00df309f504f8fffafbfcf6fdf2fdeefcecfbebfaeaf9ebf8ecf7eef7f0f7fcfd000000000000000000000000000000000000fbfeedf9ecf8ebf6eaf5ebf4ecf4eef5f1f6f4f9f7fcfa01fc06ff0b000f01140218021b021d021d011e011d011901150110020b0307
635,104435204,-35,11,128,1,0,1,1ee0010000f1ffecffe8ffe500e300e201e201e301e601e900edfff2fef7fcfcf900f604f307f109ee0aec0aec09eb08ec06ed05ee03fb00000000000000000000000000000000000000fb02ee08ec08ea07e907e906ea05ec04ee03f203f703fc04020607080b0a0f0d120f1412151316141514141312110f0e0c0b0a060803
636,104489751,-36,11,128,1,0,1,1ee00100f5f5f1f2eef0eceeebecebececebedecefedf1eff3f2f6f6f8fbfa00fa04fa09f90df810f612f513f312f211f20ff20df30bfc0200000000000000000000000000000000000001040410031203130214011400130011000f010b0208050408000bfd0efa11f815f617f618f519f61af618f716f812f90efa09fa06f9
637,104491018,-36,11,128,1,0,1,1ee001000dfb12f815f718f61af61bf71af719f817f914fa10fb0cfb07fb01fafdf8f9f6f6f4f4f1f3eff3edf4ecf6ecf8ecf9eefbeffffb000000000000000000000000000000000000fbffeefbeefaedf9edf8edf7eef7f0f7f2f9f5fbf7fefa02fc07fd0bfe0ffe13fe17fd19fd1afc1bfb1bfb1afc17fd13fe0f010b0307
638,107063140,-91,11,128,1,0,1,4ff1140005f500f5fef6fdf8fafbf5fbf3faf3fbf2f9f3f8f6f8f5f6f5f5f8f6fbf7fbf9fafbfbfefa00f9fef9fef900f802f701f6fefdff000000000000000000000000000000000000000001ff03fd03fc04fa07f809f80afa0afa09fb0bfb0cfd09ff08ff08ff06fe03fe00fcfff801f702f5fff2feef00ef03f004f003f0
639,107885531,-35,11,128,1,0,1,1ee00100130f1511171119101a0e190b1709140711060c0508050306ff08fb0bf80ef611f513f515f516f616f815fa13fb11fc0efc0cff02000000000000000000000000000000000000fcfbf0eef0eef0eef0eff2f0f4f2f7f3fbf400f405f50af50ef412f215f116ef17ed17ec15eb13eb11ec0fee0cf20bf70afc0a010b04
640,107891426,-35,11,128,1,0,1,1ee00100efecedeaebe9eaeae9ece9eeeaf1ecf3eff6f4f7f8f8fdf802f706f50af30df10eef0fed0fec0eec0cec0aee09f007f206f401fd00000000000000000000000000000000000003040c130d130d130c120b11090f060e020cfe0af909f408ef09eb09e80ae60ce50ee50fe610e811eb10ed0ef00bf307f502f6fdf6f8
641,107953837,-36,11,128,1,0,1,5220050009ea09e709e508e307e305e403e602e901ec01f102f504fa06fe09020c050f081109130a140a15091408130711060e040c040201000000000000000000000000000000000000000500150015001500150013ff10fe0dfc0afa06f701f3feeffaecf8e9f6e6f6e4f6e3f7e3f8e4fae6fbe9fcedfcf3fcf8fbfcf800f6
642,107960899,-36,11,128,1,0,1,52200500f8e9f7e6f6e5f4e5f3e5f2e7f2eaf2edf4f0f7f3fbf6fff804fa08fb0dfb11fa14fa15f916f715f714f612f710f70df80bf902fe00000000000000000000000000000000000002040b120b130b120b120a10080f060d020bfe09f906f405ef04eb04e805e506e308e309e40ae60be80beb0aef08f204f600f8fbf9f8
643,107963361,-36,11,128,1,0,1,52200500e9f8e6f7e4f7e3f9e2fbe4fce6fee9ffedfff1fff5fdf9fbfdf800f502f104ee05eb05e905e803e802e901eb00ed00f000f300fc00000000000000000000000000000000000005011505150515051505130411050e050a0605070109fc0cf80ff512f415f317f31af41bf51bf71af919fa16fa12fa0df907f703f5ff
644,107965795,-36,11,128,1,0,1,52200500f916f819f81bfa1cfc1dfd1bff1900160012000efe0afb06f803f500f1fdeefcebfbe9fbe8fbe8fde9feebffedfff000f3fffcff00000000000000000000000000000000000001fa05ea05e905e904ea04ec04ee04f105f507f909fe0c030f061209150b180b1a0b1b0a1c091b071906160512040d0508060408000a
645,107968257,-35,11,128,1,0,1,5220050016051a051c051d041d021c0019ff16fe12fe0efe0a0006030306000afe0efc11fc14fc16fc17fd17fe16ff140012000fff0cff03000000000000000000000000000000000000faffe9fde9fde9fde9feebfeedfdf0fdf4fbf8f9fdf601f304ef07ec08e909e608e308e206e205e403e502e802ec03f105f608fb0afe
646,108496802,-91,11,128,1,0,1,4ff11400f7fcf700f902fd0100020005fe0afd0cfd0bfc0af90af809f908fa0afa09fc07fe07fe05ff030104030404030405030603040000000000000000000000000000000000000000fffffffdfffb00f9fff7fff801f901f903f905f905f804f703f603f701fafffefffdfcfaf8fcf9fef7fdf2faf3f9f4fbf3fcf2faf4f6
647,109008793,-93,11,128,1,0,1,4ff11400060504040203040206fe06fb06fa09fa0bfb0bfb0afa0bfa0afc09fd09fe07ff0600050102ff02fc02fa00f800fa00fc01fe00ff000000000000000000000000000000000000000002030303050308030603030401060007ff08ff0a00090107000700080106010301020101030007030c060e060d050a050a070d08
648,110032929,-90,11,128,1,0,1,4ff11400fe06fc03fe030103030307020a010a020c030d040c050c040b030b040c030a0307050504040002fd02fd02fb00f9fff800f700fd000000000000000000000000000000000000fffffdfcfafcfafefafdf8fcf7fef9fdfafaf9f9f8f9f9fafdfbfdf9fcf8fcfbfbfffa03fa08fa0afb09fc0cf810f50ef60df50df60b
649,110852038,-92,11,128,1,0,1,4ff11400fb03fe0300030003ff050207050708080b0b0a0c080806070608050904080406030502050303030101ff01fd03fd04fe04fe01ff000000000000000000000000000000000000fffffefcfcfdfafef8fef7fff8fef8faf8fbf8fbf7f9f7f7f7f8f8fbfafffb02f902f804fb06fe06fd06f809f60df50ff410f20eef0b
650,110954446,-93,11,128,1,0,1,4ff11400070105fd05fa03fa02fcfffcfef8fef5fef3fff301f300f1fff200f4fff7fff8fff9fefafdfcfdfefdfffbfff9fef9fdfafcfeff00000000000000000000000000000000000000010004ff030003030405060607070706070308010b030a04070207020604030502050106fe07fb0bfb0cfd0cff0cfd0efb10fb0dff
651,111261679,-94,11,128,1,0,1,4ff1140004fa02f701f6fffafcfefa00f9fef8fcf5f9f4f8f8f7f8f6f7f6faf8fbf7fcf5fef7fefdfc01fd03fd04fd04fb03f904f905fe01000000000000000000000000000000000000000002ff03fe04fe04fe06fe07fe07fe06ff070009fe09fc07fe0601040203ff02fb02fb01fc01fa00f601f504f603f403f304f204f3
652,111415125,-36,11,128,1,0,1,1ee00100e804e404e205e007df07e108e308e608ea07ef06f404f900fefd04f908f60cf310f012ee13ed14ed13ed12ee10f00ef20df403fd000000000000000000000000000000000000fdfbf4eef4edf5edf6eef7f0f8f2faf4fdf800fb04ff08030c07100a130c160e180f190f1a0e190d180c150a11080b0605040003fb03
653,111832755,-94,11,128,1,0,1,fbbaaf4103030003fc00fcfcfdfbfefcfffefefffe010104030303ff01fefffe00fe00ffff00fe00ffff01fe02fe01ff00ff01ff02ff0000000000000000000000000000000000000000fffffefeff00020202010000fefffefe00fe00ff000001010101fe00fdfffe00fe01fefffe00fe000001ff02fd09fb11fb0bf905f805
654,111978491,-94,11,128,1,0,1,4ff114410702070104fd01fa01f900f800f6fff7fef7fef601f602f700f9fffafffb00fa03fa03fb00fdfcfefbfdfafcfbfffafff9fefeff000000000000000000000000000000000000fe00fc01fd04ff050005000600070008fe09fe08fe07fd06fb05fc05fc03fa02fd010301080008ff06fe07fe0d000f020d010d010c00
655,112074843,-36,11,128,1,0,1,1ee0010013f617f419f21af11bf11af118f215f311f40df609f904fcfffffa02f504f007ed08ea08e809e809e808e907eb06ed05ef04fc0100000000000000000000000000000000000004fd11f511f611f610f80ef90cfa09fc05fe0000fb02f603f105ed06ea08e709e509e50ae50ae709e909ec08f006f504fb02000004fe
656,112075372,-36,11,128,1,0,1,1ee00100ebf7e7f6e5f5e3f4e3f4e4f5e6f6e8f7ebf9effbf4fdfafeff0005020a050e071209140a160b160c150c140c120b0f0a0d090302000000000000000000000000000000000000fbfeedf9edf9edf9eff9f1f9f3faf7fbfbfdffff040108040d071009130a160b180c180d180c170b160a13090f070a04050200fffbfd
657,112075850,-36,11,128,1,0,1,1ee0010014f818f61af51cf41cf41bf419f516f513f60ef809fa04fcfffff901f403f005ec06e906e706e706e705e804ea04ed03ef02fc0000000000000000000000000000000000000004fd12f712f811f810f90ffa0cfc09fd05fe00fffb01f602f103ed04ea05e706e506e407e407e607e807eb06ef05f403fa02000004ff
658,112076408,-36,11,128,1,0,1,1ee00100110d140f1611181118121711160f140e110b0e080905050200fffbfbf7f8f3f5f0f2efefeeedeeedeeedf0eef1eff4f1f5f2fdfc000000000000000000000000000000000000040211091109100a0f090d090a07070604030000fcfdf8f9f4f6f1f3eef1ecefebeeeaedeaedebefedf0eff2f2f5f6f9fbfc00000302
659,112077087,-36,11,128,1,0,1,1ee00100ea04e604e405e205e206e306e506e705eb05f004f503fa02000006fe0bfd10fd13fc16fc18fd19fd18fd17fe15ff12ff10000300000000000000000000000000000000000000fb01ec04ec03ec02ed02f001f201f600fa00feff04ff09ff0efe13fe16fe19fe1afe1bfd1bfd1afd18fd15fd10fd0bfe05ff00fffb00
660,112078256,-36,11,128,1,0,1,1ee0010010ee13eb15e916e717e616e714e811ea0eed0af007f503fafffffb04f709f30df010ed11eb12ea13eb12eb11ed0fef0df10bfc0200000000000000000000000000000000000003fc0ff00ff00ff10ff20df40bf608f905fc01fffc03f706f30aef0dec0fe911e712e713e813e912eb11ed0ff10cf608fb04000003fd
661,112695289,-92,11,128,1,0,1,4ff11400f7fcfcfefdfdfdfdfdfefa00f704f605f303f003f002f202f203f304f603f902f901fa01fc02fe02ff020004020501060006000100000000000000000000000000000000000000ff01fd03fb01f801f602f501f402f404f704f705f607f605f804f904fa02fbfffdfcfdfafbf8f8f7f7f5f6f5f6f5f4f4f1f6f0f8ef
662,113428619,-93,11,128,1,0,1,a4488a4105fe03ff00ff00ff01ff01fdfffdfefffd00ff0001fd00fdfd00fc01ff020002000001000101010001ffffffff00fe01fd01ff000000000000000000000000000000000000000001020201ff01ff00000101010200010000020005010302fe02fe01ffff00ff03fe04fe03ff01fffffc00fc08fb0cf909fa08fb04ff
663,113430321,-93,11,128,1,0,1,4aa994410000fc01fb03fd0101fe04fd05fc03fc02fd03fe02feff00ff00ff00ff01ff02ff0202010200000000fe00fc00fdffffff00ff0000000000000000000000000000000000000000000000fffeffff0001fffffffe00010202030003ff03fe03fd03fe01fe0000ff02fefffefeff0100020102fcfbf7f4fafbfc02fcfe
664,113514529,-93,11,128,1,0,1,4ff11400fd0cff0bff0a0106040207ff09fd0afc0bfc0aff0a01090009ff09000602040005fe04fc03fc02fd00fefdfdfcfdfdfdfdfbfffe00000000000000000000000000000000000000ff00fd00f900f9fffafcf9fdf7fdf5fcf4fcf4fff602f602f501f700fdfe01fc01fbfffa00f903f706f507f508f70af80ff710f80c
665,113924139,-89,11,128,1,0,1,4ff11400f505f804fb04fe05030806090509050a060a060b040c020a0106000700090007fc07fb06fe04020105010601070007ff06ff01ff000000000000000000000000000000000000000002020002fd02fb03f804f703f400f500f600f5fff7fcfafafcfcfcfffb01fa02fb03fd05fe06fc06f809f50bf50af509f50af70c
666,115027123,-91,11,128,1,0,1,fee66f4100fd01fc01fc02fe0101ff02ff0000ff02000302020302020101010100010000fffffdfffd00fe00fe00ff01fe00fc00fd01ff00000000000000000000000000000000000000fffffffd00fe020003010001010203000101ff02ff00ffff000002fe01fdffff0000030003010102000000fe04f407ec05f304f803fa
667,116176980,-93,11,128,1,0,1,4ff11400070202ff01fa00f9fdfbfcfbfbfbf9fbf7fcf7faf7faf7faf7f9f9f9fafbfafbfafcfcfffb02fa02fd040105030503070108000200000000000000000000000000000000000000000101fd00fc02fb05fb05f905f705f706f807f706f706fa05fd03fd03fd030103030203ff07ff0a000cff0cfe0cff0d010e0011fe
668,116586610,-92,11,128,1,0,1,4ff1144103f804fafffcfdfdfcfdfbfdf9fef700f702f602f603f605f604f603f703fa03fd04fe05ff05000301010302030203010402010000000000000000000000000000000000000000000001ff0201050107ff07fd09fe0aff08ff08fd0bfc0bfc08fe04000200010000020004fe05f905f508f40bf60cf60df50ff50ef4
669,116689018,-92,11,128,1,0,1,4ff114000702050106fe03fcfefafef5fff1fff201f404f404f304f304f404f302f401f900fa00f800fbfffffdfefafdf9fcf9fdf8fdfeff000000000000000000000000000000000000ff0000010101ff03fe05ff07ff09fe09fb08fb09fa08fa09fb0afc07fc04fe04020305010700070107000cff0f01100410040f020f00
670,117303429,-92,11,128,1,0,1,4ff11400fa04f905fc04010505060606060408020b040c050b05090709070806060605040503040302020100fffefffcfffb00fb02fa00fe000000000000000000000000000000000000fffffefdfffbfffa00fa00f7fdf4fcf4fff501f402f400f5fff600fb00fdfdfcfafcfafdf900f703f606f406f304f505f409ef0bee08
671,118020259,-90,11,128,1,0,1,4ff11400f70bf907020507010600070107010a000b000a020a030b030a04080406030500050005020201fffffffcfefafff901f801f800fe00000000000000000000000000000000000000fefffbfdfcfcfef900f7fff7fcf8f8faf7faf7f9f8f8faf7fbf8fbfcfbfefcfefcfefefc02fc08fc0cfa0bf70df811fa11f90efb0f
672,118839453,-91,11,128,1,0,1,4ff11400f7f9f7faf6fdf8fff801f702f602f402f405f405f301f300f2fff2fef5fef7fef8fff900fc01fe02fe02fc03fb04fb06fa05fe0100000000000000000000000000000000000000fe01fbfefcfbfdfafaf8f8f8f8fbf9fdf6fef400f502f601f701f801f800f8fdf8f8f9f4faf3faf3fcf2fef4fcf6f8f6f7f5f5f4f3
673,119044272,-94,11,128,1,0,1,4ff1144104ff01fd00fc00fa00f900f900f902f803f702f602f702f801f701f702f702fa02fc01fd00fcfefcfdfcfcfefcfffdfffefeffff00000000000000000000000000000000000000fffffd00ff02010401060109020a000801050303040505060404020101ff03000302fd03f803f805fa09f90af60bf70af80af70cf8
674,119797433,-35,11,128,1,0,1,1ee001000a170c1b0d1c0e1c0f1b0e190e150c120a0e07090305fe01f9fef5fbf0f9ecf6e9f5e7f4e6f4e6f5e8f6eaf7ecf9f0faf2fbfcfe000000000000000000000000000000000000fb02ed0bed0bed0aee09f007f205f502f8fffcfb00f704f307ef0aeb0be80ce60ce40ce40be409e608e907ec05f105f704fd04040409
675,119798692,-35,11,128,1,0,1,1ee00100fc1afc1dfd1ffe1fff1f001d011a01160211010cff06fd00fbfbf9f6f6f1f4eef2ebf1e9f0e9f0e9f0ebf1edf3eff5f2f7f5fdfd000000000000000000000000000000000000fa00ea02ea02eb01ec01ee00f1fff5fef9fcfefa04f809f60ef412f214f016ee17ed17ec16ec14ee12ef0ff20bf608fb040002050009
676,119799154,-36,11,128,1,0,1,1ee00100e6fce2fbe0fce0fce0fee2ffe500e900ee01f300f8fffefd04fb09f80df611f314f215f016f015f014f011f10ff20cf50af602fd00000000000000000000000000000000000000fa00ea01ea01eb02ec02ef02f203f504fa05ff0605080a090f0b130c160e180f19101910170f150e130c10080c0408ff04fa01f5fe
677,119800423,-36,11,128,1,0,1,1ee0010017091a0a1c0b1d0a1d091b071906160411020c0206010002fa03f504f005eb06e807e608e608e609e809ea08ed07f106f305fd01000000000000000000000000000000000000fe05fb14fb14fa13fa12fa10fa0dfa09fa04fafffaf9faf4f9eff9ebf8e8f7e5f6e4f5e4f5e5f5e7f6e9f7edfaf1fdf601fb06ff0a02
678,119800844,-36,11,128,1,0,1,1ee001000be80ce60ce40ce30be209e407e605ea03ee02f302f902ff0305030a040f05140617071908190819081708150712060f050c0102000000000000000000000000000000000000040113071307130711070f070c0608060405fe05f904f404ee04ea04e705e406e306e307e408e608e907ec06f104f601fbfdfff902f6
679,119801280,-36,11,128,1,0,1,1ee00100150d180e1a0f1b0e1c0d1a0c1809150710050b0406020002fa02f502f003eb03e804e604e505e605e706e906ec05f004f203fc00000000000000000000000000000000000000fd04f613f612f612f611f70ef80bf808f903fafefbf9fcf3fdeefdeafde7fce4fbe2fae2fae3fae5fae8fbebfcf0fff602fb06000903
680,119965883,-92,11,128,1,0,1,4ff11400fefafefdfefdfbfff900fa01fa05f908f708f608f606f702f702f703f703f905fb03fc01fe010001010102030404040503070002000000000000000000000000000000000000ff010005020104fe06fe09ff0a000b000b010a030b050b0307030404040102ff01fd01fb00f7fef4fff4fef2faf1f8f2fbf1fef0fef3
681,120013349,-35,11,128,1,0,1,1ee001000dea0fe70fe50ee40de30be50ae707ea05ee04f303f804fe04040509060e071209150a170a180b170a160a140911070e060c010200000000000000000000000000000000000003030e0f0e0e0e0e0d0d0b0c090a05080106fd04f802f300eefee9fee6fee4fee2ffe100e200e401e702ea01ef00f5fffafcfff903f7
682,120028826,-35,11,128,1,0,1,1ee00100e909e60be60ce60de60ee90eec0def0cf309f606f902fcfefff901f402f003ec03ea04e803e702e701e901eb00ee00f100f300fd000000000000000000000000000000000000fffbfdecfdecfeecfeeefff000f301f603fa05fe08030a070d0b100d120f141015111610160f150d130c100a0b0806060105fb05f705
683,120035833,-35,11,128,1,0,1,1ee00100e7fae4fae3fbe2fce2fde4fee7ffea00ef00f400f9fefefc02f907f70af40df10fef10ee10ed0fed0eed0cef0af108f407f601fd00000000000000000000000000000000000002fb0aee0aee0aef09f008f208f507f806fd05010406040c0410041405170619071b081b0919081708150712050e0109fe05fa02f6ff
684,120068289,-91,11,128,1,0,1,4ff11400f6faf7fffa02fc05fe0800070408060b050c020dff0dff0dfe0cfd08fd06fe06fe05fd03ff02020103fe03fd04fd08ff0a01020000000000000000000000000000000000000000ff01fc03f903f902fb03fa05f707f808fa08fb0afa09f805f904fb05fb04fc01fdfdfcf9fbf7fcf5fef2fdf0fceffdeffef0fbeff6
685,120160192,-35,11,128,1,0,1,1ee00100f8eaf7e6f6e3f5e2f4e2f4e3f4e6f5e9f7edf9f1fcf500fa04ff08030c070f0a110d130f131013101210100f0e0d0c0c090a020200000000000000000000000000000000000003fc0df10df00cf10bf20af309f506f804fb01ffff04fc09f90ef812f715f618f51af61cf71cf81af919fa15fb11fc0bfd05fdfffcfa
686,120212521,-35,11,128,1,0,1,1ee0010016ff1aff1dff1eff1fff1dff1bfe18fe14fe0ffe0aff04fffe00f801f301ee01ea01e800e600e6ffe7fee8feebfeeefdf1fdfcff000000000000000000000000000000000000040012001200120011010f010c010900040000fffbfef5fef0fdecfce9fbe6fbe4fbe3fbe4fce5fce7fdeafdeffef5fffaff00000500
687,120213074,-35,11,128,1,0,1,1ee00100f0efedececeaeae9eae9ebeaececeeeff1f2f4f5f8f9fcfc010006030a070d0a100d110f12111211111110100d0f0b0d090c0202000000000000000000000000000000000000fdfcf5f0f5eff6f0f6f1f8f2f9f5fbf7fdfbffff02040409070d09110a140c160d180e180e180e160d140b11090d06090204fffffcfc
688,120213557,-35,11,128,1,0,1,1ee001000a130c170d190e1b0f1b0e190d170c150a11080d05080103fefffbfaf8f5f5f1f4eef3ebf3eaf3e9f4eaf5ebf7edf9effaf1fefc00000000000000000000000000000000000001040611061106110510040e030b030801040000fefbfdf6fcf1fbedfae9f9e7f8e5f7e4f7e5f7e6f8e8f8ecfaf0fbf5fdfb00010205
689,120265109,-35,11,128,1,0,1,1ee00100f213ef17ee19ee1aed1bee1af018f215f412f70dfa08fd0300fe03f907f40af00ded0feb11ea12eb12ec11ee10f00ef30cf503fd000000000000000000000000000000000000fd04f711f711f710f80ff90dfa0bfc08fe04010004fc07f80af30df00fed10ea11e911e811e810e90eeb0ced09f105f602fbff00fc04
690,120273118,-91,11,128,1,0,1,4ff11441f8fef902fb02fd02fd03ff0401060008fe0bfb0af909fb09fd07fd04fd04fe03ff02fe02ff010200030004000300030004010100000000000000000000000000000000000000ff00fd00fefffefcfefafef9fef8fff9fefafdfafefbfffa00fa00fcfffdfdfefcfdfdfcfdfdfb01fa03f703f401f1feeffdf1fdf6fd
691,120375521,-94,11,128,1,0,1,4ff1144102fa00f901f900fbfdfcfbfcfbfef9fef8fdf6fbf4f8f5f7f7f9f9faf9fbfafcfafefafffc01fe02fe02fd04fe04fd03fb03fe0000000000000000000000000000000000000000ff01ff010102ff04fd05fe070008ff080107020504040403040207020503ff02fd01fd02fc02f903f603f503f404f504f703f702f7
692,120718405,-93,11,128,1,0,1,dcc88d41fb00fefe00ff00fefcfbfbfafefd0100020002ff03ff03fd01fbfffd00fe01000102ff01fefffefefefdfefc00fe01ff01ff00ff000000000000000000000000000000000000ff01fe04ff01fcfdfbfdfe00020a021203090401f900eefff4fffbfefdfffd02fc01fc00fb00fd0001fffffefcfffe010101ff00fd02
693,120785139,-92,11,128,1,0,1,4ff1140002080206010501020300060008fd0bfb0bfc0cfd0dfe0cfe0afd0bfc0afe0902070105fe01fcfffbfef9fff900f9fff8fef7fffd000000000000000000000000000000000000ff00fd01fc01fafff700f502f402f300f500f700f6fdf5f9f6faf8fef9fefbfffc01fc04fd070108030a030c040c040c010eff0e010d
694,121602602,-38,11,128,1,0,1,1ee00100e8f8e8f8e9f8e9f8eaf9eaf9eafaeafaeafbeafbeafbeafbebfbebfcecfcecfbecfbedfbeefbeefbeffbf0fbf1faf1faf2fafcfe000000000000000000000000000000000000fbfeeffaeff9eff9eef8eef8edf7edf7ecf6ebf6ecf5ecf5ebf4ebf4ebf4ebf4ebf4eaf5eaf5eaf5eaf5e9f6e9f6eaf7eaf7eaf7e9f6
695,121603247,-38,11,128,1,0,1,1ee0010001e801e801e801e800e900e900eaffeaffeaffeaffeaffeafeebffebffebffec00ec00ed00ed00ee01ee01ef01f002f102f100fc00000000000000000000000000000000000000fb00ee00ee01ed01ed02ec02ec02eb02ea03ea04ea04e904e905e905e904e904e804e804e803e803e802e802e802e802e802e802e7
696,121613010,-37,11,128,1,0,1,1ee00100efe9ede7ebe7eae9e9eaeaedecf0eef2f1f5f6f7fbf700f705f70af60df410f312f213f013f012f010f10ff20df40bf609f802fe0000000000000000000000000000000000000403110d100c0f0b0d0a0b09080804070007fb07f608f109ec0be90de80fe711e713e814ea14ed13f011f20ef509f704f8fff8f9f7f5
697,122063276,-26,11,128,1,0,1,66611641fae601f40a080a0cfffcf3eff6f30002f50de715ec0ffafc02f4f8f9f3f2f6e6eff1f100fcfef9fcf6fd00ff09fe07fcfcfffd000000000000000000000000000000000000000202080606fc06f407fa06fb06f5080608181016180714fa0805fd18031e0e16150314fe0cfd05fcf8fdfbf307e90cdc0cdc08ef07f5
698,122116352,-93,11,128,1,0,1,4ff114000306040205010303030306000afe0bff0bfd0bfb0afa09fa09fb08fc07fc06fb05fb03fc01feffff01fd01fbfefcfdfdfffd00ff000000000000000000000000000000000000ff00fe0000020005ff08ff08fc07f709f809fb07f906f705f702fa00fe02ff03000301030103010204040809070c070b070a060c050e
699,122671700,-32,11,128,1,0,1,1ee00100f110e517e219e616e90fec0eed16eb1aed17f30ef606f903fe03fd00fbfcfef601efffe8fde4fde5fde6fee6fee8fdeafeecfffb000000000000000000000000000000000000fffaffeafdeafce9fce9fde9fee900ebfeef00f505fe060707090d0c0f130c130f0f131117171b15190f19081908130910010cfb02f9
700,122725878,-34,11,128,1,0,1,1ee00100f30ef011ee14ed16ed18ee18f017f217f414f611f80cfa07fc02fdfcfef7fff200ee00ea00e800e700e600e700e900eb00ed00fb000000000000000000000000000000000000fbfdedf6edf5ecf5edf5eef6f0f7f2f8f6f9fafafffc05fd0afe0fff14ff17ff1aff1cfe1dfd1cfc1bfc18fb14fc0ffd0afe06000202
701,122778368,-34,11,128,1,0,1,1ee001000cf40ff112ef13ed14eb13eb12eb10ec0eed0bf009f406f804fd02020007fe0cfd0ffb12fb15fa16fa16fa16fa14fa12fb10fe040000000000000000000000000000000000000402120812091209120911090f080d070a0605040003fb01f600f1ffedfee9fee6ffe4ffe300e401e501e702eb02ef01f400f9fffdfd
702,123091891,-92,11,128,1,0,1,155cc141060602070107050106f701faff020003010203020201fd00fbfefefffd04fd03fffefffdfefdfffe0000010101ff02fd01fd00ff0000000000000000000000000000000000000000010001fefffefdfe00fe01fe01ff01fe03fd00fefe00fefffeff00010105fe08010503ff01fe01000103030307fe0803050f0413
703,123431831,-96,11,128,1,0,1,1cc33141fdfcff01fd04fd0200000002ff02ff00fe00fe00ffffff00ff02fe02ff01010000ff0000fffffefdfcfefcfefeff00010102000000000000000000000000000000000000000000000100fffefefefeffff0001fe01fdffffff00fffffffffd01fd03fd02fe00000001ffffffffff02fd01fdf5fcecfbf80004040300
704,123432076,-96,11,128,1,0,1,ebb33e41f804fcfcfff3fff6fdfefc01fd01fc01fb01fb00fcffffff01fffffffd00ff0001ff00fffd00fd00fd01fd02fe0100000001ff00000000000000000000000000000000000000fffffeff010002000000000001000100fffefbfffc00fffdfffbfffb00fcfffdfefc01fd02010001feffff0000fd00fb01fdfffffc03
705,123754794,-93,11,128,1,0,1,4ff1140008ff03fe02fd02fb00fafef8fcf6faf3faf1fcf1fef1fff1fff3fdf6fef801f801f8fff8fffbfefdfdfefc00fa02f800f8fefeff0000000000000000000000000000000000000000020104010403040505050505040703080307030803080205030304040504050005fe040007fe0cfa0df90df90ff812f912fc11fc
706,123857283,-90,11,128,1,0,1,4ff11400f502f602f501f701fc04ff08fe0aff0802070307010a010d010b000a00090008fe06fe040002010002ff03fe04ff06ff08ff02ff00000000000000000000000000000000000000ff01fc01fc00fbfffafff9fcf8fcf6fef5fef5fdf4fff302f401f600f9fffbfdfdfbfffb02f902f5fff4fef4fff0ffeafee901ee00
707,123959601,-93,11,128,1,0,1,4ff114000efb09fc05fc01fbfcfbfbf8fdf6fdf5fbf3faf4faf6fbf6fdf5fef8fff800f7fff8fefbfefbfdfcfb00f901f9fff8fef7fffd000000000000000000000000000000000000000000010101020102020402060107ff09000a010a0109010a0109ff06fc06fe040102ff0200fe05fc06fe07fe0afe0cff0dfd0ffb10fc
708,124061986,-91,11,128,1,0,1,4ff11400f709fb07000502050205040407030a030a0509060a040a0308050904090308040402030003ff01fdfffcfffbfffa01fa03fb01fe00000000000000000000000000000000000000ff00fefffdfffcfffcfefbfff900f700f5fdf4fcf4fdf5fdf5fff800f9fefcfbfffb00f900f602f702f702f604f605f305ef07ef04
709,124266794,-91,11,128,1,0,1,4ff1144102070405030404030402040006fe08fc09fc0bfe0cff0aff0aff0aff09fd07fc06fd06fe03fcfefafefbfefafef9fef900f900fe000000000000000000000000000000000000fffffcfefc00fc01fa02f903f803f602f501f6fff600f6fff7fefafefdfefe01fd03fe010000000400070208020a010fff12fe11fd0e
710,124983613,-90,11,128,1,0,1,4ff11441fc07ff0701060304050107fd08fb09fe0bfc0cfb0efc0efd0dfc0cfc0bfd09fe07ff04fd01fc01fc01fd00fbfdf8fbf7faf8fefe000000000000000000000000000000000000fe00fc00fefefefcfcfbfafafaf8f9f5f7f3f6f3f6f4faf5fdf9fcfbfdf6fdf8fa00fa04fc07fd08ff08fe0cfb0ef80ff511f50ef80c
711,125116683,-36,11,128,1,0,1,1ee001000efc11f913f715f618f519f61af71af719f817f915fa12fa0ff90cf809f608f407f107ef08ee08ed09ec0aed0bee0bef0cf003fc0000000000000000000000000000000000000103040e0410031202140114ff15fe14fd13fd11fe0f000c030b07090a090e09110a130c150e151015111412121210100e0e0d0b0d09
712,125177799,-36,11,128,1,0,1,1ee0010000eb00e900e900e801e701e802e801e901ea00eb00ebffecfeedfdedfcedfcedfcecfcecfdecfdecfeedfeeeffeeffef00ef00fb00000000000000000000000000000000000001fc06f107f009f00af00bf10cf20cf30cf30bf409f408f307f106ef06ee06ec07eb08ea09ea0aea0bea0beb0aed08ee07ef06ee05ee
713,125287761,-35,11,128,1,0,1,52200500e5fbe4fae5f9e7f9e9f9ecfbf0fcf4fef801fc04ff08020b050e07110714071607170517041603140211020e020b0307040501010000000000000000000000000000000000000103060f050f030d020b02070204030004fb06f708f40bf10eef10ed12ed12ee13ef12f110f30df50af706f901fbfcfcf6fdf1fdeefc
714,125290851,-92,11,128,1,0,1,4ff11441040001fd01fcfffcfffdfefcfbfafbfafcf9fcf8fcf8fbf7fbf6fdf8fffb00fcfefcfdfcfffcfffffe00fdfffb02fb05fa03fe0000000000000000000000000000000000000000000103010302030404050204030307030a030a0209000a010b0407040104ff03ff02fe03fe07fd0afc0afb0afa0efa0efb0dff0e02
715,126417252,-93,11,128,1,0,1,4ff11441fd03fe04fd07fe05ff030104050406040805090606050305020501050105010403030403010400030101020003ff03fe03000000000000000000000000000000000000000000ff00fffffffefd00fb02fc02fd01f901f602f802fafff8fef7fdfafffe0100ffff01fe03fe040004ff06fb0af90af908f908f90afa09
716,126621977,-95,11,128,1,0,1,466cc441ff01fdfffbfffeff00fefefefdfeffff000101030102010001ff0100fffffefdfffd00fe01ff01ff00fe00ff0000010003ff00ff0000000000000000000000000000000000000000010001ff01fe00ffff00fe01ff02010100fefffdfffffe01fe00fefefffdfffefefefffdfefffe0101010dfc16f808fcf9fef7fc
717,126724484,-90,11,128,1,0,1,4ff114000505080507030402050108fd08fa0af70cf40df20bf40af80bfa0bfb09fc07fd06fb05fc04fd02fc00fbfffbfffafff901f800fe000000000000000000000000000000000000ff0100040003000301040209010cfe0bfc09fb08fb0afa0cfb09fc05fe04000302040406070509050b070d0a0a0908080a070a060a09
718,126826893,-91,11,128,1,0,1,4ff1140008f708f806f903f9fff8fbf6f9f5fcf4fef6fcf4fbf0fbeffcf1fef1fff3fff6fff8fef8fff9fefbfdfffa00f800f700f6fefdff000000000000000000000000000000000000000102030301030106030704060506070809080a06090608070806080506040105fc07fb0afc0afa09f809f80afa0df90ff710f610f8
719,127432760,-93,11,128,1,0,1,beeddb41010002ff01fe06010c050604fafbf9fa00010101fe01fb02fa01fc02fd08fe0605f90af204f8f702f8050000f900f301f6fffdff00000000000000000000000000000000000000fffffffd00fd0000fe02ff0200010103030203ff00fe00fd03fc02fc01fe01000000ff0000ff00ffff000000ff01fe03fd01fefd00
720,128055714,-94,11,128,1,0,1,4ff11400fafffe00fe02fe04ff04fe05fe05fe08fe0cff0d000b0008fd07fa08fa08fc07ff0501030101020103040404050105ff05000100000000000000000000000000000000000000fffffefefdfefcfdfcfafdf9fef8fdf6fef4fff4fff3fef5fff900fc00fdfefefcfffd01fb02f604f603f801f801f600f5fef4fef3ff
721,128260497,-91,11,128,1,0,1,4ff11400030903060205030106fe07fb07f808f50bf40cf709fa06f907f908fb07fb04fa03fb01fbfffcfdfefc00fc00fafff9fefafcfeff000000000000000000000000000000000000fffffdfdfdfcfcfdfbfdfafcfafbf9f9f7f9f7faf8faf7f9f8fafafcfafdfb00fc02fd0300050108000c010f020f01100011ff11ff12
722,128465342,-91,11,128,1,0,1,4ff11400fa0afe0601040204060209010a010c010c020b030b050c030a030705080308020602040201ff00fd01fc01fc00fafff800f900fe000000000000000000000000000000000000fffffcfffdfefdfdfbfdfafef9fdf7fbf6f8f5f6f8f6f9f6f7f8f9f9fdfbfdfffa02fa03fb04fc06fc08fb0bfc0dfd0dfb0df80ff80f
723,128772760,-90,11,128,1,0,1,4ff114000efe08fa03f701f901fbfefbf9fbf5f8f6f5f7f4f7f5f6f5f8f5fcf6fbf8f8f9fbfafdfdfdfffdfffe01ff03fc04f805f705fd010000000000000000000000000000000000000000030201020002010303050308030b040c0408040704090109fe07ff0402010301020005fc05fb04fa05f707f608f60df70ef80af6
724,128774580,-94,11,128,1,0,1,05511041fe01fdfffffd00feff010002020001ffff00feffffff00ff0000ff01fffffffdfffdfefefffe00fe0000000001ff00feffffffff000000000000000000000000000000000000fffffefeffffff01ff00fefefffeffff0100020001000101fffffdfefeff01fe00feff00ff020002ff01fd02040a0a14040bff00feff
725,128774871,-92,11,128,1,0,1,36633341fefffc01fc03fd04fd02fd00feffff00010102010203040205ff01feffff0001ff02fe0100010001fefffefdfffc00fe00ff00ff000000000000000000000000000000000000ffff01fd01fdfffeffff01ff00fefffffefffbfdfafdfbfffc01fd02fe0101ff03fd03fd03ff0000fe00ffff00f301eb00f502ff0301
726,128776300,-96,11,128,1,0,1,9aa99941fdfffafcfafffe0203ff05fc02fe00ff0000ff00000002010102ff0201010301020000feffffff00ff00fffefffdfffeff00ff0000000000000000000000000000000000000000ff01fe00ff01ff01ff0000ff01fd01fd000000030102010001010001fe0200020000ff000105010301ff00fe09fd12ff0603f904fa
727,128977356,-90,11,128,1,0,1,4ff114000505030105fe07fd06fb02fa03f906f706f504f504f503f500f600f601f700f9fffafffcfffffe00fe00fcfff8fff7fef8fffe00000000000000000000000000000000000000fe00f902fa02fb04fa04f902f601f403f600f7fef7fff601f501f801fc0200010200030404090309040808090b0b0b0c090b070b050d
728,129336871,-92,11,128,1,0,1,a2288a4103fe03fe00fffefffdfefe00ff02ff01fe00f802f001f7fe01fe05f705ed01f4fdfffc00fd00fe01fe0200020101ff01fe00ffff000000000000000000000000000000000000000001010100010002ff00ff0000ff00fcfffc01fe010101040204010301020402040101ff00ff020002010002fe02fd05fe08010404
729,129841775,-92,11,128,1,0,1,7559974101030200fffdfc00fc02ff0002fc03fb01fd01ff03010203fe01feff00fe02fd03fe0301010100ff000000010000fe00fd00ff00000000000000000000000000000000000000ff00ff0101010201010102ff02fdfefdfcfeffff0001fe04fd03ffff00fcfeffff0200fefbfdf902fd05020009010d080105f600f901
730,130107744,-93,11,128,1,0,1,7ff55741000002020102ff01ff0001fd02fb04fc05fc02fe0000fe01fc01fd02ff01020003ff02ff00ffff00000101000001fe01fd01ff000000000000000000000000000000000000000000ff02fe00ff010001000001ff01ff00ff0001ff0101000100fefefdfafcfafcfdfffe01ff0000fffffdfdf6f6f2f2f9fa00010101
731,130109258,-94,11,128,1,0,1,dbb55d41010000fffffdfefefffffffffe00fd02fe02fffffefefe00fe00ffff0200030001ff00000000000000fffefffdfffefefefeffff000000000000000000000000000000000000000000010000ff00fefe00fc01ff0002ff02ff0101000200020002ff02ff03fe03ff04020301fffdfdfdfffef6faeef5f8fb03010401
732,130308722,-91,11,128,1,0,1,4ff11400f402f6fff7fef702f905fb05fd08fe0cfd0dfb0df70df90bfb0af90af708f906fb05fe0300ff01ff030104010503060406050101000000000000000000000000000000000000fffefefbfdfcfcfbfdfafdf8fcf7fdf8fff800f700f601f401f5fff6fef6fff6fffafdfff800f400f3fff3fdf2fef001f000f1fdf3fe
733,130375277,-94,11,128,1,0,1,f77bbf4101ff02fe00fefdfffeffffffff00fdfffffe02ff040002fdfefbfefdfeffff0100030002020001fffffefdfdfdfefd00feffffff0000000000000000000000000000000000000000020000000100020001fffefdfdfefe02ff0100fffffefffdfdfdfdfefffd01fd01fcfffbfefbfffc03fd09fc0efa07ff0000fef9
734,130642377,-94,11,128,1,0,1,2ddcc241020003fe02fd00fdfffefffefffeff00000102fe02fcfffefd01ff000000fe01fefffffe00fe00fe01fe00fefffeffffffffffff0000000000000000000000000000000000000000030002ff0100000000ff01fe02fd03fd02000102ff02fd01ff03ff02fefefefefe000103050306000301f802f301fc0003010303
735,130827220,-93,11,128,1,0,1,dee22d41fefefffc01fc01ff02010101fe01feffffffff0000020102010000fe01fe00fdfffdfffeffff00ff00ff01ff020001010001ff0000000000000000000000000000000000000000000100010001fffffffc00feff00fe00feff00ff0000fe01fc01fefefffdfe00fe03fe03ff02020002ff010a0112010cfe08fd0500
736,131025386,-92,11,128,1,0,1,4ff114000208040605030401040005fd04fe060009ff0bfd0bfd0afb09f908fb05fd03fd03000201010001ff01fc00fbfffb00fa02fc00ff000000000000000000000000000000000000ff00fe02fe01fe01fc02fa04f804f704f704f703f702f902f902f802f802fd05000600050104030305050609050d050e050f020d0008
737,131575039,-93,11,128,1,0,1,d7766d4102fe0001fd02fd010001020202020001fe01ff00010001ff00ffff00ff00ff0000010001fd01fc00fc00fdfffffe0000ff01ff00000000000000000000000000000000000000fffffffe00fffffffe01fd01fd00fd00fe01fffffefffefffffefffdfefd01fd03fd03fc02fe02ff00ffffff09fe14fd0bfd00fefdff
738,133278290,-93,11,128,1,0,1,4ff11400fb05fc02fd02ff0500040301060109020b030c010c000b020b020901090109020602040005fe03fc02fb02fc02fc02fb03f800fd000000000000000000000000000000000000fffffdfdfefbfdfafbfaf9f9f7f8f7f7f8f5faf4fcf5fdf6fdf8fcfbfbfcfafcfcfefd00fb02f902f903f607f508f706f606f407f309
739,133380647,-91,11,128,1,0,1,4ff1140006fc07fe06fd01fbfefafcfbf9faf6faf4fef3fff4fef7fdf9fef9fefafefbfefcfefd01ff040005010500050005010501050001000000000000000000000000000000000000fffffcfffb02fb04fb04fb04fa05f907fb08fd06fc06f907fb07fd07fe08fe07ff0202fe04ff05ff0afb0dfb0cfd0cfb10fa0efb0bfd
740,133483070,-90,11,128,1,0,1,4ff1140009010702050104fd02f8fff7fdf8fcf8fbf7faf5f9f2fbf0fcf1fef3fef7fdf9fbf8fdf9fefdfe00fb01fa01f902f701f8fffeff000000000000000000000000000000000000ff00ff01ff02010502080209020902080208010bff0dfe0bfd08fd070107050808080a070a050a020c0010fd13fd12fd10fe0e000b01
741,133790271,-95,11,128,1,0,1,4ff11441fd06ff0701060203010200020302060308030a0309050506040704050302040103000301030001ff00fe02fd02fd00fd00fd00ff00000000000000000000000000000000000000000001fefdfdfcfcfcfcfbfcf8fdf6fef700f801f9fff900f802f901fdfdfefafffb01fb01f801f803fa04fa02f701f503f506f506
742,134302268,-91,11,128,1,0,1,4ff1140001f601f9fffafefcfefefbfdfafcf8fdf5fef5fdf3fef1fff1fef4fef8fdfafdfbfffc00ff01fe01fe01ff01ff04ff06ff070001000000000000000000000000000000000000ff01ff03010003ff0401050206010600050106020704080309010700040003ff02fefffcfff9fff900f902f502f304f306f205f304f4
743,134814285,-94,11,128,1,0,1,4ff11441fdfa00fcfefefc00fafff9fff8fff7fff600f601f701f600f6fdf8f9fafbfbfdfbfefcfefdfefefefefffd00fd02fb02f902fe00000000000000000000000000000000000000fffffdfdfdfefcfefdfdfdfbfbfafbfafdfbfefafdf8fef8fff700f900fbfefdfcfcf9faf9fcfdfefdfbfaf8f9f9f8f9f5f7f5f7f6f6
744,135223894,-92,11,128,1,0,1,4ff11400fef8fbfbf8fcfafdfbfefb00f901f702f805f907f707f503f400f5fff7fff902fa03fb03fd03fd04fe040005ff05fd06fd08ff0200000000000000000000000000000000000000ff00fffffffffbfff900f901f802f804f905f805f905fd07fd05fd02fb00f9fef8fbf9f9faf8f8f8f4f7f3f7f3f7f1f8f0f8f1f7f1
745,135428708,-92,11,128,1,0,1,4ff11441f6fdf6fcf800fb01fd00ff03ff06fc06fc09fe0afe08fe07fd08fb09fb07fe0500030002ff02ff0100010001020205030505010100000000000000000000000000000000000000ff00fcfefbfcfbfef9fff8fef8fef601f602f6fff400f301f4fff7fcf9fdf8fef9fefafffcfefffafff6fef5fdf7fbf5f9f4fbf5fe
746,135940723,-92,11,128,1,0,1,4ff11400000a0208050207000601060008fc0bfc0efd0dfe0b010b030a040704060208020602010100fd01fb00fc00fc02fa05f904fa01fe000000000000000000000000000000000000ff01ff04fe05ff05ff050006ff07fb08fa07f905f808f90afc09fc07fc06fd04fe02fe0300060408090b0a0d080c040b040e08110a11
747,136043122,-92,11,128,1,0,1,4ff114000a04080105fc05fb04fc02fb01f800f5fdf3fef101f101f3fff3fff4fef7fff902fafefbfbfdfc01fc03fb02fb00fcfffb00fe00000000000000000000000000000000000000ff00fd01fe02fe03fc05f908f808f805f903f904f606f505f804fa02fb02fc04fe05020205ff07000a020d040c050c070e090e080d05
748,136092061,-91,11,128,1,0,1,511ff54100ff01fd01ff01050006fd02fcffffff01ff02ff020303080006fc02fe02ff02fe01ffff00fefffcfffbfffd0000010101010000000000000000000000000000000000000000fffffefffe00fe01fd03fe0200ff00fefe01fe0000ff040005ff03fe01fefefcfefb0000fd01fff904f401f9fafefa02030c080e070b
749,136964745,-93,11,128,1,0,1,4ff1140005f806f804f9fffafcf9fcfbf9fef7fef6faf7f7f7f5f7f5f7f8fafafafaf7fbf6fcf7fffa01fe01fd02fc03fc04fb05f802fd000000000000000000000000000000000000000000010102020304040404050309010bff0aff0a0109020701050004010003fd05fd06fe06ff07fe06fe08fc0cfa0cfb0bf70bf60af7
750,137169549,-90,11,128,1,0,1,4ff11400f604f704f802f802fb0600080309050a060c070e060f0611040f010b00080207040503030002010103ff04fe05fd06fd08fd02ff000000000000000000000000000000000000fffffffbfefafbf9fbf8fdf7fcf6fcf3fef200f200f2fef2fbf4fdf700fafdfdf900f801f604f509f20bef0aee08ee05ea03e703e903
751,137374367,-89,11,128,1,0,1,4ff114000404070006020503050006fd0afc0bfb0afb0afd0bfe0dfe0efe0dff0afe08ff0700050003fe03fc04fb02f9fff7fff702f700fd000000000000000000000000000000000000fe00fa02fc03fd06fa08f907f806f607f407f505f704f703f702f800fa00fd010004020502040205020a030e05110511051403150414
752,137620453,-90,11,128,1,0,1,544cc5410005fe06fe05fd01fdfdfefdfd00fd01feffff00fe01fefe01ff0204fa01f4f9f6fbff0d0817070dfc04f801fdfe0000fb02fe00000000000000000000000000000000000000ff00fd01ffff0102020203fd04fc04ff02fd01fd0002fe06fd07fe06ff0201fc03fb02fb01fb00fbfdfcfbfdfdfc00fd01ffff00fcff
753,137783964,-95,11,128,1,0,1,4ff114410a040902070004fe01fc02fa03f803f802f701f702f902f805f905fa03fb03fc03fc03fc01fe00fefffdfefdfdfdfcfdfcffff00000000000000000000000000000000000000ff00fd01ff01ff01fe03ff05fe06fd07fd07ff070006ff07fc07fa05fb03fc02ff00020005020803080307030804080509050b050a06
754,138620204,-30,11,128,1,0,1,1ee00100e9f2e7f0e6eee5ece6ebe8ebeaebecedeef0f0f3f2f7f3fcf301f205f109ee0beb0ce90de70ce70ae708e806ea04ed02ef01fb0000000000000000000000000000000000000005fe15fa16fb15fd14fe12ff10fe0dfd0bfb08f806f505f005ec06e806e608e409e20be20ce30ce50ce70aea08ed04f0fff2fbf3f7f4
755,138623061,-30,11,128,1,0,1,1ee00100f316f119ef1aee1aed1aed18ee16ef14f111f40ff80dfd0c020b060c0a0d0d100e120e140e160c170a1708160514041203100004000000000000000000000000000000000000fefafaeafbe9fdeafeebffedfff0fef2fbf5f8f8f5f9f0fbecfbe8fae6f9e4f8e2f6e2f5e3f4e5f4e7f5eaf6edf8f0fcf200f405f409
756,138628729,-30,11,128,1,0,1,1ee0010017f61af51cf51df61ef71df91bfa19fa15fa11fa0df909f705f502f200efffeb00e901e703e504e606e707e907eb07ee07f101fc000000000000000000000000000000000000fd05f613f512f411f40ff50df60cf90bfc0a000a040b080d0c0f0e121014101610180f190e190c180b170a140910090c0a070c020eff
757,138632934,-30,11,128,1,0,1,1ee001001511181419161a18191917181517131510120f0e0d090d040dff0efa10f613f316f219f21af31bf51bf71af917fb14fd12fe04ff000000000000000000000000000000000000f900e700e7fee8fde9fcecfceefdf1fff302f506f70af70ff613f517f31af11cef1dee1dee1cee1aef18f115f412f90ffe0e030d070d
758,140314866,-36,11,128,1,0,1,1ee0010014fe18fd1afe1cff1d001c011b021a021802150211000efe0cfb0af809f40af10bef0ded0fed10ed11ef12f112f311f610f703fe000000000000000000000000000000000000ff04fe13fd14fb14fa13fa13f911fa10fc0ffe0d000d040d070e0a100c110d130e150e160e170d180c180b1609140810090d0a0a0c08
759,140317172,-36,11,128,1,0,1,1ee001001009130a150b160d160e150f140f130f110e0f0b0d090c060b020bff0cfc0ef910f812f714f815f915fb15fd13fe12ff10010300000000000000000000000000000000000000fd03f40df30df10cf10bf10af10af209f409f609f90afb0bfd0eff10001300150017ff19fe19fd19fc18fc17fc14fe11000f030d050b
760,140318627,-36,11,128,1,0,1,1ee0010003ed03e903e705e606e507e508e608e807ea06ec04ef01f2fef4fbf5f7f5f4f4f2f2f1f0f1eef2edf3ecf5ecf7edf9eefbeffefc0000000000000000000000000000000000000401100710081009100a0f0b0e0b0d0a0c080b060b030c000efd10fb12f914f816f818f819f819fa19fb17fb15fc11fc0efa0bf809f7
761,140319592,-36,11,128,1,0,1,1ee00100f10fef12ed14eb14e914e813e811e910eb0fed0df10cf50bf90bfd0c010e031104140417031901190019fe18fc16fb14fb12fe04000000000000000000000000000000000000fdfbf5eef6edf7ecf8ebf9ebfaecfbedfaeff9f2f7f5f4f7f1f8edf9eafae8f9e6f8e4f6e4f5e4f4e5f4e7f4eaf5edf8effbf0fff102
762,140831241,-70,11,128,1,0,1,0ee000411d2af22d2c335b366036653a6538652f62275b284d2b4a1b47ff3df740f74cf34df645f83bfc3bfc3eff3f08460b3f0e2813070500000000000000000000000000000000000002090522fc23fc2ffd2bfb1afa19fc1b0119061b15292a413248313e2d3c2641294b3349343e253b1c3521371e3c1c33282f2a351f32
763,141265675,-92,11,128,1,0,1,4ff114410a070905060105ff02fe03fb07f808f708f609f409f50af809f909fb08fd04fc02fb02fd030003ff01fdfefcfbfcfbfbfbfafefe000000000000000000000000000000000000ff00fd0300030105fd06f906f607f50af609f607f606f605f604fa04fd04fd03ff04010504060609060c050b080c0d0b0e080c0a090b
764,142084866,-92,11,128,1,0,1,4ff11400fa06fd0600070104040208010b040c050a0409050c050c070b080a0709050703050103ff01ff0000fffffffc01fa04fc07fe02ff000000000000000000000000000000000000fffffdfefc00fc03fc03fb01f800f701f502f400f4fff401f601f800fa03fc04fe05fe06ff04ff06fc0afb0dfc0cfd0bff0dff0df80f
765,142347931,-91,11,128,1,0,1,a00aaa4100f8fdfbfefefe00fe00feff00fe02ff020102ff03fd03fd03fd01fe00010100fffefffefffefe00fe01fefffdffff0000ff00ff000000000000000000000000000000000000ff00fe00fe00fe00fffdfffcf8f7f4f1faf8fefdf5fbedfdf5fdfffd010003ff00fcfdfbfdfffefffffd02ff02030001fcfff9fefcfb
766,142392106,-90,11,128,1,0,1,4ff1140009ff0afc07fd03fd05fc04fa00f6fdf1fdeefef0fef4fef5fef4fef4fdf5fef8fffbfffdfffefdfefa00f802f802f901f900fe00000000000000000000000000000000000000fffffcfefd01fe05fd08fd08fc08fa08f70af70af909f909fa08fa06fa06fe05020303030503070208ff0bff0d030d040f0310040e06
767,142904090,-92,11,128,1,0,1,4ff11400fd08fd08ff09030904040401050107ff09fc09fd08ff08010a020a020901060005fd04fe0100ffff00fe00fffefefcfcfcfcffff000000000000000000000000000000000000fffffffefefdfdfbfdfafef9fff700f500f6fff6fdf6fcf7fbfafbfbfbfafcfafefcfd00fa04fb05fb08f80bf609f606f805f906f806
768,143881409,-29,11,128,1,0,1,1ee0010008e809e40ae20ce10de10ee20ee40ee60de90beb08ed04ef00f0fcf1f9f0f6eef5ebf4e9f5e7f6e6f8e6fae7fce8feeaffec00fb00000000000000000000000000000000000005021409140a130c120d100c0f0c0e0a0e080d040e0110fe13fb16f918f81bf71df81ff91ffa1efc1efd1bfd18fd14fc10fa0df60bf4
769,143882894,-29,11,128,1,0,1,1ee0010010f012ee14ed16ed17ed17ee17f016f114f311f40ef50af506f403f201f000edffeb00e901e703e704e806ea07ec08ee08f002fc00000000000000000000000000000000000003030d100c110a11091208110710070e080c09090b070e0511041404170419041a061b071b081a09190917091407110510020fff0ffc
770,143883320,-29,11,128,1,0,1,1ee0010018061b071d081f091f0b1d0c1c0d1a0c180b1509120610030fff0efb0ff811f513f315f317f318f418f618f917fb14fc13fe04ff000000000000000000000000000000000000fe05f815f715f514f413f412f510f60ff80ffc0eff0f03100613081509170a1a091c091e081e061e051d041b041805130710090d0c0a
771,143885610,-29,11,128,1,0,1,1ee00100f516f419f31bf21cf01def1bef19ef17f115f313f611f90ffd0f010e051007120814081708180619041902180017ff15fe13ff04000000000000000000000000000000000000fafdebf6ebf4ecf3edf2eff2f0f3f1f4f2f7f2faf1fdef00ec02e904e606e406e205e004e003e102e201e400e701eb02ef05f108f30a
772,143886073,-29,11,128,1,0,1,1ee00100ea05e706e505e405e304e302e401e601e801eb01ee02f104f406f609f70cf70ff611f412f313f112f011f00ff00df00bf109fc02000000000000000000000000000000000000fffbfcecfdebffeb00eb01ed01ee00effff1fdf3faf4f6f4f3f3f0f2eef1edefecedecececebeeebefebf0ecf2eef3f2f3f6f2f9f1fc
773,143892626,-29,11,128,1,0,1,1ee0010004e805e406e307e109e10ae20ae40ae609e808ea05ed02effef1faf1f7f1f4eff3edf2ebf3e9f4e8f6e8f8e8fae9fcebfdecfffb00000000000000000000000000000000000005011505150614081309120910090f080e050e030eff0ffc11f914f716f518f41bf41cf51cf61cf71cf81af917fa13f90ff80cf50bf3
774,144049814,-92,11,128,1,0,1,effcce4100fe00fc00fcff00fe05000604060106fd05fd03fd04fc04fd03ff0401040404040501020002ff06ff0501fe06fb05f800f7fffd00000000000000000000000000000000000000fe00fc01fe02000002ff02ff03ff03fe01fe00000000ff01fd01fcfefdfdfffe010000ff00ff00fdfffffe0904110a090400fe0200
775,144155015,-93,11,128,1,0,1,dccbbd41fe0102010201ff0000fe03fe04ff02fe00fb01f7fef7f9fafdfd070007010002ff0105ff0401ff02fe00ffff01ff02fe02000000000000000000000000000000000000000000000001020103ff02ffff01fd00fefdfffffe0100020100fffefffe00ff00fe00fe01000101010002000201fe01fefe00ff0001fefffe
776,144542558,-92,11,128,1,0,1,4ff11400000b040805050303040208020b030a040b030c050c080a09090708070807060603060206030302ff00ff010005ff06fe05ff0100000000000000000000000000000000000000000001040103030203030206010a010cff0bfc09f908f909fb06fb04fa04fe0502040206040707050708080e060e050f071109110710
777,144574738,-39,11,128,1,0,1,1ee0010009ec08ec08ec08ed07ed06ed06ee05ee04ee04ee03ee03ee03ef03ef03ef03f003f003f003f103f103f103f203f303f303f301fc00000000000000000000000000000000000001fa05ea06ea07e908e908e909e90ae80ae80be80ce80de80de80de90de90de90dea0dea0cea0cea0cea0bea0bea0aeb0aeb0aeb0aea
778,144576887,-28,11,128,1,0,1,5ee0050018041b051d051e071e081d091b09190917081406120410010efd0ef90ff610f412f214f215f216f416f516f815f913fb12fc04ff000000000000000000000000000000000000fe05fb16f915f814f713f612f710f90ffb0efe0d010e050f08120a140b160c180c1b0b1c0a1c081b071a061806150711090d0b0a0d08
779,144609610,-30,11,128,1,0,1,1ee00100f016ee18ed19eb1aea19e918ea16eb14ed12f011f410f70ffb0fff100212031504170319021a001bff1afd19fc17fb14fb12fe04000000000000000000000000000000000000fafcecf1ecf0eeefefeef1eff2f0f3f2f3f5f2f8f1fbeefeea00e702e402e101df00defedefde0fce1fbe4fbe7fdebffee03f006f109
780,144868401,-41,11,128,1,0,1,1ee00100031503140413041204120511051005100610060f060f060e070e070d060d060d060d060c060c060c050b050b050b050a040a0102000000000000000000000000000000000000010506140615051605160417041804180319031a0219011a011a011a0119001900190018011801170117021702170216021602150315
781,144923683,-29,11,128,1,0,1,1ee001000ded0fea11e912e814e814e915eb14ec13ee11ef0ef00af107f104f001ef00edffea00e800e702e603e705e807ea08ec08ed02fb00000000000000000000000000000000000004011308130a120b110c100c0f0b0e0a0d080d060e03100113ff15fd18fc1afc1cfd1dfe1dff1d001c011a01180114ff12fd11fa10f8
782,144982550,-29,11,128,1,0,1,1ee0010018fe1bfd1efd20fd21ff20001f011d021b01180114ff11fd0efa0cf60cf30df00eee0fec12eb13ec14ee15f014f313f512f704fd00000000000000000000000000000000000000050116ff17fe17fc16fb15fb13fc12fe10010e040e080e0c0f0f111112121413161318121911190f190e170d140c100c0c0e080f05
783,145035122,-29,11,128,1,0,1,1ee001000d13101511171119101a0f1b0d1a0c190b170a140a110a0d0b090d060f04120315031704180518071708160a140b110b0f0b0302000000000000000000000000000000000000fb03ee0eed0dec0cec0aed09ee08f008f208f40af70cf90efa12fa15fa18f91af71cf61df51cf41bf31af418f615f813fc1100100210
784,145222200,-93,11,128,1,0,1,855998410001fffe00fc01fa04fb08fd0afd08fe02fcfffb03fe06fd05fbfffbfafcf9fbf8fbfdf805f508f60af804f7faf4fdf90302010100000000000000000000000000000000000000ff00fd01fdfffefe00fe01fd00fd01fe01ff0001fd01fc00fcfffcfefcfffd01ff0000ff01010101fefffbfefbfdfdfcfd00010406
785,146283386,-92,11,128,1,0,1,4ff11400040b04090407050408ff08fb08f90af50bf40df60cf60cf80cf909fa07fb04fc03fc02fb00fbfefbfdfbfbfcfafdfafcfcfbfffe0000000000000000000000000000000000000000ff02fc00fb00f9fff8fef7fff6fff6fff7fdf6faf6f9f8fbfafefd00fe02fd02fdffff03000a020e040f030f020e030f02100111
786,146385813,-92,11,128,1,0,1,4ff1140005f301f6fbfafbfcfcfbf6fcf3fdf3fdf4faf2f7f2f6f6faf8fbf7fbf9fbfbfafcfafdfdfd00fd01fd03fb03fb03fa02f802fe0000000000000000000000000000000000000000ff01fd02fe02fd03fb03fb03fb05fb09fd0bff0b010b03070204ff06fe07fb05f903fb00f902f202f000f500f600f301f103ef05f0
787,146655393,-92,11,128,1,0,1,dbb66d41fefcfefeff00ff01ff02ff0000fefffe00fe01fd01fe0101ff03fd03fe0100010102ff01ffff00ff01010100000000fffffeffff000000000000000000000000000000000000010003ff01fefffefefefefd00fd00feff01ff02fe00fd00fc00fd00fdfefdff010002000001ff03fe030001f9fcf0faf5fcfafbfcf8
788,148045150,-33,11,128,1,0,1,1ee00100e805e605e405e403e302e501e600e800ea01ec02ef04f106f208f20bf20df10fef10ed0fec0feb0deb0beb09ed07ef06f005fc01000000000000000000000000000000000000fdfcf5f1f5f1f6f0f7f0f8f1f8f2f8f3f7f4f6f5f4f6f1f7eef7ecf6ebf5eaf4e9f3e9f2eaf1ecf1edf1eef2eff4f0f8f0fbeffeee00
789,148050587,-34,11,128,1,0,1,1ee00100120e140f141114121313111310120e100d0e0d0b0c090d060e0310011200140016011702170416051506130711080f070d070301000000000000000000000000000000000000fe04fa11f910f810f70ff70ef80df90dfb0dfd0dff0e011003120414041603170219011901190018ff17ff150012020f050d080c0a0c
790,148107306,-34,11,128,1,0,1,522005000d160e180e190d1b0c1c0b1b091909180915091309100b0e0d0c0f0a120a140b150d150e1510131111120f120c110a10090f0203000000000000000000000000000000000000fe04f710f610f50ff50ff50ef60ef70ef90efa0ffc10fd12fd15fe17fe18fd1afc1bfb1bfa1afa19fa18fa17fc15fe13011204120612
791,148109442,-34,11,128,1,0,1,5220050009140a160a170918091907180617061506130611070f080d0a0b0c0a0f0a100b110c110e11100f100e110c110910080f060e0103000000000000000000000000000000000000fd03f70ef60df50df50cf50cf60bf70cf80cfa0dfb0efb10fc12fc14fc15fb16fa17f917f917f816f915f914fb12fd10ff0f020f0410
792,148312261,-34,11,128,1,0,1,1ee00100f614f517f318f219f118f017f114f213f411f70ffa0dfe0c020c060c090d0b0f0c120c140b1509160815061404130311020f0003000000000000000000000000000000000000fdfcf4f0f5eff6eff8eff9f0f9f2f9f4f9f6f7f9f5fcf2feefffeb00e900e7ffe5fde5fce5fbe7fbe8faeafbeefcf1fff402f506f609
793,148314101,-33,11,128,1,0,1,1ee00100f512f717001c041d001efa20f921fb21fa1cf815fb130010070a0e0c110e130d130d150d180f1611141211100e0e0c0d0b0d0203000000000000000000000000000000000000fefafbe9fceafeebfdecfdeefdeffceff9f1f6f4f3f8f3f9f5f5f0f6eafde4ffe1f8e6f5e6f8defadcf7e0f3e7f5ecfcf201fc020104
794,148314770,-34,11,128,1,0,1,1ee00100e9fde6fde5fce4fbe4f9e5f8e7f8e9f8ecfaeffcf1fff302f506f609f50df40ff211f011ef11ee10ed0eed0cef0af108f207fc0100000000000000000000000000000000000002fc0af00bf10cf20cf30bf40af508f606f603f6fff4fcf2faeff9ecf8eaf8e8f9e6fae5fbe6fce7fde8fdeafdeefbf2f9f5f6f8f4fa
795,149852181,-95,11,128,1,0,1,b55bbb4100010000020102000100ff01fd02ff020001fffefefeffff000001ff02fe02ff030101010000000000000101020201010000ffff000000000000000000000000000000000000fffffdfb00fb00fc00fe02ff04010102ff04ff05fe05fe030001ff00fefffefffefffcfffc00fdfffefefd00f402eb04f005f604f702
796,150277577,-91,11,128,1,0,1,4ff11400f701f901fc03fe04fe04ff05ff0601070309040c010b020a020a0008000702060105ff05ff03000002fe05ff07ff07ff0600010000000000000000000000000000000000000000ff00fdfffbfdf8fcf8fdf8fcf7fbf6fef400f400f700f702f703f9fff9fbf9fcfbfdfdfdfefafff700f400f501f601f202f003ee05
797,150379826,-94,11,128,1,0,1,4ff1140006f906fa03fdfefefdfcfefcfbfff400f2fff301f201f400f401f202f504f906fa07fb06fd03ff0001ff03ff03ff06ff07fe01ff00000000000000000000000000000000000000ff01fefffcfffbfdfbfafbf6f9f4f6f6f7f8f8f8f8f9f9f9f9fbfbfdfefeffff0102030105010605040906080709040d0410060f08
798,150789139,-92,11,128,1,0,1,4ff11400f6faf6fef701f8fff7fef701f802f706f508f305f201f1fef1fef4fef6fcf8faf9fbfcfdfcfffa00f901fafff900f802f702fd0000000000000000000000000000000000000000010005ff04ff03fc03f703f604f603f501f500f600f5fff6fff900fd02fd01f800f604f806f605f206f206f306f305f101edfeeafe
799,152461393,-94,11,128,1,0,1,655ee641fcfffd01ff02010002ff02fe02fc01fdfffffefffe01fe03ff02fffffefffefffe00feffff00000100010001000000ff00fe00ff0000000000000000000000000000000000000000ff01fefffffe00ff00fefefeff00fffffefefcfdfbfcfffd01ff01fd00fc01fe02fe02fc01fcfffefeff08fd10fb04fcfafeff01
800,152963155,-32,11,128,1,0,1,1ee00100ea04e706e407e207e006e004e103e202e401e701ea02ee03f105f408f60cf60ff512f413f215f014ef13ee11ed0fee0cef0afb02000000000000000000000000000000000000fefafaebfbe9fde9fee9ffe900ea00ebffedfeeffbf1f8f2f4f2f0f2eef1ebefe9ede9ebe9eaeae9ebe9eceaefecf0eff1f3f1f6f0f9
801,152969777,-32,11,128,1,0,1,1ee00100150419041c041e061f071e091d0a1b0a19091608130611030fff0dfb0df80ef510f312f114f115f216f417f616f814fa13fb04ff000000000000000000000000000000000000fe05f914f815f615f514f413f412f511f610f90ffc0e000f0311061309150a180b1a0a1c0a1d081d071d061c051905150611090e0a0b
802,152990179,-31,11,128,1,0,1,5220050006e905e606e407e209e10be20ce30ce40be709e907ec04ee01f0fdf1f9f1f6f0f4eef3ecf3e9f5e8f6e7f8e8fae9fcebfeecfffb0000000000000000000000000000000000000401130614071409130a120a110a100a0f080e050e020fff11fc13f915f717f61af51cf51cf61cf81cf91cfa19fb15fa11f90ef70cf5
803,153193359,-32,11,128,1,0,1,1ee0010013f616f419f31bf31df41df51df61bf819f816f912f90ef909f706f503f201ef01ec02e903e705e706e708e909eb09ed0aef02fc000000000000000000000000000000000000ff05fe15fd15fc16fb15fa14fa13fa12fc10fe0e010d050c090d0d0e100f13101413151415151416131611150f130d0f0d0b0d070e04
804,153199367,-32,11,128,1,0,1,1ee00100e902e603e303e103df01df00e0ffe2fee4fee8feecfff001f304f608f80cf810f713f615f416f216f115ef13ef10f00ef00cfc0200000000000000000000000000000000000001fa07eb09eb0aeb0bec0bed0bef0af008f105f202f2fef1faeff7edf4ebf2e9f1e6f1e4f2e3f3e3f5e3f6e5f7e8f7ecf7f0f5f4f4f7
805,153203768,-32,11,128,1,0,1,1ee0010005150619071b071e061f051f041e021d021a02170213040f060b09080d0511051405160618081809170b150c120d0f0d0d0d0303000000000000000000000000000000000000fafeebfaebf9eaf8ebf7ecf6edf6eef7f0f9f1fcf2fff203f107ef0aed0deb0fe911e711e611e510e60fe70dea0cee0af20af60bf90c
806,153204221,-32,11,128,1,0,1,1ee0010002ea02e602e303e105e006e007e208e307e605e903ec01f0fdf2f9f4f5f5f2f4eff3edf1eceeededeeecf0ebf3ecf6edf7eefefb0000000000000000000000000000000000000402110b110c110d100e0f0e0e0e0d0d0c0b0c080c040e0010fd13fa15f818f71af71cf71df81df91dfa1bfb18fc14fb10fa0df80af6
807,153204698,-32,11,128,1,0,1,1ee00100f3edf0eaefe8eee6efe4f0e3f2e4f3e5f4e7f5eaf6eef6f3f5f7f3fbf1feee00eb01e801e600e6fee6fce7fae9f9ecf8eef8fbfe00000000000000000000000000000000000005ff14fd15fe16ff160015011402120110000efe0cfb0bf70bf30bef0cec0dea0fe810e712e712e713e912ea10ed0cef08f104f101f1
808,153205064,-32,11,128,1,0,1,1ee00100f512f316f218f01aef1aee1aed18ed16ef14f111f40ff80dfc0c010c050d080f0a110b140b160a1708180517031601140013ff04000000000000000000000000000000000000fdfbf4eef5edf5ecf6ebf8ecf9edf9eef8f1f8f4f6f6f3f9f0fbecfce9fde6fde4fce2fbe2fae2f9e3f9e4f9e8f9ebfbeefef001f204
809,153212019,-33,11,128,1,0,1,1ee00100140717081a091c0a1c0c1b0d1a0e180e160c130b10080e040d000cfd0cf90ef510f312f215f216f316f516f715f914fb12fc04ff000000000000000000000000000000000000fc03f20ff00eef0dee0cee0bef0af10af30af60af90bfd0dff10011302150218021b011d001dff1dfe1cfd1bfe17ff130210050d080b
810,153368561,-32,11,128,1,0,1,1ee001000df10eee10ec12eb14eb15ec15ed15ee14f011f20ef40bf507f502f4fff3fcf1fbeefaebfbe9fce8fde800e802ea03ec04ed01fb00000000000000000000000000000000000002040811071206130513041303120310030e050c070a0a080d07100613061606180719081a09190a180b170b150a12080f050e010dff
811,153415375,-31,11,128,1,0,1,1ee00100f013ee16ec18ea19e919e817e815e913eb11ef0ff30df70cfc0c010d050f081209140a170919071a051a03190117ff15fe13ff04000000000000000000000000000000000000fefaf8e9f9e8fbe7fce8fde9feebfdedfcf0faf3f7f5f3f7eef8eaf8e6f8e4f7e2f5e1f3e1f2e2f1e4f1e6f2e9f4edf8f0fcf100f203
812,153415757,-31,11,128,1,0,1,1ee0010011ee14ec16ea18ea1aea1aeb1aed18ef16f112f20ef309f404f300f2fcf0f9edf8eaf8e7f9e5fbe4fde4ffe600e802ea02ec00fb000000000000000000000000000000000000000502170118ff18fe18fd16fd14fe120010030d060b0b0a100a140a170b190d1b0f1c111b121a1218121611130e110a0f060e010efd
813,153467703,-43,11,128,1,0,1,1ee001000aeb0aeb09eb09eb08eb08ec07ec07ec07eb06eb06eb05ec05ec05ec05ed06ed06ed06ed06ee06ef06ef06f006f107f107f102fc00000000000000000000000000000000000001fb07ec08eb09eb0aeb0aeb0bea0bea0ce90de90dea0eea0fea0fea0eeb0eeb0eeb0eeb0eeb0deb0deb0dea0cea0ceb0beb0ceb0bea
814,153519380,-31,11,128,1,0,1,1ee00100f2edefeaeee8ede6eee4efe3f1e4f2e5f3e7f5e9f5edf5f1f4f5f2f9f0fbedfdeafde8fde6fbe6f9e6f8e8f6eaf5edf4eff4fcfd00000000000000000000000000000000000004fd12f413f514f615f714f813f912f910f90df80bf609f308ef07ec07e908e609e40ae30ce30de40de50de60ce909ec05ee02efffef
815,154053238,-93,11,128,1,0,1,2ddff24101fdfffffb01fc02ff00fffefffe01fe03fd010001040104fe00fcfffbfffc00ff000101010003ff0200fe01fd00feff00fd00ff00000000000000000000000000000000000000000101020002ff0000010101ff01ff020003ffff01fc04fd03000001ff03fe02ffff00fe01ff01000002ff07fe0efc0cff050003fb
816,154168394,-92,11,128,1,0,1,4ff11400fdf6fbf9fbfcf9fdf8fff900f7fff400f304f203f2fef2fcf2fcf3fdf6fdf9fcfafcfbfdfc00ff04fe06fc03fa03f905fa06ff0100000000000000000000000000000000000000ff01fefffdfcfdfafcfcf7fff400f401f603f704f503f303f503fa01fcfefbfcfafbf9f9fbf6faf5f8f6f7f7f6f8f2f7eef6eff4f2
817,154476161,-89,11,128,1,0,1,4ff114000bf707f803fb01fafef8fbf9f7f9f5f6f6f4f5f2f4f4f6f6f8f8faf8f9f5faf5fcf9fefbfffdfd01fb02fb04fa06fa06f905fe01000000000000000000000000000000000000ff0000030202030404050506070709080a0c090e060b050a0409030703040205020405fe07f907fa08f909f409f20cf410f511f611f7
818,154494966,-29,11,128,1,0,1,1ee00100e404e104df03dd02dd00dfffe1fee4fee8ffed01f103f506f90afc0efd12fd16fc19fa1af81bf61af518f416f513f610f60efd0300000000000000000000000000000000000004fb11ef12f013f212f311f50ff60cf609f604f500f3fcf0f9ecf7e8f6e5f6e2f7e0f8dff9dffbe1fce3fce6fceafaf0f8f5f5f9f2fc
819,154529601,-29,11,128,1,0,1,1ee00100e709e30ae10bdf0ade09df07e106e305e704eb05f005f407f90afc0dfe110015ff18fe1bfc1cfa1cf91af718f615f712f710fd0300000000000000000000000000000000000002fa09e90aea0ceb0cec0cee0bf008f105f201f3fdf3f8f1f4eff1eceeeaede7ede5ede3efe3f0e3f2e5f3e7f5ecf5f1f5f6f3fbf2fe
820,154530540,-29,11,128,1,0,1,1ee0010003e603e205e007de08de09e009e209e508e806eb02effef2faf4f5f6f1f6edf5ebf3e9f1e9efeaedececefecf2edf5eef7f0fdfc00000000000000000000000000000000000003040e120d130b140a1408120710070e080b09070c030f0013fe17fc1bfc1dfc1ffd20fe20ff1f001d011a01160012fe0efb0bf709f3
821,154531701,-29,11,128,1,0,1,1ee00100ff17fe1bfd1dfc1efa1ef91df91af918fa15fc12ff0f020b060909070d0611071309150b150c140e130f100f0e0e0b0d090c0203000000000000000000000000000000000000fcfcf2eff2eef4eef5eef6eff7f1f8f3f7f6f6faf4fdf100ee02ea04e805e505e304e203e202e301e500e700eb01ef02f305f608f90b
822,154532118,-29,11,128,1,0,1,1ee001000cec0ee910e711e712e713e912eb11ed0fef0bf108f303f4fff4faf4f7f3f4f1f3eef2ecf3eaf4e9f6e9f8eafaebfcedfdeffffc0000000000000000000000000000000000000105031402150115ff14ff12ff10000e020c050908070c0610061406170719081a0a1b0b1a0c190c170c150b12080f050d010cfd0bf9
823,154532547,-29,11,128,1,0,1,1ee00100e8f4e5f2e3f0e2eee3ece5ece7ece9eeecf0eef4f1f8f3fdf401f306f20bf00eee10eb10e910e80ee70ce80aea08ec06ee04fb0100000000000000000000000000000000000005fe16f917fa17fc16fd14fe12fe10fd0dfc0af907f506f105ec05e805e506e308e109e00ae10be20be40be708ea04ee00f1fbf3f7f4
824,154565783,-29,11,128,1,0,1,1ee001000f10111312151217111810180e170c150b130a0f090c09070a030c000ffd12fb14fb17fc18fd18ff18001602140311040f040301000000000000000000000000000000000000fb01ec04eb03eb02ec01ed00ef00f001f303f505f708f70bf70ff713f615f517f318f219f118f017f115f213f411f80efc0d000c030c
825,154619988,-30,11,128,1,0,1,1ee00100e705e406e205e004e003e101e300e600e901ed02f004f406f709f90dfa10fa14f916f718f518f317f215f213f210f40ef40cfd0200000000000000000000000000000000000001fa06eb07eb08ec09ed09ef08f006f103f200f3fcf3f8f1f4eff2edf0ebf0e9f0e7f0e5f1e5f3e6f4e7f5e9f6edf6f2f5f7f3fbf1fe
826,154628364,-30,11,128,1,0,1,1ee00100e9f3e7f2e5f0e5efe5ede7ede9edebefeef1f0f4f1f8f2fcf301f205f008ee0beb0ce90ce70ae709e707e804ea02ed01ef00fb0000000000000000000000000000000000000004fc12f412f413f612f711f80ff90df80bf708f505f303f002ec02e802e602e403e205e106e206e306e506e804eb01effdf1f9f3f6f4
827,154680151,-29,11,128,1,0,1,1ee001001a001d001f00210220031f041d051a04170313010ffe0cfb09f707f307ef08eb0ae90ce80ee70fe910eb11ed10f00ef30df403fd000000000000000000000000000000000000fc04f010ef0fee0eef0cf00bf20af40af80afc0bff0d0310051307170819081c071e061f051e031d031b03180314050f080b0b070e04
828,154686898,-30,11,128,1,0,1,1ee001000ee910e612e513e514e614e813ea11ec0eee0af106f301f4fcf5f7f4f3f3f0f1eeeeeeebefe9f0e9f2e9f5eaf7ecf9eefaf0fefc000000000000000000000000000000000000ff05fd17fc17fa16fa14fa12fb10fd0d000b040908080d081209160a180b1a0d1b0f1b101a1118111610130e100a0d060c010bfb0af7
829,154687417,-30,11,128,1,0,1,1ee00100eaf0e8ede7ebe7eae8e9eae9eceaeeecf0eff2f3f4f8f5fdf502f407f20bef0ded0fea0fe90ee80ce80ae908eb06ee04f003fc000000000000000000000000000000000000000500160316051506130711060f050d030b0009fc09f709f30aee0cea0de80fe711e612e613e712e911eb0fed0bf007f202f4fcf4f8f4
830,154689848,-30,11,128,1,0,1,1ee00100f8e6f7e3f8e0f9dffadffbe1fde3fde6fdeafceefaf2f8f7f5fbf2feee00ea01e700e5ffe4fde5fbe6fae9f8ecf8eff8f1f9fcfe000000000000000000000000000000000000040310100f110d110c110a0f090d080a090609020bfe0efa12f716f518f41bf41df51ef61df71cf81af917fa12fa0df908f704f401f1
831,154690282,-30,11,128,1,0,1,1ee00100fe1afd1dfc1ffb20f91ff91ef91bf918fa15fd11000d040a08070c061005140616081809180b170d150e130e0f0d0d0c0b0b0202000000000000000000000000000000000000fdfaf6ebf7eaf8eafaebfbedfbf0faf3f9f6f7faf4fdf0ffeb01e702e502e201e000e0ffe1fee2fde5fde8fdecfff101f404f809fa0c
832,154692731,-30,11,128,1,0,1,1ee0010019071c091e0a1e0c1d0d1b0d190d160b130910060d020afe09f908f509f00aed0ceb0eea10ea11eb12ed12f010f20ef50df603fd000000000000000000000000000000000000fa01e904e802e901eaffecffeffff101f503f806fa0afb0ffc14fc18fb1afa1df81ef71ef61df61bf619f716fa12fd0e020b07090b08
833,154693229,-30,11,128,1,0,1,1ee0010019041c051e061f081e091c0a1a0a1709140610040d000afc07f806f306ef07ec09e90be80de80ee90feb0fed0ef00cf30af402fd000000000000000000000000000000000000fa01e904e903e901ea00ec00ef00f201f503f807fb0afc0ffd14fd18fd1afc1cfa1ef91ef81df81cf819f916fb12fe0e030b08080b06
834,154693646,-30,11,128,1,0,1,1ee00100ededebeaeae8eae7ebe6ede7efe8f1ebf3eef4f2f5f7f5fcf401f306f109ee0ceb0de90de80ce70ae808e906eb04ee03f002fc0000000000000000000000000000000000000005021509140a130b110b0f0a0d090c060a020afe0af90bf50df10fed11eb13ea15e917ea17eb16ed15ef12f00ef209f404f5fff4fbf3
835,154694075,-30,11,128,1,0,1,1ee001000219021d011f0020ff20fe1efd1cfd19fe150011020d050909050d0311021502170319041a0619081709150a12090f090d080302000000000000000000000000000000000000fcfbf3ecf4ebf6ebf8ecf9eefaf0f9f3f8f7f7fbf4fff002ec04e805e506e305e104e003e102e301e500e800ec01f103f606fa0afc0d
836,154885210,-89,11,128,1,0,1,4ff11400090b09060a010a01090005fb05f808f609f209f00af10bf40af508f507f506f606f904fc01fbfff9fdfaf9fbf9fbfaf8f8f5fdfd000000000000000000000000000000000000ff00fe03fd05fc06fd07fd08fd0afa0bf809f707f809f70bf709f905fa02fa04fd0600050202040109030f09110d100910070f0a0d0b
837,155026417,-28,11,128,1,0,1,1ee0010018fc1cfc1ffd20fe20ff1f001d011b01180114ff0ffd0bfb08f705f304ef04ec05e907e709e60be60ce80cea0ced0cf00bf202fc000000000000000000000000000000000000fc04f111ef10ee0eee0def0bf10af309f709fb0afe0b020e051108140917091a091c081e071e061d051b041904150510070b0a070c05
838,155029993,-29,11,128,1,0,1,1ee00100e8f6e5f4e3f3e2f2e2f0e4efe6f0e8f1ebf3eef6f1faf3fef403f508f40cf310f112ef13ed13eb12eb10eb0dec0bee09f007fc0100000000000000000000000000000000000005fe16fb16fd16fe15ff130011000fff0cfd09fa07f705f205ee04ea05e606e407e209e10ae20ae40ae609e807eb04effff2fbf4f7f5
839,155153031,-28,11,128,1,0,1,1ee00100eaf7e7f6e5f5e4f3e4f2e5f1e7f1eaf2ecf4eff6f2faf4fef602f607f60bf50ef311f112ef12ee11ed0fec0dee0af008f106fc0100000000000000000000000000000000000005fe14fc15fd15fe14ff120010000eff0bfd09fa07f705f305ef04eb05e805e607e408e309e409e509e709e907ec04f000f3fbf5f8f6
840,155157221,-28,11,128,1,0,1,1ee00100ef13ec16eb17e918e717e716e814ea12ed0ff10df50cfa0bff0a040b090d0c100e120f150e170d180b180817061604130311000400000000000000000000000000000000000001fa05e906e908ea09eb08ed07ef05f102f2fef4faf5f5f5f1f4edf2eaf1e8efe6ede6ebe7ebe9ebeaececedeff1f1f6f3fbf400f403
841,155178680,-91,11,128,1,0,1,7eeee741feff00fd02fcfafff1fcf4fbf802f905020106fc02fb02fd00fefc00f905fa09000efd10fa0c020e070c080004f903fa05fc01ff00000000000000000000000000000000000000ff00fdfffdfefcfffd01fe01fe00fe01ff01fefdfdfafefbfefffd01fd01fd00fd00fd01ff02020201ffff00000301030303030000
842,155208780,-28,11,128,1,0,1,1ee00100f216f019ee1aed1beb1beb19eb17ed15ef12f310f70dfc0c010b060b0a0d0e0f1012101410160e180c180a170716051304110004000000000000000000000000000000000000fffafee8ffe801e902ea02ec02ee00f0fef3fbf5f7f7f2f8edf8e9f8e6f7e4f5e3f3e2f2e3f1e5f1e7f1e9f2ecf5f0f9f2fef303f406
843,155209349,-28,11,128,1,0,1,1ee00100f112ef15ed16ec17ea16ea14eb12ec11ef0ff20df70bfb0a000a040b080c0b0f0c110d140c160b1709170716051403120210000300000000000000000000000000000000000000fa01ea02eb04eb04ec04ee04f002f200f4fdf6f9f7f4f7f0f6ecf6eaf4e8f3e7f1e7f0e8efe9efebf0edf1eff4f2f8f3fdf401f405
844,155209880,-28,11,128,1,0,1,1ee0010001e801e502e303e105e106e206e406e705ea03ed00f0fdf4f9f7f6f9f2f9eef9ebf7e9f5e9f3eaf2ebf1edf0f0f1f3f2f5f3fdfc00000000000000000000000000000000000002040a110912081207120610050e050c060908060a030e0011fe15fd17fc1afc1cfd1cfe1cff1b001a01170113000ffe0bfb08f806f5
845,155210403,-28,11,128,1,0,1,1ee00100e6ffe2fee0fddefcdefbdffae1f9e4f9e7faebfceffff302f606f80bf90ff913f816f619f419f218f117f014f011f10ef20cfc0200000000000000000000000000000000000004fd13f414f515f714f812fa10fa0dfa0af906f703f400f0feecfde8fce5fde3fde0fedf00e001e101e301e600eafeeffbf3f7f6f4f9
846,155210848,-28,11,128,1,0,1,1ee00100eef0ebeeeaeceaebeae9ece9eeeaefecf1eff3f2f4f6f5fbf5fff404f307f00aee0ceb0ce90be80ae808e906eb04ed03ef02fc000000000000000000000000000000000000000500140414051306110710070e060c040b0109fe09fa09f50af10bee0dec0eea10e911e912ea12eb11ed0fee0cf108f303f4fff4fcf4
847,155211451,-28,11,128,1,0,1,1ee0010017f61bf51df51ff520f61ff71df91bfa18fa13fa0ef90af805f501f2ffeffdebfde7fee5ffe301e303e405e606e906ec06ee01fb000000000000000000000000000000000000fc04f212f011ef10ef0ef10cf20bf50af90afd0a010b050e09110b140d160e190e1b0d1c0c1d0b1c0a1a09180813080e09090b040d01
848,155212016,-28,11,128,1,0,1,1ee001001113131514181519141b121a10190f170d140c100b0b0a060b010cfc0ff812f615f418f41af51af71af919fb17fd14fe12ff0400000000000000000000000000000000000000fafeeaf9eaf7ebf6ecf5eef6f0f7f2f9f3fdf401f505f409f30ef112ef14ed16ea16e916e915e914ea12ec11f00ef50cfa0cff0c030c
849,155269052,-28,11,128,1,0,1,1ee00100e602e203e002de01de00dfffe1fee4fee7feecfff001f404f808fb0cfd10fe14fd17fc1afa1bf81af619f517f514f511f60efd0300000000000000000000000000000000000004fc13f314f414f613f712f80ff90df909f805f602f4fef0fcecfbe9fae6fae3fae1fbe0fce0fde1fee3fee6feebfcf0faf4f6f8f4fb
850,155269664,-28,11,128,1,0,1,1ee00100eaf1e7eee6ece6ebe6e9e8e9eaeaececeeeef1f2f2f6f4fbf401f406f20af00ded0fea10e80fe70de70be709e907ec05ee03fb0000000000000000000000000000000000000005001602160316041405120510040e030c000afc09f809f30aef0beb0ce80de60fe510e411e511e711e90feb0cee07f103f3fef4faf4
851,155270146,-29,11,128,1,0,1,1ee00100f5e8f4e4f4e2f4e1f6e0f7e1f8e2f9e5f9e9f9edf8f1f7f6f5fbf2ffef02eb04e804e603e402e400e4fee6fde9fcecfceefbfbfe0000000000000000000000000000000000000403100f0f100e110c100b0f0a0d090b09070a030bff0efb11f714f517f319f21bf21cf31df41bf51af717f813f80ef809f604f401f3
852,155272864,-28,11,128,1,0,1,1ee0010016f41af21cf21ef31ef31ef51cf71af816f812f90df808f703f5fff3fdeffbecfbe8fbe6fde4fee400e502e603e904ec04ef01fc000000000000000000000000000000000000fc04f313f212f111f10ff20df30cf60bfa0afe0a020b060d0a100d130f150f17101a0f1b0e1b0c1a0b190a160912090d09080b030d00
853,155273353,-29,11,128,1,0,1,1ee00100e602e202e002df01deffe0fee2fde4fde8feecfff002f404f808fb0cfc10fd14fc17fb19f91af71af518f416f413f510f60efd0300000000000000000000000000000000000004fc12f313f414f513f711f80ff90df909f805f701f4fef1fbedfae9f9e6f9e3fae1fbe0fce0fde2fee4fee7feebfcf0f9f5f6f8f3fb
854,155295458,-90,11,128,1,0,1,4ff114000dfa08fa04f901f7fff7fff6fdf4f9f1f7eef8eff8f1f9f0faf0faf2fcf4fef500f800fafffdfcfff901f903fa04f902f701fd000000000000000000000000000000000000000000030305030705080809080a080909060b070b060c040c030a0309030703020200040108ff0bfb0bf90cf80ef612f613f613f714f9
855,155328607,-29,11,128,1,0,1,1ee0010006e707e309e10ae00ce00ce20ce50be709ea07ed03f1fff4faf6f5f7f1f7edf5eaf3e9f1e9efeaedecedefedf2eef4eff6f1fdfc0000000000000000000000000000000000000105041503160216011500130010010e030b060809060e041303170319031c041e051e071e081c081a08170713050f020cfe0af908f6
856,155386479,-29,11,128,1,0,1,1ee001000e150f18101a101c0f1d0d1c0c1a0a1809140910090b09070b020dfd10fa13f816f719f71af91afa1afc19fe1600130111010400000000000000000000000000000000000000fbfdecf4edf3eef2eff2f1f3f3f5f4f7f5fbf5fff403f307f00bee0eec10e911e712e611e610e70fe80dea0cef0bf40af90afd0b010c
857,155482730,-92,11,128,1,0,1,e6699e41ff000003ff04ff05ff05ff050307080303fff902f001ecfaf3fd020108f907f70100fb03fb0000fc01fc01ff05020606030c00030000000000000000000000000000000000000000000000010100010001030005010103fc05fc05fd05fe03fdfdfcfdfd03fd05fe03000000fd00fb00fe010101ff00fd00010006fe
858,156032418,-30,11,128,1,0,1,1ee00100e804e404e203e103e002e100e3ffe6ffe900ed01f002f405f708fa0bfb0ffc13fb16f917f718f617f416f413f411f40ef50cfd0300000000000000000000000000000000000003fb0cee0def0ef00ef10ef30cf40af407f504f500f4fcf2f9eff7ecf5e9f5e7f5e5f5e3f6e3f7e4f9e6f9e8faecf9f0f8f5f5f8f3fb
859,156042504,-30,11,128,1,0,1,1ee001000d130f161018101a0f1b0d1b0c1a0a180a140910090c09080b040d0010fd13fc16fb18fc1afe1a00190117031503120410040301000000000000000000000000000000000000faffeafeeafdeafbebfaedfaeefbf0fcf2fff402f505f50af40ef211f114ef15ed16ec17eb16eb14eb12ed11f00ff50dfa0cfe0c010d
860,156043209,-30,11,128,1,0,1,1ee001000617071a071c061e051e041d031c021902160312040f060b09070c041003130216031805180618081609150a120a0f0a0d090302000000000000000000000000000000000000fbfdecf7ecf5edf4eef4f0f4f1f5f2f7f3faf4fef301f205f009ed0beb0de90ee70fe50ee50de60ce70be90aed09f109f609fa0bfd0c
861,156047191,-30,11,128,1,0,1,1ee00100140b170d190f19111912171315121311110f0f0c0d080c040cff0cfb0ef710f512f415f417f418f618f817fa15fc12fd10fe04ff000000000000000000000000000000000000fb02ec09ec08eb06ec05ed04ee04f004f305f607f80afa0dfc11fc15fc18fb1afa1cf91df81cf71bf619f717f914fc11000e040c070b
862,156049597,-30,11,128,1,0,1,1ee00100f214f117ef18ed19ec18eb17ec15ed13ef11f20ff60dfb0cff0c030c070e0a110b130b160a180818061804170215011300110004000000000000000000000000000000000000fdfbf8ecf9ebfaebfbebfcecfceefcf0faf3f8f5f6f8f2f9eefaeafbe8fae5f9e4f8e3f7e3f6e5f5e6f5e8f6ebf8effbf1fff303f406
863,156830855,-92,11,128,1,0,1,4ff114000afb08f903f9fffbfffbfcf9f7f7f7f6f9f6f9f6f8f7f9f6faf5f9f7faf8fcf6fdf9fefc00fd00ffff01fc01fa03f902fa00feff000000000000000000000000000000000000000102040302040105020605060707080708070707070809060804060602060004fe03fc05fb05f806f707f509f10df111f411f60cf7
864,157381777,-29,11,128,1,0,1,1ee00100efefededebebebe9ece7ede7efe8f0e9f2ebf3eef4f2f4f7f4fbf2fef001ed03ea04e803e602e600e6ffe7fdeafbecfbeefafbfe00000000000000000000000000000000000004fd13f714f814fa14fb13fc11fc0ffc0dfb0af908f607f306ef06eb07e908e709e50be40ce50de60de70ce90aec07ef03f1fff2fbf2
865,157445304,-91,11,128,1,0,1,4ff114000afc05fe04fd04fc01fbfef8fcf8f7faf4f8f5f4f7f2f7f2f8f3faf4fbf5faf7faf9fbfbfcfdfbfffb01fa03f905fa05f906fe0100000000000000000000000000000000000000010005ff05010504060507060a060b040a030b020c030c040a04080407020501020201030107010bfd0cf80cf60df60ef50ff70ffa
866,158248325,-92,11,128,1,0,1,99900941ff01fffefefefefffffffefffeff00fe01ff0100fffffeff00fe01fe01ffff00fd01fe01fe00fe00ff01ff01fefffefe00fe00ff00000000000000000000000000000000000000fffffefe00000001fe00fe00fe0001ff03ff02ff00ffff00fe01ff040004ff030000020100020201070209030a030c040708020702
867,158264559,-90,11,128,1,0,1,4ff11400f9fafbfbfafdf702f804fb06f906f505f307f105f004f205f303f3fff600fa01fbfff9fffa02fc04fd06fd06ff05ff05fe04ff01000000000000000000000000000000000000fefffbfdfbfef9fdf9fdf9fdf8fdf8fcf9f9f9f7faf6faf7fbfafbfdfafffb00fafffafff9fff7fef500f205f006ef01f0fceffdecfe
868,158344172,-93,11,128,1,0,1,b8888b41fffe04fc05fa00fbfbfaf9f8f6fef704fb03fe0001ff01fe00fe030006010500fefcfef400f4fafaf600fc0105fe0b010a0702020000000000000000000000000000000000000000010000000101010101ff00fcfefafbfcfcfffeff01ff00ffffff00fe03fe03000000fefffefd00fd02fd03fe02ff0001fe00fefa
869,158571732,-91,11,128,1,0,1,4ff1140001f301f8fffcfcfcfbfcfbfbf9fbf9f7fcf3fcf1faf2f9f1fcf000f200f400f501f602f800fafefbfdfcfcfdfbfcf9f9faf9fefe00000000000000000000000000000000000000ff00fe00fc00fb02f904f606f408f509fa0afb09f808fa0afc09fb05f903f803f903fa00fafcfafcf801f104ec04ed07ee07eb03ea
870,158594313,-30,11,128,1,0,1,1ee00100e703e304e104df03dd02de00dfffe1ffe4ffe7ffeb01ef03f306f50af70ef711f614f416f217f017ee15ed13ed11ee0eef0cfb0200000000000000000000000000000000000001fa04e906e907e908ea08eb08ed07ee05ef01f1fdf1faf0f6eff2edf0ebefe8eee6eee4efe3f0e3f2e4f3e5f4e9f5eef4f2f3f6f1f9
871,158631393,-30,11,128,1,0,1,52200500ef0fed12eb13e913e813e811e80fe90eec0dee0bf20bf60bfa0bfd0d000f0212021501170018ff18fd17fb16fa14f912f910fe03000000000000000000000000000000000000fdfbf5eef6edf7ecf8ecfaedfaeefaf0faf2f8f5f6f7f3f9effaebfae9fae7f9e5f8e4f6e4f5e5f4e7f4e9f5ecf7eef9f0fcf100f103
872,158647023,-30,11,128,1,0,1,52200500fd16fd1afc1cfb1dfa1df91df81bf819f917fa14fc11ff0f030d060c090c0c0d0e0f0f110f130e140c150a150814061204110104000000000000000000000000000000000000faffebfbebfaebf8ecf7eef7eff7f0f9f1fbf2fef201f104ef07ed0aeb0be90ce60ce50ce50be509e508e707ea07ee07f208f50af70d
873,158655026,-30,11,128,1,0,1,5220050008ea09e70be50de40ee50fe60fe70fe90deb0bed08ef05f101f1fdf1faf0f8eef7ecf7e9f8e8f9e7fbe7fde8ffe900ec01ed00fb00000000000000000000000000000000000004021208120a110b100c0f0c0e0b0d0a0c070c050d020fff12fc14fa17f919f91bfa1cfb1dfc1cfd1bfe19fe16fe12fd0ffb0df80cf5
874,158664841,-30,11,128,1,0,1,52200500f5ebf3e8f3e6f3e4f4e3f5e3f7e4f8e6f8e8f9ebf8eef7f2f5f5f3f8f0faedfaebf9e9f8e8f6e9f5eaf3ecf3eef2f1f2f3f3fcfc00000000000000000000000000000000000004fd12f613f714f913fa12fb11fb10fb0dfa0bf809f609f308ef09ec09ea0be80ce70ee60fe70fe80fea0eeb0ced09f005f002f000f0
875,158869473,-30,11,128,1,0,1,1ee0010009160a180a1a091b071b061b0519041704140511060e080b0a090c070f06120614071409150b140c120d100d0e0d0c0c0a0b0202000000000000000000000000000000000000fb02ec07eb06eb04ec03ee02f002f103f305f507f60af60df611f514f415f217f017ef17ee15ee14ef12f111f30ff70efb0dff0e010f
876,158878910,-90,11,128,1,0,1,4ff11400fcf4fdf8fcfbf8fdf9fffd03fc05f808f50cf30df40cf609f608f608f807f806f805f802fc02000203010400050105030305000100000000000000000000000000000000000002000600030104ff06fb07f908fa0afc0cfc0dfd0bfe0afe0a000902080107fc05fafffafcfafdfcfbf9f6f2f4eef5ebf6eaf6edf8f1
877,159301549,-92,11,128,1,0,1,dddddd4100fefdfffc01ff00000103030204ff08020b060afd05fcfb03f2ffeffaf2fdf5fff602fa03ff020001fefdfcfcfc01fd07030201000000000000000000000000000000000000ff00fd02fe00fd01fd02fe020001030002000102020101fefefdfffe010001fffffffc00fbfefdfe00fe01fe00ffff00fffffe000004
878,160026418,-30,11,128,1,0,1,1ee00100f313f115f017ee17ed18ec16ec15ec13ed12f010f30ef60dfa0dfd0e000f0212021402160118ff19fe18fc17fa16f913f811fe04000000000000000000000000000000000000fbfdedf6edf5eef4eff3f0f3f1f4f2f5f2f7f2faf0fceffeec00e902e702e602e402e301e300e3ffe4ffe5fee8ffeb00ee03f005f008
879,160107775,-92,11,128,1,0,1,4ff1140007fd06fc04fb01f9fff8fef900f701f3fff3fef4fff500f6fff600f604f802f9fffa00fc01fefffefefefdfefbfdfbfafef900fe000000000000000000000000000000000000000001010100030106010700070108040905080507060706060504030202020203ff04fa05f806fb06fc08fb0bfb0ffb10fa0ef909fa
880,160249110,-29,11,128,1,0,1,1ee00100e708e409e209e008df08e006e105e304e504e804ec04f006f309f60cf70ff813f715f517f318f117f016ef13ef11ef0ef00cfc02000000000000000000000000000000000000fefafbe9fce9fee9ffeaffebffecfeeefcf0faf2f7f3f3f3f0f2edf1eaf0e8eee8ece8ebe8eaeaeaebebedecefeff0f2f0f6effaeefd
881,160262776,-30,11,128,1,0,1,1ee001000bea0ce70ee60fe511e511e711e811ea0fec0cee09f005f102f1fef1fbeff9edf8ebf8e8f9e6fbe6fde6ffe701e902eb03ed00fb0000000000000000000000000000000000000402120b110c100d0f0e0d0d0c0c0b0a0c080c050e0210ff13fd16fc18fc1afc1cfd1dfe1dff1c001b011901160012fe0ffb0df80cf5
882,160263990,-30,11,128,1,0,1,1ee00100160619071b081c0a1d0b1b0c190c180c150b130910060f030eff0dfb0ef810f613f415f417f417f618f817fa16fc14fe12ff04ff000000000000000000000000000000000000fe05f814f713f512f511f510f60ef70dfa0dfd0d000e030f0612071508170819081b071c061c041b041a031803150411070e090b0c09
883,160265545,-30,11,128,1,0,1,1ee00100f716f519f41af31bf11bf01af018f116f214f512f810fb0fff0e030e060f08110a130a15091708180618041702160014ff12ff04000000000000000000000000000000000000fbfdedf4eef3eff2f0f2f2f2f3f3f3f5f3f8f3fbf2feef00ec03e904e705e504e304e203e202e301e400e600ea01ed02f004f207f30a
884,160269018,-30,11,128,1,0,1,1ee001001afe1dfd1ffd21fe220021011f021d031a02170113ff10fd0df90cf60bf20cee0dec0feb11ea13eb14ed15ef14f213f412f604fd000000000000000000000000000000000000ff05fd17fb17fa17f915f914f912fb10fd0f010e040e080f0c110f13111511171119111b101b0e1b0d1a0c180b150b100c0c0e080f05
885,160269420,-30,11,128,1,0,1,1ee00100f6e7f4e4f4e2f5e0f6dff7dff9e0fae2fae5fae9f9ecf7f0f5f4f2f7eff9ecf9e9f9e7f7e6f5e6f3e7f2e9f1ecf1eff1f1f1fcfc00000000000000000000000000000000000005fe17fc17fd17ff16001501130011000ffe0dfb0cf70cf30cef0eec0fe911e813e715e715e816ea15eb14ed11ef0cf008f104f001ef
886,160270691,-30,11,128,1,0,1,1ee00100eeecebeaeae8eae6ebe4ece4eee5f0e6f1e9f2ecf3f0f3f4f2f9f0fceeffeb01e801e600e4ffe4fde4fbe5f9e8f8ebf8edf7fbfd00000000000000000000000000000000000005fc14f415f515f715f814f912fa10f90df80bf608f307ef06eb06e807e508e309e10be10ce20de30de50ce709ea06ed02effef0fbf0
887,160277384,-30,11,128,1,0,1,1ee001000eeb10e812e613e615e615e815e914eb13ed10ef0cf008f104f100f0fdeffaecfae9fae7fbe5fce4fee400e602e803ea04ec01fb00000000000000000000000000000000000003040f100e120d120b120a110910090e0a0b0b080d051003140117011a001c011e031f041f051e061c061a061704130211fe0ffb0ef8
888,160312558,-91,11,128,1,0,1,4ff11400040e040b060505010702090009fc09f90bf90bfa0afc0cfe0dfe0bfc09fd09ff0801060003ff02fd00fbfefbfffc00fa02f900fe000000000000000000000000000000000000ff00ff01ff01fe04fe08ff09ff08fd09fa0af90af80af708f607f606fa06fd07fe07ff05040509070a0708080a0c0b0e080d070d070c
889,160517387,-94,11,128,1,0,1,4ff1144103fb00fa00fa00fcfefdfefefb00f6fff3fff400f6fff8fdf6fef601fb01fe01fe01fd02fe03ff0200000401030200030004000100000000000000000000000000000000000000ff00ffff03fd04fc05fc05fc05fb06fb06fc05fc05fc06fd05fe03ff020102020200ff00fb01fa04fc08fd09fc07fa06f908f909fb
890,161029408,-91,11,128,1,0,1,4ff11400f504fa04fc04fe050206050704070709080c060c050d030e040b040903090309040805050503040004fd04fc05fb07fb05fc01ff000000000000000000000000000000000000fffffffd00fefefdfefafef8fdf7fdf6fff401f402f600f7fff8fef9fff9fffbfdfffb00f800f602f503f202f002f107ef09ea07e905
891,161153842,-30,11,128,1,0,1,1ee0010014081709190a1a0b1a0c190d180d160d140c120a10080e040e010efe0ffb11f913f715f717f817f917fb17fd15ff130112010400000000000000000000000000000000000000fe04f912f812f711f610f60ff70ef90dfb0dfd0d000e020f04120614071607170719061a051a041a0419031703140411060e090c0b0a
892,161162023,-30,11,128,1,0,1,1ee00100e9f2e6f1e4f0e4eee4ece5ebe7ebe9ecebeeedf0eff4f0f8f0fcefffee03eb05e806e605e404e402e400e5fee7fceafbecfbfbfe00000000000000000000000000000000000002fa0aeb0cec0dec0dee0def0cf10bf108f105f102f0ffedfdeafce7fbe5fbe3fce1fde0fee0ffe000e200e400e7feebfbeef8f0f5f2
893,161234198,-93,11,128,1,0,1,4ff11400fd0afe0aff05ff02fe040104060309050a080807080707080509040702050106010500020001010003010501050105020603010000000000000000000000000000000000000000010004ff03010304050106fd06fd08fe0a000a0007fd04fc05fb04fb02fd01fe02fd0200030408030b030b060c060a030a020c030a
894,161438466,-93,11,128,1,0,1,acc11a4100f705f003f1fefafd01fe00ff0000ff01ff01ff00ff01fe03fc03fe0100ff01000000fefefefdff00fe01000102010000fd00ff00000000000000000000000000000000000000000000fe00fe00ffff00fc01fc00fd00ff02000001fe01ff0000ff01ff0002fe02fffffffefd00fe0001fe02fe01fd02fe05fe08fc
895,161439013,-92,11,128,1,0,1,4ff11441f2f5f8fcfa01fa03fe03fe05fd07000a030a040b030b0209040707070608040603030402030101fffffe02fd04fb04fb06fc02ff000000000000000000000000000000000000ff000000010102020302050007000701080209000aff0c000c0109020602040103fe00fbfefbfdfcfafef6fbf6f8f4f9f3fff503f7fa
896,161541406,-91,11,128,1,0,1,4ff11400fbf5fcf6fcf9fbfdfa01f902f802f704f705f506f404f303f303f401f702fb04fd02fc00fc00000201040205010600070105000100000000000000000000000000000000000000ff02fc04fc04fc02fb01fb02fa06fa08f806f705f803f802fa01fe00ff00fdfffcfdfbfdfdfcfef9fcf7f8f8f5f9f4faf4f8f4f5f5
897,161643805,-90,11,128,1,0,1,4ff11400faf8fafafbfdfcfdfafdf7fef601f604f605f504f503f604f605f703f800fafef9fffa00fb01fd02000401050004ff04ff07ff02000000000000000000000000000000000000ffff00fc01fc01fa01f802f703f604f706f806f807f80af70af807fb03fcfefafdfafdfcfcfbfaf9f8f7f8f4f8f1f9eff9f0f9f0f9f1
898,163054639,-95,11,128,1,0,1,e22cce41fefefdfbfaf9f6faf8fafdf900fa04fe060202020002fe02fd01fdfdfdfa03f705f504fb06020703060004ff00fffffffffeffff000000000000000000000000000000000000fefffc00ff00010002fe01feff01ff0101ff00ff00fefefdfeffff00ffff02fe04fe00fffe00fe00feffffffff01ff0102ff0101fe01
899,163077449,-93,11,128,1,0,1,4ff11400fff9fffafefbfdfefb01fa03fa05f905f604f505f604f501f501f604f804f904fb05fc06fe03000102020202020302040304010100000000000000000000000000000000000000ff03ff03000300040006ff080009010803070307020603070206ff05fe04fd01fbfffa00fa01f701f501f200f101f002ee02ef03f1
900,163691869,-89,11,128,1,0,1,4ff11400f3fcf6fff901fc04fe06fe06fe05fb06f809f60af60bf70cf70bf708f807f906fb04fe04ff04000303030404050504050305000100000000000000000000000000000000000000fe00fcfefdfdfcfcf9fcf6fdf4fdf5fcf5fcf5fff501f300f4fff601f802fbfefefafdfafcfbfff8fdf4f7f1f6eff9ecfce9fdecf9
901,164428533,-30,11,128,1,0,1,1ee0010019ff1cff1eff1f0020021f031d041c041a031702140112fe10fb10f810f511f313f215f217f217f418f618f816fa15fc13fd04ff00000000000000000000000000000000000002050914081406150514041304120411060f080e0a0d0d0d100e130f151016111613161515151315121511140f110f0d0f0a10071205
902,164467217,-30,11,128,1,0,1,522005000b130d150e170d180c190b190919081708150712080f080c0a090c070f051105130614071509140a130b120c100d0d0c0b0b0202000000000000000000000000000000000000fc03f00def0def0bee0aef09f008f108f309f60af70cf90efa12fa14fa16f918f71af61af519f418f417f515f713f911fd0f000f020f
903,164578307,-92,11,128,1,0,1,055dd041fffe0000ff01fe00fefffbfff7fff4fbf600fa06fcfd04fc0c030afc05f607fc090006030005fe03000100fd00fc0100ff05ff0100000000000000000000000000000000000000000001ff010001ff00feffff00ff0002ff04fe03fd02fe03ffff00fe0000010002fd01fcfefefd000301060103ff00fe020003ff02
904,164613689,-93,11,128,1,0,1,4ff114000603050005ff06ff05fc05f805f602f603f507f306f305f405f506f505f404f603f903fc00fefefefefdfbfcf9fdf9fcf9f9fefe00000000000000000000000000000000000000000101ff03fe04fd06fd08fc08fc07fb08f909fa09fb06f906f906fb04fc01fe010102030206040a060b060b050c040b050808060a
905,165023099,-95,11,128,1,0,1,4ff114410803060105ff05ff040103fc04f706f605f702f804fc06fc04fb03fc04fc04fd04fd04fd02fc01fdfffe00fd01fb00fb00fa00fe00000000000000000000000000000000000000ff01ff02020204020404040604050604080409030a040803060106000502010601050205020702080008ff0a020c050d060b060804
906,165643008,-94,11,128,1,0,1,2aa7724105fa04fc02fd01ff01000000ff00fefffdfefdfefd00fc01fdfffeffff0002fe03ff020102010000fffefefeff01000100fe00ff0000000000000000000000000000000000000000020002ff020002020001fe00feff010202030002010003fe03fc03fc04fd05fe03fefffffcfcfbfbfbfdf803f50af803fdfa00fd
907,165643835,-93,11,128,1,0,1,bffccb410001ff00010201020000fdfffb00fc0000fe020002020302040203010100ffff01ff0300030101020001ff00fd00ffff01fe00ff000000000000000000000000000000000000ff00ff0000000001fe02fd02fd00fefefeffff0101ff02fd01fe02fd02fdff02fd04fe0101fe00fefe00fe01fd09fc12fc0bfd04fe04
908,165740338,-95,11,128,1,0,1,4ff11400f401f604f905fd04ff040206050705060408040b040d010d020a040803070006ff0500040003ff0101ff03fe04ff0601090102000000000000000000000000000000000000000000ff01fdfdfdfafcf9faf8f9faf9fbfafaf9f9f8f8faf7fcf8fcfbfcfdfbfafcfbfefefd00fa02f904f705f306f207f606f606f504
909,165892655,-93,11,128,1,0,1,7557774101fa02fbff00fb03fa02f9fcfaf500f700fefe0202030304010400040003fe00fffdfffe010202020101ff01ff020000feffffff000000000000000000000000000000000000ff00fe02ff01ff02ff02000000fefdfefeff010102010101000200030002fdfdfbfafdfbfffc02fb04fa01ff03040602010300040600
910,166034246,-93,11,128,1,0,1,cddffc4103ff02fffefffcfffdffff0204080507010107000efd0ef806fbfe01fbf9fef80302040302ff01000002ff00fffc00f8fff4fffc000000000000000000000000000000000000ff00fd00fd00fe00fe00feff00feff01fe02fdfffcfffc010001010000fe00fc02fe0303040303fffffdfdfd00000100ff00fefffefe
911,166149512,-91,11,128,1,0,1,4ff11400f8fdf8fdf7fdfc00ff050107000afe0dff0b030c040d030d010c000b00090106010501030202030004ff05ff04fe05fc06fb01fe000000000000000000000000000000000000ff00ffff00fe01fa01f600f500f702f705f707f708f806f803f703f704f801fafefbfdfcfbfdf9fdf5fdf1fceffceffbf0fbf1fdf0fe
912,166559339,-92,11,128,1,0,1,4ff11400fd06fe06ff0601040302050405050505060706070507060906080405020702090206020403050404040005fc05fc05fe0401010000000000000000000000000000000000000000000003fe04fd05fc08fc08fc07fa07f707f707f906f704f603f604f703f902fb03fe0302050408040a0409010cff100110020c010c
913,166661534,-92,11,128,1,0,1,4ff114000506020201fe05fb06fa02f8fdf7fef504f008ed06ee04f303f503f501f6fef8fff901fa01fcfcfdf9fdf8fff701f700f9fefeff000000000000000000000000000000000000fe00f800f901fb02fc02fa02f606f507f506f303f301f4fff6fff801fa03fe040107010702050407060809080a090d0b0e0d0d0c0b0a
914,166968736,-94,11,128,1,0,1,4ff1140003ff02fe02fb01fbfefafbfaf9faf8faf8faf9fbfafafbf7fbf7fcfafbfcfbfcfdfdfefefefefefdfcfefbfffb01fa02fb00ffff0000000000000000000000000000000000000100060104020302050106000601060207020901090209050808050803070306040205fe05fe05fc03fa04f806f806f807f807f903f9
915,168095177,-93,11,128,1,0,1,4ff11400f700f801fa02fd03ff040005000602090109fd09fc0afc0bfb09f807f808fc07ff05ff03fe04ff04030404050305020501040000000000000000000000000000000000000000fefffbfffafef700f602f802f6fff5fef6fcf6faf6faf6fbf6fcfafdfcfdfbfffd02fe04fc05fb05fb07fa08f706f508f30af309f209
916,169119207,-90,11,128,1,0,1,4ff1144101f801f8fff9fcfdfa00f7fff7fff601f602f503f403f301f6fff900fa02f902f900f9fffa00fd02000201020002fe030007000200000000000000000000000000000000000001010406020201fd02ff060208fe0bfc0bfd0a0009010901070004fe03ff03ff03fc03f901fafff8fff4fdf4fcf5fff202ef04f103f5
917,169528818,-91,11,128,1,0,1,4ff1140006fc04fa01fa00fa00fafdfaf9f8f7f7f5f6f8f5fcf5fef5fef5fef5fef7fdf8fdf9fdfcfffefffefdfffc00fb00fafff9fefeff000000000000000000000000000000000000000001010000000002020404060408030805070706080509050706040401030004ff05fc05fd07fd07fb06fa08f909f80bf90bfa0afa
918,169733632,-92,11,128,1,0,1,4ff11400fa01fa04fb05fc06fd06fe060009010bff0cfc0cfd0bfc0af80af909fd08fd08fd06ff030003020302030203020503060405010100000000000000000000000000000000000000fefff9fdfafbfaf9f9fafafafbfafbfcf9fdf7fdf7fdf9fff9fff7fefafb00f801f9fdfbfbfafdf701f501f6fff7fff800f7fff3fe
919,169836005,-90,11,128,1,0,1,4ff11400030803060205010201ff04fc07fd09fc09f80cf90efc0dfd0cfb0efb0dfa09fb07fe05fe03fd01fefffdfdfafcf9fdfafef9fffe000000000000000000000000000000000000fe00f902fb02fc04fa04f804f805f905f802f500f301f403f504f502f701fb01fd0500080206040706080909070a020b020d030f040e
920,170757627,-90,11,128,1,0,1,4ff11400fe03fe030103040107fc07f906fc06ff07fe09fd0afd0bfd0afe09fe05fe02fe050005ff02fc00fb00fb01fc00fcfffcfffd00ff000000000000000000000000000000000000fffffe00fd01fc03fd04fc05f804f703f704f705f604f602f701f903fa05fc03fc01fd0301030304020704070508050c081208120211
921,170860064,-94,11,128,1,0,1,4ff1140006fa04fb02fb00fa00fb01fefffbfdf7fff601f702f702f603f502f702f903f904f901fafefbfdfbfdfbfdfbfcfafcfbfcfbfffe00000000000000000000000000000000000000ff02fc03fc01fcfefbfdf9fef801f801f903f903fb02fd000003fe04fb04fc03fe04fe04fc02f800f6fef4fff403f504f404f408f6
922,171337163,-94,11,128,1,0,1,faa88f41fe0201ff0201040403050005ff0400030000fefefdfffe00fdfffdfdfdfffe01fe00fe00ff01ff01ffff00fe01ff01010001ff00000000000000000000000000000000000000010005010301000000000101fdf8fbeefcf7fdfefdf5fceefdf6ffff00ff01fe01ff010001ff00fe00ff00fefffd0101010001fc02ff
923,171474478,-93,11,128,1,0,1,4ff11441fdfbfdfcfcfdfb00fa04fa05fa06fc06fc07fa09f809f706f806f905f902fa00fb01fc02fe02fe03ff0303010501040305040101000000000000000000000000000000000000fffffffd01fd01fc02fb03fa03f902fa03fc06fe05fe04fd03fc02fc00fb01fa02fb00fcfdfcfafcf9faf8f8f7f7f6f7f6f8f7f8f5f7
924,171884091,-94,11,128,1,0,1,4ff1144103040403030200ff00fc01fc02fa03f804f705f705f905fa02f9fff800f902fa01fc01fd01fd00fdfffdfcfefbfdfafefb01fe00000000000000000000000000000000000000fffefdfbfcfcfbfffcfefbfdf9fbfaf9fafaf7fcf7fbfbfafefbfdfbfcfcfdfefd02fe040005020602060208000bfe0c010d030d040d
925,173010511,-93,11,128,1,0,1,4ff1140003fb01fd02fb02fafff9fbf9f9fbf7fbf7f8f8f6f8f5f8f6f9f7f9f8f9f8fbf8fefa00fc00fdfffefd00fc02fc03fc04fc04ff01000000000000000000000000000000000000000001010200060008010602020403050505060507040705050403030202030104ff05fe04fc03f904f807f808f508f308f408f60af7
926,173215296,-92,11,128,1,0,1,4ff11400fff7fdf8fafbf9fdf900f804f805f805f707f607f504f605f706f703f801fa01f902f804fb05ff0601050303060204030303000000000000000000000000000000000000000000ff01fe03ff040205030702090208030705070407020702060206030604050103fd03f902f801f700f400f003ee03ee01ef04ef07f0
927,173522506,-92,11,128,1,0,1,4ff1140008ff04fe03fd04fd05fe04fb01f700f400f401f401f202f403f702f701f7fff9fffa01fc00fefefefcfdfbfffbfffafefafdfeff00000000000000000000000000000000000000010306050605040504060605070207020702080209020902080007ff04020304050405020305000bfe0efd0ffa10fa11fc11ff1000
928,173624935,-93,11,128,1,0,1,4ff11400f9fffa00fb01fb00fc00fd04fd08fb09fb09fd09fc0afa0afa09fd07fe06ff05ff04ff03ff02000201030303050204010300000000000000000000000000000000000000000000ff01fe01fe01fd02fc04fb05fb06fc06fc05fc05fb06f907f907fb03fc01fb02fafffafcfaf9fcf4fbf4faf6f9f6f7f6f6f6f6f4f4
929,173727751,-91,11,128,1,0,1,4ff11400050103fe03fb02fc02fb01f800f6fff4fdf3fcf3fdf3fef3fff301f400f4fff6fff8fdf9fcfbfefefefefcfefbfffafffafdfeff000000000000000000000000000000000000ffffff00010201040006fe07fe07ff08ff08fe08fd09fc07fe03fe04ff040102030205020701080009fd0dfd0c000b010f0113021401
930,173829716,-90,11,128,1,0,1,4ff11400f601fa02fd03ff0503060407010aff0bff0bfd0bfb0bfa0afa09fa07fa08fb09fb07fb04fc02fd02fe0300040104020503040101000000000000000000000000000000000000fffffcfffb00fa00f9fff600f601f8fff7fdf5faf5f9f6faf8fcfbfefcfefa00f803f706f907fb08fb07f907f509f409f506f404f404
931,174034525,-92,11,128,1,0,1,4ff114000106ff07020502030102060009ff09fd09fc09fd0aff0d000d010a010702050304020200000000ff01fd02fc03fc03fc03fe01ff000000000000000000000000000000000000ff01fe04fe05fe07fe08ff07fe07fd06fb06fb06fa05f906f909fa0afb06fe0300040206050606060608060a050a060a050c040d080a
932,174136947,-92,11,128,1,0,1,4ff1140001080105020205fe05fd04fd05fb06fb09fa0cfa09fb05fc07fd09fe09fe06fe04fe04fd02fdfffefffdfffbfefbfffb01fa00fe0000000000000000000000000000000000000000010200040005010603050205fd06fb08fa08fa08fc07fe05fe04ff06020502030002020305070609070808080a0609060409030a
933,174239327,-92,11,128,1,0,1,4ff1140006f403fa00fefdfcf9f8f8faf7fcf6fcf5faf5f9f6f9f6f9f6faf7faf7fbf8fbfafafcfbfefdfdfefcfffc00fc04fd050002000000000000000000000000000000000000000000ff02ff02ff030005ff0700070308020903080408050805070406010601050105ff03fd03fc04fa04f704f504f306f507f506f406f7
934,174444140,-90,11,128,1,0,1,4ff114000206000600040303040405020afe0afb09fc0bfe0cfe0bfe09ff0801070006ff05020303010200ff02fc03fc03fe03fd03fc00ff000000000000000000000000000000000000ff00fe01010302050007ff07ff05fc05fb07fc07fc06fb06f907f906fb04fe02ff01ff040204040505070607040706080909070a050c
935,174853755,-93,11,128,1,0,1,4ff1140007fe05fc05fb04fa03f7fff6fcf8fdf8fdf8fdf6fcf4fcf5fcf6fcf5fef6fff900fbfffcfefefcfffb00fb00fb00fc00fcfeffff00000000000000000000000000000000000000010004010302040306040802090009010900070005ff08ff09fe07fe05000202000301040004fe02fd05fb09fb0cfe0e000cff08fe
936,175058558,-94,11,128,1,0,1,4ff11441060104fe05fc06fd04fe01fc01f802f603f504f606f807fa06fb02fb01fb02fb02fc02fd01fd00fdfffcfdfbfcfcfcfcfcfbfffe000000000000000000000000000000000000ff00ff03ff02ff02ff03ff05fe07fe07fd07fd08fe07fc05fa05fc0600060304010202020601070009000b020a050908090409010603
937,175775364,-94,11,128,1,0,1,4ff11400f702fb02fe010003000600070207050708060708030a020b010b010a02080107000601030301030003fd03fb05fc06fe04ff000000000000000000000000000000000000000000ff00fdfdfbfcf9fcf8fdfafffb00fb00f901f7fef6fef500f501f9fffdfc00f9fff7fdf6fef701f805f606f205f007ef08f006f306
938,175980195,-92,11,128,1,0,1,4ff11400060a0805090008fd06fc05fc04fb04f904f606f408f508f907fa06f907f908fb07fc04fb01fafffafdfbfcfbfcfbfbfafafafefe000000000000000000000000000000000000fe00fc02fd03fd03fb05fa07f907f905f903f703f602f702f803f901fafffdff0002ff06000503060509070908070708080b070b0709
939,176353738,-95,11,128,1,0,1,38888341ff00ff03fe03fe0000ff00fcfefd01000301fd07f90cfc0dfe0800000507040aff03fcfefcffff00030003fffd01f703f306fc01000000000000000000000000000000000000ff00fe01000000fefffdffff0001010001ffffff0000010101000100fffefdfdfeffff00ff00ff00fe00fe010001010100fffefdfefd
940,179154664,-91,11,128,1,0,1,4ff11400f9fcfcfdfcfffa02f905f904f904f906fa06f806f806f707f706fa04f904f904f903f902fb00fd0000010002ff04fe050006000100000000000000000000000000000000000000fffffdfdfefc01fa01f8fef7fef8fefafaf9f6f9f6faf9fbf9fef8fdf9fafcfa00fd02fb00f9fef7fef4fef3fff3fdf3fcf1fcf1fd
941,179257054,-92,11,128,1,0,1,4ff11400f6fdf8fffbfefc00fb04fc07fc08fc09fa09fa09fc06fc05fb06f808f707fa05fb03fc00fefffe00000201030104010402030000000000000000000000000000000000000000fefffafffafefafdfcfdfdfbfcf9fef8fef8fef8fef7fef6fef600f600f8fefbfdfdfbfff8fff7fef600f400f2fef1fdf0fceefdedfe
942,179461869,-91,11,128,1,0,1,4ff1144108fb06fb06fc05fe01fcfff9fbf5faf4fbf3fbf2fcf3fdf4fdf500f702f700f8fff9fffbfefbfdfbfefcfcfdfafefafdfbfcfffe0000000000000000000000000000000000000001ff04fd0000ff040209030a0309070806060404040604060303030304050202fdfffa03fb07fd08fc09f90bf90efa0ffa0df80efa
943,179666666,-91,11,128,1,0,1,4ff11400fa0bfd09fd07ff050203040106000bfd0efe0b020a020a000a010b010aff08fe06ff04fe01fdfffd00fdfffcfdf9fff700f800fe00000000000000000000000000000000000000ff00fffdfffcfdfbfdf8fef7fcf8f9f9f8f9f8f9f7faf8fafafbfbfdfdfefffcfffb02fc05fc07fb09f80ef70ff70ef70df70bf709
944,179871481,-91,11,128,1,0,1,4ff114000108020707060904070006fe07fe09fb0bfb0dff0d010c0209030903090307040603040103000301010000fd01fb02fa02fa00fe00000000000000000000000000000000000000ff00fefffefdfffe03ff0afe0dfb0bfb07fe08fc0bf808f707f908fd07000402040407040704050609070a050c040e041005120612
945,180178691,-91,11,128,1,0,1,4ff11400fdf3fef6fbf9f9fcf900f701f501f302f103f202f402f400f4fef4fcf7fafafaf9fdf9fffb00fd03fe06fd04fc04fc06fb06fe0100000000000000000000000000000000000000ff00fd00fb02f903f902fa04fb07fa07fc08fe0afe0afc08fb07fb07fb06fb06fb04fafff9fbf7fcf5fdf4fbf4f9f0fbecfeebfcf0
946,180281130,-91,11,128,1,0,1,4ff11400fcf6faf9fafbfb01fc06fb05f805f707f509f309f307f307f206f306f506f604f702fb02fe02ff020001ff02fe0600080107000100000000000000000000000000000000000000ff00fdfffcfffafff801f501f400f402f605f807f707f707f605f704f903f801f7fcf9f8fcf5fcf4faf2f8f1f6f1f5f1f4f1f2f3f0
947,180691184,-93,11,128,1,0,1,4ff11441fd04ff03ff0401040503070205010400070109040705050406010600050105000500040004fe01fc00fb02fa02fb01fcfefcffff000000000000000000000000000000000000fffefbf9fcfafdfafbfcfafdfbfafcf9fdfafdfafbfbfaf9fbfbfefffefffdfbfdfcfc01fb04fd06fe09fb07fb06fb09f709f70bfa0c
948,182533971,-91,11,128,1,0,1,4ff11400fcf9fcfbf9fef9fff900f802f803f506f306f205f206f305f403f502f702fa01fb00fbfffdffff01ff040004000400050005000100000000000000000000000000000000000000fe03fb02fb00fa00fa01fc02fb04f903fa01fb03fa07f906f904fa03fa00f7fbf6fbf8fcfafcf6fcf5fbf7f7f8f5f6f7f4faf2f9f2
949,182636376,-91,11,128,1,0,1,4ff11400f802fa06fb08fc05fd0100020106000bff0cff0bff08fe07fd09fd0b00090007fe06ff0400030101030106000700060003010000000000000000000000000000000000000000ff00fe00fefffefdfcfefa00f9fff8fdf7faf9f8f9f8f7f8f8fafafafaf8fafbfafff901fa04fa06f506f304f405f405f204f202f303
950,182841170,-93,11,128,1,0,1,4ff11400fb06fc03ff040206030603040303050309040b040a020b000d000a030804070305030302030002fe00fdfffb00f901f804fb01ff000000000000000000000000000000000000fffffefdfefcfefefdfefafdf9fdf8fdf6fcf6faf9faf8f9f8f7f9f7fafbf901fa03fb01f902f907fb0afd0bfc0efc0ffb0efa0cfb0a
951,183029476,-92,11,128,1,0,1,5aa66541fffe01ff00fffffdfefeff00fe0100020201010001010002fffffefdfdfcfefb01fe02ff000000ff01ff010001ff00fffd00ff0000000000000000000000000000000000000000fffffefdffff0003ff06fc04fe010102ff01fefe00fe02fd01fd00fefffffffefdfefc01fd06fe04fe02fd05ff0301010106ff08fe
952,183045962,-93,11,128,1,0,1,4ff11441fb01fb04fa06fb04fe030204060505070407040804080407040604070606070606060403020001fd02fd02fe03fd03fa03f900fe000000000000000000000000000000000000000002020203010000fb00fa02f904f806fa06fb04fb04fa07f909f907fb03fdfffbfcfcfafef9fcf6faf4fbf4fdf2fff101f100f0fc
953,183557972,-92,11,128,1,0,1,4ff1144100f700f400f8fffbfdfbfafcf7fdf5fff300f3fff6fff8fef8fcf7fcf6fdf6fcf7fdfafffefffefefc00fd02fd04fd02fd01ff0000000000000000000000000000000000000000ff02fe02ff03fd05fb06fb06fc05fe05ff06fd09fc08fc07fb05fe03010103020002fa01f6fff3fdf4faf5f8f6f9f4fff002f002ee
954,183762792,-93,11,128,1,0,1,4ff1140008ff05ff05fd05fd04fc01f7fff500f5fff300f100f200f201f203f104f203f600f9fdf9fefb00fdfffefcfffa00fbfffdfeffff000000000000000000000000000000000000fe00fb01fc05fc06fb06fc07fc08fa07f808f709f509f508f707fa06fd040103040307000afe0c020d030d020e030d050d0510061107
955,183780885,-93,11,128,1,0,1,022ee041fffeff01fe00fcffff000202fe05f904fefc07f702f5f7f9f5fffdfb08fa0afe0801060003fd0000ff0002fe04fe02fbfdf5fefc00000000000000000000000000000000000000000002000101ff00fefffd00fd01fffffefeff0100ff01fb04fe04010200020000fe00ff01020002ff0000fffeffffff01fd02fa01
956,183865202,-91,11,128,1,0,1,4ff11400f7f8f7fcf900fa01fa00f904f908f70af70bf70af407f106f307f508f706f807f807f904fc02ff0300040003010401050106000100000000000000000000000000000000000000ff00fb00f9fff8fff800f800f6fef2fdf200f302f303f204f401f9fdfdfcfefcfcfafdf700f300f1fff0feeefcecf9ecf7eff8f2f9
957,184142046,-34,11,256,1,0,1,6aa00600e9fae6f9e4f9e3f8e3f7e3f7e5f7e7f7eaf9edfbf0fdf301f505f60af60ef511f314f116ef16ed15ec13eb10ec0ded0aef08fc0200000000000000000000000000000000000005fe15f916fb15fd14fe13ff10000eff0bfd08fb06f804f404f004ec04e905e706e507e508e508e607e806eb04ed02f0fef3faf5f7f7ea00fc11fd11fd12fe12fe12ff120011001101110111021102110212021202110211011100120012ff11ff11ff10ff10fe0ffd0ffc0ffb0ffa0ffd05ff0100ff00ff00ffff01fd04f90df90df90cf80cf80cf70cf70cf60cf60cf50df50df50df50df50df50df50ef50ef60ef60ef70ef70ef80ef80ff80ff910fa11fb11fb11
958,184143265,-34,11,256,1,0,1,6aa00600eef0ecefeaedeaebeaebebeaecebeeedf0eff1f3f3f6f4fbf300f204f108ee0aeb0ce80ce60be509e507e504e702ea00ecfffbff0000000000000000000000000000000000000500160415051407130811080f070d050b0309ff09fb09f70bf30cf00eee10ec11eb12eb13ec13ed11ef0ff00cf209f304f300f4fcf4ee00f60ff60ff70ff70ff80ff80ff810f910f910fa11fa10fb10fb10fb11fa11fa11fa11fa11f910f910f90ff80ff80ef80ef70df70df60cf60bfc04fe0100ff00ff00fffe01fc03f509f409f308f308f207f207f207f207f107f107f107f007f007f007f008f008f108f108f108f109f209f20af20bf30bf30cf40cf40df40d
959,184155948,-34,11,256,1,0,1,6aa00600fc13fd16fc18fc19fb19fa19fa17fa16fb13fc11fe0f010d040b070a0a0a0d0c0f0d101010120e130c140a140814051204110004000000000000000000000000000000000000fbfdeff4f0f3f2f2f3f2f5f3f6f4f7f6f7f8f6fbf5fef300f102ee03ec03ea03e803e802e801e901ea01ec01ef02f103f405f607f809f2000dfe0dfd0dfc0dfc0dfb0dfb0cfb0cfa0cfa0cf90cf90cf90cf90cf90cf90cf90cf90cf90cf90cfa0cfa0cfb0cfc0dfc0dfd0cfe0cfe0cff04ff0100ff00ffffffff01ff04000b000b010b010b020b020b020b030b030b030b030b030b030c040c040c030c030c030c030b030c020c020c010c000c000dff0dff0dff0dfe
960,184165538,-34,11,256,1,0,1,6aa006000d110f1311141116111610160f150e140c120b0f0b0c0b080c040e0111ff14fe16fe18fe1a001a021a0418071609120910090302000000000000000000000000000000000000fa01ea05ea03ea01ec00edffeffff200f402f604f608f70bf60ef511f413f314f115f015f014f013f112f311f50ff80efc0d000c030cf40007f306f206f206f205f205f205f204f203f103f102f102f102f102f103f103f103f103f103f104f104f205f205f205f306f306f407f407f502fc01feff00ff00ff0000fe03fc09f609f60af70af80bf80bf90bf80bf80bf80bf90cf80cf80cf80cf80cf80cf80bf80bf80bf70bf70af70af609f609f509f509f408f408f3
961,184186031,-35,11,256,1,0,1,6aa0060000150118011a001b001cff1bff1aff17ff150012020f040c070a0b080e081108140a150b150d140f131110110e110b10090f0203000000000000000000000000000000000000fbfdeef4eff3f0f2f2f1f3f2f5f3f6f6f6f8f6fbf4fef201f003ed05eb06e906e705e605e604e704e903eb03ee04f105f507f809fa0af3000efc0efb0efa0efa0df90df90df90df80cf80cf70bf70bf70bf60bf60cf60cf60cf60cf70cf70cf70cf80cf80cf80cf90cfa0cfa0cfb0cfc04fe01ffff00ffffffff01ff04000c000c010c010c020c020c030c030c030d030d030d030d030d030d030e030e030e020e020e020e010e010e000eff0eff0efe0efd0efd0efc
962,184189463,-35,11,256,1,0,1,6aa006000aec0bea0de80ee80ee70ee80eea0dec0bee09ef06f102f2fff2fbf1f8f0f6eef5ecf5e9f6e7f8e6fae6fce7ffe800eb01ed00fb00000000000000000000000000000000000002040a120913071305120411040f040d050a070809060c040f0412041504170518061807180817081607140611040f020dff0cfb0bf8eb00f2faf1fbf1fbf1fcf1fcf1fcf1fdf1fdf0fef0fef0fff0fff0fff0fff0fff0fff0fff0fff0fef1fef1fef1fdf2fdf2fcf2fcf3fbf3faf4fafbfdfeff000000000000fefffcfdf5f9f6f8f6f8f6f7f6f7f6f6f6f6f6f6f6f6f6f6f6f5f6f5f6f5f6f5f6f5f6f5f6f5f5f6f5f6f5f6f4f6f4f7f3f8f3f8f3f8f3f8f3f9f2f9
963,184193819,-36,11,256,1,0,1,6aa00600150318031a031b041b051a0519061705140412030f010dfe0bfa0bf60bf30df00eee11ed13ee14ef15f115f415f713f911fb04fe000000000000000000000000000000000000fc04f210f10ff00df00cf10af209f508f708fa09fd0bff0d01100213031502170218011901190018001700140112030f050c08090a07fa00fdf1fcf1fbf1fbf1faf1faf2f9f2f9f3f9f3f8f2f8f2f8f2f7f3f7f3f7f3f7f3f8f3f8f2f9f2f9f2f9f2faf3faf3fbf3fbf3fcf3fdf3fef3fffbfffe0000ff00ff0000fe00fb01f301f302f302f302f302f403f303f304f304f204f204f204f204f204f204f203f203f102f101f101f100f100f100f1fff1fff1fef0fef0
964,184207423,-35,11,256,1,0,1,6aa00600eff2edf0ecefebedebedecedededefeff0f0f2f3f3f6f3faf3fdf101ef04ed05ea06e806e604e502e600e7fde9fbecfaeefafbfe00000000000000000000000000000000000004fe13f913fa13fc12fd11fe0ffe0dfe0afc08fa07f706f407f107ee08ec09ea0aea0be90cea0ceb0bec09ee07ef05f101f3fef4fbf4f000fb0dfb0dfc0efc0efd0efd0efd0efe0efe0eff0eff0eff0e000e000eff0eff0fff0ffe0ffe0efd0efd0efc0dfc0dfc0cfb0cfa0cfa0bf90bfd04ff0100ff00ff00ffff01fd03f90af809f809f708f708f708f709f609f609f609f509f509f509f509f50af50af609f60af70af70af70af70bf80bf80bf90cf90cfa0dfa0d
965,184208913,-35,11,256,1,0,1,6aa006000ef010ed11ec13ec13ec13ec13ee12ef10f10df20af306f302f2fff1fdeffbecfbe9fbe7fde5ffe501e504e705e906ec07ee01fb000000000000000000000000000000000000010407130513041302120111010f010d030b050908070b070e07110713081509160b160c150c150c130b110a10080e050d020cfe0cfbf400f3f9f3f9f2f9f2faf2faf2faf2fbf1fbf1fcf1fcf1fcf1fcf1fcf1fcf1fcf1fcf0fcf0fbf1fbf1fbf2fbf2faf2faf3faf3f9f4f8f4f8f5f7fcfcfefe000000000000fefffcfdf6f7f7f7f7f7f8f6f8f6f8f6f8f5f8f5f8f5f8f4f8f4f8f4f8f4f8f4f8f5f8f5f8f5f7f5f7f5f6f5f6f6f6f6f6f6f5f7f5f7f4f7f4f7f3f8
966,184210142,-35,11,256,1,0,1,6aa0060012f515f417f318f319f419f518f616f714f711f70df70af607f404f203ef02ec03e904e706e608e60ae80cea0ded0def0cf203fc00000000000000000000000000000000000000050014ff14fd13fc12fb11fc0ffd0dff0b020a050a080a0b0b0e0c0f0e10101111111210120f120e110d0f0c0d0b0a0b060c020d00f900f5f6f5f6f4f7f4f7f3f7f3f7f3f8f3f8f3f9f2f9f2f9f1f9f1faf1faf1faf1faf2faf2f9f2f9f3f8f3f8f3f8f4f8f4f8f5f7f5f6f6f5f7f5fcfcfffe000000000000fffefdfcf9f5f9f5faf4faf4fbf4fbf4fbf4fbf4fbf3fbf3fbf3fbf3fbf3fbf3fbf3fbf3fbf3faf3faf3f9f4f9f4f8f4f8f4f7f4f7f4f6f4f6f5f6f5
967,184211000,-35,11,256,1,0,1,6aa00600ebf8e9f7e7f6e6f5e6f4e7f4e8f4eaf5ecf6eef8f0fbf2fef202f205f109ef0bed0ceb0de90ce70ae708e705e903eb01ed00fbff00000000000000000000000000000000000003fc0ff210f310f510f60ff80df90bf909f806f704f502f201ef00ed01ea01e802e702e603e604e703e903eb01edfff0fdf2f9f5f7f6f900010e010e020e020e030e030d030d040d040d040d040d050d050d060d060d050d050d040d040d040d030d030d020d020c010c000c000dff0dff04ff01ffff00ff00ffff01fe04fd0cfc0bfc0bfb0bfb0afb0afb0bfa0bfa0bfa0bfa0cfa0cfa0cfa0cfa0cfa0cfa0cfb0cfb0cfc0cfc0cfd0dfd0dfd0dfe0efe0eff0e000e
968,184234348,-35,11,256,1,0,1,6aa0060015fc18fc1afc1bfc1bfd1bfd19fe17fe14fd11fd0efb0bf908f606f306f006ed07ea09e90be80de90eea0fed0fef0ef20ef403fd000000000000000000000000000000000000fd04f511f310f20ff20df30cf40af609f909fc09ff0a020c050f0611071407160717071806180517051505130510060d070909060b04ed00f8f3f8f3f7f3f6f3f6f3f5f4f5f4f5f5f5f5f5f5f5f6f4f6f4f6f4f6f4f6f4f6f4f5f4f5f5f5f5f5f5f5f6f5f6f5f7f5f7f5f8f5f9f4faf4fefbfffe000000000000fffefffbfdf3fdf3fef3fef3fef3fff3fff200f200f100f1fff1fff1fff1fff1fff0fff0fff0fff0fef1fef1fdf2fdf2fcf2fcf2fbf1faf1faf1f9f1
969,184268333,-34,11,256,1,0,1,6aa0060009140a160c180c190b1a0b1a0a18091708140711080e090a0b070d05100313021603180419061908180a160c130d100d0e0d0303000000000000000000000000000000000000fa00ea00eafeebfcecfbeefaf0fbf2fcf4fff501f505f508f30bf20ef00fee10ed11ec11eb10eb0fed0eef0df20cf50cf90cfd0c000cf6000af609f509f509f409f308f308f307f307f307f307f306f306f206f206f206f206f207f208f308f308f308f408f408f509f609f60af70af703fd01ffff00ff00ff0001ff04fd0bf80bf90bf90bfa0bfa0cfb0cfb0dfb0dfb0dfb0dfb0dfb0dfb0dfb0dfb0dfb0dfb0dfa0dfa0cf90cf90cf90cf90cf80cf70bf70bf60bf6
970,184449543,-37,11,128,1,0,1,76611741feef02ec0af31003130d0c07ff06fa08fd03fdfffefd05fe01fcfbf8fcfa00ff08ff09ff0000fdffffffffff000000010000ff00000000000000000000000000000000000000ffffffffffff00fe00020004fe00fe000303070203fbfdf1faf5fbfdfffcfcf9ffff13071e080f0e0014fb10f10cf90c140d140703fb
971,184450225,-37,11,128,1,0,1,aaa55a41fa01f205f102f106fd0d0b07100211050f080b07070fff14f809f901000106ff06fc00fffc04fe03000101000000ff00ff00ff00000000000000000000000000000000000000fffffffefefffefffefffbfffdfeff01010209020c050202fdf903f809f80af50b03110814000cfaffeff7ecfef306fcfc05f7ff09ef
972,184465432,-30,11,256,1,0,1,6aa0060018fd1bfd1dfd1ffe1f001f011d021b021902160113ff10fd0efa0df70df40ef110f011ef13ef14f015f215f414f613f812fa04fe00000000000000000000000000000000000001050615051603160215011400130111030f050e080d0b0d0f0d120f13101412151415151416121611160f140e120d0e0e0a0f0710040b0129032a022d0330063209320c32112f152d182819241a1e19181713150f120b0e080b0608050506020701070008ff08ff07000600ee0bee0afc01ff0000ff0000ff00fffefefbf9e2fce00603080209010a000dff10fe14fe18fe1cff1f0123042707290b2b102b1329162719251b221c201c1e191c161b111a0d1b091b06
973,184519810,-89,11,128,1,0,1,1669914101fc00fdfffefefc00fc04fd03fe00fcfffc0000ff02000102000100010001fe01fd00ffff02000001ff0000fefffeff0001000000000000000000000000000000000000000000ff01fe02ff02000104000607fb0ef007f60002fb04f7fffffd06fc02fcffff0202050104ff01fefefbfefc00ff01fd04fa03fdfe00
974,185094017,-94,11,128,1,0,1,4ff1140005fa04fafdfbf9f8faf7f9fafafcfcfdfcfdf7fbf4f9f6faf9fcfafdfbfdfbfcfbfcfcfdfffe01ff00fffe01fd03fc05f906fd0100000000000000000000000000000000000000ff02fe03ff03fe05fd06fd06fa06f907fd0700060009fe09fb05fb03fd02fd03fb02f8fff7fdf7fdf600f201f003f203f502f303f0
975,185298830,-91,11,128,1,0,1,4ff1140004070104020103fe01fe01fc03fb07fc09fb09fb09fc08fa08fa07fd06fd08fb06fb02fd00fd01fb01fa01fb02fb02fb02fb00fe00000000000000000000000000000000000000010104000202030404060505060309050a05080207fe08fe080107020602050304020502040202030106040b040d030b0608090907
976,185401226,-93,11,128,1,0,1,4ff11400fdf8fcfafbfcfafef902f604f504f504f605f505f404f404f402f400f400f703fb03fd0000000001000300030004ff06fe07ff0100000000000000000000000000000000000000ff00fdfffc00fa00fa00fa03f805f805fa05fa06f807f806fa04fc04fb02fbfffbfdfafcf9fbfafbfaf9f8f7f7f7f5f9f1fbeffbf1
977,185913246,-89,11,128,1,0,1,4ff11400f70bfb060103050108010a030c030b040a050a050a060a07090709070907070404030302020002fe02fe02fe04fc06fb08fd02ff000000000000000000000000000000000000fffffdfffcfdfafdf7fef6fef7fef8fef8fdfafcf9fcf7fbf6fcf7fdfbfffd02fa03fb02fe04fd08fb0cf90df90bf90dfa0ff80ff70e
978,186054390,-35,11,256,1,0,1,6aa00600e900e700e600e500e4ffe5fee6fee8feeafeecffef01f103f306f309f40cf30ef110ef11ed11ec0feb0dea0beb08ec06ee05fb0100000000000000000000000000000000000000fa02ea03eb05eb06ed06ef06f004f202f300f3fdf3faf2f7f0f6eef5ecf4ebf4e9f4e8f5e8f6e9f7eaf7ecf7eff7f2f6f5f4f8f3faf600040c040c050c050c060b060b060a070a070a070a070a080a080a080a080a070a070a070a060a060a050a050a050a040a040a030a020b020a00030001ffffffffffff00010104020b010b010b000b000b000bff0cff0cff0cff0dfe0dfe0dfe0dfe0dfe0dfe0dff0cff0cff0c000c000c010c010c010c020c020d030d030d
979,186059059,-35,11,256,1,0,1,6aa00600f00eee10ed11ec12eb12eb11eb10ed0eee0df10cf40cf70cfa0dfc0efe11ff13ff16fe18fc18fa18f818f716f514f511f50ffd03000000000000000000000000000000000000fcfbf2eff3eef5eef7eef8eff9f0f9f2f8f5f7f7f5f9f2faeffaedfaebf9e9f8e8f7e7f6e8f6e9f5eaf6ecf7eef9effcf1fff202f204f7000b040b030c030c030c020c020c010c010c000c000c000c000c000cff0c000c000c000c000c010c010c010c020b020b020b030a040a050a0503020000ffffffffffff010003010a050905090608060807080708070807090809080908090809080809080908080908090809070907090709060a060a060a060b050b050b05
980,186118035,-92,11,128,1,0,1,4ff11400f9f9f8fcfa00fd05fc05f905f605f505f607f608f509f708f806f705f706f708f707fa04fc02fe02010301040104010601070001000000000000000000000000000000000000ffff00fe03fc02fb02fa06fa08fc07fc09fa0bf70bf80df80cf909fb05fa03fa01fcfefbfcf8faf7f7f7f3f5f3f4f4f4f3f3f4f2f8f0
981,186322858,-91,11,128,1,0,1,4ff11400f5fbf5fff801fd02ff06ff0bfe0cfd0cfe0dfc0df90cf90bfa0cfc0cfc0afc08fb06fc06ff050203030303040503070306020100000000000000000000000000000000000000fefffbfafcf8fcf8fbfafbfafafafaf7faf6fcf6fdf6fff4fff500f800f9fefafbfcf9fef901f601f2ffeeffecfdeefcf1fdf0fdeffd
982,186527672,-90,11,128,1,0,1,4ff114000a040903050204ff05fd05fb04f703f504f606f508f309f206f206f309f607f904fb01fcfffdfffdfefcfbfef8fef7fcf8fdfeff000000000000000000000000000000000000fffffdfffd02fc05fb07fc09fb0af80bf709f809f70af806fa03fc03fd04fd03ff030203050306040705080609090a0b0b0d0a0c0608
983,186630050,-90,11,128,1,0,1,4ff11400fb07fd06fe07000602080509080708040b030f05100510050d070807080408020503040103fe04fd03fc01f900f900f900f800fe000000000000000000000000000000000000fffffdfdfdfbfff8fff8fdf9fcf6fcf4fcf3fef2fdf1fbf3fbf6fbf7fdf8fefbfdfff903f804f905fa08f708f407f30af20df10bf407
984,186732465,-90,11,128,1,0,1,4ff11400050704020400030002fe03fb01f8fff400f203f206f306f406f705f702f500f500f8fffafefcfbfdf9fefafffb00fa01f802fd0000000000000000000000000000000000000000fffefefbfdf9fcf8fbf8faf7f9f6f9f7faf7fcf6fcf6f9f7f8faf9fcfbfdfefe02fe0400060308030b000d000e030e050f04100410
985,186834859,-90,11,128,1,0,1,4ff1140008fb05fc04fd03fc04fb02fafdf6fdf4fef3fdf3fdf3fef400f502f502f5fff6fff800fafefdfcfffbfdfafcf6fcf6fdf8fefeff00000000000000000000000000000000000001ff04fe01fe02fe040006010a020b04090509040b040d040c020701030002fd02fa04fa06f903f701f504f508f70cf90df90cf80df9
986,187218164,-94,11,128,1,0,1,c9999c410302030201030103ff01fcfefffc05f603f100f4fefdfdff07fb0df807fc02050006fe000000020100fffffd01000002fcfdfefe000000000000000000000000000000000000ff00ff0000ffffffffff00ff030000fffc00fc030002020203040204fc01f900fb02fc01fdfefffe00ff00fffefef9fffa0000fe03fc
987,187244482,-92,11,128,1,0,1,4ff11400f501f601fb02fb03f904f905f905f807f707f407f309f609f607f407f504f801fa02fa03fc03fe02000300020001fe04fd07ff01000000000000000000000000000000000000ff00fdfffafefafdf9fbf8fafafcfafcf9f9f9f7fbf6fdf5fef8fffbfefcfdfdfdfcfefdfc00f702f503f603f301f1fcf1fbf3fef903
988,187654085,-92,11,128,1,0,1,4ff11400f700f801fc0300050006fe05fd07fe07ff06000801080008fe0bfd0bfe0800080007ff040102020100ff01fe04ff050105030100000000000000000000000000000000000000fefff9fefbfefcfefafdfafefafdf9faf8f6f9f4fdf6fdf7fcf7fdf9fdfcfcfdfafefafffd00fb02f704f404f304f308f209f208f20b
989,187756484,-93,11,128,1,0,1,4ff1140008fc07fd02fdfefdfcfdfbfbf9faf7faf6f7f8f6f8f7f7f8f7f7f7f9f9fafbfcfdfefffefffefdfffe030003fe04fd02fe00ffff000000000000000000000000000000000000ff00fd01fd02fa02f903fa06fa08fa08f906fa05f906f704fa03fe0300030104010601040301050109000bff0cff0cfe0afe09fe0afe
990,187858903,-91,11,128,1,0,1,4ff11400f3f9f6fdf9fefcfffb03f905fa07fb08f909f90afa09f908f907fa08fc07fd04fc02fd03ff040101010202050506070407030100000000000000000000000000000000000000ff00fe0000fefffbfdf8fff502f404f304f304f404f605f703f803f903fb01fdfffefefdfefefcfff6fcf2faf2fbf1fbf1f9f3f9f2f7
991,188780537,-93,11,128,1,0,1,4ff11441fd06000701070104020401040304070307030703080407050605060403030103020202010201020001fe02fc05fb05fb03fc00ff000000000000000000000000000000000000fe00fb01fb02fb02fc01f901f603f701f8fef801f603f601fa01fc01fc01ff01ff01fe04000602040106010bff0cff09fe09fa0afb0a
992,189830461,-28,11,128,1,0,1,52200500e7fee4fee2fde1fce1fbe2fae5f9e7f9e9fbecfdf0fff202f406f60af60df511f313f114ef14ee13ed11ed0eee0cef0af108fc0200000000000000000000000000000000000002fb0bee0cef0df00ef20df30bf409f506f503f4fff3fcf1faedf8eaf7e8f7e6f7e4f8e3f9e3fbe4fbe6fce8fbecfaf0f8f4f5f7f3f9
993,190214144,-92,11,128,1,0,1,4ff11400fff7fdf6fcf5fcf9fbfef902f904fa03f901f602f502f502f403f403f503f701fafffbfefcfeffff01010103020301030105000100000000000000000000000000000000000000ff02fc02fd04fd05fc07fa08f908fb05fd03fc02fa05fe070007ff07fe07fc03fbfffbfff9fef9fbf7faf2faeefdf000f3fff5fdf5
994,190316548,-91,11,128,1,0,1,4ff1144104f902f801f902fd00fefcfef9fef7fcf8fbf9fafaf7fcf6fcf6faf6f9f8fbfafdfafefcfefffd02fc02fd01fe02fd01fa00fe000000000000000000000000000000000000000101070207fe06fc06fc07f906f807f909fa09fa08fb08fc09fe08ff07fd04fd01ff00fe01fa03f603f5fff600f505f106ef04f203f6
995,190336861,-29,11,128,1,0,1,1ee00100fe18ff1bfe1dfd1ffb1ffa1ef91cf91afa17fb14fe11010e040c080a0c0a0f0b120d130f1311111310130d130b12081107100103000000000000000000000000000000000000fafeebf7ecf6edf5eef4eff4f0f5f1f7f2f9f2fcf200f003ee06eb09e90be70be40be30ae309e308e407e606ea06ee06f208f60bf80d
996,190337235,-29,11,128,1,0,1,1ee00100e702e403e203e102e000e1ffe2fee4fde7feebffee01f203f406f60af70ef711f513f315f115f014ef12ee10ef0ef00cf10afc0200000000000000000000000000000000000001fa05eb06eb07eb08ec08ee07ef06f004f101f2fdf2f9f1f6eff3edf1ebf0e9f0e7f0e5f1e5f3e5f4e6f5e8f6ebf6f0f5f4f3f8f2fb
997,190338554,-29,11,128,1,0,1,1ee001000aea0ce70ee50fe410e411e611e810ea0eec0cee08f004f200f2fcf2f8f1f6eff4ecf4eaf5e8f6e7f8e7fae8fceafeecffeefffb00000000000000000000000000000000000003040d100d110b120a1209110810080e090b0a080c050f031201160018001b001c011d021d031c041b051904150312010ffe0efa0df7
998,190340139,-29,11,128,1,0,1,1ee00100e8fce4fbe3fae2f9e1f7e3f6e5f6e6f6e9f7ecf9effcf1fff303f407f40af30ef110ee10ec10eb0feb0deb0bec09ed06ef05fb0100000000000000000000000000000000000002fb0aed0bee0cef0df00df10cf20af307f304f301f2fef0fbeef9ebf8e8f8e6f8e4f9e3fae2fbe3fce4fce6fceafbeef9f2f6f5f4f6
999,190346723,-29,11,128,1,0,1,1ee0010006e607e308e109df0bdf0ce10de30ce50be808eb05ed01f0fdf1f9f2f5f1f2eff1edf0eaf0e8f2e6f4e6f6e7f9e9fbebfdedfffb0000000000000000000000000000000000000502140b130c120d110e0f0d0e0c0d0b0d080d040e0110fd13fa17f919f81cf71ef81ff91ffa1efc1dfd1bfd17fd13fb0ff90cf609f3
1000,190461576,-30,11,128,1,0,1,1ee00100fae5fae2fbe0fcdffddeffdf00e100e3ffe6fee9fcecfaeff7f2f3f4f0f4edf3ebf2eaf0eaeeebededecefebf2ecf4eef6effdfb00000000000000000000000000000000000005fe17fc17fd17ff16011401120111000ffe0efb0df70df30fef10ec12eb14e916e918ea18eb18ed17ee15ef12f10df209f105f003ee
1001,190462179,-30,11,128,1,0,1,1ee00100e502e202e001df00dfffe0fee2fde4fde6fee9ffed01ef04f207f30af40ef311f113ef14ed14ec12eb10eb0eec0ced0aee08fb02000000000000000000000000000000000000fffa00e801e803e804ea04eb04ed02ef00f0fdf1f9f2f5f1f2efefededebece9ece6ede5eee5f0e5f1e6f3e9f4ecf4f1f3f5f1f8effb
1002,190502132,-94,11,128,1,0,1,62299641ff030004ff0200fffe02fb06f905fc0206020601fbfaf8f8fff703f802ff0103030004fd01fefe00ffff03fd03fd01fb00f900fe00000000000000000000000000000000000000ff02ff0000fe00fe000001010000000100020003ff010101030102fe00fd0000ff0100ff01000103030303ff02fc02fb02fd020501
1003,190519548,-30,11,128,1,0,1,1ee001000319031c031e021f0120ff1ffe1dfe1bfe18ff150112040f070d0a0b0d0b100c120d130f1311121210130e130c13091108100103000000000000000000000000000000000000fa00e902e801e8ffe9feebfdedfeeefff001f104f207f20bf00eef11ed13eb14e914e714e713e711e810ea0eed0df10cf50df90efb10
1004,190520124,-30,11,128,1,0,1,1ee00100ee0fec11eb11e911e810e80fe90deb0ced0bef0af30af60af90cfc0dfe0fff12ff14fe16fc17fb16fa15f814f812f810f80efe03000000000000000000000000000000000000fcfcf3f0f3eff5eef6eef7eff8f1f8f2f7f5f6f7f3f9f0fbedfbeafbe8fbe6fae5f9e5f7e5f6e6f6e8f6eaf7ecf9effbf0fff102f104
1005,190523309,-30,11,128,1,0,1,1ee00100eaf1e8efe7ede6ece7eae8eaeaeaecebeeeeeff0f0f4f1f8f1fcf000ee03ec05e905e704e603e502e600e7fee9fdebfcedfbfbfe00000000000000000000000000000000000003fb0fee10ef11f111f210f40ff50df50af407f304f102ee01eb00e700e500e201e102e004e005e205e305e503e901ecfdeff9f0f6f1
1006,190523747,-30,11,128,1,0,1,1ee00100ebf2e8f0e7eee7ede7ebe9ebebebecedeeeff0f2f1f5f2f9f2fdf101ef04ed06ea07e806e605e604e602e800e9feecfdeefdfbff00000000000000000000000000000000000003fc10f011f112f312f411f50ff60df60af607f504f302f001ec00e800e601e302e203e105e106e306e406e704ea01eefef0faf2f7f2
1007,190525206,-30,11,128,1,0,1,1ee00100f4e9f3e6f3e4f3e2f4e2f5e2f7e3f8e5f8e8f9ecf8eff7f3f4f7f2faeffcecfce9fce7fae6f9e7f7e8f6eaf5edf4eff4f1f5fcfd00000000000000000000000000000000000005fe16fb17fc16fe15ff1400120010ff0efd0cfa0af70af30bef0ceb0ee90fe711e613e713e814ea13eb12ed0fef0bf106f102f1fef0
1008,190531724,-30,11,128,1,0,1,1ee001000eeb10e811e713e714e715e914eb13ed10ee0df009f105f201f2fdf1faf0f8edf7ebf7e8f8e6fae6fbe6fde7ffe900ec01ee00fb00000000000000000000000000000000000003040b130a140914071406130611060f070c09090b060f041303170319031b041d051e071d081c091a091808150611030f000dfc0df8
1009,190583875,-30,11,128,1,0,1,1ee001000219021c021e0020ff20fe1ffd1dfd1afd17ff140111030e070c0a0b0e0b100c120e13101312121310130e130b120911070f0103000000000000000000000000000000000000fa00e800e8fee9fdeafbebfbedfbeffdf0fff202f205f109f00dee10ec11ea12e713e612e511e60fe60ee90cec0bf10bf50cf80efb10
1010,190585618,-30,11,128,1,0,1,1ee00100160c180e1a101a121a131813161314121210100d0f090e050e010ffe11fb14f916f918f91afa1afc19fe18001602130211030400000000000000000000000000000000000000fd04f313f212f111f010f00ef20df40cf60cfa0dfd0e001102140317041a031c021e001fff1ffe1efd1dfd1afe1600130410070e0b0c
1011,190586257,-30,11,128,1,0,1,1ee00100e90de60ee40fe30ee20de20be40ae509e808ec08f008f30af70cfa0efb11fc15fb17fa18f819f618f517f415f413f410f50efd03000000000000000000000000000000000000fdfaf6eaf8eaf9e9fbeafcebfcecfbeefaf1f8f3f5f5f1f6edf6eaf6e7f5e5f3e4f1e4efe5eee6eee8efeaf0ecf2eff6f0fbf0ffef02
1012,190597771,-30,11,128,1,0,1,1ee001000be90de60fe510e412e512e712e911ea0fec0cee09ef05f001f0fef0fbeefaecf9e9fae7fbe5fce5fee600e702e903ec03ed01fb0000000000000000000000000000000000000502130a130b120c100d0f0c0d0b0d090d070d040e0111fe14fc17fb19fa1bfa1dfb1efd1efe1dff1c00190016ff12fd10fb0ef70df4
1013,190598535,-30,11,128,1,0,1,1ee00100ee0eec10ea10e910e80fe80ee90cea0bec0aef09f209f60af90bfb0dfd0ffe12fe14fc16fb17f916f815f714f611f60ff60dfd03000000000000000000000000000000000000fcfcf3f0f4eff5eff6eff7eff8f1f8f3f7f5f6f7f4f9f1faeefbebfbe8fbe7fae6f8e5f7e6f6e7f6e9f6eaf6edf8effbf1fef102f104
1014,190623776,-92,11,128,1,0,1,4ff11400f709fb07fd070006050509060a050a040a040c060d060e060e060a0506050606050703060204020002fc01fc01fb04fb07fe01ff0000000000000000000000000000000000000000fe00fbfef9fdfafff8fef6fdf5fef6fdf7fcf8fbf7fcf7fcf8fdf9fff900fb01fd02fd02fc05fa08f709f70af80ff812f810f80c
1015,190828588,-90,11,128,1,0,1,4ff114000902050002ff02fd04fb03fa03f604f402f300f1fff1fff102f303f703f702f700fafdfcfcfbfcfcfcfffb01fa02f902f801fe00000000000000000000000000000000000000fe00f903fa02fa03fa05fb06f905f905fa06fa08f708f707f705f705f905fa05fd05020506060705080309050b080c0a0c0a0f0a0f0b
1016,191023721,-93,11,128,1,0,1,744ff74100fb02fc02ffff00fdfffe00fe06010603fef900f100f2fbf7fdff0000f8fff8fc01fc06fe04ff01fffffffefefafef700f700fd000000000000000000000000000000000000ff00ff01ff03ff04ff05010203fe01fbfffbfffd00000000ffff0100ff01fe00fe00fd03fc06fd0300ff00fe01000301ff02fb02fb00
1017,191033388,-92,11,128,1,0,1,4ff11400060805080207040508040aff09fd08ff0b020c030b040b050c050a06080707050703060203020101020004fe05fc05fa06f901fe00000000000000000000000000000000000000010005ff08fe09ff0901070007fe08fb06fa05fa07fb0afc0afc07fe04ff06000802060404080609080808080a0a0d08100711070f
1018,191239334,-91,11,128,1,0,1,4ff11400f7f8f9fafafdfc00fd05fe07fd06fd08fc0bfa0bf80bfa0afb08fa07fa07fb07fe0800060204040304010300040007010600010000000000000000000000000000000000000000ff03ff030003fe03fb05fa07fb08fc09fc0bfc0bfd0bfe09000501030002fe01fc00fcfefbfaf9f8faf5f9f3f5f4f4f3f2f1f2f3f3
1019,191342048,-92,11,128,1,0,1,4ff1140006f905f804fb01fbfffafef9fcf9faf7fbf5fbf5fcf4fcf3fcf6fbf7faf5fbf6fcf9fdf9fefafdfefc01fb02fb03fa04fa02fe00000000000000000000000000000000000000ff00fe0501060106000700090009ff0afd09fc08fd09fd07fe04ff05fe05030206ff05fd06fe0501050108fd0bfc0cfd0ffe11fe0ffe
1020,191545448,-92,11,128,1,0,1,4ff11400010902090107020505020a000b020b020d000c000bff0bfe0bfc0afc08fb06fc06fe05fe02fd00fc00fb00f900f9fffafffa00fe000000000000000000000000000000000000fffefdfcfcfdfbfcfafaf9faf8fbf6faf6f9f8f9faf7fbf7faf9fafbf9fdf8fff800fa01fd06fc0afb0cfa0ffa10f910f610f40ef10c
1021,191750210,-90,11,128,1,0,1,4ff11400fbf6fbf9f9fbfafdfcfdf8fdf3fff501f600f4fdf6faf7f9f6f8f6f9f5faf5faf7f9fbfafefcfefefc00fa00f9fff9fefa00fe00000000000000000000000000000000000000ff00fdfffafdf9fcf9fcf9faf9f9faf9fbfafbf7fbf4fdf5fdf7fdf9fefdfdfdfafcfbfdfbfdf9fbf5faf1fbf2f9f5f5f4f5f1f6f1f5
1022,192057410,-89,11,128,1,0,1,4ff1140008f905f701f8fefbfcfcf7fbf5faf4fbf3faf2f7f3f7f7f6f7f7f6fbf5fcf7fafafbfcfdfd00fd03fd07fd07fc07fa05fa04fe0100000000000000000000000000000000000001ff04000401040304050309040b040a0509060a040c020d030b03060204020303ff02fd02fb03f807f80af60af310f112ef0ef10ef5
1023,192263089,-90,11,128,1,0,1,4ff11400f909fb06000603030302040506050b040e030d06090a0909090609030a030a0407050504030101ff01fe01fc02fc02fa04f901fe000000000000000000000000000000000000fefffbfcfcfdfafcf7faf7f8f8f7f5f9f4faf6f9f7f7f7f5f8f6fbf8fbfbfafcfafcf9fef801f706f607f508f20cf10df109f008f00a
1024,192502639,-93,11,128,1,0,1,688bb6410301ff010001030103fe01f8fefb0109070d0406fffd01fdf705ec0bf306fffa03fbff01fdfffdfcfcfdfbfdfefd0000f905fd010000000000000000000000000000000000000000ff02fd00fd00fefffdfffc01fd01fdfefffe0000fe01fc00fdfffd00fd01ff0002fe03fc01fc00fd01fd01ff01ff00fe02ff0401
1025,192937520,-92,11,128,1,0,1,f2266f4101fafefcfffe01fefefffc00ff000000ffff01ff02ff00fffe01fd02feffffff00010101ff0100fe02fd02fe0100000101010000000000000000000000000000000000000000fffefffb00fdfdfcf9fcf8ff00fc09f904fefb00f301f004fb03fc02f502f702fa03ff0607060706ff02fdfeffffff00fd01fd040002
1026,192979795,-92,11,128,1,0,1,4ff11400f701fb03fa04fb05fd06ff0703070609020cfe0dfe0c000c010c0109000901080105ff03fe0301030501060004ff03ff05000100000000000000000000000000000000000000fffefcfbfcfcfdfcfbf9faf6f9f6f8f8fbf7fef600f700f8fef8fef8fff9fffbfefcfcfffc01fb04f706f407f309f106ef05ef06ed05
1027,193045368,-93,11,128,1,0,1,9cccc941ff00fe00fefffffdfffdff00fe02fe03000100fffefffe00ff00000100010001ff00fefffd00000002ff00fefffdfefefefeffff00000000000000000000000000000000000000ff02fd01fe00ffffff0001010301030001fe01fe010001010000ff00fffffe00fcfdfefd01020102000202010afd10ff090203ff05
1028,193106926,-29,11,128,1,0,1,1ee00100efebede8ece6ece4ede3efe3f1e5f2e7f3eaf4eef4f2f4f7f2fbf0ffee01ea03e803e502e401e4ffe5fde6fce9fbecfaeefafbfe00000000000000000000000000000000000005fe17fb17fd17fe15001400120010ff0dfd0bfa09f609f109ed0aea0be70de50fe411e412e512e711e910eb0dee08f003f1fff1fbf1
1029,193107404,-29,11,128,1,0,1,1ee00100e7f7e4f6e2f4e1f3e1f1e3f1e5f1e7f2eaf4ecf7effaf1fef302f307f20bf00eee10eb10e910e80ee80ce80aea07ec06ee04fb0100000000000000000000000000000000000004fc11f012f213f313f511f60ff70df70af606f503f200efffebfee7fde5fee2ffe000df01e002e103e303e601eaffeefbf1f7f4f4f6
1030,193113195,-29,11,128,1,0,1,1ee00100ea0fe711e512e312e211e30fe40de60be90bec0af10af50bf90cfd0fff1201150018ff1afe1cfc1bfa1af818f716f713f711fd04000000000000000000000000000000000000fefafae9fce8fde8ffe9ffebffedfeeffcf1f9f4f6f5f2f6edf5eaf5e7f4e6f2e4f0e4eee5ede7ede9eeebefedf2eff6f0fbf000f003
1031,193114938,-29,11,128,1,0,1,1ee00100efeeedececeaece8ede7efe7f0e8f2eaf3ecf4f0f4f3f4f7f3fbf2ffef02ec03ea04e803e601e600e7fee8fceafbedfbeffbfbfe00000000000000000000000000000000000004fe14f914fa14fc13fd12fe10fe0efd0cfc0af908f607f207ee07eb08e909e70be60ce50de60ee80ee90ceb0aee06f002f2fef2fbf2
1032,193115463,-29,11,128,1,0,1,1ee00100150e18101a121a131a151815161514131211100d0e0a0e050e010ffd11f913f716f618f61af71bf91bfb1afd17ff150013010400000000000000000000000000000000000000fb03ec0ceb0bea09eb08ec07ee06f006f308f709f90cfb10fc14fd18fc1afc1dfa1ef91ff81ef71df71bf819f915fc12000f050e080d
1033,193125667,-29,11,128,1,0,1,1ee00100fa17f91af81bf71cf51cf51bf519f517f714f911fc0fff0d030b070b0b0b0e0d100f101110120f130d140b1309120711050f0103000000000000000000000000000000000000fcfcf0f0f1eff2eff4eff5f0f6f1f6f4f6f7f5faf3fdf000ed02ea03e703e503e302e201e200e4ffe5ffe7ffeb00ef02f304f508f70a
1034,193127538,-29,11,128,1,0,1,1ee001000fea11e813e615e616e616e815ea14ec12ee0ef00af106f201f2fdf0faeef8ebf7e9f7e6f8e5fae4fce5fee600e801eb01ed00fb00000000000000000000000000000000000003050b140a150815071506140512050f070d09090c071005140418041a041c051e071f081e091d0a1b0a1809150712040f000efb0df8
1035,193128791,-29,11,128,1,0,1,1ee00100150818091a0a1a0b1a0d190d170d150c130b10080e050c010cfe0cfa0df60ef410f213f214f215f415f515f713f911fb10fc03ff000000000000000000000000000000000000fc03f00eef0dee0cee0aef09f108f308f609f90afc0cfe0f001201150218011a001cff1dfe1cfd1bfc19fd17fe140010030d070a0a09
1036,193133394,-29,11,128,1,0,1,1ee0010019ff1dff1fff200121021f031d041b041803140111ff0efc0bf80af409f10aed0ceb0ee910e911ea12ec12ef12f110f30ff503fd000000000000000000000000000000000000fd05f615f414f313f311f410f50ef70dfa0cfe0c010d050f09120b150c170c1a0c1c0b1d0a1d081c071b071806140710090b0c070e05
1037,193151024,-29,11,128,1,0,1,522005000de90fe611e413e414e415e614e813ea11ed0eee0af005f101f1fdf0f9eef7ebf6e9f6e6f7e4f9e3fbe4fde5ffe701ea02ec00fb00000000000000000000000000000000000003040e120d130c130a1308120810080e090b0a070d041102150118001b001e011f0320041f051e061c071906160412010ffd0ef90df5
1038,193158159,-29,11,128,1,0,1,52200500f8e5f7e2f8e0f9defadefbdefce0fde3fde6fde9fbedf9f1f5f5f2f7eef9ebf9e8f8e6f6e5f4e6f2e8f1eaf0edf0f0f1f2f1fcfc000000000000000000000000000000000000050017031704170515061307110610040e010dfe0dfa0ef510f212ee14ec16eb18eb1aeb1aed1aef19f017f113f30ef409f306f103f0
1039,193160048,-29,11,128,1,0,1,52200500e701e401e200e1ffe0fee2fce3fce5fce8fcebfeef00f203f406f60af60df611f413f214f114ef13ee12ee10ee0def0bf109fc0200000000000000000000000000000000000002fa08eb09ec0bed0bee0af009f207f305f301f4fef3faf1f7eef5ecf3e9f3e7f3e5f4e4f5e4f7e5f8e6f8e8f9ecf8f0f7f4f4f7f2fa
1040,193286239,-92,11,128,1,0,1,4ff11400090b0706030201ff02fc05fa06f905f604f204ef05ef05f206f705fa04fc04fc04fa02f901fa01fdfffefcfdfbfcfbfcfafafefe000000000000000000000000000000000000fe00fa03fd05ff06ff06fd06fc07fc08f90af90afb09fb07fa05fa04fc01feff01010403060408040a030c050e08100711060f060d05
1041,193367669,-28,11,128,1,0,1,1ee0010011f20ef20bf00eee13f013f012ef12f010f30ff30bf305f6fff5fcf2fbf1faf0f7eef7ebf7eaf7eaf7ebf8ebfaedfceffdf0fffc000000000000000000000000000000000000fe04fa12fa11fa11fa10fa0ffb0dfe0c010b020a050a0a090f0c120e12111010120c150b150c140d120f110d0e0a0d090e070e040d03
1042,193372838,-29,11,128,1,0,1,1ee001000d140f160f180f190e1a0d1a0b190a1709140911090d0a090b060d0310011300160018011903190417061607130711070f070301000000000000000000000000000000000000fa01eb05eb04eb02eb01ed00ef00f101f303f506f609f70df711f614f516f317f118f018ef17ef16ef14f112f410f70efc0e000e030e
1043,193374668,-29,11,128,1,0,1,1ee00100e7ffe4ffe3ffe1fde1fce2fae4fae6fae9fbecfdeffff202f406f509f50df410f312f112ef13ed12ed10ed0eee0cef0af008fc0100000000000000000000000000000000000001fb08ec09ec0aed0aee0af009f207f304f301f3fef2faf1f7eef5ecf4e9f4e7f4e5f4e4f6e4f7e5f8e6f9e8f9ecf8f0f7f4f4f7f2fa
1044,194003047,-92,11,128,1,0,1,4ff11400060a08070a04070003fd03fd07fc09fa08fb0bfb0bfc08fc08fb09fd070006ff09fd07fc03fefffffcfefbfcfbf9fdf7fef7fffd000000000000000000000000000000000000ff00ff01ff00fdfffc01fc02f902f602f502f501f601f4fff5fef700f800fc010004000301030406050a040c050e060e020bfe0dfe10
1045,194011052,-93,11,128,1,0,1,666ff64101000000fe030005020302030007ff0c040a0504fd02fafdfdf6f9fbf700fafefafdfcfd00fcfdfcfafcfc00fd03fcfffef800fd000000000000000000000000000000000000ffffffff0000000000ff0000fe01fd02fe01ff00ff00ffffff00fe00fe00ff0200020000fffffefdfcfcfdfeff01010201fffefcfefd
1046,194129038,-31,11,128,1,0,1,1ee00100110f14101512161415151416121511140f120e0f0d0c0c090d050e02100012fe15fe17fe18001901180317051506120610070401000000000000000000000000000000000000fc04f311f210f00ff00df10cf20bf30bf60bf80cfb0dfd10ff1300160018ff1afe1cfd1dfc1cfb1cfa1afa18fc15fe130110040e070d
1047,194129598,-30,11,128,1,0,1,1ee00100e502e103df03de02dc01ddffdffee1fee3fee7ffea00ee03f006f20af30df211f013ee14ec15eb14ea12e90fea0deb0aec09fb02000000000000000000000000000000000000fff9fde7fee700e701e802e901eb00ecfeeefbf0f8f1f4f0f1efededebeceaeae9e7eae6ebe5ece5eee6efe8f1ebf1eff1f4f0f7effa
1048,194135484,-31,11,128,1,0,1,1ee00100e807e508e408e207e106e205e304e503e703ea03ed03f005f308f50bf60ef610f513f414f215f114f013ef11ef0ef00cf00bfc02000000000000000000000000000000000000fefafaebfbeafceafdebfeecfeeefdeffcf1f9f3f7f4f3f4f0f3edf2ebf1e9f0e9eee8ece9ecebecececededeff0f1f4f1f7f1fbf0fd
1049,194136175,-31,11,128,1,0,1,1ee00100fd17fd1afd1cfc1efa1ef91df81bf819f917fa14fc12ff10020e060d090d0b0f0d100e120e140c150b1509150714051303120004000000000000000000000000000000000000faffeaffeafdeafcebfbedfaeefbeffcf0fef101f104f007ef0aed0ceb0ee90ee70fe50ee50de50ce60be80aeb09ef09f20af60cf80e
1050,194181151,-31,11,128,1,0,1,1ee0010017ff1b001d011e021e031d041b0519051704140210000dfd0bfa0af609f30af00cee0eec10ec11ed11ef12f111f30ff50ef603fd000000000000000000000000000000000000fd05f714f613f412f411f40ff50ef60df90cfd0c000c040e07100a130b150c180b1a0a1c091c081b071a061805140610070c0a080d06
1051,194184147,-31,11,128,1,0,1,1ee00100031a031e032002220123ff22fe20fe1efe1aff160113040f080c0b090f0813081609180b180d180e1610141011100e0f0c0e0303000000000000000000000000000000000000fafde8f7e9f5eaf3ebf3edf3eff4f0f6f1faf2fdf101ef05ed09ea0ce80ee50fe20fe10fe00ee10ce20be50ae909ee09f20af60cf90e
1052,194238657,-30,11,128,1,0,1,1ee00100eaf8e7f7e6f6e5f4e5f3e6f2e8f2e9f2ebf4edf6eff9f1fcf2fff203f106ef08ed09eb09e908e907e805e904ea02ec01ee00fb0000000000000000000000000000000000000002fb08ed09ee0bee0bef0bf10af209f307f304f301f2fef0fbeefaebf9e9f9e7f9e5fae4fbe4fce4fee5fee7feeafceefaf1f7f4f5f5
1053,194290839,-30,11,128,1,0,1,1ee0010019051b051d071e081e091c0a1a0a180a1608130611040f000efd0ff910f712f414f416f417f518f618f817fa15fc13fd11fe04ff000000000000000000000000000000000000ff05fd15fb15fa15f914f912fa11fb0ffe0f000e040f071009120b140c160d180c1a0c1c0a1c091b081a0718071408110a0d0c0a0e08
1054,194292275,-30,11,128,1,0,1,1ee00100efebede9ede7eee6eee4f0e5f2e6f3e8f4eaf5edf5f1f4f4f2f8f0faedfceafce8fce7fae6f8e7f7e8f5eaf4edf4f0f4f1f5fcfd00000000000000000000000000000000000003fc0ff010f111f211f410f50ff60df50bf508f306f104ee04eb04e804e605e406e208e209e30ae40ae509e807eb04ed00effdeffaef
1055,194294158,-30,11,128,1,0,1,1ee0010016f318f11af11bf21cf31cf41bf619f716f713f70ff70cf509f306f105ee05eb06e908e809e70be80cea0dec0def0cf10cf302fc00000000000000000000000000000000000002040b120a130913071306120610060f080c090a0c090f081308160818091a0a1b0b1b0d1a0e180e170e150c130a11071003100010fd
1056,194925060,-91,11,128,1,0,1,4ff11400fbf8fcf9fefbfdfdfbfdf8fdf6fef6fdf6f8f4f5f3f6f5f8f7f8f5f8f7fbfafbfafcfbfffdfffc01f902fa02fb01fb00fbffffff000000000000000000000000000000000000fffffdfdfefffcfefbfbfbf9fcf6fff400f400f403f506f706f704f702f901fafffafcf8f9f7f7faf9fbfaf8faf6f8f2f8eef9eef8ef
1057,195027089,-90,11,128,1,0,1,4ff11400f8f7fcf9fafbf9fdf9fffa01fa04f805f509f30df309f304f605f805f605f706fa05fe0400020101020202030204030503060001000000000000000000000000000000000000010005ff04fc02f803f805f905f804f706f808f908f909fb07fb04fb02fdfffcfefbfefafdfafafaf9faf8f6f6f2f6f3f7f3f8f0f9ee
1058,195539087,-92,11,128,1,0,1,4ff114000701060106ff04fc01fb02fa02f601f600f500f401f405f406f504f802fa00f901fa00fbfffdfffefffdfdfcfbfcfafbfafcfeff0000000000000000000000000000000000000000010103020503050305050408040b040b020900080108020802060205030304ff03fe04fe07ff0afc0afb0dfe0ffe0efe0e011104
1059,195846305,-92,11,128,1,0,1,4ff11400f7fefc01fd00fc00fa00fb00fe04fd07fb08f90af90bfc0bfd09fc06fd05fd06fa06f904fc03ff0201020301030002000001000000000000000000000000000000000000000000fffffdfffdfffbfefafff8fff6fef8fff900f801f801f702f801fa01fa00fafef9fcf9fbfcfbfff9fff6fdf5fdf1fceef9f0f8f2fc
1060,197177550,-93,11,128,1,0,1,4ff1144100f500f701f8fffaf9fdf8fef8fef8fdf6fcf2fdf4f9f8f6f8faf9fdfafbfafafbfbfbfdfbfffb00fc00fc00fb01fb00fb00fe00000000000000000000000000000000000000fffefefbfffafffa00f901f800f8fff7fff800fb02fc04fb03fd03ff03ff01fefefdfcfdfdfdfdfbfcf7fbf3f9f2f9f3fbf2fcf1fbf2
1061,198371160,-29,11,128,1,0,1,1ee00100f2efefededebece8ece6ede5eee5f0e6f1e8f3eaf4eef5f3f5f7f4fbf2ffef02ec04e904e603e502e500e5fee7fceafbecfafbfe00000000000000000000000000000000000004ff13fc14fd15fe15ff15001300120010ff0efe0cfb0af709f409f009ed0aea0ce70de60fe610e610e710e90eeb0bee08f004f101f1
1062,198376428,-34,11,256,1,0,1,d6600d001008140918091a0b1b0c1b0d1a0d190d160c140b11090e050d010cfd0cf80df40ff111ef14ee17ef18f119f419f718fa16fc05ff000000000000000000000000000000000000fb01ec05ec04eb02eb01eb00ecffee00f100f302f504f707f80af90ef911f914f816f718f619f518f518f616f714f912fc10ff0d020bf200feeffdeefceefceefbeefbeefbeefaeefaeff9eff8eff8eff7eff7eff7eef8eef8eef8eef9eef9eefaeefbeefbeefceefceffdeffeefffeffff900fe0000ff00ff0000fe01fc03f503f503f504f504f504f405f405f405f405f405f305f305f205f206f206f205f205f104f104f103f103f002f001f001ef00ef00ef00ee
1063,198489584,-30,11,128,1,0,1,1ee0010010f112ee15ed17ec19ec1aee19ef18f116f213f30ff40bf506f402f3fff0fdedfceafce8fde5ffe501e503e604e805eb06ed01fb00000000000000000000000000000000000001040513031402140114001300120010010e030c060a09090d0811081408160a180c190d190e180f1710150f130d100a0f060e020eff
1064,198490947,-30,11,128,1,0,1,1ee0010010f112ee15ec17eb19ec19ed19ef18f016f213f30ff40af406f402f3fff0fdedfceafce7fde5ffe500e502e604e805ea05ec01fb00000000000000000000000000000000000001040513041403140214011300120011020e030c060a0a080d08110814081709180b190c1a0d190e180f160e130c10090f050e010dfe
1065,198492304,-30,11,128,1,0,1,1ee001000a130c160e180e1a0e1c0c1c0a1c091a081807150711080d09090b050e0212011500170119021a04190618081509120910090402000000000000000000000000000000000000fb00eb01eb00ebfeebfdecfcedfceffdf0fff201f404f407f40bf30ff212f114ef15ed16ec16ec15ec14ed12ef10f30ef60dfa0dfe0d
1066,198496301,-30,11,128,1,0,1,1ee00100150319031b041d051e071e081c081b081808150612040f010dfe0bfa0bf50cf20eef10ee12ed13ee14f015f214f413f712f804fe000000000000000000000000000000000000fd04f410f310f20ff10ef10df20cf30bf50bf90bfc0bff0d0210041206150717061a061c051c041c031b021a02160312050f070c0909
1067,198496881,-30,11,128,1,0,1,1ee00100eef2ebf1e9efe8ede7ece8ebeaebececeeedf0f0f2f3f3f7f3fcf300f104ef06ec08ea09e808e707e605e703e801ebffecfffbff00000000000000000000000000000000000004fd12f813f813fa13fb13fc11fc10fc0efb0bfa09f807f406f105ed05ea05e806e508e409e40ae50ae60ae708ea06ed03f0fff2fcf3
1068,198551279,-30,11,128,1,0,1,1ee0010004eb04e705e506e307e208e309e40ae609e807eb05ee02f1fef3fbf4f7f4f3f4f1f2eff0efedf0ecf1ebf3eaf6ebf8ecfaeefefb00000000000000000000000000000000000003020f0b0f0c0e0d0d0e0c0e0b0d0a0c0a0a0a070b040d010ffe12fc14fb17fa19fa1bfb1bfb1bfd1bfe19fe16fe13fd0ffc0cf90bf6
1069,198551727,-30,11,128,1,0,1,1ee00100eb06e808e609e409e208e207e305e404e704ea04ed04f105f507f80afb0dfc11fb14fa16f917f718f517f415f313f310f30efc0300000000000000000000000000000000000000fb02ec03ec04ec05ec05ed05ef05f003f101f3fdf4faf4f6f3f3f1f0f0eeeeedecedebedeaeee9f0e9f1eaf2edf4f1f4f4f3f8f3fb
1070,198556415,-30,11,128,1,0,1,1ee00100f0f2edefebeeebeceaeaece9ede9efeaf0ecf2eef4f2f4f6f4faf3fef202ef04ed06ea06e805e704e602e700e9feebfdedfcfbff00000000000000000000000000000000000004fe12f912fa13fb13fc12fd11fd0ffd0dfc0bfb09f807f506f206ee06eb07e908e709e60ae60be60ce70be90aec07ef04f100f2fdf3
1071,198559306,-30,11,128,1,0,1,1ee00100f712f616f418f319f21af019f018f016f114f311f60ffa0dfe0c020b060c090e0b100c120c150b16091607160515031402120004000000000000000000000000000000000000fdfcf4f0f5eff6eef7eef8eef9eff9f1f9f3f8f6f6f8f4fbf0fdedfeeaffe8ffe6fee4fde4fce4fbe5fbe7fbeafbedfdf0fff202f305
1072,198559951,-30,11,128,1,0,1,1ee0010001140218021a011c001eff1dfd1cfd1bfd18fe15ff11010e040b07090b080e081109130b140d140f121011110e100c100a0f0203000000000000000000000000000000000000fbfeedfaedf8edf7eef6eff6f1f6f2f7f3f9f4fcf4fff302f206f009ee0beb0ce90ce70ce70ce60ae609e808eb07ef07f208f60af90b
1073,198569689,-30,11,128,1,0,1,1ee00100ebf4e7f3e5f1e3efe3ede4ece6ece8eceaeeecf0eff4f1f8f2fdf201f106ef09ec0bea0ce70ce60be509e507e704e902eb01fa0000000000000000000000000000000000000004fd12f413f514f614f714f913f911fa0ef90bf808f605f304ef02eb02e802e503e304e105e107e107e207e406e804eb01effdf1faf2
1074,198570536,-30,11,128,1,0,1,1ee00100eaf6e6f5e3f4e2f2e1f1e2efe4efe6efe8f1ebf3eef6f0faf2fff303f208f00cee0eec10ea10e80fe70de70be808ea06eb04fb0100000000000000000000000000000000000004fd12f413f514f614f714f813f911f90ef90bf808f605f303ef02eb01e801e501e202e004e005e105e205e405e703eb00effcf1f9f3
1075,198570947,-30,11,128,1,0,1,1ee001000416061a061d061f052104210220011e011b01170113030f060b0a080e061205150618071909190b180c160e130f100e0e0e0303000000000000000000000000000000000000fafeebf8ebf7ebf6ecf5edf4eff5f0f6f1f8f2fbf3fff203f007ee0aec0dea0fe710e510e40fe40ee40de60ce90aed09f209f60bf90c
1076,198572124,-30,11,128,1,0,1,1ee00100fce9fbe5fae2fbdffcdefedeffdf00e100e4ffe7feebfcf0f9f3f5f7f1f8edf9eaf8e8f7e6f5e6f3e7f2e9f0ecf0eff0f1f1fcfc00000000000000000000000000000000000004021308130a130b120c110d0f0c0e0b0d080c050c010dfd0ffa12f614f416f219f11bf11cf21cf41cf51af617f712f70ef60af506f3
1077,198621966,-35,11,256,1,0,1,6aa00600edf7e9f7e6f6e4f5e3f4e3f3e5f3e6f3e9f4ebf6eef8f0fcf200f304f309f20cf00fee11eb12e911e70fe60ce709e806ea04fa0100000000000000000000000000000000000004fe13f914fa15fb15fd14fe12ff10ff0efe0bfd09fa07f705f305f005ec06ea06e707e608e609e609e708e907eb05ed02f0fef3fbf5f50001110111021103110311041104110411051005100610061006100610061006110611051105110411041103100310021001100010ff10fe10ff05ff01ffff00ff00ffff01ff04fd0cfd0cfc0bfc0cfc0cfb0cfb0cfa0dfa0dfa0dfa0dfa0dfa0ef90ef90ef90ef90efa0ffa0ffb0ffc0ffc0ffd10fd10fe11fe11ff110011
1078,198740988,-35,11,256,1,0,1,6aa00600eefdeaffe600e400e2ffe1ffe2fee3fde5fde8fdebfeef00f303f606f90bfa0ffa13f916f818f519f319f117ef15ef12ef10fb0300000000000000000000000000000000000004fe12f914f915fb15fc15fe14ff12ff0fff0cfe09fc07f905f503f202ee02eb02e802e603e503e404e504e703e902ec00effdf3fbf5ef00090f0a0f0b0e0b0e0c0e0d0d0d0d0d0c0d0b0e0b0f0a0f0a100a100a100a100a100b0f0b0e0b0e0b0d0b0d0b0d0b0d0b0c0c0b0c0a0d090e03050001ffffffffffff00010004020c020c010c010c000d000d000d000e000e000f000f00100010001000100010011001100210021003100410041005100610071008100910
1079,199253738,-28,11,128,1,0,1,1ee00100f3f1efefededeceaebe8ece8eee8efe9f1ebf3eef4f2f6f6f6fbf600f605f409f10bef0dec0eeb0dea0cea0beb09ec06ed05fb0100000000000000000000000000000000000003020e0c0e0d0e0e0d0f0c0f0b0e0a0d090a0807080309ff0bfa0df70ff411f113f015ef16ef17f017f116f213f40ff50bf606f603f6
1080,199308303,-28,11,128,1,0,1,1ee00100fbe9fae5fae2fadffbdefcdefedffee1fee5fee9fdeefbf3f9f8f5fdf200ee02ea03e703e402e301e3ffe5fde7fceafbecfafbfe00000000000000000000000000000000000001050515041603160216011500130011010e030a06070a030f0113ff17fe1afd1dfd1ffe20ff1f001e011c01180113000efd0afa07f8
1081,199308796,-28,11,128,1,0,1,1ee0010014f718f51bf41ef420f41ff61ef71df819f915f910f90bf906f701f5fdf2faeef8ebf8e7f8e5f9e4fbe4fde5ffe700e901eb00fb000000000000000000000000000000000000fb02ec0aeb0aea09ea07eb06ec05ef05f205f606fa08fe0b020e051207150819081c081e071f061e051e041b04170412050d07080904
1082,199309237,-27,11,128,1,0,1,1ee00100ebfde606e60be70ae20ae10ae308e306e704ec03f104f804fe030005010c0312041504180319011aff1bfc1afa18f915f912fe0400000000000000000000000000000000000003fb0dee0eef10ef10f011f210f40ef60bf608f703f8fff8faf6f1f1efeff3eef5eaf4e5f3e2f5e2f6e3f5e5f4e8f6ebf7ecf7f0f9fc
1083,199310599,-28,11,128,1,0,1,1ee0010015fb19fa1df91ffa21fb21fc1ffd1dfe1afe16fd11fd0cfb07f903f500f1feedfdeafee6ffe400e302e404e505e805ea06ec01fb000000000000000000000000000000000000fb02ec09eb08ea07ea06eb05ec04ee04f104f505fa07fd0b000e03120416051a051d041f031f021f011e001b00180213040e06090805
1084,199311137,-28,11,128,1,0,1,1ee00100e9fee5fee2fedffddefcdffbe0fae3fae6fbe9fceefef201f604fa09fc0dfe12fe15fd18fb1afa1af81af618f616f613f611fd0400000000000000000000000000000000000005ff15fe16ff160116021503130311020e000afe08fb05f604f103ed03e903e504e305e106e107e107e207e506e903ed00f1fcf5f9f7
1085,199311543,-28,11,128,1,0,1,1ee00100eafbe5fae2f9e0f8dff7e0f6e2f5e4f5e7f7eaf8eefbf2fef603f907fa0cfa11fa15f817f719f519f318f216f214f211f30ffc03000000000000000000000000000000000000050015001601160316041405120510040e020bff08fb06f706f205ed05e906e607e309e20ae20be20be40ae609ea06ee02f1fef4faf6
1086,199367100,-28,11,128,1,0,1,1ee00100ec0ce90fe611e412e211e110e20ee40de60bea0aee09f409f90afe0b020e061107150818071a061c041c021b0019ff17fe15ff0500000000000000000000000000000000000002fa09eb0beb0ceb0dec0eee0def0bf109f305f400f5fcf4f7f2f3f0efeeedebebe8ebe6ebe5ede5eee5f0e7f2eaf4eff4f4f4f9f4fc
1087,199738116,-92,11,128,1,0,1,4ff11400f7fbf6fcf8ffff030108010a020c030d040d040d030d010c000b030b050a060805070405020101fd01fc02fc04fc05fb05fb01fe000000000000000000000000000000000000fffffffd01fc02fb03fb06fa08f907f807f806fa07fc08fb08f807fa05fe01fefefcfefcfdfdfafff8fff7fef4fbf0faedf9eef8f0f6
1088,200022350,-35,11,256,1,0,1,a3300a000df10fee11ec12ec13ec13ec13ed12ef11f00ef10bf207f304f301f2fef0fceefbebfbe9fce7fee600e603e704e806eb07ed01fb0000000000000000000000000000000000000204081307140514031402120111010f020c040a07080a070d06100713071509160a170b160c160c140c130a11090f070e030dff0dfceb00f2faf2faf1fbf1fbf1fcf1fcf1fcf1fcf1fdf1fef1fef1fef1fff0fef0fef0fef0fef0fef1fef1fdf2fdf2fcf2fcf2fbf2fbf3faf3f9f4f9fbfdfeff000000000000fefffcfdf5f9f6f8f6f8f6f7f7f7f7f7f7f6f6f6f6f6f6f6f6f5f6f5f6f5f6f5f6f5f6f5f6f5f6f6f6f6f5f6f5f7f5f7f4f7f4f8f3f8f3f8f3f8f3f8
1089,200031875,-30,11,128,1,0,1,1ee00100fa15f918f91af71bf61bf51bf519f518f615f713f911fc0fff0e030d060d090f0a100b120b140a15081606160415031301120004000000000000000000000000000000000000fafeebfaecf8ecf7edf6eff6f0f7f1f8f2faf2fdf200f003ee06ec08ea09e809e609e408e408e506e505e705ea05ee05f107f309f50b
1090,200032928,-35,11,256,1,0,1,a3300a00f00cee0eed10ec10eb10ea10ea0feb0eed0cef0cf20bf50bf90bfc0dfe0f001100140016fe18fc19fa18f817f615f513f510fd04000000000000000000000000000000000000fdfbf7ecf9ecfaecfcecfdedfeeffdf1fcf3fbf5f8f7f5f7f2f8eff7edf6ebf5eaf4eaf3eaf2ebf2ecf3eef4eff6f0f8f1fcf2fff201f0000b070b060b050c040c040c040c040c030d030d020d020d010d020d020d020e020e020e020d020d020c030c030c040c040c050b050b060a0603020100ffffffffffff000002020707060806090509050a050a060a060a060a050a050b050b050b060b060a060a060a0609060a060a070a0809080909080908090809070a07
1091,200036734,-30,11,128,1,0,1,1ee00100f9eaf8e7f8e5f8e4f9e3fae3fbe4fce6fce8fcebfbeefaf1f8f3f6f6f3f7f0f7eef7ecf5ebf3ecf2edf1eef0f1f0f3f1f5f1fdfc00000000000000000000000000000000000004fe13f914fb15fc14fe13fe11ff10fe0efd0cfa0af80af40af10bee0dec0eea10e912e913ea13eb13ed12ee0ff00cf208f205f102f1
1092,200039041,-30,11,128,1,0,1,1ee00100fee9fee6ffe4ffe301e202e303e403e603e802eb00edfef0fbf2f8f4f5f5f2f4f0f3eff1efefefeef1edf3edf5edf7eef9effefb00000000000000000000000000000000000005ff1500150115031404120411040f030e010dff0cfc0df80ef510f212f114ef16ef17ef18f018f217f316f413f50ff60bf508f306f2
1093,200041187,-30,11,128,1,0,1,1ee0010014081609180b190c190d180e160e150e130c110a0f080e050d020dfe0efb10f912f814f816f916fa16fb16fd15ff130011010400000000000000000000000000000000000000fe04f813f713f512f411f40ff50ef60df90cfc0cff0d010f0411061406160718061a051b041b021b011a011801150311050e070c0a0a
1094,200042319,-30,11,128,1,0,1,1ee0010009170b190c1c0b1d0a1f091e071d061c061906160612080f090b0c080f07120615071708180a170b160d150e130e100e0e0e0303000000000000000000000000000000000000fa02e908e906e804e803ea02ec01ed02f003f206f409f50df511f414f317f118ef19ed1aec19ec18ec16ed14f012f410f810fc10ff10
1095,200044776,-30,11,128,1,0,1,1ee0010018fb1bfa1dfa1ffb20fc20fe1eff1dff1aff17ff13fe10fc0df90bf60af20aef0cec0deb0fea11eb12ec13ef13f112f311f504fd0000000000000000000000000000000000000105031702170017fe17fd15fd14fe120010030e060d0a0d0e0e110f131115131515151714181318111810160e130d0f0d0b0e060f03
1096,200146323,-30,11,128,1,0,1,1ee0010012f515f417f418f419f419f619f717f816f813f810f80df80af607f405f205ef05ed07eb08ea09ea0beb0ced0cef0cf10cf303fc000000000000000000000000000000000000020409110812071205120411040f040e050c070a09080c08100712081408160a170b170c170d150d140d130c110b0f080e050f020fff
1097,200147213,-94,11,128,1,0,1,4ff1140001f9fffbfbfcfbfdfcfffa00f8fff802f605f305f205f204f203f504f903f902f800f900fb03fd04000402050205030404050101000000000000000000000000000000000000000001020200030104020402050106010702070305030503060405040403040203ff03fc04fc03fd01f800f303f306f304f102f102f3
1098,200149954,-30,11,128,1,0,1,1ee00100fb17fb1bfa1df91ef71ff61df51cf51af618f815fa13fd11000f040e070f0a100c130c150b170a18081806180417021501140005000000000000000000000000000000000000faffe9fee9fceafbebfaecf9edfaeffbf0fdf100f103f006ee09ec0cea0de80ee50ee40de40ce40be409e608e908ed08f109f30cf50e
1099,200153120,-30,11,128,1,0,1,1ee00100fe18fe1bfe1dfd1ffb1ffa1ff91df91cfa19fb16fd13ff11020f060d0a0d0d0e0f10101210140f150d160b160916071405130104000000000000000000000000000000000000faffe9fde9fceafaeaf9ecf9edf9effbf0fdf100f103f006ee09ec0cea0ee80ee60fe50ee40de40ce50be70aea09ee09f10bf50cf70e
1100,200207640,-30,11,128,1,0,1,1ee00100f211f114f015ef15ed15ed14ed13ed11ee10f10ef40df70dfb0dfe0d010f02110313031502170118ff17fd16fc15fb13fa11fe04000000000000000000000000000000000000fcfdf0f3f1f2f2f1f3f1f4f1f5f2f6f4f5f6f5f8f3fbf1fdeeffeb00e900e700e5ffe4fee5fde5fce6fbe8fcebfceefef001f104f206
1101,200210367,-30,11,128,1,0,1,1ee00100150b180d1a0e1b101b111a12181216111510130e100b0f070f030fff11fc13fa16f918f91afa1afb1afd1a001802150314040401000000000000000000000000000000000000fd05f614f413f313f211f210f30ff50ef70efa0efd0f0011021304160518051b041d031e021f011e001d001b001801140411070e0a0d
1102,200216703,-30,11,128,1,0,1,1ee001000ef010ed12ec14ec15ec16ed15ef14f013f210f30df409f406f303f200f0ffeefeebffe900e802e703e805e906eb07ed07ef01fb00000000000000000000000000000000000003030d0e0c0f0b100a100910080f080d080b09090b060e0411031402160218031a041a051a06190718081607140611040f010ffd0efb
1103,200556980,-91,11,128,1,0,1,4ff11400f4fef7fefb00fd00fd01fd05ff0a010a010cfe0cfc0bfe0a0008ff09fc0afd07fe05fe05fe04000102010501050104030603020000000000000000000000000000000000000000ff01fefffefdfefbfef9fcf6f8f6f8fbf8fdf5fbf4faf5faf7faf8fdfbfefdfdfefa00f806f809f707f304f202f301f3fff301f403
1104,200864060,-95,11,128,1,0,1,4ff11441070005ff04ff03010000fffb01fa02fb01fafff800f700f701f802f901fa00fa00fbfffdfffffffffcfffbfffbfffc00fb01fe0000000000000000000000000000000000000000000002fc02fa01fa02fb04fb02fa00f600f400f602f903fa03fd02ff02ff01feff000304040702080208050708070909070907080a
1105,201171265,-91,11,128,1,0,1,4ff11400fdf7fdf8fbfafcfbfefdfc03fa06f906f708f608f607f705f907fa0afa0afa07fc04fe04fe03000102000600080009ff0afd02fe000000000000000000000000000000000000ff00fe020102030204030405030604070508040a020b01090206030402030103020004fc05fa02f901f603f203f102ef02ec01f002f5
1106,202400070,-93,11,128,1,0,1,4ff1144101080404060205040504060108010a030b030b010b01090307050706080707070504040003ff02fe02fd03fc03fc03fd04fe01ff000000000000000000000000000000000000ff00fd02fe02fd03fb05fa08f808f707f606f606f705f905fa05fa04fa03fb00fafffd03010701080008ff08fd0bfd0d000e020e000d
1107,202502522,-92,11,128,1,0,1,4ff11400fc08fc06fd030001020103030503070008fe0aff0b010803060406040603050104fe04fd02fe00fdfdfafcfafcfafcfafcfafffe000000000000000000000000000000000000fefefcf9fdfbfdfcfcfcfafbf9fbfaf9fdf9fcf7fbf6fcf7fbf9fafbf9fef6fef800fa03fb04fb05fa09f909f908f90af90df90cf909
1108,202604886,-93,11,128,1,0,1,4ff11400fd0b00080405070108000700050007020a010a00090109010701060205020503060306030303010002fe02fc03fb03fb02fc00ff000000000000000000000000000000000000ff00fe02fd03fa04f906f907fa06fa05f903f902f803f503f400f8fffc01fc02fb01fe01ff02fe04010603080309020b000d000d050e
1109,202707272,-92,11,128,1,0,1,4ff11441f600f803fa06fb05fe030004020504080409ff09fd09000a0009fe08fe08ff070004ff0200020201040105fe05fe04000400010000000000000000000000000000000000000001ff02fd01fc01fb02fa01f802f702f703f604f705f604f602f700fafffbfffafefafbfcf8fdf7fcf6fdf3ffef00f0fdf2fcf2fcf1fb
1110,203014492,-94,11,128,1,0,1,4ff1144106ff04fe03fd01fd00fd01fd00fcfefafdf9fff901f801f700f8fff901fa01fc02fe02ff00fdfefdfcfefd00fd02fb01f9fffeff00000000000000000000000000000000000000000303030303040404040503060506060404030404040701080006010603060403040002ff04ff09fd0afc08fa08fa0bfd0bfe09fd
1111,203936140,-89,11,128,1,0,1,4ff11400f7fbf7fdf9fef700f704f809fa0bfa0af908f806f708f509f406f602f902f904f805fa05ff04020202010303030501050104000100000000000000000000000000000000000001ff03fb01fa02f903f802f803f603f504f607f706f606f507f603f8fffafdfafef9fef7fef5fdf7f9f9f3f9f0f8f2f7f4f4f6f3faf5
1112,204212180,-35,11,256,1,0,1,56633500140618061a061c071c081c091b09190917081507130511020fff0ffb0ff811f513f315f218f319f41af61bf91afc18fe16000500000000000000000000000000000000000000fd04f613f512f311f310f30ef30df50cf70bfa0cfd0dff0e01100312041504170419031a031a021a0219021702150312050f080c0a0af100fcf1fbf1fbf1faf2faf2faf2faf2f9f2f8f3f8f3f7f3f8f3f8f3f8f2f8f2f7f2f7f2f8f2f9f2f9f2faf2faf2fbf2fbf2fbf2fcf2fdf2fdf2fffbfffe0000ff00ff00fffe00fc00f501f501f501f502f402f402f402f402f402f403f303f303f303f203f202f302f302f202f201f201f200f200f2fff2fef2fef2fef1fdf1
1113,204243312,-90,11,128,1,0,1,4ff114000308020602030403060109fc0bfb0afe0aff0efe0efe0c000b010900070007ff06fd05ff050105ff04fc03fc03fc02fa03f801fe000000000000000000000000000000000000000101050005ff040005020802090009ff0aff0afe07fc06fa07fa06fd02010101030004010605040905080b070d060c070b080c090d
1114,204248289,-35,11,256,1,0,1,6aa00600071409160a180a1a0a1b091b081a0819071706140711080e090b0c090f07120615071708180a180c170e151012110f110c100304000000000000000000000000000000000000fa01ea03ea02ea00eaffebfeedfdeffef100f202f304f407f30af20df10fef11ee12ed12ec12ec11ec10ee0ff00ef30ef60dfa0dfd0df00008f508f407f407f306f205f205f205f204f204f204f204f203f103f103f103f104f104f204f205f205f205f205f305f306f406f507f507f502fc00feff00ff00ff0001ff03fd09fa09fa09fa09fb0afb0afb0afb0afb0bfb0bfb0bfa0bfa0bfa0cfa0cfa0cfa0cfa0bf90bf90af90af90af80af80af70af70af609f509f5
1115,204264073,-35,11,256,1,0,1,6aa00600edf6eaf6e8f5e7f4e6f3e6f2e7f2e8f2eaf3ecf5eef7f0faf0fdf000ef03ed06eb07e907e706e505e502e500e7fde9fcebfafbfe00000000000000000000000000000000000002fb0aee0bee0cef0df10df20cf30bf409f506f404f302f100efffedfeeafee9fee7ffe600e600e600e700e900ebfeedfcf0faf2f7f4fc00020c020c030c030c030c040c040c040c050c050c060b060b060b060b060c060c060c060c050c050c040c040c030c030c020c020c010c000c0004ff01ffff00ff00ffff01ff03fd09fd09fc09fc09fc09fb09fb09fb09fb09fb09fb09fa0afa0afb0afb0afb0afb0afc0bfc0bfc0bfd0bfd0bfe0cff0cff0c000c000c000c
1116,204265112,-35,11,256,1,0,1,6aa00600ed01ea02e803e702e602e601e601e800e900ec00ee01f003f305f407f50af50df40ff211f011ee10ed0fec0cec0aec07ed06fb01000000000000000000000000000000000000fffb00ed01ed02ed03ee04ef04f003f202f300f3fef4fbf3f9f3f7f1f5f0f4eef4edf4ecf4ebf4ecf5ecf5eef6eff6f2f5f5f5f7f4faef0008070807090709070a060a060a050a050a050a050b050b050b050c040c040b040b040b050b050a050a050a0609050906090608070807070802030001ffffffffffff000001020308030803080208020802080208020902090209020a020a0209020902090209030a030a0409040904090509050906090609070907090709
1117,204282428,-36,11,256,1,0,1,6aa0060008ef09ed09eb0ae90be90be90cea0ceb0bed09ee07f005f102f2fff2fcf1fbeff9edf9ebfae9fbe8fde7ffe802e903eb05ed01fb00000000000000000000000000000000000003020f090e0a0d0b0c0b0b0b0a0b090a09080a060b030c020e0010ff12ff14ff15ff1600160016001501140012ff10fe0efd0cfb0bf90001f503f503f504f504f505f505f606f606f606f606f606f607f607f607f608f608f608f607f607f607f607f607f606f606f605f504f503f403fc01fe0000ff00000000fffffcfff7fdf7fdf7fdf7fdf7fdf7fdf7fcf7fcf6fcf6fcf6fcf6fcf6fcf6fcf6fcf6fcf6fdf6fdf6fef6fef6fff6fff5fff500f500f501f501f501
1118,204297678,-35,11,256,1,0,1,6aa00600fa14fb16fa19fa1af91bf81bf81af818f816f914fb12fd11000f030f060f09100a120b140b1609180819051902180017fe15ff05000000000000000000000000000000000000fbfeecfbecfaedf8eef8eff7f0f7f1f8f2faf2fcf2fef100ef03ee05ec06ea07e807e706e706e705e805e905eb05ee06f007f309f40af2000afb0afb0afa0af90bf90af80af809f709f709f709f709f709f609f609f509f609f609f70af70af70af70af70af80af80af90afa0bfb0bfc04fe01ffff00ff00ffff00ff0300090009000900090008000801080109010a010a010a010a000a000a010a010b010b010b000bff0bff0afe0afe0bfe0bfe0bfd0cfc0bfb0bfb
1119,204324238,-35,11,256,1,0,1,6aa00600f311f313f215f116f016ef16ef15ef14f012f211f410f60ff90ffc10fe11001300150017fe19fc1afa19f718f616f414f412fd04000000000000000000000000000000000000fbfeeef8eef7eff6f0f5f1f5f2f5f3f7f3f8f3faf2fcf1feefffed00eb01e901e800e700e700e7ffe8ffe9ffeb00ed01ef03f005f107f4000aff0bff0bfe0bfe0bfd0bfd0bfd0bfd0bfc0bfc0bfc0bfc0bfc0bfc0bfc0bfc0cfc0cfc0cfc0cfc0bfd0bfe0bfe0cff0c000b000b010b0103000100ff00ffffffff00000200070207020702070307030703070307030804080408040804080408040804080408030803080309030902090209020a010a010a010a000a00
1120,204328036,-35,11,256,1,0,1,6aa00600fb14fb17fb19fb1afa1af91af81af819f917fa15fb13fd1200100210051007120813091508170619041a0219ff18fd16fc15fe05000000000000000000000000000000000000fb00ec00ecffecfdedfceefceffcf0fcf1fef2fff202f104f006ef08ed09ec09ea0ae90ae909e909e908eb07ed08ef08f109f40bf50cff0009fb09fb09fa09fa09f909f909f909f809f808f808f808f708f708f709f709f709f709f709f80af80af80af90af90afa0afb0afb0afc0bfc03fe01ffff00ff00ffff00ff02ff08ff08ff080008000800080008000801080109010900090009000900090009000900090009ff09ff09ff09fe09fe0afd0afd0afc0afc0afb
1121,204330068,-35,11,256,1,0,1,6aa0060005eb05e905e705e506e507e508e608e707e906ea05ec02ee00effeeffbeef9edf8ebf8e9f8e7fae6fce5ffe601e703e905eb01fa00000000000000000000000000000000000004ff1300130112021103110410040e030e020d000dfe0efb0ffa11f812f714f615f616f616f716f716f814f813f810f70ef60cf50af3fd00f403f403f503f503f503f503f503f404f405f405f505f505f505f505f405f405f405f405f405f404f503f503f502f402f402f402f401f401fb00feff00ff00000000ff00fdfff7fff7fef7fef7fdf7fdf7fdf7fdf7fdf7fdf7fdf7fdf7fcf7fcf6fdf6fdf6fdf6fdf7fdf7fdf6fdf6fef5fef5fff500f500f501f501f501
1122,204348320,-35,11,256,1,0,1,6aa0060004ea04e704e505e405e306e406e506e606e804ea02ec00eefdeffaf0f7eff5eef4ecf3e9f4e7f6e6f8e6fbe6fde7ffe900eb00fa00000000000000000000000000000000000005001402140313051206110710060f050e040d020dff0efc10fa12f813f715f717f718f718f718f817f815f913f811f80ef70bf509f4f900f303f304f404f404f405f405f405f405f406f406f507f507f507f507f507f407f407f407f507f506f506f505f405f404f404f404f403f402fb00fe0000ff00000000ff00fcfff7fff7fef7fef7fdf6fdf6fdf6fdf6fdf6fdf5fdf5fdf5fdf5fdf5fdf5fdf5fef5fef5fef4fef4fef4fff3fff400f401f401f401f402f402
1123,204352115,-35,11,256,1,0,1,6aa00600fbeafae7fae5fae4fae3fbe3fce4fce5fde7fceafbedfaeff7f1f5f3f2f3eff3edf2ecf0eceeedecefeaf1eaf4eaf7ebf9ecfefb00000000000000000000000000000000000004fe13fa14fb14fd13fe13ff11ff10ff0efe0dfc0cfa0cf70df50ef20ff010ef12ee13ee13ee13ef13f011f10ff20cf20af206f104f1f300f708f709f709f80af80af80af80af90af90afa0bfa0bfb0bfa0bfa0bfa0bfa0bfa0bf90bf90bf90bf90af90af809f809f808f808f707f707fc02ff0000ff00ff00ffff00fd01f703f703f702f702f702f602f602f602f502f502f502f502f502f403f403f403f503f503f503f504f504f505f505f606f606f607f607f607
1124,204368010,-35,11,256,1,0,1,6aa0060008150a160b180b190b1a0a1a0a1a0818081608140812090f0b0d0d0b100a120a140b150d160f1511131311140e140b1309130204000000000000000000000000000000000000fb03ef0dee0bed0aed08ee07ef07f107f307f409f50bf60df60ff612f514f415f316f216f216f115f214f313f512f711fa10fd100010ff0007f607f606f606f606f606f606f506f505f404f404f403f504f504f505f505f405f405f405f405f505f606f607f607f607f707f707f707f802fd00ffff00ff00ff0000ff02fd07fa07fb08fb08fc08fc09fb08fb08fb08fb09fc09fc09fc0afc0afb0afb09fb09fb09fb09fb09fb09fa09f908f808f808f808f808f809f8
1125,204369921,-35,11,256,1,0,1,6aa00600ecf3eaf2e8f1e7f0e7f0e8efe9efeaefecf1edf3eef5eff8effbeefdec00ea01e801e600e4ffe4fde4fae6f8e8f6ebf5edf5fbfd00000000000000000000000000000000000001fa06eb08ec09ed0aee0af009f108f206f204f202f100efffedfeebfde9fde7fee6fee5ffe5ffe600e7ffe8feeafdedfbeff8f1f6f2fc00010b020b020b030b030b030a040a040a040a050a050a050a060a060a060a060a050a050a040b040b040b040a030a030a030a020a010b000a0004ff01ffff00ff00ffff01ff03fd09fd09fc08fc08fc08fc08fb08fb08fb09fb09fb09fb09fb09fb09fb09fc0afc0afc0afd0afd0afe0afe0afe0afe0bff0bff0b000c010c
1126,204386411,-35,11,256,1,0,1,6aa00600e8fae6fae4fae3fae3f9e3f8e4f8e5f8e7f9e9faebfcedfeed01ed04ec06eb08e909e709e508e406e403e500e6fee8fdeafcfafe000000000000000000000000000000000000fffafeeaffea01eb02ec02ed02ee01effff0fdf1fbf1f8f0f6eff5edf4ebf4e9f4e8f4e7f5e7f5e8f6e9f6eaf6edf5eff4f2f3f5f1f60201010c020b020b030a030a020a030b030b040b050b050b050a050a040b050b050b050b050b040b030a030a020a020b020b020b010b010b000bff03ff01ffff00ff00ffff00ff03fd08fd08fc08fb08fb08fb08fb09fb08fb08fb08fb08fa08fb09fb09fc09fc09fc09fc09fc09fc09fc0afd0afe0aff0aff0aff0aff0aff0b
1127,204398536,-34,11,256,1,0,1,6aa00600f9eaf8e8f8e7f8e6f8e5f9e5f9e6fae8faeafaecf9eef7f0f5f2f3f4f1f4eff4edf2ecf1ecefededefecf1ebf4ebf7ecf8edfefb00000000000000000000000000000000000004fd11f612f712f911fa10fb0ffb0dfb0cfa0bf80af60af40af10bef0cee0ded0eec0fec0fec0fed0eee0def0bf009f106f103f001effc00f606f607f707f707f707f807f707f808f808f809f909f909f909f909f909f809f809f909f909f908f908f807f807f807f806f706f705f705fc01fe0000ff00ff00fffe00fc01f603f602f601f600f600f600f601f601f601f600f600f500f500f500f500f500f501f601f601f502f502f503f604f604f605f605f605f505
1128,204400204,-34,11,256,1,0,1,6aa006001600170019001a011b011a02190217021602130111ff10fd0ffb0ff80ff611f412f314f316f317f518f717fa16fc15fe13ff04000000000000000000000000000000000000000104041302130113ff12ff11ff10000e010d030c050c070d0a0e0c0f0d110d120d130d140c140c140b130b110b0f0b0d0c0a0d070e06f400faf5faf6f9f6f9f7f9f7f9f7f9f7f8f7f8f7f7f8f7f8f7f9f7f9f7f8f7f8f7f7f6f8f7f8f7f8f8f8f9f8faf7faf7faf7f9f7faf7faf7fbf7fefcffff000000000000fffefffcfef6fff7fff700f600f600f600f600f600f600f600f600f600f500f500f500f500f6fff6fff6fff5fef5fdf5fdf5fdf6fcf6fcf6fcf6fcf5
1129,204628223,-29,11,256,1,0,1,e4400e00e802e803e803e903e904e904ea04ea04ea04ea05ea05ea05eb05eb05ea05eb05eb04eb04ec03ec03ed03ed02ee02ee01ee01fb00000000000000000000000000000000000000fb01ed04ed03ec03ec03eb02eb02ea02ea02e901e901e801e800e800e800e800e800e800e800e801e801e802e802e802e802e703e603f101d006d105d205d305d406d407d507d508d608d608d709d709d70ad70ad70ad709d809d808d907da07db06dc05dd05dd04de03de02df01df00fafffeff00ff00ff00fffe00f901dd08dc07dc06db05da04da03d903d802d602d501d401d300d3ffd3ffd3ffd3ffd3ffd3ffd3ffd300d301d301d302d303d203d204d304d304
1130,204628372,-29,11,256,1,0,1,e4400e00f011f010f010f110f110f210f210f310f310f310f310f310f310f310f310f310f310f30ff30ef30ef40df40df40cf40cf40bfd02000000000000000000000000000000000000fd03f40ef40ef30ef30ef20ef20ef10ef00ef00eef0eef0eef0eef0eef0eef0eef0eef0eef0fef0fef0ff00ff010ef10f010f010f011f60ae223e221e221e320e420e520e620e620e720e820e920e921e920e920e920e920e91fe91fe91de91ce91bea1aea1aea19ea18ea17ea16e916fb03fe0100ff00ff00ffff01fc05ee1cec1cea1be91ae71ae71ae61ae41be31be21ce11ce01ce01cdf1bdf1bdf1bdf1bdf1bdf1be01ce01de01de11ee11fe21fe220e220e31f
1131,204628536,-29,11,256,1,0,1,e4400e00160b160b160b150a150a150915091508150815071507150715071507150715071507140713071307120711071107100710080402000000000000000000000000000000000000040211091109110a120a120b120c130c130d130d130e130e130e130e130e130e130e130e140d140d140d140d150c150c160c160c160c0c082a1929192919281828172815281528142813281228122811281128112711271127112611261124112311211120101f111e111d111b151b1604040101fffffeffffff0100050320131f15201420152016201720182119221a221c231d231e231e231f221f221f221f221e231e241d241d251c261c261b271b271a281a271a
1132,204628669,-29,11,256,1,0,1,e4400e00e8f3e9f4e9f4eaf4eaf5eaf6eaf6eaf6eaf7eaf7eaf7e9f8e9f8eaf8eaf8eaf8ebf8ebf8ecf8ecf8edf8eef8eef7eff7eff7fbfd000000000000000000000000000000000000fbfdeef6eef5eef5edf4edf4edf3ecf3ecf2ecf2ecf1ecf1ecf0ecf0ecf0ecf0ecf1ecf1ebf1ebf1ebf2eaf2eaf2eaf3eaf3e9f3e9f3f2f8d3e7d4e6d5e7d6e8d6e9d6ead6ebd6ecd6ecd6edd6eed6eed6efd6efd6efd7efd7efd8efd9efdaefdbefddefdeefdfefdfefe0eee2ece3ebfafcfefe000001000000fefff9fcdeefdeeddeecdeeadee9dee8dde7dde6dce5dce4dbe3dbe2dbe1dbe1dbe1dbe1dbe1dbe1dbe2dae2d9e3d9e3d8e4d8e4d7e5d6e5d6e6d6e6
1133,204628794,-29,11,256,1,0,1,e4400e00f615f615f714f714f814f814f814f914f913fa13fa14fa14fa13fa13fa13fa13fa13f912f912f911f911f910f910f90ff90ffe03000000000000000000000000000000000000fe04f910f810f811f711f711f612f612f512f412f412f412f412f412f412f412f412f412f413f413f513f513f514f514f514f615f615fb0cef2aef29ef29ef28f027f127f227f326f426f426f526f526f626f626f626f626f625f625f523f522f521f520f51ff51ff41ef41df41cf31cfd04ff0100ff00fe00ffff01fe05f821f621f320f220f120f021ef21ee22ed23ec23eb24eb24ea24e924e924e924e924ea24ea24ea25eb25ec25ec26ed27ed27ee27ee27ee27
1134,204629007,-30,11,256,1,0,1,e0000e0010130f130f120f121011101110101010100f100f100e100e100e100e100e100e100e0f0e0e0e0e0e0d0d0d0d0c0d0c0d0b0d020300000000000000000000000000000000000003030c0f0c0f0c0f0c100c110c110c120c130c130c140c140c140c140c140b140c140c140c140d140d140e130e130e130f130f130f13080b1d271c271b261b251b241c231c221c211d201d1f1d1e1e1e1e1e1e1e1d1e1d1e1c1e1c1e1b1d1a1d191c171c161b161b151b141b111d0f1d02050001ffffffffffff01010404181b171c161d161e151f152015221523152415251527152715281528142814281428142814281528162717271827192619261a261a261b26
1135,204668556,-37,11,256,1,0,1,e4400e0002190219021802180317031703160416041604160415041504150515041504150415031403130312021202120211011101100004000000000000000000000000000000000000000503140315021502150116011700170017ff18ff18fe19fe19fe19fe18fe18fe18ff18ff18ff190019001800180018011901190119010e06300530052f052e052d062c072b082b092a092a0a290a290a280a280a280a270a27092608250824072306220622052104200420031f021f00050001fffffffeffff000102060c240a260727052804280429032a022b022c012d002fff30ff30fe30fe30fd30fd2ffe2ffe2fff2f002f012f012f022f022f032f032f032e
1136,204668699,-38,11,256,1,0,1,e4400e00121112101110110f110e120e120e120d120c120c120c120c120b120b110c110c110b100b100b0f0b0e0b0d0a0d0a0d0a0d0a03020000000000000000000000000000000000000403100d100d0f0e0f0e100f1010101010111012101210121013101310130f120f120f121012101210121111111111111211121113100b09251f241f231e221d221c221b231a2319231823172316231523152215221522152215211520151f151d151c141b131a131a1319131814171404030101fffffeffffff01000603221321141f171f191f1a1e1b1e1d1f1e1f1f1f202021202220231f231f241e241e231e231e221f221f2220212021212022202220221f221f
1137,204668859,-38,11,256,1,0,1,e4400e00f416f415f415f514f514f614f614f714f714f814f814f814f814f814f814f913f813f812f812f811f811f810f810f80ff90efe03000000000000000000000000000000000000fd04f712f612f512f513f413f413f313f213f214f114f114f113f113f113f113f113f113f114f114f214f214f215f215f315f315f415f70ce428e326e425e525e624e825e925e925ea24eb24ec24ec24ec24ed24ed24ed24ee23ee22ee21ee20ee1fee1eee1def1cef1bee1aea16e915fb03fe0100ff00fe00fffe01fc05e920e81fea21e920e720e620e521e421e321e222e122e022df21de21de21de21de20de21df21df21e022e123e123e224e225e325e425e424
1138,204668984,-38,11,256,1,0,1,e4400e00f316f315f415f414f514f514f614f714f714f714f714f714f814f813f813f813f813f812f812f711f810f810f810f80ff70ffd03000000000000000000000000000000000000fd04f712f612f512f512f413f313f313f213f114f114f114f114f113f013f013f013f113f114f114f214f214f214f215f215f315f315f80de82be72ae829e828ea27eb27ec27ec27ee27ee26ef26f026f027f026f026f026f025f024f023f021f020f11ff11ef11ef11df01cef1bee1afc04fe0100ff00fe00ffff02fd06f225f024ee24ed23eb23ea23e924e724e625e525e426e426e326e325e225e225e224e224e324e325e425e426e526e627e628e728e728e827
1139,204669110,-39,11,256,1,0,1,e4400e00101210121011101010101010100f100f100e100e100e100d100d100d100d100d0f0d0e0d0d0d0d0d0c0d0c0d0b0c0b0c0b0c02030000000000000000000000000000000000000403100d100d100e100e100f10101011101110120f120f130f130f130f130f130e130f130f130f130f130f1210121012101211121211080c1d271b261a251a241a231b221b211b201c1f1c1e1c1e1c1d1c1d1c1d1b1d1b1d1b1d1a1d191d181c161b151a141a131a121a111a0d1d0c1d02050001ffffffffffff010104051a1d191e1b1c1a1d191f19201921192219241925192618271827172817281729172816281727172718271827192619261a261b251b251c25
1140,204669350,-39,11,256,1,0,1,e0000e0008e908e908e907ea06ea06ea06ea05ea05eb04eb04ea04eb04eb04eb04eb04eb04ec05ed05ed05ee05ee04ef05ef05f005f001fc00000000000000000000000000000000000001fb04ec05ec05ec06eb06eb07eb08eb08ea09e909e90ae90aea0aea0aea0aea0aea0aea09ea09ea09ea09ea09ea08e908e908e908e903f10dd20dd30dd30dd40cd50ad50ad609d608d708d707d707d706d706d706d807d807d907da07db08dc08dd08de08df08e008e109e209e30ae402fa00feff00ff01ff00fffd00f902d903d907da08d90ad90bd90bd80cd70dd60ed610d511d412d412d512d512d512d512d512d511d511d511d510d50fd50fd40ed40ed50ed5
1141,204752132,-91,11,128,1,0,1,d5555d4102fb02fc02fffffd00fe0000ff01000100fff7fdeffbf4fefb04f80df415f80cfffffd00fa04fcfffbfff704f803fe0001020000000000000000000000000000000000000000fffffffd00fe01000000ff00ff01000201030103010200020001010102030201010003ff03fe01fefffefefcfcf9fdf900fbfffcfcfe
1142,204755333,-92,11,128,1,0,1,4ff1144103f703f703f400f6fcf9faf8f7f9f8f8fcf6fbf3faf0fcf1fef500f8fffbfffcfff8fef7fffc01fefefcf9fbf9fcfcfffeffffff00000000000000000000000000000000000000fe00fcfefcfcfcfcfafdf9fef8fef7fef701f904f804f702f902fb01fc00fffefefdfefbfff9fdfcf9fbf6fbf5fef3ffeffeeeffed
1143,205062543,-93,11,128,1,0,1,4ff11400090009fb06fd02fe03fa00f6fcf7faf7faf6fdf501f302f200f400f603f704f703f902fb02fcfffefcfffc00fbfffafdf9fbfefe000000000000000000000000000000000000ff00ff03010501060205030404060409060906080307020703070206000401030204030206ff05fd05fb0bfb10fd0dff0c000dfe0cfd
1144,205369768,-91,11,128,1,0,1,4ff11400f8fcfafcf9fcf900fa05fa06fa06fa08fb0af90bf60cf30bf609f708f506f606f906fa04fb02fd02ff01ff00010103040306000100000000000000000000000000000000000000fffefdfdfafdf9fef9fef7fdf4fcf6fff602f502f601f801f701f600f8fdfbfcfdfbfbf8f9f3fbf5fef6fff5fdf5faf4faf2faf1f7
1145,205566665,-92,11,128,1,0,1,accffa41feff0101030104010106fe0bfa09f90804080c06020af608f302f909010d04080204fe04fc02fe01fefffbfdf9fb00fa07fb02ff000000000000000000000000000000000000ff00ff000000010102ff02ff02fd02fd02ff01fefffffe02fe04fe0202ff070004000001fe02ffff00fefffffcfffbfefe0003020402
1146,205574700,-90,11,128,1,0,1,4ff11400f3fcf4fff702f707f707fb06fe07fc09fb0afb0efa11fa10fc0dfe0bff08fe07ff0601060106010401020203040306020702020000000000000000000000000000000000000001ff04fc02fbfff9fdf8fef6fff600f601f502f501f400f302f404f605f802f9fffafefcfcfef8fdf2fceefbecfcecfaf0f7f3f8f0fa
1147,205784381,-95,11,128,1,0,1,966dd94102fe02fe0001fc00f8f9f9faf904fb060000ffffff0002fe01fcfffeff06010808fe0bf905fbf9f9f8f9fffd01fa01f702f600fd00000000000000000000000000000000000000ffffff00ff000000010101020002000101ff00ff000001000201010101010201020100ff00fe02fe04fe03fe03ff02ffff00fe0100
1148,205813737,-94,11,128,1,0,1,6bb33641fffdfffdfefffeff02ff06ff0700080405ff02fb0103fb04f4fff804fe0afd08fc07fc04feffffffff0101010201fe01f8fffdff000000000000000000000000000000000000000000010000ff0000ff0100020001ff01fe01fb01fb00ffff00ff00fe00fefffefffe00fe00fcfcfbfbfcfdfe0000fe01fd0100ff01
1149,206134368,-93,11,128,1,0,1,cff55c41f600f7fdf7faf8f9fbfbfcfbfffe040202020000fffdfefa00fb01fd00fe01ff00010001ff01fe00000002ff02fe00ffff02ff0000000000000000000000000000000000000000ff01ff0201010000fffefffb08f90ffb05fdfbfd06fc12fd06fefc01ff0102fc04fd05fe05fb03000203fefefbfefdfc01fa04ff01
1150,206136015,-93,11,128,1,0,1,799dd7410002ff0000fc02fb01ff0001fefefafefafefffe0001fc02fe0002ff03000300020001ff010002ff02fe02ff02020104fe05ff010000000000000000000000000000000000000001020100fdfdfefd01fe00f601ef03f901010107fd0ff907feff05030408fe07fd00ffff00060205050005ff04010005f703f4fffc
1151,206241595,-94,11,128,1,0,1,f0022f4103fc03fc01fb00fb01fa01fa01f900f8fdfbf900f8fffdfdfffeff010101020001ff00ff01010001fe00fe00fe00fe0001ff00ff00000000000000000000000000000000000000ff03fd01fdfffefd00ff0002ff00fffffe01ff01010101fe01fb00000002ff00ff03ff02fcfbf7faf600fb02f8fef4fbfefd040000
1152,206496211,-91,11,128,1,0,1,4ff1140003f500f900fd0000fbfff8fff802f503f302f201f101f301f400f4fef4fef601f904fb05fc05fe030002010401060205030600010000000000000000000000000000000000000000030303040604060307040b050a0708080908080808070a0608060405030204fe03fafef6fef400f502f401f202ee06ed07ee04ed
1153,206598591,-93,11,128,1,0,1,4ff11400fdf7fbf8faf8fbfcfb02f906f707f708f607f503f7fef6fcf3fdf4fef7fff901f901fa02fb02fc02ff03ff02ff03010502050001000000000000000000000000000000000000000002ff02fe05ff060006fd06fc08fc0afe09000a000c01090205000300020000fefffdfffc00f800f400f2fdf1faf1fdf100ef00ee
1154,207008198,-93,11,128,1,0,1,4ff1140006fd04fe02fc01fd01fdfefbfbf7fdf7fff8fcf7f8f8faf7fbf5faf6fcf8fef8fef9fefbfefdfcfefc00fc02fc01fd01fd01ff00000000000000000000000000000000000000000100030003ff0300060009000aff09fe08fe07fe07fd08fd08fd06ff03ff0200030102030105ff0600070208020b020d030d060d07
1155,207110592,-91,11,128,1,0,1,4ff11400fef5fcf5fbf8fbfef700f500f700f502f203f100f1fef2fdf3fff500f4fef6fefafffb00fc00ff01ff03fe04fd04fc06fc08ff0200000000000000000000000000000000000001ff03fe01fe02fb04f806f806f706f807fa08fc0afc0cfa0afb08fe07ff03fc00fafffafef8fbf5f9f4faf4fbf1fbecfaebfbf0fcf5
1156,207113795,-94,11,128,1,0,1,a99cca410001ff01fcfffffd04fc03feff01ff00fffdfefbfefdfffefffbfef9fafcf902fd0a010c04090b0909080203fe04fc04fafffeff000000000000000000000000000000000000ff00ff02fe02ff020002010301020000ff01ff02fdfffefdfefdfdfdfffe01ff01ff01ff02ff0001fc03fb01fc00fd01fefeffff0204
1157,207315422,-91,11,128,1,0,1,4ff1140008f405f504f503f8fefafaf8fbf6fcf5faf3fbf2fdf2fef3fef4fff500f4fef5fef8fffafefdfbfffa00f900f8fef9fdf8fcfdfe000000000000000000000000000000000000000002ff05fe06fe06ff08fd0afc0aff09010902080409050705040604060503060106fd04fa03f805f507f40af30cf30bf50bf40df2
1158,207417810,-92,11,128,1,0,1,4ff11441f5fdf800fd02fe01fc01fc04fe0700080109ff0afe09ff080009fe09fc07fe060005000200010002ff020002020204030404010100000000000000000000000000000000000000ffff00fdfefcfdfafcfafbfaf8fbf8fcfafcfafdf8fef8fff801f901fbfffcfdfcfafff801f801f902f804f502f204f306f302f200
1159,207520224,-93,11,128,1,0,1,4ff1144100f9fffa00fa01fa00fc00fdfffafff802f904f902f902f905fb06fc05fc03fd0301050205ff04fd03fd03fd03fe04ff06000100000000000000000000000000000000000000ff00fd01fe01fe01fb02fa03fb01fafdf9fdf9fcfafafcfa00fc02fcfffbfdfdfdfefcfefbfdfafaf8f9f8f9f9f7fbf8fef9fff7fef6
1160,208441834,-93,11,128,1,0,1,4ff11400fc09fd05000302020301040005ff07000a020c030c030a01080008010801070004ff02ff00fefffdfffd01fc01fa00fa00fb00fe000000000000000000000000000000000000ff00fd00fdfffdfffcfef9fdf7faf8f9f8faf8fbf9f9fcf8fdf9fcfafcfbfffffe00fd00fc03fa07fa09fb0cfc0dfb0ef90efa0afc09
1161,208953844,-92,11,128,1,0,1,4ff11400fbfafffbfefdfa00f802f903fa05fc08fc09fb0afb0afa09fa08f906f906fa06fe060105000400030202040105010703060301000000000000000000000000000000000000000000010203ff03fe04fe06fd06fe08ff0a000b000cff0b0007020303020103fd03fc03fa01fafdf9fbf7f9f7f7f7f8f5f9f3f8f3f9f4
1162,209249124,-93,11,128,1,0,1,e3311e410005010300020103fe04fa06f806f805ff0606070008f700f5fbfa03fe0cff0c02070203fe00feff00fdfefdfcfefcfc00fa00fe000000000000000000000000000000000000000002000200000100fffffbfefafdfefd00fefdfffbffff00030002fe01ff0202fe01fafdfbff000001ff01fe00fc00fcfefefcfeff
1163,209671339,-91,11,128,1,0,1,4ff11400f408f805fb04fe06010606060b080b090c0b0c0c0b0c0a0b090b060c040b0307040504030302040104ff04fd06fb06fb06fb01ff000000000000000000000000000000000000fffffffdfefbfcfaf9faf5f9f6faf7fbf6fbf6faf6f8f5f8f6faf8fafcfafdfdfc01fb01fb04fa07fa07f90af70df60ff80ff80ef30e
1164,209773087,-91,11,128,1,0,1,4ff11400fa08fe0600040002020105ff07fe0b000f010c01080309050a060b050a03080105020503040103fe01fa02fa03fb03fb02fd00ff000000000000000000000000000000000000ff00fe00fe00fefffcfef9fef5fcf4fbf4faf6faf7f9f9f9fafaf9fdf801f904fc04ff02fe03fd07fc0afb0bfa0cfa0ef810f60ff60c
1165,209977897,-91,11,128,1,0,1,4ff1140003f901f802f802fafdfafbf8fbf8fcf7fbf5faf4faf4fdf300f300f6fff800f8fff9fdfdfdfffffffefdfcfdfbfefcfcfdf9fffe00000000000000000000000000000000000001ff05fc03fb02fa02fb03fb05fc07fc09fc0afe0a000a000bff0c000aff05fa00f8fef8fef7fef6fef401f306f209f207f104f204f6
1166,210080298,-92,11,128,1,0,1,4ff11400f8f6f7f8f7fcf700f704f807f808f808f709f70af709f507f305f504f804fa03fb02fc01fd01fe02000402070408060706070102000000000000000000000000000000000000000001fe00fa01f803f803f704f606f709f908f908f80bfa08fd03fd02fc01fbfffafffcfefcf9faf5f9f5f9f6f3f7f0f6f2f2f2f1f1
1167,210182679,-92,11,128,1,0,1,4ff1140009f805fc00fe00fcfff8fcf8f9f9f8f8f6f7f5f8f6f6f8f4f8f4f9f6f8f7f8f8fbfafcfcfbfefcfffc01fc03fc04fb06fb06fe0100000000000000000000000000000000000000ff0100020302050105020603070406020500070009020802070008000600030102030106fe08fd09fa0bf70bf80af80bf80ff812f8
1168,210213158,-97,11,128,1,0,1,d9900d4102010001ff0000020104010200020004010103fe05fc05fb03fe0103ff03fe0000fe00feff01ff0401040003fcfff9fef906fe020000000000000000000000000000000000000000ff01ff010002fe02fa00fbfffdff00ff0000fdfefdfdfffd01fe02fefffefdfffd02fc04fe02000001fd00fcfefefc01fb05fe06
1169,210390471,-92,11,128,1,0,1,4ff11400fcf8fcfafdfbfd00fb02fa03fa04f804f605f808f809f808f806f704f603f804fb03fb02fb02fd03000403040404020502060001000000000000000000000000000000000000ffff00fc03fb03fb01fb02f904f803f903f804f905fb05fa05f905fc05fc05fb02fafffafbfaf6faf3faf4faf4faf4f9f4f6f6f5f8f5
1170,210489911,-92,11,128,1,0,1,4ff11441f9fbfbfcfcfefd01fe02fd02f905f707f707fa08fc09fa08f806f905fa07fa06fb03fb02fa02fc02fe030302050205030403010100000000000000000000000000000000000000ff00fd03fd05fe02fcfffc02fb05fa06f807f806f705f606f804fb02fc01fafff8fafaf8fbf9f8f8f7f7f8f5f7f5f3f7f2f6f4f7f4
1171,210592296,-91,11,128,1,0,1,4ff114000bfd09fe05fc02fb00fb01fa03f605f406f405f305f305f306f507f707f904fc02fc03fb03fb02fdfffefdfcfcfbfdfbfefafffe00000000000000000000000000000000000001ff06fd04ff03010503080408030703050603080208010a010a030a040a0208030407040a05090209fd0bfd0eff1001120312030ffe
1172,210694699,-92,11,128,1,0,1,4ff1140002f901f9fff9fcfbfbfaf9f9f7f9f3faf2f9f5f8f7f4f6f3f7f5faf8fcf8fef8fffafffbfdfafcfafcfcfcfef900f8fff9fefeff00000000000000000000000000000000000000fe00fafffbfffb01f901f902fa05f907f90af90bfa09fb07fc05fd03fe01fdfffbfefb01fa05f702f5fcf2faeffdf000f202f102ee
1173,211309201,-92,11,128,1,0,1,4ff114000a050904060204fe03fa04f704f805f609f40af508f407f506f607f807fb05fc03fb03fb00fbfbfcfafcfbfdfafefbfdfcfdffff000000000000000000000000000000000000ff00fe00fb01fa02fb03f905f707f507f305f504fa04fa03f803f703f802ff000202030405050707080a090b080c090b090c080e080a
1174,211512425,-91,11,128,1,0,1,b6688b41fc00fc01fc00fb04fa0cfd080afc0bf9fefefd0301050103fe00fd010507070303f607f004f7f300f303000102f702f107f602fd000000000000000000000000000000000000ff000003ff02000101000000fe00fd00fd01fe0100000100020001fffefffb00fd00ff01fe01fe00fefdfefbfcfefc01fe00ff00ff06
1175,211513914,-87,11,128,1,0,1,4ff11400050d030b0305030103ff03fa05f509f30cf30cf309f409f509f408f507f805f703f602f700fafcfdfcfefdfefafef8fef8fefeff00000000000000000000000000000000000000fffffdfdfdfafff701f502f303f202f100f100f1fff2fef400f600f9fffa00fb03fc05fe07ff08020a050c061009110e0e0d110916
1176,211616307,-89,11,128,1,0,1,4ff11400000b010803060205040309010dfe0efd10fd11fb12fd110010000e000d010a010701040002ff00fd00f901f800f8fff7fef8fffe00000000000000000000000000000000000000fffefffa01f802f703f602f504f406f305f203f401f501f402f602f902fa03fb03fd06ff09010b040c040d031002120211000fff0c
1177,212046356,-92,11,128,1,0,1,fff99f4103f8fffcfffe00000102020301010102ff04fd03fc03fe03000100ff01fd02fe00fffd02fd0201fd02f805fa030002040502020000000000000000000000000000000000000000ff01fe01fe01ff0101ff02fc01fafffcfdfdfefeff00fe00fe01fe02fd01fd00fe01fe02fe02ff01fefffffc06f309f104fa0002fe
1178,212537931,-93,11,128,1,0,1,4ff1140003f200f7fffbfefdfcfdfbfdf8fdf4fef1fff0fff0fef2fef3fdf5fbf8fcfafffa00fb00fc00fe01ff02ff03ff040006ff06ff01000000000000000000000000000000000000ff00ff03030305020503050408040a050b050a0409050707070607030501030005fb06fa03fb01f902f502f103ef05f104f201f002f0
1179,213049963,-91,11,128,1,0,1,4ff114000607040502080406050004fd07fa09fa0cfa0df90cfb0dfd0dfc0cfc0afd08fe08ff0600030002fe02fd01fb00f900f900fafffe000000000000000000000000000000000000ff0100050205020701090009fc08fa07f905f804f806f906fa04fc02fc03fc04fd0400050305060409070a0c090e080c060b050b070c
1180,213766779,-90,11,128,1,0,1,4ff114000a0308fd06fb03fc01fafcf7faf6faf5fbf2fbf0fdf0fff1fff2fef3fff200f300f6fff8fcfbfcfdfe00fd02fb02fa00fc01ff0000000000000000000000000000000000000000000000fe00fe00ff02fd05fc08fd0afb0af708f608f507f507f906fd07ff0600030200040008000c000f0210031203150314031004
1181,213971667,-90,11,128,1,0,1,4ff114000b070b030a0108ff05fb05fb06fb06fa08f60bf30ef50ef70af808fa0afc0afc05fb02fc01fd01fc01fafef7fbf6fcf6fdf7fffd000000000000000000000000000000000000010104020400040105040605060607070709050b020bfe0afc08ff07030605050403040005fc08fd0cfe0ffe10ff0f020f0312021602
1182,214074006,-94,11,128,1,0,1,4ff11400f7f9f8fbfb00fb04fc05fe06ff08ff08fe08fc09f809f809fa07f905f805fa06fb07fd06ff03ff01000001010001010202030000000000000000000000000000000000000000fffefefafdfdfefdfdfbfaf9fbf7fef7fdf6fef500f400f500f5fff6fff8fffafdfbfafaf9fafafcf9fdf7fff300f3fef4fcf6faf6f8
1183,214176652,-93,11,128,1,0,1,4ff1140008fc06fb06fc02fcfdfafcf8fcf7fbf6faf4faf2f9f2f9f4f9f5fcf6fff8fef8fdf9fffdfffffdfefdfffc01fa01f900fa01fe00000000000000000000000000000000000000000102040105ff0700060106ff07ff0901090207010a000aff08fe07fe080106030305fe06fc06fd07fd09fb0afa0bfb0afb0bfd0b00
1184,214483581,-94,11,128,1,0,1,4ff11441fef8fefafdfdfcfffcfff900f802f803f703f702f602f702f800f8fef9fdfbfdfcfdfbfef9fffa02fe03ff03fd03fb02fa02fe0000000000000000000000000000000000000001ff02fefefdfefcfffafff8fef7fff901f802f701fa01fa02f801f900fb00fcfffcfefefdfefafcf7fbf7f9faf7faf8f7f7f5f5f4f5
1185,214688612,-96,11,128,1,0,1,4ff1144105070506040303fe03fb04fa04f903f703f704f705f604f602f501f500f701f901fa00fbfefdfdfffb01fb02fb02f901f7fefdff00000000000000000000000000000000000000ff01fdfffdfdfefcfefcfcfcf8fcf6fdf7fdf9fbfafbfbfcfbfcfbfcfcfcfdfdfffd0300040205ff07fd08fd09ff090309030cff10
1186,214925742,-91,11,128,1,0,1,b33eeb4100020003010102000501050003fa02f601fdfd08f50eef09f505010408fa05f5fbf8f8f9fbfdfe0101fffffefa00fafcfdf5fffc000000000000000000000000000000000000fffffcfff9fffb01fe00fffdfffeff01fe01ff010002000201ff0000fc01fcfffdfffe02fffffffe0001020003fd02fd010001010400
1187,215098019,-91,11,128,1,0,1,4ff1140005fa03f801f701fafffdfb00f901f6fef3fff103f103f000f1fef4fdf5fef4fff8fffc00fd02000201020104ff05ff05010500010000000000000000000000000000000000000001000501040404060307020704070509050807070706080609050603040303050104fc00f7fff301f205f205ef04ed04ed07ee0af0
1188,215168365,-94,11,128,1,0,1,644dd64100000000fd02fd03fd01fffd07fe08fefefef705f309f202f901020204f802f9fc01f800fafdfffd01fd010004030406fd08fe02000000000000000000000000000000000000fffffdfefdfefe010002020002fe02fdfffdfd00fe02ff02ff01fefffefdfefdfdfefcfefffe0000ff00fefeffff00fffefefcfffa01
1189,215200411,-90,11,128,1,0,1,4ff11400fdfbfcfafef8fffafefdfcfdf9fdf9fef7fff4fef4fcf5fcf4fdf2fef2fef5fdf9fefc00fdfffc00fd02fd03fc05fb06fc04ff00000000000000000000000000000000000000000002ff03fe05fe05fd05fc07fd0afd0cfc0bfe0b010a0107ff06fe05fe05fd03fd01fd02fbfff7fcf4fef6fef5fbf0fdec02ea00e8
1190,215610016,-91,11,128,1,0,1,4ff11400f7fbf8fbf9fdfb01fd02fb03f806f60af50bf80bfa0afa09f809f608f706fa06fc06fd06fd03000202040404040305030605010100000000000000000000000000000000000000ff02fe04fe05fe04fd04fc06fa08fa0bfd0bfc0afc09ff06fe05fd05fe04fe01fcfffbfefafcf9f9f9f5f7f7f2f9edf7ecf8effcf1
1191,215703735,-92,11,128,1,0,1,eddcce41fffeff0000020205030300010000060208090204fefe01010a0011fd0dfefffcfcfd00fffffe00fe01fe01ff00fffd00fd05ff0200000000000000000000000000000000000000fe02fd03fefffefbfffe0202050206000001fb01fdfffdfcfefa00ff01030003fefefdfdfbfffdff02fe04000102fe0200040002fc
1192,215814817,-92,11,128,1,0,1,4ff1140005fc02fa00f9fffafcfbfaf9f9f6f8f5f8f6faf6fef600f400f301f501f600f801f902fb00fbfefafdfcfbfefafdfbfbfbfafefe000000000000000000000000000000000000ff0000ff02fc02fb01fa01fa04f806f606f708f80af808f906f804f803fa02fa01f800f500f400f2fef201f203f004ef06ef08ef05ef
1193,215917233,-91,11,128,1,0,1,4ff1140006080906080402ff02fb05f704f403f203f203f304f507f509f508f606f706f705f902fb01fdfefcfbfcfafcf8fdf7fcf7fafdfe000000000000000000000000000000000000ff01fd04fd04fe05fe05fd07fa09f709f506f504f405f206f507f808fb09fd0900060403050306040a070c0b0b0c0d09110710080c07
1194,216019646,-91,11,128,1,0,1,4ff1140007f907f905f901fbfefdfefcfcfaf6f9f3f9f3f9f3f8f2f6f1f7f4f8f8f8fbf8fcf9fcfbfdfdfd00fd01fd01fd03fb05f806fd0100000000000000000000000000000000000000010104020301010301050405050506030a030d050a06070607060805060502060007fe05fb06f807f906f607f507f809f80bf70bf8
1195,216531650,-92,11,128,1,0,1,4ff1140008f605f801fbfdfdfbfdfafcf9fbf7fbf5fdf3fdf2f8f2f6f2f8f5fbf7fff6fff7fdfafcfdff000200030005fe05fe0400050001000000000000000000000000000000000000ff00fe01010103010502040505050507030904080609060b05080204fe03fd01fffd01fb02fb04fb08f80af30bf00cf20cf20af109f2
1196,216634046,-91,11,128,1,0,1,4ff11400fb0afe08ff090007050308000afe0eff11ff11fe0dfe0afe0dfd0efe0afd09fc08fd05fd02fd00fdfffcfffbfdfafcfbfcfafffe000000000000000000000000000000000000fffffcfdfcfcfbfdfbfcf9faf8f8faf7fbf9fafbf8f9f7f7f8f5faf6fcf9fbfef902fa03fb06fb0bfc0df90ef810f910f911f811f711
1197,216737237,-92,11,128,1,0,1,4ff11400fef7fef9fcfcfcfcfafcf700f505f607f608f509f407f505f805f804f804f804f902fd01ff0200020101040004010304020600010000000000000000000000000000000000000000020203020501070208020802070207010a010c020b03090307010600060004ff01fd00fcfff8fef3fdeffeeefeeefeefffed01ec
1198,216838861,-91,11,128,1,0,1,4ff114410901070003fe01fb00f902f803f8fff7fcf4fdf1fef3fff5fff6fef6fff9fffcfffcfffcfffcfefcfe00fc01fa02f903f702fd00000000000000000000000000000000000000ff01fd06fe04fc04f907f909fa0af908f706f906fa06fa06fc060007ff06fd04fe04010302010501080009010b040d040a0408070909
1199,216941268,-92,11,128,1,0,1,4ff11400fafaf9fcf7fdf901fe05000501040107ff0bfd0bfd0afd09fc08fd08fe09ff080005ff0300020202040204010300040106020100000000000000000000000000000000000000ff00ff0003ff05fe05fd06fd07fe07ff04ff03ff06fd07fb06fb04fb04fa04fa01fafdfafcf9fef7fdf7f7f4f6f1f8f3f7f7f8f5fbf3
1200,217248488,-93,11,128,1,0,1,4ff11400fa04fc05ff050104030404040503070308050907090808080707070407030603040003fe03fe01ff000000fefffd00fd02fc00ff00000000000000000000000000000000000001ff04fe00fd00fc01fb01fa01f702f504f302f503f705f804f701f700f901fbfffffb05fa05f902f602f602f603f507f607f504f501
1201,217319435,-29,11,128,1,0,1,1ee0010016f819f71bf61df71df81df91cfa1afb18fb16fb13fb10f90ef70cf50bf20bf00dee0fed10ec12ed13ef13f213f412f611f804fe00000000000000000000000000000000000003030d0f0d100b110a110910090f090e0a0c0b0b0d091008130815081708180a190b1a0c190d180d170e160d140b12081105120212ff
1202,217373141,-29,11,128,1,0,1,1ee00100eaf1e8f0e7efe7ede7ebe8ebeaebececededeef0f0f3f0f6f0f9effcedfeebffe9ffe7fee6fde6fbe6f9e8f7eaf7edf6eef6fbfd00000000000000000000000000000000000000fa04ea05ea06eb07ec07ed06ee05ef03f001f0feeffcedfaebf9e8f8e7f8e5f9e3fae2fbe2fce3fde4fde6fde8fbecf9eef6f0f4f1
1203,217555669,-93,11,128,1,0,1,4ff1140004ff06fb06f803fa02fb00fafef9fdf600f302f401f501f401f301f401f501f602f701fafefdfcfefdfefbfef9fdfafcfcfbfffe000000000000000000000000000000000000fffffdfd00010403060108ff0aff08010504050606080407010501050404050203000300030004ff07ff09fd0cf80efa0efe0ffc0df9
1204,218374909,-93,11,128,1,0,1,4ff11400070908050801070007ff08fc07fa07f909f809fa0afc0bfb0afc09fe09fe07fe06ff05fe04fe01fdfffcfefcfffc01fa01f900fe000000000000000000000000000000000000ff00ff02ff0300040006ff09ff0cff0bfe07fe06fc08f909f807f906fb08fd07fe0200ff050208060a060c060e080e080a0609070a09
1205,218477322,-93,11,128,1,0,1,4ff11400f9f8fbfcfb00fbfffa00f904fc05fe05fb07f80bf60cf80cf70bf509f609f907fd06ff07ff0401ff03fc04fd05fe050104030001000000000000000000000000000000000000ffff01ff02ff02ff04fe07fe09fb0af90afc0bfd0afb0af80afa0bfd09fc05fc00fbfdf7fcf9fcfcfbfaf7f7f4f4f5f0f6eff4f2f5f4
1206,218579708,-91,11,128,1,0,1,4ff11400fd07fd08fe08ff0601040502070108030a040c020c010b0109020804070407050804070104fe02ff01ff01fd01fc03fd03fe00ff000000000000000000000000000000000000fefffbfffb00fa01fa02f801f600f5fef5fff401f400f500f6fff6fef600f800fb00fe0100030005ff09ff0cff0dfd0df90cf70bf80c
1207,218682302,-92,11,128,1,0,1,4ff11441ff08ff07ff04010404030703070306030602060207030a040804050504030303020402030202020102fe03fc04fd04ff02ff00ff000000000000000000000000000000000000fffffefefdfeff02ff06fd07fb07fc06fd05fb07f906f903f903f701f600f801fb03fe03fe03fe05000700080009000bfd0bfc0dfd10
1208,218887479,-92,11,128,1,0,1,4ff114410700080008fe02fcfefbfcfafbf8fbf8faf9f8f8f8f6f9f5faf6fbf7fcf8fdf9fdfafdfcfdfffc00fd01ff010102ff03fb04fe01000000000000000000000000000000000000ff00fc01fd03fe05ff06ff06fe05ff060008ff08fe07ff08ff08fe05fe01ff000102010200ff03fe08fd0bfa0afb08fe0aff0cff0aff
1209,219194112,-93,11,128,1,0,1,4ff1140008fc05fd01fcfcfbfafbfbfdfcfcfcf7fbf4fdf3fef0fdf1fef401f503f701f9fffafffafefbfcfefdfffdfdfbfcfafefcfeffff000000000000000000000000000000000000000002020401050005ff08000b030b0309020902090408040602030300040202040003fe03fc04fb04f804f808f80cf70ff80dfa0bf8
1210,219296518,-91,11,128,1,0,1,4ff11400fff502f6fefbf9fef700f603f506f506f303f202f302f302f302f401f701fa01fa01f901fa00fc02fe05ff05000401040105000100000000000000000000000000000000000000ff01fc03fd03fe04fd05fc08fc08fd06fe08fe0afc0afc08fe06fe04fb01fafffdfc00fdfefefbfcf7fcf1fcf1fcf2fbf0fbf2fbf5
1211,219603754,-92,11,128,1,0,1,4ff11400fcfcfdfcfcfbf9fcfafffa02f904f806f506f404f403f504f707f806f804f804f903fb01fc00ff000100010201030004ff04ff0000000000000000000000000000000000000001ff06fd05fc05fd06fd06fe07ff080009010803070309020902070106fe05fe03fffffdfef9fff6fff6fdf6fef401f101f000f0fff0
1212,220730162,-93,11,128,1,0,1,4ff11400f906fb04fb03fc03ff0502050704090509060a0508050607050804040501040301040103020002fc01fb00fa00f800f8fffafffe000000000000000000000000000000000000fffefffb01fd02fd01fc01f903f603f605f707f805f805f706f804fb00fcfffcfefcfdfcfcfcfafdf8fff700f301ef03ed02ef01f101
1213,220832576,-94,11,128,1,0,1,4ff11400f900fc02ff04ff03fd0300050007ff08fe09fd0bfc0dfc0dfd0cff08fd06fb07fa04fc02fe010101030303050206010502060001000000000000000000000000000000000000fffefffbfefbfdfcfcfffbfdfbf9fdf8fff7fff5fef6fef700f7fff9fcfafcfdfcfffcfefcfefafff6fff6fff5fff1ffedfeeefdf1fd
1214,220916761,-92,11,128,1,0,1,344443410002fc00fefe0300040203fa00f9fe05fb0bfb05fe00ff00fe00fefc00fd03040303ff00fb09fe0807fb0cf706fcff0100030101000000000000000000000000000000000000ff00ff020000fffffe00feffff000000fffeffff0001010101000000000202040003fe00fdfefe02fe05fc00fcfc00fb02fd03ff0501
1215,220934971,-92,11,128,1,0,1,4ff1140009f806f504f903fe02fefffdfefa00f901f802f503f503f602f702f604f804fa03fa02fc02fc02fa02f9fff9fdf9fef9fef7fffd00000000000000000000000000000000000000fe01fb00fc01fc04fa05f806f90afb0cfb0bf90af908fe070108ff07fd06fb06fa04fa02fb03f905f706f509f40bf20bf10cf40df6
1216,220958301,-92,11,128,1,0,1,133aa141fdfd00fd04fe05f804f001f3f8fcf6ffff0105ff03fe00fffdffff000602070305fa09f306f6fbf5f8f6fc010304050402070002000000000000000000000000000000000000ff00fe00ff0100fffe00fe01ff0101000000fe00fdfffefefefefeff01fe01ffff010000010000030003ff02ff000200030302030102
1217,221446992,-91,11,128,1,0,1,4ff1140009050901090008fe05fa06f60af60bf80af80af70af50bf40bf50cf90cfc08fd05fd04fd04fe05fd01fbfdf9fcf7fcf6fcf6fffd000000000000000000000000000000000000fe00fc03fd04fd06fe07fe07fc09fc0bfc09f907f709f70af808fa09fe09000701070206040406040a050c080c0b0d0d0c0d0c0f0b11
1218,221651806,-92,11,128,1,0,1,4ff11400f707fa0bfb09fb05fe040206030801080109010d010e000c010b020901070006000501020101010003fe05fe0701060105fe01ff000000000000000000000000000000000000ff00fe00fdfdfcfbfcfbfaf9faf9fcf9fdf6fdf4fef401f500f8fefa00fafffbfcfdf9fff702f704f403f101f000ef00f0ffefffecff
1219,221754176,-91,11,128,1,0,1,4ff114000cfe09fb05f604f503f8fff8fdf7fbf5faf3fbf4fcf6fbf5fbf5fff400f5fdf9fdfbfffc01fd00fefbfefa01fa02f900fafffeff00000000000000000000000000000000000001ff06ff05ff05fd06fe060007010700080109030a0409030502030004ff030002fd02fb04f906f707f808fa0af90bf50df511f812f9
1220,221766392,-92,11,128,1,0,1,dff77d41ff00fffffffffefffefefafff8fefef701f7fc00fb06ff0101fa01f9fffd00ff020004000201fffffd00fd04fe08000a0208000100000000000000000000000000000000000001ff07ff06ff0100ff01fefefefbfffcfffdfffe00fb02fa00fdfcfefcfdfefdfffefefffdff00fe00feff00010103020402070006fe
1221,221856586,-93,11,128,1,0,1,4ff1140005fa06fb06fb01fcfefcfef9fef8fdf7fbf3faf2fef401f502f401f400f6fef8fcf7fdf9fcfbfbfbfbfefbfff9fff9fff800fe00000000000000000000000000000000000000000001020102030305030504050506060708060b030c010c010a0406040300010002030204ff05fd09fc0cfa0cfc0efe0efe0efe10fc
1222,221912268,-29,11,128,1,0,1,1ee00100ff17ff19fe1bfe1dfc1dfb1dfb1bfa19fb17fc15fd120010030e060d090d0c0f0d100e120e140c150a1608160615041302120004000000000000000000000000000000000000fa00eb02eb01eb00ecffedfeeffff000f102f204f207f109f00cef0eed10ec10ea11e910e90fe90eea0deb0dee0cf10bf40cf70ef90f
1223,221913518,-29,11,128,1,0,1,1ee0010016fb19fa1bfb1cfb1dfc1cfe1bff1aff18ff15fe12fd0ffb0df90cf70bf40cf10def0fee11ee13ef13f114f313f512f711f904fe0000000000000000000000000000000000000204081206130513041203110310040f050d070c0a0b0d0a100b120c140d150e1510151114121311121111100f0e0e0b0e0710041102
1224,221914404,-29,11,128,1,0,1,1ee0010019011c011e02200320041f061e061c061a0617051403120010fd0ff910f611f313f216f118f219f319f619f818fb16fc14fe05ff00000000000000000000000000000000000001050416021601160015ff13001201110310050f080e0b0f0e111012111312151217121811180f180e180e160d130d100d0c0f091107
1225,221914933,-29,11,128,1,0,1,1ee00100ecf2eaf1e9efe9eee9ecebecececededefeef0f0f1f3f2f7f1faf1fdefffec01ea01e800e7ffe6fde7fbe8f9eaf8edf8eff7fbfd00000000000000000000000000000000000001fb08ed09ee0aee0af00af109f208f205f203f201f0ffeefdecfce9fce8fce6fde5fde4ffe400e500e600e8ffeafeedfbeff8f1f6f2
1226,221915508,-29,11,128,1,0,1,1ee00100eb10e912e813e613e512e511e50fe60ee80deb0cee0bf20cf50df80ffa11fb15fb17f919f81af61af418f317f214f111f10ffc03000000000000000000000000000000000000fbfceef1eff0f0eff2eff3f0f3f2f3f3f3f5f1f8effaedfbeafce7fde5fde3fce2fbe1f9e2f8e3f8e4f8e6f8e9faebfded00ee03ef05
1227,221917391,-29,11,128,1,0,1,1ee00100e707e408e308e108e007e106e204e303e503e803eb04ee06f108f30bf40ef411f213f015ef15ed14ec12eb10eb0dec0bed09fb02000000000000000000000000000000000000fdfbf4edf5ecf7ecf8ecf9edf9eff8f0f7f2f5f4f3f5f0f6ecf5eaf5e8f4e7f2e6f0e6efe7eee8eee9efeaf0ecf2eef6eef9eefdedff
1228,221932939,-29,11,128,1,0,1,1ee00100f111ef13ee14ec14eb14ea13eb11eb10ed0eef0df20cf60cf90cfc0eff1000120015ff17fe18fc18fa17f916f714f711f60ffd03000000000000000000000000000000000000fbfdeff5f0f4f0f3f1f2f3f3f4f4f4f5f3f8f3faf1fceffdedffea00e800e600e5ffe4fee4fde5fce6fce8fcebfdedfff001f104f206
1229,221958983,-92,11,128,1,0,1,4ff11400f806fa05fb05ff04030406030801080208050a080908070806080408040804090308030403010202030103ff03ff05ff07fe02ff000000000000000000000000000000000000fefffafffb00fbfffbfdfafdf8fef7fcf6f9f5f7f6faf8fbfbf9fcf9fcfcfb00f903f804f805f907f90bf80df70df40cf30bf50cf60d
1230,221988993,-29,11,128,1,0,1,1ee0010006150718071a061c051d041c021b0219011702150311040e070c090a0c090f09110b120d130e121010110e110c110a10080f0103000000000000000000000000000000000000fb01ee07ed06ed04ed03ee03ef02f003f104f306f408f50bf50ef410f312f214f015ef15ee15ee13ee12ef11f10ff40ef70efa0ffd0f
1231,221989616,-29,11,128,1,0,1,1ee0010017091a0a1c0b1d0d1d0e1c0f1a10180f160e140b110810050f010ffd11fa13f815f618f61af71af91afb1afd18ff160014010400000000000000000000000000000000000000fe05f814f714f613f512f511f510f60ff90ffc0eff0f0211041306150718081a071c071d061e041d031d031b031704130610090e0c0c
1232,222043458,-29,11,128,1,0,1,1ee00100f716f619f51bf41cf21cf11bf119f117f215f412f710fa0ffe0e020e050f07110914091608180619051902180016ff14fe12ff04000000000000000000000000000000000000fbfeebf8ebf7ecf6edf5eef5eff6f0f7f0f9f1fcf0feef01ed04ea06e807e608e407e207e206e304e404e503e803ec04ef06f208f40a
1233,222046424,-29,11,128,1,0,1,1ee0010017011a001d011e021f041e051c061b061805150412020f000dfc0df90df50ef210f112f014f015f116f316f615f813fa12fb04ff00000000000000000000000000000000000000050015ff15fd15fc15fc14fc12fc11fe10000f030e070f0a100d110f131015101710180f190e190c190b180a140a110b0d0c090e07
1234,222061393,-95,11,128,1,0,1,4ff11441f600f9fffcfefe0000010305020701070008fe09fd0afe08fe06fe05fd06fe08fe05feff00ff020102030003ff03ff03ff020000000000000000000000000000000000000000fefffbfffc01fe04fe04fd05fc05fb01fa00f801f801fafffbfcf9fbf8fefa02fb03fc04fd07fa07f806f905f804f704f506f508f909
1235,222163789,-94,11,128,1,0,1,4ff1144100f6fcf6f9f7fafaf8fcf8fef902f803f503f502f603f402f302f602f902fb00fbfffd00000103010302020302040205fe04ff00000000000000000000000000000000000000ffffffff010103030403040303040204030303050206030304010402030202020401050006fe07fa06f604f502f703f608f30af409f6
1236,222266219,-92,11,128,1,0,1,4ff114000602040102fe01fc02fa02f903f804f704f406f108f108f209f308f706f903f902fb01fe01fdfffdfdfffdfefdfdfcfdfbfdfeff00000000000000000000000000000000000000010105000302020403060404060109020a010a000a000aff090007010602060405060307000afd0cfc0efe0f000f0110010e010a01
1237,222368596,-93,11,128,1,0,1,4ff11400f8fefa0000ff03ff0201ff04fd0600080209000cfe0cff0b000afd06fd03fe02ff010301040002000401060005fd04fe0302000100000000000000000000000000000000000000ff02fd03fb03fb04fb04f805f705fa05fc04fb05f907f908fa07fb07fc06fc04fc00fbfbfbfafdfafef7fcf3f9f3f8f4f8f4f9f5f9
1238,222573405,-94,11,128,1,0,1,4ff1140004f702fa00f9fffafd00fb03fa00f9fef8fef6fef4fcf5fcf7fdf7fcf8fcfbfdfcfdfdfdfefdfffffd03fb06fc06fd04fd04ff010000000000000000000000000000000000000000030203020401040205040705070505070309030704040605060402030003000102fe05fc05fb03f904f607f607f605f505f506f3
1239,223085428,-89,11,128,1,0,1,4ff1140005f303f6fff9fdf9f9fbf5fcf4fdf5fef3fff0fff0fdf0faf1f9f4fbf7fef9fff800f900fa04fc07ff0702070108ff09fd09ff0200000000000000000000000000000000000000ff03ff05010601070108040a0509040b060c080a070805070706080705040102fc03f705f303f200f402f405f103ee03ee05ef08ee
1240,223338537,-92,11,128,1,0,1,555aa5410000000000fffe01fc01fafffa02000aff0efc0afc03fe0008030c08040601fb01f802fe04010303010501060104ff01fb05fe0200000000000000000000000000000000000000ff00fd00fe01ff03ff02ff020002010001fe00feffff0001fffefdfbfffe0003fe0600050401070009020603fffdfcfbfe02000700
1241,223699839,-95,11,128,1,0,1,4ff11441f7fcf701f903fb02fe00ff02fe05fc05fe06ff08fe0bfd0afd08ff07ff08fe09fd08fe050004010403030403020302020100000000000000000000000000000000000000000000ff01fd00fcfffcfffc00fb03f903f904fa06fa06f807f807fa05fd03fd02fd01fefdfefafdf8fbf7fbf7fbf6f9f5f9f7faf8faf8f9
1242,223724176,-93,11,128,1,0,1,bddccb41fffd00fe0000ff02010005fa04f7fdfef707f407f002eeffeffcf7ff01040102f9fcf8fbfbfcfefd020203060209030b030a00020000000000000000000000000000000000000000ff01fe02000101fd00fcfefffd01fdfffffeff00ff01fffefeffff01000000000001ff01fe0400050103010100fffe0000010304
1243,223821842,-92,11,128,1,0,1,8997784101fefffefefeff00000001fff8fff402fe0006f60cf311fd0bfffefdfa08ff0a060307020302ffff01ff03fffffbfef803fa01fe000000000000000000000000000000000000000001ff01feffff00fffffffd00fe01ff01ff02020004fe03fffffffcfdfcfffc03fe02ff0000ff00ffff00fffdfffbfd00fc0100fd
1244,224314264,-93,11,128,1,0,1,4ff11400fe0aff09020605020601080009000a020a040a020901080108030806070406010601070106ff03fd02fd02fd02fb02fa02fc00ff000000000000000000000000000000000000ff00fe03fc02fa00fb01fb01f901f702f6fff4fcf4fdf6fef7fdf8fefb00fc02fc03fd0200030005fe06fb05fc06fe0bfd0dfc0dfb0e
1245,224410243,-30,11,128,1,0,1,1ee00100fce8fbe5fbe3fce1fde0fee0ffe100e300e5ffe8feebfceff9f1f6f3f3f4f0f4edf3ecf1ebefecededecefebf2ecf5edf7eefdfb00000000000000000000000000000000000005ff15fc16fd16ff15001401120111000ffe0dfc0cf90cf50ef20fef10ed12eb14eb16eb17ec17ed16ef15f012f10ef20af207f105f0
1246,224709357,-31,11,256,1,0,1,6aa00600fee7fee3fee1ffdf00de02de03e003e203e402e700eafeeefaf1f7f3f4f4f0f3eef2edf0eceeececeeebf0ebf2ebf5ecf7edfdfb000000000000000000000000000000000000050016021603160515061307120610050f030e000dfd0ef910f512f214f016ef18ee1aef1bf01bf11af319f316f411f50df40af307f100fa01eb01eb01e902e704e505e407e409e50be50ce70dea0cec0cf00bf309f508f706f905fa03fb02fb01fb00fafffafffafffa00fb0707060601010000ffff00ff0000ff00fd00f1fff1fe02ff02ff01fe00fd00fcfff9fff700f501f302f104ef07ed09ec0bec0dec0fed10ee10ef11f010f20ff30df40bf408f406f305f3
1247,224712287,-31,11,256,1,0,1,6aa006001110141216141616161715181318111710150e120d0f0d0b0d070e04100113ff15fe18ff19001a011a0319051706140712080402000000000000000000000000000000000000fc04f00fee0fed0ded0ced0aef09f009f309f60af80cfb0ffc13fd16fd19fd1bfb1dfa1ef91ef81df71cf71af917fb14fe120210050f0609181f191f1a221b261c2a1b2e1830143211330c320830042c0127ff21fd1bfc15fd11fe0dff0a0207030605060706060605060506eafbebfbfcfffeff00ffff00ff0000fe03fc13eb16ebfd04fe0500050205050708090b0c0e0f0f131017111d10220e270c2b092e052f022f002efe2dfd2afd27fe24001f041c071a0a19
1248,225440701,-92,11,128,1,0,1,4ff11400fc0afd07000602050203050408060708050b020a01090509040a030c040a02060005000500040104030305030403040303020000000000000000000000000000000000000000ff00fe01ff02fd04fb05fa04f703f703f806f708f606f704f802f602f602f903fb03fd04fd07fd07fe06fd09fd0cfc0bf90cf90ffb0e
1249,225595069,-73,11,128,1,0,1,20000241c49ec28cc891c19dbc9cc497cd9fcdabc7aac6a5d2aed4c6c5e5b6f7a4f99defa1e5aee5c3e8c2efbcfac1fbc9f1d4e0dedaf8f70000000000000000000000000000000000000dfc33f32cf22bee29f11ff61ef121f01cf714ee11d818bd24aa26ac20b31cb31aae21ab26ab1fa61ead23bc1cc117c511ba06a504a2
1250,225990916,-36,11,128,1,0,1,1ee0010011ef13ee14ef15ef16f015f214f312f410f40df40bf408f206f105ef04ed05eb06ea08ea09ea0aeb0bed0bef0bf10af309f402fd0000000000000000000000000000000000000401110710080f090e090d080c070c060c030d010fff11fe14fd16fd18fe19ff1a001901180217031503140212000ffe0efb0ef80ff6
1251,225991528,-36,11,128,1,0,1,1ee0010004e505e306e307e308e309e508e708e906eb04ec01eefeeefbeef9eef7edf6ebf6e9f7e7f9e7fae7fce8fee9ffeb00ee00ef00fc00000000000000000000000000000000000005fe14fb14fd14fe13ff11ff10fe0efd0efb0df80df60ef310f113ef14ee16ee17ef18f017f116f315f413f410f40cf409f207f006ee
1252,225992033,-36,11,128,1,0,1,1ee00100f113ef14ee14ed13ed12ed10ee0ff00ef20df40df70df90efb0ffd10fe12fe14fd15fc16fa16f915f813f712f710f80ef80cfe03000000000000000000000000000000000000fbfeedfaeef9eff8f0f8f1f8f2f9f2fbf2fdf2fff001ee03ec04e904e804e704e603e602e601e800e900eb00ee02f003f206f209f20b
1253,226078287,-35,11,128,1,0,1,1ee00100f0ecf0eaf0e9f0e8f1e7f3e8f4e9f5eaf5edf5eff5f2f4f4f2f7f0f8eef9ecf9ebf8eaf6eaf4ebf3edf2eff1f1f2f3f3f5f3fdfd00000000000000000000000000000000000002fb09ef09ef0af00af109f208f307f205f203f102f000ee00eb00e800e701e602e503e504e604e704e804ea02ec00eefdeffaf0f8f0
1254,226079664,-35,11,128,1,0,1,1ee00100e8fbe5fae4f9e4f8e5f7e6f6e8f6e9f6ebf7edf9eefcf0fef001ef04ee06ec07ea07e906e805e803e801eaffecfeeefdf0fdfcff000000000000000000000000000000000000fffbfcedfdedfeedfeeeffeffef0fdf1fbf1f9f2f7f1f5f0f3eff1edf1edf0ebf0eaf1e9f2e9f3eaf4ebf4ecf4eff4f2f3f5f1f6f0f7
1255,226080075,-35,11,128,1,0,1,1ee0010018ff1aff1b001c011c021b03190317031502130111ff0ffd0efa0ef70ff510f312f314f315f415f615f814fa13fc11fd10fe03ff000000000000000000000000000000000000010407110611051104110410040f050e070d080c0a0b0d0c0f0d110e120f1310131213121212111210110f100e0d0d0a0e070f051103
1256,226771920,-91,11,128,1,0,1,4ff11400fe0a020704050303020005fd07fc0afb0cfa0bfa0bfb09fb09fa0afb0afa08fb07fc06fe02000000fefcfdfafcfafdfafdf9fffe000000000000000000000000000000000000fefffafefafef9fef9fef9fef8fff500f5fff6fef6fef6fef6fdf7fef901fc02fd02fd04fe0600070009010d020f020f0110ff10fc0e
1257,226874622,-89,11,128,1,0,1,4ff11400f403f703fb03fd05ff08020803080509080b050c010b000a020903070507040902080106010201fe03fe06ff06ff05fe06fc01fe00000000000000000000000000000000000001fe02fcfefdfcfcfdf9fdf7fbf6faf5fcf5fff700f8fff800f700f8fef9fcfafcfcfbfcf9fef803f504f300f2ffef01ef03ef03ee01
1258,226969931,-93,11,128,1,0,1,7bb99741ffff01ff03fdff00fa09f907f9fafef803fffe02fa03fb02fe020104fd02fbff03f905f103f708050508fe0103fa05f600f5fffd00000000000000000000000000000000000000ff01fdfcfffcff00fe01fc01fd00fefefffe00fe00fdfefdfffeffff00010002fe00fcfefd0300040100fe00fe01ff00fefffcfffa
1259,227079151,-92,11,128,1,0,1,4ff11400fbf7fbfbf8fef601f805fb06fa08f90bf70af508f509f409f206f305f704fa04fa04fc03fe02ff02010303050407050703050001000000000000000000000000000000000000fffe00fa01fb02fa03f904f904f903f802f704f506f508f506f603f802f900f8fefafefcfcfcf9fbf6fbf3f9f3f6f3f5f1f4f2f4f6f5
1260,227795954,-95,11,128,1,0,1,4ff11441fa07fb06fb03fe010101030105020702070206030603050405030602070205ff03fe030004ff03fc00fcfefc00fc01fc01fb00ff00000000000000000000000000000000000000ff01fe00fefefefcfcfafafaf8fdf5fcf6fbf8fdf700f601f501f7fffbfdfdfc00fb01f902fa02f901f803f707f609f609f709f806
1261,227898360,-90,11,128,1,0,1,4ff11400f909fe070205030402040604080209030b060b060b060a0709060a070a070a04080103020001010002ff03fc02f901f904fc01ff000000000000000000000000000000000000fefffbfefcfcfbfef900f500f4fdf5fbf6fcf6fef6fdf7f9f7f9f9fbfbfdfcfefb00fc03fc07fd09fb0bf80df70ff90ff812f512f50e
1262,228022646,-92,11,128,1,0,1,0664404100fffe01fe03fd06fd05fe00fafdf7fff8fffbf7fdf2fcf2fef902ff05f802fafd05fd08ff05ff02fe02fe03fb01f8fef8fcfeff000000000000000000000000000000000000020006020002fd01fefffd00fd02fe02fefefffc00fdfffe00fd00fc00fc00fefd02fd03ff000000ff02fc00fbfdfefe02fe05fc06f8
1263,228062516,-92,11,128,1,0,1,59988541fefa00fefe00fe00ff02fe01fdfffffe02fc02fe010001ff02ff0200010000ff00fe00fe00ff0000ff00ff00ff00fdfefbfdfeff000000000000000000000000000000000000fefffcfefffefefbfdf801fa00fffafef8fbfffd05fd03f800f7fffafd00fe04ff0400030002020102ff01fef9f6f3ecf8f3fbfbf9fe
1264,228064186,-92,11,128,1,0,1,a11ffa41020302fe03fc02ff0000ff0001000200010001fd01fcfffeffff0000ff0000000000ff00ff01ff02ff01fffefefdfefe00ff000000000000000000000000000000000000000000000003ff01fcfffe00000200020502090106ff0100ff02010001fe00ff01fefffbfdf902fa03fcfcfcf8f801f70d030c0b0103faf9
1265,228073012,-93,11,128,1,0,1,94499941030202ff01fe04010d030b04040803080001fefdffff000002000102fd07fc08fa05f909f90af307f302fdfa04fa03f9fef6fffd00000000000000000000000000000000000000ff00ff00ff000001000001ff01ff000100010001000000ff00ff0000020102000000000001ff01ff01fd01fcfffefdfefdfd01fe01
1266,228103156,-94,11,128,1,0,1,4ff11400fbf7fdf8fcfafafcfbfffb02fb04fa03f500f100f000f200f400f600f800f8fff8fefafefcfefe00fe02fd02fd03fd05fd06ff0100000000000000000000000000000000000000ff01fd00fd00fcfef8fdf6fff500f5fff802fa05f806f605f702fa00fd01fc00fafbfbf9fcfcfdfafbf7f8f5f8f3f7f5f4f8f2f8f2
1267,228307977,-92,11,128,1,0,1,4ff114000403040005fe07fe07ff04fd04fa06f807f707f907fa08f70af70afb09fe05ff04fe04fe02fe01fc01fa00f900fa01fa00f8fffd00000000000000000000000000000000000000ff01fd02ff0402040304050708070803080306050604080208010702050404040104fd04fb07fc09fe0bff0aff0a010c050e020dfc
1268,228838406,-94,11,128,1,0,1,cdd44c4102fb00fdf8fef503f905fb06fa04fd0001ff01fffefffc02fb03fc00fc00f802fe060508040703070108fe07fc05fb01fefeffff000000000000000000000000000000000000ff00ff00fffffe00ff02fe00fcfefdfefffefffefefdfefe0000000000ff01fc03fd0400ff02fc00fffe02fc02fd02fe00fffe01ff02
1269,229454509,-92,11,128,1,0,1,f2266f41fffd02fb04fc04fd02fdfefcfdfcfefeff00010102fffefdfbfcfdfa05fb08fc03f9fdf800fe07040704030002fe020101050001000000000000000000000000000000000000fffffd000000ff00fdfffefe01fe01ffff00ff020104020401040003010102ff0200fc00f8fffbfffafff6fefd04060c020801050703
1270,229537233,-90,11,128,1,0,1,4ff11400050c06090804060002fe03fd07fb08f70af50cf70cfa0afd0afd09fa09f909fa05fc03fd02fc00fbfdfcfbfcfafbfafbfafafefe000000000000000000000000000000000000fffffffffffefbfdfafdfafff6fff4fdf3fcf3fcf2fbf2fcf6fef9fcfafefa01fb02fc05fd08fe090208050c041102140115fe12fd0f
1271,229741604,-92,11,128,1,0,1,4ff114000bfe09fd06fb03fb03fc06fc07fb06f906f608f707f907fd07fe07fc06fd0400030002ff00fe02fe03fe02fc02fb03fa05fb01ff000000000000000000000000000000000000fffefefbfdfafefbfffbfff900f702f705f908fa09fa07fa07fb07fe060103010102030104fc03fa03f805f704f806fa0bfc0cfa0af8
1272,229843990,-92,11,128,1,0,1,4ff11400f3fef8fefa00fa01fd03010603080509060903080308030a020a03070406040503050103000102ff02fd02fb04fa04fa03fb00ff00000000000000000000000000000000000001ff04fd03fe02fd04fb06f908f909fb07fd07fe07fd07fc07fc06fd04fb02f9fdfafbfbfbfaf9faf6faf4faf4faf4f8f5f8f6f8f5f7
1273,230560826,-92,11,128,1,0,1,4ff11400f5fcf6fcf7fcf7fff802fa04fd09fd0cfb0df70df60cf70cf70bf70af807f806fa04fc02fe00000103020403040504060406000100000000000000000000000000000000000000fefffafcf9fcf9fff7fff7fff702f503f202f003f104f304f403f500f8fffafffbfdfcf9fbf4faf1faf1faf1faeef9ecf9ecfaf0f8
1274,230766276,-93,11,128,1,0,1,6ff99641fe040004010202ff04fe04fb02fdff01ff00fdfdfd01ff01fffefffe01ff02ff03ff02fffffdfffdfffffe01020003ff0200000000000000000000000000000000000000000001000102fd02fd00fffc00fb03fc0400ff06f903fafb00fa01ffff02ff02ffff01fbfff7fbf8f9fdfc02010102fdfef9fdf8fffd01ff
1275,230868014,-92,11,128,1,0,1,4ff1140007fd01fdfffbfdfafbf9fcf7fcf7f9f9f7f8f7f8f7f9f9f8fbf7f9f5f9f6fcf800fb00fcfffcfdfcfcfdfefefe00fc01fa01fe0000000000000000000000000000000000000001ff05fd04ff0300030005ff070009020904060306020601060206020602060006ff03fd02fd04fc04f904f504f406f509f809f708f0
1276,230970449,-93,11,128,1,0,1,4ff11400f8f5f8f7f8fafbfdfbfff802f605f806f805f704f604f503f501f502f404f603fb04fd04fb03fb03fc04fd05fd05fc07fc08ff01000000000000000000000000000000000000fffffffcfffbfefbfffb01f902f703f605f707f709f608f606f705fa04fb03fb01fbfdfcf9fcf8faf9f8faf7faf6f7f4f5f3f6f6f9f7
1277,231072838,-90,11,128,1,0,1,4ff11400040c04090306020201fe03fb07f806f705f807f808f707f607f709f908fc04fb03f802fa00fcfdfbfcf9fdfafdfafdfbfffc00ff000000000000000000000000000000000000ff00fc01fc01fd02fc05f906f707f807f906f805f705f706fa04fa01f700f802fe0104000602060308040907080a090a0b0b0c0d0c0d
1278,231154698,-93,11,128,1,0,1,faaeef41fefffcfefcff000002ff02fe01000001fefff7fbf4f8faf8fffa04f604f500fc00fffffefdfdfefefefefdfeffff010000ff00ff000000000000000000000000000000000000fffffffffffffefefd00fe0000fe00fefffdffffffffffffff00ff00fdfdfdfc01fd04fd02fbfffc00ff00ff0000ff01fb01f901fdfe
1279,231277645,-94,11,128,1,0,1,4ff1144102f403f301f600fafefbfbfcf7fcf5fbf4faf5f9f7f8f7f7f7f8f7faf9fbfdfb00fa01fc01ff0001fe01fcfffbfefbfefbfcfefe0000000000000000000000000000000000000101050203fe00fbfffc03fd05fe04fe03fd04fd06fe06fd05fe040003ff01fc01fb01fb01fa00f7fff700f701f402f203f301f300f2
1280,231687242,-93,11,128,1,0,1,4ff11400fff5fff6fffafefdfdfdfcfdfbfcf7fbf6fbf7faf8fcf8fcf9fbfafbfbfbfcfafdfafdfefe01fe02fd03fb02fa02f904fa03fe0000000000000000000000000000000000000000ff03fe02ff02fc02f801f902fa04fb06fb08f909f809fa06fb04fd03ff02fe01fb01f901f8fff8fef7fef5fef4fef4fff5fff6fef5
1281,231789667,-92,11,128,1,0,1,4ff11400060408030802050000fefcfcfbfcfdf901f5fff3fcf3fff600f8fcf7fbf7fdf7fff7fffafefdfdfefdfffb02fa06fa05f902fe00000000000000000000000000000000000000ff00fdfffb01f805f603f302f201f500f701f701f800fafffbfefbfefc02fb05fb03ff010302020404050806090a080b080909090907
1282,231994466,-92,11,128,1,0,1,4ff1140007f906fb04fa02fafff9fdf9fbf9f9f8f6f6f2f4f3f6f6f6f7f5faf8fcfbfcfcfafbfafbfbfefd01fe01fd01fc02fc02fc00feff000000000000000000000000000000000000000103060404040405060407040705070607040503060306020602070306020203ff03fd03fd05fd06fa06f706f70af80ef611f513f8
1283,232706036,-90,11,128,1,0,1,24477241fbf8fbfdfd00fc00fcfffe03fc04f6fef6fff904fd040005fc08fb0bfd09fa04fa00fdfe01fd01fe02fd00fbfdfafffc01020001000000000000000000000000000000000000fffffefffc02ff0103fd03fb02fd02ff02fe03fd01fefbfffa00fc00fe01fe01fe00fd02fe02fe00ff01ff01000005ff08fc06fb0301
1284,232726081,-95,11,128,1,0,1,abbffa4100fe01fe01fffffefdf9fff905fa04f802fe0105010201fdfffafdf8fff502f506f701f6fff404f204f503000309050607fe01fe0000000000000000000000000000000000000000000000000000ff00fd00ff0002020002fd01fd01ff0000fd00fd00000101ff01fbfffcfd01fe0401020300020000fefefcffffff
1285,232769946,-94,11,128,1,0,1,1bb77141fcfafcfefefffd01fb03fb02fa03fb0803080a030906fe08f605fd08070a070705030404ff04ff01fffefdfffd00fdfdfdf8fffd00000000000000000000000000000000000000fefffcfffe00ff00ff0101010001ff0001fe03fd01ff0001ff02fe02fd01fd00fe00ff02ff01fdfefcffff0200fffefdfd01fe0300
1286,232813678,-92,11,128,1,0,1,4ff11400f808fa06fc050004020304010601080308030606060908070a0309010701070206020400030002ff03ff05fe04fc01fb02fb01fe000000000000000000000000000000000000ff00fd02fd00fcfefa00fa00fbfcfcfafcfcfbfbfaf9f9f7f9f5f9f9fafffbfffafdfc01ff05fe08fd09fc09f909f60af508f605f504
1287,233120908,-92,11,128,1,0,1,4ff11400fe08010605030602040004fe06fb08fa0cfb0efb0dfb0cfc0bfe08ff06fe06fe05ff04fd03fc00fb00fafffafefbfffafffafffe000000000000000000000000000000000000fffffc01fc05fd08fc09fb07fb06fa05fb07fb07f805f705f804fb03fd03fc03fc04fe02fe03ff0701090509090b080d060d030c000b
1288,234104111,-95,11,128,1,0,1,fdd66f41f8f800fc03fd03fd00fefe00fe00fffe00fe0000ff01fe01fe00ff000100020001fffffffefffe00feffffff02ff00fefd00fe0000000000000000000000000000000000000000000202010001fd03fd02ff00ff00fe02fd02fd0100000001fc03fe05020202fc00fcfefffdfefcfbfcfb00fd0404010cfb08fa02fd
1289,236090558,-92,11,128,1,0,1,4ff11400fbfbfafcfafdfb00fd02ff04ff06fd07fc07fd09fd0afa09f809f909fb08fb05fb03fc03fe03ff04010302020304050506050101000000000000000000000000000000000000fefffafdfefd00fc00fa00f900f901f802f703f805f805f804f803f900fcfefefdfcfcf9fbf7fafaf7fdf3fbf1f8f2f7f5f7f4faf2fc
1290,236293081,-90,11,128,1,0,1,47711441fc0301040303030205010600060107020c030d040a060806050502040405060706070504030102fe02fc02fc03fb04fc04fa01fe000000000000000000000000000000000000fffffcfefc00fc01f801f602f701f6fff7fff600f5fef6fdf9fcfafbf8fdf801fa03fc06fc08ff07010afe0ffc0efb0afa0af90cfa0b
1291,238650634,-91,11,128,1,0,1,4ff1140007f606fa03f9fef8fdf8faf6f6f6f6f9f6fcf5f9f5f3f5f0f9f1fdf4fcf6fef903fb04fafffcfcfefafff700f7fff8fcf8fcfeff00000000000000000000000000000000000001fe06fc05fe04ff03ff04fe08fd0afb08fb06fd060109010aff08ff04fe02fd03fd05fa03f800f8fff604f207ee07ed04ed04f109f4
1292,239469852,-93,11,128,1,0,1,4ff1144103fb01fdfffcfffbfcfbf7fcf6fef5fff4fdf5fdf8fcfafafafafafbfbfbfdfafdfafdfcfdfffc01fe02ff03fd02fc02fb03ff0000000000000000000000000000000000000000ff01fc01fb02fc03fe04ff07ff08fe06fd07fc08fc06fe0400020003ff03ff01fdfefcfdfcfdfafef7fff602f802f602f602f701f6
1293,240155742,-31,11,128,1,0,1,1ee0010004140517071a071d061f041f031e021d011b011702140310050c08080b060f051205150617071709170a150c130d100d0e0d0303000000000000000000000000000000000000fbfeebf9ebf8ebf6ebf5ecf5edf4eff5f0f7f2faf3fdf301f105f009ee0cec0ee90fe710e510e50fe40ee50de80bec0af009f40af70b
1294,240209574,-31,11,128,1,0,1,1ee0010014081709190a1a0c1b0d190e180e160e130c110a0e070c040bff0bfb0cf80ef510f312f214f315f416f615f814fa12fc10fd03ff000000000000000000000000000000000000fc03f00def0dee0cee0bef0af009f109f409f709fa0bfc0dfe11ff1400160019001bff1cfe1cfd1cfc1bfc19fd15ff12010f050c070a
1295,240262181,-33,11,128,1,0,1,1ee00100ec0cea0ee80fe60fe50ee50de60be60ae809eb09ee09f109f40bf70cf80ff912f814f715f516f316f214f112f110f10ef10cfc03000000000000000000000000000000000000fbfceff2f0f1f0f0f2eff3f0f4f0f4f1f4f3f3f5f2f8f0f9edfbeafbe8fbe6fbe4fae4f9e4f8e4f7e5f6e7f7e9f8ecfaeefdee00ee02
1296,240263237,-32,11,128,1,0,1,1ee0010017ff19ff1cff1d001e011d021c031b0419031602130110ff0ffc0ef90ef60ff410f212f114f115f316f516f715f913fb12fc04ff000000000000000000000000000000000000010406140414031502150114001301120210040f060e090e0c0e0f0f11101211131313151315111610160f150e120d0f0d0c0e090f06
1297,241210703,-94,11,128,1,0,1,4ff114000204010503050402050004fe03fd04fd07fd08fc08fc09fe080007ff08fd0afd09ff0500030001fe00fe00fdfffc00fc02fc00ff00000000000000000000000000000000000000010203040205010602060203040207010901070107ff06ff06ff0700080004fe010000030104030603090208030a070b080a070a07
1298,241416381,-91,11,128,1,0,1,4ff1140008f705f803fa03f900f7faf8f8f7f9f7f9f4f8effcf0fef1fff2fff3fef6fff602f603f8fffafcfcfafdfafefafefafdf8fffd0000000000000000000000000000000000000001ff05fd03f900f502f706f808fb0afd0afc09fd0a000d020c020a000a000800050005ff05fb05f906f707f608f409f20af20bf20cf0
1299,241469077,-90,11,128,1,0,1,144bb1410001ff00fafe00000706010bfb08f800f5fff901fd01ffff0101060103fefb02f901f8fbfffe0406fe0ffe11010700ff03fd01ff000000000000000000000000000000000000ff00fe01ff000200020202020100fffe02fe0401040005ff01fffefd01fb02fb01fe0300020004030507fd03f7fdf800030706070103
1300,241600842,-93,11,128,1,0,1,baa77b4104fe01fd01fd0200020102fffe01fc04fc06f90bfa0d000d0005fffd0504060aff07fa06fb04000102020104ff06ff07010700010000000000000000000000000000000000000100040001fffffdfffafff9fefafcfcfdfd00ff010200030002fd02fd02fefffdfffc00fcfefbfffb03fc05fe04010005fc05fd0301
1301,241722722,-90,11,128,1,0,1,4ff1140006ff04fc03fd01fe02fc03f903f803f503f301f400f600f5fff6fef600f300f4fff601f902fb01fcfefef9fef7fef6fff600fd00000000000000000000000000000000000000ff00fc00fe00ff04fe06fc06f904f705f705f605f705fa04fb05f906fa04ff0100000101040408030b010c0509080c06140314031006
1302,243084259,-31,11,128,1,0,1,1ee00100e7f5e5f4e3f3e3f2e2f0e4efe5efe7efe8f0ebf2ecf4eef8eefbeefeec01ea03e803e602e401e4ffe5fde6fbe8faeaf9ecf8fbfe000000000000000000000000000000000000fffafeeaffe900e901ea02eb01ec01ecffedfdeefbeef9edf6ecf4eaf3e8f2e7f2e5f2e4f3e3f5e3f6e4f6e5f7e8f6ebf5eef3f1f1f2
1303,243127798,-30,11,128,1,0,1,1ee00100e7fae5fae4f8e4f7e4f6e5f5e7f5e9f6eaf7ecf9eefceffeef01ef04ee06ec07ea07e807e706e704e802e900ebffedfeeefefbff000000000000000000000000000000000000fffbfcecfeebffec00ed00ee00effff0fdf1fbf2f9f2f6f1f3eff1eef0ecf0eaf0e9f1e8f2e8f4e8f5e9f6ebf6eef6f1f4f4f2f6eff7
1304,243130811,-30,11,128,1,0,1,1ee00100f81bf71df51ef41ef31ef21df31bf319f517f815fa13fe1201120412071408160818071a061b041b021a0119ff17fe14fe13ff04000000000000000000000000000000000000fa00e900e9fee9fdeafcecfcedfceefeef00f003ef06ee09ec0bea0de80ee60ee40ee30de30ce40ae50ae709eb09ee0af20cf40ef510
1305,243131977,-30,11,128,1,0,1,1ee00100fce3fce1fddffede00de01e002e101e301e6ffe8fdebfaedf7eff4f0f1efefeeeeecefeaf0e8f1e7f3e7f5e8f7e9f9ebfaedfefb00000000000000000000000000000000000005fd14f615f715f914fa13fb12fb10fa0ff80df60cf30cf00ded0eea10e911e813e714e815e915eb14ec12ed0fef0bef08ef04ed02ec
1306,243134679,-30,11,128,1,0,1,1ee00100e807e507e407e306e304e403e502e702e902ec03ee05f107f209f30bf30ef210f011ee11ed10ec0fec0dec0bed09ee07f006fc01000000000000000000000000000000000000fcfcf3f0f4eff5eff6eff7f0f8f1f7f3f6f4f5f6f3f7f0f8edf8eaf7e9f6e8f5e7f3e7f2e8f1eaf1ebf2ecf3eef5f0f8f0fbefffee01
1307,243138315,-30,11,128,1,0,1,1ee001000a1a0b1c0b1e0a1f0920071f061d051b06180615071209100b0e0e0c110c130d150e15101512131311140f140d130b1109100204000000000000000000000000000000000000fc04f010ef0fee0dee0cef0af00af10af40bf60df70ff812f916f818f81af61cf41df31df21bf21af218f317f515f913fd1200120313
1308,243138930,-30,11,128,1,0,1,1ee001001a091c0a1e0b1e0c1e0e1c0e1a0e180d160c140913061203120013fd14fb17fa19fa1bfb1cfc1cfe1b0019021703140412040401000000000000000000000000000000000000000502160016ff16fe15fd14fe12ff110110041007100a110c130e150f170f190f1b0e1c0c1c0b1b0a1a091809150a110c0e0f0b110a
1309,243195622,-30,11,128,1,0,1,1ee00100ebf3e9f1e8f0e8efe8edeaedebededeeeeefeff1f0f4f0f6f0f9effbedfdebfeeafde8fce8fbe8f9e9f8ebf6edf6eff6f1f5fcfd000000000000000000000000000000000000fffbfeecffec00ec01ec02ed02ee01ef00effef0fcf0faeff8edf6ebf5eaf5e8f5e6f6e5f7e5f8e5f9e6fae8faeaf9edf7eff5f1f3f2
1310,243247947,-30,11,128,1,0,1,1ee0010009150a170b180b1a0b1c091c081c071b0619061606140611080e0a0c0c0b0f0b110c120d120f121011110f120d120a1109110204000000000000000000000000000000000000fd04f410f310f20ff10ef10df10cf20cf30cf50cf70df90ffa12fa14fb16fa18f919f81af71af61af519f518f716f914fb12fe120012
1311,243873180,-93,11,128,1,0,1,4ff114410cff0afa07f807fb05fd02fb02f602f301f204f206f408f507f606f706f603f603f805fb04fd01ff0000fffffffc00f9fff8fffe00000000000000000000000000000000000000ff03fc03fc0400050003fc04fa07fb07fd07fe0bff0c01090506050402040004fe04fd05fc05fb06fa0afa0bf90bf60cf60ef80cf6
1312,244077966,-91,11,128,1,0,1,4ff11400f407f705fd04030406030704080608080909080a070c060d050d040d040b030a0209020302ff03fe03fd03fd05fd06fd07000100000000000000000000000000000000000000ff00fb01fa00fafffafef8fff6fef6fcf6faf7faf5fbf4fbf7fcf8fdfbfdfefefbfff903f904f905f908f70af509f309f208f309f50d
1313,244180378,-91,11,128,1,0,1,4ff114000009000501040305040109fd0cfc0bfb0cfa0dfa0cfc0cfd0bfb09fb09fd09fd05fd04fd04fd00fcfcfcfbfcfcfafdf9fef8fffd000000000000000000000000000000000000fffffdfffb01fbfffbfffb02f902f502f303f401f601f600f5fff7fefbfffe03fe06fd08fe08020a050d020efe1000120512030ffd0e
1314,244282791,-92,11,128,1,0,1,4ff11400f70afb0cff0a0206050509050d040d060c0a0c0c0b0c090b090b090a0908070706060404020102ff04fe06ff07ff08ff0700010000000000000000000000000000000000000000000002fc03f904f804f903f902f601f501f601f4fff4fcf4fcf4fef600f902f904f904fc06fe0afe0bfc0dfb0efa0ff90ff70ef40f
1315,244692412,-93,11,128,1,0,1,4ff114000eff0afd0500030000fffdfb01f506f305f404f403f502f603f804fa04fa03fa03fd02fe01fdfefcfdfffbfffafefafdfafcfefe0000000000000000000000000000000000000000010401040104fe05fe06fe06fe0600050205ff06fb08fb05fd02ff030006020604030504040408020c01090508080b080a060605
1316,244794806,-95,11,128,1,0,1,4ff11400f800f900fb03fb04fd06fe09fe09fd07fd09fd0dfa0cf90bfb0afd09fc08fd07ff06000300020103010201ff0201040402040001000000000000000000000000000000000000fffffdfefefefdfffbfffafef7fdf6faf7fbf9fcfafdfafaf9f9f9fcf9fef9fffb00fe01fe01fb02f703f604f705f505f203f004f006
1317,244897217,-91,11,128,1,0,1,4ff11400fdf7fcfafdfcfdfbfcfcf901f504f305f506f606f506f404f604f406f306f805fc05fb04fb01fd0100020303040503050105ff0100000000000000000000000000000000000001000401020402050404040502060506070604070508070706070305010100ff01fe05fb05f903f803f703f604f107ee07f006f106f1
1318,244919254,-31,11,128,1,0,1,1ee00100110c140c170e190f191118131713161314121210100e0e0b0d070d030e0010fd13fc15fb18fc19fd19ff19011703150514060401000000000000000000000000000000000000fd04f512f412f211f110f10ff10ff20ef40ef60df90efc0ffe11001401160218021b011d011d001dff1dfe1cfe19ff1601130410060f
1319,244944272,-30,11,128,1,0,1,522005000ef010ed12ec14eb15eb17ec17ed17ef15f013f110f30df309f306f304f102ee02eb03e904e806e708e809e90aeb0bee0cf003fc000000000000000000000000000000000000040212081209110a100b100b0f0b0e0b0e0a0e080f0510031201140016ff18fe1aff1bff1c001c011c021a031802150113ff11fd11fb
1320,244953599,-30,11,128,1,0,1,52200500f1eeeeedecebece9ece7ede6efe6f0e6f1e8f3eaf4edf4f1f4f4f2f8f0faedfcebfce9fbe7f9e7f8e7f6e9f4ebf2eef2f0f2fcfc00000000000000000000000000000000000002fb0bee0cee0def0eef0ef00ef10df10bf109f107f005ef03ec02ea01e801e602e402e203e204e205e306e405e703e901ecfeedfcee
1321,244956460,-30,11,128,1,0,1,522005000aeb0be80ce60de50fe410e511e611e810ea0eec0cee08f005f101f1fef0fcedfaebfae9fbe7fce6fee501e603e804ea05ec01fb0000000000000000000000000000000000000401130514071308130912091109100810060f04100211ff13fd15fb16f918f81af81cf91dfa1dfa1cfb1bfc18fc15fc12fa10f80ef6
1322,244968687,-30,11,128,1,0,1,52200500f814f718f71af61cf41df31cf21bf21af217f415f612f910fd0e010d040e080f0a110b140b16091708180618041701150014ff04000000000000000000000000000000000000fbfdecf7ecf5edf4edf4eef3eff4f0f5f0f6f1f9f0fcefffed01eb04e905e706e406e306e206e205e204e403e703ea03ed05f007f208
1323,245171469,-32,11,128,1,0,1,1ee00100fc12fd16fd19fc1cfb1df91ef81df71cf71af717f814fb11fe0e010c050c090c0c0e0d100e120e140c150a160816051503140004000000000000000000000000000000000000fbffedfbecfaecf9ecf8ecf8edf7edf7eef8effaf0fcf0ffef02ee05ed07eb09e90be70ce50be50ae409e509e707ea07ed07f008f209
1324,245452513,-92,11,128,1,0,1,f11eef410101ff01fe01fcfef7fbfafa04f807f90302ff06fd03fdfffffd00fffa05f806f9fdf6f9f9fc03f607f70300fc01f702f504fd01000000000000000000000000000000000000ff00ff00000000fefffcfdfbfdfdfefffcfffc010004020303ff03fe0200030001ffff020005000400020000fffbfefc000002030302
1325,245511723,-92,11,128,1,0,1,044dd041050203030003fd02f902f700f801f903fafdfaf9f801ff0808090109f90afa0bfc09ff050002fe00fcfffcfdfffefe00fb02fe0100000000000000000000000000000000000000ff02ff0000fefffefdfefefe01ff0101ff00fffffe010002010000fdfffcfffcfe00fd0300010000fe01feff00fe05ff05ff030304
1326,245614039,-90,11,128,1,0,1,4ff11400f807fc04ff0101fe02ff030306050a060c090c0a0a0a0a0a09090709060a050802060104040105ff04ff04ff05ff06fe06fb01fe000000000000000000000000000000000000fffefcfbfafff901f800f7fff5fef3fef3fff5fff6fdf5fbf6fdf700f801fa04fa06f906fc05fd06fa0af70ef611f814f915f711f70d
1327,245808729,-31,11,256,1,0,1,6aa00641f2eeeeebede8ece6ece4ede3efe3f0e5f2e7f3eaf5eef5f3f5f8f4fdf201ef04eb06e806e606e404e402e400e6fee9fdebfcfbfe0000000000000000000000000000000000000500150116031604160515061306120510040e010cfd0cf90cf40cf00ded0fea11e812e714e714e815ea14eb12ed0ef00af105f202f2fbf7eee2eae0e7dce5d7e4d3e5cfe7cceacaeec8f3c9f6cbfad0fed700dd02e403ea03ef02f400f8fdfbfafdf8fef5fef5fef6fdf7fc11ff0ffe02ff00ffffff00ff0000fe00fb00e703e50105010500030002ff00fdfdfafbf6faf1faedfbe7fde2ffdd03d706d309d20dd110d213d316d516d814db12de0ee308e603e8ffe9
1328,246850154,-95,11,128,1,0,1,76666741fc00fffefffdfdfffd01ff01ff00fd00fe0001010102020303030101ff000000ff00feff00ff0100ff01fe02fe01ffff00fe00ff0000000000000000000000000000000000000000010000ff00fe00fefefefdfefeff00ff02fe02ff0101ff00fe00fd01fbfffbfefdff00fe03ff0101fefffdf3fde9fdf0fff9fffd
1329,247150076,-90,11,128,1,0,1,4ff11400fbf6fcfafcfdfbfdf900f805f705f505f605f403f201f300f601f800f8fef6fef8fffcffff01ff02fe03fe02fe03fd04fc05ff0100000000000000000000000000000000000000fefefcfafdfcfbfdf9fdf8fef700f702f503f603f704f704f803fa03f900f7fcf9fbfbf8fbf7f9f8f9f5f9f4f8f6f5f6f3f6f3f8f5
1330,247354941,-92,11,128,1,0,1,4ff1140004030301020003ff07fc08fc07fa09f80cf90dfb0cfb0cfd0dfe0cfe0afd08fc05fc05fd04fe02fc00f900f900fb00fa00fa00fe000000000000000000000000000000000000010005040104fe05fe0701060106fd08fa08fa09fb0afc0bfe09ff04ff02ff0402040404060409020a020806090b0d0b0f0a0e0a0b09
1331,247522747,-94,11,128,1,0,1,1ccee14103fb04fb04fd0100ff0003010200f7fdeefcf3fdfdfe01fe08fb0ef906fbfa02f803fdfffcfffc01fd02fb03fa01fc01fd06ff02000000000000000000000000000000000000ff00ff00fffefefe00fe02000001fd01fe0001ff01fefffffe01fd00fbfefdff0101000100030203020001000101ff00fe00fc00f8fc
1332,247764470,-90,11,128,1,0,1,4ff1140005f803f903fb00fcfffafef5fef3fff4fef4fff301f302f502f502f201f501f902fa03fc01fdfffcfcfcfbfbfafaf9fbf9fbfefe00000000000000000000000000000000000001ff05ff0200020005ff05000602080407050707080805060306030505030501040004fd04fb08fc0bfa08f707f708f70cf70ff910fd
1333,248276501,-94,11,128,1,0,1,4ff1144101fbfefcfbfcfcfcfdfdfbfff8fef8fcf9fbfaf9fbf6fdf7fdf9fbfafcf8fdf7fdf9fefcfdfdfcfefcfffcfffcfffc01fb03fe0000000000000000000000000000000000000000fe01f900fa01fb02fa01f700f600f703f907fb08fa06fa06fc05000402040002fe00fcfffafdf8faf9faf9fef600f3fff400f402f3
1334,248448981,-94,11,128,1,0,1,cccccc4101000002ff02ff00ff01ff0002fc03fa02fd010000ffff00ff03010201fefffdfffeffff01ff01ff000000000000ff0001000000000000000000000000000000000000000000000000010001ff0000fdfffbfdfbfffd01fe000100020101fffffefc01fe030002ff010001ff00fe010002ff01f701ee00f5fefdfcfb
1335,248529013,-92,11,128,1,0,1,43344441fefb01fd00fefffdfefdfeff010000fefcfefbfffc02fe020002010001fd01ff0000ff00ff02000201ff02ff00fdfffdfeffff00000000000000000000000000000000000000000000020003ff01fefefefefdfefcfefefdfffc00fc01ff03ff05fc02fc00fbfffcfffeffffff0000020102f7fbedf5f4fcfb01fefc
1336,248583701,-92,11,128,1,0,1,4ff11400f502f703fa04fc04fe05ff060105030406050608050a0408030703090408030503020301020001ff01fc02fa03fb03fb03f901fe00000000000000000000000000000000000000ff00fe01fe03fe03fb02f701f701f701f803f706f707fa05fc02fd00fc00fafffcfcfef800f601f500f4fef1ffeeffedfdeefdf3ff
1337,248671884,-91,11,128,1,0,1,2ccdd2410006ff08ff08030208fc09fc09fc08fd01fafdf500faff00fc01fd02010503060407ff09f90bf70cf90a020609ff04fffe03fe000000000000000000000000000000000000000000010101ff02fe01fe00feffff000002000201010203030202ff0100ff00fdfffdfdfffb00fafefefd07ff0afd08f909fa0afe0800
1338,248723776,-94,11,128,1,0,1,dffbbd4104ff05000101fd02fd01fc00fb03fb02fffd05020c040f000901fd01f9f8fef805010802040002ff02fe00fefcfef700f603fd00000000000000000000000000000000000000000102020000ff00fe01fe01000001fe00fe00ff00fefffefffffdfffcfefffe00fdfefbfeffff02ff02fe03fd04ff040000fefafdf6
1339,248788489,-91,11,128,1,0,1,4ff11400020502050305040005fd08fd0cfd0efb0efa0dfb0dfd0dff0cff0c020c020a010701060106ff04fe01fc01fb02fb04f903f900fe000000000000000000000000000000000000ff01ff0401050107fe06fb06fc09fc09fa07f905f705f704f904fa05fb04fd05ff070105020403050409050c070d070d060d030e030d
1340,248794498,-91,11,128,1,0,1,777aa741ffff01fc01fdfe02ff02000100010000fe00fdfffdfefe00ff0101000101ff0301040103fe01feff00fe01fe00ff00000001000000000000000000000000000000000000000000ff00fffffefffc02fc01feffff00ff0000fffffefffd00feff00fe00fe01fd02fd0101ff03fd00fcfdfffd0ffe19fe0af9fff705fb
1341,249095696,-93,11,128,1,0,1,4ff1144101f502f702fa02f9fef8f8faf6fcf7fbf7fbf5faf7f9f8f8f9faf9f8faf7fbf8fdfafefdfd00fe00fe01fd02fc00fbfffb01fe0000000000000000000000000000000000000000ff03fe02fdfffcfefc01fb03fa03f804f807f807f807fb08fc07fa06fa04fa00fafdfdfbfefcfbfef8fef6fdf6fbf5fbf3fdf4fff7
1342,249198111,-93,11,128,1,0,1,4ff11400fd09ff080106ff050004030308020a030a040a0609080607040702060205030303040404050004fe03fe04fe04fd03fc03fc00fe0000000000000000000000000000000000000001ff04fd03fc03fa02f702f702f800f9fef7fff6fff7fdf8fbfafcfcfdfdfbfcfffc06fc08fc08fd0afb0bf80df90df90df80df80c
1343,249300502,-92,11,128,1,0,1,4ff1140006fb04fa04f904f903fa01f9fff8fdf9fcf8faf7faf7faf6f9f6f9f6faf6fcf8fbfbfbfdfbfdfcfffb00fa02fa02f802f901fe00000000000000000000000000000000000000000001020204030504040503050306040706080707070409020b020a010701040203030205fe07fc09f90ef610f70ffa0ffb0ffb0ffd
1344,249607720,-92,11,128,1,0,1,4ff114000504020004fe07fd08fd09fb08fa08fb08fc08fd08fe09ff08ff07fd05fc04fd04fc02fc00fdfffd00fb01f900f801f903fa01fe000000000000000000000000000000000000fe01fc05ff03010102030205010600070007fe07fd08fe08fe04fe02ff020103030205ff06ff09010c040c060a060907090809070606
1345,249812809,-93,11,128,1,0,1,4ff114000bf706f902feff00fcfff9fdf9fcf8fbf7f8f8f8f9faf9fef7fff7fdf7fdf700f900fbfffafffb00fe01fe03ff0400050005ff0100000000000000000000000000000000000000ff0000fe02fd03fe0400060007ff09fc0afb09fc08fd09fe07fe03ff020003030207ff07fe06fd07fc0bfc0ef90ef90cfc0cfe0efe
1346,249863067,-94,11,128,1,0,1,e7766e4104fe00fafffa02ff0001fefffffefcfcfafbfefc01000301030100030004ff03ff02fd01fc01fe00ff01000000ff00ffff01ff000000000000000000000000000000000000000100040103010101000001fe02fc00fdffff000000ff00fd03fd05fd04fc01fdff0002000402ffff00fb03f9f9f4f3f1fef904fe01fa
1347,250127580,-92,11,128,1,0,1,7cc00741fdfefffffffffefdfcfdfdfd00fefefffc00fe01010004ff04ff010001000101ff02ff01ff00fefffefdfffeff00ff02ff03ff00000000000000000000000000000000000000fffefffc00fe0000ff02fe0000fd01feff01ff0101020003ff0301020003fe00fefd01fc02ff0102ff02fdfff5f9ecf4f4fc000203fe
1348,250222141,-94,11,128,1,0,1,4ff11400fefbfdfd00fefffcfbfbf9fbf9fbf7faf5f9f4f8f6f6f7f7faf8fcf7fdf6fcf9fcfdfdfffdfefcfefc00fc02fc03fc03fc02ff000000000000000000000000000000000000000000020303020402060207020702080208040605070707070507050304ff02fd01fd02fb03fb04fc04fa05f607f307f207f409f70cf8
1349,250324548,-91,11,128,1,0,1,4ff11400f904f806fb070006ff080008020a040d040c030b000a000a000afe0afd08fe08ff06000204010501050104020501060106030101000000000000000000000000000000000000fe00fa00fa00f901f702f501f502f602f501f6fff7fdf6fcf6fcf8fcf9fcfcfdfcfef900fa03fc04f906f607f805f806f409f409f808
1350,250394914,-93,11,128,1,0,1,066aa041ff04000100fefefefdfefd00fe03fe02fe01fe02fd03000003ff01fffe00fefffffeff00fe00feffff00ff01fe01fffe00fc00fe000000000000000000000000000000000000fefffcfdfffe020001ff00fefffffe00fdff00fe00fdfefefd00fe01fe02fe03fe030004020103fd0300020304fa07ef05f303fa0200
1351,250395381,-96,11,128,1,0,1,8bb22841010101020003fe01fffe00fe00020104020104ff050005ff01fefd00fd01ff00fffffefffefffefd00fd01fd00fd00fe00ff00ff00000000000000000000000000000000000000ff01fe01010002ff01ffff00ff0000ff01fe02000101fe00fbfefcfd01ff02ff00fdfffcfffb00fbfffdfefdf8fdeffdf3fffb01ff
1352,250396389,-94,11,128,1,0,1,5bb225410000ff02ff020000fe00fd00fdfffefd00fe0201020202020302030002feffffffff01fe01ff00fefffdfefeffff00ff00feffff0000000000000000000000000000000000000000ff02fffffefdfffcfefcffff01010001fe01fd0002fe05ff050002fe00fc02fd0001fe04fe05ff01fefefafbfcf803f501f8fc01
1353,250545447,-91,11,128,1,0,1,beeddb41fd04fe05fe05fffdfef3fff508f80bfa04fefcfbf9fafbfefe00fc01f6fef8fcfff7fef1fff508fb08fffe03f9fef8fbf801fe00000000000000000000000000000000000000000002ff00ffff00ff01ff01ff00feffff00000101ff04ff0302fe02fe01fe00ff0000fdfffbfefbfdfdffff01ffff01fc01fe020204
1354,250638765,-93,11,128,1,0,1,05533041fd00fd03fe03ff00fe01fe03fb06f90700040605fd06f8fdfaf4f5fbf305f607f905fb00fdfcfeffff02040408030404fd04fe00000000000000000000000000000000000000ff000001010001ff00ff00010002000201020000ff00ff03fe03fe0300030002ff01ff00fffefffefe02ff04020201ff00fdfffdfcfc
1355,250662502,-91,11,128,1,0,1,d7799d4102ff0200fffefeff020102fffefdfbfdfcfffd00fb01fb02fe010000fe00fc00fc00fe00ff0100010101000100010200ff00ff00000000000000000000000000000000000000fffffdfefffe00fd01fd00fffefffefdfeffff01fffdfffa01fd0200000000ff03000204fe05fb04fc03fc0206fb12f20df90301fefc
1356,250662660,-94,11,128,1,0,1,5ee00541fe02ff03ff02010101fffefffc00fd00ff01020103ff01fe01fe02fd00fdfffcfdfbfdfcfefcfefe00ff00ffffffff00ff01ff0000000000000000000000000000000000000000000001ff01fe00ffff01fefefefa00fc0001ff01fffd00fc02fe020101fefefdfd00000105ff05ff02ff01faf7f6edf8f4f9fefa01
1357,250697764,-91,11,128,1,0,1,cbbffc41fdfffd00ff020202030100fff800f603fb01fef703f10af206f8fe000404070400fefbfbfdfd01fc01fd01000502070307050101000000000000000000000000000000000000fffffcfffcfffdfffd00fd01fd01fd00ff0000ff00fffffefefbfefbfffdff0000fffffeffff01ff02ff020001fffdfefbfefb01fb05
1358,250707384,-93,11,128,1,0,1,d2211d41ff02ff01fd00fa04fe060bff0bfcfdf9faf4fef700fe00010201050106fe07f804fb010208060a0303f705f204f9fe0102040101000000000000000000000000000000000000ff00fdfffefefefe00fe02fd02fd00fdff00ff01010101000000ffff02000202ff03fc03fd01feffff0103030502030101ff01ff01fe
1359,250794730,-93,11,128,1,0,1,e8899e41020102000001020509070907ff0afa09fc02010003ff01fdfefffbfef9f9fbfa03fa01f600f60af70afbff03f703f704fd09ff02000000000000000000000000000000000000ff00fd01fe00fffefffffe00fffe01fd02ff0201000100fefffbfdfdfffffefffc00fd01ff0102000303030303010202020403010301
1360,250796110,-92,11,128,1,0,1,077dd041ff050003ff00ff00010302030103000102ff02ff04ff06fe03fcfffdfdfefdfefffd01fe00fffffe00fe0000000000000001ff00000000000000000000000000000000000000fffefffafefcfcf9fcf700f907f50af005f9ff0005ff0bfd05fdfefefd02ff01fffffdffff00ff01fdfefdfefefdfffcfffeff000000
1361,250836574,-92,11,128,1,0,1,4ff11441fbfbf9fcf8fdfcfe0100fe02f904fa04fa05f906f806f805f907fc07fe05fc05fa05fc02ff010001000101020203030403040000000000000000000000000000000000000000fffffefdfffc02fc02fc02f904f707f706fa06fc07fc08fd08fd05fe03010201fffefcfdfcfdfcfaf7f7f3faf3fdf4fbf5f8f6f7f6f7
1362,250901154,-91,11,128,1,0,1,6ffaa641fc00fe0200030304030203fdfefaf5fbf2f9f8fbfffe0000fe09fa0efb07040005ffff02fe03fe02ff040007ff04fefffa02fd01000000000000000000000000000000000000fffffefdfefdfffe00fffffffe00fe01fc03fc02fd00ffff02ff0100ff01fd01fd0200ff01f9fff700fa0300040204ff02fe00fffd01
1363,250929095,-91,11,128,1,0,1,66666641fbfdff010002ff02fe00feffff00fe02ff02000100ff00fe00ff0001000101ff01ff01ff02fe02ff020001ff00ff01000201000000000000000000000000000000000000000001fe05fd03030103fffefcfcfafefcfffc01fd01ff01fe02fb01fdfd00ff010302030101fe00fd01fe02010207030d040b0107000704
1364,251194932,-92,11,128,1,0,1,4ffff441fdfeffff00fe01fb06fb07fd03fbfef6fef601fd0000fdfffd00ff01fffffefeffff01ff02fe00fdfffefefffdfefdfeff00ff0000000000000000000000000000000000000000fffffffe00fe01fd02fc02fd00fe01ff0100fefffefcfdfafaf9faf7fef902fb06fe0702080006fcfefdf9fefafcfafdfe010202fd
1365,251349315,-90,11,128,1,0,1,4ff1140009070a060903060104ff05fe08fc0af90af80af90bf909f908f90bfa0afb09fb08fa05fc04fc05fa03fa00fbfef9fdf7fef9fffe0000000000000000000000000000000000000001ff05fd05fc06fc06fb07fa09f909f907fa07fa09fa09fa06fb03fe020003020402060106040408040c060d070c090a0b070c0409
1366,251449090,-93,11,128,1,0,1,9cccc941fdfffd03fe02ff03fe05fb01fefc08f90cf607fb000401010cff0ffd08fd03060006fffefffc01fe01fd01fd01000002fa00fdff00000000000000000000000000000000000000ff02ff03000100fffffefeffff0101020102010000fffd01fc02fe01010002000101ff02fcfefcfa01fd02030004fd04fb03fd02fe
1367,251450968,-93,11,128,1,0,1,4ff11400f4fcf7fdfcfffe03fe05fe07fe07fb09fa0cfb0cfc0bfb0bf90bf90bfa0afb07fe07ff0600040003000404040805070705060101000000000000000000000000000000000000fffffefcfefafef8fff700f5fff500f501f301f403f502f6fff7fff800fa01fb00fafdfbf8fdf3fdf1fdf0fdf0fdf2fdf1fdeefceff9
1368,251594962,-91,11,128,1,0,1,fffddf41fff801f901fcfffdfe000001000001ff01000100fffeffff000000000001fe03fe02fe00fe00fefffefffeffff01ff00ffffffff0000000000000000000000000000000000000000ff01fe03ff0300ff01fa03fb03fe0100ff01ff03ff03010302030000fd01fd04ff0201fe02ffff00feff0b0514090802fefc00fd
1369,251595094,-94,11,128,1,0,1,40000441fe04fe04ff0100000001ff0000ff01fe00fe010002fe01fc01fd00fe00fefffd00fb00fcff00ff0000fefefffcfffdfffe01ff0000000000000000000000000000000000000000010104ff0100fe04fd02fdfefefdfdfdfbfefdffff00ff01ffff00fe01ffffffff01ff02ff0000ff02ff0102f507ec03f5ffff0003
1370,251612363,-91,11,128,1,0,1,17755141120a0a0302fd01fe01ff0000fd00ff01040004fffffffd02fd02fefffefdfffd01ff0101ff01fe01ff01ff02ff02000201030001000000000000000000000000000000000000ff00ff02000100010100020002ff01fffffefffd00fdfefdfffe0000ff00fffffdfffd0001fc03f903fa02fe02010000f6fceff9fafb
1371,251758187,-92,11,128,1,0,1,4ff11400030a03050500070007fe07fd07fd06fd07fe09fe0bfd0bff0902080106020602060004ff02ff03fe01fb00fa02fa03f903fa00fe000000000000000000000000000000000000ff00fc00fc01fd03fe04fd05fc08fb08fb07fb07fc08fd08fd07ff070005010403060406040306030808070b08090a09080908090909
1372,251799499,-95,11,128,1,0,1,bee66b41fd020302030000fefefe00ff02fb01f6fdf8f6fff600fff903f402f607fb09fb05f700f902fd07fe05010102000001000002ff0000000000000000000000000000000000000001ff04fc02fc01fc01fb01fd0100ff03ff06ff06fb03f800f902fa01fd00fd01f901fc0000fdfefbfdfcfeff00ff03fb06fc05fe04fb
1373,251860579,-92,11,128,1,0,1,4ff11441080003fc01fc01fc01f901f801fa01fb02f904f605f704f804fa06f904fb03fd03fd03fe04fe01fdfdfcfcfdfdfbfefa00fa00fe00000000000000000000000000000000000000ff03ff0302030505050606040a030b020b010b010801070005ff00fffe0100020303030302060009ff09ff0a000e000e010d031004
1374,252167777,-93,11,128,1,0,1,4ff1144101f401fafffcfcfcfa00fa03fa04fa05f806f505f304f502f800f901fa01fb01fb01fa01fb01ff0102010304010500040004000000000000000000000000000000000000000000000002030106ff06ff040103010701080306040602060206020401030104fe04fb01f9fff900f800f8fef700f5fff4fdf5fef501f5
1375,252270205,-92,11,128,1,0,1,4ff114410802070005fe05fd07fc08fa06fa05fa06f906f905fb06fc06fb05fd06000602060104000100010102ff02fe03fd04fd05fd01ff00000000000000000000000000000000000000ff01fc02fb05fb05f904f805fb05fd06fd06fd06fd09000b0208010400020103000200000001fd04fb0afc0dfd0ffd10fd0ffd0bfd
1376,252756984,-92,11,128,1,0,1,7ddcc741fffd02fc01fe06fc0bf607f807030706ff04fc00fffffe03ff05fe02f903f504f200f302f502f4fbf8f801fc0501060005fb00fe000000000000000000000000000000000000ff00ff03fe02fdfffcfefdfdfffcfefdffff0001000101fe01fdffffff01ff00ff00fffffffefefffdfffbfffbfffcfdfffc02010203
1377,252884599,-90,11,128,1,0,1,4ff11400f4fbf6fcf8fcf9fefa00fb04fc09fd0bfc0af70af30af609f906f904f803f804f804fb04ff04010403040405030502060007ff0100000000000000000000000000000000000000ff00fcfffcfdfdfbfaf9f7f9f4faf1fef000f1fef3fef5fff600f6fdf8fcfcfdfdf9fcf4fbf2fdf1ffeffdeefcedfbeefaeefaecfa
1378,253003251,-93,11,128,1,0,1,2eedd24100fe01ffff0000020107020c0309ff06000504020102ff05000500ff01fa03f704f509fb0d020b03090207fc03f704fd04030001000000000000000000000000000000000000ffff00fd00fcfefcfdfdffff010002000101fffffffd00fdffff00ff02fe04fc03fd00fe00ff010001fe02fd05fe05fe020000020103
1379,253601426,-95,11,128,1,0,1,4ff11441f8f8fafafafefa00f900f700f502f403f403f402f703f803f702f800fb00fd00fdfffcfffd01ff03ff0400040104fe03fa05fe01000000000000000000000000000000000000fefffafefbfefcfffcfdfcfafaf7f8f6f9f8fbf9fcf9fdf9fffa01fcfffcfcfcfbfbfafbf9fcf8fefafffbfef7fbf3f9f4f9f5f8f6f7
1380,254241219,-94,11,128,1,0,1,6ccbb641fdfcfdfcff00fe04fe03fe01fe00feffffff00fd02fc0300ff03fb02fd01000000ff00ff00ffff01000000ff00000000ffffff00000000000000000000000000000000000000ff00fe0000ff00ffff000000fffffc00fc02ff0102ff0200ff00fcfffeff01000002fd00fdfcfff900fcfe00f805f20bfa08000100fe
1381,254241838,-91,11,128,1,0,1,ceebbc41ff0101fe03fdfffefbfffffe01fefffffd00fb00fb02fd04fd02fdff00fd01fbfefcfdfefcfdfffd01ff00ffffffff00ffff00ff0000000000000000000000000000000000000100040000fffefffd00fe0001ff02fe02fd00fcfcfefeff01000002fe01ff0002010006fe0501fe01fc0001010d0216030d040103fc
1382,254346989,-93,11,128,1,0,1,e22eee410001000000ff00000002ff00fffe00ff02000e0017000a0000ff05f40aed05f800030002fe00ffff01ff00ffffff00ffff00ffff000000000000000000000000000000000000ffff00ff00fefffefe00fffffefefdfffe01000200020201020000fefefcfcfcfeff01ff00fdfefdfe02ff030002fd03fe0401040002
1383,255849829,-94,11,128,1,0,1,c88aac41fffe01fd0000ff010102ff02fb04fd0502020207040e080d0407fd0003f905fa0102010300fe01fd01fefffd00fb01fb01f900fe00000000000000000000000000000000000001ff04fe00fffd00fe02ff03000101ff02fe03ff020000ff00fdfefdfbfefdfefefffeff01fe0400020300030000fd01fc03fe03ff02
1384,255939094,-95,11,128,1,0,1,788ee741ff01fe01010002fdfffd0100090006ffffff080210070f07090401020108030601f9fef6fdfafdfffd00ff00060109010bff03ff00000000000000000000000000000000000000fe00fbfffc00fbfffbfefeff0002fe02fdfefefffe0100020001fe00fd00ff02000300030105030301fbfef9fbfdfafffb00feff03
1385,255956691,-91,11,128,1,0,1,4ff1140002f7fff9fcfafbfafafcf7fff6fff4fef2fdf0fbf0fbf3fcf3fcf4fdf2fef2fef6fefb01fe03ff03ff06ff08ff07fd05fb03fe000000000000000000000000000000000000000100050202020300060108040a040b03080308050a050a050807060604040404040103fd02fa03f603f203f103ef02ed04ec07ef09f1
1386,256018162,-97,11,128,1,0,1,40033441fd07ff03ff00fe0001000200fcfff8fbfefbfffdfcfefffc01fb01fd00ff00fc01f9fff9fdf7fdf802ff06020300030105030101000000000000000000000000000000000000ff00feff00fe00fffffffe00fe00fd00fb00fb01fe01ff01fd00fcfefefeffff00ff01ff00fffefffdfffc01fe0000fefefdfefffe02
1387,256021442,-92,11,128,1,0,1,9aadd941fcfeffff02fe02ff03ff02fdfafaf6fcfd0109fc11fd12070b0501fef703f607000305020301ff00ff01020102fc04fb0afd03ff00000000000000000000000000000000000000ff04fd04fd0400040104fe01ff00040003fffffffe0003ff06010102fe0000fe03fe04fc03fdfffffefe00fdfefdfbffffff0201ff
1388,256025688,-91,11,128,1,0,1,d33bbd41fdfefeffff01fe00fdfefcfbf9fcf903000306fb0dfa11030d0300fef403f503fe010304020500fefffc000006ff090108080102000000000000000000000000000000000000fe00fa02fc00ffff01fe01fe000000000000fe01ff0100fe00fcfffdffff00ff01ffffffffffff01ff02ff0000fe02fe02000001fe00
1389,256029897,-94,11,128,1,0,1,8bb99841ffff00ff000100010001fffffdfafbfcfc0204030906080d060700fef700f8010002050505050101fdfefcfdfff906f90afe020000000000000000000000000000000000000000ff01fe00fefffefeffffff00fffe00ff0101010000000001fe01fe02000301ff01fe01ff01fd01fa00fcfd00fc02fe00ffff010005
1390,256161510,-92,11,128,1,0,1,4ff114000a0007fc05fc05fc02f900f600f7fff6fef4fef2fef2fff3fff400f6fff8fdf8fdf9fdfcfefcfefafdfdfafef9fefafff9fffeff0000000000000000000000000000000000000000ff01fc02fb03fd05ff07000901090007fc0bf80df809fc06ff06fe040102020302040503070107010a000c000bff0eff0f020d03
1391,256468716,-92,11,128,1,0,1,4ff11400f9fbfafcfbfffc01fc01fb03fa07f908f707f608f508f506f506f708f705f903fb02fb00fcffff02010301030005010602060001000000000000000000000000000000000000fffffefefffcfefafdf8fcf9fbf8fcf7fef9fff9fff601f702f802f901fbfffbfcfbfcfdfbfdf8fef6fef5fcf4fbf3fcf5fcf6f9f4f8
1392,256571105,-92,11,128,1,0,1,4ff1140006f203f600f9fefbfdf9fcfafafcf9fcf8fbf8f9faf6faf7f9f7faf7fbf8fcf9fefafefbfbfbfbfcfafef900f8fff9fff9fefeff0000000000000000000000000000000000000100060107fc08f906fa05fa08f909fc07ff0600070109000bff08ff0400020002ff01fefffbfef8fff604f607f807f608f408f207f0
1393,256775924,-91,11,128,1,0,1,4ff1140003f500f7fffafdfafbfafafbfafdf9fef7fff5fbf7f7faf7faf9f9f9f7faf8fbfcfdfd00fd02fd02fefffefffd01fb03f902fe000000000000000000000000000000000000000000030003ff03fc05fc06fe07ff0800080309020a010a01090205020301060007fe07fc05fa03f902f905f807f507f205f305f706fa
1394,257083123,-91,11,128,1,0,1,4ff11400050602030202040205ff05fb08f709f409f60bf80efb0dfe0bff0bfd0afd08ff08ff07fe03fe01fc00fafff9fff8fff8fdf8fffe000000000000000000000000000000000000ff00fe01020202050206030603080209fe0bfa0dfa0cfc09ff07ff07fe07000804080708070807080e06130510050c070a09070a070a
1395,257697535,-92,11,128,1,0,1,4ff114000602040004fd02fb00f8fef7fff503f603f600f6fef4fef300f603f703f602f802fa01fbfffcfefdfffefd01fb01fa01fa02fe00000000000000000000000000000000000000000101030203030504070308010901090209030a020b000bff0a010903040401030002ff04000901090007ff0bfd0ffc0ffc0efc0ffd
1396,257799934,-92,11,128,1,0,1,4ff11400fbfafafcfcfefc00fbfffa00fa01f903f606f507f504f601f802f804f907fa06fb03fc02fd02ff020102020503070105ff03ff0000000000000000000000000000000000000000fe01fa02fc02fd02fc01f902f604f606f607f807fa06f904f804f803f803fb02fbfffafefdfafef7fbf6f8f7f5f7f4f3f4f1f3f3f5
1397,258107142,-92,11,128,1,0,1,4ff1140009000600040004fe05fc04fa03f704f804f804f606f708f909fb09fa07f908fb07fc04fc01fcfffcfffb00fafef9fdf9fff900fe00000000000000000000000000000000000001ff04fe03ff05ff06ff08010903080509070a0508040504030404030402030003fe03ff04fe04fb06f908f90bfc0fff11fe13fd13fc
1398,258209562,-91,11,128,1,0,1,4ff1144100f4fff7fef8fdf7faf8f9faf8fbf4fcf2fbf2f8f4f7f5f6f5f6f5f7f8f7faf7fbf9fcfcfb01fa03fd02fe03fc04f904f902fe0000000000000000000000000000000000000001ff05fd02fb01f904fa06fc07fc08f909fc0bff0cfd0bfd0cfe0bfd08fe06fe05fc04fb01f8fef7fef6fdf4fdf3fff301f102ee01ee
1399,258486813,-31,11,128,1,0,1,1ee0010013f415f317f319f319f419f518f717f815f812f80ff80cf709f507f306f106ee07ec09eb0aea0ceb0ded0eef0ef10df40df503fd00000000000000000000000000000000000003030c0e0c0f0a0f090f080f080e080c090a0a090c070e06110614061606170718081809180a170a160a140a120810060f03100010fe
1400,258493533,-31,11,128,1,0,1,1ee00100170b190c1b0e1b0f1b11191217111610140f120c10090f060f0210fe12fc14fa17fa19fb1afc1afe1a0018021604130412050401000000000000000000000000000000000000fe05fa15f915f814f713f712f811f910fb10fe0f00100312051407170819081b081d071e061e041d031c031a0317051307100a0e0c0c
1401,258496957,-31,11,128,1,0,1,1ee00100f614f517f418f219f118f017f015f113f311f510f80efb0dfe0d010e040f051205140515041702170016ff15fe13fd11fc0fff03000000000000000000000000000000000000fbfeedfaedf8edf7eef7f0f7f1f7f1f9f2fbf2fdf100f002ed04eb06e907e807e606e505e504e503e602e802eb02ef04f106f308f50b
1402,258502581,-31,11,128,1,0,1,1ee00100e606e306e106df05df04e002e101e301e601e901ed03f005f208f40bf50ff412f214f015ee14ed13ec11ec0eec0cee0aef08fb02000000000000000000000000000000000000fefaf8eaf9eafbe9fceafdebfdecfceefaeff8f1f5f2f2f3eff2ecf1eaf0e8eee7ece7ebe8eaeaeaebebedeceeeff0f3f0f7effaeefc
1403,258563914,-31,11,128,1,0,1,1ee001000219021c011e001ffe1ffd1efc1cfc19fd16fe130110040d070b0b0a0e0a110c130e1310131211130f130d130b120810070f0103000000000000000000000000000000000000faffeafeeafceafbecfaedfaeffbf0fcf2fff302f205f109f00cee0fec10ea11e711e610e60ee60de70cea0aed0af10af50bf90efc10
1404,258567341,-31,11,128,1,0,1,1ee0010019041c051e061e071e091c0a1a0a18091507130510020efe0cfb0cf70df30ff111ef13ef15ef16f116f315f514f712f910fa04fe000000000000000000000000000000000000fd04f613f412f311f310f40ef50df70cfa0cfd0c010d040f061208150918091a081c071d061d041c031a031804140510070c0b0a0e08
1405,258568564,-31,11,128,1,0,1,1ee00100e6fde3fde1fbe1fae0f9e2f8e4f7e6f7e9f9ecfbeffef101f205f309f20cf10fef10ed10eb10ea0ee90cea0aeb08ed06ef05fc0100000000000000000000000000000000000001fa06eb07eb08ec09ed09ef08f006f103f200f2fdf2f9f0f7eef4ebf3e9f3e7f3e5f4e3f5e3f7e4f8e6f9e8f9ecf8f0f6f4f4f7f1f9
1406,258587654,-92,11,128,1,0,1,477ee441fffeff00fe00fffe01fa02f902f803f80503060c0a0408f703f308fb09050508020803050401010000ff03fe07ff07fd03f800fd000000000000000000000000000000000000ffff00fd01fe0100fffffefe01000001fefffeffffffff00ff01ff0000ff01fe01fd01fd01ff01fffffeff00fe02fe02fe02fe020101
1407,258619185,-92,11,128,1,0,1,4ff1140006f904f902fbfff9fef8fcf9f8f6f6f4f8f4f8f4f7f5f8f6faf5fff602f602f6fff8fffbfefcfefdfffefffefcfefafef9fffeff00000000000000000000000000000000000000fe02fc04fd07fb06fc05fd07fc09fe0b000cff0cfd0bfc09fe0801070103ff01fe02fe02fe01fb03f506f306f406f408f209f109f2
1408,258626491,-31,11,128,1,0,1,1ee00100eaeee8ece7eae7e8e8e7eae7ece7ede9efebf0eef1f2f1f6f0faeffeec00e902e602e401e3ffe3fde4fbe6f9e8f7ebf7eef7fbfd00000000000000000000000000000000000003fb0fee10ef10f010f20ff30ef40cf409f306f204f002ed01e900e600e401e102e003df04e005e105e305e503e901ecfdeefaeff6f0
1409,258653314,-31,11,128,1,0,1,1ee0010016f919f81bf81cf91cfa1bfc1afd18fd15fd12fc0efb0bf909f607f306f006ed08eb0aea0bea0ceb0ded0eef0df10cf30bf502fd00000000000000000000000000000000000000050114ff14fe14fd13fd11fd0fff0e010d040b070b0a0b0e0c100e120f131113131314121510140f130d120c0e0b0b0c070d030f01
1410,258654070,-31,11,128,1,0,1,1ee001001a011d021f03200420051e071c071a071705140311010ffd0df90cf60df20eef10ee13ed14ee15ef16f215f414f612f810f904fe000000000000000000000000000000000000fe05fa16f816f714f613f612f710f90ffc0e000e030e07100a120c150d170e1a0d1c0c1d0b1d091c081a0818071408100a0c0d090f06
1411,258882040,-31,11,128,1,0,1,1ee00100e9f7e6f6e5f4e5f3e5f1e7f1e9f1eaf2ecf3eef6f0f9f1fcf1fff003ef05ed07eb08e907e706e704e802e901eaffedfeeefefbff00000000000000000000000000000000000001fb06ec07ec08ed09ee08f007f106f203f201f2fef1fbeff9edf7eaf7e8f7e6f8e4f9e4fae4fbe5fce6fce8fcebfbeff8f2f5f4f3f5
1412,258882583,-31,11,128,1,0,1,1ee0010017f11af01cf01df01ef11ef31cf51bf618f714f611f60df50af207f006ed06ea07e809e60be60de60ee80feb0fed0ef00ef203fc00000000000000000000000000000000000003040e120d130b140a1308120810080f090c0b090e071106150618061b071c091d0a1e0c1d0d1b0d190d170c150a1206110211fe11fb
1413,258883802,-31,11,128,1,0,1,1ee00100e400e200e000dfffdefde0fce2fbe4fbe6fce9feec00ef03f006f109f10df00fee11ec12ea11e910e90ee90bea09ec07ed06fb01000000000000000000000000000000000000fffafee8ffe801e802ea02eb02ed00eefef0fbf1f8f1f4f0f1efeeededebece9ece7ece6eee5efe6f1e7f2e9f3ecf3f1f2f5f0f8eefa
1414,258884229,-31,11,128,1,0,1,1ee0010016f919f81bf91cf91dfb1cfc1afd18fe16fd13fc10fb0df90bf70af409f20aef0bed0dec0fec10ed10ef11f110f30ff50ef703fd0000000000000000000000000000000000000204081206130513031203110310030e050d070b0a0a0d09100a130b150c160e1610161115111311121111100f0d0e0a0e060f021100
1415,258926367,-91,11,128,1,0,1,4ff11400f8f6faf9fafefb00fe01fd03fa05f708f60bf70bf809f707f608f607f805f906fa06fb04fd030002020203030304030304020100000000000000000000000000000000000000fffffffb01fc03fd03fd03fa03f804f706f808f909f809f808f906fb03fe04fe03fcfefbfaf9faf8faf8f7f7f4f4f3f3f3f4f2f4f2f1
1416,258950890,-31,11,128,1,0,1,1ee0010005e805e506e308e209e20ae30be50be709e907eb05ed02effff0fbf0f9eff7edf6ebf6e9f7e7f9e6fbe7fde7ffe900eb01ed00fb00000000000000000000000000000000000005ff14ff1500140113021203110210010f000efd0efa0ff711f513f214f116f118f119f21af319f419f517f614f610f60df40bf209f0
1417,259003810,-31,11,128,1,0,1,1ee0010012f014ee16ed18ed19ee19f019f217f315f412f50ef50bf507f305f103ef02ec03e904e806e708e709e90beb0bed0bf00bf202fc00000000000000000000000000000000000004030f0e0f0f0d0f0c0f0b0f0a0e0a0c0b0a0c080e0610041303160218021a031c041c061c071b081908180715061204110010fc10f9
1418,259005021,-31,11,128,1,0,1,1ee00100150a170b190d1a0e1910181016101410120e100c0f090e050e020efe10fb12f914f916f918fa18fc18fe17001502120211030400000000000000000000000000000000000000fe04f713f612f512f510f50ff60ef70ef90efc0efe0f01110313041505170519051b041c031c021b011a011802150312050f080d0b0b
1419,259005465,-31,11,128,1,0,1,1ee001001aff1dff20002201220321041f051d051a041703130111fe0ffa0ef70ef30ff011ee14ed16ee17ef18f217f416f714f913fb04fe000000000000000000000000000000000000000501170017fe17fd16fd15fd14ff1201110410060f0a100d111013121413161319131a121b101a0f1a0e180d140c100d0c0f081106
1420,259006099,-31,11,128,1,0,1,1ee00100150a170b190d1a0e1910181116111410120e100b0e090e050d020efe10fc12fa15fa17fa18fc19fd180017021503120310040401000000000000000000000000000000000000fe04f913f813f712f611f610f70ff80efa0efd0e000f02100513061507170719061b051c041c031b021a021802150312060f090d0b0b
1421,259006627,-31,11,128,1,0,1,1ee0010019061d071f082009200b1e0c1c0d1a0c180b1509120610020ffe0ffa10f713f415f317f319f41af61af819fb18fd15ff13000400000000000000000000000000000000000000ff05fc17fa17f916f815f814f912fa11fc10ff100210061209140b160c180c1a0c1c0c1e0a1e091e081d071b07170813090f0c0c0e0a
1422,259058988,-32,11,128,1,0,1,1ee00100fb17fb1afa1cf91df71df61cf51bf519f617f814fa12fd10000f040e070f09100a130a150a1708170617041702150014ff12ff04000000000000000000000000000000000000fa00ea00eaffeafdebfcecfcedfceefdeffff001f004ef07ee09ec0ceb0de90ee70ee60ee50de50ce60be70aea09ee09f10af40cf50d
1423,259110622,-32,11,128,1,0,1,1ee00100110c140d150e160f161115121312121110100f0f0d0c0d090d060d040f011100130015001601160316051407130810080f090302000000000000000000000000000000000000ff04fd12fc13fb13fa12fa11fa11fb10fc10fe0f000f0210041205130615071606180619051a041a04190318031603130511070f090d
1424,259111095,-33,11,128,1,0,1,1ee00100e9fee6fee5fee3fde2fce3fae4f9e5f9e7f9e9faecfceefeef01f003f006ef08ed0aeb0aea09e908e907e905ea03eb01ed00fbff000000000000000000000000000000000000fefbf8edf9ecfaecfbecfcecfcedfceefbeff9f0f8f1f5f1f2f1f0f0eff0edeeedececebedeaeeeaefeaf0ebf1edf2f0f2f3f1f6f0f7
1425,259111547,-33,11,128,1,0,1,1ee00100f110ef13ee14ed15eb15ea14ea12eb11ec0fee0ef00df30cf60df90efb10fd12fd14fc16fa17f917f716f614f412f410f40efd03000000000000000000000000000000000000fbfeecfbecfaecf8edf8eef7eef8eff8effaeffbeffdeeffec01ea02e803e704e503e403e402e401e400e500e800eb01ed03ee05ef07
1426,259170224,-33,11,128,1,0,1,1ee00100ea07e808e609e409e308e307e305e404e504e803eb03ee04f006f208f30bf30df20ff011ef11ed10ec0feb0ceb0aec08ed06fb01000000000000000000000000000000000000fcfdf1f3f1f2f2f1f2f1f3f1f4f1f4f1f4f2f3f4f2f6f0f7eef8ecf8eaf9e9f8e7f7e6f6e6f5e6f4e7f4e8f4eaf5ecf7edf9edfcedfe
1427,259171031,-32,11,128,1,0,1,1ee001000aed0bea0ce90de80ee70fe80fe90feb0fec0dee0bef08f005f103f100f0ffeefeecfeeaffe900e802e804e905eb06ed07ef01fb0000000000000000000000000000000000000400120112021203120311041104100410030f010fff0ffd10fb12f913f815f716f718f718f819f818f918fa15fa13fa10f90ff70ef6
1428,259174528,-33,11,128,1,0,1,1ee00100eff1edf0ebeeebedebebecebedeaeeebf0ecf1eef2f0f3f3f2f7f1faeffcedfdebfde9fce8fbe8fae9f8eaf6ecf5eef5f0f5fcfd00000000000000000000000000000000000001fb05ee06ed07ed08ee08ee08ef08f007f005f103f001efffedfdebfceafce8fce6fde4fde4fee4ffe500e6ffe8ffebfdedfbeff9f0
1429,259227557,-33,11,128,1,0,1,1ee0010015fe18fd1afd1bfe1cff1c001c011a0218021601130011fe0efb0df90df60df30ff211f112f114f214f314f514f813f912fb04fe000000000000000000000000000000000000010407110612051304130312031203110410050e070d090d0c0d0f0d110e120f1310141213121213121311120f100e0e0d0b0e080f06
1430,259228858,-33,11,128,1,0,1,1ee00100150517051a061b071b091b0a190a180b160a1408120610040f010ffe10fb11f913f815f817f917fb17fc17fe160014011202040000000000000000000000000000000000000000040313021300130013ff13fe12ff120011010f030f060f090f0b100c110d130e150e170d170c180b180a17091409110a0e0b0c0d0a
1431,259230163,-33,11,128,1,0,1,1ee00100f211f114ef15ee16ec16eb14eb13ec12ed10ef0ff20ef50df80dfb0efd10ff12ff14fe16fc17fb18fa17f816f714f712f610fd03000000000000000000000000000000000000fbfeedfaedf8edf7eef6eef6eff6f0f7f0f8f1faf0fceffeed00eb02e903e804e603e503e402e401e500e6ffe800eb01ee03ef05f007
1432,259230544,-33,11,128,1,0,1,1ee001000aec0be90ce80ee70fe710e810e910eb0fec0dee0bef08f005f102f0ffeffeedfdebfee9ffe700e702e704e805ea06ec06ee01fb0000000000000000000000000000000000000400130213031304130512061106110510040f020f0010fd12fb13f914f816f718f71af81af81af91afa19fb16fb13fb10f90ef70df6
1433,259236974,-33,11,128,1,0,1,1ee001000e10101212141215111710170f170d160c140b120b0f0b0c0b090d070f0512041404160517071608150a140b110c0f0c0d0c0303000000000000000000000000000000000000fd04f711f611f411f310f30ff30ef40ef60df80dfa0efc0ffe12ff1400160018ff1afe1bfd1bfc1bfb1afb19fb16fd13ff110210050f
1434,259239507,-33,11,128,1,0,1,1ee00100eafce7fce5fce4fbe3fae4f8e5f8e6f7e8f8ebf9edfaeffdf000f103f006ef08ee09ec0aea09e908e906e904ea02ec01ed00fbff000000000000000000000000000000000000fefbfcecfdecfeebffeb00ec00edffeeffeffdf0fbf1f8f1f6f0f3eff2eef0edefebefe9f0e8f1e8f2e8f3e9f4ebf5eef5f2f3f4f2f6
1435,259240153,-33,11,128,1,0,1,1ee00100f9eaf8e8f8e6f8e4f9e3fae3fce4fce5fde7fdeafcecfbeff8f2f6f4f3f5f1f4eff3eef2edf0eeeff0eef2edf4edf6eef8effefb00000000000000000000000000000000000003fd0ff410f511f511f611f711f810f80ef80df70bf50af309f009ee09ec0aea0be80de80ee80fe90fea0feb0ded0aef07f004f002f0
1436,259869017,-30,11,128,1,0,1,1ee001000ef010ed12ec14eb15eb16ec16ee15ef13f110f30df409f505f401f3fef1fceefbecfbe9fce7fee6ffe701e803ea04ec05ee01fb0000000000000000000000000000000000000204081008110612061205110410040f050d060b09080b070f06120514051706180719081909180a170a160a130910060e030eff0dfc
1437,259870451,-30,11,128,1,0,1,1ee00100fe15fe18fe1bfd1dfc1dfa1df91bf919f917fa14fc11ff0e030c060a0a0a0d0b100c110e111111120f130d140a13071206110104000000000000000000000000000000000000fbfeedf9edf8eef6eef5f0f5f1f6f2f7f2f9f3fcf3fff202f005ed07ec09e90ae70ae60ae509e508e607e706ea06ee06f207f509f80b
1438,259930538,-30,11,128,1,0,1,1ee00100f315f119f01bee1bed1bec1aec18ed16ee14f112f510f90efe0e020e061008120a150a18091a081b061a041a02180015ff13ff04000000000000000000000000000000000000fcfbf1eff1eef2edf4ecf5edf6eef6f0f6f2f5f5f3f8f0fbedfde9fee6ffe4ffe1fee0fde0fce1fae2fae4fae8fbebfdee00f004f107
1439,259931480,-30,11,128,1,0,1,1ee0010016081a091c0b1e0c1e0e1c0f1b0f190e160d130b11080f040eff0dfb0ef710f413f215f118f219f319f518f817fa15fc13fd04ff000000000000000000000000000000000000fc04f210f110ef0fef0eef0df00cf20bf40bf80bfb0dfe0f001202150318031b031d021f011fff1eff1dfe1bff1701130310070d090b
1440,259931968,-30,11,128,1,0,1,1ee00100f516f319f21bf01cee1ced1bed19ee17ef14f212f510f90efe0e020e060f09120a150a170a19081a061a03190117ff15fe13ff04000000000000000000000000000000000000fbfceff1eff0f0eff1eef3eff4f0f4f1f4f4f4f7f3faf0fcedffea00e701e402e201e000e0ffe1fde2fde4fce8fdebffee01f105f208
1441,259933715,-30,11,128,1,0,1,1ee00100ee0dec0fea10e810e710e70ee70de90beb0aee09f109f509f90afc0cff0f001200140016fe18fc18fb17f916f813f811f80ffe03000000000000000000000000000000000000fefbf9eefaedfbecfcedfcedfdeffdf0fbf2faf4f7f6f5f7f1f7eef7ebf7eaf6e8f4e7f3e7f2e8f2eaf2ebf3edf4f0f7f1fbf2fef201
1442,259934129,-30,11,128,1,0,1,1ee0010017fd1bfc1efd1ffe20ff1f011e021c031902160112000ffd0cfa0af609f20aef0cec0eea10ea12eb13ed14ef13f212f411f604fd000000000000000000000000000000000000ff05fc15fb15fa15f914f813f811f910fb0ffe0e020d050e090f0c110e130f15101710190f1a0d1a0c1a0b180a1509110a0c0c090d06
1443,259992546,-30,11,128,1,0,1,1ee00100ebf3e8f1e6f0e5eee5ece7ebe9ebeaececeeeef0f0f4f1f8f2fcf100ef04ed06ea07e807e506e505e502e600e8feeafdecfcfbff00000000000000000000000000000000000003fc0ef00ff010f110f210f30ff40df50bf508f406f203f001ed00eaffe7ffe500e301e102e103e204e304e503e801ecfeeffbf1f8f2
1444,259992945,-30,11,128,1,0,1,1ee0010016071a081c091e0a1e0c1d0d1b0e190d170c140a11070f040e000dfb0ef710f413f316f218f319f419f619f917fc15fd13ff04ff000000000000000000000000000000000000fd04f612f412f312f311f30ff30ef50ef70dfa0dfd0e0010031205150617061a061c061d051e031d021d021b021703130510080d0a0b
1445,259994412,-30,11,128,1,0,1,1ee00100fae8f9e4f9e2f9e0fadffcdffde0fee2ffe5fee8fdecfbf0f8f3f5f6f1f7edf7ebf6e9f4e8f2e8f0eaeeeceeefeef2eff4effdfc00000000000000000000000000000000000005ff15ff15001502150214031203110210000efe0dfb0df70ef30ff011ee13ec15eb16eb17ec18ed17ee16f013f10ff30bf307f204f0
1446,259996528,-30,11,128,1,0,1,1ee0010016f819f71cf61ef61ff81ff91efb1dfc1afc16fc12fb0efa0bf708f406f006ed07ea09e80be70ce70ee90feb0fed0ff00ef203fc000000000000000000000000000000000000000501150015ff15fe15fd13fd12fe11000f020e050d090c0d0d100e120f14111513151415151316121611140f110e0d0d090e050e02
1447,259996932,-30,11,128,1,0,1,1ee0010001ea01e702e503e305e306e307e507e707e905ec03ef00f1fdf3f9f4f6f5f3f4f1f2eff0efeef0ecf2ebf4ebf7ecf9eefbeffefb00000000000000000000000000000000000004011106110710090f090f090e080d070c050c030c000efd10fb12f913f715f617f618f619f719f818f917f914fa10fa0df80af608f4
1448,259999752,-30,11,128,1,0,1,1ee00100e8fae4f9e2f8e1f7e0f5e1f4e3f4e5f4e8f4ebf6eef9f0fcf201f205f209f00cee0eeb0fe90fe80de70be708e806eb04ec02fb0000000000000000000000000000000000000002fb09ed0aed0bee0cef0cf00bf10af107f204f201f1fef0fcedfaebf8e9f8e6f8e4f8e2f9e2fae2fbe3fce5fce8fbecf9f0f7f3f4f5
1449,260008915,-30,11,128,1,0,1,1ee0010016f719f61cf61ef61ff71ef91dfa1cfb19fc15fc12fb0ef90af708f406f006ed07ea08e80ae70ce70ee90feb0fee0ff00ef203fc0000000000000000000000000000000000000005021501150015ff15fe13fe12ff11010f030d060c090c0d0c100d130f14101512151415151415121511130f110d0d0d090e050f02
1450,260010266,-30,11,128,1,0,1,1ee00100f0edeeeaede8ece6ede5eee5f0e5f2e7f3e9f4ecf5f0f4f4f3f9f2fcefffec01e901e600e5ffe4fde5fbe7fae9f8ecf8eef8fbfe00000000000000000000000000000000000004fe13f814f914fa14fb13fc12fc10fc0efa0cf90af609f308ef08ec09e909e70be50ce40de40ee60ee70de90beb08ee04f000f0fdf0
1451,260010674,-30,11,128,1,0,1,1ee00100eeeeececebeaeae8eae7ece7eee7efe8f1eaf2edf3f1f3f5f3faf1feef00ec02e903e702e501e5ffe5fde6fbe9faebf9edf9fbfe00000000000000000000000000000000000004fd12f512f513f713f812f911f90ff90df80bf708f407f106ee05ea05e806e607e409e30ae30ae40be60ae708ea06ed02effef0fbf1
1452,260011256,-30,11,128,1,0,1,1ee00100ea04e805e604e404e303e401e500e600e900ec00ef01f203f506f709f80cf80ff712f513f314f113f011f00ff00df10bf209fc0200000000000000000000000000000000000000fb00ed01ed03ed03ed04ee03f003f101f2fff3fcf4f9f3f6f2f3f1f1f0f0eeefecefebf0eaf1eaf2eaf3ecf4eef5f2f5f6f3f9f2fb
1453,262218166,-94,11,128,1,0,1,288cc241ff06fe07ff0200fa02fa01fffdfcfcf9000107070208f406f304000208fe06fe04fe06fc06fd0100020005fc03f703fa0700020000000000000000000000000000000000000000ff02fe02fe01ff0000ff00fe00fc01fd01fe02fe0101ff02fd00feff00ff00fffefffefcfffbfffdfefffe02000101ff01ff00fffd
1454,262408077,-90,11,128,1,0,1,4ff1140007fc06fb02fb02fc03fbfff9fbf9f8f9f7f6f8f3fbf3fdf4fdf6fef6fff6fef8fcfbfcfcfdfdfefefdfffb01fb03f903f702fd000000000000000000000000000000000000000000000100020103030502070207030a030c030b020a020a0208ff05000403040603070005fd05fb07fc09fd0bfd0bfa0ffb12fd10fd
1455,262491914,-92,11,128,1,0,1,affbba41ff00fdfefefdfffd02fb04f704f607f802f9fcf800fbff03f908fe0b020c000a01090003fefffe000102030004ff00fff9fcfdfe000000000000000000000000000000000000ff00ff0001ffff00fe01000302020001000002010202ff02fe02ff02fe01fdfffeff00ff02ff02fe02fe0100ff00fefefffdfffefefe
1456,262510482,-92,11,128,1,0,1,4ff11400f8f7f7faf9fffdfffcfff802f504f404f206f206f404f601f5fef4fef601f7fff9fdfbfffb03fc05fc05fc05fe06fe05fd03ff0000000000000000000000000000000000000000fe02fb00fbfefcfcfafbf7fcf7fff903f905f705f501f501f702f9fff9fcfafefbfdfcf9fcf7fdf8fcf8f9f8f7f7f5f6f4f7f2faf1
1457,262715269,-94,11,128,1,0,1,4ff114000004fe07ff060101010102030302040208030d050d060a060707050604030504050404040203020203ff04fc04fb02fc01fc00ff000000000000000000000000000000000000fe00fb00fe0000fffc00fa00fa00f700f701f700f5fcf4faf9fffc00fdfdfffcfffefd01fb04fb06fd0afe0dfc0dfc0efe0efe0cf90b
1458,263121576,-91,11,128,1,0,1,d66bbd41fefa01fe02030004fdfefbf9f7f7eff7ee00f606fefd07fb0c020afb07f607fd06fd03ff0003010206ff05fb03f703fb0204000200000000000000000000000000000000000000fefff9fcfafcfefbfffefc00fb00ff0000fffefefc01f901fafffeff000000000101010202020204020203fb04f7fef8f8fdf9fefb
1459,263124873,-91,11,128,1,0,1,4ff11400f9f5f8fbf5fff5fff901fa04f905f808f50af50af807f905f805f807f808f906fa03fb02fc020003020402050505060505060101000000000000000000000000000000000000fffefefc01fd05fc06f905f805f908fa0bfc0bfb09fa08fa06fa06fa07fa06fd02fdfdfbfbfafaf8f8f6f6f4f5f3f5eff3eaf4ecf9f0
1460,263534497,-91,11,128,1,0,1,4ff11400f4fff501f904ff06ff08fc08fb08fc09fe0afe0dfd0bfc09fb0afb09fd07fd07fc07fc06ff020301040304040404040405040101000000000000000000000000000000000000fffefefcfcfcfcfbfcfbfcfbfdfbfff901f700f600f802f800f8fffafffcfefbfefbfdfdfa00f7fff6fef4fff402f402f3fff2fcf5fc
1461,264271638,-92,11,128,1,0,1,2ffbb2410101ff00fefffffffffefc02fc01f9f9f2f9f3fcfcfffd01f6fcf1faf5fdfdfa02fb0000fd01ff01010203040203000002ff010000000000000000000000000000000000000000ff0000fd01fd02fe0100ff02fd00fdfdfffeff01ff01fdfffefe03fe03feff00fe030000fffcfdfcfdfdfbfef8fffafefdfdfefafe
1462,264287482,-30,11,128,1,0,1,1ee00100f212f015ef16ed17ec17eb15ec13ed11ef10f20ef60cfb0bff0a030b070c0a0e0c110d130c150b16091607150514031202100004000000000000000000000000000000000000fffafeeaffea00ea01ea01ec01ee01effff2fcf4f9f6f5f7f1f7edf7eaf6e8f5e6f4e5f2e6f1e7f1e8f1ebf2edf5f0f8f2fcf300f303
1463,264290099,-30,11,128,1,0,1,1ee00100eb0ee811e512e312e211e210e30ee50ce80bec0af109f609fb0bff0d031005130617061a041b031c011bfe19fd17fc14fb12fe0400000000000000000000000000000000000001fa04e805e807e808e908eb07ed06ee03f0fff2fbf3f7f3f2f1eff0ebeee9ece8eae8e9e8e8eae8ebe8edeaf0eef2f2f2f7f2fcf100
1464,264290682,-30,11,128,1,0,1,1ee00100121115131616171817191519131911170f140d110b0c0b070b020dfe0ffa12f715f618f61af71bf91bfb1afd17ff140012010400000000000000000000000000000000000000fa00e802e701e7ffe8fee9fdebfeedfff001f204f407f60bf610f514f417f31af11bef1cee1cee1aee18ef16f213f610fa0eff0d030d
1465,264291190,-30,11,128,1,0,1,1ee00100f7ebf5e8f5e5f5e3f6e2f7e3f9e4fae6fae9fbecfaf1f9f5f7f9f4fdf1ffed00ea00e800e7fee6fce7fbe9f9ecf8eef8f1f8fcfe000000000000000000000000000000000000040113081309120a110a100a0f090d080c050b020bfe0cfa0ef710f412f114f016ef18ef18f018f117f216f312f50ef60af605f502f3
1466,264354672,-91,11,128,1,0,1,4ff1140008fb03fb01f901f800f7fef6fcf5fcf4fbf3f9f4fbf500f603f604f905f705f503f902fc02fe02fd01fbfefbfafbfaf9fdf8fffd00000000000000000000000000000000000001ff06fe04fd04fc05fc07fc07fb09fa0cfc0efe0eff0bfe09fe06fe04fc04fb04fc03fb02fa03f705f405f407f50af60bf60bf40bf1
1467,264559046,-93,11,128,1,0,1,4ff114000305050607050503030003fc03f904f706f608f709f809f90bf90bf807f904fb04fd04ff03ff03fb01f8fff9fffa00fa01fb00fe000000000000000000000000000000000000ffff00ff02010202030303060109020a010a000bfd0bfa09fd07ff06ff05ff0601060204050508060a070a050b030c020c040c070c09
1468,264865727,-91,11,128,1,0,1,4ff11441fff8fdfafcfbfcfdfc00fb01fa01f804f405f304f405f404f502f601f701f802fa02fb02fd02fe01ff000100030204040504010100000000000000000000000000000000000000ff02ff03ff02fe05ff0bff0bff080007ff08ff09fe08fe0701050103ff03fd04fc03fb03f902f6fcf3faf5fdf6fff6fcf5fbf3fff3
1469,265275359,-91,11,128,1,0,1,4ff11400fd0800060106ff05ff02030207030a020b010b010a010a020b030a030803080107ff05020304010000fb00f800f900f9fff9fffe000000000000000000000000000000000000fffffdfffc00fefffefffbfef7fdf6f9f7f8f7f8f6f7f7f6faf6fcf8fdfcfdfffb01fa01fb01fb05fc08fe0bfd0ef90ef70cf90dfc0d
1470,265436439,-93,11,128,1,0,1,799ff7410201ff01fcfffc01f600f500fb0600060000fffe00feffff00fe00fcfcfafafbf601f2fff500fa0cff0c0200fdfbfcf901f900fe000000000000000000000000000000000000fffefffd00ff01ff00fdfffdfffdfffe01ff02fefefdfe00ff00fefefffd01fd02fe02ff0000000002000301040304030101fe01fe01
1471,265684935,-94,11,128,1,0,1,4ff11400fa04fb04fb04ff040404050305050707080a060c040c030b020b01090105030304030303030104ff05fe04fe04fe05fd07fd01ff000000000000000000000000000000000000fffffbfcfbfcfcfbf9faf7fbf8faf7f9f6faf8fafafaf9fafaf9fefbfefdfa00f902f904f904f903f803f506f309f30bf30af109f009
1472,265787348,-91,11,128,1,0,1,4ff11400080507040502040002fc01f905f805f707f609f609f708f908fa08fb09fc08fb04fb04fd04fb01fafffafffafffafef8fef7fffd000000000000000000000000000000000000fe01fc040003010301040004fc06fb07fe05fc03f905fa07fc07fd05ff0301050005020106000605060708060b060a08070b080b0b09
1473,265889748,-91,11,128,1,0,1,4ff11441faf8fcfcfcfcf9fef8fff702f405f304f403f403f300f2fef4fff6fff6fef5fef800fb01fc01fe0200040007fe06fc05fc04ff0100000000000000000000000000000000000000ff00fd01fa02f9fffa00fb03fb04f901f601f705f808f807f805fb02fbfffa00fb01fcfffbfefafdf8fbf4f9f2f7f3f7f4fbf300f0
1474,265993558,-92,11,128,1,0,1,4ff11400f5fbf5fef7fffc0101050109000c000d010cff0cfd0dfd0dfd0dfd0bfe08fe07fe05ff0101000101020104ff04ff04ff0400010000000000000000000000000000000000000000ff02fb01fb01fb01fb00fa02f804f704f804f805f706f806f905fa01fcfefdfefdfffd00fbfdfaf7fdf2fcf1fbf1faf1f9effaeefc
1475,266018814,-30,11,128,1,0,1,1ee00100f8e7f7e4f8e2f8e1f9e0fae1fce3fde5fde8fcebfbeef8f2f6f5f3f7f0f8edf8eaf7e9f6e8f4e9f3eaf1ecf1eff1f2f2f3f2fdfc00000000000000000000000000000000000005ff16ff1600160115021303120210010efe0dfc0cf80cf40ef10fee11ec13ea15ea16ea17eb16ed16ef14f010f10cf208f204f101f0
1476,266023078,-30,11,128,1,0,1,1ee00100e6ffe3ffe1fee0fde0fbe1fae3fae5fae8fbebfceefff002f205f309f30cf20ff111ef12ed12eb10eb0eeb0cec0aee08ef06fb0100000000000000000000000000000000000001fa04ea06ea07ea08ec08ed07ef05f003f100f2fcf1f9f0f5eef3ebf2e9f1e7f1e5f2e4f3e4f5e4f6e6f7e8f7ebf7f0f5f4f3f7f1f9
1477,266024235,-30,11,128,1,0,1,1ee001000019001cff1efe1ffd1ffb1efb1cfb1afb17fd14ff11020e050c090b0c0b0f0c110e1210121211130f130d130a13081107100103000000000000000000000000000000000000faffeafceafaeaf9ebf8edf8eff9f0faf1fdf200f203f007ee0aec0dea0ee80fe60fe40ee40de50be60ae809eb09f009f40af70cfa0e
1478,266061507,-31,11,128,1,0,1,1ee001000f161019101b101d0f1e0d1d0b1b0a1909150911090d0a090c050f0112ff16ff18ff1a001b021a03190517061507120610060301000000000000000000000000000000000000fa00e803e701e7ffe8feebfdedfeeffff202f405f509f60df512f316f218f01aed1aeb1aeb19eb17ec15ee13f110f60efb0e000e040f
1479,266063981,-31,11,128,1,0,1,1ee00100f9e5f9e1fae0fbdefcdefedffee2ffe4fee8fcecfbf0f8f3f4f7f1f9eefaeafae8f9e7f7e6f5e7f4e9f3ebf3edf3f0f4f2f5fcfd000000000000000000000000000000000000050116081609150a130b110b0f090e070d040c000cfc0ef711f314f116ef19ee1bee1def1df11cf31af418f513f60ef609f505f202f0
1480,266064395,-31,11,128,1,0,1,1ee001000ae60ce30de20fe210e210e410e70ee90ceb09ee05f000f1fcf2f7f2f4f1f1eef0ecf0eaf1e8f2e8f4e8f6e9f8ebf9edfbeffefb00000000000000000000000000000000000003040d140b150a15081507130611060e070b09070c041002150019001c001e012002200420051e061c061905150311000dfc0cf80bf4
1481,266065938,-31,11,128,1,0,1,1ee00100e507e208e007df06de05e004e202e502e802ec03f005f408f80bfa0efc12fc15fb18f919f81af619f517f415f412f510f60efd0300000000000000000000000000000000000001fa08e909e90bea0bec0bee0af007f104f300f3fcf3f7f1f3eef0eceee9eee7eee4efe3f0e3f2e4f3e5f4e8f6edf6f1f5f6f2fbf0fe
1482,266066380,-31,11,128,1,0,1,1ee00100eb12e914e714e514e513e511e70fe90eec0cf00bf40bf90cfd0d010f0411061506170519041b021a0019ff18fe15fd12fd10ff03000000000000000000000000000000000000fffafde8fee700e801e902eb01ed00effef2faf4f6f6f2f7edf6e9f5e6f3e5f1e4efe4eee5ede7ede9eeebf0eef3f0f8f2fdf202f205
1483,266070839,-31,11,128,1,0,1,1ee00100f5e7f4e4f4e2f5e1f6e0f7e1f9e2fae4fae8f9ecf8eff7f3f4f7f1f9eefbebfbe8fae7f9e6f7e7f5e8f4eaf3edf3f0f4f2f5fcfd00000000000000000000000000000000000006ff18fd18fe180017011502130211000ffe0dfb0cf70cf30def0eeb10e912e814e716e716e816ea15ec14ee10f00bf107f203f1fff0
1484,266073481,-95,11,128,1,0,1,600dd641fdfd03fe04fd00fefe01020009fd0bfb04fc0004fe0af60ef809fffffbfef801010305050205ff0400010000fd00f7fff2fefcff0000000000000000000000000000000000000000010100000101020302030100010001010100fefffefffdfefcfefdfffffffffdfdfffc03fe04ff02fefffdfdfdfc00fd01feff00
1485,266125498,-30,11,128,1,0,1,1ee0010017f919f81bf81cf91dfa1cfb1afd19fd16fd13fc10fb0df90af708f408f108ee0aec0beb0deb0eec0fee0ff00ff20ef40df603fd0000000000000000000000000000000000000105041403140214011301120111010f030e060c080b0c0b0f0c120d130e15101511151314131313111210110e0e0d0b0d070e041001
1486,266164396,-94,11,128,1,0,1,c00ffc41ff0001ff01fffffffcfcfcfcfc03fe060001fef601f107f403f9fafefa05fe06030106000400ff01fe03ff01fcfd00f907f702fd0000000000000000000000000000000000000000000200ff00fffffffffe01fd01fc01fd02000002fe00fefffeffff0001ff01ff02ff01ff0000ff00fefffffefffefd01fe02fe03
1487,266177398,-29,11,128,1,0,1,1ee00100ebeee9ebe9eae9e8eae7ebe7ede8efeaf0ecf1eff2f3f2f7f1fbeffeec00e900e700e5ffe4fee5fce6fae8f8eaf7edf7eff7fcfd00000000000000000000000000000000000003fb0eee0fef10f010f20ff30df40bf409f306f204f002ed01e900e600e401e202e104e005e106e206e405e604ea01edfdeffaf0f7f0
1488,266178691,-29,11,128,1,0,1,1ee00100e5f9e2f8e1f6e0f5e1f3e3f2e5f2e7f3e9f5ecf7eefaeffef002ef06ee09ec0bea0ce70be60ae508e606e703e902eb01ed00fb0000000000000000000000000000000000000001fa04e906e907ea08ec08ed07ef05ef02f0fff0fcf0f9eef6ebf4e9f3e6f3e4f4e2f5e1f6e1f8e2f9e4f9e6f9eaf8eef6f2f3f4f0f6
1489,266509498,-28,11,128,1,0,1,1ee00100ed0feb12e912e712e512e510e60ee70de90cec0bef0bf30bf60cf90efb11fc14fb16fa18f819f718f517f415f313f310f30ffc03000000000000000000000000000000000000fbfceff2eff1f0f0f2eff3f0f4f0f4f2f4f4f3f6f1f9effbecfce9fde7fde5fce3fbe2fae2f9e3f8e4f7e6f8e9f9ecfbedffee02ee05
1490,266513641,-28,11,128,1,0,1,1ee00100e7fae5f9e3f9e2f7e1f5e2f4e4f4e6f4e8f5eaf7edf9eefcf000f003ef06ed09eb0ae90ae709e608e606e703e902eb00ecfffbff00000000000000000000000000000000000000fa01ea02ea03ea04eb05ec05ed04ee02ef00f0fdf0faeff7edf5ecf3eaf2e8f2e6f2e4f3e4f5e4f6e5f7e6f7e9f7edf6f0f3f3f2f5
1491,266518121,-28,11,128,1,0,1,1ee0010001ea00e702e503e304e305e306e506e705e904eb02ee00f0fdf1faf2f7f2f5f1f3eff3edf3ebf4eaf6eaf8eafaebfcedfdeefffb00000000000000000000000000000000000004ff13fe13ff130012011202110210010f000dfe0dfb0df80ef510f311f113f015f016f016f116f216f315f412f50ff50cf409f307f1
1492,266519270,-28,11,128,1,0,1,1ee0010000e700e401e202e003e005e005e206e405e604e902ebffeefcf0f9f1f6f1f3f0f1eef0ecf1eaf2e8f4e8f6e8f8e9faebfcedfffb00000000000000000000000000000000000005ff15fd15fe15ff150114011301120110ff0ffd0efa0ef70ff311f112ef14ee16ee18ee18ee19f018f117f214f310f40cf309f207f0
1493,266520457,-28,11,128,1,0,1,1ee00100ea0be70de50de40de30ce30be309e508e707ea07ed07f108f40af70cf80ff913f815f716f517f317f215f113f011f00ef10cfc03000000000000000000000000000000000000fcfbf3eef4edf5ecf7ecf8edf8eef8eff7f1f6f3f4f5f1f7eef7ebf7e8f7e6f6e5f4e4f3e5f2e6f2e7f1e8f2ebf4edf7eefaeffeee00
1494,266521077,-29,11,128,1,0,1,1ee0010010ef13ed15ec17eb18ec19ee18ef17f115f212f30ff40bf408f305f103ef02ec02e903e705e607e609e70ae90bec0bee0bf002fc0000000000000000000000000000000000000403100c100d0f0e0e0f0d0f0c0e0b0d0b0b0c080e0610041302160118011a011c021d041d051c061b06190616051303110010fc10f9
1495,266522447,-28,11,128,1,0,1,1ee00100ff18ff1bff1dfe1efd1ffc1efb1dfa1bfa18fb16fd130011030e070d0a0d0d0e0f100f120f140e150c160a160715051303120004000000000000000000000000000000000000fa00ea01ea00eaffeafeebfdedfdeefeef00f002f105f108ef0bee0eed0feb10e911e811e710e70fe70ee90deb0cef0bf30cf60df80e
1496,266524658,-28,11,128,1,0,1,1ee00100e701e401e201e101e0ffe1fee2fde3fce6fce9fdecffef01f104f208f30bf20ef010ee11ec11eb10ea0eea0bea09ec07ed05fb01000000000000000000000000000000000000fffafcebfdeafeeaffea00eb00ed00eefeeffcf1f9f2f6f1f3f0f0efeeeeededeceaece9ede8eee8efe9f0eaf2ecf3f0f2f4f1f7f0fa
1497,266526100,-28,11,128,1,0,1,1ee00100e9f5e7f4e5f3e4f1e4f0e5efe7efe9efeaf1ecf3eef6f0f9f0fdf000ef03ec06ea06e806e605e603e601e7ffe8feebfdecfcfbff00000000000000000000000000000000000001fb06eb08eb09ec0aed0aee09ef08f006f003f100f0feeffbecf9eaf8e8f8e6f8e4f9e2fae2fce3fce3fde5fde8fcecfaeff7f1f5f3
1498,266527236,-28,11,128,1,0,1,1ee0010001e701e401e202e104e005e106e206e406e704e902ecffeefcf0f9f1f6f1f3f0f1eef1ecf1eaf2e9f4e8f6e8f8eafaebfcedfffb00000000000000000000000000000000000005ff14ff15001501140213031203110210000ffe0efb0ef810f511f213f015ef17ef18ef19f019f119f217f314f410f50df40af208f1
1499,266866419,-29,11,256,1,0,1,6aa00600fd17fd1afb1cfa1df91df81bf719f817f914fb12fd10000e040c070c0a0d0c0f0d110e130d140b150915071405130411030f0003000000000000000000000000000000000000fbffecfcecfbecfaedf9eff9f0faf1fcf2fef201f204f007ee09ec0beb0ce90ce70ce60be60ae709e808ea07ed07f108f409f70cf90ffd0bf827f828f62af22cef2eec2fe82de52ae327e223e21fe41ae715eb11ee0df10bf40af70af909fb0afc0afc0bfd0bfc0afc09fb08f3f3f3f3fdfdffff0000ff00ffff01ff04ff1c001d03fcfffd00fe02ff040007000b000ffe13fc17f81af41df01feb20e81fe41ee21ce11ae117e216e414e613ea12ee13f214f517f619
1500,266869269,-29,11,256,1,0,1,6aa0060019051c061e071f091f0a1d0b1b0b180b1609130711040f000efd0ef910f612f414f316f318f419f618f817fb16fc13fe11ff04ff000000000000000000000000000000000000ff05fc15fa15f914f813f812f910fb10fd0f000e030f061109130b160c170c190c1b0b1c091c081c071b071806150711090d0c0a0f080c022a0a2c0b2f0d321133153218301c2d202922252320231a20151d11180e140c100b0c0a0a0b080b060c040c040c050b050a050906f10cf10cfd02ff0000ff0000ff00fffefffafee001defe02ff01010003ff07ff0cfe10ff140019031c071f0c21112316231a211e1f201c21192117211520141d141a15151611190d1b0a
1501,266870725,-29,11,256,1,0,1,6aa00600efecede9ece7ede6eee4efe4f1e5f3e7f4eaf4eef4f1f3f5f2f9f0fcedfeeaffe8fee6fde5fbe5f9e7f8e9f6ebf6eef6f0f7fcfd00000000000000000000000000000000000004fc11f312f413f512f611f80ff80ef70bf609f407f205ee05eb05e806e607e408e30ae30be30be50be70ae808eb05ee00effcf0f9f0f7f5e4dbe4dae4d8e4d4e5cfe8cceccaf0caf5caf8ccfcd0ffd601dc02e202e801edfff0fdf3fcf5faf6f8f6f8f6f8f6f9f6faf6fcf713ff13ff03ff00ffffff00ff00ffff01fc04ea16e71502fd00fdfffcfcfbf9faf6f7f3f4f1efefebf0e6f1e0f3dbf5d6f7d3fbd1fed101d303d504d705da03dc00dffee3fae5f5e6f2e6
1502,267425788,-92,11,128,1,0,1,4ff11400000c020704040502060309030a010c000d000cff09ff0a010c030902050006020904070204fe02fd02fc03fc03fb04fa05f901fe000000000000000000000000000000000000fe01fb03fd03fc06f907f806f906f806f806f804f602f403f404f704fb04fd05fe0600060108030b040c010d010d03100014fd13fe10
1503,267528182,-93,11,128,1,0,1,4ff11400faf8fafaf9fbf9fbf9fdf7fef5fdf6fef602f603f6fff6fdf6fdf5fdf7fffa00f9fffafffd00fe01fc02fc05fc05fb05fa06fe01000000000000000000000000000000000000fffffefd00fa01fb01fb03fa05f906f806f806fb04fc04fb07fc05fc01fc01fd01fbfdf8f9f8f7f8f9f6faf3f8f2f7f1faf2fbf4fcf4
1504,268654633,-92,11,128,1,0,1,4ff114000dfd0afd05fc00fafefafef8fcf7faf6faf4fef300f2fff3fff300f300f6fdf8fef7fff8fefbfefffe01fd02fcfffbfef9fdfeff0000000000000000000000000000000000000000020201020003020204040309020b010a0009ff09ff08fd07fc07fe0501030502060006fd07fb09fb0bfb0efa0ffe10010ffd0dfb
1505,269082325,-94,11,128,1,0,1,899ff84100fefffffdfffefefffdff00ff06fd0c030a0a040606fb04f4fef804fe0afd08fd06fd01fcfdfefe0001020005fe05000105ff0100000000000000000000000000000000000000ff01fe00feff00fe02ff0001ff02000100ffffff0001fe02fc00fefdfefbfdfdfeff00000100020002020103010401040103010400
1506,269166660,-90,11,128,1,0,1,4ff11400f4fcf6fcfbfdfdfeff02020605080609050a050c050a04080408030902090009000902050302020102ff03fe03fe04fd07fd02ff00000000000000000000000000000000000001ff0400020001fd01f902f802f602f605f906fb04f802f603f906fb06fb01f9fef8fffcfc03f803f9fdf7fcf2fcf1fdeffeecffec01
1507,269269565,-94,11,128,1,0,1,4ff11400f608f704fb02fd0300040305060409040a05090509050a070b080d060b0506030303030302000100020004fc03fb02fa01fa00fe000000000000000000000000000000000000fffffcfcfdfbfdfafdfafcf9fbf8fbf7fff601f400f5fef6fef8fffdfe00fa00f8fff900f903f705f606f704f604f607f609f606f604
1508,269576265,-92,11,128,1,0,1,4ff11400effbf2fdf4fdf4fcf3fbf3faf3faf4faf6faf9fcfa00fb04fd06ff0701060106ff07fe07fd06fd05fe05ff06fe05fd04fe02ff0000000000000000000000000000000000000001010605070507060603040003ff0201020002ff02fd03fb05fa06f808f507f506f606f705f706f905fb03fb01fa00fcfefefcfdfbfa
1509,269678691,-94,11,128,1,0,1,4ff11441faf5f7f6f6f7f7f6f8f6f9f6fcf8fcfbfafdfbfcfdfbfdfdfdfffb00fa01fb04fb06fa04fa02f901f901fa00fb00fc01fc00feff000000000000000000000000000000000000ff02ff0601020202020404050406030502020201040005fc05fa06fa09fd0a0109000bfd0bfb0af90afb07ff02ff01ff01fffffdfbf9
1510,269985850,-92,11,128,1,0,1,4ff11400fd0dfa0ff80ffa0ef90cf80cf90afa07fc05fe04ff03010204010500050007010a020a020a020a0307020302020303030603010100000000000000000000000000000000000000fe01f901fd01fe02fb04fb05fb02fbfffcfcfbfbf9fcf8faf9f7faf7f9faf7faf7f8f7f9f7f9f9f9faf8fbf9fcfbfffb03fb05fd04
1511,270044790,-97,11,128,1,0,1,833998410202ff03fc00fefe01ff00fffeff00ff0201000100fe00fbfffdfffffefffd00fd00feff00ff0002ff02ff010001010101010000000000000000000000000000000000000000000000010102000100ff01ff0001ff02020204030302020002fefffefbfffbfefdfbfdfbfefc01ff040004ff08fa0bf604fbfd01fc03
1512,270088278,-93,11,128,1,0,1,4ff11400fd0efb0bf808f907fb08fa09f80af908fc05fd05fe05020505040503040306060807080806080506060403050206020501030000000000000000000000000000000000000000fffefdf9fff9fff8fff901fcfffcfefdfffefdfdfbfdfbfef801f701f800f7fef5fdf7fef8fff8fef8fef7fff600f7fff900fe03fe07
1513,270293068,-92,11,128,1,0,1,4ff1140002f204f303f302f501f502f302f2fff5fef8fffb00fefffefdfef900f700f8fff9fdf8fbf8fbf7fdf5fef9fffdfffcfefeff00ff000000000000000000000000000000000000000201090007ff07fe07ff06ff0600040302070107ff06ff0700080008030905090608050702060006020502050104010101ff00fffe
1514,270395460,-92,11,128,1,0,1,4ff1140009fd0afc0afc08fc06fc07fc09fc08fb06fc04fd01fcfffafefbfbfdf9fdf8fbf7f9f8fafafcfafcfafcfafefcfdfefdfdfeffff000000000000000000000000000000000000ff00fdfefcfbfcfbfcfbfdfcfdfffb01fa00fc02ff04fd08fc0afd0bfe0cfe0cfc0bf809f908fc09fb09fc06ff030102020005fe0afc
1515,270702700,-93,11,128,1,0,1,4ff1140002f105ef09f209f603f601f601f9fefafbf8fbf9fcfdfcfffbfffa03f806f704f602f704f904fa04fc05fc05fb04fc02fe02ff00000000000000000000000000000000000000fdfef7fbfbfcfcfbfdfafdfbfbfefb01fd01fe01fe03fc06fe0600060006ff07ff09ff0bff0a0108020803070407050303fe03fa06f8
1516,270906160,-92,11,128,1,0,1,6882264102000102010201010202020101fbfef8fffc03030007f804fb04040405f902f5fcfcf8fffbfefefffefefeffff040104030000ff000000000000000000000000000000000000ff00ff0001ff01000103fe03fdfffffdfefdfbfffc01fe00fc00fb00fb00fcfffeff00ff02fe02fe00fefdfcfdfbfefefffefffd00ff
1517,270907493,-90,11,128,1,0,1,4ff1140011f613f913f914f714f80ff90cf90bfa0afb07fb03fa00fafefafbfafbfafafaf8f9faf7fcf5fbf5f9f4faf3fbf6fcfafdfcffff000000000000000000000000000000000000ff00fb01f800f7fff9fffa01fb01fd0200030004020503070209030b020dff0dff0eff0f000d020c010b0109020702060305040005fd
1518,271318073,-91,11,128,1,0,1,4ff11400070e060d050c060a060a05090409050805080507040204ff06fe06fb04f802f604f804f804f804f704f803f801fbfffc01fb00fe00000000000000000000000000000000000000fe02f803f903fc01fd01fc00fcfffcfffdfefefafcf7fbf6fdf5fef5fdf3fbf3faf4faf6fcf7fdf8fef7fff8fffc00fe04fe05ff05
1519,271624304,-90,11,128,1,0,1,4ff1140008ee0af20df30cf50bf50ef50df909fb08fb06f902f901fa00fbfcfaf9f8faf8fcf8fcf7fbf5fbf4fdf7fff900fb01fc00fcffff000000000000000000000000000000000000ff03ff0bff0aff08fe06ff030100010000030102040009010d040e030b0108030904090407020603080507030403060308ff07fd05fd
1520,271640475,-91,11,128,1,0,1,3550034104000100fd01fc00fefefefefe00fe0200030201fefffe0001020102000000fe01fe02ff0300030202030001ff00fefffefeffff000000000000000000000000000000000000fffffffdfdfffd0100030204000100010005ff04fe01fd00ff000000ff01ff010100fffefd00010202010002fd0afb10fc07fe00fe03
1521,271725642,-91,11,128,1,0,1,2bb442410000fb01fc010003010200010304070507020a050e0c0c0c050200fc01060009fcfefafafcfcfefdfdfefcfffefcfff9fff7fffd0000000000000000000000000000000000000000ff00fd01fe01ff01ff0102020200000000000001ffff01fc03fe03000100ff0000ff01ff01020002fffe00fcfffcfdfdfcfefcff
1522,271726726,-92,11,128,1,0,1,4ff11400f8f4f6f3f4eff4eff6f3f6f4f4f6f5f8fafbfbfffa02fb02fb03fa05fc04fc05fa07f806f804f804f807f807f805f805f905fe010000000000000000000000000000000000000001010405030704060504040302030004fe04fc04fa05fb05fa05f607f30cf40ef50df60df70af908fa08fa07f903fafcfbf7f9f8f7
1523,271729047,-92,11,128,1,0,1,d33ffd41fe00fe00fcfefbfdfafffc03fd08fc09000107f80bfc050803090bfd0cf306f400f7fff902fc01ff0002000001fb03fd0404010100000000000000000000000000000000000000000100000001ff01ff0000010002000000fffffefefdfcfffc00fdfffefdfefcfcfefb00fd00ff0003ff01fffdfefffd00fdfefdff
1524,271931527,-91,11,128,1,0,1,4ff114000df50ef60ef60df60cf60cf70bf90af908fb05fe03ff01fdfefcfbfbf9fafbf8fcf7fbf6f9f6fbf8fdf9fcf8fcfafdfcfefdffff000000000000000000000000000000000000fe01fa04fa01f902f803f901f800fb01fe01fd03fc05fe05020304050509050c030b020b020d020e010dfe0aff0904080504060004ff
1525,272141470,-93,11,128,1,0,1,f55ddf41000201020101fe05fd0cff0cfb08fb08f906f801fbfffb00fa00feff03fc05fa07f8fff7f7f5f8f5faf702f809f904f7faf9fdfe0000000000000000000000000000000000000001fe04fcfffcfefffe0200030004fd03fe0001fe01fefffefffefdfffdff00ff01ff02fe03fe01fdfefcfffd00fefe01fd02000100
1526,272143977,-92,11,128,1,0,1,09999041030002010102ff03fd02fb01f801f605fe090a090108f1feeef7f401fb0afc08fe05fe02fbfffeff02fefffcfafb00fc0c010400000000000000000000000000000000000000ff00000102fd03fc00fffd00fcfefd00fe01fe01fdfffdfcfffc00ff02020302fe01fc02020108fc06fa01fbfffd000200030003ff05
1527,272238730,-93,11,128,1,0,1,4ff11400f501f303f202f202f002f005f404f702f701f801fb000002040504060305020701070106000700090009ff07fe05ff040006ff0200000000000000000000000000000000000000ff03fe03fe03ff0400030001ff00fcfffb00fcfffdfbfafbf8fef8fef7fef4ffef00effff0fef1fff6fef9fef8fef9fdfdfafff702
1528,272443517,-92,11,128,1,0,1,4ff11400ef02f0fff101ef01ef00f101f3fff500f701f9fefdfe00010102010400070209040a050a0409030702080208010600030102000000000000000000000000000000000000000002010705050303050304020102ff03fd01fc00fc01fa04f708f607f503f402f305f307f205f103f202f703f901f8fffafefcfcfefbff
1529,272612218,-93,11,128,1,0,1,6eeaa641fefbfffcfffe00fe03fe010100050405060008010c020ffe07fefcfefcf701f504fd0600040002fe02fd01fd00fbfef9faf8fefe000000000000000000000000000000000000ff00fd01fdfffffe01ff0100000001000001fe0000ff02ff01000001000001fd02fa02fbfffdffff020102ff0101fd03fa01fe0003ff
1530,273058234,-92,11,128,1,0,1,4ff11400f5fef3faf2f8f3f8f4faf5fcf7fef800fafffafffafffbfefd020008020803060106ff07fe08fe08ff060004ff02fe02ff040001000000000000000000000000000000000000010004030204010501040202010001fe01fc02fd03fd05fb06f904fb04fa06f708f708f807f707f607f706f904fbfffafcfafafcf8fb
1531,273101095,-92,11,128,1,0,1,f33ddf41fe03fb03fc02fe02010000fef800f604fb02f9fff2fdeff9f7f900fdfbf8f7f800ff070106fe00fffdffff0001050009fd09ff02000000000000000000000000000000000000000002010001fe00fdfdfffd00ffff00fe02fd03fd01fffffefcfefb00fd00ff00ff010001000100ff00fdfefcfefc00fe01fe01fc03
1532,273569961,-90,11,128,1,0,1,4ff11400f9effbeafeedfcf1f9f2fef202f301f4fdf6fdf7fcf9fafefb04fd06fb05f703f404f305f305f404f603f703fa03fc03fe02ff0000000000000000000000000000000000000000020009fc09fb07fd0500040002fe03010206000a03090708050b030b010b030f0511030d0009ff09010903070204fe03fb04f801f5
1533,273640614,-92,11,128,1,0,1,75599741feff00ff03ff05fc08f309f20bf60bf905010007ff04fefefefd00fd05fb07fd09ff05f903f507f808fb0401ff070107070202ff00000000000000000000000000000000000000ff01fefefeffff0001fe03fd02fcfffefe01fe01feffff0000010103ff02fd01010104fe01fefe02fd02ff000100020001ff010100
1534,273672740,-90,11,128,1,0,1,4ff114000a0a0e0e0d100a10080e060a060608050804050202fd02fa01f900f701f501f4fff5fff501f400f6fef7fdf7fef700f9fffcffff00000000000000000000000000000000000001ff05fe06fe07fe07fe05ff0200fffffefc00fafffafbfaf6faf4f8f6f6f6f7f3f7f2f5f3f7f5fbf6fdf6fef6fdf9fdfd0200060208
1535,273774771,-90,11,128,1,0,1,4ff11400f1f8eff4edf3eff4f1f7f2f6f5f6f6f8f7fbf9fef901f903fa06fc07fe07ff08ff09fd09fc09fc0afc0bfc0afc08fd05fe05ff01000000000000000000000000000000000000010107040505030703070306010301000100020004ff06fc08f90bf80df80ef90cf80cf90cfa0af907fa05fb06f804f900fbfefcfdfc
1536,273823849,-90,11,128,1,0,1,2bbbb24100fffefe01fe02fe00fdfefdfdfefbfdf900f906f501f4f3f7f2f700fb0bfe0b05070505000401020000fc00fc02fc01fafcfefe000000000000000000000000000000000000ff00fd00fcfffefefffeff0000ff01ff000101030102fffffefdfefd0100020400030004040403fbfdf8f9fdfcfafff7fcfafcfe0000
1537,273877184,-92,11,128,1,0,1,4ff1140001f004ee05f005f301f4fff500f8fdfbfdfbfff9fffafcfcfbfef900f800f8fef8fdf8fcf8fdf7fdf8fdf800f801f9fffafffeff000000000000000000000000000000000000ff01fc06fb06fb06fb05fe0601050002ff00feff02ff08000bff0bff0b04090509040906090709040802070006ff0500060006fd04f7
1538,274389170,-92,11,128,1,0,1,4ff11400010eff0ffa11f610f80dfc0dff0bfe08fd0600080108010502040605090509050806060606060506040603050205020302010000000000000000000000000000000000000000fefff7fbf5fbf5fbf6fdf9fdfbfbfafdfb01fd02fd03fb03f803f705f708f508f303f101f103f403f701f801f902fc04fe0400040106
1539,274491570,-92,11,128,1,0,1,4ff11400f00af009f206f407f506f603f700f801fb03fd04fd03ff040103000301050409040a0409030903080208010800060104030400010000000000000000000000000000000000000100040005fe06fd06fe04fd01fc00fc00fafff8fdf8fbf7f8f5f9f4fbf3faf4faf4fbf2fbf1f9f4faf6fdf8fffcfd00f901f900fc00
1540,274798781,-91,11,128,1,0,1,4ff11400060c090d090f060c050b050e060d0609050504020502040604070503060006000502050304020304010501030202020401050001000000000000000000000000000000000000ff02ff07fd05fc03fc02fa01fa03fd04fe03ff02ff050108030a040b020bff0dff0d00090007fe0afd0cfb09fa06fc04000404070407
1541,275049170,-94,11,128,1,0,1,bffbbb41fdfefffe01ff00ff01ff0001fc05fb0200ff07040c040dfe06fefdff00f804f805020503020000ffff01000003fb02f7fef5fffd000000000000000000000000000000000000ff00fc02fb01fc02ff0100fffefffe0000010103ff00fdfffd01fdfffefefdfefdfd00fd02fe02ff01ff01ffffff00fe0000fd01faff
1542,275074069,-93,11,128,1,0,1,399cc34102000100000102fe04f805f706f905fd0301010000ff0001fc01fbfdfef603f505f5fdf5faf5fff201f503ff0406040303fd00fe00000000000000000000000000000000000001ff030000000000fe00fbfefcfdfcfefb01fd02000001fffe00fdfffffefffefc01fb03fd01ff00ff0101010100ff01fe0100000001
1543,275075640,-93,11,128,1,0,1,ecccce41fd00fd00fffefff9fbf6f8f7f7faf7fdfbfb00fa00feff01000105ff06fe07fa07f7fef8f4fbf2fdf3fdf8f7fdf4fdfcfe04ff0100000000000000000000000000000000000000000101fe00feffff00ff0001fe0400040002ff01000101040002fffe00fc01fe0001fe0200fd01f9fffb01ff05fe02fb00fbfffefe
1544,275091799,-94,11,128,1,0,1,055dd04100fe0000feff02ff0a0008fdfdf6fbf8ffff00fe01fb00fdff00fd01f702f804030608080403fdf9fdfa01ff05f908f508f702fd00000000000000000000000000000000000000fffefdfcfefdfefffeffff01010202ff01fd00fcfefcfdfffd03fe05ff04fd01fcfefdff00ff05fc05fbfbfcf7fffb020203080009
1545,275105990,-89,11,128,1,0,1,4ff11400f50bf60bf30bf10bf20cf50bf808f904f801fa02fd02ff010202050408030903080508070808080706070606060504030103000000000000000000000000000000000000000000fd02f703f904fa04f902fafffb00fc01fdfffcfafcf7fcf5fcf5fdf4fbf3f7f4f4f5f5f4f7f5f8f7f9f7fbf5faf6fafafdfc04fb09
1546,275720406,-91,11,128,1,0,1,4ff114000ffc10fd12fe13fe0f000e020e020aff08ff07ff06fd03fafffafdfdfffb01f602f402f304f305f606f806f805f903fc04fd01ff000000000000000000000000000000000000ff01fd05fc05fb06fc06fd04ff03010402030202040407060a0509050709060c040b030d0410030e030a040802080203060007fd07fb
1547,275822811,-91,11,128,1,0,1,4ff11400ffedfcedfeef02f001ef00ef01f202f300f4fdf6fff9fffcfcfefbfff902f602f500f6fff7fff7fef6fff7fef9fdfbfefb01fe00000000000000000000000000000000000000ff01ff0702060204ff05fd05fd02fe020103040205ff06fc0bfd0efe0fff0f01100210000d020c010bfe08000402010103fe05fa03f8
1548,275848483,-93,11,128,1,0,1,9ff99941fc00fd01fe00ff0000fefef8f9f7fafafffafffbfefefc00fc03ff0102fefffdf9fef601f701fc01020006fd06ff02fd02f500fc000000000000000000000000000000000000ff01ff02010003010301fffffdfffe01fe0100ff01fe01fd01fd00fefefefcfe0001040204ff01ff0001ff02fe0000000100fffefffb
1549,276130037,-93,11,128,1,0,1,4ff1140007f30af40bf406f204f204f504f804fb01fb00fafffafffdfdfef9fdf6fef701f801f700f7fef8fdf8fef900fb01fc00fdfeffff000000000000000000000000000000000000fdfff7fef8fff901fa01fa00fd000001010300050004010304040508030a020a040a050a0509050a030a0106020102ff02ff04fd05fa
1550,276232421,-91,11,128,1,0,1,4ff11441080d060e040d030c040c040b03080205030404040405020303ff05fe05ff05ff06fe06fe04ff06fe07ff05fe05fc04fd03fd00ff000000000000000000000000000000000000fffefcfbfcfbfcfafdfafdfcfcfdfcfdfbfffa01fa02f901f601f603f602f402f204f403f800f801f800f8fff901fb03000502040102
1551,276539621,-93,11,128,1,0,1,4ff11400faf3fcf4fdf4fdf2fcf2fbf5fcf7fdf8fdfcfefdfcfcfafcfbfefc01fa02f802f803f902f900f800f901fa02f800f9fefbfefeff000000000000000000000000000000000000000101060204020201030102020005010602050005fc07fb07fb07fa08f909fb09fe09000a010b0109fe07fd05fe04ff02fefffcf9fc
1552,277051655,-92,11,128,1,0,1,4ff11400fcf0feeffff0fff2fcf4fdf3fef3fef6fcf9fcfcfdfefdfdfcfef902f704f606f908fa08f806f803f903fa06fa07fb06fe04ff00000000000000000000000000000000000000fe01fb04fc03fb02fa04fa04fc01ff0001010202050307030903090407070708080609050a020901080305040403040202fe01fc02fc
1553,277768460,-91,11,128,1,0,1,4ff114000fff0efd0dfb0ef90ffc0dff0dfe0bfe08fd05fb02fc01fb00f9fff8fdf6fdf4fff400f400f402f503f704f603f700f9fff9fffe000000000000000000000000000000000000ff00fc04fa04f903fa01fb00fa00fc0201030303040404050608080b080c060e060e040c040d050f030b00070105050307ff07fc09fb
1554,277812824,-93,11,128,1,0,1,baaccb41fb01fc01fe08fd0ffc0bfc03fffffefefcfffeff01ff02ff01fd03010407020dff0ffd0bfa08fa09fa08fc03fffd00fc0000ff0000000000000000000000000000000000000000ff02ff0201030103010001fefffffeffffff00ff01fd01fe01020103fe01fd00fefffefe00fd02fd01ff01ff02fc01fd03fe05fe00
1555,277965467,-92,11,128,1,0,1,077bb041010401050005ff06fc05f5fef5f9fef6fdf8fbfe0100040004fe01fb01fb06fb07fd0202f906f504f6fbf4fbf400fcfd04fe010000000000000000000000000000000000000001fe02fdfe00fdfefffd01ff050005fe02fb01fa01fd01fd04fc05fb03f901f8fdf7faf9fcfefe01fdfffcfcfdfcfe00ff01fffefeff
1556,278178079,-91,11,128,1,0,1,4ff11400f8f4fbf2fdf2fcf4fcf3fdf2fff402f803f901f9fff9fef9fbfcf800f801f9fef8fbf6fbf7fbf9faf9fbf9fdfafefcfdfdfcffff00000000000000000000000000000000000001ff060005020603040101fe00fcfffefeff01fd03f901f700f702f705f708f708f807f709f90afb07fc00fb00fb05fa03f9fefcfdff
1557,278280496,-93,11,128,1,0,1,4ff11400f407f203f403f504f505f605f605f804fc030103020403020500070007020803090108ff08fe09ff0801060005fe04ff02ff00ff000000000000000000000000000000000000ff01fd07fd05ff02010302040303040005ff04fe04fc05fc06fc07f908f709f70bf60af606f704f704f704f801fafdfafcfdfe0001ff
1558,278382868,-95,11,128,1,0,1,4ff11441f809f80af508f305f504f803fa03fa04fa03fc01fe03fc02fa03fb06fd08fe08fe06fe04fd03fb02fa01fb00fc01fd03fd03ff00000000000000000000000000000000000000fefffafefb00fb00fa00fb00fd00fe01ff01ff00fcfffa00f802f703f703f701f6fff500f500f600f8fffa00fd00fd00f903fa04fe04
1559,278485293,-90,11,128,1,0,1,4ff11400ffef00f000f201f001f001f201f401f600f800fb00feff02fc00f8fff5fff5fef4fdf4fef5fdf7fcf8fcfafcfcfbfdfbfffc00ff00000000000000000000000000000000000000010205010702070207000601030302040005fe04ff04ff08fc0bfa0bfc08fe09fe0afc09fe08010700060007fd05fa03f8fff7fbf6
1560,278625955,-92,11,128,1,0,1,b11ddb41fefefffe03fe05fc05fe050106020404fd06f607fc09060609010506ff0bfd09fc07fe060003000102ff03000304040103fa00fe00000000000000000000000000000000000000ff00fefefffe0200050104ff01ff02ff03ff02fe01ff0100ff00fefffe02fe02fffefdfefd01fe02ff04fe03fe01ffffff00ff0201
1561,278894914,-96,11,128,1,0,1,4ff11441fb0bfa0bfe0c010e010c0108020602050105000101ff03fe04fe04fe03fb02f8fff9fcfbfdfafefafcfdfbfffbfefefe01ff00ff00000000000000000000000000000000000000ff01010003ff04fc03fd03000302020302010101fd03fa04f803f702f904f807f706f704f704f803fa03fb01fdfefefc01fa03f901
1562,279279779,-31,11,128,1,0,1,1ee0010010ed12eb14eb16eb17ec16ee15f014f112f20ff20cf209f206f103ef02ed02eb03e904e806e707e808e909eb0aed0af009f102fc00000000000000000000000000000000000004021209110a100b0f0b0d0b0c090c080c050d030f0012fe15fd17fd19fd1bfe1c001c011b021a0319031602130111ff0ffc0ff80ff6
1563,279334772,-31,11,128,1,0,1,1ee0010019061b071d091e0a1e0c1c0d1b0d190c160a140811050f020ffe0efa0ff711f514f316f318f419f619f818fa16fc14fe13ff04ff000000000000000000000000000000000000fe05f815f715f614f512f611f70ff80ffb0eff0e020f0511081409160a190a1b091d081e071d061d051b041905150611080e0b0b0e09
1564,279387564,-31,11,128,1,0,1,1ee0010016f919f81bf81cf91dfa1cfb1bfd19fd17fd14fc11fb0efa0bf70af509f20aef0bed0dec0fec10ed11ef11f111f310f50ff703fe0000000000000000000000000000000000000204071306140514041303120310040f050d070b0a0a0d0a100b130b150d160e171016111512141213121110100d0e0a0e070f031001
1565,279388809,-30,11,128,1,0,1,1ee00100060c0c1211150e190f1910190e190d17091508110a0d090b0a0c10091306140616071508140a130c120e110e0f0f0d0e0b0d0203000000000000000000000000000000000000ff05fc14fb14f913f712f710f60ff80efc0eff0f021208120e130e1708150016fe1d001f011c0019fe19fe1901180213080f0d0e0912
1566,279389752,-31,11,128,1,0,1,1ee0010009190a1c0b1e0a1f09200720061e051c051905160613080f0a0c0d0a10091309150a170b170d170f1510131110110d100c100203000000000000000000000000000000000000fa02ea0ae908e907ea05eb04ed04ef05f107f309f40cf40ff413f316f218f11aef1bed1bed1aed18ed17ee15f113f511f910fd11ff12
1567,280021327,-91,11,128,1,0,1,4ff1140004f207f109f109f205f304f306f705fb04fb02fa00fb00fbfefbfbfbf9fbf7faf5f8f6f8f8f8f9f7f9f8f9fafafbfcfafcfafefe0000000000000000000000000000000000000102040802070106ff06fe04ff040204040503030201040008000a030a060b060804060609090a0506020402030102fe04fa06f806f8
1568,280052053,-31,11,128,1,0,1,1ee00100f4ebf2e9f2e6f2e4f2e3f4e3f5e4f7e6f7e8f8ebf7eef6f2f5f5f3f8f0faedfaeafae9f9e8f7e8f5e9f4ebf3edf3f0f3f2f3fcfc00000000000000000000000000000000000004fd11f412f513f614f813f912fa10fa0ef90cf809f608f207ef07ec08e909e70be60ce50de50ee60fe80eea0cec09ef05f001f0fff0
1569,280158584,-31,11,128,1,0,1,1ee00100ed09ea0be80ce70be50be509e608e807ea06ed06f106f407f808fb0afd0dfe10fe12fe14fc16fb16f915f814f812f710f70efd03000000000000000000000000000000000000fffafeebffeb01eb02eb03ec03ee02f001f1fef3fbf5f7f5f4f5f0f4eef3ecf1ebefeaeeebedececeeecefedf1f0f3f4f3f8f3fbf3fe
1570,280204403,-92,11,128,1,0,1,2ff552410202030002ff00ff0100040304060109f907f203f80605030bfb0a03060a06070605050102ff0000fc01f9fefafcfc01fe09ff02000000000000000000000000000000000000ffff00fd00fd000000020001ff000000fffffffe01fe01fe00fffeffff01010101ff00ff020003000101fe01000103020100fe01fe04
1571,280214812,-30,11,128,1,0,1,1ee0010005ec06e807e608e50ae40be50be60be80bea09ed06ef03f1fff3fcf4f8f4f5f2f3f0f3eef3ecf4ebf5eaf7eaf9ebfcedfdeefffb0000000000000000000000000000000000000402100a100b0f0c0e0d0d0d0c0c0b0b0b090b060c030e0010fe12fc15fb17fa19fb1afb1bfc1bfd1afe19fe16fe12fe0ffc0cf90af7
1572,280266995,-31,11,128,1,0,1,1ee00100e9fbe6fae4f9e2f8e2f6e3f5e5f5e7f5e9f6ecf8eefbf1fef201f305f209f10bef0ded0eeb0dea0ce90aea08eb06ed04ef03fb0000000000000000000000000000000000000001fb08ec09ec0aed0bee0bef0bf009f107f104f201f2fef0fbeef9ebf7e9f7e7f7e5f7e3f8e3f9e3fbe4fbe6fbe9fbedf9f1f6f4f4f6
1573,280328558,-92,11,128,1,0,1,4ff11441f800f401ef00f1fef7fefbfffbfdfbfdfb00fb00fa01fb03fe0500050002ff02fd05fb06fd05fe03fd02fd03ff050004ff02ff00000000000000000000000000000000000000020008000501030102000201020102fe02fd00fefdfdfffd00fbfff900f800fafff900f6fff5fff703f804fa00fbfcfbfafdf9fffdfe
1574,280651609,-92,11,128,1,0,1,f0022f41ff01fefefcfaf7f6fbf807fd07fcfdfafbf9fffb0200010000fffffefefafffb05010a05080704fffef7faf8fefc05fd0afe02ff00000000000000000000000000000000000001ff03ff0101000000ff0000010103020102fefffdfdfefd00fe02fd04fd03fd01fd03ff06000302ff0100fefffffd03ff040005fe02
1575,280821368,-93,11,128,1,0,1,cff00c410103fe01feff03ff0602fffff8fcfb02020602fffffb00fc03fd03fc04fd03fbfdf9f9fff705f703fe0206030403ff02fcfffeff000000000000000000000000000000000000fd01f90400010201ff0402040302fe00fffd03fa05fa03fd0103fc06f704fb01000002fe01fffe01fe01000000fdfffcfc00fb0000fc
1576,280840550,-90,11,128,1,0,1,4ff114410f0112051106110613060f050a040905070406ff03fb04fa06fa04fa00f900f600f501f503f604f704f803f904fa03f9fff8fffd000000000000000000000000000000000000fdfef6fcf6fef5fef7fefa00fcfffd01fc04fb04fb05fb07fb09fb0bfa0cf70bf70cf80ef70df70bf80bf908fb05fe040007040b070a
1577,281660666,-92,11,128,1,0,1,4ff1140003f506f40af20af207f504f803f905f905f902f7fff7fbf8fafafafdf8fdf8fdf7fdf6fcf6faf8fbfbfdfbfefafdfafdfbfdfeff000000000000000000000000000000000000fe00f904f905f904fa01fafff9fffb01fe0201020303050405050607080b070c060b060a050a04080508040603050203030004fd03fb
1578,282582295,-91,11,128,1,0,1,4ff11400110510050d050c060c070c060b030802050105ff06fd05fd00fafef6fef5fdf501f304f203f300f5fef8fef9fff901f900fafffe000000000000000000000000000000000000fffdfdf6fcf7fdf9fcfbfcfcfffc00fdfd00fb02fb03f804f506f505f604f504f106f006f304f604f804fa03fd03ff05010702070407
1579,282821790,-92,11,128,1,0,1,e88ffe4104fd08fe04fc02fd02000201fefcf7f4fbf100f4fdfe03040f010e050809070204fdfdfdfb00ff0003fe06fe04fdfdfef806fd0200000000000000000000000000000000000000010303010100ffff0000ff02ff01fefffd01fe020001010002fffe02fb05fe03fefefffd02fe00fcfdfcfeff020204020200fefef9
1580,282847094,-93,11,128,1,0,1,3ff2234101fffffefefdfeffff0401050503080104fdfbf9fdf507f80afb02f8f9fbf801fc07fb06fc01ffff02fd01fcfcfdfafbfef800fd000000000000000000000000000000000000fffffffe02ff05fe06fd04ff00010101050206030101ff01030203020001ff0000000002ff02fe02ff02010101ff00fe000102020402
1581,282948755,-94,11,128,1,0,1,6bb99641fffcfdfefc01ff00ff00fd02fe01fefafff700fff909f10af70603030b030900fffcf8fcf8fef8fffe0001ff01fd0001ff05ff010000000000000000000000000000000000000000010200ff00fd01ffff01fe00ffff01ff010000fe00fe01ff0002fe06000602010200010102ff01fc00fd01fe00ff010003ff01fd
1582,283243500,-93,11,128,1,0,1,3ccdd3410300020001ff0001010202010003fb03fa01fe050009ff06fe02fd01fd01ff0101fe00fbfefcffffff00fffffe00fe01fdffffff0000000000000000000000000000000000000000010102ff02fe02fd020002010100fefffcfffc01fc00fdfffffefe00fb02fa00fbfdfc01f703f402fafdfef3fcf0fcfdfc08f807
1583,283503924,-91,11,128,1,0,1,4ff11400f50df60ff60ff40cf50af70af80bfb09fc07fb05fc04fe0300040305040703070505060506040605040705040403020402050001000000000000000000000000000000000000fffdfef700f702fa02fc00fb00fc00fe00fefefef9fef6fdf6fdf6fcf5f9f3f8f1f8f3fbf4fcf6f8f9f8f9fcf7fef8fffa01fb04fb08
1584,283810860,-91,11,128,1,0,1,4ff11400f80df70ff610f40ef40cf709f806f805fc05010303000400030004ff09ff0b0008ff07000800080108010700070006010300000000000000000000000000000000000000000001000700080008ff0700070105ff02ff01fe00fdfdfcfbf9fcf5fbf4f7f4f4f5f6f4faf2faf2fbf4fbf5faf6fcf9fffcfefdfb02f807
1585,284323140,-92,11,128,1,0,1,4ff114000a0a0c0d0a0c0a090a07060a050b06080405030303030501070007fe07fd07fd08fd09fd09fd09ff070105020400050004ff01ff000000000000000000000000000000000000fd01f704f702f800f900fb01fc00fc00fc01fd03fe05ff070109020c010f000d000bff0cfc0bfa08fb06fc06fd060107040705050700
1586,284403993,-93,11,128,1,0,1,b00aab4104ff06fd04fd01fefd00fb03fe030001fffd01fbff02f805f505fc0403040207020502010101020103ff02fefe00fb00fe000000000000000000000000000000000000000000fefffbfcfefe010203020300020103000301020202030303010100ff0001ff03000203fe02fbfffdfffdfffbfefefe02ff0200020101
1587,284527937,-93,11,128,1,0,1,4ff11400ff0afd0cfd0efd0dfc0afc08fd08fe06fd06fd05ff050202030004ff06010602070507060503060206050505040403030001ff0000000000000000000000000000000000000000fd01f801f800f7fff800fa01fc00fcfefdfcfffafff9fdf7fef6fef6fef3fef4fdf6faf6f7f6f8f8fcfafffa00fb01fc04fe070007
1588,284653316,-30,11,128,1,0,1,1ee0010013f416f318f21af31bf31af519f618f715f812f80ff80bf708f506f304f004ed04eb06e908e909e90aeb0bed0cef0bf10bf302fd0000000000000000000000000000000000000204081207120613041204110310040f050d070b09090c080f0812091509160a170c180d170e160e150e130d110b0f080e050e010ffe
1589,284654236,-30,11,128,1,0,1,1ee001000719071c081e071f06200520031e021c021903160412060f080c0c0a0f091209140a160c160e160f141111110f110c100a0f0203000000000000000000000000000000000000fa01e905e903e902e900eb00ec00ee01f003f105f308f30cf20ff113f015ee16ec17ea17ea16e915ea13ec12ef10f20ff60efa0ffd10
1590,284661588,-30,11,128,1,0,1,1ee001000318041c031e02200020ff1ffe1efd1cfe19ff150012030f060d0a0b0d0b100c120d130f1311121310140e140b13091207110104000000000000000000000000000000000000fa00e902e900e9feeafdebfdedfdeefef000f103f206f109f00def10ed12eb13e914e714e712e711e70fe90eec0df00cf40df80efb10
1591,284662829,-30,11,128,1,0,1,1ee001000b160c190d1b0c1d0b1e0a1e081c071b061806140711080d0a0a0d0710051405160618071809180b160c150d120e0f0d0d0c0303000000000000000000000000000000000000fa02ea07ea06e905ea03eb02ec02ee03f004f207f409f50df411f414f316f218f019ee19ee19ed17ed16ef14f112f510f90ffd0f0010
1592,284683581,-30,11,128,1,0,1,5220050018031c041e051f061f081e091c091a0918081606130410010ffd0efa0ff611f413f215f217f218f419f618f817fa15fc13fe04ff000000000000000000000000000000000000ff05fc15fb15fa15f914f912f911fa10fd0f000f030f061009120b140d160d180d1a0c1b0c1c0a1b091a0819081508110a0e0c0b0e0a
1593,284732750,-91,11,128,1,0,1,4ff11400fbeafdebfdedfdeffef2fef4fff5fff3fef3fef9fefdfefdfcfffa02f905f704f502f502f702f802f702f802fa02fb02fb04fe01000000000000000000000000000000000000ff00fc02fc03fc04fe04fe04fc03fc01fe00010004ff0601090209020c00100112030f030b030b030d010a00040002fe03fb02f6fef4
1594,285142339,-91,11,128,1,0,1,4ff114000d0a0f0b0f0a0c0a0a0b090c080b09080a050903060104ff04fc05fa06f906f605f406f408f608f807f906fa06fa05fa04fc01ff000000000000000000000000000000000000fffffcfbfafafafafafafafcfcfefdfffe01fe02fe04fd08fb0bf80cf80af808f909f80af609f507f606f904fb02fe04010602060504
1595,285449539,-92,11,128,1,0,1,4ff114000ffe11001101120012ff10fe0bfd0afe0aff08ff04fd02fa01f9fffafef8fdf7fdf5fef3fef3fef4fef7fff900f902f902fa00fe000000000000000000000000000000000000ff01fb04f904f802f6fff6fefa00fe010001000201050108000aff0bfe0dfe0efe0ffc0efb0cfe0a010a010a000b0009020406040905
1596,285551959,-91,11,128,1,0,1,4ff114000ffa0ffd10011002110011ff0fff0bfe08fe0600030000fffffefdfcfbf9faf6fcf5fdf4fef5fef6fef7fdf9fcf8fdf8fef9fffe000000000000000000000000000000000000fe00f900f9fefbfdfbfefcfefdfefe00fc03fd04fe05fd08fd0cfc0dfd0efe0efd0efd0efe0efd0cfc09fc09fd08ff050403090109fe
1597,285743606,-94,11,128,1,0,1,edd22e410201ff00feffff00ff01fe02ff0201020001020003010102ff01ffff00fd01fd01ff010102000000ff000000010001000100000000000000000000000000000000000000000001fe02fcff01ff02020002fefcf9f5f7f9fdfc01f908f90ffd07fe01fa02f901fc00ff000000020002fffffffe00fe0000000001fdfd
1598,285743987,-94,11,128,1,0,1,aaa44a41fc00fc00ff000001ff01ff01ff01010001000101010101010001fffffffe01fd03fd03fe03fe01fdfffdfffe00ff00fffd01ff0000000000000000000000000000000000000000ff00fdfffffd00fdfdfffcf904f00cf8090101fcf6f7eefdf80204000300ff01fcfefbfbfefc01fd01fefd00fcfe00ff0203000103
1599,285745621,-98,11,128,1,0,1,844bb84101feff01ff010000010102040303020100ff02000100ff00000202030103ff02fe00ffff00fffffffffefffffffffe00fe04ff01000000000000000000000000000000000000ff00fe01fd00fd00fd03fd06f90df515fb0d010209fe12fd0b020307040503010000ff01010102020003ff01ff00fd00fc00fe0102ff
1600,285851379,-90,11,128,1,0,1,3dd88341fd01fbfffefe00fefe00fe01ff02ff04000201ff020002010201020200030003ff02fd01feff00ff0000fefffefeffff02ff00ff00000000000000000000000000000000000000fffffefefdfefffe00fdffff00030003fe01ff00fe01ffff00fe0101040204fe03fa01fafe00fe050005030709090904fd01f404f6
1601,285956590,-88,11,128,1,0,1,2ff11241030101020002ff03fd03fd01fcfffe000000f902f005f2fff5fcf2f9f2f1fdf608ff0bfc07f901fd02fc09f80afd04fe01f800fd00000000000000000000000000000000000000ff01fffefffdfefdfffefffffffefffeffffff00000100010102020202020002ff01fcfffdfcfffbfffcfefffcfffdfeffff00ff00
1602,286063952,-91,11,128,1,0,1,4ff11400f1f5f2f7f4f9f6f8f6f4f4f2f6f5f7faf8fbfbfffc04fc06fe05ff0602060608070c030d000a01090209020804060207fe06ff01000000000000000000000000000000000000ff01fb06fa05f904f804f905fc04fe0400020102040308020a010b000d000f010f030d040e030f030d030b0108ff03fd00fcfefefeff
1603,286268758,-91,11,128,1,0,1,4ff114000a0a0b0c080d080d090c080b06080705080406040502060006fe04fc05f907f809f80bf90cfb0bfc0afc08fe0700060005000100000000000000000000000000000000000000fdfff7fcf9fafbf8fdf9fdfbfdfbfdfefc02fc03fd05fc06fa07f80bf60df60bf509f406f505f504f404f606fa07fe05ff0501070608
1604,286578756,-90,11,128,1,0,1,4ff11400ef03ed02ec01e900eb01f102f303f303f402f803fc06fe08fe070008040b040e030e000cff0dfe0dff0c010b01090009ff08ff0200000000000000000000000000000000000002ff07ff08010a0109010501030002fd03fd02fd01fb01f903f703f301ee01eb04eb06ef03f301f601f4fff3fdf7fefcfdfefafef8ff
1605,286780777,-91,11,128,1,0,1,4ff11400fbeffdecfeecfceffaf0fdf0fff5fdf8fbf8f9fbfafefb01fc05fc06fb06fb06fb09fb0afa09fa08fb08fb07fc06fe05ff06ff01000000000000000000000000000000000000fd00f701f901f900f9fffa00fd01ff00ff03000601070408060905090609090b080d060b070708040802070006ff04fc03fb03fd03fe
1606,287329802,-92,11,128,1,0,1,055dd041020101ff01fd00fa01f803f801f6fef7fbfff903fa03fa00fdff01fe06fb06fa05f70af90bfc0af809f3fff6f7fdfafdfff900fe000000000000000000000000000000000000000000020001000100000102010201010000000000ff01ff02fe02fd02fd02fd02fe03fe01fdfefeff01fe01fe0001ff05ff03ff00ff
1607,287367065,-72,11,128,1,0,1,0ee0004153b658b25bae56a451a057a852b348ba44c040c33cca29ce06c9f3b5f094fb870697feb2f9c3f7c4f4c4fdc306c210ca15d304f500000000000000000000000000000000000006071522122418261b290e23081b0f1c0917120d310d490f571258164e134b10580e621a6127601b520a450944073b0341f953eb54f0
1608,287804807,-91,11,128,1,0,1,4ff11400f5fbf6f7f4f5f2f5f2f5f3f5f4f6f7f9fcfcfffdfefdfc02fc06fe04fd03fc04f904f703f702f803f906f807f903fa02fd02ff000000000000000000000000000000000000000100070207030604040304010401040103fe02fc01fe010002fc04fa06fa07f906f507f408f609f909fb06fa01f9fef9fefdfefffa01
1609,287907210,-92,11,128,1,0,1,4ff1140002f102f103f204f105f204f502f700f6fff7fffafdfafbfcfcfffbfff8fdf6fdf6fdf8fdf8fef9fef8fef9fdfbfbfbfdf9fffe000000000000000000000000000000000000000001ff05fd05fc03fe02ff03010300020001020204040503080009fe09010804060407030803060405040403020101ff03fe03fe02fb
1610,289400306,-93,11,128,1,0,1,6bbdd641fffd040009000afc09f708f70af80af807ff0406020602030104fd01f8fef8fcfaf9f900f808f507f606f8fef9f7f9fbf905fe02000000000000000000000000000000000000000001010001ff01ff020002ff01fd00fefeffffff0001ff00fffffffffd01fc02fd02ff01ff00fdfffdfffe00ff0002fd02fdfdfefc
1611,289477733,-93,11,128,1,0,1,54444541fd00ff0201040101fdfdfbfcf800f804fc01fcf900f006ef03f3fdfb0003040302fd02fa01fc00000001ff00fa01f6fff6fcfdff00000000000000000000000000000000000000fffffffe01ff01000000feffff0101020201010100030003ff01fffe02fe01fdfefefe00ff0000ffff000001020001fdfffb00fc03
1612,289648059,-91,11,128,1,0,1,4ff11400f3faf2f8f2f7f5f6f6f6f4f7f6f9f8fcf8fdf8fefb00fe00fe03fe05fe05fd06fc07fb08fb08fb06fb05fb07fb07fd05ff040000000000000000000000000000000000000000010005020503050306020501040004010401030002fd01f801f503f307f008f008f408f607f706f705f804fa01f8fdf7fafaf9fdf6ff
1613,289955245,-90,11,128,1,0,1,4ff11400f810f70ff70df70af709f807f904f903fb02fe04ff040003030305040703090109020903090307030902090007fe05ff0500010000000000000000000000000000000000000001ff05fe04fd05fc04fc04fc04fb01fcfefefcfefafbf9fbf9fbf9f9f8f6f6f4f6f4f7f4f9f5f9f8f9fbf8fef9fefbfefb01f904f804
1614,290262470,-91,11,128,1,0,1,4ff11400f3f9f2f9f3faf3faf4faf5fbf8f9f9faf7fcf8fefb01fd03fd04fc03fb02fc04fb08f908fa07fa06fa05fb05fd05fe04fd02ff00000000000000000000000000000000000000010006010501050105010502030101ff00fd02fd02fc02fa03f605f405f605f507f508f606f703f702f703f703f902fdfffdfbfdf9fd
1615,290364872,-91,11,128,1,0,1,4ff11400070a070c070d070c050c040c0508040403020203020302ff02f902f803fa05fb05fa05f905fb06fc06fb05fb04f903f902f900fe00000000000000000000000000000000000000fe00f800f6fff600f700f9fffcfffdfdfdfc00fa04f703f702f503f302f201f102f002f2fff500f704f807f905fd03020303050006
1616,290652372,-97,11,128,1,0,1,32200341fffefe03fc05fd0505040a0407070206ff00fd00fe0100010001fe01fc03fd030002fd02fb05ff0701fd02f703f901fb00020001000000000000000000000000000000000000ff00ff02ff01ff00fefefffd00000001fdfffdfefeff00fe03fd05fd03fe00fdfefafdfafbfbfbfe00ff03ff020102030003fd02faff
1617,290732274,-31,11,128,1,0,1,1ee00100f3edf1eaf0e8f0e5f0e4f2e3f4e4f5e5f6e7f7eaf7eef7f2f6f6f4faf1fdeefeeafee8fde6fbe6f9e6f7e8f6eaf5edf4f0f4fcfd00000000000000000000000000000000000004fe13fa14fb14fc13fd12fe11fe0ffd0efc0cfa0af709f409f10aed0aeb0be90de80ee70fe710e810e90feb0ded0aef06f002f100f1
1618,291081689,-92,11,128,1,0,1,4ff11400070c060c050d060f050e0209ff07fe07fe0600030101030104010701090209020b010a010802070305020502030102000301010000000000000000000000000000000000000000fffefcfafbf8fcf9fdfbfcfdfbfcfdf900fa03fe03fe04fa07f708f608f707f705f707f707f702f700f801fa01fc04fc04fc04fa08
1619,291184083,-92,11,128,1,0,1,4ff11441f6f9f8f6f7f6f6f8f6f8f7f8f8f9f9fbfcf9fef9fdfbfcfcfc00fc03fb04fa04f902f800f800f800f900fafefafdfbfffd01ff0000000000000000000000000000000000000001ff04fd03fc02fd02fe02fd00fcfffcfefdfefe00fe02f902f602f600f601f603f705f803f701f602f703f900fbfbfcfafef900f701
1620,291593439,-92,11,128,1,0,1,4ff114000e07100810090c090908090807080606060205ff05fe02fdfffd01fb03f803f503f405f606f805f804f803f903fa02fc01fd00ff000000000000000000000000000000000000fefefaf9fafaf8faf8fdf8fffafefb01fc03fc02fb02fb05fc07fa09f90bf80bf80df80df50bf407f905fe03ff02ff03010203010601
1621,291696094,-92,11,128,1,0,1,4ff11400fcf2fdf0fdf0fdf2fdf4fff501f600f8fdfafefbfefbfcfdfdfffd00fd03fc03f901f602f703f801f901f903f903fb03fe02ff00000000000000000000000000000000000000ff01fc06fc07fb06fd05ff03ff02ff010001020004ff050007000aff0c000d020c050a050a030b0308020501030002fc02fafff8fcf7
1622,291900922,-92,11,128,1,0,1,4ff11400f7f3f8f2f9f2f9f2f8f0f9f0f9f5f8f9fafafcfafefefe03fc03fb05fb08fa0af808f806fa04fa05fa05fb05fc04fd03fc01fe0000000000000000000000000000000000000000010005ff07fe09ff080107020703050502060105fe06fb08fb09fc0afd0bfd0cfd0cfd0afb0cfc0cfd08fc03fd00fffefcfef6fef4
1623,292003281,-91,11,128,1,0,1,4ff1140008f308f30bf40df50df60cf70af706f804fa03fa02fb01fbfffbfbfbfaf9fbf8fbf5fcf3fdf5fef600f700f8fff9fffbfffb00fe000000000000000000000000000000000000ff01fe07fd0afe09fe06fd05fd04ff01010202040403060007ff09020a040a050b060a080808070a08090804060104fd03fb05fb05fa
1624,292105692,-90,11,128,1,0,1,4ff1140012fe15ff14000fff0dff0dfd0dfe0d020b0208fe04fcfffbfdfafcfafdf9fcf5fbf3fbf4fcf4fcf5faf6faf7fcf8fdf8fef9fffe000000000000000000000000000000000000fefefaf9fbf9fbf9fbfbfcfbfefcfdfdfbfefb00fc03fc06fc09fc0bf90cf50af50af50af60af809f904fb02ff0500060204030004fe
1625,292720128,-90,11,128,1,0,1,4ff11400010e010dff0dfc11fc11fd0efd0dfb0afb06fd05010303fe04fc06fd08000b000d0009020803090209000701060205010501010000000000000000000000000000000000000000fd01f902fb02f902f802fb00fcfefbfcfcfafdf9fbf8fbf5fbf2f9f3f7f4f4f6f6f8fbf5fcf5fcf8faf9f9fbfefc03fb06fc08fe07
1626,293539712,-92,11,128,1,0,1,4ff1144101f402f302f302f603f803f705f706f805f902fafffcfffefefcfbf9f9f8f8f8fbf9fef9fef9fbf7fcf6fdf7fdf9fefc00ff000000000000000000000000000000000000000001ff07fe060204020302010202020302030103ff02fd01fd05fc09fa09fa09fd0afe0aff090008010601050005fd02fb01fafffafbf8
1627,294153754,-91,11,128,1,0,1,4ff114000cf910f811f911fb10fb0dfa0bfa09fb06fc06fc04fd02fefdfef9fdfafbfbf8faf7f8f7f7f5f9f5faf5fbf8fbfbfbfbfdfcffff000000000000000000000000000000000000fe00f800f8fff700f8fffafefb00fd02ff02ff03fe03ff050209030b020a000b010e020e000c000b000aff09000604040603060104fe
1628,294460951,-93,11,128,1,0,1,4ff1140005f306f307f407f407f407f506f807f905f801fa00fd01fcfffcfdfcfdfafdf7fdf7fff800f9fffafff8fff7fff900fa00fbffff00000000000000000000000000000000000000ff03fe0300040403060003000402050302050005fe05fe070009ff0bfd0cfc0cff0d010b020703040105010602050104fe04fc03fa
1629,294768151,-90,11,128,1,0,1,4ff11400f6f3f5f3f6f2f7f3f8f5f8f5faf5fcf7fdf8fbf9f9fbf8fef600f602f602f500f3fff4fef6fdf8fcfafdfafdfafefbfefcfeffff00000000000000000000000000000000000000ff05fb09fa08fc05fd04fd03fe010001ff01fb00f801f702f801f701f304f207f408f507f605f505f604f903fb01fafff7fbf7f7f8
1630,295653080,-93,11,128,1,0,1,922cc94101ff02000202fb04f204f402f907fc0700fefff9fcfefe02ff0200ff0700090208fa0af807fa03f500f4fafcfd02fe04fc04ff01000000000000000000000000000000000000fffffbfefb00fe02ff02fd01fc02ff02010202030103fe02fe01ff01fe01fe010000fe00fd01ff02ff00fefffeff00ff020102040505
1631,295655145,-92,11,128,1,0,1,22233241ff0200000101030200fefffeff04000403020308000e010c03030101fc08fc06fffd00fcff00ff010100ff02020206000aff02ff000000000000000000000000000000000000ff00fe00ff02ff02fe01fd01fd02fe00fdfefdff00010201010101ff02ff02fe01fc00fe01fe02fd03fa01fbffffffff01ff03010202
1632,295872920,-92,11,128,1,0,1,755cc741ff00fe020303070009fc08fa05f903fc01fefefefffc00f9fdfafcfffc03fb03fa06f704f5fef6fff601f9040007fd06f602fdff000000000000000000000000000000000000fffffefefffe00fffefffdfefefefe00fd00fc01fc03fd02fe00fffcfffb00fc010001030104ff03fe02fd02fd020002020002000001
1633,295894583,-92,11,128,1,0,1,4ff11400f509f309f208f205f306f407f705f905fa06fc04fc03fd04000502050505070407060808070804070107000600060106020600010000000000000000000000000000000000000000020105ff07fc06fb03fdfffefffffffffdfefcfcfbfaf9f9f7f8f6f6f8f3fbf2fbf2faf2fbf5f9f7f8f9fbf9fdf8f9fdf602f702
1634,295920242,-93,11,128,1,0,1,244ee2410004000200fefcfef801fd0008fe07fe00ff01fe02fdffff00010101fa02f90002fa08f704fcf804f9050000fc04f907f907fe0100000000000000000000000000000000000000000101ff00fefefffe00ff01ff01000001000000fdfefdfe00fe01fc01fd00ffffff00fc02fb01fefeffffff00fffdfffcffff0100
1635,296017280,-30,11,128,1,0,1,1ee00100ebf4e9f2e8f1e8f0e8eeeaeeebeeedefeef1f0f3f1f6f2f9f1fdf100ef02ed03eb03e902e801e8ffe9feeafcecfbeefbf0fafcfe00000000000000000000000000000000000001fb06ec08ed09ed09ef09f008f107f205f202f200f1fdeffbecfaeaf9e8fae6fae4fbe4fce4fee5ffe6ffe8feebfceefaf1f7f2f5f3
1636,296018562,-30,11,128,1,0,1,1ee00100ebeee9ece8ebe8e9e9e7ebe7ede8eee9efecf0eff1f2f1f6f0faeffdedffea00e800e6ffe5fde5fbe6f9e8f8eaf7edf7eff7fcfd00000000000000000000000000000000000002fb0cec0dec0eee0eef0ef00df10bf209f206f103ef01ecffe9fee6fee4ffe200e001df02e004e104e304e502e800ebfceef9eff6f0
1637,296019715,-30,11,128,1,0,1,1ee0010019071c071e091f0a1e0b1d0c1b0c190c160a1408120510020ffe10fb11f813f615f517f519f619f819fa18fc16fe14ff12000400000000000000000000000000000000000000ff05fd17fb17fa16f915f913f912fb11fe10000f0310061109140b160c180d1a0c1c0b1d0a1d091c081b0719071608120a0e0c0c0f0a
1638,296028882,-30,11,128,1,0,1,1ee00100fd18fc1bfb1cfa1df81df71cf71af718f815fa13fd11000f030e060e090f0b100b130b150a160917071605160314011201100004000000000000000000000000000000000000fa00ea01eaffebfeecfdedfdeffdf0fef100f203f206f109ef0ced0eec0fea0fe80fe60fe60de70ce80bea0aed09f00af40bf60df80f
1639,296030110,-30,11,128,1,0,1,1ee0010004e705e506e407e308e309e40ae609e808ea06ec03ee00f0fdf1faf1f7f0f5eef4edf4ebf5e9f7e8f9e9fbe9fcebfeedffeffffb0000000000000000000000000000000000000500140214031404120511050f040e030e010dfe0efb0ff811f613f415f317f219f31af41af519f618f716f713f80ff70cf60af308f1
1640,296056859,-29,11,128,1,0,1,1ee00100fbe8fbe5fbe4fce2fee2ffe300e500e7ffeafeedfcf0faf3f7f6f4f7f1f8eef7ecf6ebf4ebf2ecf1eef0f0f0f2f1f4f2f6f3fdfc00000000000000000000000000000000000005001402140314041305110610050e040d010cfe0cfb0cf70ef410f112ef14ef16ef17ef17f017f216f314f411f50df509f405f302f1
1641,296057351,-29,11,128,1,0,1,1ee0010016fa19f91bfa1cfb1dfc1cfd1afe18ff15fe12fd0ffc0cfa09f707f407f107ee09ec0beb0ceb0eec0eee0ff00ef20df40cf603fd00000000000000000000000000000000000000050014fe14fd14fc13fc12fc10fd0fff0d020c050b090c0c0d0f0e111012121214121611160f160e150c130b100b0c0b080d040e02
1642,296065479,-29,11,128,1,0,1,1ee0010014f117ee1aee1bee1cef1cf11bf319f416f513f50ef50af506f303f101ee00eb00e802e603e505e507e608e909eb09ee09f002fc00000000000000000000000000000000000002050915071606160416031403130311050e070c0a0a0e081208160918091a0b1b0d1c0f1b1019101810160e130c11080f040fff10fb
1643,296065911,-29,11,128,1,0,1,1ee00100edf2eaf0e9eee9ede9ebebebedebeeedf0eff2f2f3f5f3f9f3fef201f004ee05eb06e906e805e803e801e900ebfeeefef0fdfcff00000000000000000000000000000000000004fc10f311f412f612f711f810f90ef90cf809f706f404f103ed03ea03e803e604e406e307e408e508e607e806eb03ef00f1fcf2f9f3
1644,296201771,-92,11,128,1,0,1,4ff11400faf1faf0fbeffbf0fcf3fdf4fdf6fdf9fcfbfcfcfefdfffffd01fb02fa03f705f406f504f700f8fff801f901fafffafff8fefeff000000000000000000000000000000000000ff01fe0600070209030802060104010403020300050007ff08fc0afb0dfc10fc11fd10000f010eff0cfe08fe05fc05fe04fe02f900f5
1645,296224114,-31,11,128,1,0,1,1ee0010005e805e507e308e209e20ae40ae50ae709ea07ec04ee01f0fdf1faf1f7f1f4eff3ecf3eaf3e9f5e8f7e8f9e8fbeafdecfeeefffb0000000000000000000000000000000000000401130513061207110710070f060e050e030e000efd10fa12f814f616f518f519f51af61bf71af819f917f914f910f80df70af409f2
1646,296224483,-31,11,128,1,0,1,1ee0010009e90ae70ce50de50fe510e610e80fea0dec0aee07ef04f000f1fdf0faeff9edf8eaf9e8fae6fce6fde6ffe801ea02ec03ee00fb0000000000000000000000000000000000000401120712081109100a0f090e080d070d050d020eff10fd13fb15f917f919f91bfa1cfa1bfb1bfc1afd18fd15fd11fb0ef90cf60bf3
1647,296224897,-31,11,128,1,0,1,1ee00100180b1b0c1d0e1e0f1d111c1119111811150e130c11081005100110fd12fa15f817f71af71bf81cfa1bfd1aff1801150213030400000000000000000000000000000000000000fd05f614f514f413f312f410f50ff70ffa0ffd0fff10021304150618061a061c061e051f041f031e021d021b0217041307100a0e0d0c
1648,296225338,-31,11,128,1,0,1,1ee00100e5fce2fce0fbdff9dff7e0f6e2f5e4f6e6f7e9f9ecfceefff003f007ef0aed0deb0ee90ee70ee60ce50ae607e805ea03ec02fb0000000000000000000000000000000000000000fa02e903e905ea05eb05ec05ed03ee01effef0fbeff7eef4ecf2eaf1e8f1e6f1e4f1e3f2e3f4e4f5e5f6e6f6eaf6eef4f2f1f5eff7
1649,296225714,-31,11,128,1,0,1,1ee0010018091b0a1d0b1e0c1e0e1c0f1a0f180e160c140a110710030fff0ffb11f813f616f518f51af61bf81afa19fc17fe15ff13000400000000000000000000000000000000000000fd05f714f614f513f412f510f60ff80ffa0ffd0f00100312051507170819081b071d061e051e041d031c031a04160513070f0b0d0d0b
1650,296226090,-31,11,128,1,0,1,1ee001000519061c051f042003210120001e001c001901160213040f080d0b0b0f0a120b140d150f1511141312140f140c130a1208110104000000000000000000000000000000000000fa01e904e902e901ea00ec00ed00ef01f003f106f209f20cf10fef12ee14ec15eb16e915e914e913ea12eb10ee0ff20ef60efa10fc11
1651,296226476,-31,11,128,1,0,1,1ee00100170b190d1b0e1c101b121a1218121611140f120c10090f060f020ffe11fb14f917f819f91bfa1bfc1bff19011702140312040401000000000000000000000000000000000000fd05f614f513f412f311f40ff50ef60ef90efc0fff100112031505170519051c041d031e021e011d001c001a011703130510090e0b0c
1652,296231421,-32,11,128,1,0,1,1ee00100e706e406e306e105e104e103e302e501e701ea02ed03f005f308f50bf50ef511f313f114ef14ee13ed11ed0fed0cee0aef09fc02000000000000000000000000000000000000fefafaebfbeafcebfdebfeedfeeefdeffbf1f8f2f6f3f3f3eff3edf1ebf0eaefe9edeaeceaebecebedeceeedf0f0f1f4f1f7f0fbeefd
1653,296252765,-30,11,128,1,0,1,52200500f5e7f4e4f5e2f6e1f7e1f9e2fae3fae6fae8f9ecf8eff6f2f3f5f1f6eef7ebf6e9f5e9f3e9f1eaf0ecefeeeff0eff3f1f4f2fdfc00000000000000000000000000000000000005fd14f614f714f913fa12fb10fb0efa0cf80af609f308ef09eb0ae90be70de60fe611e611e711e910eb0fed0cee08f003f000effded
1654,296254551,-30,11,128,1,0,1,5220050014ed16ec18ec19ed1aed19ef18f016f214f310f30df309f205f103ef01ec01e901e703e504e406e507e709e909ec09ee09f002fc00000000000000000000000000000000000003040d120c120b1209120810080f080c0a0a0c070e051204160419041a051c061d081d091c0a1a0a190917081406110310ff10fb11f8
1655,296258414,-30,11,128,1,0,1,52200500f617f41af31af21bf11af118f116f214f412f710fa0ffe0e010e050f071009120a150916081806180417031601140011ff10ff03000000000000000000000000000000000000fbfdedf5eef4eff3f1f3f2f4f3f6f4f8f3fbf2fef100ee03eb04e805e706e505e304e303e302e401e601e901ec02f004f206f40af50c
1656,296268348,-29,11,128,1,0,1,52200500ee15ec16eb17e917e816e814ea12eb10ee0ff10ef50df90efd0f0010021303160318021a001bff1bfd19fb18fa15fa12fa10fe04000000000000000000000000000000000000fbfbf0eff1eef2edf4eef5eff6f1f6f4f5f6f3f9f0fcedfde9fee6fee4fee2fde1fbe1fae2f9e4f8e5f8e8f9ebfbeefff002f107f20a
1657,296283804,-30,11,128,1,0,1,5220050011ed14eb16eb17eb18ec18ee17f015f112f30ff30bf307f303f200f0feedfdeafee7ffe501e502e504e606e907eb07ee07f001fc00000000000000000000000000000000000003040b110a12091208120710060e070c080a0a070d0510041404170419051b061c071c091b09190a180a1508130610030fff0efb0ff8
1658,296323773,-30,11,128,1,0,1,5220050019051c061f072008200a1e0b1c0b190a160812060e020bfe08fa07f506f107ed08ea0ae80ce70ee80fea10ec0fef0ef20df403fd000000000000000000000000000000000000fa01e804e802e801e900ebffeefff101f403f706f90afb0ffc13fc18fc1bfb1df91ff820f71ff71df71bf818fa14fd10010c06090a07
1659,296374677,-29,11,128,1,0,1,5220050017f91bf71ef620f722f721f920fa1efb1bfc17fc12fb0dfa08f704f401f0ffecffe9ffe601e302e304e406e507e808eb08ed02fb000000000000000000000000000000000000fc04f012ee11ed10ed0fed0def0bf10af50af90afd0b020d061109140b170c1a0c1d0c1f0b1f0a1f091e081b07170712080d0a080b05
1660,296577519,-30,11,128,1,0,1,1ee00100efe9ede6ede4ede2efe1f1e2f3e3f4e6f5e9f5edf5f2f3f7f2fbeffeec01e902e602e400e3fee3fde5fbe7faeaf9edf9eff9fcfe00000000000000000000000000000000000005fe18fb18fd18fe16001500130010ff0efd0cfa0af60af10aec0be90de60fe411e313e313e513e713e911eb0eee09f004f1fff0fcf0
1661,296578111,-30,11,128,1,0,1,1ee0010015ed17eb1aeb1beb1cec1cee1af018f215f311f40cf407f303f2ffeffdecfce9fce6fde4fee300e302e404e605e905ec05ee01fb00000000000000000000000000000000000001050617041802180117001500130111040e070b0a090f09130917091a0b1c0d1d0f1d101c111a111811160f130c10070f030efe0efa
1662,296713808,-93,11,128,1,0,1,4ff11400f2f5eff5f2f5f5f5f4f6f4f5f6f6f8f8f9f9fbfcfbfffbfffc00fd01fd03fc07fb09fa08f908f808fb07fd06fc06fa05fb05ff0100000000000000000000000000000000000001000303030503060305020501040202010001fe04fd06fc06fb07fa09fb09fb09fc09fd07fc07fb06fc03fc03fc04fc03fafff9fdfa
1663,297558009,-93,11,128,1,0,1,688ff641fefe01fd03fe020002030102fe00fd00fd01fc0af815fb0cff00f905f50bfb07010200ff01fd01fd01fe00fe00fefffffffeffff0000000000000000000000000000000000000100040000fe00fe01ffff01ff01000002010300030002ff01fe00ffff00fe00fe02fd02fc00fdfefefe01ff030001fffdfdfafbfffd
1664,298172529,-31,11,128,1,0,1,1ee00100110b140c170d180f19111811161215111310110d0f0b0d070d030cff0dfc0ff912f814f716f717f817fa16fb15fd13fe12ff0400000000000000000000000000000000000000fc03f00cef0bed0aed09ed08ed07ef06f106f407f708fa0bfc0efd12fe15fe17fd1afc1cfb1cfa1cf91bf91afa16fc13fe10010e040d
1665,298173390,-31,11,128,1,0,1,1ee00100ebf9e8f9e5f8e4f7e3f5e4f4e5f3e7f3e9f4ebf6eef8f0fbf2fff303f206f10af00ced0dec0dea0cea0aea08eb07ec05ed04fb0000000000000000000000000000000000000002fb0aef0cef0def0ef00ff20ef30df40bf508f505f501f3fff0fceefbebfae8fae5fae3fbe3fde3fee3ffe5ffe8feecfceffaf2f8f4
1666,298173786,-31,11,128,1,0,1,1ee00100f913f817f719f61bf51cf41bf31af318f416f513f811fb0fff0d030c060c090e0b100c120d130c150a1508150614051303120004000000000000000000000000000000000000fcfdf0f4f0f2f0f1f1eff3eff4f0f5f1f5f3f6f6f5faf3fdf000ee02eb04e804e504e303e202e201e300e5ffe8ffec00ef02f205f407
1667,298174386,-31,11,128,1,0,1,1ee0010013f216ef18ee1bed1ded1def1cf01bf219f316f412f50df509f405f202ef01ec00e901e602e503e405e506e607e808eb08ed02fb000000000000000000000000000000000000010506150516041702180117001600140011020e050c090a0e0912091509180b1a0d1c0f1c101b121a1218121510120c10080f040f00
1668,298185105,-31,11,128,1,0,1,1ee0010012f715f418f31af31cf41cf51cf71af818f816f912f90ef90af706f504f203ef02ec03e905e706e707e809e90aeb0aee0af002fc00000000000000000000000000000000000000040013ff14fe14fd14fc14fb12fb11fd0fff0d020b060b090b0d0b100c120e1410151215131414131511140f110d0e0c0a0d060d03
1669,298185788,-31,11,128,1,0,1,1ee0010017fd1bfb1efb21fb22fc22fe21ff20001d00190015ff11fd0dfa0af609f208ee09eb0ae80ce70ee710e811ea11ed11f010f204fc000000000000000000000000000000000000fe05f915f715f515f415f413f412f511f70ffa0efe0d020e060f0a110c140f161019101b0f1c0e1d0d1d0c1c0a19091409100b0b0c08
1670,298186465,-31,11,128,1,0,1,1ee0010006ec07e808e509e40be30ce30de50de60ce80aeb08ee04f000f2fcf3f8f3f5f2f3f0f1eef1ecf1eaf3eaf5eaf7eaf9ecfaedfefb00000000000000000000000000000000000003030d0e0d0f0c110b110a110910080f080d080a09070b040e0112ff15fe18fd1afd1cfe1dff1d001c011b021802140010fe0efc0cf9
1671,298193231,-31,11,128,1,0,1,1ee0010013fa17f81af71cf71ef81efa1dfb1cfc1afc16fc12fc0efb0af907f605f304ef04ec05ea07e808e80ae90bea0ced0cef0bf102fc000000000000000000000000000000000000fe04fb13fa14f814f713f612f611f710f90efc0dff0c030c070d0a0e0d100f121015111711180f180e180d170b150a110a0d0b090c05
1672,298203495,-31,11,128,1,0,1,1ee0010017011b011f0121022203220420051e061c051804140311000efc0bf80af30aef0bec0dea0fe911e913ea13ed13f012f211f404fd000000000000000000000000000000000000fc04f312f112ef12ef11ef0fef0ef10df30cf70cfb0cff0e021105140717091a091d091f08200720051f051e041a04150611080d0a0a
1673,298204644,-31,11,128,1,0,1,1ee00100120a150b180d190e1a101911171115111310110d0f0a0d070c030cfe0dfb0ff811f613f515f517f617f817fa16fc14fd12fe04ff000000000000000000000000000000000000fc02ef0bee0bed0aec08ed07ee06ef06f206f407f709fa0bfc0ffd12fe15fe18fd1bfc1cfb1cfa1cf91bf91afa16fb13fe10020d050c
1674,298205806,-31,11,128,1,0,1,1ee0010009ed0ae90ce70ee610e510e611e811e910eb0ded0af006f202f3fef3faf2f7f0f6eef5ebf5e9f6e8f8e8fae8fbe9fdebffedfffb00000000000000000000000000000000000003030c0f0c110b12091208120711060f060d070a09070c040f021201150018001a011c021c031c041b0519061605130310000efc0cf9
1675,298207342,-31,11,128,1,0,1,1ee001001209160a180b1a0d1a0f1a1018101710140f120c0f090d060c020cfd0dfa0ff711f413f315f316f417f617f815fa14fc12fd04ff000000000000000000000000000000000000fc03ef0bee0bed0aec09ed07ee07ef06f206f507f809fa0cfc0ffe12ff15ff18fe1afd1cfc1cfb1cfa1bfa19fb16fc13ff10020d050b
1676,298207742,-31,11,128,1,0,1,1ee00100eb06e808e509e308e208e206e305e404e603e903ed03f105f507f809fa0dfb10fb13fa16f817f617f516f315f312f310f30efc0300000000000000000000000000000000000000fa01eb02eb04eb05eb06ec06ee05ef04f101f2fef3faf4f6f3f3f2f0f0eeeeedececeaede9eee8efe9f0eaf2ecf4f0f4f4f4f8f3fb
1677,298208270,-31,11,128,1,0,1,1ee00100140518051a061c071d091c0a1b0b190a1709140711050e020cff0bfb0bf70cf30ef110f012ef13f014f115f314f512f711f904fe000000000000000000000000000000000000fc03f30ff10ef00eef0def0bf00af109f409f709fa0afd0c000f031204150418041a031c021c011c001cff1a00170113030f060c080a
1678,298214352,-31,11,128,1,0,1,1ee00100f613f517f319f21af01bef1aef18ef16f014f312f610fa0efe0c020c060d090f0b110c140c160b17091707170516031402120004000000000000000000000000000000000000fcfcf3eff4eef5edf6ecf7edf8eef9eff9f1f8f5f6f8f4fbf0fdecfee9ffe7ffe4fee2fde2fce2fbe3fae5fae8faecfceffff103f306
1679,298259586,-29,11,128,1,0,1,1ee0010016fb19f91bf91ef91ffa1ffc1efd1dfe1afe17fe14fd10fc0ef90bf60af30aef0bed0deb0fea10eb12ec13ee13f112f311f504fd00000000000000000000000000000000000001040413031401140014ff14ff13ff110010020e050c080b0c0c0f0c110d130f1511151315141315121511140f120e0e0d0b0e070e04
1680,298262681,-29,11,128,1,0,1,1ee00100120d150e181019111913181416141514131211100f0d0e090e050e0110fe13fc15fb18fb19fb1afd1aff19011703150413050401000000000000000000000000000000000000fc03f30ff10ff00eef0def0cf00bf10af30af60af90cfc0efe11ff1400160019ff1bfe1dfd1dfc1dfb1cfb1afc17fe140011030f060d
1681,299166683,-92,11,128,1,0,1,1bbaa141fc01fd02010103fe01ff010001000002000304fc06f502f800fdfa04f109f502fdfe01020506050302fcfdfafcfdffff02ff0000000000000000000000000000000000000000fffffffd01ff01fffffdfffd00ff01020003fe01ffff01ff0101fe02fd03ff040103020001fcfefcffff03010202ff00fefbfcf8fffa
