sequence,timestamp_us,rssi,channel,csi_len,flags,queue_drops,label,csi_hex
0,1933354,-92,11,128,1,0,1,4ff114000e02110310010f000f010c030a0308020501030003fe04fc04fb04fa03f702f704f805f703f703f803fa03fb04fb04fb01fbffff000000000000000000000000000000000000fe00f902fa03fa02f902f802fa02fe01ff000002030606080609060d050f040d040e0311010f000bff09fe07ff03ff02020608060b05
1,3005937,-93,11,128,1,0,1,2440024100fdfffefd01fd02ff02ff030103030001fffdfffdfffffefffffe01fefffffd00fe0000ff0000fffefefefefffe00000001ff00000000000000000000000000000000000000fffffefd00fe00ffff00ff0100010101000301030101fffefefdfffc00fe02000100fdfffffe0400040102ff020a0416030c010000ff
2,3111557,-92,11,128,1,0,1,bcc22b4100020204030104fe01fe01ff04ff04fc00fcfef7ffeffff6ffff0506080c0407000000ff01ff01fd00ff0100fffffdfefeffffff00000000000000000000000000000000000001fe02fbfefcfefe0000ff01fe0200020001fe010003010400040002fe01fd00fdfdfdfbfcfcfefefc00fb01fb02fb05fd03fffe0501
3,4605346,-40,11,128,1,0,1,1ee0010010050a030402fd00f7fff1feecffe7ffe3ffe000df01df02e102e303e703eb02f001f501fb0000ff05ff0aff0efe11fe13fe05ff000000000000000000000000000000000000ff00fbfff9fcf5f9f2f6f0f3eef0eceeebecebecececeeedf1f0f4f3f8f6fdf901fd06010b041007150a190b1b0c1d0c1e0c1e0b1e0b
4,4696628,-92,11,128,1,0,1,4ff11400fb0cf80bf50af50af60cf80bf807f607f607fa070005020300020002020302060009ff0900090307040603080107ff050005ff01000000000000000000000000000000000000fefefbfafdfbfffafef9fdfafdfcfffefffffc00f900f701f703f602f501f4fff2fbf1fbf1fdf1fdf5fbf8fbf9fffa01fb03fc06fd08
5,4834772,-39,11,128,1,0,1,1ee00100021901170015ff14fd14fc14fb15fa17fa19fb1afc1bfe1cff1c011a0219021702150113ff11fd10fb0ffa0ff80ff70ff610fd040000000000000000000000000000000000000003020f000fff10fe12fd13fd15fd17fd19fe1aff19ff19ff1900180016fe15fd14fc14fb14fa15f917f919f91afa1bfc1bfe1cff1d
6,5517398,-92,11,128,1,0,1,4ff11400f5f8f5f6f2f6f3f7f8f6f8f7f7f8f8fbfafdfcfdfefcfcfffa04fc06ff06ff08fe0bfc0bfa0afc09fd09fc08fb07fc06fe05ff0100000000000000000000000000000000000002000a020704040304010503040303ff02fd02fd05fb08fa09f909f70af70bf60af608f807fa07f906fb06fe06fe02fdfcfcfbf9faf9
7,5824608,-90,11,128,1,0,1,4ff11400faf2fcf1fbf1fcf1fef2fef4fdf6fef7fff9fff900fafdfbfafef801f803f902f800f7fff801f803f702f802f703f800fbfeffff0000000000000000000000000000000000000001000701060007fe06fd04fe03fe05fe0300ff02fe05fe07fe09fe0aff0bff0dff0eff0c01080209020cff09fc03fb03fa03f800f9
8,6437814,-91,11,128,1,0,1,4ff114000c061009120a110a0d0b0a0908070505010301030404020400fe01fb05fc09fd09ff0a010a0207020503060206020401030100000000000000000000000000000000000000000001ff06fc05fc06fe04fe03ff04000402050206020402040308030b030b020a030b030aff0afc0bfe0b000900050106040a080a0d08
9,9594846,-90,11,128,1,0,1,499114000010fd10fb12fa12fa10fb0efb0cfa09fa08fd0a0009030607030900060104050508080909090908080706050404030202030000000000000000000000000000000000000000fffefff9fef8fdf4fdf5fff9fffcfdfcfdfcfffefe01fb03f303ef02f102ef01effff1fef3fff300f3fff600f702f803fe0306030904
10,10238436,-34,11,128,1,0,1,1ee00100f4fceffcebfbe8fae6fae5f9e5f9e6f9e7faeafbedfcf1fdf6fffb01ff040307050a080c090f0a100a110a120911071006100103000000000000000000000000000000000000fe03fb0ffa11f812f712f611f610f60ff70df90afc060003040008fd0cfb10f913f816f718f619f619f719f716f812f90efa0afb06fb
11,10295158,-34,11,128,1,0,1,522005000bf510f013ed16ea18e819e819e818e816ea13ec0ff00af305f7fffafafdf400ef01eb02e703e503e402e401e501e700e9fffaff000000000000000000000000000000000000fefbf8ecf8eaf9e8fae8fbe8fce9fdebfeeefef3fef8fdfffc05fb0bf910f715f519f41cf31ef21ef11ef21df31af615f910fc0bff07
12,10502501,-37,11,128,1,0,1,1ee00100f60df212ef16ed19ec1bec1cec1bed1aef18f215f611fa0dfe08030307ff0cfb11f814f517f419f31af41af518f616f714f805fe0000000000000000000000000000000000000104051104130314021501150014ff12fe0ffe0bfe06ff0000fa02f404ef05eb07e708e409e20ae20ae20ae309e707ec04f102f600fa
13,11250483,-90,11,128,1,0,1,4ff11400f9f0faedfaedfceffff100f201f300f5fff8fefcfefdfefbfcfaf9fcf5fcf4fdf7fcf9fbf9fcf9fbf7faf7fcf9fcfbfbfafcfeff00000000000000000000000000000000000001ff07fe0afd07fe05ff05fd05fc04fc02fc04fc05fa02f902f804f806f807f506f306f408f708f806f706f907fa03fafef7fef3fdf1
14,11408667,-42,11,128,1,0,1,1ee00100f8f3f5f8f2fcee00ea03e705e406e106df05de04df02e102e401e701eb02ee04f206f509f70cf90ff912f914f815f716f616fd0500000000000000000000000000000000000001fe07f708f40bf10eef11ee15ee18ef1af11af318f615f911fa0cfa07f901f7fdf3f9eff6ebf5e8f4e4f4e0f5dff7dff8e0fae2fbe3
15,11409430,-42,11,128,1,0,1,1ee00100010e060a0b071005150419041c041f052105210720081d081b071706140411020efe0cfa0bf70bf30bf00dee0eed0fec10ec04fb000000000000000000000000000000000000fd01f504f306ef07eb08e808e506e204e102e300e5fee9fdedfef100f603fa07fd0cff110016001aff1efe21fd22fc21fb1ffa1dfa1b
16,11410096,-42,11,128,1,0,1,1ee00100f4f8f4fff304f209f00eed11eb14e916e716e616e615e713e911ec0ff00df40cf80cfc0d000e031005120614061606170518010600000000000000000000000000000000000000fd02f502f203ee05ea07e80ae60ee610e611e811ec0fef0cf208f403f6fdf7f7f6f2f5edf3eaf0e7ede5eae6e8e7e8e9e8ebe9ecea
17,11414420,-42,11,128,1,0,1,1ee00100f5f7f4fdf302f007ee0ceb0ee811e612e412e312e410e50fe80dec0cf00bf40bf80bfc0dff0e021004120414051504160417000600000000000000000000000000000000000001fd05f606f309ef0cec0fea12ea16ea18eb18ee16f114f410f60bf705f8fff7f9f4f4f1f0eeedebebe7eae4ebe3ede3efe3f0e5f1e6
18,11415559,-42,11,128,1,0,1,1ee00100f6f6f5fcf301f006ed09ea0ce70ee40fe30fe20ee30de40ce70aeb09ef09f309f70afa0cfd0e001001120214021501160017000500000000000000000000000000000000000001fd06f607f309f00ded10eb13eb16eb18ed19ef17f314f510f70bf805f800f7faf4f5f1f2edefeaede6ede3eee2efe2f1e2f3e4f4e6
19,11429533,-42,11,128,1,0,1,1ee00100050c08080c03100014fd18fc1cfb1efa20fa21fb20fc1efd1cfe18fd14fd11fb0df90af708f306f105ee05ec05ea06e907e802fa000000000000000000000000000000000000fe01f707f509f20bee0dea0ee70de40ce20ae307e505e903ed02f203f705fc08000c041007140819081d0820072105210420031e021c
20,11433141,-43,11,128,1,0,1,1ee00100ff0e030b09090e081308160819091c0a1d0b1e0c1d0c1b0c180b150a130811050f010dfe0dfa0df70df40ff210f111f112f004fc000000000000000000000000000000000000fd00f503f205ee05ea05e705e403e200e1fee3fbe6faeafaedfbf1fdf601f906fb0bfc10fc15fc19fa1df920f720f61ff61ef61cf61a
21,11434384,-43,11,128,1,0,1,1ee00100f1fdf302f507f60df612f515f418f31bf11cf01cf01bf01af117f314f612f910fc0e000e030e070e090e0b100c110d120c140305000000000000000000000000000000000000fffdfdf5fcf2fbeefbeafde7ffe401e204e106e307e707ea06ee03f2fff5faf8f5faeffbeafbe6fae2f8e0f6dff5e1f4e3f3e4f3e6f3
22,11435508,-43,11,128,1,0,1,1ee0010004f2fff3faf4f4f4eff3ecf2e9f1e6efe5ede5ece6ece8eceaededf0eff3f1f6f2faf2fef201f105f007ee09ed0aeb0aea0afa0200000000000000000000000000000000000002000aff0dff11ff150018021a041b071c091a0b160c130b10090d060a0108fc07f607f108ec09e80ce40ee210e210e311e511e711e8
23,11439216,-43,11,128,1,0,1,1ee00100fb0e000c060a0b0a100b140c170d190f1b101b111a1218121611130f110d0f0a0d060d020dfe0efb0ff811f613f515f516f605fd000000000000000000000000000000000000fd00f601f302ef03eb03e802e500e3fde3fbe4f9e7f8eaf7eef8f1fbf5fff804f909fa0efa13f917f71bf51df31ef21df21cf21af218
24,11439583,-43,11,128,1,0,1,1ee00100f9f3f7f7f4fcf000ed03e905e607e307e107e006e005e104e403e703eb03ee04f205f508f80bfa0dfb10fb13fa14fa16f817fe0500000000000000000000000000000000000001fe06f908f60af30df111f014ef17f019f219f417f715f911fa0dfa07f902f8fef5faf1f7edf5eaf4e6f4e3f4e1f6e1f7e2f9e3fae4
25,11661805,-92,11,128,1,0,1,4ff11400f8f0f9f0fbf0fcf0fef200f201f401f601f801f9fffafcfbfbfbfcfbfbfcfafcfaf9faf8fbf8fbf8fbfafdfbfff9fff9fffafffe0000000000000000000000000000000000000100060004fd05fb08fb06f903fa02fd04fd04fc02fb01fa01f702f504f404f204f406f609f609f507f604f903fd02fdfefafcf6fdf3
26,14517107,-92,11,128,1,0,1,7aa11741fc010201040203030200fffffa04fb070003f9ffeffceef7f8f903fe01f7fef6ff01ff06fe04fd0100010200fefcf9f7f7f2fdfc000000000000000000000000000000000000ffff00ff0202020001fcfefefc01fd00fefffcfefb01fe0200fffefffefffffffffefe00ff03ff03fe01fa03f803fa00fdfffffefffb
27,14836619,-91,11,128,1,0,1,4ff11400feedfceefef0fff3fff400f200f302f603f800fcfdfffbfff900f800f800f702f503f600f5fff600f800f800f8fffafffbffffff00000000000000000000000000000000000000010105010601050004fe04fe04010402020201030003fe07fc0afb0a000b040f0311000d010c020b02080104fd00fbfefafff901f8
28,15126148,-39,11,128,1,0,1,1ee001000504ff02f901f201ec01e802e403e204e106e007e208e408e808ed07f206f804fd02020007fe0bfb0ef911f713f613f514f405fd000000000000000000000000000000000000fefef7faf6f6f5f2f3eef2ebf2e9f1e6f1e5f3e6f5e9f8ebfbeffef401f805fd09020e061209150c190e1b0f1c0f1c0e1a0d190c170a
29,15188222,-39,11,128,1,0,1,1ee0010007fd0202fd07fa0cf711f516f41af41df51ff620f81ffa1dfb1afd15fe0fff09000300fd00f700f200eeffebffe9fee7fde6fff9000000000000000000000000000000000000fd00f501f200effdebfbe9fae6f9e5f8e4f7e6f7e9f7ecf7f0f7f5f8fcf902f908f80df812f717f61bf41df21ef11df11bf119f217f3
30,15220196,-93,11,128,1,0,1,dee44d4102fefd01000207fc07fb0400030202040004fe04fe01fbfdf9fcfdf9fef7fcf5f6f3f6f6fef505f409f908fc0200fd01fdfcfffe00000000000000000000000000000000000001ff04fc00fdfcfffd00000101010102020002fffefefcfffc00fe000100010001fe00fd00fc00fcfefdfffe00fe00fffe03fd03fcfe
31,16679816,-92,11,128,1,0,1,4ff1140011f811f80efa0efc0efc0cfc0bfd0bfe0afd09fc06fe01fc00f800f700f801f603f302f200f401f603f904fa02f800f901fb00ff000000000000000000000000000000000000ff03fc0afb07fa06fb05fb02fb010001030203020303050307050809080c080d080e080d060c050b050b060807040701060005ff05fd
32,17144925,-92,11,128,1,0,1,e33eee41ff0300ff02fc03fe05ff0302ff070005040209060b050bfc06fffd03f8fdfbf902fc07fb05fa01fa01fc00fefbfdf8fff803fd01000000000000000000000000000000000000ff000000010000fffffe00fe02fc02fd01000301030001ff00fffffffdfffe0000ff00000003fe03fdfffbfffc02000101fffefefcfd
33,17146280,-92,11,128,1,0,1,f3399f41fdfdfcfdfdfdfe0203040bff09fcfffdfbfcfffc0102fe07ff05fe04f902fb03000503040607070608fc08f703fdf902f800feff000000000000000000000000000000000000fffe01fd02ff020001ff00fe00ff01ff00fe00ff03ff0400010100ff00fe010101040003000100fe00fffe02fa02fb01fe02010103fd
34,18316243,-92,11,128,1,0,1,4ff11400f100f102f002ef01ef03f204f503f603f702f802fa01fd030005020603070309030b040c030b0209020802080108020701060001000000000000000000000000000000000000010005ff06fe08fe0800040001fe00fd00fcfffb00fafff9fff7fff301ef04f104f402f200f100f100f4fff7fcf8fafafafafafbf9fd
35,18750353,-91,11,128,1,0,1,86699841fcfffd02fe02ff01000402040aff0dfa05f9fd03f70bf208f703000101f8fdf6f6fdf200f802fe01010000ff04000605040c0003000000000000000000000000000000000000fe00fd00fffdfffefdfefdfdfefdfdfcfdfd00fe01fe01000003fd01fffd00fcfffcfffdfffe00fe03fd02fdfffe0000ff02fe02fd03
36,18945662,-43,11,128,1,0,1,1ee00100fafefbfafcf5fdf1fdedfceafbe8fae7f8e6f7e7f6e8f6eaf7edf9f0fbf3fdf600f902fc05ff070109030b050c060d070e07030200000000000000000000000000000000000003020f091009120b130b140b140b130a12090f080b0707060206fd05f905f406f007ed09ea0be90ce80ee80fe910ec10ef0ff10ef30c
37,18946232,-43,11,128,1,0,1,1ee00100f801f8fbf7f5f6f0f4ecf2e9f0e6eee5ece5ebe6ebe8eceaeeedf1eff5f2f9f5fdf801fa05fd09ff0c000f0211031303140405010000000000000000000000000000000000000500150217021a031b031c021c021b021901150110020b0305050007fb09f60cf110ee13ec16ec19eb1bec1dee1df11bf319f516f613
38,19001791,-43,11,128,1,0,1,1ee00100faf1fdf001ee03ec05e905e705e504e302e201e2ffe3fee4fee6fee9ffec01ee03f105f308f50af60cf70ef80ff910f911f904fe000000000000000000000000000000000000fbfeeff9edf9ebf9e9f9e8fae8fbe8fde9fdebfdeefdf0fbf3f9f5f6f7f3f8f0f8edf7eaf5e7f3e6f1e5eee5ede7edeaedeceeeeefef
39,19034811,-92,11,128,1,0,1,4ff114000a070b080a090807060604060405040302040204050106ff05fe06fd06fc05fa05f908fa08fb05fb04fc06fe06ff03ff01000000000000000000000000000000000000000000fd00f600f9fefbfdfafefb00fe010002fe03fc04fc06fb07fa06fa05fa06fb07fc07fb08fa0af809f706fa05fd07fe0900080508060b
40,19274501,-39,11,128,1,0,1,1ee0010011141417171918191919181716151413100f0c0c07090106fb03f501f0ffebfde8fbe6f9e4f8e4f7e5f7e8f7eaf7eef7f1f7fcfd000000000000000000000000000000000000fd05f615f615f714f812f910fa0dfc09fd05ffff00f801f201ed01e801e400e1ffdffedefddefce1fce3fbe7fcedfef300fa04000704
41,19537637,-39,11,128,1,0,1,1ee00100130e161018121813181317121410120e0f0c0b0806040200fefcfbf7f8f3f6eff6ecf6e9f7e7f9e7fae8fce9fdecffef00f100fc00000000000000000000000000000000000004fe11f811f810f80ff90cfa0afa06fa02fbfdfbf8fbf3fbeefaebf9e8f9e5f9e4f8e4f8e5f8e6f9e9faecfbf0fdf6fffc0201040606
42,19539938,-39,11,128,1,0,1,1ee00100130d160f18111812181216121410110e0e0b0a0706040200fffbfcf6f9f2f8eef8eaf9e8fae6fbe6fde7fee900ec01ef02f200fc00000000000000000000000000000000000003fd0ef40ef50df50cf60af707f804f900fafcfbf7fcf2fcedfceafce7fce5fce4fce4fce5fce7fde9fdecfef1fff701fc0302050607
43,20073893,-38,11,128,1,0,1,63399641020402fc01f3f7eef0f2f1faf500f804f600f4fdf6fffdff030007020403fe03fdfffcfafefa00fc00ffff00fffffffeffffff00000000000000000000000000000000000000000000ff01ff0001010102010102000402040104f802f201f203f300fdfc09fa11f810fb05fb02fb00fef8fbf6fdf704f200f3fa04f4
44,20531351,-29,11,256,1,0,1,e4400e0018fe18fe18fe17fe17fd17fd17fd16fd16fc16fc15fc15fc15fc15fc15fc15fc15fd14fe14fe13fe13fe12ff12ff11001100040000000000000000000000000000000000000004ff13fc13fc13fc14fd15fd15fe16fe16fe17ff17ff180018001800180017001700170017ff18ff18ff18ff18ff18ff18ff19fe19fe0efd2ff82ef92ef92df92cf82cf72bf72bf62af629f629f529f528f528f528f528f628f628f727f826f925f924fa22fb22fc21fc21fd21fd21fd05ff01fffffffe00ff0001ff06fd22f122f324f624f725f826f927f929fa2afb2bfb2cfc2dfd2dfd2dfe2dfe2dfe2dff2dfe2dfe2dfd2dfd2dfc2dfb2efb2efa2efa2efa2efa
45,20531494,-29,11,256,1,0,1,e4400e001a0319031902190218021801180118001700170017ff17ff17ff170017001600160016011501140114011301130212021202040000000000000000000000000000000000000005001401150115021502160316031703170418051805180518051806180618061805180518051805180419041904190419031a031a030f0132063107310730062f052e042e032e022d022d012d012c002c002c002c002c012b012b012a0229032703250324042304230522062209220a06010100fffffeffffff02ff06ff26002701270327042805280629072a082c092d0a2e0b2e0b2e0c2e0c2e0c2e0d2e0d2e0c2e0c2e0c2f0b2f0a2f0930083008300730073007
46,20531659,-29,11,256,1,0,1,e4400e00ef15ef14f014f014f114f114f214f214f314f314f314f314f314f313f313f313f312f312f311f310f410f40ff40ff40ef30efc03000000000000000000000000000000000000fd04f411f311f311f211f211f111f012f012ef12ee12ee12ee12ee11ee11ee11ee11ee11ee12ee12ee12ef13ef13ef13ef14ef14ef14f50bde27de26de25df24e024e224e225e325e424e524e524e624e625e625e624e724e723e722e721e720e71fe71de81de81ce71be719e617e516fb03fe0100ff00fe00fffe01fb05e81fe71ee71fe51ee41ee31ee21ee11fe01fde1fdd20dc20db1fdb1fdb1fda1fdb1fdb1fdb1fdb20dc20dc21dd22dd23de24de24de24df24
47,20531783,-29,11,256,1,0,1,e4400e00e90ee90eea0eeb0eec0eec0fec0fed0fed0fed0fee0fee0fee0fee0fee0fee0fef0fef0eef0def0df00cf00cf00bf00bf00afc02000000000000000000000000000000000000fb02ee0aee0aed0aec0aec0aeb0aea0aea0ae90ae80ae80ae809e809e809e809e90ae90ae90be90be90be90ce90ce90de90de90de90df208d51cd51bd51bd61ad71bd91bda1cda1cdb1cdc1cdd1cdd1dde1dde1dde1dde1dde1cdf1bdf1ae019e118e117e216e216e215e213e111e111fa03fe0000ff00ff00fffe01fa04e016df15dd14dc13db13da13d913d813d713d613d413d312d312d211d211d211d211d312d312d313d314d315d416d417d418d518d518d518
48,20531908,-29,11,256,1,0,1,e4400e00fd1afd1afd19fd19fe18ff18ff18ff17ff17ff170017001700170017001700160016ff16ff15ff14fe14fe13fe13fe12fd12ff04000000000000000000000000000000000000ff05fe14fd14fd15fc15fc15fb16fb17fb17fa18fa18f918f918f918f918f918f918f918fa18fa19fb19fb19fc19fc19fc19fc1afc1aff0ffe33fd32fd31fd30fe30ff2f002f002e012d022c022c022c032c032c032c032b032b022a0229012800270026ff25ff24fe23fd23fe22fd22ff06ff01fffffffe00ff0002000604260226fe27fd27fc28fb29fa2afa2bf92cf82df82ef72ef62ef52ef52ef52ef52ef62ef62ff72ff830f830f930fa30fa30fb30fb30fb30
49,20532138,-29,11,256,1,0,1,e0000e00f5e8f5e8f6e8f6e9f5eaf5eaf5eaf4ebf4ebf4ebf4ecf3ecf4ecf4ecf4ecf4ecf5ecf5edf6edf6edf7eef7eef7eff8eff8effefb000000000000000000000000000000000000fdfbf7edf8edf8ecf8ebf8ebf8eaf9eaf9e9f9e8f9e8f9e8f9e8fae8fae8fae8f9e8f9e8f9e8f8e8f8e8f8e8f7e8f7e8f6e8f6e8f6e8f9f1ecd2ecd2edd2edd3edd4edd5ecd6ebd7ebd7ead8ead9e9d9e9d9e9d9e9daeadaeadaebdbecdbeddceddceeddefdef0dff1dff2e0f4e0f5e0fefafffe000000000000fefefcfaeedeefddf0dcf1dbf2daf2d9f3d8f3d6f3d5f3d4f4d3f4d2f4d2f5d2f5d2f5d1f5d1f5d1f4d2f3d2f3d1f2d2f1d2f0d2f0d2efd2efd2efd2
50,20556982,-37,11,256,1,0,1,e4400e00e8ffe8fee9fee9ffeaffea00ea00ea00eb01eb01eb01eb01eb01eb01eb01eb01ec01ec01ed00ed00ee00ee00efffeffff0fffcff000000000000000000000000000000000000fb00ed00edffecffecfeecfeebfeebfdebfdeafceafce9fbe9fbeafbeafbeafbeafbeafceafce9fce9fce9fde9fde9fde9fde8fee9fef200d200d3ffd4fed5ffd5ffd600d601d702d702d703d703d803d803d804d904d904da04da03db03db02dd02de01df01df01e000e0ffe1ffe1fdfafffeff00ff01ff0000fe00f900dd05dd03dc00dcffdbfedbfedafdd9fcd8fcd7fbd6fad5f9d5f8d5f8d5f8d5f7d5f7d5f8d5f8d5f9d5fad5fbd5fbd5fcd5fdd4fdd5fdd5fc
51,20557126,-38,11,256,1,0,1,e4400e00e8fde8fde8fde9fde9fee9ffeaffeaffea00ea00ea00ea00eb01eb01eb01eb01eb00ec00ec00ed00edffeeffeeffeffeeffefbff000000000000000000000000000000000000fbffecfeecfeebfeebfdebfceafceafce9fbe9fbe9fbe9fae9f9e9f9e9f9e9f9e9fae9fae9fae9fbe9fbe8fce8fce8fce8fce8fce8fcf1fdd1f9d2f8d3f8d4f9d5f9d5fad5fbd5fcd6fdd6fdd6fed6fed7ffd7ffd8ffd8ffd8ffd9fed9fddafddcfdddfddefddefcdffce0fbe1f8e1f7fafefeff000001000000fd00f9ffdbfcdbfbdbfbdaf9daf8d9f8d8f7d7f6d6f5d5f4d5f3d4f3d4f2d5f1d5f1d5f1d5f1d5f1d5f2d5f2d4f3d4f4d4f5d4f5d4f6d4f7d4f7d4f6
52,20557285,-38,11,256,1,0,1,e4400e00f314f414f414f413f513f613f613f713f713f713f713f713f713f713f713f712f812f812f811f811f810f80ff70ff70ef70efd03000000000000000000000000000000000000fd04f711f611f611f511f511f412f412f312f312f212f112f112f112f112f112f112f112f212f213f213f313f313f313f314f314f314f80ce828e827e826e926ea25eb26ec26ed25ee25ee25ef24ef24ef24ef24f024f024f023f023f022f021f020f01ff01ef01df01cef1bee19ed18fc04fe0100ff00fe00ffff01fd06f221f021ef21ed20ec21eb21ea21e922e823e723e623e523e423e323e322e322e322e322e422e423e423e524e624e625e725e726e725e825
53,20557415,-38,11,256,1,0,1,e4400e00ea0beb0beb0bec0bec0bed0bed0bee0bee0bee0cee0cee0cef0cef0cee0cee0cef0bef0bef0af00af009f109f108f108f108fc01000000000000000000000000000000000000fb02ef0aef0aee09ed09ed09ec09eb09eb09ea08ea08ea08e908e908e907e907ea08ea08ea08ea09ea09ea09ea09ea0aea0aea0bea0af307d617d715d715d814d915da15db16dc16dd16de17de17de17df18df18df18df17df17e016e015e014e113e213e312e411e410e40fe40ee40efa02fe0000ff00ff00fffe01fa04e216e115e013df12dd11dc11db10da10d910d810d610d610d510d50fd50fd50fd50ed50ed50ed60fd610d610d611d712d713d714d814d814
54,20557540,-38,11,256,1,0,1,e4400e00fb17fb17fc16fc16fd16fd16fe15fe15ff15ff15ff15ff15ff15001400140014ff14ff13ff13ff12ff11fe11fe11fe10fe10ff04000000000000000000000000000000000000ff04fd13fc13fc13fb13fb14fa14fa15fa15f915f916f816f816f816f816f815f815f815f816f916f916fa16fa16fa16fb17fb17fb17fe0efb2efa2dfa2cfa2bfb2bfc2afd2afe2aff29ff280028002801280127022701270127012600250024ff23ff22ff21fe20fe20fd1ffd1ffc1fff05ff01fffffffe00ff0001000603230224fd24fb24fa25f925f826f827f728f629f62af52af42af32bf32af32af32af32af42af42bf52bf62bf72bf72bf82cf82cf92bf92b
55,20557774,-38,11,256,1,0,1,e0000e00041a04190418051805170517061706160616061606160616061606160615061506150515051404140413031303120212021100040000000000000000000000000000000000000104061406140515051505160417041704180318031902190219021901190119011902190219021903190319031904190419041a051a000f033202320231022f032e042d052d052d062c062b062b072b072b072b072a072a0729062905280527042603250324022301220122fc22fb21ff05ff01fffffffeffff0002010705270327062705280428032a022b012c012d002eff2ffe30fe30fd30fd30fd30fd30fc30fd2ffd30fe30fe30ff3000300131013101310231
56,21688303,-91,11,128,1,0,1,d77eed41fe01fe01fe02000002fc02fcf9fef600fcfe01f505f00bf508fc00020207050503fd02fb01fc00fd01fefffffc04f905f803fe00000000000000000000000000000000000000000000fffefefbfefcfefdfef900f800fcfffbfff801fd01fffefd00fd00fdfffd00ff0001000002ff0000fb00fbfdfdfd00010103fc
57,22275360,-93,11,128,1,0,1,4bbdd44103000300000000fe01fbfefdf9fdf8fdff000bff11020f0a0b0603fcf7fbf6000006030801030100ff010002050009000a020200000000000000000000000000000000000000ffff0000010001ff01ff020002000101fdfffafdfdff02ff04fe04010102000002010003fe03fe01fefefefafffb01fffe02fa03fc01
58,22488770,-94,11,128,1,0,1,70066741ff000000fd00fc00fefefdfcfcfffe05050606fc07f60bf906f9fbf9f8f900f906000504040203ff00feffff01fe05fe06fd01ff000000000000000000000000000000000000ffff00fe01fe00ff00fffffffdfffdfefe00ff010001fe01fd03fc02fb00fdffff02ff00fffbfffafefbfefd00fe02ff01010003ff02
59,25620668,-37,11,128,1,0,1,1ee001000bf50ef110ef12ee14ed14ee14ef13f011f10ef30bf607f802fafdfcf9fdf4fdf1fdeefbecfaebf9ebf8ecf7eef7f0f7f2f7fcfd000000000000000000000000000000000000fcfeeff9eff7eff7eff6f0f6f2f7f3f8f5faf8fdfa00fc05fe09ff0d00110014001700190019ff19ff19ff17ff140010010b03070404
60,25621910,-36,11,128,1,0,1,1ee00100f30cf110ee13ec15ea15e915ea14ea12ed10f00ef30bf808fd06020407030c021003130416051607160815091309100a0e0a030200000000000000000000000000000000000004011205130513061307120710070e060c04090105fe02f900f5fef1fdedfce9fbe6fbe3fce2fde2fde3fee5fee8fdedfcf3fbf8fafc
61,25676156,-37,11,128,1,0,1,1ee0010012fd18fc1cfb1ffb21fb21fc20fc1efc1bfc17fd12fd0cfd05fdfffcf9faf4f8f0f5edf3ebf1ebefebeeededefeef2eff4f0fdfc000000000000000000000000000000000000fffbffeb00ea01ea01ea01eb01ec01ef00f2fff6fdfbfa00f705f309f00ced10eb12e914e815e814e814ea13ed10f10df60afb07ff05
62,25692888,-37,11,128,1,0,1,1ee00100eff6eaf3e6f2e4f0e2efe2eee3efe5efe7f1ebf4eff7f4faf9fefe030208050c0711081408180719061a05190418021501130004000000000000000000000000000000000000fc03f10ef00eef0eee0def0cf00bf209f508fa06ff0404020a010f00140018ff1bff1e001fff1f001e001c00180013ff0dfe08fd03fc
63,25720279,-38,11,128,1,0,1,9dd55941f916f50bfbfd02f7fd0001030bfc0df006ef01f603fb0403030404fe05fc02fd030003020001fffffffeff00000101010100000000000000000000000000000000000000000000ff01fd00fe01fefffdfefd00ff03ff05fc02fa00ff06030af70cf00df208ed04ee01f90007010ffd10f906fdf106ec04fcf417eb2f
64,26047643,-92,11,128,1,0,1,d5500d410000010101000201030101000104fd04f8020006090303fefdfbfdf7fef9fffd01fa00f900fd02fe0300010202020401050001ff000000000000000000000000000000000000ffff00fe00ff00ff00fe02ff0102fd02fd0102020302010200020002fe00fcfffefdfffefe01fd02ff0101ff01fe00fdfffdfffdffff
65,26094445,-93,11,128,1,0,1,2aa99241ff05ff0102fd01fefc00fbfffdfefeff00ff00fefffefe02ff03010001ff02ff02ff01fe01fc01fc01feff00fffffffd00fc00ff000000000000000000000000000000000000fefffbff0001fe01fcfefefcfdfcfdfcfef900f8fbfcf402f704fd03fa02f405f607fa03fafef8fdf9fffb00fdfefefffd01fe01fffc
66,26234040,-94,11,128,1,0,1,daaeed4100fc03ff02fefdfefc00ff0401080207fc06f705fd0504fd04f608fb0b0109ff050002ff01ff00000001fe04fd04010205ff01ff000000000000000000000000000000000000ff00fd01010002000001fe02fe0100fc01fc01fe00fe00ff000102030303030202ff01ff0001ffff00fc00fd00fd00fc01fc02fd02ff
67,27795721,-92,11,128,1,0,1,f4411f41ff08fa00f4f7fbf9fefcfafdf701f802fcff01fe050003ff00fefffd00ffff01fe00fe00ff00fffefffefe00ff02ff01fe01ff0000000000000000000000000000000000000000ff02fd00fcfefdfefeffff000000000002fe03fc01fc00fcfffcfefe02010203ff0000fc00fafefdfe01fcfffbf9fdf900fc03ff06
68,27796242,-93,11,128,1,0,1,dcc00d41ff04fb03fb00fb00fc01ffff01fd00fefe02fc02fdfffdfdfcfdfdfffe0000ff01fe02fe00fdfffe01ff02ff01010000ffffffff000000000000000000000000000000000000ff00000001ff01fdfffdfffe00000100ff01fe000001010202000200fe01fb02f901f903fd02fffdfcfffb04fffb04f002f9fe01fffe
69,27796897,-93,11,128,1,0,1,4009944100fbfdfefc04fd06fe03ff02fe02fc00fdfcfdfcfafefbff00ff04fd04fc02fd00fefefdfefefefefffd00ff000000ff00ff000000000000000000000000000000000000000000fe01fbfefdfffe00fd00ffff01ff00fefefafdf6fcf9fefd01fd02fe0000010003fc01fafdfbfdfafdfafdf8fcf2fcf2fff701fdfd
70,27798563,-93,11,128,1,0,1,d0077d41ff01fd00fe01fdfdfbfbfafbfcfefc01fc01ff00000100020001fe01feffffff000000ff01fd00fdfefefe00ff00fefffeffffff000000000000000000000000000000000000ff00fe020002010100fffefdfcfefbfffcfdfefdfffeff000001ff03fc04fd01fffffa01f504f705fb05fd0307fb0cf60100fc060003
71,28106688,-38,11,128,1,0,1,1ee001001a061c071e071e081e081c081907150611030d0008fd04fafff6fcf1f9edf8e9f8e6f8e3f9e2fbe2fce4fde6feeafeeefef0fffc000000000000000000000000000000000000fefbfbeffceefdeffef0fff3fff5fef9fdfdfb01f905f609f20cef0eed0feb10ea10e90fea0eec0dee0cf10af508fb06000506040a04
72,28107263,-38,11,128,1,0,1,1ee00100f4e8f3e5f3e3f3e2f4e3f5e4f6e7f7ebf8eff8f4f8faf800f706f60bf40ff213f015ee16ec16ec15ec13ed10ef0df20bf409fd02000000000000000000000000000000000000fd03f60ef50df50cf50af708f907fb05ff03030208020c0211021503170419051a061a0619061606140611040d0208ff03fb00f7fdf4
73,28113796,-38,11,128,1,0,1,1ee0010012131415141714181318121710140e110c0d0a08090307fd07f807f208ee0aea0ce80ee610e610e810ea10ec0eef0cf20af402fd000000000000000000000000000000000000fffbffee00ef01f002f202f401f6fff9fdfcfafff702f304ee05eb06e906e706e605e505e604e804eb03ee03f303f804fe060308060a
74,28148787,-91,11,128,1,0,1,4ff11400fc0ff90ff80ff80ff70ff90efb0cfa0bfb08ff060204030204020401060108020902070308040a05090508050704040202030001000000000000000000000000000000000000fffdfff701f704f705f806fa03fb00fafdfafbfcfafdf9fdf7fcf5fbf3f8f2f7f1f6f0f7f2f8f3f7f3f7f6faf6fdf5fefafffb02f905
75,28174989,-38,11,128,1,0,1,1ee00100ffe500e201e102e002e102e302e601ea00eefdf2faf7f7fbf300f003ec05e806e506e305e204e302e401e700eaffedfff0fffcff000000000000000000000000000000000000fd03f60ef50df50bf60af708f906fc050004040308030d04110514071608170a170b160c150c130b11090e070b04070005fb03f602f2
76,28226631,-37,11,128,1,0,1,1ee001001af61df61ff71ff81ffa1cfa19fb16fb12fa0df908f703f5fff2fbeff9ebf8e7f8e4f9e2fbe1fde2fee400e600e900ed00ef00fc000000000000000000000000000000000000fb01ee05ef03f002f101f401f601f903fd050008020b040f051305170519041a031b021b011a011701140111030d050808040c000ffe
77,28228006,-37,11,128,1,0,1,1ee00100f3e6f3e3f3e2f4e1f5e1f7e3f8e6f8e9f8eef7f3f6f8f4fdf202ef06ec09e80ae50be30ae208e206e404e603e902ed01ef01fc00000000000000000000000000000000000000010407100510040f030d020b02090305050208fe0bfc0ef912f815f717f719f71af81af919fa17fb14fc11fb0cfb07f902f7fef4fcf1
78,28280448,-37,11,128,1,0,1,1ee0010007e707e707e707e706e606e605e605e605e605e504e504e504e505e605e606e606e606e707e707e807e908ea08eb09eb09ec02fb00000000000000000000000000000000000001fc05f305f305f206f206f107f007f008ef08ef08ef09ee09ee0aed09ed09ed09ed09ec09ec09eb09ea09ea08e908ea08e908e809e7
79,28280936,-38,11,128,1,0,1,1ee0010018f818f718f818f718f718f617f617f518f518f518f518f418f418f518f518f618f618f718f717f816f916fa15fb15fb15fc05ff00000000000000000000000000000000000003ff0dfd0dfd0efd0efd0ffd10fd11fd12fd12fd13fd13fe14fe14fd14fd14fd15fd15fd15fc15fc16fb16fa16fa16fa16fa18f919f9
80,28281404,-38,11,128,1,0,1,1ee00100150d150c150d150d160c160c160b160b170b170b170b170b170b170b160c160c160c160d150d140d130d120e100e100e0f0e030300000000000000000000000000000000000002010b070b070b080b080c090c090d0a0e0b0e0b0e0c0e0d0e0d0f0d0f0d0f0d0f0d0f0d100d100d110d120d120d120d130d140e150e
81,28282179,-38,11,128,1,0,1,1ee001000e140f140f140f140f140f13101311121112121212121212121211121112111310130f130f130e130d130c130b120a12091302040000000000000000000000000000000000000102070b070b070c070c070d070e080f080f08100810081108120812081209120912091209120a120b130b130c130c120d120e130e13
82,28282657,-38,11,128,1,0,1,1ee00100ebf1eaf1ebf1ebf1eaf2eaf2e9f3e9f3e9f3e8f3e8f3e8f3e8f3e9f3e9f3e9f3e9f3eaf2eaf2ebf2ecf2edf1eef1eff1f0f1fcfc000000000000000000000000000000000000fdfdf5f7f5f7f5f6f5f6f4f5f4f4f3f4f2f3f2f2f3f2f2f1f2f1f2f0f2f1f1f1f1f0f0f1f0f1f0f1eff1eef1eef1eef1eef1edf0ecf0
83,28334300,-36,11,128,1,0,1,1ee001001cf61ef520f620f620f71df819f915f910f90af904f9fef8f8f6f3f5eef2ebefeaece9eae9e8ebe8eee9f0eaf3edf5f1f7f3fefd000000000000000000000000000000000000fcfcf1f2f2f2f4f3f6f4f8f6faf9fbfdfc01fc06fc0bfb10fa15f818f71af61bf41bf41bf419f516f713f910fc0b010705030aff0efc
84,28338162,-36,11,128,1,0,1,1ee001001b0a1e0c1e0d1e0e1d0e1b0d170b140910050c0107fd03f800f4fdeffceafbe5fce2fde0ffe000e101e302e602e902ee02f100fc000000000000000000000000000000000000fffbfdedfeedffeffff100f4fff7fdfbfbfff803f507f10aed0ceb0ee80fe70fe60ee60de70cea0aed09f008f607fc06020608060d06
85,28339598,-36,11,128,1,0,1,1ee0010018111a141b151a151a1518131511120e0f0a0b0507ff04fa01f4ffeffeeafee5ffe200e002df03e004e205e505e904ee03f100fc00000000000000000000000000000000000001fb07ed07ee08f007f206f504f801fbfdfef800f402ee03ea04e604e404e204e103e202e302e601ea02ee02f402fa03000506080a09
86,28340968,-36,11,128,1,0,1,1ee0010019f01cef1def1eef1ef01bf218f314f40ff609f703f9fcfaf6faf0faebf9e6f7e4f5e2f3e2f2e4f1e6f1e9f1ecf3f0f5f3f7fdfd000000000000000000000000000000000000fcfcf3f0f4f0f6f1f7f3f9f5faf8fbfcfc01fd06fc0bfb10fa15f918f81af71bf61cf51cf61af717f814fa10fd0b0006050109fd0dfa
87,28345475,-36,11,128,1,0,1,1ee00100e5f2e3f0e2efe2eee3eee6efe9f1ecf4f0f8f4fcf801fc05ff0b021004150519051c031e021f011eff1cff19fe16fe11fe0eff03000000000000000000000000000000000000fe04fa12fa11f910fa0dfb0bfd08ff04020106fe0bfc0ffa14f817f81af71bf81cf81cf91afa17fa14fb10fb0bfb05fbfefaf8f8f4f7
88,28591190,-94,11,128,1,0,1,a44aaa4100ff01ff00fd00fc02ff0500060209060a010afb0602fa05ef01f308fb0dfa06f903fa03fcfffdfffd0200020301fefff6fbfcfd00000000000000000000000000000000000000000002000103ff03fe00fdfefeff01ff02fe00fffefefdfdfd01ff0200010000ff00fc00fdff01fe01fe0000fe00fefcfffeff02ff
89,28658884,-90,11,128,1,0,1,4ff11400070f0513011400110210010f000fff0d000b000a0106030105ff07ff09000b000cfe0d000c010aff090009030704060106fe01ff000000000000000000000000000000000000fdfef8fbfbfbfbf9fbf8fbf9fafaf8fcf8fef9fefa01f705f607f706f503f102f203f204f205f204f201f402f702fa02fc05ff080408
90,28867913,-93,11,128,1,0,1,555ee5410005fe04000202ff010100060005fafff5fef7fd01fd0002f403ef07f606fcfbfcf8fefd00010001000101020102ffff03f901fd000000000000000000000000000000000000fffffefdfffffe01fd01fd00fd01fc01fdfefdfcfcfdfefe00000102010001fe00fefffdfffeffff00000000fe00fc00fdff00ff0301
91,29286165,-94,11,128,1,0,1,366dd341fffffffffdfffd00fe00fefffe00000000fd00fe00ff00ff01ff020001ff01fe02ffff00fd00fefffffeff00ff00fffefffdffff000000000000000000000000000000000000fe02fc05ffff01fd00fdfefd00f903f301faff0202fc02f402f803ff03010203040306ff06fd05fc04ff01030002fe00fdfffefe0100
92,29604913,-91,11,128,1,0,1,e1166e4100fe0202ff03fb01fb00f903fa08fe0cf706f102f907040409f90bfc0b030a03080105ff02fdfffffe02f901f800fe0406040200000000000000000000000000000000000000ff00fd0000fefffffd02fb02fc01fe02fe02fe0100010100020001ff02fe02ff00fc02fb03ff020102ff0200020101fd02fd03000100
93,29736051,-93,11,128,1,0,1,e88ffe41010002fe02fefffdfcfdfbfefbfafdf703fd06060a050afb07f90603ff0cfb09fa03fc04ff0400020104fe05f703f605fb08ff0200000000000000000000000000000000000000ff0100010000fffefffd00fe02fe01feffff01ff0000ff02010201ff0000ff02000000fefefdfefffe02fe03fe03fefffdfcfefffe
94,31937741,-94,11,128,1,0,1,4ff11441f90af80bf70bf60af70af808fa07fc06fd04ff0402050103ff010202050007fd08fe06ff04fe05fe05ff04ff0400020000ff00ff00000000000000000000000000000000000000000300030105020600070106020101fe00fdfefdfbfefafef8fff9fffafef9fdf8fef9fdfbfcfcfafbfafcfbfdfcfbfefdfe01fd00
95,32438048,-45,11,128,1,0,1,1ee0010007e508e20ae20ce20de30ee50de80bea09eb06ec02edfeedfbecf9ebf7e9f7e6f7e3f9e2fbe1fde2fee3ffe400e601e901ea00fa0000000000000000000000000000000000000500150214031304120410040f030f020eff0efd0ffa10f713f515f417f318f31af41af51af719f817f915f911f90ef80bf509f108ee
96,32439691,-45,11,128,1,0,1,1ee00100e305e104df03df01dfffe1fee4fee6ffe800eb03ed05ef09ef0cef0fed11eb13e913e612e511e50fe50de60ae709e908eb07fa01000000000000000000000000000000000000fdfaf8ebf9ecfaecfbedfbeffbf0faf1f8f3f6f4f3f4f0f4edf3ebf2eaf0e9efe9edeaecebeceeecefedf0eff2f3f2f7f0fbeefeec01
97,33164602,-92,11,128,1,0,1,4ff1144109f00af00af309f608f708f909f808f505f303f601fbfdfffcfefcfefafdf7fcf6fdf7fdf7fdf7fdf7fdf9fdfbfdfcfdfcfdfeff000000000000000000000000000000000000fe02fa0afb08fc06fc05fc05fd04ff0300030103030307030a050c070e060906040b050c060a050a0309020801070104030004f905f4
98,33599439,-94,11,128,1,0,1,6ddff64100fe020002fe02fd03fd02fcfefcfdfffe03ff02fefffdfffefffffdfefefffefffdfffeffff0001000001ff02fe00fefe00ff00000000000000000000000000000000000000ffff00fd00fffffffffd00fe00fe01ff010001ff00feffff00ff01fe02ff03ff02fffe02fd03fe0200ff02fc06f608effff7f800fdfe
99,33983812,-90,11,128,1,0,1,4ff11400f4f1f5eff6f1f7f2f7f3f7f4f9f4faf6fbf7fbf7fbf9fafef901f704f606f606f604f702f702f701f601f702fa03f903f804fd01000000000000000000000000000000000000010006000700070108020704050302ff01fe00fd00f902f705f708f608f507f409f40bf70bfa0bf90cf809f904fb01fafff8fbf8f5fa
100,35981512,-28,11,128,1,0,1,14400141060003fa09f21aea18ed11ea06e1fde108da14cf0fd407db03d904dc05ea05f303f801fefe03fb07fc08020509080b100a14020400000000000000000000000000000000000001ff05fe0901110219021e071d0e1b0d1b071c051a0514030c09070c070301fcf8f4f8f4f905f111e70fe512e217d814dc14e40ddd04
101,36826149,-30,11,128,1,0,1,b3399b4109f507fdfb00f4fcfcf304f305000204f7fef6fb09f714f30ef603fa00fe020004fd02fdfc02fc03fe01fd02fb04fd0602070101000000000000000000000000000000000000ff04ff0c00ff02f50bf511fd0b0100fffb00fd03fd00fafdfbfefafbfaf9ff020a0c0f0a0a0001f8fafcfd0009ff0e06020ff814f81b
102,36927137,-31,11,128,1,0,1,e8877e41e503e815f21ced07e9f9effeea02e805fa06fd07f207fbff0cf80df606f90bf912fb0b010302030303000001ff0101ff07000200000000000000000000000000000000000000fc03f60df807f4fefdf704fbf509ef15f71bfc12fdfe0afb17ff0d0003f802f102f602f9fdf501fb0a060807fd11ef23f51d0e0c1e16
103,37029475,-31,11,128,1,0,1,90033941f8ededfff403fe06ff01fff6fff8fb06fb0d060c0504f5f5f3edfcf5ff02fe06fd040202050202fc05f807fd04020007fb06fe0100000000000000000000000000000000000000fffefbfafbfafefbfdfcfdfcfefcfff8f8fdf202feff080008020607fd07fdfa06f307f90405fd10f50bf4f9faf50afd0dfffafbef
104,37141835,-28,11,128,1,0,1,14400141140d0c060104f805efffecf9e9f9e2f8dff8dffbdffbe0fbe6fcebf9edf8f1faf8fcfdfe01ff05ff09000c020e030f0410050401000000000000000000000000000000000000fefff8fdf5fbf0f9ecf7eaf5e8f5e6f3e6f1e7f1e9f2ebf4eff9f3fdf7fdfdfd030008060e0b160d1d0d24112817291325111f121b0b
105,37643078,-27,11,128,1,0,1,f8833f41ea05e801e400ea02f90002fffefaf9f7fafbf8f9f3fcf606f50af500fffc0000fa07000b0402fff9fffb0002000300fdfcf6fefc000000000000000000000000000000000000fefffafdf8faf7fbf701fdff02fafdf6fcf4fff703fa05f907fd0806fc08f104f806fbfffff400f200f90f0a151211050df701f7f5fb
106,38153641,-32,11,128,1,0,1,e11eee41fafc09fe0cf401f2f6fbfbf500edfdf503fc10fe14010f05090000f5fcf4f8fcf503f604fa010003fe0503020a02090409040201000000000000000000000000000000000000fffdfff704fd05040102fffcfefbfefd01fdfdfefafd04f80af005e807ee08f7f9fef7020202050204010001fafffdfb0ffa18fe14ff
107,38242846,-30,11,128,1,0,1,b7744b41e9edf6f8ff0af918fc1507fd01f101030115f30df7ff01fb03fb08fc08fb04fdfefff4fef404fe05020002fe05fe04ff03ff01ff00000000000000000000000000000000000001fd08f906fffbfef8fa01f708f409f7fefff6020105100511ff0501fafdf7f9fa0b0513080bfa08f006ecffe2f4d8f9e1fbf2f1e9f2
108,38244351,-27,11,128,1,0,1,14400141f304fa03fd0101fb08f80ef710f714f918f81af51cf41cf61cf71af814f90ffb0afe05000001fc01f700f300f2fff1fff0fffcff00000000000000000000000000000000000001ff05fb07f90af50ef312f115ef17ee18ee19f018f217f415f60ffb09fe01fdf500ef02ef01ee02e807e20cdc0bd50bd40fda12e10f
109,38566420,-30,11,128,1,0,1,dbbccd41f30af606fe040607070204f6fdf4fff802fcfc05fd0608060b050103fb07030407ff03050005fdfefff901fefe02fc01fa00fe00000000000000000000000000000000000000fbfff0fdf7fdfc05020c010bf706f9020106010c010904ff05fb06030e0614020901fafcfaf90105070511f713fa14fe1ef81df80dfa
110,38637172,-30,11,128,1,0,1,5bbaa541020cfd06fb04fb06fd09070c0b080a0006fc06fb09fd06020004fd02fffe03ff040103ff00fdfafef700fa03fb01fffb06fa02ff000000000000000000000000000000000000ff01fb05fe080106fbfdf8f701f406f201f6f9fafcfd00fffcfff602f604fb06fc07fe030201ff06010d0108f4faeff5f8f406fe1710
111,38940727,-37,11,256,1,0,1,6aa00600f3feedfce9fbe6fbe2fbe1fbe1fbe1fce3fde6fdeafeeffef4fefafe00fe06fe0bfe0ffe13fe15fe17fe17fe17ff150014000500000000000000000000000000000000000000fcfcf1f1f0f0efefefeeefeff1f0f2f1f5f3f8f6fcfa00fe040208060c09100c130f1610181118101910190f170d130b0f080a060704fdfff3ffeffce8f9e2f6dbf3d6f1d4f0d2eed1edd2ecd4ebd7ebdcebe3e9e9e8f0e8f7e7fde702e708e70ce90fec12ee13f113f313f602ee03f000fd00ffff00ff00ff0000ff01fe0af70df6faedfcebfeea01ea03eb07ec0bee0ff113f517fa1bff1f042209260d28112a152a162a172a172816251520131a0f140c0e090807
112,38943456,-38,11,256,1,0,1,6aa006000b021104150619061c071d071d061d051b04180314030f020a020501ff01f901f401f000ec00eaffe9ffe8fee9feeafdebfdfaff00000000000000000000000000000000000003030c0e0d100e110e120e110d100c0f0a0c07090305ff01fbfdf8f9f4f5f1f2edefebede9ede8ece7ede7eeeaf0edf3f1f5f5f8f9fa02000b01100416071c0b230d270f2a112c132d142c152a16271621161b1714170e1707170217fc17f716f214ef11ec0eeb0cec09ec07fd11fc0eff02ff00ffff00ff00ffff00fe01f508f20803120114ff15fd15fa14f713f311ef0eeb0ae805e4ffe1faddf5daf0d8ecd6e9d6e7d6e6d6e6d8e7dbe8dfeae5eeecf1f2f5f7f7
113,38945462,-37,11,256,1,0,1,6aa00600f2ffedfde9fde5fce2fce0fce0fde1fde3fee6ffeaffeffff4fefafe00fe06fd0bfd0ffd13fd16fe17fe18fe17ff150015000500000000000000000000000000000000000000fbfdeff4eef3edf2ecf2edf2eef3f0f4f3f5f6f8fbfbfffe040209050d08110a150c180d190e1b0e1b0e1b0d180b140910070b050704fc00f300eefee7fce0fad9f8d4f7d1f5cef4cdf3cef2cff1d3f0d9efdfede5ececebf3eaf9e9ffe805e809ea0dec0fee10f111f312f500ee01f000fd00ffff00ff00ff0000ff01fe08f40af3f7eef8ecfaeafce9fee902e907ea0bed10f015f41af91ffd240129062b092e0c2f0e2f0f2f102d0f290e230c1d0b170910070a05
114,38953103,-37,11,256,1,0,1,6aa00600f2ffecfee8fde4fde1fedffedfffe0ffe200e500e900effff4fffafe00fd06fc0bfc0ffb13fb16fb17fb18fb17fc16fd15fe05ff000000000000000000000000000000000000fcfcf0f2eff1eef0eef0eef0eff1f1f3f3f5f7f7fbfb00ff040309060d09110b150d180e1a0f1b0f1c0e1b0d190b150910070b050704fe00f900f6fff2ffeffeebfde9fde7fde5fce5fce5fbe6fbe8faeaf9eef9f1f8f4f7f7f6faf5fdf400f402f504f506f607f707f808f9fef7fff8fffe00ff0000ff00ff0000ff00fe04f905f9fcf5fcf4fdf3fef3fff301f303f305f408f60af90dfb0ffe12001402150316051706170617061606140612060f050b0408030502
115,38955339,-28,11,128,1,0,1,14400141eb0af708fc06fe0308ff10fa14f919fe20fd23f822fa21fd20fc1cfc16fd10fe0cff060001fefbfcf6fbf4faf2f8f1f7f0f7fcfd00000000000000000000000000000000000001fe04f807f50af10dee0eec10ea13e816e816e915eb14ee12ef0ef007f6fffcf602f003ef05ee0ae60be110de14d811d411d811dd0c
116,38986083,-41,11,256,1,0,1,6aa00600faf3f7ecf5e7f2e3f0e0eedeeddeeddfede0efe4f1e8f5edf8f3fdf901ff0506080d0a130c180c1c0c1e0b1f0920071f051e0107000000000000000000000000000000000000fef9fbe6fbe4fce2fce1fde1fee2fee5ffe9ffee00f400fcff03ff0aff10ff16ff1c002001230224032404220520051b0516040f030a5b00eb02ec03ec04ed04ee04ee04ee03ed03ec04ec05ed06ed06ee05ee04ed03ec02eb02eb02ec02ed01ee00effeeffdeefceefbeefaeffaeff9fafdfeff000000ff00fffe01fc03f408f407f406f304f203f103f004f004f004f003f002ef01ee00ee00ed00ed01ee01ef01ef00ef00eeffed00ed01ed02ed03ee03ee02ee02
117,38993799,-41,11,256,1,0,1,6aa00600fcf5faf0f9ebf6e8f5e5f3e4f2e4f2e5f2e6f3e9f5edf8f1fbf5fefa01ff0405060a080f0a130a16091809190719061804170105000000000000000000000000000000000000fffbffeb00e901e801e702e802e902eb02ee01f201f700fcff02fe08fe0dfd12fd16fd19fd1bfe1dff1d001b011902160212020c01085900df01e002e104e104e204e303e203e202e103e104e105e205e205e203e101e000df00df00e0ffe2ffe4fde5fae6f8e5f6e5f5e6f4e7f3e8f2f7fbfdfe000001ff00fffd01f904ed0ced0aec07eb05ea04e804e604e605e604e603e701e6ffe4fee3fde2fee2ffe300e4ffe5fee5fde4fde3fde2ffe201e301e301e301e300
118,39013171,-41,11,256,1,0,1,6aa0060000f200eb00e400e0ffdcfedafddafcdafcdcfce0fce5fdebfef2fff900000108010f0015ff1afe1efc20fb21f920f81ff71dfd0700000000000000000000000000000000000000f903e605e506e307e307e308e507e806ec05f103f600fdfe03fb09f90ff615f519f41df420f421f522f721f81efa1afc15fe0fff096100ecfcecfdecfeedfeedffeefeeefeedfeecfeecffecffed00edffedfeedfdedfcecfcecfbedfbeefbeffaf0f9f0f8f1f7f1f6f1f5f2f4f3f4fbfbfefe000000ff00fffe00fb01f304f303f202f200f1fff1fff0fff0fff0fff0fef0fdf0fceffbeffbeefbeefbeefceffcf0fbf0fbeffbeefbeefceefceefdeefdeefdeefc
119,39040881,-41,11,256,1,0,1,6aa006000c04120617071b081e08200721071f061d051a04160311020b010400fefff7fef1fcecfae8f8e6f6e4f4e4f3e5f2e7f1e9f1fafc00000000000000000000000000000000000005021509160b170c170d170e150d120c0e0a0a0806050101fcfdf7f9f3f5eef2ebf0e8eee6ede5ede4eee5f0e8f2ebf4eff7f4faf9fc57000af109f108f108f107f208f308f309f209f108f107f107f107f208f209f30af20af20af20af20af30af50af60bf70cf80df80df90df90dfa04fe01ffff00ff00ff00fffe00fb00f301f302f404f405f306f306f206f206f207f307f409f40af40af30af30af309f309f409f50af50af40bf30af309f209f208f308f309f3
120,39077270,-41,11,256,1,0,1,6aa00600f400eeffe9ffe500e301e102e102e203e403e704ea03ef02f500fbff00fd06fc0cfb10fb15fb18fc1afc1bfd1afe190018010500000000000000000000000000000000000000fbfdeef6edf4ecf3ebf2ecf2edf3eff4f2f5f5f7f9fafefe020107040b070f0a130b160c180d190d1a0c190a1709140710040b0307025500f11df21ef41ef51df51bf41af31af21bf21cf31df51df51cf51bf31af01aee1bed1bed1bed1aee18ed16eb13ea11e810e70fe60ee60de60bf604fd0100fffffeffff00020207051403140115fe15fc17fb18fa19fa19fa19f918f818f618f418f319f31af31af419f418f317f217f118f01af11bf31bf41bf51af41af41a
121,39089133,-40,11,256,1,0,1,6aa00600f708f30bef0fed12ec15eb17eb18ed17ee16f114f311f50df808fb03fefd01f804f307ef0aec0cea0ee910e910ea10ec10ee04fb000000000000000000000000000000000000fb00eb02ea01e801e701e701e800eb00ee00f2fff7fffdff02ff08ff0dfe12fd16fc19fb1bfa1cf81cf71af718f714f710f90bfb07fd56000e1d0f1d101c101a0f190e190d1b0d1c0e1d101c111b11190f190e1b0c1c0b1e0b1f0b1f0a1e091d071c041b021b001cfe1dfd1dfb1cfa1cfd09ff0200fffeffffff02010704130b110c0f0e0e100d120e140f150f150f150d150c160b180a190a1b0a1c0b1b0b1a0a1909190819091b0a1c0c1d0d1c0e1b0e1a0d1a0d1a
122,39097167,-41,11,256,1,0,1,6aa00600f508f10ced10ea13e916e818e919ea19ec18ee15f112f40df708fb02fffd02f706f209ed0cea0fe811e712e713e912eb12ed04fb000000000000000000000000000000000000fa00e901e700e5ffe4ffe5ffe6ffe8ffecfff1fff6fefcff03ff09ff0fff14fe19fd1cfc1efb1ffa1ff81df81bf717f812f90dfb08fc5c001020111f121e121d111c101c0f1d101e111e131e141d141c121c111d0f1e0e200e210e220d210b20081f051e031f011f0020ff20fd1ffc1efe0bff03fffefeffffff02010704150d130e121010120f140f161017101810180f190d1a0c1b0b1d0b1e0c1f0c1f0c1d0c1c0b1c0a1d0a1e0b1f0d1f0e1e0f1d0f1d0f1c0e1d
123,39097380,-41,11,256,1,0,1,6aa006000a040f06140718081b081d081d071c061b05180414030f030a030402fe02f801f201ed00eaffe7fee5fde5fce6fbe7fae9f9fafe000000000000000000000000000000000000010407120813081507160716071506130510030c02080003fefdfcf8f9f3f7eff5ecf3e9f1e8efe8eee9eeeaeeecf0eff4f3f7f7fbf95c0012e611e510e50fe50fe510e610e611e511e511e411e410e511e612e713e715e716e716e816e916eb16ed17ef18f119f31af51bf71af81afa09fe02ffff000001ff00fffdfff7fee900ea02ea04ea06ea07e908e808e709e70ae80be80de90fe910e811e811e810e810e910e911e911e912e811e611e610e610e610e710e7
124,39115699,-41,11,256,1,0,1,6aa0060004f305ed07e807e307e007df06de05de04e003e302e802ee02f401fa01010108000eff14fe18fd1bfb1dfa1df91df81bf719fd0600000000000000000000000000000000000004fc11ef12ef14ee15ee15ef14f012f20ff40bf707fb02fefd02f806f30aef0dec10ea13e916e917ea18ec17ee16f113f50ff80afa065a00f0f6eff7eff8eff9f0f9f1f9f1f8f0f8eff8eff9eff9effaf0faf0f9f0f8f0f7f0f6f0f6f0f6f1f6f2f6f4f5f4f5f5f4f5f3f6f3f6f2f7f2fdfbfffe000000000000fe00fbfff3fef3fdf4fcf4fbf4faf3f9f3f9f2f9f2f9f3f8f3f7f4f6f4f5f3f5f2f5f2f5f3f6f3f6f4f6f4f6f3f5f2f5f2f5f1f6f1f7f1f7f1f7f1f7
125,39140285,-41,11,256,1,0,1,6aa0060009060d0a120c150e180e190e1a0e1a0d180c160a12080e0609040403fe01f8fef3fceefaebf7e9f5e8f4e7f3e9f2ebf1ecf1fbfc000000000000000000000000000000000000010407120814081608170717061605130410020c0107ff02fdfcfcf7faf2f8eef7eaf5e8f4e6f2e5f1e6f1e8f2eaf3edf6f1f8f6fbf95d001aed19ec18ec18ec17ed17ee18ee19ee19ed19ed18ec17ed17ee18ef19f01bf11df11df21cf31bf41bf61bf91bfc1cfe1c001c011b031b0409020200ffffff01ff0000fd01f705e906ea09eb0bec0eec0fec10eb10eb11eb12ec13ee15ef17ef18ef19ef18ee17ef17f017f117f218f119f019ef19ee18ee18ee17ef18f0
126,39146687,-41,11,256,1,0,1,6aa00600f609f30ef012ed16ec19eb1bec1ced1bef1af117f314f60ff90afc0400fe03f807f30bef0eeb11e913e914e915ea15ec15ee05fb000000000000000000000000000000000000fb03ec0deb0de90de80de80ce90beb09ee07f305f803fd0003fe09fb0ef913f617f419f21bf11cef1bef19ef17f013f10ff40af707fa5d00131d141c151b1519141813181319131a151b171a1718171716171418131a131c131d141d131d111c0e1b0b1b091c081d061e051f041f031e000a0003fffffeffffff02010804160d140e121011121014111611171217111710170e180d1a0c1b0c1d0d1d0e1d0e1c0d1b0c1a0c1b0c1c0e1d101d111c121b121a111a111b
127,39164254,-40,11,256,1,0,1,6aa00600fd0cfc13fb18fb1cfc1ffc21fd22fe21ff1fff1cff18ff12ff0cfe05fefffff8fff100ec01e702e404e205e207e208e409e502f9000000000000000000000000000000000000fd05f515f416f216f117f116f115f212f40ff70bfa06fe0101fc05f709f30cee0eea10e710e410e30fe30ee40ce609e907ed04f202f75c00110511051104100310030f030f041004110411031102110210021003100410051106100610060f060e070d070c080c090c0a0b0b0a0b0a0b03040001ffffff00ff0001ff04ff0cfd0cfe0cff0c010d020d020e020e020e030d030d040d050e060e060f060f060e060e060d060d060e070e070f060f050f050f040f040f05
128,39179910,-41,11,256,1,0,1,6aa00600f5fbf0f8ecf6e8f5e5f6e3f6e2f7e3f8e4f9e7faeafbeffcf4fcfafd00fd06fe0cfe11ff150018001a011a021a03180417050501000000000000000000000000000000000000fefbfbecfbeafbe9fbe8fce8fce9fcecfdeffef2fff701fc02020307050c061108140a170c180d190e180f160e140d110b0e080a06075000e816e917ea17eb17eb16eb15eb15ea16ea17eb18ec19ed18ed18ec16eb16e916e816e816e815e913e911e80fe70de60ce50be409e408e507f602fd0000ff00fe00ffff02fd07f715f613f412f211f011ee11ed12ed13ed12ec12eb11ea10e810e710e711e712e811e911e910e80fe710e711e712e813e914ea13ea13e913
129,39180347,-41,11,256,1,0,1,6aa00600f707f30bf00eed11ec14ec16ec17ed17ef16f014f311f60df808fb03fefe01f904f407f009ed0bea0de90ee90fea0eeb0eed03fb000000000000000000000000000000000000fbffebffeafee8fde8fde8fde9fdebfdeefdf2fdf7fefdfe02fe08ff0dff12ff16fe19fd1bfc1cfb1cfa1af918f915f911fa0cfc08fd52000a1e0b1e0c1d0d1b0c1a0b1a0a1b0a1c0c1c0d1c0f1b0f1a0d1a0b1b0a1c091e091f091f091e071d051b031a001bfe1bfd1cfc1cfb1cfa1bfe09ff0200fffeffffff02010605100e0f0f0d110b130a150a160a170b180a18091708180619051b051d061d071d071b071a0519041a051c061d071d091d0a1b091b091b081b
130,39198217,-41,11,256,1,0,1,6aa0060003f606f108ec09e909e608e407e306e305e504e704eb03ef02f402fa02000206020b0210021401170119001aff19fe18fd17ff0500000000000000000000000000000000000004ff13fe15fe16fe17fe17fe16ff14ff12ff0d0008010301fe02f903f304ef05eb07e909e70ae60ce70de80dea0dee0cf10af507f7055900e7eae6eae6ebe6ece7ede9ede9ece9ebe8ebe7ebe6ece6ede8ede9eceaebeae9eae8eae7eae7ece8eee8f1e7f3e7f5e5f6e5f7e4f9e4fae5fef6fffd000001000000fdfff7fee8fce9faeaf8ebf5eaf3eaf2e9f1e9f1e9f1eaf0ebefecedecebebeaebe9eaeaebeaecebedeaeeeaede9ece9eae9e9eae8ebe9ebeaebeaeb
131,39198652,-41,11,256,1,0,1,6aa0060000f300ed01e800e4ffe1fedffddefcdffbe1fbe4fce8fdedfef300f902ff0406060c071108160819071b061c051c041b031a000600000000000000000000000000000000000004fc11f213f115f016f016f115f113f311f50df809fb04ffff03fa06f50af20dee11ec14eb17eb18ec19ee19f017f315f611f80cfa085b00eff8eef9eef9effaf0faf0faf0f9f0f9eff9eff9effaeffaf0faf0f9f0f8f0f7f0f6f0f6f0f6f1f6f3f6f4f5f5f4f5f4f6f3f6f2f7f2f8f2fdfbfffe000000ff00fffe00fb01f302f301f300f3fff2fdf1fdf1fcf1fcf1fcf1fcf1fbf1f9f1f8f1f8f0f8f0f8f1f9f1f9f2f8f2f8f1f7f1f7f0f8f0f8f0f9f0f9f0f9f0f8
132,39200190,-41,11,256,1,0,1,6aa00600f7faf3f6eff3ebf2e8f1e6f0e5f1e6f3e7f4e9f5ecf7f0f8f5fafbfc01fd06fe0cff10001401170219041905190518061606050100000000000000000000000000000000000001fb04ec04eb05e905e906e906ea05ec04ee04f203f703fc02010107010c001101150218031a041b061b071a071807150611040c03085600e511e512e613e714e713e712e712e612e613e614e714e814e813e712e510e410e30fe20fe30ee40de50ae508e406e304e202e200e3ffe4fef6fffdff00ff00fe00ffff02fd07f815f714f513f312f012ef12ee13ed13ed13ec12eb11e90fe80fe70fe60fe710e710e80fe80ee70ee60ee60fe610e611e612e711e611e610
133,39235356,-27,11,128,1,0,1,0ee000410ff50af602f8fcfff409ec0ce70be70de60de10ee00de40ee90eec0def0bf309f605fa02000005fe09fd0cfc0dfc0efc0ffc03ff000000000000000000000000000000000000fe01fa06f809f50cf310f113ee14ed16ed16ed15ed14ed10f10af507f707ff0308fd0bf60bf411f31aed21e725e725e824e822e622e7
134,39624766,-28,11,128,1,0,1,1440014103f0fefaf9fff904f90bf910f815f51af31bf31bf51cfb1bfb1af915fd0f000d00090105030103fd04f906f606f407f307f201fc000000000000000000000000000000000000ff01ff07ff0a000e00110015ff19fe1cfd1efe1cfe19fe16000e01080006ff0201f904f206ec06e805e604e307dd09d707d60ad70dd9
135,39641436,-29,11,128,1,0,1,1440014118d906e600f70208fd0ef113e119d01ac920c92bc727c51fc424c327cb1cda14e910f90a090314ff19001e0223062509250d0903000000000000000000000000000000000000000204130724092f0b360d3f0a400741074205420246044b0b390c220b170b0408f105e210d122c52abc30ab33a92eb430a732962d9c
136,39953057,-44,11,256,1,0,1,6aa006000bfa11f716f519f31cf01def1dee1ced1aed17ef14f10ff40bf705fb00fffb03f506f008eb0ae80be50ce30be30ae308e307f90100000000000000000000000000000000000005fe16fb17fb18fc18fd17fe16ff13000f000a010501ff01f901f401ee01ea01e601e301e102e003e104e205e505e905ee04f303f8025f00f4dff3dff2e0f2e1f2e2f3e2f4e2f4e1f2e0f1e0f0e1f0e2f1e2f3e2f4e1f5dff6def6ddf6def8dffae0fde1ffe101e103e104e006e107e102f501fcff0101010000fdfef9f9ededefecf1ebf3e9f4e7f4e6f3e5f3e5f4e5f5e5f7e4f8e2f9e1f9e0f8e0f8e0f8e1f8e2f9e2fae2f9e1f8e0f7e0f5e0f5e1f5e1f5e2f6e1
137,39953390,-44,11,256,1,0,1,6aa00600f5f7f0f3ecf0e8efe5eee3eee2eee2efe3f0e6f1e9f4eef6f3f9f9fcffff04030a060f09120d150f171217141615141612160405000000000000000000000000000000000000fcfbf1eef1ecf2ebf2eaf3ebf5ecf7eef9f1fcf5fefa01ff0305060a080e0a130c160e181019111a1119111711150f110c0d090906056100ea1aeb1bec1bec1bed1aed1aed1aec1aec1cec1ced1ced1bed1aec1aeb19e919e819e819e819e817e815e712e610e40ee30de20be209e208f502fc0000ff00fe00ffff02fd09f918f717f517f316f216f017f017ef17ef17ee16ec15eb14e914e814e814e915ea15ea14ea14ea14e915e916ea17ea18eb18eb17eb17ea16
138,39994083,-44,11,256,1,0,1,6aa00600fd0efc13fb19fc1dfc1ffd21fe220021001e011b01160111000bff05fffefef8fdf2fdecfde8fde4fde2fee1ffe200e301e400f9000000000000000000000000000000000000fb04ee10ed0feb0feb0eeb0dec0cee0af107f504f900fefd03f908f60cf30fef12ec14ea14e814e713e711e80fe90ced09f106f604fa550010071007100610050f050e050f060f0610061005100410040f040f050f060f070f070f070f070e070c070b080b090a0a0a0b0a0b090b090b03040001ffffff00ffff01ff04ff0d000d010d020d030d040d050e050e050e050d060d070d080d090d090e090e080d080d080c080c090d090e090f080f070f070f070f070e07
139,39994298,-44,11,256,1,0,1,6aa006000c041106150719071c061d061e051d041b031802140110010a000400fe00f800f3ffeeffeafee7fde5fce4fce5fbe6fae8f9fafe00000000000000000000000000000000000003040c100c120c130b130b1309120710050d03090005fd01fafcf8f7f5f3f3f0f0edeeebedeaecebebececededf0f0f2f3f5f7f9fbfb550015e613e612e511e611e711e812e913e814e713e612e611e711e812e914ea16ea17e917e917ea16ec15ee16f117f419f51af61af71af81afa09fe02ffff00ff01ff00fffd00f701e703e805e808e90ae80be70ce60ce60ce70de80fe911ea13ea14e914e913e912e912ea13eb14eb14eb15e914e813e712e712e812e913e9
140,40001114,-44,11,256,1,0,1,6aa00600f8f4f5f0f2ecefeaece9ebe8eae8eae9ebebededf0f1f3f4f7f8fbfdff010306070a0a0f0c120d150d180c190b19091908180106000000000000000000000000000000000000fcfbf2eef3edf4ebf4ebf6ebf7edf9effbf2fdf7fffb01000306040b050f0713081609190a1a0b1a0c190c170b150a11080d050803045c00e40fe510e611e711e810e80fe70fe710e611e712e813e913e912e810e710e50fe410e410e50fe60ee70ce609e607e406e405e304e402e401f600fdff00ff00fe00fffe02fa06ef11ef10ed0eec0dea0ce90ce80de80de80ce80be709e608e408e408e409e409e509e609e608e608e509e40ae40be50ce60de60ce60ce60b
141,40005130,-43,11,256,1,0,1,6aa00600fa0bf811f716f61af61cf61ef71ef81ef91cfa19fb15fd10fe0bff0501ff03f905f408ef0aeb0ce90ee80fe810e811ea11ec04fb000000000000000000000000000000000000fe05f915f815f715f615f514f612f60ff80bfa07fd0300fe03fa06f509f10bee0deb0fe90fe70fe70ee70ce80bea08ed06f103f601fa68001a111a101a0f1a0e190d180d180e190e1a0e1c0d1c0b1c0a1b0a1a0c1a0e1a0f1b101b101a0f180f160f1410131213131215111610160f1605080102fffffeffffff020008021508140a130c130e130f13101410141013111211111211141115121613161315131412131113111412151414151316121711161016101611
142,40008691,-44,11,256,1,0,1,6aa00600f5f8f0f4ecf2e9f0e6f0e4f0e4f0e4f1e5f2e8f4ebf6f0f8f5fbfafeff01050409080d0c100f121213141315121610160e160305000000000000000000000000000000000000fbfdedf5ecf4ecf3edf2eef2f0f2f3f4f5f6f9f8fdfc0000040407080b0b0d0f101112131314141415131411130f100c0d09090506025b00e714e815ea15eb15eb14eb14ea13ea14ea16eb17ec18ed17ed16ec15ea14e914e715e715e815e913ea11e90ee80ce60be50ae40ae409e508f602fd0000ff00fe00fffe02fb06f312f211f00fee0eec0eeb0eeb0feb0feb0feb0eea0ce80be70be60ce60de60ee80ee90de90ce80be70ce60ee710e811e911ea11ea10e90f
143,40024532,-44,11,256,1,0,1,6aa00600040e071409180b1c0d1e0e1f0f1f0f1e0e1c0d190c150910060a030400fefdf7fbf1faecf9e7f9e3fae1fbe0fce0fee000e200f800000000000000000000000000000000000002050916081707180618051704150212010e0009ff04fffefef8fef2feedfde8fde4fce1fbe0fbdffae0f9e2f9e5fae9faeffbf5fdf9600011fb10fb10fa0ffa0ffa0ffa0ffb10fa10fa10f910f80ff80ff90ffa0ffb10fb11fb11fb11fb10fb0ffd0ffe0fff0f00100110020f020f0305010100ffffff00ff0001ff03fd0af90bfa0bfb0cfc0dfc0dfc0efc0efc0efc0dfd0efe0eff0fff0fff10ff0ffe0ffe0efe0eff0eff0fff10fe10fd10fc0ffc0ffc0ffc0ffc
144,40024868,-43,11,256,1,0,1,6aa006000af70df311ef13ec14e914e814e713e711e80fea0ded09f106f602fbfe00fa04f608f10bee0eeb0fe810e70fe60ee70ce70bfa0200000000000000000000000000000000000003fc0eef10f011f011f111f210f40ef60bf807fb03fefe01fa03f506f108ed0aea0ce80de70ee70fe810ea0fec0ef00df40af807fb046300f2e2f0e3efe4efe6f0e7f1e7f2e6f1e5efe5ede6ece7ece8ede9efe8f1e6f1e4f0e3f0e3f0e3f1e5f4e6f6e6f9e5fae4fbe3fbe3fce3fde4fff6fffd000000010000fefefaf9f1eef3edf5ebf6eaf7e8f7e7f6e7f6e7f6e7f8e7f9e7fae6fae4fae3f9e3f8e4f8e5f9e6fae6fae5fae4f8e3f6e3f4e4f3e5f3e6f4e6f4e5
145,40028363,-43,11,256,1,0,1,6aa00600fb0cf912f816f81af81df81ef91ffa1efb1dfc1afd15fe11ff0b000501ff02f904f306ee07ea09e70be60ce50de60ee70ee903fa000000000000000000000000000000000000fe05f814f615f514f514f413f511f60ef70bfa07fc0200fe03f906f509f10cee0deb0fe90fe70fe60ee70ce80aea08ed06f103f501f95a001d0b1d0a1d081d071c071b071b071c071e071f051f031e031d031d041d061e071f081f071e071c081a08190a180c180d180f18101710161107060202fffffeffffff02000801170516061508150a150c150d160d160d160d150e150f151115121612171117101610160f1510151016101810190f1a0d1a0c1a0b1a0b1a0c
146,40040190,-43,11,256,1,0,1,6aa00600f60af30ef013ef16ee19ed1aee1bef1bf019f216f413f70ffa0afe0501ff05fa09f60df210ef13ee16ed17ed18ef18f017f205fc000000000000000000000000000000000000fd04f413f213f112f011f110f10ef30cf509f905fc0200fe05fb09f70df410f213ef15ee15ec15eb14ec13ec10ee0df00af406f703fb65001517161716151614151314131414151517151814191218111711161316151616161716171617141611160f170d180c190c1a0b1b0a1b091b03090002fffffeffffff02010704130d120e100f0f110f130f14101410150f150e150d160c180c190d1a0d1a0e190e180d170d170c180d180f19101812171216121511151116
147,40048809,-43,11,256,1,0,1,6aa00600080a0c0e10111313161418151915181417121510120d0e0a0a07050300fffbfaf7f6f4f1f1edf0eaefe8f0e6f1e5f3e5f5e6fdf900000000000000000000000000000000000003030f0e10100f110f110e110c100a0e070b05080203fffffcfafaf5f8f1f5edf3eaf1e8f0e7efe7efe7efe9f0ecf2eff4f3f7f7f9fa640018eb17ea16e914e914e914ea14ea15e915e714e613e512e612e712e814e815e817e717e616e715e815ea16ed17ef19f01af11bf21bf31bf409fc02ffff00ff01ff0001fd05f910f010f111f313f414f415f416f316f216f316f417f518f619f61af61af519f418f417f417f418f419f319f219f018ef17ee16ee16ef16ef
148,40104399,-30,11,128,1,0,1,8001184107f5fdebf3ecfdf504fbfcf8f5f0f4f1fbfd050107f904f702fe09060a0a0206fdfffafefa02fc070008020400ff01ff01fe00ff000000000000000000000000000000000000ff02fc08f705f502fafd02000b0709060003fcfffdfe00ff01fafff6fdf8fafff5fcf7ee05ea13f612ff0cf70cf70706fc06f2fcf5fe
149,40106536,-43,11,256,1,0,1,6aa00600fa0df812f716f61af61df71ef81ff91efa1cfb19fc15fd10fe0afe04fffd00f701f102ec03e805e506e407e308e409e509e702f9000000000000000000000000000000000000fb03ee0eed0eec0dec0dec0ced0aef08f206f603fb00fffd04fa09f80df510f213f015ee15ec15eb14eb12ec10ed0df009f306f804fb58001c101d0f1d0e1c0d1b0d1b0d1b0e1c0e1d0d1e0d1e0b1d0b1d0b1c0d1c0e1c101d101d111c111a1117111512141413151217111810180e1905090102fffffeffffff02000801180418061708170a170b170c180d180d170e170f16101612161317141714171316121612151215121613181219121a111a101a101a101a10
150,40107424,-43,11,256,1,0,1,6aa00600fe0efe13fe18ff1c001e011f021f031e031c031903150210010a0004fffefef7fdf1fcecfce8fce5fde3fee2ffe200e301e500f9000000000000000000000000000000000000fd04f413f213f113f112f111f10ff30df50af806fb02fffd02f906f509f10bee0deb0ee80ee60ee50de60be709e907ec05f103f602fa5c001f0920081f061f061e051d061e061f062006200520031f031e031e051e071f08200920091f091d091b0a1a0c190e180f181117121613151307070202fffffe00ffff02ff09ff18ff180018031805180619071a071a071a081909190b190c1a0d1a0e1b0e1b0d1a0c190c190c190d1a0d1b0c1c0b1d0a1d091d091c091c09
151,40119162,-43,11,256,1,0,1,6aa006000dfc12fa17f81af61cf41df21df11bf119f116f212f40ef709fa04feff02f906f409f00cec0ee90fe710e60fe60ee70ce70bfa020000000000000000000000000000000000000402130a130b140c130d120d110c0e0b0b0907070204fe01f9fef4fcf0f9ecf7e8f6e5f6e4f6e3f7e3f8e4fae7fbebfdeffdf5fefafe520000ddffddfeddfddefedffee0ffe0fedffddefcdefbdefbdffbe0fddffedf00dd00dd00dc01dd02df03e106e208e20ae20be20ce30de40ee505f601fdff0000010000fefdfcf7f7e8f9e7fbe7fde6ffe5ffe400e300e300e301e303e304e206e106e006e005e004e105e205e205e205e105e003df02df01e001e001e002e0
152,40119383,-43,11,256,1,0,1,6aa0060000f100ec00e7ffe3fee1fddffbdffae0fae2fae5fbeafceffef5fffb01010307050d06130717071a061c051d041d031c021a000600000000000000000000000000000000000003fb0eef10ef11ef11ef11f010f20ef40cf709fa05fe0102fd06f909f50df210f013ef16ef18ef19f019f218f516f713f90ffb0afd065200effaeffaeffbf0fcf0fcf0fbf0fbf0fbeffbeffceffceffcf0fcf0fbf0faf0f9eff9eff9f0f9f1f8f2f8f3f7f4f6f4f5f4f4f5f4f5f4f6f4fcfbfffe000000ff0000fe00fb00f301f300f3fff3fef3fdf2fcf2fcf2fcf2fcf2fbf2fbf2faf2f9f1f9f1f9f1f9f2f9f2f9f3f9f3f9f2f8f1f9f1f9f0faf0faf0faf1faf1fa
153,40124026,-43,11,256,1,0,1,6aa006000a090f0d120f161118121a121b111b10190e170c130a0e0709050302fd00f7fdf2faeef7eaf5e7f3e6f1e6f0e7f0e9efeaeffafb00000000000000000000000000000000000001050515041604170317021701150112000eff0afe05fdfffcf9fcf4fbeffaebf8e7f7e5f6e3f5e3f4e4f4e6f4e9f5edf7f1faf6fcfa57001cec1beb1aea19ea18eb18ec19ed1aec1aea19e918e817e917ea18ec1aed1cee1eed1eed1ded1bef1bf21bf51cf71df91efa1ffc1efd1efe0aff0300fe00ff01ff0001fd03f70bea0ceb0eec10ed12ee14ed14ed15ec15ed15ee17f018f11af11bf11bf01af01af019f119f21af21bf21cf01bee1aed19ed19ed19ee19ee
154,40188895,-43,11,256,1,0,1,6aa00600f609f30df111ef14ef16ee18ef19f018f217f415f611f90dfb08fe0301fe04f907f50af10dee0fed11ec12ec13ed13ee12f004fc000000000000000000000000000000000000fc03f00dee0ded0ded0ced0bef09f107f405f703fc0000fe05fc0af90ef711f514f416f217f117f016f014f011f10ef30af606f903fc5a001316141515141513141213121312141316121711180f170e170e1610161116131713171316121412121210120f140f150e160e160d170c1704080102fffffeffffff02010605100f0f0f0d110c120c140c150c150d150c150b160a16091809190a1a0b190b190b180b170a170a170b180d180e1810171015101510151015
155,40189777,-43,11,256,1,0,1,6aa00600f90df712f617f51bf51df51ff61ff71ff81dfa19fb15fc10fd0aff0401fe03f805f207ed0ae90ce70de50fe510e610e810ea04fa000000000000000000000000000000000000fd05f514f415f215f214f213f210f40ef60af906fc0200fe04f908f50bf20eee10eb12e912e812e711e70fe80dea0aee07f205f702fb5b001e0f1e0d1e0c1d0a1c0a1b0a1b0b1c0b1e0b1f091f081e071d071c091d0b1e0c1f0c1f0c1e0c1c0c190c170e16101611161316141514141407070102fffffeffffff02000801180517071609160b160d170e180e180e170e160f1510151215141614171417131712161115121513161318131a111b101b0f1a0e1a0e1a0f
156,40196089,-43,11,256,1,0,1,6aa00600090c0c110f141216151716171717171515131310100d0c0907050201fdfdf8f9f3f5f0f1edeeebecebeaebeaede9eee9f0eafcfa000000000000000000000000000000000000010504170318021801180017ff15ff12fe0efe09fd03fdfdfdf8fdf2fdedfce9fce5fbe3fae1f9e1f8e3f8e5f8e8f9ecfaf1fcf7fefb610021f720f61ff41ef41df51df51ef51ff51ff41ff31ef21df21cf31df51ef620f721f720f61ff61ef71cfa1cfc1cff1d011e021d031c041b0509020200fffffe01ff0002fd07fa14f015f216f418f619f71bf71cf61cf61cf71cf81cfa1dfc1ffd20fd20fc1ffc1efb1dfc1dfd1efd1ffd20fb20f91ff81ff81ef81ef91ef9
157,40196413,-43,11,256,1,0,1,6aa0060007f109ec0be80ce40ce20be00ae009e108e306e605eb03f001f600fdfe03fc09fa0ff813f617f51af31bf21bf11af118f116fc0500000000000000000000000000000000000003fb0fee11ee12ee12ef12f111f30ff50cf808fb04ffff02fa06f509f10cee0feb11e913e914e915ea15ec14ef12f20ff60bfa07fc036200e6e9e6e9e5eae6ebe7ece8ece8ebe7ebe6ebe5ece4ede5ede6ede7ece8eae8e9e7e8e8e7e9e8ebe8eee8f0e7f2e6f3e5f4e4f5e4f6e4f7e4fdf6fffd000001000000fdfff6fde6f8e7f7e8f4e9f2e9f0e8efe8eee8eee8ede9eceaeaebe9ebe7ebe7eae7eae8ebe8ece9ece8ece8ece7eae7e9e8e9e9e8e9e9e9e9e9e9e8
158,40199813,-71,11,128,1,0,1,0ee000410628054117552e65336e2b62215715300dcc0dc20d260f3e0e1204f702da0bc115bb11bd02ccf2c9efb0fdaa09b908ce04d901f600000000000000000000000000000000000006041a10170b1607220b2d132523182210030bfa0804f5efe6dae3cedfb7dcaadca4d9d9c709c7dbd7efd725dc01e6dde8d2f3df07fe
159,40211043,-28,11,128,1,0,1,14400141f000f903ff0604050c04120415041706170418011a021c051a05170314050e0508020300fffefcfcf9faf6faf4f9f4f8f4f7fdfd00000000000000000000000000000000000001ff07fc09fb0cf910f613f517f519f819f91af918f816f816f812f90afa00fafbfdf5ffeeffe8ffe2fddffcdafed604d605d402d401
160,40670816,-42,11,256,1,0,1,52233500f200ed00e801e402e103e005e005e106e306e606ea05ef04f402fa0100ff07fe0dfd12fc16fc19fc1cfd1dfe1cff1b011a020600000000000000000000000000000000000000fafeebfaeaf9eaf8eaf7ebf7edf7f0f8f3f9f7fbfcfd01ff06010a040f061307160819091b091c081b071a061805140310020a0106015c00f720f920fa20fb1ffb1dfa1df91df91efa20fb20fd20fd1ffd1efb1df91ef71ff620f621f620f61ef51cf319f118ef18ed18ec17ec16ec15f807fd0200fffffe00ff0002010802160016fe15fb16fa17f918f919f919f919f818f618f418f319f31af31bf41bf51af519f418f419f31af41bf51cf71df81cf81cf71bf71c
161,40678266,-42,11,256,1,0,1,6aa00600f80bf610f315f218f21bf21df21ef31ef51cf619f815fa10fb0bfd05fffe02f804f306ee09ea0be70de50ee50fe60fe810ea04fa000000000000000000000000000000000000fb03ee0ded0cec0cec0bec0bee0af008f306f604fb01fffe04fc09f90df711f414f216f017ee17ed16ed14ed12ee0ff00bf307f704fa5c0019151a141a131a1219111911181219121b121c111d0f1c0f1c0f1b101a121b131b141b141a1418141614141513161217111910190f1a0e1a04090102fffffeffffff02010704130c110d100e10100f1110121013101310130f140f150e160e180f1810181018101710160f160f1710171218131715161515161416141614
162,40695130,-42,11,256,1,0,1,6aa00600f3faeef8e9f7e5f6e3f6e1f6e0f7e1f8e2f9e5fae9fbeefcf4fdfafe01ff07000d011203160419061b071b081b0a190b170b0502000000000000000000000000000000000000fcfcf2eff2eef2edf2ecf3ecf5eef6f0f9f2fbf6fefa01ff04030708090c0c100f12111412151415141414131210100d0d0a080705045e00ea1beb1bed1cee1bef19ee18ed18ec19ec1bec1cee1cef1bef1aee18ec18ea18e819e81ae919ea17ea14e911e70fe50ee40de30ce30be309f503fc0000ff00fe00ffff02fe08fb16f915f715f514f315f115f116f117f116f115ef14ed13eb14ea14ea15eb16ec15ed14ec13eb13ea14e916ea18eb19ed18ed18ed17ec16
163,40695579,-42,11,256,1,0,1,6aa00600f609f20def11ed14ec17ec19ec1aed19ef18f116f312f60ef909fc0400ff03f907f40af00ded10eb12ea13ea14eb14ed14ee05fb000000000000000000000000000000000000fb02ed09eb08ea08ea07ea06ec05ee04f103f501fa00fffe04fd0afb0ffa13f816f718f51af41af319f318f215f312f40ef609f905fb61000d1f0e1e0f1c0f1b0e190d190c1a0d1c0e1d101d111b111a10190e1a0c1c0c1e0c1f0c1f0c1e0b1d081b051b021b011d001dff1efe1dfd1cfe0aff02fffefeffffff02010605100f0e100c120b130a150b170b170c170b170a1708180719061b061c071d081c081b081a071a061a061c081d0a1d0b1c0c1b0c1b0b1a0a1b
164,40699254,-42,11,256,1,0,1,6aa00600f709f30ef112ef15ee18ee1aee1bef1af119f217f513f70ffa0afd0400ff03f906f409f00bec0eea10e811e812e912eb12ed04fb000000000000000000000000000000000000fb02ed0aec09eb09ea08ea07ec06ee05f104f502fa00fffe04fd0afb0ef912f715f618f419f319f219f117f114f211f30df609f905fb5b00141a1519151815171416131613161417161717171815181416141515141714181519151a1419131810180e180c190a1b0a1c091c081c071c020a0003fffffeffffff02010604120e100f0f100e120d140e150e150e150e150d160c170b180a1a0b1b0c1b0d1a0d190c180b180b190c1a0d1a0f1a10191118111711181118
165,40705657,-42,11,256,1,0,1,6aa00600f100ec01e802e403e104e005e006e107e307e606ea06ef04f403fb01010007fe0dfd12fc16fc1afd1cfd1dfe1d001b011a020600000000000000000000000000000000000000faffeafde9fce9fae9faeaf9ecf9effaf3faf7fbfcfd01ff06010b031004140617061a071b071c061c051b041803140210010a000600590001200220031f041e041d041d031e041e051f061f071e081d071d061d051e041f032003210320021f001dfe1cfc1cfb1cfa1cf91cf81cf71bfc09fe0200fffffeffff010202080516041602160017ff18ff19fe1afe1afe1afd1afb1afa1bf91cf91cfa1dfb1cfb1cfb1bfb1bfa1bfa1cfb1dfd1efe1eff1d001d001dff1e
166,40706432,-42,11,256,1,0,1,6aa0060002f002ea02e502e101de00dcffdbfedcfedefde2fde7feecfef3fefaff01ff08ff0ffe15fd19fc1dfa1ff920f81ff61ef61cfd0600000000000000000000000000000000000001fa05e806e808e708e809e909eb08ee07f205f603fc0001fd06fa0cf810f515f418f31bf31df31ef41ef61cf81af916fb11fd0bfe065a00eefbeefceefdeefdeffdeffdeffdeefdeefdeefeeefeeefeeffeeffdeefceefbedfbedfbeefbeffbf0faf1f9f2f8f2f7f2f6f2f6f3f5f3f5fbfcfefe000000ff0000fe00fb00f301f300f3fff3fdf2fdf2fcf1fcf1fcf1fcf2fbf2faf2f9f1f9f1f9f0f9f0f9f1faf1faf2f9f2f9f1f9f0f9f0faeffbeffbeffbf0fbf0fb
167,40710944,-42,11,256,1,0,1,6aa0060009f60df210ee12ea13e813e613e511e510e60ee80bec09f005f502fbff00fc06f80bf50ff213f015ee16ec16eb15eb13ec12fb0400000000000000000000000000000000000004fd13f714f715f816f815f913fa11fb0efd09fe0400ff01fa02f404f005ec07e808e609e50be50ce50ce70dea0ced0bf108f605fa035700eee3ece4ebe5ebe7ece8ede8ede7ece7eae7e9e7e8e9e8eae9eaeae9ebe7ebe5ebe4ebe4ebe5ede5efe6f2e5f4e5f5e3f6e3f7e2f8e3f9e3fdf5fffc000001010000fdfef9f9efeef1edf2ecf4ebf4e9f4e8f4e7f3e7f4e7f5e7f6e6f7e5f7e4f7e3f6e3f5e3f5e4f6e5f6e5f6e4f6e3f4e3f2e3f1e4f0e5f0e5f0e6f0e5
168,40711164,-42,11,256,1,0,1,6aa00600f8f4f5eff2ecefe9ece7ebe7eae7eae8ebeaececeff0f2f3f7f7fcfc00000505090a0c0e0f121015111710180f180e180c180305000000000000000000000000000000000000fefaf9ebfae9fbe8fce8fce9fdebfeeefff100f600fb01000106020b021003140418041a061c061c071c081a08170713060f040a03065700df08e009e00ae20be20ae309e209e109e10be10ce20de20de30ce20be109e008de08de08df08e006e204e202e200e2fee1fce1fbe2fae2f9f5fdfcff000001ff00fffd01f905ec0dec0beb09e908e807e607e607e507e606e605e504e402e302e202e102e103e203e303e402e302e202e103e104e106e207e207e206e206
169,40714999,-30,11,128,1,0,1,97733941fa04f50301050a0200f6f9ed00f30bfb09fafff6fafcf902fefe07fd05fffefbfbf2faf1f5f6f8fcfe020001fefcfefe01020000000000000000000000000000000000000000fe03f80af806f905f90002010eff10f80cfc0601ff04fa05fb07fd0ef808f103ef10f11700080c000604fd01fef802fefe0cfb08fd00
170,40716345,-42,11,256,1,0,1,6aa0060004f306ee08e909e509e208e007df06e005e105e404e803ed02f301f90000fe06fd0cfb12f916f719f51bf41bf31bf219f117fc0500000000000000000000000000000000000002fb0cee0dee0eee0fee0fef0ef00df30af608f904fd0001fc04f808f40bf10eee11ed14ec16ec17ed17ef16f115f412f70efa09fc066400f0f8f0f9f0faf0faf1fbf1faf1faf0faf0faeffbeffcf0fcf0fcf1fbf0faf0f9eff9eff8f0f9f1f9f2f8f3f8f4f7f4f6f4f5f4f4f5f4f5f4fcfbfffe000000000000fefffbfff4fef4fdf5fcf5fbf4faf4f9f3f9f3f9f4f9f4f9f4f8f4f7f4f6f4f6f3f6f3f7f3f7f4f8f4f7f4f7f4f7f3f7f2f7f2f8f2f9f2f9f2f9f2f8
171,40716996,-42,11,256,1,0,1,6aa00600020d04120617071a091d0b1e0c1f0c1e0c1c0b1909150710050b020500fffdf9fbf3faeef9e9f9e5f9e3fae2fce2fde2ffe3fff9000000000000000000000000000000000000000501150016ff17fe17fe16fd14fd12fd0efd0afe04ffff00fa01f401ef02eb02e702e402e201e100e2ffe3fee6feeafeeefef4fef8550020fb20fa20f91ff91ef91df91efa1ff920f820f720f61ff61ef71ef81ffa21fb22fc22fc21fc20fd1eff1d011d041d061d081d091c0a1b0b09040201fffffe00ff0002fe07fb14f414f615f816fa17fb18fb19fb1afb1afb1afc1afe1bff1c001d011d001d001cff1c001b001c001d001eff1efe1efd1efc1dfc1dfc1dfd
172,40722100,-42,11,256,1,0,1,6aa00600f2fbedf9e8f8e4f8e1f8dff8dff9e0fae2fae5fbe9fceefdf4fffa00010107020d0412061608180a1a0c1a0d190e170f160f0503000000000000000000000000000000000000fafeebf9eaf7eaf6eaf5ebf5edf5f0f6f4f8f8fafcfc01ff06020a060e09120b140d170e190f1a0f1a0e180c160a13080f060a0305026700f60df60df70df80df80cf80cf70cf70cf70df70ef80ef90df90df80cf70cf60cf50df60df60df60cf60af609f508f408f308f307f307f306fb02fe0000ff00ff00ffff01fe04fc0bfc0afb0af90af80af80af80bf80bf80af70af609f609f509f40af40af50af60af609f609f509f50af40af50bf60bf60bf70bf60bf60a
173,40760354,-42,11,256,1,0,1,6aa00600f407ef0beb0ee910e713e715e716e816ea15ec12ef0ff30cf708fc0301fe05fa0af60ef312f015ef17ee19ef1af119f319f406fd000000000000000000000000000000000000fb01eb07ea07e906e905e904eb03ee03f102f500faff00fe05fe0bfd10fc14fb18fa1af91cf81cf71cf61af617f614f70ff90afb06fc62000f1d101c111b111a111a101a101a111b121b131a1319131912191119101b101c101d0f1d0e1d0d1d0b1c081c061c051d041d021e011d001dff0aff03fffffeffffff0201060510100f100e120c130c150c160c160c170c170b180a19091a081b081c091c091c091b091a091a081b091b0a1c0b1c0c1c0d1b0d1b0d1b0d1b
174,40761699,-42,11,256,1,0,1,6aa00600070c0b120f161219141b161c171b171a1618141511110d0d09090404fffefaf9f6f3f2eef0eaeee7eee4eee3f0e2f2e3f3e3fdf900000000000000000000000000000000000001050716071706180519041803160213010f000bff05fefffef9fdf3fcedfbe8fae4f9e1f8e0f7dff6e0f6e2f6e5f7e9f8eefaf4fcf9570012fc11fb11fa10fa10fa10fa10fb11fa11fa11f911f810f810f910f911fa11fb12fb12fb12fb11fc10fd10fe10ff10001001100210030f0305010100ffffff00ff0001ff03fd0bf90bfa0bfb0cfc0dfd0dfd0efd0efc0efd0efd0efe0eff0fff10ff10ff10fe10fe0ffe0fff0fff10ff10fe11fd10fd10fc10fc10fc10fd
175,40763491,-42,11,256,1,0,1,6aa00600f100ea01e403e004dd05db06db07dc07df08e207e606ec05f203f90100ff08fe0ffd15fd1afd1dfd20fe210021011f031e040701000000000000000000000000000000000000faffe8fee7fde6fce6fbe7fbe9faecfaf0fbf5fcfafd00ff06010c03110416051a061d061f06200620051f041c02180112000c0007006100fc12fc12fd12fe11fe10fd10fc10fc11fd12fe12ff12ff11ff11fd10fc11fb11fa12fa12fa12fa11f90ff80ef70df60df50df40df40df40cfb04fe0100ffffffffff00010104030c020c000cff0cfe0dfe0efe0efe0efe0efd0efc0dfb0efa0ffa0ffa10fb10fb0ffb0efb0efa0ef90ffa10fa11fc11fc10fd10fc0ffc0f
176,40803690,-42,11,256,1,0,1,6aa00600f5fbf0f8ecf7e8f6e5f6e3f6e2f6e2f7e4f8e6f9e9fbeefcf3fdf9feffff05000b020f04130616081809190a190b170c160d0503000000000000000000000000000000000000fcfcf2f2f1f0f2eff2eff2eff4f0f6f1f8f4faf7fdfa00fe03030607090a0b0e0e1010121113121313131311120f100c0d09090606045900ec18ed18ee19ef18f018f017ef17ee18ef19ef1af01bf11af11af019ee18ed18ec19eb19ec19ec17ec15eb13e911e80fe60ee60ee50ce50bf604fd0000ff00fe00ffff02fd07f813f712f511f311f211f111f012f013f012ef12ee11ed10eb10ea11ea12eb12ec12ec11ec10ec10eb11eb13eb14ec15ed15ee15ee14ee14
177,40813240,-42,11,256,1,0,1,6aa006000cfe12fd17fc1bfa1ef920f720f61ff61df61bf617f712f90cfb06fd0000fa02f404ee05e906e606e306e105e104e202e301f800000000000000000000000000000000000000050115041605160616071608140811070e0609050503ff01fafff5fcf0faecf9e8f8e5f8e3f8e2f8e2f9e3fbe5fce9fdedfef3fef8ff530001ee01ee00eeffefffef00f000ef00ef00eeffeefeeefeefffefffef01ef01ee02ee02ee02ee02ef03f004f105f106f107f208f208f209f303fb01feff0000000000fffefefbfcf4fdf4fef4fff300f300f200f200f100f201f202f202f203f103f003f003f003f103f103f103f103f103f002f002ef01f001f001f002f0
178,40845277,-42,11,256,1,0,1,6aa00600f606f109ee0ceb0eea11e913e914ea14ec14ee12f010f40cf708fb04feff02fa06f60af20def0fed11ec13ec14ec14ee13ef04fc000000000000000000000000000000000000fbffecfeebfdeafceafcebfbecfbeefbf1fbf5fcfafcfffd04fe09ff0eff120015ff18ff1aff1bfe1bfd19fc17fb14fb10fc0bfd07fe54000d1c0e1b0f1b0f1a0e190e190d190e1a0f1a101a1119111910190f190e1a0d1c0d1d0d1d0c1d0b1c091b061b041b021c011cff1cfe1cfd1cfe0aff02fffffeffffff02010605100f0f100d110c120b140b150b150b160b160a1709170818071a071b081b081b081a08190719071a081a091b0a1b0b1b0b1a0c1a0c1a0b1a
179,40858764,-42,11,256,1,0,1,6aa00600f4feeffceafce6fce3fce1fde1fee1ffe3ffe500e900ed00f300f9ffffff05fe0bfe10fe15fe18ff1aff1c001c011b031a040601000000000000000000000000000000000000fcfcf2f2f2f0f1eff2eef2eef4eff5f1f8f3faf6fdf900fd030106050a090d0c0f0e1210141115111611150f140d120b0e080a0606045b00f01cf11cf21cf31cf31bf31af21af11bf11cf21df31df41cf31bf21af01aee1aed1aed1bed1aed18ec16eb14ea12e810e60fe60ee50de50cf604fd0000fffffe00ff000200070015fe15fc15fa15f815f716f617f617f617f517f316f216f016ef17ef18f018f117f116f016f015ef16ef18ef19f019f119f219f218f118
180,40865334,-42,11,256,1,0,1,6aa00600ff0cff12ff18001c011f022103220421051f051c04180313020d0007ff00fdf9fbf3faedfae8f9e4fae2fbe0fce0fde1fee2fff8000000000000000000000000000000000000fc04f211f111ef11ef11ee11ef0ff00df30af507f903fdff01fb05f708f20bef0deb0fe80fe60fe50fe40de50be709ea07ee05f303f75b00110312021102110110011002100210021102120112011100110110021103110411041104110410050f050e060d070d080c090c0a0b0b0b0b04040101ffffff00ff0001ff04fe0cfc0cfd0cfe0cff0d000d000e000e000e000e010e020e030e040f040f040f040f040e040e040e040e050f04100410031003100210021003
181,40876255,-42,11,256,1,0,1,6aa00600f8f6f4f1f0ededeaeae8e8e7e7e7e7e8e7eae9ececeff0f3f4f6fafafffe05030a070e0c11101313141515171418121811180406000000000000000000000000000000000000fefafaeafbe9fbe8fce7fde8fee9ffec00ef00f401f901fe0204020a030f03140418051b061d071e081d091c091908150711050c03075900df0edf0fe010e110e210e20fe20ee10ee00fe011e112e212e211e20fe00dde0cdd0cdc0cdd0bdf0ae007e004e002dfffdefedefcdffae0f9f4fdfcff010000fe00fffe02fa07f012ef11ee0fec0eea0de80de70ee70ee70de60ce50be409e309e209e109e20ae30ae309e308e308e208e109e10be10ce20de20de30ce30c
182,40932905,-42,11,256,1,0,1,6aa006000bfa10f715f419f11bef1ded1deb1ceb1aeb17ec13ef0ff20bf606fa00fffa03f507ef09eb0ce70de40de20de10ce20be209f80200000000000000000000000000000000000005fe15f917f918fa18fb18fc16fd13fe10ff0b0006010001fa02f402ef02ea02e603e303e104e005e106e206e506e906ed05f304f8025f0000dcfedcfddcfcddfcdffde0ffdfffdefeddfcdcfaddfadefbdffddf00de02dc03db02da02db03dd05df07e20ae30de20fe210e211e311e406f602fdff0000010000fefdfaf8f2e9f4e9f7e8fae7fbe5fbe3fbe2fbe2fce2fde3ffe301e202e003df02de02de01e002e103e204e104e003df02de00deffdffee0ffe000df
183,40934703,-42,11,256,1,0,1,6aa0060003f505ef06ea07e606e306e105e104e103e203e502e801ed00f300f9fffffe05fd0bfb10fa14f818f71af51af41af319f318fc0500000000000000000000000000000000000002fb09ee0aed0ced0ded0dee0df00bf20af507f804fc0100fd04fa08f60bf30ef111f014ef15ef17f017f116f315f512f80efa0afc065700e2f3e2f4e2f6e2f7e4f8e5f7e4f6e3f6e2f7e1f8e1fae1fbe3fbe3f9e3f7e2f6e1f5e1f5e1f5e3f5e5f4e7f3e8f1e8efe8eee8ede9eceaecf8f8fdfd000001000000fdfff7ffe9fceafbeaf8eaf6eaf5e9f4e9f4e9f4e9f3eaf3eaf1eaf0eaefe9eee8eee8efe9f0e9f0eaf0eaefe9efe8efe6f0e5f2e5f3e6f3e6f3e6f2
184,40997476,-97,11,128,1,0,1,3eeaa341fdfefdfffcfffafefb00fd01000000fefffdfdfefe01000100fe01fd03ff01ff02fe01fd00ff0001ff00fffffefefeffff01ff00000000000000000000000000000000000000010003020000fefffffe00ff01fffffffe0100010000fd00fc01fe00ff00ff02000000fd00fc01fd0200000206060b09ff04f2fff601
185,41022356,-41,11,256,1,0,1,6aa00600f305ed07e80ae40de20fe011e013e113e313e611e90fee0cf308f904ff0005fc0bf811f515f319f11cf11ef21ff31ff51ef607fd000000000000000000000000000000000000fa00e802e701e600e6ffe6fee8feebfdeefdf3fdf9fdfffe05ff0bff110016001aff1dff1fff20fe20fd1ffc1cfb18fb13fc0dfc08fd5b0003110411051105100510040f04100410051106110710070f070f060f051005110512051205120411031002100010ff10ff11fe11fd11fd10fe06ff0100ffffffffff00010204050c040c030c020c020d010e010e010e010e010e000eff0fff10fe10ff10ff100010000f000fff0fff100010011102100210031002100210
186,41027626,-41,11,256,1,0,1,522335000bff11fe16fd1afc1dfb1ef91ff81ef81df71af716f811f90cfb06fd00fffa01f402ee03ea04e604e404e203e202e300e4fff9ff000000000000000000000000000000000000040114041405150615071408130810070d06090504030001fbfff6fcf1faedf9eaf8e7f7e5f7e4f8e4f9e4fae7fbeafdeefef4fef8ff570000e0fee0fde0fce1fce1fce2fde2fde1fce0fae0f9e0f9e1f9e2fae2fce1fddffddefddefedefee000e102e204e306e308e308e309e30ae403f601fdff0000010000fffdfdf7fbe9fce9fee900e801e702e602e502e502e503e505e506e507e407e307e306e305e405e505e506e406e405e204e202e201e201e201e201e2
187,41041009,-41,11,256,1,0,1,6aa006000cfb13f918f71cf51ff320f120f01fef1def1af016f211f40cf706fbfffff903f305ed08e809e40ae10adf0adf09e007e106f80100000000000000000000000000000000000005ff17fd18fe19ff1a0019011802150211030c0306020002fa01f4ffeeffe9fee5fee2fedfffdeffdf00e001e302e702ec02f202f7025a0000edffedfeedfeeefeeffeefffefffeefeeefdedfceefceefceffdeffeeeffedffedffecffedffee00ef02f003f004f005f005f006f006f002fa00feff0000000000fffefefbfbf3fcf3fef2fff200f100f100f000f000f001f102f102f003f003ef03ee03ef02ef02f003f003f003ef03ef02ee01ee00ee00ef00ef00ef
188,41052016,-41,11,256,1,0,1,6aa0060006f309ee0be90ce40de10cdf0bde0ade08e007e305e704ec02f301f9ff00fe07fc0efa13f918f71cf51ef41ef31ef21cf21bfc0600000000000000000000000000000000000004fc12f314f316f317f416f515f613f80ffa0bfc07ff0102fc04f607f109ed0bea0ee710e612e613e713e913eb12ef10f20cf608f9055b00f4f1f3f2f2f3f3f4f3f4f4f4f4f4f3f3f2f3f1f4f1f5f1f6f2f6f3f5f3f4f3f3f2f2f2f2f2f3f3f3f5f3f6f3f7f2f8f1f8f1f8f0f9f0f9f0fdfafffe000000000000fefffbfdf4f8f5f8f6f7f7f5f7f4f7f4f6f3f6f3f6f3f7f3f8f3f8f2f8f1f8f0f7f0f7f1f7f1f8f2f8f2f8f1f8f1f7f1f6f1f5f2f5f2f5f3f5f3f5f3
189,41056616,-41,11,256,1,0,1,6aa00600f506f009ec0cea0fe811e713e714e814ea14ed12f010f30cf709fb0400ff04fb08f70cf310f013ef16ee17ee17ee17f017f105fc000000000000000000000000000000000000fa00eb02ea01e900e8ffe9feebfeedfef0fdf5fdf9fdfffd04fe0afe0ffe13fe17fe19fd1bfd1cfc1bfb1afa18fa14fa10fb0bfc07fd5d000720081f091e0a1c0a1b091b081c081d0a1e0c1d0d1c0d1b0c1a0b1b091c081e08200920081f071e051c031b001cff1cfd1dfc1dfc1dfb1cfe0aff0200fffffeffff010204070c140a140815061605180519051a051a051a041a021a011b001c001d001e011d021c011b011b001b001d011e031e051e061d061c061c051c
190,41067129,-41,11,256,1,0,1,6aa0060003f505ef07ea08e608e308e107e006e005e204e403e802ed01f201f900ffff06fe0cfc11fb16f919f81bf61cf51cf41bf419fd0600000000000000000000000000000000000003fc0df00ff010f011f111f110f30ff50cf709fa06fd0100fd03f907f50af10cee0fed12ec13ec15ec15ee15f013f311f60ef90afb065400e9e7e8e8e7e9e7ebe8ebe9ebe9ebe9eae7eae6eae5ece5ede6ece8ebe9e9e9e7e8e6e8e5e9e6ebe7eee7f0e6f2e5f4e4f5e3f6e2f7e2f8e2fdf5fffc000001000000fdfff8fceaf6ebf5ecf3edf1edefededecedececedeceeecefebf0e9f0e8efe7eee7eee7eee8efe9f0e9f0e8f0e7eee7ede7ece8ebe9ebeaebeaece9
191,41067795,-41,11,256,1,0,1,6aa00600050a080f0a140d170f19111a121a1319121811150f110c0e080904050000fbfbf8f6f5f1f2edf1eaf0e7f0e6f1e5f3e5f4e6fdf9000000000000000000000000000000000000000501140015ff16fe16fe16fd14fd12fd0ffd0bfd06fe00fefbfff6fff100ecffe8ffe5fee3fee2fde3fce4fbe6fbeafbeefcf4fef858001ff81ff71ef51df41cf51cf61cf61ef61ff51ff31ef21df21cf31cf41df61ff721f721f720f71ef81dfa1cfc1cff1d011e031e041e051d060a020301fefffe00ff0002fe07fb13f313f514f715f917fa18fa19f919f919f919fa19fc1afe1cff1dff1dfe1dfd1cfd1bfd1bfe1bfe1cfe1dfd1efb1efa1df91df91df91dfa
192,41069363,-41,11,256,1,0,1,6aa00600f2fdebfce6fbe1fbdefcdcfddbfedcffde00e101e501ea01f100f8ff00ff07fe0efe14fe19ff1dff20002101210220031e050701000000000000000000000000000000000000fbfceef0eeefeeedeeecefecf1edf3eff6f1f9f4fdf901fd050209060d0a100e1311161318131a141a131a11180e150c11090c0608035300f710f711f811f910f910f80ff80ff810f810f811f911f911f910f80ff70ff60ff510f510f510f50ff50df40cf30af20af109f009f008f007fa02fe0000ffffff00ff00010004000dff0dfe0dfd0dfb0dfb0efb0efa0efa0efa0ef90df80df70df60ef60ef70ef70ef70df70df60df60df60ef70ff70ff80ff80ff80ef70e
193,41072754,-41,11,256,1,0,1,6aa0060007f60bf20eed10ea11e712e511e410e40ee50ce70aea08ef05f403fa0000fd06fa0bf710f414f116ef18ee18ed18ed16ed15fb0500000000000000000000000000000000000004fd12f714f715f816f916f914fa12fc0ffd0bfe06000101fc02f604f205ed07e908e70ae50be50ce50de70de90ced0bf109f606f9045700e9e6e8e7e7e8e8e9e8eae9eaeaeae9e9e7e9e6eae5ebe6ebe7ebe8eae8e9e8e7e8e6e8e6e9e6ebe6ede7f0e6f2e5f3e4f4e3f5e2f6e2f8e2fdf5fffc000001000000fdfef8fbebf4ecf2edf1eeefeeedeeecedebedebeeebefeaf0e9f0e8f1e6f0e5f0e5f0e6f0e6f0e7f1e7f1e6f0e6efe5ede6ece6ece7ece8ece8ece7
194,41078416,-41,11,256,1,0,1,6aa006000609090e0d121015121714181518151715151312110f0d0c09080404ff00fbfbf7f6f3f2f1eeefeaeee8efe7efe6f1e6f3e7fcf900000000000000000000000000000000000001040613051405160416031602140112010f000bff06fe01fefbfdf6fdf1fcedfbe9fae6f9e4f8e3f8e4f7e5f7e8f8ebf9effaf4fcf858001cf21cf11bf01af01af01af01af01bf01bef1bed1aed1aed19ee1aef1bf01cf01df01ef11df11df31cf51cf71cf91dfb1dfd1efe1d001d010a000300ff00fe01ff0001fd05f910ef11f011f213f314f415f416f417f417f417f518f619f71af81bf81cf81bf71bf71af71af81af81bf71bf61cf51bf41bf31bf31af31bf4
195,41079690,-30,11,128,1,0,1,1440014113250f24040e01fd0df31cdf1dc915bb10b511b114b81fbf2ac428cf1dd418d912e506f5f902ec08e40ce20ce009de09de07f701000000000000000000000000000000000000fb02e804def9d4f3c6efbbe7bae4bce6bfe3c0dfbbdebddecfe6e7edeef6f9030c1417241e3220422245223f204827582c672d6a325b
196,41080919,-41,11,256,1,0,1,6aa00600050a070f0a130d160f19111a121a1319121711140f110c0e080a0405ff00fbfbf7f6f4f1f2edf0eaf0e8f0e6f1e6f2e5f4e6fdf9000000000000000000000000000000000000000401140015ff16fe16fe16fd15fd12fd0ffd0bfd06fe01fefbfff6fff1ffecffe8ffe5fee3fde3fce3fce4fbe7fbeafceefdf3fef75b0021fd21fb20fa1ff91df91dfa1dfb1ffb20fa21f820f71ff61ef71df91ffc20fd22fd22fd22fc1ffd1dff1c021c051d071d091d0a1d0b1c0b09040201fefffe00ff0002fe07fb14f514f714f916fb17fd19fd1afc1afc1afc19fd19ff1a011b021d031e021d011c001b001a011b021c021e011f001efe1efd1dfc1cfd1cfe
197,41105938,-41,11,256,1,0,1,6aa00600000b01110216031a041d061f0720081f081d071b07170512030d0107ff01fcfafaf4f9eff7eaf7e6f7e3f8e2fae2fbe2fce3fff9000000000000000000000000000000000000fd04f511f412f313f213f212f211f30ff50cf709fa05fd0000fc04f706f309ef0aeb0ce80ce60be40ae409e407e606e904ed03f202f658001101110011ff10ff0fff0fff0fff10ff10ff11fe11fd10fd10fd10fe10ff110011001200110010000f010e020e030e050e050e060e070d0704020100ffffff00ff0001ff04ff0bfd0bfe0bff0b000b010c010d010d010d010c020c020c030d040e040e040e040e030d030d030d030e040e030f030f020f010f010f010f01
198,41111398,-41,11,256,1,0,1,6aa0060002f504ef05ea05e505e204e003df02df01e101e300e700ec00f200f801fe0105000c0011ff16fe1afd1cfc1dfb1df91cf91bfe0600000000000000000000000000000000000003fc0ff210f211f112f112f211f30ff50df70af906fc0200fe03f906f509f20cef0fed12ec14ec15ed16ee16f114f312f60ff90bfb075800f3f5f2f5f2f6f2f6f2f7f3f7f3f6f3f6f2f6f1f6f1f7f1f7f1f7f2f7f2f6f2f5f2f4f2f4f2f4f3f4f5f4f6f4f7f3f7f2f8f1f8f1f9f1faf1fefafffe000000000000fefffcfef5fbf5fbf6faf6f9f6f8f6f7f6f7f6f7f6f7f6f7f7f6f7f5f7f5f6f4f6f4f6f4f6f4f6f5f7f5f7f5f7f4f6f4f5f4f4f5f4f5f4f6f4f6f4f5
199,41119217,-41,11,256,1,0,1,6aa00600f200eb00e601e102de04db06db07dc08dd08e007e507ea05f004f701feff06fd0cfb13f918f81cf820f821f922fb21fd20fe07ff000000000000000000000000000000000000fafdebf4eaf3e9f2e9f1eaf1ebf1eef2f1f4f5f6fafafffd040109040e08130a170c1a0d1d0d1e0d1f0c1e0a1c08190714050e0309015a00f912f912fa12fb11fb11fb10fa10fa11fa11fb12fb12fc12fc11fb11fa11f811f812f812f812f811f70ff60ef50df40df30cf20cf20bf20afa03fe0100ffffff00ff00010004000dff0dfe0dfd0dfc0dfb0dfb0efb0efb0efa0ef90ef90ef80ef70ff70ff80ff80ff80ef80ef70ef70ef70ff810f910f910fa10f90ff90f
200,41121250,-41,11,256,1,0,1,6aa00600ff0bff11ff16001a011d021f03200420041e041b04170313020d0007ff01fefafdf4fceefce9fce6fde3fee2ffe100e202e300f8000000000000000000000000000000000000fd04f612f412f313f213f212f211f30ff50cf708fa04fd0001fc04f707f309ef0bec0ce90de60de50ce50ae609e707ea05ee03f302f758000f070f060f050f040e040e040e050e050f051004100310030f030f040f050f06100710070f060e060d070c070b080b0a0b0b0b0b0a0b090c03040001ffffffffffff01ff04000b000b010b020a040b050b050c050c050c050b050b060a070b080b080c080c080c070b070b070b080b080c080d070d070d060d050d060d06
201,41125493,-29,11,128,1,0,1,49977441e906f2fffd070211090c0203fc000007fe0efd0b000109f90ef905fbfdfbfefc02fafff7fbf6fdf5fdf5fdf8fffb020106080202000000000000000000000000000000000000fd04f40ffa0d060f0a110312020d01fbfdf3f8f9fafa05020b160612fafff6060117030af9f6f3f8f207f80a05fa01eaf6e307ee1f01
202,41127741,-41,11,256,1,0,1,6aa00600f4fdeefce9fbe5fbe2fce0fcdffddffee1ffe400e700ec00f200f8ffffff05ff0cff110016001a011c021d031d051c061b070601000000000000000000000000000000000000fbfdeff4eef2eef1eef0eff0f0f0f2f2f5f4f8f6fcfa00fe030207050b090e0c120e141016101810180f180e160c130a10070b0507035700fa0ffb10fc0ffc0ffc0ffc0efc0ffc0ffc10fd10fd10fe0ffd0ffd0ffc0ffb10fb10fb10fb10fb0ffa0ef90df80cf70cf60cf60cf50bf50bfc03fe0100ffffff00ff00010004000bff0bfe0bfd0bfc0bfc0cfb0cfb0cfb0cfb0cfa0cf90cf90cf80cf80df90df90cf90cf90cf90cf90cf90df90efa0efb0efb0efb0efb0e
203,41133027,-41,11,256,1,0,1,6aa00600fcf4fbeef9eaf7e6f5e4f3e2f2e2f2e2f2e4f2e7f4eaf6eff9f4fcf9ffff0305050a081009140a180a1a091b081c071c051b010600000000000000000000000000000000000000fa01ea02e903e804e805e905ea05ed05f004f503fa01ff0004fe09fd0ffc13fb17fb1afc1cfc1dfd1dfe1cff1900160012010c00086100defede00de01df02e102e101e101e000df01de03de05e005e104e102e000deffddfedcfeddfedffee1fce3fae3f7e3f5e3f3e3f2e3f1e4f1f6fafdfe000001ff00fffd01f703e908e906e903e801e700e5ffe4ffe4ffe4ffe5fee5fce4fae3f9e2f9e1f9e2fae3fbe4fbe5fae4f9e3f9e1fae0fbe0fde1fee1fee2fee2fd
204,41227378,-27,11,128,1,0,1,088cc0410008020a07050501fbfff502fb07040aff10f415f312fe0c0206fe03fc02fa00f8fcf9f8fdf7fffc0002020200fefdfbfdfdffff000000000000000000000000000000000000fe01f906fa02fbfbfefafefffffc00fdfd03fc03ff010104fd05f702f102ec03eb09f20cfb0901fe01fafb03fdfd07f306fafe0a0016
205,41229515,-40,11,256,1,0,1,6aa00600f5fdeffceafbe6fbe2fbe0fcdffddfffe0ffe300e701eb01f100f7fffefe04fd0afd10fc15fc19fc1cfd1dfd1efe1d001c010600000000000000000000000000000000000000fdfbf5eef5edf5ebf5eaf6eaf7ebf8edfaf0fcf4fef800fc03010606090a0b0e0e11101312141414151415131410120d0f0b0b080706c000f60df70ef70ef80ef80ef80ef80df80ef80ef80ef90ff90ff90ff80ff80ff70ff70ff60ef60ef60df60df50cf50bf40af30af309f208f208fb02fe0000ff00ff00ffff01fe04fb0bfb0afa0af90af80af80af70af70af70af70af60af609f509f50af50af50af50af50af50af50af50af50bf50bf60cf60cf60cf60cf60c
206,41230422,-40,11,256,1,0,1,6aa006000a021003150419041d031f02200120001eff1cff19fe14fe0eff08000201fb02f403ef03ea03e602e302e201e100e2ffe3fef8ff00000000000000000000000000000000000002040b100b120b130b140a1409130811060f040b0107ff03fcfef9f9f6f5f4f1f1eeeeececebebebeaeceaedebf0edf2f0f4f4f7f7fab20007f207f107f107f107f107f106f106f106f105f005f005f006f006f007f007f008f108f109f109f20af30af30bf40bf50bf60cf70cf80df804fd01ffff00ff00ff0000fe00fb01f402f403f403f404f405f405f406f406f407f407f407f408f408f408f408f409f408f408f408f408f408f308f308f308f308f208f208f2
207,41231304,-40,11,256,1,0,1,6aa00600f600f001ec02e803e504e405e306e407e508e808ea07ee06f304f802fdff03fd09fb0ef912f815f717f619f619f719f919fa06fe000000000000000000000000000000000000fcfdf1f5f0f4f0f2f0f1f0f1f1f2f3f3f5f4f8f7fcf9fffc030006030a050e08110a140b160b170b180a17091607130610040c030802b500f61df71df71cf81cf81bf81bf71bf71bf81cf91df91df91df91df91df71cf61df41df31df31cf21af119f017ef16ee15ec14eb13ea11e910f705fd0100fffffe00ff0002000701150015ff15fd15fc16fb16fa17f917f817f717f717f617f517f517f417f418f417f417f417f417f418f419f519f51af61af61af61af61a
208,41231816,-40,11,256,1,0,1,6aa00600f706f209ee0ceb10e912e814e815e916ea15ed14ef12f20ef60afa05fd0001fb06f609f10dee10ec12ea14ea15ea15eb15ec05fb000000000000000000000000000000000000fbffecfdeafce9fbe9fae9faeafaedfaf0faf4fbf9fcfefd03fe08ff0eff1200160019001cff1dfe1dfd1bfc19fb16fb12fc0dfd09fdb000071f081f091f091f091e091e091e091e0a1e0a1e0b1e0b1f0b1f0a200920082107210521042103200120001ffe1efc1efa1ef81df61df41cfb09fe0200fffffeffff010105060e120d130c140a160917081708180819071a061a061b051b041c031c031d031d031c031c031c021c021d031e041e051e061e071e071e071f
209,41241140,-40,11,256,1,0,1,6aa00600f401ef02e903e505e206e007df09e00ae20ae40ae709ec08f105f702fdff03fc09f90ff714f517f41af31cf31df41cf61bf706fd000000000000000000000000000000000000fbfdeef3edf2edf0edefeeefeff0f1f1f4f3f7f6fbf9fffc030008030c061009140b170c190c1b0c1b0b1b0a1908170613040e030a02b900fc10fd10fd10fd10fd10fd10fd10fd10fd10fe10fe10fe10fe11fe11fd11fc11fb11fb10fa10fa10f90ff80ef80ef70df60df50cf50bf40bfb03fe0100ffffffffff00010104020c010c000cff0cfe0cfe0dfd0dfd0dfc0dfc0dfb0dfb0efb0efa0efa0efa0efa0efa0dfa0dfa0efa0efa0efa0efb0ffb0ffc0ffc0ffc0f
210,41252608,-40,11,256,1,0,1,6aa00600f909f60ef413f217f21af21cf21ef31ef51df61af817fa13fb0dfd07ff0100fa02f404ee05ea07e608e40ae30be30be40ce503f9000000000000000000000000000000000000fb02eb07ea07e806e806e805e904eb03ee02f200f7fffdfd02fc08fa0df912f815f618f41af31af11af118f016f013f20ff40bf707f9c2001a121b121b111c111c101c0f1c0f1c0e1c0e1d0e1d0d1d0d1e0d1e0e1e0e1e0f1d0f1d101b111a121913181317131614151513161217101805090103fffffeffffff02000803170a160b160d160e150f1510141114121414141515151516141614171417141714171417141615161515161516151715181519141a141b14
211,41260141,-40,11,256,1,0,1,6aa006000aff0fff14fe18fe1bfd1cfb1dfa1cf91af917f814f910fa0bfc06fe0100fb03f605f107ed09ea0ae80be70be70ae709e808fa0200000000000000000000000000000000000002030b0f0b110b120a130a1309120711060e030b0007fe03fbfff8faf5f7f2f4f0f1edefebefeaefeaf0eaf1ebf3eef5f1f7f5faf8fbad0006e206e205e205e205e205e205e204e204e204e204e204e204e205e205e206e207e208e209e30ae40be50ce60de70ee90fea11eb12ec13ed07f902feff0000010000fffdfdf8fae9fce8fde8ffe700e601e602e603e605e505e506e407e408e409e409e40ae40ae50ae50ae509e509e509e408e408e408e307e307e307e3
212,41260465,-40,11,256,1,0,1,6aa0060008080b0d0f101212161318141a141a121911170e130c0f090b0605030000fafef4fbeff8ebf5e8f3e7f2e6f1e6f0e7efe9effafb000000000000000000000000000000000000ff05ff15fe16fd17fc18fb18fb16fa14fb10fb0cfb07fc01fdfcfdf6fef1feecfde8fde5fce3fbe2fae2f9e3f9e6f9e9faedfbf2fdf6ae001bee1bee1bed1bed1bed1bed1aed1aed1aed1aed1aed1aed1bed1bed1cee1cef1df01df11df31df41ef51ef71ef91efb1efd1d001d021c030a010200ff00ff01ff0001fd04f70be80de90eea10eb11ec13ec14ec15ed16ed17ee18ee19ef1af01bf01bf11bf11bf11bf11bf11bf11af11af01af01bf01bf01cef1cef1cef
213,41262356,-40,11,256,1,0,1,6aa00600fff400ee00e900e5fee2fde0fcdffbe0fae1fae4fae8fbedfcf3fef800fe0205040b061007150818081a081c071c061c051b010600000000000000000000000000000000000003fc10f312f213f214f314f314f512f60ff80cfb08fe0301fe04fa07f60bf30df010ee13ed15ed17ee17ef17f116f413f610f90bfb07be00effeeffdeffdeffeeffeeffeefffefffefffefffefffefffefffeeffeefeeffeeffdeffdf0fcf0fbf0fbf1faf1faf1f9f2f8f3f7f4f7f5f6fcfcfefe000000ff00fffe00fb01f303f302f202f201f200f200f2fff1fef1fef0fdf0fdf0fcf0fcf0fcf1fbf1fbf1fbf0fbf0fbf0fcf0fcf0fcf0fcf0fcf0fceffceffceffc
214,41297588,-40,11,256,1,0,1,6aa00600060a0a100d151019131b151c171c171c171a151713130f0f0a0b05060001fafcf5f6f1f1ededebe9eae6eae5eae4ece3eee4fbf9000000000000000000000000000000000000ff05fe17fd18fc19fb1afb19fa18fa15fa11fb0dfc07fd01fefbfff500ef00ea00e500e2ffdffedefddefcdffbe2fbe6fbebfcf1fdf6bf0010f910f910f811f811f811f710f710f710f710f710f710f711f711f711f711f812f812f912fa12fb12fc12fd12fe11ff110011011103100406010100ffffff00ff0001fe03fc0af70af70bf80bf80cf90cf90df90dfa0efa0ffa0ffb0ffb10fb10fc10fc10fc10fc10fc10fc10fb10fb10fb10fb10fb10fa10fa11f911f9
215,41300679,-40,11,256,1,0,1,6aa00600010a020f04140518071b081c091d091c091a091808150711050c02060000fefbfcf5faeffaebfae7fae5fbe4fce3fde3ffe4fff9000000000000000000000000000000000000ff04fe13fd15fb15fb16fa15fa14fa12fb0efc0afd06fe0100fc01f703f204ed05ea05e705e504e403e402e501e700eaffeefff3fff7ba001c041d041d031d021d011d011d011d011e001e001eff1eff1eff1e001e001f011f021f031f041e041c051b061b081b091a0b190d180e171008050202fffffe00ffff02ff07ff16fe15ff1501150216041705170517061706180718081809180a190a190a190a1909190919091909190919081a071b071b061b061c051c05
216,41313479,-40,11,256,1,0,1,6aa00600f5ffefffeaffe6ffe300e101e002e102e202e503e803ed02f201f800fe0004ff0aff10ff150018011b021c031c041b0619070601000000000000000000000000000000000000fbffecfcebfaeaf9eaf8ebf8ecf8eff8f2f9f5fafafcfefe030107030c0510071408170919091a091a081a071806150411030c020801c400f61cf71cf71cf81cf81cf81cf81cf81cf91cfa1dfa1dfa1dfa1df91df81df71df61ef51df41df41cf31bf219f018ef17ee16ec15eb13ea12f806fd0100ff00fe00ff0002ff07fe15fd15fb15fa15f815f715f616f616f517f516f416f316f317f217f217f217f217f217f216f317f317f318f319f419f51af51af61af61b
217,41328449,-30,11,128,1,0,1,f8844f4101fd010605070c040d040205fb0100fb04fa04fe070207fd01f5fcfa0005030a01070206080205fbfdf7fdfafefffc00fdfdffff0000000000000000000000000000000000000100060105fe08ff0a010a020706030501ff0bff0f0000fdfaf7fcf4f7faf3fef9fe0002fc0af40bf004f401fa08f90afb07080a130f
218,41329740,-29,11,128,1,0,1,5ddaa5410501ff0b04060bf907f500f803f103ef00feff07fd01f8fcf8fd030309060401fffcfafcf9fcfcf6fdf400fc0001fefefffdffff00000000000000000000000000000000000002fd03fcf901fffa07f1fff1fbf7fffc00fffbfffafb03fc09020101fe000a050701fdfcfef5f9edf6f5fafcfdf7fbf4f4f9f3fdf5fe
219,41349368,-40,11,256,1,0,1,6aa0060006f609f20bed0dea0ee70ee50ee40de40be509e708ea06ef04f402f9fffffd05fa0af70ef512f215f016ef17ee16ee15ee13fb0400000000000000000000000000000000000003fc0ff110f111f212f212f311f510f60df90afb06fe0100fc03f805f308ef0aec0cea0ee90fe810e911eb11ed10f00ef40cf808fb05bf00eee9ede9ece9eceaebeaebebebebeaebe9ece9ece8ede8ede8ede8ede9ece9ebe9eaeaeaebe9ece9ede9efe9f0e8f1e8f2e7f4e6f5e6f7e5fdf6fffc000001000000fdfef9faeef0efeff0eef1ecf2ebf3eaf3eaf3e9f3e9f4e8f4e7f4e6f5e6f5e6f4e6f4e5f4e6f5e6f4e6f4e7f3e6f2e7f2e7f1e7f0e8efe8efe8efe8
220,41357802,-39,11,256,1,0,1,6aa00600fe0dfe14ff19ff1e00210123022303220320041d03180313020d020601ff01f801f102eb03e604e205e007df08e009e10ae302f800000000000000000000000000000000000000050017ff19fd1afc1afb19fb17fb14fb10fb0bfd05ff0001fa03f405ef06ea07e608e308e107e006e005e204e403e801ed01f300f8c9000f050f040f040f031003100310021002100210011001100110011001110211021002100310030f030f040f040e050e050e060d070d080c0904030101ffffffffffff010004000c010c020c030c040c040c050c050c060c060c060c070d070d070d080d080d080d080d080d070d070d070d070e070e060e060f050f050f05
221,41371576,-40,11,256,1,0,1,6aa006000b08100b150d190f1b0f1e0f1e0e1e0d1c0b1909150710040b030401fefef8fcf2f9edf7e9f5e6f2e4f1e4f0e4efe6efe8effafb00000000000000000000000000000000000003040c120c130b150a15091508140612040e020aff05fd00fbfbf8f6f6f1f5edf3e9f1e7f0e6eee6eee7eee9efecf1eff4f3f8f7fbfbc0001aee19ed19ec19ec19ec19eb19eb19ea18ea18e917e917e917e918e919ea1aeb1aeb1bec1bec1bed1bef1bf11cf31cf41df61df81dfa1dfc0afe0300ff00ff01ff0001fd05f810ec11ec12ed13ee15ef16f017f018f019f11af21af21bf31bf31cf31cf31cf31cf41cf41bf41bf31bf21bf11bf01bf01bef1bef1bef1bef
222,41407395,-40,11,256,1,0,1,6aa00600fff1ffebfee6fde2fcdffadefaddf9def9e0f9e4f9e8faeefcf4fdfaff010008010f01150119011d001ffe20fd20fc1efb1dfe0700000000000000000000000000000000000000fa02e903e804e705e706e806ea06ed05f104f603fb0101ff06fc0bfa10f914f818f71bf71df81ef91dfa1cfb19fd15fe11ff0bff06bd00effdeffeeffeeffeeffeefffefffefffefffef00ef00ef00ef00efffeeffeefeeefeeffdeffceffcf0fbf0fbf1faf1faf1f9f2f8f3f7f3f6fbfcfefe000000ff00fffe00fb01f302f301f300f3fff2fef2fef2fdf2fdf1fdf1fcf1fcf1fcf1fbf1fbf1fbf1fbf1faf1faf1fbf1fbf1fbf1fcf1fcf0fcf0fcf0fcf0fdf0fd
223,41417453,-29,11,128,1,0,1,144001410c000700fe01f4feeffbeaf8e8f7e9f3e5f2e2f6e3f5e6f2ebf3eef5eef5f1f8f6fbfbfeff0101060408070a070d080e080e0203000000000000000000000000000000000000fe00f701f302ef03eb04e603e302e201e200e200e301e601e903ef05f804ff0202020a0217051f08220727052b062b092b082606210a
224,41457817,-40,11,256,1,0,1,6aa00600ff0d00130118021c031f042005200620061e061b05160411030c010500fffef8fdf2fdecfce7fce4fde1fee000e001e102e200f8000000000000000000000000000000000000fe05fa16f816f716f616f515f513f610f70df909fb04fefe01f903f406f007ec09e80ae50ae309e308e307e406e704ea03ef01f401f9ba0010ff0fff0fff10fe10fe0ffd0ffd0ffd0ffd0ffd10fd10fc10fc10fd10fd10fd10fe10fe10ff10ff0f000f000f010f020e030e040e050d0604020100ffffff00ff0001ff04fe0cfc0cfd0dfd0dfe0dff0dff0d000d000e000e010e010e020e020e020e030e030e030e030e020e020e020e010f010f010f010f0010001000
225,41458588,-40,11,256,1,0,1,6aa00600fb0bf910f915f818f81bf91df91dfa1dfb1bfd18fd15fe10ff0bff0500ff01f902f304ee05ea06e708e609e50ae50be60be802fa000000000000000000000000000000000000fd04f410f311f210f110f10ff10df20bf508f705fa02fefe02fb06f709f40cf10eee10ed11eb11ea10ea0eeb0cec0aef07f205f603fabd001b0b1b0a1b0a1b091b081b081b081b081c081c071c071c061c061c071c081c091c0a1b0a1b0b190c180d170e160f1610151113121213111406070102fffffeffffff020008001702160316051606160816091709170a170b160c160d160e160f160f160f160f160f150f150f150e160e170e170d180d180c190c190c1a0b
226,41480837,-40,11,256,1,0,1,6aa00600f302ed04e905e507e309e20ae20be30ce50ce80cec0bf008f505fa02fffe05fa0af70ef412f115f017ef19ef19ef19f118f206fc000000000000000000000000000000000000fcfceff2eff1efefefeef0eef2eff4f0f7f3faf5fef802fc050009030d071109140b170c190c1a0b1a0b19091707140610040b020602b900fd20fe20ff200020002000200020001f012001200220022001200020ff21fe21fd21fc21fb21fa20f81ff71ef51df41cf21bf01aee19ed18f908fd0200fffffeffff010203080a17081807180519031a021b021b011c001cff1dfe1dfd1efc1efc1efb1efb1dfb1dfb1dfb1dfb1dfb1efb1efc1efc1efd1ffe1ffe1ffe20
227,41490582,-40,11,256,1,0,1,6aa00600f708f40cf110ef13ee15ee17ee18f018f117f415f612f80efa09fd04ffff02f905f407f00aec0be90de80ee70ee80fe90fea03fa000000000000000000000000000000000000fb00ec03eb02ea01ea01eb00ecffeefef2fef6fdfafdfffd04fc09fc0dfb11fb15fa17f918f819f819f717f715f711f80df909fb06fdb500101810181018111811181118111811181217121712171217121711181119101a0f1a0e1b0c1b0a1b091b071b061b051b031b011bff1cfe1cfe0aff03fffffeffffff02010704140c130d120e110f111010110f130f140e150e160d170d170d180d180c180c180b180b180b180b190c190c190d180d180e180f180f181018
228,41517662,-40,11,256,1,0,1,6aa00600fdf5fdeffbeafae6f8e3f7e1f5e1f4e2f4e3f4e6f5eaf7eef9f3fcf8fffd030306080a0d0c120d150e180e190e1a0d1a0c1a030600000000000000000000000000000000000003fc0df00fef11ef11ef12f011f210f40ef60bf907fd0301ff05fc08f80cf610f313f216f218f219f31af419f617f815fa11fc0cfc08ac00dffedffedffedfffdfffdfffdfffdfffdfffde00de00de00deffdeffddfeddfdddfcdefbdef9dff8e0f7e1f6e2f4e3f3e4f1e5eee7ece8ebf7f8fdfd000001ff00fffd01f704e80ae709e607e505e403e402e301e200e200e2ffe1fee1fde1fce1fbe1fae1f9e2f9e2f9e2fae2fae2fbe2fbe1fbe1fce0fce0fce0fcdffc
229,41519350,-40,11,256,1,0,1,6aa00600f8f8f4f4f0f1eceee9ede6ede5ede5eee6f0e7f2eaf4eef7f2f9f8fbfefe04000a0310051408170a190b1a0c1a0d1a0e180f0603000000000000000000000000000000000000fffaffea00e901e802e803e804ea04ec04f004f404f903fe03040209020e021202160319041b051c071c071a081707140610040b0208b100e30fe310e310e310e310e410e410e410e410e410e411e411e310e310e20fe10ee00ddf0cdf0be009e107e105e103e101e1ffe1fce1fae2f8f5fdfcfe000000fe00fffe02fb08f217f115f014ee13ed12eb12ea12e911e811e810e70fe60ee50ee40de40de40ce40ce40be40be40be40be40ce30de30de30ee30ee40ee30e
230,41532960,-28,11,128,1,0,1,3990034116020ef209ed03f600f9f4faf201020608020b040c090909090308fe05030506070003fbfbfbfdfe05ff0400fd02fd05fe0aff030000000000000000000000000000000000000000ff00fcfc03f808f10af408fff7fbeef3f6fbfe07010e0016fe14fc0cfb0704f90df4fffdf408fc0f0211fc06f8f5fef302fdfe0f
231,41535266,-41,11,256,1,0,1,6aa006000afe10fc16fb1bfa1ef820f620f520f41ef31bf418f513f70ef908fc0200fc03f606f008eb0ae70be40ce20ce10ae109e207f8010000000000000000000000000000000000000402130a140c140d150e140f120e100d0d0c090a05070003fb00f6fcf2f9eef7e9f5e6f4e4f4e2f4e2f5e3f7e4f8e7faecfbf1fcf6fdb00001ee00ee00ee00ee00ee00ee00ee00eeffeeffeeffeeffee00ee00ee01ee01ee02ee03ee03ee04ee05ef06ef06f007f108f209f20af30bf404fb01feff0000000000fffefdfbfaf3fbf3fcf2fdf2fdf1fef1fef1fff1fff000f000f001ef01ef02ef02ef02ef02f002f002f002f002f002ef02ef01ef01ef01ef01ee01ee
232,41546508,-40,11,256,1,0,1,6aa0060008060c0a110c150e180f1a0f1b0e1c0d1b0b180a150811060c0406030001fafff4fdeffbeaf9e7f8e5f7e4f6e4f4e5f3e6f3f9fc00000000000000000000000000000000000000050214021501170017ff17fe15fe13fd10fd0bfd07fd02fcfcfcf7fcf2fbedfaeaf9e7f7e5f6e4f5e5f4e6f4e9f5ecf7f0faf5fcf8b40016eb16ea16ea16e916e916e915e815e814e814e814e714e714e715e716e717e817e918ea18eb19ec19ed19ee1af01af11bf31bf61cf81cfa0afe03ffff00ff01ff0001fd04f80cea0dea0eeb10ec11ed12ed13ee14ee15ee16ee17ef17ef18ef18f018f018f118f118f018f018f018ef17ef17ef17ee17ed17ec17ec17eb
233,41547408,-41,11,256,1,0,1,6aa00600f4ffee00ea00e601e303e104e005e106e306e506e906ed05f304f901ffff05fd0afb10fa14f918f91bf81cf91dfa1cfb1cfc06ff000000000000000000000000000000000000fbfdeef4eef2eef1eef0efeff1f0f3f1f5f3f8f6fcf900fc040008040c07100a120c150d170d180d190c180b1709140710050c040702b600f81ef81ef81ef81ef91ef91ef91ef81df91df91df91ef91ef91ef81ef71ef61ef51ef41ef31df21cf01bef19ed17ec16ea15e913e812e711f706fd0100fffffeffff010202080617041802180118ff19fe1afc1afc1bfb1bfa1bf91bf81bf71bf61bf51bf51bf51bf51bf51af51af51bf61bf61cf71cf71cf71cf71df71d
234,41551682,-40,11,256,1,0,1,6aa00600f6f7f2f4eff1ebefe8eee6eee5eee5efe6f1e8f3ebf5eff8f4fafafdffff05020b050f08130a160c180d180f1810171015100504000000000000000000000000000000000000fefbfbebfbeafce9fde8fee9ffea00ed01f001f402f902fe03040309040e051205160619071a091a0a190a180a150912080e050a0306c100e50fe50fe510e611e611e711e712e712e712e712e712e813e813e713e713e613e512e511e510e40fe40de40ce40be409e307e305e303e301f500fcff00ff01fe00fffe02f906ee12ed11ec10eb0fea0ee90de80de70de70ce60ce50be40ae40ae409e409e409e409e409e409e40ae40ae40be50be50ce50de40ee40ee40e
235,41559180,-41,11,256,1,0,1,6aa00600f3ffeeffeaffe600e301e102e003e104e304e505e905ed04f303f901ffff05fe0bfd10fc15fb19fb1bfb1dfc1dfd1dfe1cff0600000000000000000000000000000000000000fbfdedf4edf3edf1edf0eef0f0f1f2f2f5f4f9f6fcf900fd040108040c07100a130c150d170d180d190d180b160913070f050b030802b900f81cf81df81df91ef91efa1dfa1dfa1dfb1dfb1efb1efb1efb1efb1ffa1ffa1ff91ff81ff71ef61df41cf31cf21af119ef18ee17ec16eb15f807fd0200fffffe00ff000200090019ff19fd19fc19fa19f919f819f71af71af61af51af41af31af31af21af219f219f319f319f31af31af41bf41bf51bf51cf51cf61cf61d
236,41561457,-40,11,256,1,0,1,6aa00600020b031005140618081b0a1c0b1c0c1c0c1a0b170a14080f060b03060000fdfbfaf5f8f0f6ebf5e8f4e6f5e4f6e4f8e3f9e4fef9000000000000000000000000000000000000fe04fa14f915f815f715f615f613f711f80df909fb04fd0000fb02f604f105ed06e907e706e505e404e403e502e701ea01ee00f400f8c1001dfb1dfa1df91df91df81df81df71cf71cf61cf61df61df61df61ef61ef61ef71ef71ef91efa1efb1efc1efd1dff1d001d021c041c061b0809030201fffffe00ff0002fe08fc17f617f718f818f918fa19fb19fc1afd1afe1bff1cff1c001c001c011c011c021c021c011c011c001cff1cff1cff1cfe1dfe1efd1efd1efd
237,41611773,-29,11,128,1,0,1,14400141e7dbf5eff402ec0be919ed29f337f940fb46f54cf449f944f448eb43ef32f823fd16030a09fd0df512f316f118ee1bf01ef107fc00000000000000000000000000000000000003ff13fd1ffc29fc30fd39fd3cff3a023804370a380e340f29131e110f05fcf6f0e9e7dae1d2e0d0dcc5d6b4d5b0d5bacdb4c2adc2b8
238,41637384,-30,11,128,1,0,1,4ddff441fb0e0309050402ff00f708f30af601fd000aff12010f0106fefb05f90d000b050105fa01f403f307f608fc0705030503fb04fd0000000000000000000000000000000000000003020503f9fcf8ff04040a090407fbfbf7f4fef503f400f7fd01fe05000304fe01fdff070113030d0cfd15f814f114ec0ff504fe01fe
239,41776271,-30,11,128,1,0,1,1440014138f11ff808f9fefceff5d5eec5f1c0efbde7b9e5b5ecbceac7e2cde5d2edddf4ebf9f9fe03050b0e0f1613181419131b111c0407000000000000000000000000000000000000fe03f614ef22e92be431e13adf40dc3ddd38db36d537d43ae02df017fd0f0a0710ff20fc33f83af143e745dc48d85adb66d65ed44de4
240,42355179,-32,11,128,1,0,1,baaffb41f2ee02f801feeb05e705fafc0bf10ff70706f802f3f600f9090104ff00fd00fcfcf9fffb09030a0406020305fd04fdfcfff8fffe000000000000000000000000000000000000fffffe01030505070706070205fe07f707f305f505f800fef806f90201fc0a020409f80efa1202130a0615f011eb05f70bfa11f70102
241,42455985,-27,11,128,1,0,1,4dddd441f3f2f70a0010030603fe02030406fd07f609fd02ff0002050803fffdf8fdfafbfff202f5fffbfcfbfffc01fefffefcfdfefa00fe00000000000000000000000000000000000001fd04f900fefc04fc0bfa0dfd03fffdfefe04000706f908ed01effaeff7f0f9f9fefd06f90df40ff205f9ff0104fc04f606f608f5ff
242,42464005,-28,11,128,1,0,1,1440014110fa07fcfdfdf6fbf1faedf9e8f7e2f3e2efe4ece5eee5f3e8f3edf4eff8f1f9f5faf9fdfc00ff040108000b000d000f0010000400000000000000000000000000000000000000010008000b000fff12ff15fd19fb1df91ef91cf719f715fc11000c0106030008fd0efa13f718f31cee23ec23ed20f121f31ff01def
243,42524570,-29,11,128,1,0,1,16677141f707fd0308030cfc05f701f804fb030206030bfd0efa09f9fbf6f7f1ffef02f7fffd00fe03000201fffefffc02fb04fe04040101000000000000000000000000000000000000fe00ff000403010afa0efd0d08081004110a0c12090708f803fa02000505060502fefcfcf702f805f7fdf700f40bea04ef00fc02f7f3
244,43068758,-33,11,128,1,0,1,7bb33741ff06070107071013151006090008070afc0aec05f703fe04f7fcfafafe0df812fa0009fa0b010108040308fb01fdf901f602fd00000000000000000000000000000000000000fc02f306f5fffbfa01f809fb0c020806ff05f904fcfaf6f8e606e50bf205f200ebfdeb02eb0cf008f501fb020d041201fa02df08ce16
245,43123831,-28,11,128,1,0,1,14400141121c09110d050bfafff0f7def6cbf6bef6b8ffb404b401bcfec1fcc0fecbffda01e801f7fc03f80cf412ef15eb18e81be61bf906000000000000000000000000000000000000fcffedfddff8d4f4cfefc9edc4edc2ebc2e8c3e8c6e5c9ded1dbdfe6f1f9fd090514131c1b281b351d391e38214224512d553a533d4e
246,43174547,-29,11,128,1,0,1,7bbdd741f607faf1fbe8fdf6000306fe09fd080508060a0109ff030100fd07f90dfd0e000bff06fa05fb0303fd030001030000fcfafafefe00000000000000000000000000000000000001000303010500000600070801040bf60ff200f9f8f8fef606f80cf60ff81004180619f709f3fff9faf5faf200f702eefae0f3ddfcd4
247,43193404,-29,11,128,1,0,1,14400141fd26f81ffe1504fd08e414d421cb29c329bd1db714b81cbc24be23c31fd017e110ea09f3fb02ef0de711e40ee20bde0bdc08f701000000000000000000000000000000000000fdfef3f4ece1e6d1e1caddc5ddc2dfc5e4c9e8cae6c6e3bee5beedd5f6f6fa0bf917fa2afd36f93af948fb5bf965fb6afc6cfd5efd4d
248,43559853,-26,11,128,1,0,1,14400141f000f4fffdfe09ff0d0713071a041a071c0a20091e081b071b06170613070e05090206ff01fdfcfafaf8f7f6f6f5f6f4f6f2fdfc00000000000000000000000000000000000001fe05f806f507f20aef0eed11ea12e912ea13eb12ec0fef0cef08f201f7fbfcf703f406f206ec06e004db04dd07db09d90bdb0bda0b
249,43684113,-29,11,128,1,0,1,14400141250015f80af8fff7f7ebeddedcd4d0d5cddbced8d2d1d6cfd5d2dad7e6e0eeecf3f5f7fffc07000d0015001a011e012001220008000000000000000000000000000000000000fc01ef05e808df0cd810d211ce0ecb0aca07ca09cb0bcd09d406e000ed00fd0208fe120024022f06330e3d154a205323521d4c1e4d22
250,43787282,-27,11,128,1,0,1,600ff64107f200fb010206fe04f9fafdf604f808fd0d0410080f0a040afa09020308fb01fcfdffffff0100ff00feffff03ff02fefafcfdfe000000000000000000000000000000000000fefff902f705f802fbfdfffe0001fdfdff01050303fdfefdfefcfefefe00ff00fefe01fdfffef7f6fcf006f80008f60ffd080d031606
251,44196070,-30,11,128,1,0,1,0cc11041fbff08000c08040c080116f817f20bf003f807ff0afd02fcf9fbf9f803fe06040000fcf801f604f904fe03020005fa03f800feff00000000000000000000000000000000000001fe06f804f8fdf7f8fbf606ff0f0e0b12020df909f205eff8ebf3ecfbf8fa09000e120714fd08f708041712190c0608f204edfdfcff
252,44607516,-28,11,128,1,0,1,cddffc41010b070bfe05ee02f004020509080408f801f6fe010105fe0700080302010108090707fdfdfafaf9fafdfe0104020302010000000000000000000000000000000000000000000001fe04fe06ff08fb0bf708f9fcf8fcf308f207f602f705fa01fffb05ff030304fd02f9fffd020001fafef2ffeefcf5eb01e506f10b
253,45842158,-29,11,128,1,0,1,14400141f001f901fffe03fc0cfc13f616f119f019ed18eb19ef17f312f60ff70ef60bf608f803fbfefefa00f703f404f205f106f006fc0100000000000000000000000000000000000001ff08fe0bfd0ffc14fa16f818f61bf61df81df91af818f712f90aff0400fefef6fcf0feeb06e409de08dc0ddc14d813db0ede0dd70d
254,45906254,-30,11,128,1,0,1,8ffaa84106f412f30cf3fdf3fbf1fbf4fafafcf9fdf6fbfbf2fbf4fb02010205fd01fdfffc02fa00fcfc02fd05fc03fa06fd09010601000000000000000000000000000000000000000001fc02f4fdfefb05fd04fd07fc070105040806090d060ffe0afa0aff090109f500edf8f402f50bfb060dff15f60ef206fb0002fc02f5
255,46523958,-72,11,128,1,0,1,0aa00041f938fd51f864f271f93af9f0fc23066f083c05f8012b044d10211fff33f03ae234d439d533de2ddc3fd851dc53e643f633fb0bfe00000000000000000000000000000000000003fd10ed12e713ed1bea1fe01fe11fe70beafefcfd05d7f4b9ecb0eeaae5b0d3b2c3b1bfa3bdacc0c8c1c2bacbcbe2e2e8e9f3fafc0e
256,46758410,-31,11,128,1,0,1,b2299b41040b0610fd03f1ffee02f90302030300fe02ff060b000cf70afb0a0004fb00fe050809080101fafefa00fa03fc03fffe04f901fd00000000000000000000000000000000000003fe08fb03fc04ff06000bfd0dfa0900070204f905f60501fd04f9fdfbfafff906fa05000000fe04f90fee11e907f8f908f208ef01ed
257,47214677,-30,11,256,1,0,1,40055441f60dfc07010107fc0bf70ff312f015ed16ec17ec17ec16ed15ef12f10ff40bf707fa03fdfffffb00f701f402f202f102f002fc0000000000000000000000000000000000000000fe00f700f300ef01eb02e803e504e405e406e406e606e905ed03f201f8fefefa04f70af310f115ee1aec1dea20e921e821e920eb1ec500eafdee02ee01ee01ef01ef00f001f001f002f102f102f202f202f201f201f301f301f301f501f500f5fff600f700f7fff700f8fff8fff8fe0000000000000000000000000000f703f702f601f501f501f401f401f301f301f200f1fff1fff0fff0fff1fff0fff0fff0feeffeefffef00ee00ee00ee00ed00ed00eb00ea02
258,47219794,-30,11,256,1,0,1,400554000610040702ff01f7ffeffee9fde4fde0fddefdddfdddfedffee1ffe500ea00ef00f5fffbfe00fd05fc09fa0bf90ef80ff70ffd03000000000000000000000000000000000000fefef8f9f5f7f1f4eef1ebeee9ebe8e9e9e8eae8ece9eeebf2eef5f3f9fafd000007040e07150a1b0c210e250f28102a0f2b0f2a0e27ce00ee0ef30ff20ef30ff30ff30ef50ef50ef50df50df50cf60cf60bf60cf60bf60bf60af609f608f708f707f707f807f805f805f904f804f8030000000000000000000000000000fd0afc0afb0afb0afa0bfa0bf90bf80cf80cf70cf60cf60df50cf50df40df40df30df40df30df30ef40ef30ff30ef30ff20ff110f111f112
259,47224966,-30,11,256,1,0,1,40055400fe100008020005f907f209ed0be80ce40de20de10de20de30ce60bea09ee07f204f701fbfefffb02f805f607f408f209f109fc02000000000000000000000000000000000000fffefbf7faf4f8f0f7ebf6e8f6e5f6e3f7e2f8e2f9e4fae7fbecfcf2fdf8fdfffd07fc0efc15fb1bfb21fa25fa29fa2af92af929f927cf00ea02ee06ee05ee07ee06ef06f006f106f106f106f206f206f306f306f306f405f405f405f404f504f503f603f703f703f702f802f702f8010000000000000000000000000000f705f604f603f503f503f403f303f303f203f203f103f103f003f003f002ef02ef02ef03ee03ee04ef04ee04ee04ed05ed04ec05eb06ea08
260,47237579,-30,11,256,1,0,1,40055400f1faf8feff0105050b080f0a130c160e180f1910180f170f150e120c0e0a0a070704030100fefdfbfbf8f9f6f8f4f8f3f8f2fefc00000000000000000000000000000000000001ff08ff0bfe0ffe13fe17fe19ff1b001b011b011902160212020c0106ff00fefafcf3faedf8e8f6e3f5dff3dcf2dbf1dbf1dcf1def2c400feecfbeffceffbeefbeffcf0fbf1fbf1fcf1fcf2fbf2fbf2fcf3fcf3fcf4fdf3fdf4fdf4fef5fef5fef6fef7fff6fff7fff8fff800f801f80000000000000000000000000000faf8faf8faf7fbf7faf6fbf6fbf5fbf4fbf4fbf3fbf3fbf2fbf2fcf1fcf1fcf0fcf0fcf0fcf0fcf0fcf0fceffceffbeefceefbedfaedfaed
261,47249155,-30,11,256,1,0,1,40055400f0fef800ff0206040c061108150a180b1a0c1b0c1a0c190c170b130a10080c060703030000fefdfbfbf8f9f6f8f5f7f3f7f2fdfc00000000000000000000000000000000000001ff08fc0afa0ef912f816f718f71af71bf81bf919fa16fb12fc0cfd06fdfffdf9fdf2fcebfce6fbe1fbddfadafad8fad8fadafadcfad100f8ecf7f1f8f0f6f0f7f1f8f1f8f2f7f2f8f3f8f4f8f4f8f4f9f5f9f5f9f5f9f5faf6faf6fbf6fbf7fbf7fbf8fcf7fcf8fcf8fdf8fdf9fef90000000000000000000000000000f8f9f9f8faf8faf7f9f7f9f6f9f6f9f5f9f5f9f4f9f3f9f3f9f3f9f2f9f2f9f1f9f1f9f1f9f1f9f1f8f1f8f0f8f0f7f0f8eff7eff6eef5ee
262,47264301,-30,11,256,1,0,1,40055400ef00f701ff0306050c08120a160c190d1b0f1b0f1a0f190f170e130d100a0c070804040101fdfffafdf7fbf4fbf2fbf1fbf0fefc00000000000000000000000000000000000001fe06f908f70bf40ff112ef15ef17ee18ef18f017f215f411f60cf805fafffcf8fdf1feeaffe400df00daffd7ffd5ffd5fed7fedafece00f6ecf6f1f7f1f5f1f6f2f7f1f7f2f6f2f7f3f7f4f7f4f8f5f8f5f8f4f8f5f8f5f9f6f9f6faf6faf7fbf7fbf7fbf7fcf8fcf9fdf9fdf8fef90000000000000000000000000000f8faf9f9f9f8f9f8f8f7f8f7f8f6f8f6f8f6f8f5f8f3f8f3f8f3f8f2f8f2f8f2f8f2f8f1f8f1f7f1f7f1f6f0f6f1f6f1f7f0f6eff5eff4ef
263,47270962,-30,11,128,1,0,1,55566541f9fafcff05070d0414f50af106fa14fc1bf314f40f001304100307fd05f602f6fbf8fcfcf901f402f5fdf8fcfc03000501050001000000000000000000000000000000000000fcfff5f9fef702fe0005040502fbf7f2faf808020d060308faff04f70cfc07fef900e60de21ded1afd0402f6f4eff1e302e80e011216
264,47277336,-30,11,256,1,0,1,40055400f1f7f7fdfd020308080d0c110f151218131a131b131a11190f180d150a11070d0508030301fe00fa00f6fff3fff100ef00ee00fb00000000000000000000000000000000000002ff09fd0dfd11fc16fc1afc1dfd1ffe1fff1f011d01190115010f0008ff01fcfafaf3f7ecf4e6f1e1eeddecdaead9e9d9e8dae9dbeacf0006eb03ed03ec02ec01ed02ed01ef01ef02f002f002f002f001f102f101f202f303f303f303f403f403f503f603f603f803f804f804f804f90000000000000000000000000000fbf6fcf6fcf6fdf5fdf4fef4fef3fef2fef2fef1fff0fff000f001ef01ef01ee01ee01ed01ee01ee01ee02ed02ed02ec02eb02ea01ea01ea
265,47301624,-30,11,256,1,0,1,400554000efc06fdfefef7fff1ffec00e800e400e200e200e200e400e600e900ee00f200f700fc000001040207020a030c040d050d060301000000000000000000000000000000000000fe01f905f607f309ef0bec0cea0de80de70ce70ce80aeb09ef06f404fa03000106ff0dfe13fc19fb1dfa21f924f826f726f824f821f9c9000c0f0d0a0c0b0d0b0d0a0b0b0b0a0c0a0b090b080a080a07090709070a070a0709070807080607060606060606060505050505050405030500000000000000000000000000000804070507050706080608060907090708080909090a090a090b0a0b090b0a0b0a0b090b0a0c0b0b0b0b0c0c0b0c0c0b0c0d0c0d0e0d0f0d
266,47310808,-30,11,256,1,0,1,40055441f8f0fbf9fd010009020f0315051a061e062006210620061f051c04190314020f0109010401fe01fa02f603f304f104ef05ef01fb000000000000000000000000000000000000010108050b070e0a120d14101612171416161516131511130e0f0a0a050501fefdf8f9f1f6ebf3e5f0e0eedcedd9ecd7ecd7edd8eddac20012f20df10ef10df00cf00cf20af20af30af40af30af30af309f309f408f508f509f609f609f708f708f807f807f907fa07fa06fb07fb07fc000000000000000000000000000003f604f604f606f606f507f507f509f409f409f30af40af40bf40bf40cf40cf30df30df30cf30cf30cf30df20df20ef10ef00eef0eef0eee
267,47322211,-30,11,256,1,0,1,40055400f0fdf8ffff0106040c061108150a180b1a0c1b0d1a0d190c160c130a10090c060704030100fefdfbfaf8f8f7f7f5f7f3f7f3fdfc00000000000000000000000000000000000001ff08fd0bfc0ffb13fa16fa19fa1bfb1bfb1bfc1afd17fe12fe0dfe07fe00fdf9fcf2fbecfbe6fae1f9ddf8daf8d9f7d9f7daf7dcf8c900faecf8f0f9f0f8eff8f0f9f0f9f1f8f1f9f2f9f3f9f3f9f4f9f4faf4f9f4faf4faf5fbf5fbf6fbf6fcf6fdf7fdf7fdf8fdf8fef8fef8fff80000000000000000000000000000f9f9faf8f9f8faf7faf7f9f6f9f5f9f5faf5f9f4f9f3f9f3faf2faf2faf1faf1faf1faf1faf0f9f0f9f0f8f0f9f0f8f0f8eff8eef7edf6ed
268,47327819,-30,11,256,1,0,1,400554410210020702ff03f703f003ea03e504e104de04dd05de05e005e305e704eb03f002f600fbfe00fc04fa07f80af60bf50cf40dfd03000000000000000000000000000000000000fefef9f8f6f6f3f2f1eeefebeee8eee6eee5efe4f1e6f3e9f6edf8f3fbf9fd00ff07010f0316041d05220627062a062c062d062b0629c100eb09ef0bef0aef0bf00bf10af20af20af209f209f209f309f309f409f408f407f406f406f506f505f504f604f704f703f702f802f702f7010000000000000000000000000000fc0afb09fa09f909f809f809f709f60af60af50af40af40af30af30af20af10af10af10af10af10af10bf00bf00bef0cef0cee0dee0eee0e
269,47335452,-30,11,256,1,0,1,400554410fff07fefffdf8fcf2fbedfae8f9e5f8e3f7e2f7e3f7e4f7e7f8eaf9eefaf3fbf7fdfbff00010303060508070a090a0a0a0a0202000000000000000000000000000000000000fe00f703f504f106ed07ea08e708e508e407e407e605e904ed03f302f902000106010d01140119011f01230126012702270225022302c5000a110c0c0a0c0c0c0b0c0b0c0a0a0a0b0a0a0a090a090a090908090809080907080808070707070706060606060605060405040504050306000000000000000000000000000007050606060706070707070807090709070a070a070b070b080c080c080c080d080d080d080d090d090d0a0e0a0d0b0d0a0e0b0f0c0f0d0e
270,47345990,-31,11,128,1,0,1,91166941f9fff400f004f70807060b0106fd01f6fd00fe0801fb05f304f702fc030203030303060008fc07fd0600040004fd03fb00fcffff000000000000000000000000000000000000fe02f805f4fdf601f804fc00fafff601f909fb0c01060d010e010001f706fc06fd01f5fcf5fa0000090309030408030d020203f40cf1
271,47356198,-30,11,256,1,0,1,40055400020f020702ff02f702f102eb02e702e302e103e103e103e303e503e803ed02f201f700fcfe00fc04fa07f909f70bf60cf60cfd03000000000000000000000000000000000000fefef9f9f7f7f4f4f1f0f0edefebeee9efe8f0e8f2e9f4ebf6eff9f4fbf9fd00ff07010d0314051a061f072307260728072807270725c800ed0af20bf10bf20cf20bf30af40af40af409f40af509f509f609f509f608f608f607f607f606f606f705f705f805f804f803f903f803f8020000000000000000000000000000fc08fb08fa08fa08f908f809f808f709f709f609f509f509f409f409f409f309f20af30af20af30af30af20af20af10bf10bf10cf00df00e
272,47365224,-30,11,256,1,0,1,400554000f02070000fdf9fbf3f9edf7e9f6e6f5e4f4e4f3e4f3e6f4e8f5ebf6eff7f3faf8fcfcfeff01030405060708080a090b090c0203000000000000000000000000000000000000fe00f702f403f004ec05e905e605e404e304e403e502e801ed01f201f901ff0106020d03130419051e05220625072707270725072307cf000a120b0d090d0b0d0a0d090d090c0a0c0a0b090a090a080a0809080a090908090809070806080608050804070408040603060306030602060000000000000000000000000000070507060706070707070807080808080709070a070b080b080c080c080d080d080d080d080d090d0a0d0a0e0a0d0b0d0a0e0a100b100c10
273,47383302,-30,11,256,1,0,1,40055400f002f802000207020e02140218021c031e041f041e041c041a04170312030e02090104fffffefbfcf8fbf6f9f4f8f3f6f3f6fcfd00000000000000000000000000000000000001fe07fa0af80ef611f414f317f219f21af21af319f516f712f90cfa06fcfffdf8fff100ea01e402df03db04d804d603d603d802da02cd00f2f0f1f4f3f4f1f4f1f4f2f4f3f6f3f6f4f6f3f7f4f7f4f8f4f8f5f8f5f8f5f8f6f8f7f8f7f8f7f8f7f9f8f9f9f9f9fafafafafafbfafbf90000000000000000000000000000f7fcf7fbf7faf7faf6f9f6f9f5f8f6f7f5f7f5f7f5f6f5f5f4f5f4f5f4f4f4f4f4f4f4f4f4f3f3f4f3f4f3f3f3f3f2f3f2f2f1f2f0f2eff2
274,47393686,-29,11,256,1,0,1,400554001005080001fcfbf8f5f3f0efedeceae9e9e7e8e7e9e7eae8ece9efecf2eff6f3f9f8fbfcfd01ff050009010c010f001000110004000000000000000000000000000000000000fd00f604f305ef07eb08e709e409e208e107e106e305e604eb03f102f802ff0306040e0615071b09210b250c280e290f2a10290f270ec500ff150312021303130412031103100210020f020f030f030e030e020d030d020d010c010c000c010b000b0009000a0008ff08ff08fe08fe0800000000000000000000000000000508050904090409040a030b030c030d030d040e030e030e020f021001100110021102110211031002110212011203130214031503150415
275,47408267,-30,11,256,1,0,1,4005540006f202f8fdfff805f40af10eee12ec14eb16ea16ea16eb14ed12ef10f20df509f906fd03010005fe08fc0bfb0dfb0efb0ffb03fe000000000000000000000000000000000000ff02ff09ff0cff10fe14fd17fc1afb1bfa1cf91bf919f916fa12fc0cfe06010004fa07f40aee0de910e412e113de14dd14dd14df13e1c60014031200120012ff12ff10ff0fff0fff0eff0ffe0efe0efe0dfe0dfe0cfe0cff0bff0bff0bff0bff0aff09ff080008000800070007010701000000000000000000000000000009fd09fe09fe0aff0aff0bff0b000c000d000d000e000e010e010f010e011001100210011001100110011002110212011200130013ff14fe
276,47427922,-30,11,256,1,0,1,400554001004080100fdf9faf3f6eef4eaf1e7efe5eee4eee5eee6efe9efecf1f0f3f4f6f8fafcfdff0101050308050a060c060e060f0103000000000000000000000000000000000000fe00f703f404ef05eb06e807e507e306e205e204e403e703ec02f101f802ff0206030d0414051a061f082409270a290a290a270a2509cd00fd140112001202130212011102100110010f010f020f010e010e010d010d010d000c000c000b000bff0aff09ff09ff08ff08fe07fe07fd070000000000000000000000000000050804090309030a030a020b020b020c020d020d010e010e010e000f000f0010001000100011011000110012001201120113011401140215
277,47437281,-30,11,256,1,0,1,40055441fceffcf8fc00fd08fd0ffc15fc1afc1efc20fc21fb21fb1ffb1dfb19fb14fc0ffe09ff0401ff03fb05f807f509f30af20bf202fc0000000000000000000000000000000000000101070609090c0c0f101113121612181219101a0f180d160a12070c040602fffff8fdf0fbe9fae3f9ddf8d9f8d5f7d4f7d3f8d5f8d7cb0013f40ff410f40ff30ef30ef40cf50cf50df60df50cf60cf60bf60bf60af70bf70bf80bf80bfa0af90afa09fb08fb08fc08fd08fd08fd08fe000000000000000000000000000003f504f604f605f606f607f508f509f509f409f40af40af40cf40cf50df50ef40ef40ef40ef40df40df40ef40ff40ff310f311f210f110f1
278,47445268,-30,11,256,1,0,1,40055441060f040602fe00f6ffeffde9fce4fce1fbdefbddfcdefce0fce2fde6feebfff0fff6fefbfe01fd05fc09fb0cfa0ef90ff90ffe04000000000000000000000000000000000000fefef7faf5f7f1f4eef1ebeeeaece9eae9e9ebe9ede9efebf3eff6f4fafafe010107040e08150b1b0d200f2410271029102a0f280f25c700f212f811f711f712f811f810f90ff90ff90ff90efa0efa0efa0dfa0dfb0dfa0cfa0cfa0bfa0afa0afa09fa08fb08fb08fa07fb06fa06fa060000000000000000000000000000ff0afd0afd0afc0afc0bfc0cfb0cfa0dfa0dfa0df90ef80ef80ef80ef70ef70ff70ff70ff70ff710f710f711f710f712f611f613f614f614
279,47450509,-30,11,256,1,0,1,400554000e0007fffffdf8fcf2fbedfae8f8e5f8e3f7e2f7e3f7e4f8e7f8eaf8eefaf3fbf7fdfcff000103040606080709090a0a0a0b0202000000000000000000000000000000000000fe00f804f505f107ee08ea09e80ae609e508e507e707e905ee04f303f902000106010d01130019001e01220125012701270125012301c5000712090e080e090f090e080e080c080c070c070b070b070b060a070a060a060a050a050a04090409040803080308020702070207010601070000000000000000000000000000070507050706070707070708070807090709070a070b070b070c070c070d070d070d070d070e080d080e080e080e090e090f09100a100b10
280,47458353,-30,11,256,1,0,1,400554410b0c060402fdfef6faf0f8ebf6e7f4e3f3e1f3e0f3e1f4e2f6e4f8e7faecfbf1fcf6fdfcfe01fe05fd09fd0cfc0efb10fa10fe04000000000000000000000000000000000000fdfff6fef2feeefde9fce6fbe3f9e2f8e1f6e2f5e4f5e8f6ecf8f2faf8fefe020306090b0f10141418181b1b1d1e1e1f1e201d1f1c1dc900f312f711f610f811f811f710f80ff80ff80ef80ef90ef90df90df90df90bf90bf80af90af809f909f908f907fa07fa06fa05fa05f905f9040000000000000000000000000000010a000a000aff0bfe0bfe0bfd0cfd0dfc0dfc0efb0efb0efa0efa0ff90ff80ff810f910f810f90ff910f811f811f811f712f713f714f714
281,47466323,-30,11,256,1,0,1,400554000af204f8fdfef703f208ed0cea0fe711e512e413e512e611e810eb0dee0bf308f705fc03010105ff09fe0cfd0efd0ffd10fd04ff000000000000000000000000000000000000ff02fd09fc0cfb11fa15f818f61bf51cf41df31cf31af417f612fa0dfd07010106fb0af50eef13ea16e619e21be01dde1ddf1ce01ae2c60015051301130213021201120110001101100110000f000f000e000d000eff0d000c000c000b000b010b010901090109010801080108020702000000000000000000000000000009fe0afe0aff0b000cff0c000c000d010e010e010f020f020f02100310031003110311031103120211031203120313021403150315021601
282,47476963,-29,11,128,1,0,1,d66ffd41030d0216051a1911250c1007f604f206fe0705050208fc09f301f0f7f5f9fd0307050a01ff05f409f505fd00ffffff04fc0afe03000000000000000000000000000000000000fefcf9f0f7f5fbfb07fd0b070f0a11040605fd07f2fff2f402f50100f7fff8fdfb0301fd06fa06fb07fbfcfef300f70300080a0b0708
283,47484948,-30,11,256,1,0,1,400554000e08080201fdfcf7f7f2f2eeefeaede7ece5ebe4ece4ede5efe7f2eaf5eef8f2faf7fcfcfe01ff05ff09000cff0fff10ff11ff04000000000000000000000000000000000000fd00f601f202ee02e903e502e202e001df00e0ffe2fee5fdeafef0fff700fe0205050c08130b190e1e11221325152616261725172315d000f915fe12fd13fe13ff13fd12fe10fe10fd0ffd0ffe0ffe0fff0efe0eff0dfe0dfd0cfd0cfd0bfd0bfd0afd09fd09fd08fd08fc07fc07fb07000000000000000000000000000004090309020a020a010b010c010c000d000e000eff0f000fff0ffe10fe10fd11fe12fe11fd11fe11fe11fd12fd12fe14fd14fd15fe15ff16
284,47489068,-30,11,256,1,0,1,40055400fceffcf8fc00fc08fb0ffb15fa1af91df91ff820f820f81ef81bf818f913fb0efd09ff0402ff04fc07f909f70bf60cf50df503fd000000000000000000000000000000000000010107050a070e0a110d1311151315151517141712160f140c10090b060503fe00f7fdf0fbe9f9e3f8def7d9f6d6f6d4f7d4f7d5f8d7d00014f710f510f60ff510f60ff60df60df60df70df70cf70cf70bf70cf70bf80bf80bf90bf90afa0afa09fb09fc08fc08fc08fd07fd07fd07fe000000000000000000000000000005f706f706f707f708f708f709f70af70af70af60cf70cf70df70df70ef70ef70ff70ef70ff70ff70ff60ff60ff610f511f511f511f411f3
285,47495375,-30,11,256,1,0,1,4005540005f101f8fdfff905f60af40ff112ef15ee17ee17ee17ef16f014f111f40df70afa06fd03010004fe07fc09fa0bfa0df90ef903fe00000000000000000000000000000000000000010108010b010f021301160119001aff1bfe1afe19fd16fe12ff0c0006020003fa05f307ed09e80be30ce00edd0edb0edb0ddd0cdfcf00130310ff100011ff10ff10ff0eff0eff0eff0efe0dfe0dfe0cfe0cfe0cfe0bfe0bfe0bfe0aff0aff09ff09ff08ff08ff08ff070007010701000000000000000000000000000008fe09fe09ff09ff0a000a000b000b000c010c010d010d010e010e020e020e020f020f020f020f010f0110011002110111011201130013ff
286,47503371,-30,11,256,1,0,1,40055400fbeffcf8fe00ff08000f0115021a031e032003210220021f021d01190114000f0009000301fe01fa02f603f304f105f005ef01fb00000000000000000000000000000000000001010607080a0a0d0d110e140f1710190f1a0e1a0d190b160812060c030601fffff8fcf1faeaf8e3f7def5daf4d6f4d4f5d4f5d6f5d8c7000fee0aef0bef0aef0aef0af009f108f108f108f107f207f207f307f307f407f407f407f507f607f607f706f706f806f806f905fa06fa06fa000000000000000000000000000001f502f503f504f504f405f405f406f306f307f308f208f209f209f209f20af10af10af10bf10af10af00af00af00bef0bef0cee0ced0cec
287,47524060,-30,11,256,1,0,1,400554000b0a060401fefdf8f9f2f6eef3eaf2e7f1e5f0e4f1e5f2e6f3e8f5ebf7eff9f3fbf8fdfcfe01ff05ff09ff0bff0dff0ffe0fff03000000000000000000000000000000000000fefff7fef4feeffdecfce8fae6f9e5f8e4f7e5f6e7f6eaf7eef8f3faf8fefe010305090a0e0e131117151a171c191d1b1d1b1c1b1b19cb00ed24f521f320f622f620f420f61ef61ef71cf71cf81bf81af819f819f918f818f717f715f713f713f711f810f811f80ef80df80cf70cf60b000000000000000000000000000001120012ff13fd13fd15fc16fc16fb17fa17f919f81af81bf71bf51cf61cf41df41df41ef41ef41ff51ff421f520f522f422f324f425f426
288,47538684,-30,11,256,1,0,1,40055400effdf700fe0305060b09100c140e171019111911191117111510120e0f0c0b090705040101fefffafdf7fcf4fbf2fbf1fcf0fffb00000000000000000000000000000000000001fe07fa0af90df611f414f317f319f31bf41bf519f616f712f90cfa06fb00fcf9fcf1fcebfce5fbe0fbdbfad8f9d6f9d6f9d8f9dbfacb00fbebf9effaeff9eef9f0faf0faf1f9f1faf2faf3faf2faf3faf3faf4faf4faf4fbf5fcf5fcf5fcf6fdf6fdf7fdf7fdf8fef8fef8fff8fff80000000000000000000000000000faf8faf7faf7fbf7fbf6fbf6fbf5fbf4fbf4fbf3fbf2fbf2fbf2fcf1fcf1fcf0fcf0fbf0fbf0fbf0fbf0faeffbeffaeffaeefaedf9edf7ed
289,47548808,-30,11,256,1,0,1,400554000c08070201fdfcf8f8f3f4eff2ebf0e8efe7eee6efe6f0e7f1e9f4ecf6eff8f3fbf8fcfdfe01ff05ff08000bff0dff0efe0fff03000000000000000000000000000000000000fe00f600f300ef00eb00e8ffe5fee3fde3fce4fbe6fbe9fbedfbf2fdf8fffe0204050a08100c160f1a111d132015201620171f171e15cf00f812fc11fb10fd11fd11fc10fd0ffd0ffd0efd0efe0efe0dfe0dfe0dfe0cfe0cfd0bfd0afd0afd0afd09fd08fd08fd07fd07fd06fc06fc060000000000000000000000000000010900090009ff0aff0aff0afe0bfe0cfd0cfd0dfd0dfd0dfc0dfc0efc0efb0efb0ffc0ffb0ffc0ffc0ffb10fb10fb11fc11fc12fc13fc14
290,47572052,-30,11,256,1,0,1,4005540004ef00f6fcfef805f50af10fef13ed16eb18ea18eb18eb16ed14ef11f20ef50af907fd03010105fe08fd0bfc0dfc0ffc10fc04ff00000000000000000000000000000000000000010308040b050f06140717071a061c051d041d031b02180113010e0207020004f905f207eb08e50ae00bdc0cd90dd70dd70dd90ddbca0014ff12fc12fc12fc11fc10fd0ffc0ffc0efc0efc0efc0dfc0dfb0dfc0cfc0cfd0cfd0cfd0bfd0afd0afe09fe08fe08ff08ff07ff07000700000000000000000000000000000008fb09fb09fc09fc0afc0bfc0bfd0cfd0cfd0dfd0efd0efd0efe0efe0ffe10fe10fe10fe10fe10fd10fd11fd11fd12fd13fd13fc14fb14fb
291,47581582,-30,11,256,1,0,1,4005540000f0fef8fd00fc07fb0dfa13f917f81bf81cf71df71cf81bf819f915fa11fb0dfd08ff0301ff03fc05f907f608f509f40af402fd00000000000000000000000000000000000000010308040b060e071207150818081a071b061b051904160312020c0206010001f901f201eb01e502e002dc02d902d802d803d902dbcf0013f80ef710f70ff60ef60ef70cf70cf70cf70cf70bf70af70af70af80af80af909f80af909fa09fa08fa08fb07fb07fc07fc06fc07fd07fd000000000000000000000000000006f907f907fa08fa08f909f90afa0bf90bf90bf90cf90cf90df90df90efa0ef90ef90ffa0ef90ef80ff90ff80ff810f710f811f611f611f5
292,47589711,-30,11,256,1,0,1,40055400f1f6f8fcfe020407090c0e11111414171519151a151a141912170f140c11090c0507030300fefffafdf6fdf3fdf1fdeffdeefffb000000000000000000000000000000000000020009000d00110016011a021d031e041f061e071c07190614050e03070101fdfafaf3f6edf2e7efe2ecdee9dbe7dae6dae5dbe6dde8c80004e901eb02ec00eb01ec02ed01ee01ee01ef01ef01ef01f001f001f001f201f203f203f303f303f403f503f603f603f703f803f804f805f80000000000000000000000000000faf7faf6fbf6fbf5fcf4fcf3fcf3fdf2fdf1fdf1fdf0fef0fef0ffefffeeffee00edffedffed00edffed00ec00ec00eb00ea00eaffe9ffe9
293,47598681,-30,11,256,1,0,1,40055400f0fdf700fe0305060b090f0c130e161017121812171216121410110f0e0c0a090705030101fefffafdf7fcf4fcf2fcf1fcf0fffc00000000000000000000000000000000000001ff07fb0afa0ef812f715f618f61af61bf71bf819f917fa12fb0dfc06fc00fcf9fcf2fbebfae6f9e1f9ddf8daf7d8f6d8f5daf5dcf6d000f7ecf7f1f7f1f6f1f7f1f8f1f8f2f7f2f7f3f8f4f8f4f8f4f8f5f8f5f8f5f9f5f9f6faf6faf6fbf7fbf7fcf7fbf7fcf8fdf9fdf9fdf9fef90000000000000000000000000000f8faf9f9f9f9f9f8f9f7f8f7f8f6f9f6f9f5f9f5f9f4f9f3f9f3f8f2f9f2f9f2f9f2f9f1f9f1f8f1f8f1f7f0f7f1f7f1f7f0f6eff6eff5ef
294,47606995,-30,11,256,1,0,1,40055441f2f6f9fcff0105060a0b0e0f121215141616171616161515131311110d0e0a0a0606030200fefdfafcf7faf5f9f3f9f1f9f0fefc000000000000000000000000000000000000020009020c031004140518071a091c0a1c0b1b0c190b160a12090c06070200fefafaf4f6eff2e9eee5ebe1e8dee7dde6dde5dee6e0e8c30002e9ffec00ecffecffed00edffeefeeeffeffff0fff0fef1fef1fef1fef2fff200f200f300f400f400f500f500f600f701f701f802f702f80000000000000000000000000000fbf6fcf5fdf5fdf5fdf4fdf3fef3fef2fef1fef1fff0fff000f0ffef00ef00ee00ee00ee00ed00ed00ed00ec00ecffec00ebffeaffeafeea
295,47619269,-30,11,256,1,0,1,4005540002f000f8fd00fb07f90ef713f518f41bf41df31ef41df41cf519f616f712f90dfc08fe0301ff03fc06f908f70af50bf40cf403fd00000000000000000000000000000000000000020209020c031103150319021b021d011e001dff1bff18ff13ff0d000701ff02f804f105ea06e407df08db09d709d609d609d808dac10015f911f711f811f710f710f80ff80ef80ef90ef80df80df90cf90df90cfa0cfa0cfa0bfa0bfb0afb0afc09fc08fd08fd08fd07fe08fe07ff000000000000000000000000000006f807f808f909f909f909f80af80bf80cf80cf80df80ef90ff90ff90ff910f910f910f910f910f910f811f811f911f812f813f713f613f5
296,47623355,-31,11,256,1,0,1,40055400f005f903010108ff0ffe15fc19fb1cfa1efa1ffa1ffa1dfa1bfb17fc13fd0efe09fe04fefffefafef7fdf4fdf2fcf0fbeffbfbfe00000000000000000000000000000000000001fe06f908f60cf40ff112ef15ee17ee18ee18ef17f114f310f50bf805fbfffef801f203eb06e508e00bdc0cd90dd80dd70dd90ddb0cc100eef2eff6f0f6eff6f0f6f1f6f1f7f1f7f1f8f1f8f2f9f3f9f3f9f3f9f4f9f4f9f4f9f5f9f6f9f6f9f7f9f8f9f8f9f8faf9fafafafafafbfa0000000000000000000000000000f6fff5fef5fdf5fdf4fcf4fcf3fbf4fbf3fbf3faf2f9f2f8f1f8f1f7f2f7f1f7f2f6f1f7f1f6f0f6f0f6eff6eff6eff6eff5eef5edf5ecf5
297,47629797,-30,11,256,1,0,1,40055441f005f803010208010f0015001a001dff1fff20ff20001e001b00180113010e00090004fffffdfbfcf8fbf5f9f3f8f2f7f1f6fcfd00000000000000000000000000000000000001fe05f807f50af20def10ed13eb15eb16eb16ec15ee13f00ff30af605fafffdf800f103eb06e508df0adb0cd80cd60dd60cd70cd90bd000f1eef2f4f1f3f0f3f0f4f2f4f3f6f3f5f3f5f3f6f3f6f3f7f4f7f4f8f5f8f5f7f7f7f6f7f7f7f8f8f8f8f8f8f9f9faf9faf9fbf9fbf9fbf90000000000000000000000000000f5fdf5fcf6fcf6fbf5fbf5f9f5f9f4f8f4f8f3f8f3f7f3f7f3f6f3f6f4f5f3f4f2f4f2f4f2f4f2f5f2f4f2f3f2f3f1f3f1f2eff2eef2edf3
298,47639969,-30,11,256,1,0,1,400554000410030703ff03f703f003e903e404e104de05dd05de05e005e305e604eb03f002f600fbfd00fb04f907f609f50af30bf20bfc02000000000000000000000000000000000000fefef7faf4f8f0f6edf3eaf0e9ede8ebe8eaeae9eceaeeecf2eff5f4f9fafd010007030f0615081b0a210b250b290b2b0b2b0b2a0a28c400ef0ff510f40ff40ff40ff40ef50ef50ef60df60df60cf70cf70bf70bf70bf70af609f709f708f708f706f806f806f805f805f904f804f8030000000000000000000000000000ff09fe0afe0afd0afc0bfc0cfb0bfb0cfa0cf90cf80df80df70df70ef60ef60ef60ef60df50ef50ff50ff510f50ff510f410f310f311f312
299,47647424,-30,11,256,1,0,1,40055400f0fff800ff0206040d0612081609190a1b0b1c0b1b0b1a0b170b140910080c050803040000fefdfbfaf8f8f6f7f5f7f3f7f2fdfc00000000000000000000000000000000000001ff07fb0afa0ef812f715f618f61af61bf71bf819f916fa12fb0cfc06fdfffdf8fdf2fdebfde5fde0fcdcfcd9fbd7fbd7fbd9fbdbfbd300f9ecf7f1f7f0f6f0f6f1f7f1f7f3f7f2f8f3f7f4f7f4f7f5f8f5f8f5f7f6f8f6f8f6f9f6faf6faf6faf7fbf8fbf8fbf9fcf9fcf9fcf9fdf90000000000000000000000000000f9f8faf8faf8fbf7faf6faf6faf5faf5faf4faf4f9f3faf2faf2faf2faf1faf1faf1f9f1f9f1f8f1f9f1f9f0f8f0f7eff8eef7eef6eef5ee
300,47651529,-30,11,256,1,0,1,400554410410030702ff01f700f0ffeaffe4fee1fedefeddfedefee0ffe2ffe6ffeb00f0fff6fffbfe00fd05fc08fb0bfa0ef90ff80ffe03000000000000000000000000000000000000fefef9f8f6f6f3f2f1eeefebeee8ede6eee5efe5f1e7f3e9f5edf8f3fbf9fd000007020e0516071c08210a260b290b2b0b2b0b290a27d200ec0cf20df10df20ef30ef30df40cf40cf40bf40bf50cf50cf60bf60bf70af70af609f609f608f708f707f807f907f906f805f904f804f8040000000000000000000000000000fb09fa09fa08f908f809f709f709f50af60af50bf40af40bf30af30bf20af20af10bf20bf20bf20cf20cf10cf10cf00ef00ef00ff00ff011
301,47660423,-30,11,256,1,0,1,40055400f206f904010208000eff13fe18fe1bfd1dfd1dfd1dfd1bfe19ff16ff12ff0dff08ff04fefffefbfdf8fbf5faf4f9f3f8f2f8fcfe00000000000000000000000000000000000001fe04f806f608f20bef0ded0fec11eb12eb13ec12ee10f00df309f604fafefdf801f304ed07e809e30ce00ddd0edb0fdb0edd0ede0dc400f1f2f2f7f1f6f0f6f1f7f2f7f3f8f3f8f3f8f3f9f3f9f4f9f4faf4f9f5faf5f9f6f9f6f9f7f9f7faf8faf8faf9faf9fafafbfafafbfafbfa0000000000000000000000000000f6fef6fdf6fcf6fcf6fcf5fbf6faf5faf5faf4f9f4f9f4f9f4f8f4f7f4f7f4f6f3f6f3f6f3f6f2f7f3f6f2f5f2f6f1f6f1f5f0f5eff6eef6
302,47669472,-30,11,256,1,0,1,40055400090d050502fefff7fcf0faeaf8e6f7e2f7e0f6dff7dff8e1f9e3fae7fcebfdf1fef6fefbfe01fd05fd09fc0cfb0efa0ff910fe04000000000000000000000000000000000000fdfff6fdf3fceefaeaf8e7f6e5f4e4f3e3f2e5f1e7f1eaf2eef4f3f8f8fcfd010206080c0d121117141b171f19221a23192418221720c900f211f611f510f711f711f710f80ff80ef80ef80ef90df90df90df90df90bf90bf80af80af809f909f908f908fa07fa06f906fa05f905f8050000000000000000000000000000000aff0aff0afe0afd0bfc0bfc0cfb0cfb0dfb0dfa0dfa0df90ef80ef80ef70ef70ff80ff710f70ff810f710f610f611f611f613f613f614
303,47677444,-30,11,256,1,0,1,400554410110010801ff01f702f002ea02e502e102de02dd02de01e002e302e601eb01f001f600fbfe00fd05fc08fb0bfa0df90ff80ffe03000000000000000000000000000000000000fffefcf7faf3f8eff7ebf6e7f6e4f6e2f7e1f8e1f9e3fae6fbebfcf1fdf8feffff07ff0f0016011d01220127022a022c022c022b0128c600ea08ef0bee0aef0bef0bf00af10af20af209f20af209f30af409f409f408f408f507f407f506f607f605f705f705f804f704f803f803f8020000000000000000000000000000f908f807f707f707f607f507f507f307f307f308f207f207f107f007f007ef07ef08ef07ef08ef08f009ef09ee09ee0aed0aed0bec0cec0d
304,47699975,-30,11,256,1,0,1,40055400f2f5f8fbfd020108050d08120a160c190c1b0d1c0c1c0b1b091908160612040d0308020302fe02fa02f702f403f204f104f001fc00000000000000000000000000000000000001ff09fe0cfe10fe14fe18fe1bff1d011d021c031b03180313030e0108ff01fdfbf9f5f6eff2eaefe5ebe2e9e0e7dfe6dfe5e0e6e2e7ca0007ed05ee05ee03ee04ee03ef03f003f103f103f103f203f202f203f102f403f403f404f503f503f503f603f703f803f803f903f904f904f90000000000000000000000000000fdf6fef6fff6fff500f500f500f301f301f201f202f102f203f103f104f104f005f003f004ef04f003ef04ef04ef04ee04ed04ec04ec03ec
305,47705943,-30,11,256,1,0,1,40055400f2f5f8fcfe020308080e0c130f17111a121c121d111d101c0f1a0c160a12070d0508030301fe00f9fff5fff2fff000ee00ee00fb00000000000000000000000000000000000002000a000d00120116021a031d041f061f071e081c08190814070e04080101fdfaf9f4f5eef0e8ede3e9e0e6dde4dce2dce2dde2dee4cd0008ea04ec05ec03eb03ec04ed03ee03ee03ef03f003ef03f002f102f002f102f203f304f303f303f403f403f603f603f703f803f804f804f80000000000000000000000000000fdf5fef5fef5fff4fff400f300f201f101f101f002f002ef02f003ef04ef04ee04ee04ee04ed04ee04ed04ec04ed04ec04eb04ea04e903e9
306,47720918,-30,11,256,1,0,1,400554410d07060200fdfbf9f6f4f1f1eeeeecebeaeaeae9eae9ebeaedecf0eef3f1f6f5f9f9fcfdff0101050208030b030d030e030f0003000000000000000000000000000000000000fd00f600f300efffebffe7fee5fde3fce3fce3fbe5fae8faedfbf2fdf8ffff0205040b08120b170d1b101f1122132314231522142013c700fc14ff12fe110011ff11fe10ff10ff10ff0fff0f000e000dff0dff0eff0cff0cff0cfe0bfe0bfe0afe0afe09fe09fe08fe07fe07fd07fc060000000000000000000000000000030802090209010a010a010b010c000c000c000dff0eff0eff0fff0ffe0ffe0ffe0ffe10fe10fe10ff11ff12ff11ff12ff12fe13ff14ff15
307,47723392,-30,11,256,1,0,1,4005540007f202f9fdfff805f40af10eee11ec14ea15e916ea15eb14ec12ee0ff20cf509f906fd03010005fe08fd0bfb0dfb0efb0ffb03fe000000000000000000000000000000000000ff01ff09ff0cff10fe14fd17fc1afb1bfa1cf91bf919f916fa12fc0cfe06010004fa08f40bee0ee910e412e014de15dc15dc14de12e0cb00140211ff12ff12ff11ff10ff10ff0ffe0fff0efe0efe0efe0dfe0dfe0dfe0cff0cff0cff0bff0aff0a000900080008000800070107010701000000000000000000000000000009fc09fc09fd0afe0afe0bfe0bfe0cfe0dfe0dff0e000eff0f000f000f001000100010011001110010001100110011ff120013ff14ff15fe
308,47733085,-30,11,256,1,0,1,400554000f0007fefffcf8fbf2f9edf8e8f7e5f5e3f4e3f4e3f4e5f4e7f5ebf6eef8f3faf7fcfbffff02020405070709080b080c080d0203000000000000000000000000000000000000fe01f805f607f209ee0aeb0ce80ce60ce60ce60ae709ea07ee06f304fa03000207010d0114001a001f00230026002800280126012401c30008110b0d090d0b0e0a0d090d090c0a0c090b090b090a080a0809080a0809080907090608060805080508050704080407030603060206010600000000000000000000000000000804070507060706070708070808080808090809080b080b080b080c080c080c080c090d080d090d090d0a0e090d0a0e0a0e0a0f0b0f0c0f
309,47742000,-30,11,256,1,0,1,400554410310020701ff00f7ffefffe9fee4fde1fddefdddfddefddffee2fee6ffebfff000f6fffbfe00fe05fd09fb0cfb0efa0ff910fe04000000000000000000000000000000000000fefef9f8f7f5f4f1f2edf0eaefe7efe5efe4f0e4f2e5f4e8f6ecf9f2fbf9fe000007020e0516071d082209260a2a0a2b0a2c0a2a0a29c500ea08ef0bee0aef0bef0bf00af10af109f208f109f109f209f309f308f408f407f306f306f405f405f504f604f604f703f602f702f702f7010000000000000000000000000000fb09fa09fa09f909f809f709f609f509f40af40af309f40af209f209f109f009f00af10af00af10af00aef0aef0aee0bee0bed0ded0ded0e
310,47745760,-30,11,256,1,0,1,40055400fdeffef8fe00fe08ff0fff15ff1aff1eff21ff22ff21ff20ff1dfe19fe14fe0fff09000401fe02fa03f604f305f106f007ef01fb00000000000000000000000000000000000001010408060b080f0a130b170c1a0c1c0b1d0b1d091b08180613040e030701ff00f8fef0fde9fce3fbddfad9fad5fad3fad3fad4fad7cc0015f610f412f510f510f50ff60ef60ef60ef60df70df60cf60cf70cf70bf80cf80bf90cf90bfa0afa0afb0afc08fb08fc08fd08fd08fe08fe000000000000000000000000000004f605f606f607f607f709f609f60af60af60bf60cf60cf50df60df50df60ef60ff60ff610f50ff610f510f510f511f511f412f312f212f2
311,47751440,-30,11,256,1,0,1,4005544100f0fef8fd00fb06f90cf811f716f618f51af51bf51bf519f517f614f710f90cfc07fe03010004fd06fa09f90af70bf70cf703fd000000000000000000000000000000000000010104070609080d09100b130b160b180a190919081707150511040c030602ff01f801f200ec01e601e101dd01da01d901d901da01dcc70013f80ef70ff70ef80ef70df90df80cf80cf80cf80bf90bf90bf90bf90afa0bfa0afa0afa09fb09fc09fc08fd07fd07fd07fe07fe07fe07ff000000000000000000000000000004f805f806f806f807f807f808f809f809f80af80bf80bf80cf80cf80cf80df80df80df90ef80df80ef80ef80ef70ef70ff710f710f610f5
312,47756398,-30,11,256,1,0,1,40055400f007f904010109ff0ffe15fc1afb1dfa1ffa20fa1ffa1efa1cfb18fc14fd0ffe09fe04fefffefafdf7fdf4fcf1fbf0faf0fafbfe00000000000000000000000000000000000001fe05f807f50af20def10ec12eb14ea16ea16eb15ed13ef0ff30af605fafefef801f105eb08e50be10ddc0fd910d811d811d910db0fd000eef1eff6f0f6eef5f0f6f0f6f1f7f1f7f1f8f1f8f1f9f3f9f3f9f3f9f3f9f4f9f4f9f4f9f6f9f6f9f7f9f7faf8faf8faf8fbfafafafafafa0000000000000000000000000000f6fdf6fcf6fcf6fbf4fbf4fbf4f9f4f9f4f9f3f8f3f7f2f7f2f6f2f6f2f6f2f5f2f5f2f5f2f5f0f6f1f5f0f4f1f5eff5eff4eef4edf4ecf5
313,47764705,-30,11,256,1,0,1,40055400f308fa05010208ff0efd13fb17fa1af91cf91df81cf91bf919fa16fb11fc0dfd08fd03fefffefbfdf7fdf5fcf3fcf2fbf1fafcfe00000000000000000000000000000000000000fe03f704f506f108ee0aeb0ce90de80fe80fe90feb0ded0bf107f503f9fefef902f306ee0ae90de510e212e013de14de14e014e212d200f0f4f1f8f1f7f0f8f1f8f2f8f2f9f2f9f3f9f3faf3faf3faf4faf4faf4fbf5faf5faf6faf6faf7faf7fbf7fbf8fbf9fbf9fbfafbfafbfafb0000000000000000000000000000f6fef6fdf6fdf6fcf6fcf5fbf5fbf4fbf4faf4faf3f9f3f9f3f8f3f8f3f7f3f7f2f7f2f7f2f7f1f8f2f7f1f7f2f7f0f7f0f6eff6eef7eef7
314,47769912,-30,11,256,1,0,1,40055441f109f906010209000ffe15fc1afb1dfb1ffa20fa20fb1efb1cfd18fd14fe0ffe0afe04fefffdfbfcf7fbf4faf2f9f1f8f1f7fcfd00000000000000000000000000000000000000fe03f704f306ef08ec0ae80ce60ee50fe510e610e80eeb0bef08f303f8fefdf802f206ec0ae70ee211df14dc15da16da15db14dd13d100edf3eef9eff8edf9eff9eff8f0f9f0f9f0faf1fbf1fbf2fbf3fbf3fbf2fbf3fbf3fbf4fbf5fbf5fbf6fbf6fbf7fbf8fcf8fcf9fcf9fbf9fb0000000000000000000000000000f6fef6fdf6fdf5fcf4fcf4fcf4fbf4fbf3faf3faf2f9f2f9f1f8f2f8f1f7f1f7f1f7f1f7f1f7eff7f0f8eff6eff7eef8eef6edf6ecf7ebf8
315,47775557,-31,11,256,1,0,1,40055400f7f1faf9fd010008030e05140718081b081d091e081e081d071a05170413030e0209010301fe01fa01f601f402f202f003f000fb000000000000000000000000000000000000010107040a060e08110b140e1610171217131613141211100e0d0a09060401fffdf9f9f3f5edf2e7efe3eddfebddebdbeadaebdcecdeca000aec06ee06ef06ee06ef06ef06f005ef04f004f004f104f204f204f204f304f304f304f404f504f604f605f704f704f804f804f904f904fa0000000000000000000000000000fff600f601f502f502f402f402f303f303f304f305f205f106f105f105f106f006f007f007f007ef06ef07ee06ef06ee07ee07ed08ec07eb
316,47788449,-30,11,256,1,0,1,40055441f810fd08020107fb0cf50ff113ed15ea16e917e817e816ea15ec12ef0ff20bf607f903fcfefefa00f601f302f103f002ef02fb00000000000000000000000000000000000000fffdfdf6fdf3fceefbeafbe6fce3fce1fde0fee1ffe300e600eafff0fef7fcfefa06f80df613f419f21ff023ee26ee27ee28ee26ef23cc00eafbedffedffec00ed00eeffef00ef00f000f001f001f101f202f201f201f201f301f300f400f400f500f5fff600f700f7fff8fff7fff8fe0000000000000000000000000000f602f501f500f500f4fff4fff3fef2fef2fef1fef1fdf0fef0fdf0fdf0fdeffceefdeefdeefdeefdeefeedfdeefdedfeecfeebfeeaffe900
317,47798075,-30,11,256,1,0,1,40055400fef0fef8fe00fe07fe0efe13fe18fe1bfe1dfe1efe1efe1cfe1afe16fe12fe0dfe08ff0300fe01fa02f704f504f305f206f101fc00000000000000000000000000000000000000010307040a060e071208160818081a081b071b061905160412030d0207010000f900f2ffebffe5fee0fedcfdd9fdd7fdd7fdd9fedbc00013f80ff610f710f60ff60ef80df70df70cf70cf70cf70cf80bf80bf80bf90bf90af90af90afa09fb09fb09fc08fc07fc08fd07fd07fe07fe000000000000000000000000000005f806f806f807f908f809f809f90af80af80bf80cf80cf80df80df80df80ef80ef80ff80ef80ef80ff80ff70ff70ff710f611f611f511f4
318,47804678,-30,11,256,1,0,1,40055441fbeffcf8fe000008010f0215031b041e0421042103210320021d01190114000f0009000400fe01fa02f603f303f104ef05ef01fb0000000000000000000000000000000000000101060708090b0d0e11101411171219111a101b0e190c170a12070d040601fffff8fcf1f9e9f7e3f5def4d9f3d6f3d4f3d4f3d5f3d7c30014f20ef210f20ff20ef10ef30df40cf40cf50cf40cf40bf40af40bf50af60bf70af70bf80af80af80af909fa08fa08fb08fc08fc08fd08fd000000000000000000000000000002f503f503f505f605f506f407f508f308f409f30af409f30af30bf30cf30df20df10df30df20cf30df20ef20ef20ff20ff10fef0fee0fee
319,47813721,-30,11,256,1,0,1,40055400f80efd07020107fb0bf60ff212ef14ec15eb16ea16ea15ec13ee11f10ef40bf707f902fcfefefa00f701f402f202f102f002fc00000000000000000000000000000000000000fffefef6fef3fdeffdebfee8fee5ffe400e301e302e502e801ed00f2fff8fdfffa05f80cf611f317f11cef1fed22ed24ed24ee22ef20cd00ebfbee00eeffed00ef00ef00f000f000f100f101f100f201f301f201f301f300f300f400f500f500f5fff6fff7fff7fff7fff8fef8fff8fe0000000000000000000000000000f601f601f600f600f500f400f4fff3fff3fff2fff2fef1fef1fdf1fef1fdf0fdf0fdf0fdeffdeffef0feeffeeffdeeffedfeecfeecffeb00
320,47844832,-30,11,256,1,0,1,40055441090d060502fefff7fdf1fbebfae7f9e3f8e1f9e0f9e0fae2fae4fbe8fcecfdf1fef6fefbfe00fd04fc08fb0bfa0df90ef80efe03000000000000000000000000000000000000fefff7fdf4fceffaecf9e9f7e6f5e5f4e5f2e6f2e8f2ebf3eff5f3f8f8fdfd010207070c0b110f16121a151d17201722172316221520cd00f612fb11fa10fb12fb11fb10fc0ffc0ffc0efc0ffc0efc0dfd0dfd0dfd0cfd0cfc0cfc0bfc0bfc0afc0afd09fd09fc07fc07fc06fc07fb0600000000000000000000000000000009ff09fe09fe09fe0afd0bfd0bfc0cfc0cfc0cfc0dfb0dfa0efa0efa0efa0ef90ffa0ffa0ffa0ffa0ffa10f910fa11f912f912f913fb14
321,47849761,-30,11,256,1,0,1,400554410b0b060402fdfff7fbf1f9ecf7e8f5e5f5e2f5e1f5e2f6e3f8e5f9e9faecfcf1fdf6fdfbfd00fd04fd08fc0bfb0dfa0efa0ffe03000000000000000000000000000000000000fdfff6fff3ffefffebfee7fde5fce3fae3f9e3f8e5f8e8f8edf9f2fcf8fefd020306090a0e0e131217161a191c1b1d1d1d1e1c1d1a1cd100f226fa24f821fb23fa22f921fa1ffa20fb1efa1efb1cfb1bfb1afa1bfb19fb18f919f916f915f914f813f812f912f90ff80ef90df70df70c00000000000000000000000000000611041202120114021502160118ff18ff19fe19fd1cfc1cfb1cfb1dfa1ef91ef91efa1ff91ff920fa21f923fa21fa23f924f726f826fa29
322,47854757,-31,11,256,1,0,1,400554000df906fcfffef8fff201ed02e903e503e304e204e304e403e602ea02ee01f201f700fb000001040207020a030c040d040d050301000000000000000000000000000000000000fe01fa06f909f60cf40ff111ef12ed13ec13ec12ed11ef0ef20cf608fb05000206fe0cfb11f817f61bf41ff221f123f023f022f120f2cb000e0d0e090d090e090d080d080c070c080b070b070b060b060a060a060a060a060906090608050805080507050605060505040505040404050000000000000000000000000000080208030803080409040905090509060a060a060a070b080b080a080a090b090b090b090b090c090c090c0a0d0a0d090e0a0e0a0f0a100a
323,47861421,-30,11,256,1,0,1,400554000cf405f9fdfef702f105eb08e70ae40ce20de10de20de30ce50be809ec06f105f603fb020001050109000c000e000f0110020400000000000000000000000000000000000000ff02fd09fc0cfb10f914f718f51af31bf21cf21af218f315f511f90cfd07010106fc0bf610f115ed19e91de61fe420e320e21ee41ce5d100130a120611061206110510060f0410050f040f040e040e040d030d030d030c040c030b030b030a030a03090408030803080307030704060400000000000000000000000000000a000a010a010a020b030b030c040c040c040d050d060e060e060e070d070f080f070f070f07100710071007100711071208130813071406
324,47870075,-30,11,256,1,0,1,40055441f001f802000207030d04130517051a061c061d061c061b071807150611050d040802040000fefcfbf9f9f7f8f6f6f5f5f5f4fdfd00000000000000000000000000000000000001fe06fa09f80cf50ff313f215f117f118f218f317f414f610f80bfa05fcfffdf8fff200eb01e502e002dc02da03d803d803d902dc02cc00f7ecf6f1f7f1f5f1f6f2f7f1f7f3f7f3f8f3f7f4f7f4f8f5f8f5f8f5f9f5f9f6f9f6faf6fbf6fbf6fbf7fcf7fcf7fcf8fdf9fdf8fdf8fef90000000000000000000000000000f8fbf8faf8f9f8f8f8f8f7f8f8f7f8f6f8f6f8f5f7f4f7f4f7f4f8f3f8f3f8f2f8f2f7f2f7f2f7f2f7f1f7f1f7f1f6f1f6f0f6eff5eff3ef
325,47877304,-30,11,256,1,0,1,40055441f1fbf8feff0205050b08100a130d160e181019101810170f150f120d0e0b0b080705030100fefdfafbf8faf5f9f4f9f2f9f1fefc00000000000000000000000000000000000001ff08fd0bfc0ffb13fb16fb19fb1bfc1cfd1bfe19fe16ff12ff0dff06fe00fdf9fcf3fbecf9e7f8e2f6def5dbf4daf4daf4dbf4ddf5c100ffebfdeffdeefceefceffdeffdf1fcf0fdf1fdf2fcf2fcf2fdf3fdf3fdf3fdf3fef4fef4fff5fff5fff6fff7fff6fff700f800f801f801f80000000000000000000000000000faf8fbf7fbf7fbf7fbf6fbf5fcf5fbf4fcf3fcf3fcf3fcf2fcf2fdf1fdf1fdf0fdf0fdf0fdeffdf0fdeffdeffdeffceefdeefcedfbecfbec
326,47885994,-30,11,256,1,0,1,40055441060f040603fe01f600efffe9ffe4fee1fedefedefedeffe0ffe300e600eb00f000f6fffbfd00fc04fa07f90af70cf60df60efd03000000000000000000000000000000000000fefef7fbf3faeff7ecf5e9f2e7f0e6eee6ece8eceaececeef0f1f4f6f9fbfd010108050e09140c1a0e1f102311261228112911271025cf00ee0df30ef20df30ff30ff40df60cf50cf60bf50cf60bf60cf70bf70cf80af70af709f709f708f708f807f807f906f905f905f904f905f8040000000000000000000000000000fd09fb09fb09fa09fa09f90af80af70af70bf60bf60bf60bf50bf40bf40bf30bf20cf40cf30cf30cf40df20df30df20ef20ef10ff110f211
327,47889746,-30,11,256,1,0,1,40055441f4f4f8fbfd020108050f08140a180b1b0c1d0c1e0b1e0a1d091b07170513040e0309020301fe01fa02f602f303f103ef04ef01fb000000000000000000000000000000000000020009000d001101150219041c051d071e081d091b09170913070d04070101fdfbf9f5f4f0efebebe7e7e4e4e2e1e1e0e1dfe2e0e3e2c3000bed07ee08ef07ee07ee08ef06f006f006f106f106f106f206f306f205f306f306f406f406f506f606f705f805f805f905f905fa06f906fb0000000000000000000000000000fef6fff5fff500f400f401f301f302f202f202f203f104f105f105f005f006f006ef06f006ef06ef06ef07ee07ee07ed07ed08ec08ec07eb
328,47900728,-30,11,256,1,0,1,400554410b0a060402fdfdf7faf2f7edf5e9f3e6f2e4f2e3f3e4f4e5f5e7f7eaf9eefbf2fcf7fdfcfe01fe05fe08fe0bfd0dfd0efc0fff03000000000000000000000000000000000000fdfff6fff3ffeffeebfde8fce5fbe4f9e4f8e5f7e6f7e9f8eef9f3fbf8fefe02030509090f0e131217151a181c1a1d1b1d1c1c1b1b1ad000ea22f21fef20f321f421f31ff41cf41cf41bf41af51bf61af619f619f716f616f514f414f413f512f511f60ff70ff60cf60bf60af50bf40a0000000000000000000000000000031301130013fe14fd14fc15fb16fa18fa18f91af719f81af71af51bf41bf31cf31df41ef31ef41df31ef21ff21ff221f222f125f224f326
329,47905788,-29,11,128,1,0,1,4aa11441f2f7fafff803f409f90502f407f207f605fdff02fbfbff010006fc00fcf904f806f8fef7fefb050104fefefcfdfbfbfaf7fcfdff000000000000000000000000000000000000fe01f807f606f9010200080608060bfe0af403f5fefeff070207fdf7f2edf4f6fd02f80af10df510fb0c06fd12fa13030a01fefff604
330,47912888,-31,11,256,1,0,1,40055400f7f2fafafe010108040e06130818091b0a1d0a1e0a1e091c081a07170512030e0209010300fe00fa00f600f301f101f002ef00fb000000000000000000000000000000000000010008040b060e08120b140d1610171117121613141212100e0d0a09060401fefdf9f8f3f4edf1e7eee3ebe0eadde9dbe9dae9dceadecb000ded09ef09ef08ee08ef08f007f107f107f107f206f206f206f306f206f406f406f506f506f606f606f706f805f805f905fa05fa06fa06fb0000000000000000000000000000fff500f501f502f402f503f403f304f204f204f205f105f106f207f107f108f108f007f008f008f008ef08ef08ef08ee09ee09ed09ec09ec
331,47922284,-30,11,256,1,0,1,40055441f4f2f9fafd010009040f0615081a091d0a200a200a20091e071c06190514030f0209020402fe02fa02f603f304f105ef05ef01fb000000000000000000000000000000000000020009010d02120316051a071c081e0a1e0c1d0d1b0c170b13090e06080202fdfcf8f6f3f1edece9e8e4e5e1e3dee2dce2dce3dde5dfcc000eee0aef0bef09ee09ee09ef07f008f008f108f107f107f207f307f206f307f307f507f507f506f606f606f705f805f906f905fa06fa06fb000000000000000000000000000000f501f502f502f403f404f304f305f205f205f106f106f107f108f108f109f00af009f009f009f009ef0aef0aef0aee0aee0aed0bec0aeb
332,47928908,-30,11,256,1,0,1,40055400ef03f80300020802100216031b031e032003210320041f041c04180414030f02090104ff00fdfbfbf8faf5f8f4f6f3f5f2f4fcfd00000000000000000000000000000000000001fe07f809f60df310f014ef17ed19ed1aee1aef19f016f312f50cf806fbfffdf8fff001e903e205dd06d906d507d407d307d407d607c100f2edf1f2f2f2f0f2f2f3f2f3f3f4f3f4f4f5f3f5f4f6f4f6f5f6f5f6f4f6f5f7f6f6f7f7f7f7f8f7f8f7f9f8f9f8f9f9faf9fbf9fbf9fcf90000000000000000000000000000f6fcf6fbf6faf6faf5f9f5f9f4f8f5f7f4f6f4f6f3f6f4f4f3f4f3f4f4f3f4f3f4f3f3f2f3f3f2f3f3f3f2f2f3f1f1f1f1f1f1f0f0f0eef1
333,47934578,-31,11,256,1,0,1,40055441020f020702ff02f702f002eb02e603e203e003df03e003e103e403e803ec02f101f6fffbfe00fc04fb07f90af80cf70df60dfd03000000000000000000000000000000000000fefef9f8f7f6f5f2f2eef1ebf0e8f0e6f0e5f2e5f3e6f5e9f8edfaf3fcf9fe00ff07010e0215041b042105250628052a052a05290526cb00ed0bf20df20cf20df30cf20bf30bf40bf40af40bf50af50af509f509f609f608f508f607f607f706f706f705f805f804f804f903f803f8020000000000000000000000000000fc09fb09fb09fa09f90af909f80af70af70af60af50bf50bf40af40bf30bf30bf30bf20bf20bf20cf30cf20cf20cf20df10df00ef00ef00f
334,47939024,-31,11,256,1,0,1,40055441fff0fef8fd00fc08fb0efa14f919f91cf81ef81ff81ff81df81af917fa12fb0dfd08ff0301ff03fb06f807f609f40af30bf302fc00000000000000000000000000000000000001010507070a090e0a120b150c180c1a0b1b0a1b091a07170612040d030601ff01f800f1ffeaffe4ffdeffdafed7fed5ffd5fed6fed8c30015fb11f812f911f911f810f90ef90efa0efa0efa0efa0df90df90dfa0cfb0cfc0cfc0cfc0bfd0bfd0afe09fe08fe08ff08ff08ff08000800000000000000000000000000000005f706f706f707f808f809f709f80bf70bf80bf70cf80cf70df80df80ef80ff810f80ff910f80ff910f810f911f911f812f813f612f613f6
335,47943911,-31,11,256,1,0,1,40055400effdf700ff0206050c08110b150d180e1a101a101a10180f160f130d0f0b0b080804040101fefefafcf7fbf5faf3f9f1f9f1fefc00000000000000000000000000000000000001ff08fb0bfa0ff812f716f619f61bf61cf71cf81af917fa13fc0dfc06fd00fcf9fcf2fcebfbe5fbdffadbf9d8f8d6f8d6f7d8f7dbf8cb00f7ecf6f1f7f1f5f0f6f1f7f1f7f2f7f2f7f3f7f4f7f4f7f4f8f5f8f5f8f5f8f5f9f5f9f6faf6faf6fbf7fbf7fbf7fcf8fcf9fcf9fdf8fef80000000000000000000000000000f8f9f9f9f9f8f9f8f9f7f9f7f8f6f8f5f8f5f8f4f8f3f8f3f8f2f9f2f9f1f9f1f8f1f8f1f8f1f8f0f7f1f7f0f7f0f6f0f6eff6eef5eef4ef
336,47961635,-30,11,256,1,0,1,40055441faeffcf8fd00fd08fe0efe14fe19fe1dfe1ffe20fe1ffd1efd1bfd18fd13fd0efe09000401ff03fb05f806f608f409f30af302fc000000000000000000000000000000000000010107050a070d0a100d130f141215141416131612150f130c0f090a060502fefff8fcf1f9ebf7e5f6e0f5dcf4d9f3d7f3d6f4d8f5dace0012f50ef30ef40ef30cf30cf40bf40bf50bf50bf50af50af509f509f609f609f709f809f809f908f808f908fa07fa07fb07fc07fc07fc07fc000000000000000000000000000004f604f605f706f706f707f608f709f609f609f50af60af50bf60bf60cf60df50df50df50cf50cf40cf50df40df40ef30ff30ff20ff10ff1
337,47970285,-30,11,256,1,0,1,4005540006f002f8fdfef804f409f00ded10eb13ea14e914e914ea13eb11ee0ef10bf408f805fd03010105ff08fe0bfe0dfe0efe0ffe03ff00000000000000000000000000000000000000010208030b030f04130417031a031b021c011c001aff17ff13000d0107020004fa06f308ed0ae70ce30edf0fdc10db11db10dc0fdecb00130311001101110011000f000f000e000e000eff0dff0dff0dff0dff0c000c000b000b000b000a000a000901080008010800070107020602000000000000000000000000000008fc09fd09fe09fe0aff0bff0bff0c000c000d000d000e000e010e010e010f010f010f0210010f01100110011002110112011201130014ff
338,47981619,-30,11,256,1,0,1,400554410d0a070301fdfcf7f8f2f4edf1e9efe5ede3ede2ede3efe4f1e6f3e9f5edf8f2fbf7fdfcfe01ff050009000c000f0010ff11ff04000000000000000000000000000000000000fdfff6fff2feeefee9fde6fbe3fae1f8e1f7e2f6e4f6e7f7ecf8f2fbf8fefe0104050a0a110e16121a151e18211b221c221d211c1f1acf00fa15fe14fd13ff14ff13fe12ff11ff11ff10fe10ff0fff0fff0eff0eff0eff0dfe0dfd0cfd0cfd0bfd0bfd0afd0afd09fd08fd07fc08fc0700000000000000000000000000000409020a020a020b020b010b010d010d000e000e000fff0fff10fe10fe10fe11fe11fe12fe11fe12fe12fe13fe12ff14fe14fd15fe16fe16
339,47994305,-30,11,256,1,0,1,40055400fceffbf8fb00fa07fa0ef914f818f71cf61ef51ef51ef51cf519f616f712f90dfc09ff04020005fd08fb0afa0cf90ef80ff903fe000000000000000000000000000000000000010108040b050e08120a150d170f171117121613141311110e0e0a09070403fe00f7fdf1faeaf8e5f7dff6dbf6d8f6d5f7d5f7d6f8d8c90011f30cf20df40df30cf40cf40bf40bf40af50af40af509f609f609f609f709f709f709f808f908f908fa08fa07fa07fb07fb06fc07fc06fd000000000000000000000000000002f704f704f705f706f606f606f607f607f608f509f50af50bf50bf50bf50bf50cf50cf50cf50cf40cf40cf30cf40cf30df30ef30ef20ff1
340,48002662,-29,11,128,1,0,1,14400141d9f6ec01f91100190c12121d13351f3b283d2440233d233d21452140182e0f1f0b12030300f102e201de03de08d907d60ad803f600000000000000000000000000000000000004fe15f923f52fef39ed40ec44ed49f14bf249f549f949f93eff2f011dfa01f1ebe6d8dfbee0b6e5c2e5bfdeabd8a0cf9cc59fc4acc4
341,48011053,-30,11,256,1,0,1,4005540004ef00f7fcfef805f40af10fef13ec15eb17ea17ea17eb15ec13ee10f10df50af906fd03010105ff09fe0cfd0efd0ffd10fd04ff00000000000000000000000000000000000000010408050a070e081309160a19091b081c071c061b05180413030e0207030003f904f205eb06e508e009dc0ad80bd70bd70bd90bdbd10014fa10f710f910f910f90ffa0ef90ef90df90df90df90cfa0cfa0cfb0cfb0bfb0bfb0bfb0afc0afd0afd09fe08fd08fe08fe07ff07ff0700000000000000000000000000000005f806f907f908f908f808f809f80af80af80bf90cf90df90ef90df90df90ef90efa0ff90ffa0ff90ff910f810f910f811f811f812f813f7
342,48020701,-30,11,256,1,0,1,40055400110008fe00fcf8fbf1f9ebf7e6f6e3f4e0f3dff3e0f3e2f3e4f4e8f5edf6f1f9f6fbfbfeff01020405070809090b090d090e0203000000000000000000000000000000000000fe01f705f407f009ec0be80ce50de30ce20ce20ae309e607eb06f104f803000207010f0117011d01230128012b022d022d032c032a02ca0004160711061207120811061106100610060f060e060e060d060d060d060c050d040b040c030b030b030a0309020a02080108010800080008000000000000000000000000000007070708060805090609060a060b060c060c060d060e060e060e060f05100510061105110511061106110612061207130613071408140914
343,48025310,-30,11,256,1,0,1,400554410f06080101fcfbf8f5f4f0f0ecedeaeae8e9e7e8e8e8e9e9eceaefedf2f0f5f4f9f8fcfdfe0100050109020c020e021001110004000000000000000000000000000000000000fd00f603f304ef05ea06e707e407e106e005e103e303e602eb01f101f802ff0306040d0615081b09200b240d280e290f2910280f260ec600fd1601120012011301120012011001110110010f010f010e010e010e010d000d000cff0cff0bff0bff0aff09fe0afe08fe08fe08fd07fd070000000000000000000000000000050804080409030a030a030b030c020c020d020d020e020f010f011001100010011100110012011101120112001202130113011501150215
344,48035795,-30,11,256,1,0,1,400554000cf705fafefdf7fff101ec02e804e504e305e205e304e404e603e902ed02f201f701fb010002040207030a040c050c050d060301000000000000000000000000000000000000ff01fc07fb0af90ef711f514f316f217f117f016f114f212f50ef80afc06010206fd0cfa11f616f31af01dee20ec21eb21ec20ed1eeec8000e0c0e070d080e080e070d070d060d060c060c050c050c040b040b040b040b040a040904090409040804080307040703060306030503050300000000000000000000000000000803080407040805080509050906090609060a070a080a080a080a090a090b090b090b090c0a0c090c090d090d090e090e090f0a0f091108
345,48050756,-30,11,256,1,0,1,40055441110008fe00fcf8faf1f8eaf6e6f4e2f3e0f2dff2dff2e1f2e4f3e8f4ecf6f1f8f6fbfbfeff0102050508070a080c090e090f0203000000000000000000000000000000000000fe01f706f508f10aec0ce90ee60fe30ee20de20ce40be70aec08f205f904000208010f0117001e00230028012c012e012e012c012a01cd0008150a1009100b110a100910090f090f080e080d080d080d080c070c070c070c060b050b050b050a040a04090309030902080208010800080000000000000000000000000000090509060806080708080909080a090a080b090b090c090d090d080e080e080f090f090f090f090f090f091109100a110a120a120b130d12
346,48064885,-30,11,256,1,0,1,40055441f40efb08020208fc0ef813f417f11aef1ced1ced1ced1bee19f016f312f50df809fa04fdfffefafff6fff200f000efffeefffbff00000000000000000000000000000000000000fd00f600f200ed01e902e503e205e106e007e007e206e605eb03f100f7fdfdf904f50bf111ee17ea1be71fe522e424e424e522e720d100e9f8ecfdecfcebfdedfeedfdeffeeffeeffeefffeffff0fff100f1fff100f2fff2fff2fff3fef4fef4fef5fff6fef6fef6fef7fdf7fdf7fd0000000000000000000000000000f500f500f5fff5fef4fef3fef3fdf2fdf1fdf1fdf1fcf0fcf0fcf0fbf0fbeffaeefbeefaeffbedfbeefcedfbeefbecfbebfbeafceafce9fd
347,48077835,-30,11,256,1,0,1,40055400f7f2f9fafc01fe08000f01140219021c021e021f021f011d001b0017ff13ff0e0009010402ff03fb05f807f608f409f30af302fc000000000000000000000000000000000000020009010c021003140417061a081b0a1b0b1a0c180c150a11080c05070102fdfdf8f8f3f4eef0e9ede5ebe1eadee9dce9dceaddebdfcf000cef07f008f008f007f008f007f106f106f206f206f305f306f405f305f406f506f506f506f605f706f805f805f805f905fa05fa05fa06fb0000000000000000000000000000fff600f601f602f502f502f403f404f303f404f305f305f206f206f207f207f208f107f107f107f107f008f007f007f008f009ee08ee08ed
348,48083482,-30,11,256,1,0,1,4005544109f203f7fcfcf600f103ec06e808e509e30ae20ae20ae309e507e906ed04f103f603fb020002040308040a040c050d060e07030100000000000000000000000000000000000000020109020c031003140317021a011cff1dfe1cfe1bfd17fe13ff0d0107030106fb09f50cef10ea13e616e318e019df19df18e117e3cb00120610031003110310020f030e020e020d020d010d020d010c010c010c010c020b020b020a02090209020802070207020702060306030603000000000000000000000000000009fd09fe09ff0aff0a000b000b000c010c010c010d020d020e030e030e030e040e040f040f040f030f0310040f0310031104120313031302
349,48104097,-30,11,256,1,0,1,4005544102100308030004f804f105ec06e707e308e108e108e108e308e508e907ed05f203f600fbfdfffb02f805f606f408f208f208fc02000000000000000000000000000000000000fefef8faf5f8f2f5eff3ecf0ebedeaebeaeaeceaedeaf0ecf2f0f6f4f9fafc00fe07010e0314051a0620072407270729072907280626d100ec04f007ee07ef08f009f108f307f207f205f206f206f307f407f406f506f505f404f404f403f504f503f703f703f802f801f801f801f8000000000000000000000000000000fa07f907f906f806f806f606f606f406f407f407f307f407f306f206f106f106f006f107f007f107f107f006ef06ee07ee08ed09ed09ed0a
350,48121826,-30,11,256,1,0,1,4005544101100208030004f905f206ed07e808e409e20ae10ae20ae40ae609ea07ee06f203f700fbfdfffb02f804f506f307f207f107fc01000000000000000000000000000000000000fefef8faf5f8f2f5eff2edf0ebedebebebeaece9eeeaf0ecf3f0f6f4f9fafc00fe07010e0314041a051f052406270629052905280426d000ed09f10bf10af20bf20bf209f309f309f408f409f408f508f508f508f507f507f506f506f505f605f604f704f804f803f802f802f802f8010000000000000000000000000000fc08fb08fb08fa08f908f809f808f709f709f609f509f509f409f409f409f309f209f309f209f20af20af20af20af10bf10bf00bef0cef0d
351,48132178,-30,11,256,1,0,1,40055400f003f802000207020e02130218031b031d041e041d041c041904160412030d020801040000fefcfcf9faf6f8f5f7f4f6f4f5fdfd00000000000000000000000000000000000001fe06f908f70bf50ef211f114f016ef17f017f116f214f410f60bf905fbfffdf8fff201eb02e604e105dd06da06d806d806d905db05cc00f2f0f2f5f3f4f2f4f2f5f3f5f4f6f3f6f4f6f4f7f4f7f4f7f5f8f5f8f5f8f5f8f6f8f7f8f8f8f8f8f8f9f9f9f9f9fafafafafbfafbfafcf90000000000000000000000000000f7fcf7fbf7fbf7faf7faf6f9f6f8f6f8f6f8f6f7f5f6f5f6f5f6f5f5f5f4f5f4f5f4f5f4f4f4f4f4f4f4f3f4f4f4f2f4f2f3f2f2f1f2eff3
352,48142282,-30,11,256,1,0,1,40055400f0f7f7fdfd020308090d0d1210151218141a141b131b121a10180d160a12080d0508030301fe00f900f5fff200f000ee01ee00fb00000000000000000000000000000000000002ff09fd0dfc11fb16fb1afb1dfc1ffd20fe1fff1e001a0115010f0008fe00fcf9faf2f7ebf4e5f2e0efdcedd9ebd8e9d8e8d9e9dbeacd0002e9ffec00ecfeecffed00edffeeffeeffefffeffff0fff1fff100f000f100f201f201f301f301f402f402f502f502f702f702f803f804f80000000000000000000000000000f9f7faf6fbf6fbf5fbf4fbf4fbf3fcf2fcf2fcf1fcf1fdf0fdeffdeffdeffeeffeeefeeeffedfeedfeedfeecfeecfeebffebffebfee9fde9
353,48153066,-30,11,256,1,0,1,40055400f104f903000208010e01130118011b011d011e011d011b011901160212010d01080004fffffefcfcf8fbf6faf4f8f3f7f3f6fcfd00000000000000000000000000000000000001fe05f907f60af40df110ef13ee15ee16ee16ef15f113f30ff50af804fbfffdf800f202ec04e706e207de08db09d909d909db09dd08c600f3eff3f4f4f3f2f4f3f4f4f4f4f6f4f5f5f6f5f7f5f7f5f7f5f8f5f7f6f8f6f8f7f8f7f8f8f8f8f8f9f8f9f9faf9faf9fbfafbfafcf9fcf90000000000000000000000000000f7fcf7fbf7fbf7faf7faf7f9f7f8f6f7f6f7f6f7f5f6f5f6f5f5f5f5f5f4f5f4f5f4f5f4f5f4f4f4f4f4f4f3f4f3f3f3f3f3f2f2f1f2f0f3
354,48166434,-30,11,256,1,0,1,4005540000eefff7fdfffc08fa0ff915f81af71df720f621f620f61ff71cf818f914fa0ffc09fe0401ff03fb06f808f509f40af30bf202fc00000000000000000000000000000000000000010309040c061007150819081c081e071f061e051d041a0315020f0208020002f802f102e902e203dd03d803d503d303d303d403d6c30016f811f612f712f611f610f70ff70ff70ef70ef70ef70df70cf70cf70cf80cf90cf90cf90bfa0afa0afb09fb08fb08fc08fc08fd08fd08fe000000000000000000000000000007f808f808f909f909f90af90bf90cf90cf90df90ef90ef80ff90ff90ff911f911f811f910f810f810f811f811f812f713f713f513f513f4
355,48172080,-30,11,256,1,0,1,40055441f70efc07020106fb0bf60ef211ee14ec15eb16ea16ea15ec13ee11f00ef30bf607fa03fcfffffb00f702f403f203f103f003fc00000000000000000000000000000000000000fffefff7fff4ffefffebffe800e501e302e303e303e503e803ec01f200f8fdfefb04f80bf511f316f01bee1fed22ec23ec23ed22ee20cd00eafeee02ed01ed02ee02ef02f002f002f001f102f102f202f202f202f301f301f301f301f400f501f500f600f700f7fff700f8fff8fff8fe0000000000000000000000000000f704f703f602f602f502f402f401f301f301f202f101f101f101f100f100f000ef00ef00ef00ef01ef01ee00ee00ee01ed01ec01eb02eb03
356,48176248,-31,11,128,1,0,1,6dd44641f7f9f703fe0f0c1016060e08fc0bf303f6fdf8f9faf000f3fffef800fbfd02fc02fa01f7fdf8fafefbfdfff403f80204fd07fe01000000000000000000000000000000000000fefffd00020208fc08f501f7fd00fa04f607f80b020202fa03fd07fefffcf4fff203eefbe9f4f7fa06f70bf10af306f609fa050cf91d
357,48176689,-31,11,128,1,0,1,3cc44341e708f3fbfef706f304ecf7f6f308f812ff11ff09f6fcfdf90e05100c0109fa0005ff0c0308fc07fc0b0207ffff000304090102ff000000000000000000000000000000000000fc00f80207020b01fe0afd0d02030102ff09f501f6f80dfb12000706060502fd04f80bf403f9f906fb16031e0111f907f90403fe0f04
358,48179630,-30,11,256,1,0,1,40055400f3f4f7fbfb02ff09020f05150619071c081f0720071f061e051c03180314020f020a020402ff03fb05f806f507f308f209f202fc00000000000000000000000000000000000002ff09fe0dfe11fd15fd19fe1cff1e001f011e031c03190314030e0108ff02fcfbf8f5f4eff0eaede6e9e3e6e1e3e0e1e0e0e1e1e2e2ca000aee06ef07ee05ee05ee05ef04f004f104f104f104f103f203f203f203f303f304f404f404f504f504f603f703f703f804f904f904f905f90000000000000000000000000000fff600f500f601f501f502f403f404f303f303f204f204f205f206f106f106f107f006f006f005f006f006f007ef07ee07ed07ec06ec05ec
359,48183946,-31,11,256,1,0,1,400554000f04080101fdfaf9f4f6f0f3ecf0e9eee7ece6ece7ece8edeaeeedf0f0f3f4f6f8f9fbfdfe0101050208040b040d050e040f0103000000000000000000000000000000000000fe00f602f303ef04eb05e705e405e204e203e202e401e701ec00f200f801ff0206030d0514071a081f0a230b260c280d280d260d230cd20005140810060f0810080f060f060e070e070d070c070c060c060c060c060b060a050b050a040a0409030903080309030702070207010701070000000000000000000000000000060706070508050905090609060a050b050b050c050d050d050e050e050f040f040f050f050f061006100611061007100611071208120913
360,48187961,-31,11,256,1,0,1,40055441ef00f701ff0207040d05130618081b091d0a1d0a1d0a1b0a190a160912070d050903040000fefdfbfaf9f8f6f7f5f6f3f6f2fdfc00000000000000000000000000000000000001fe07fa0af80ef611f415f318f31af31bf31bf419f617f812f90dfb06fcfffdf8fef1feeaffe4ffdfffdaffd7ffd5ffd5fed7fed9fecd00f4edf3f2f4f2f3f2f4f3f4f2f5f3f4f3f5f4f5f5f5f6f6f6f6f6f6f6f6f6f6f6f7f7f8f7f8f7f9f8f9f8faf8faf8faf9fbf9fcf9fbf9fcf90000000000000000000000000000f7fbf7faf8f9f7f9f7f8f7f8f6f7f6f7f7f6f6f6f6f4f6f4f6f3f6f3f6f3f6f3f6f2f6f2f6f2f5f2f5f2f4f1f4f2f4f2f3f1f3f0f2f0f1f0
361,48427918,-29,11,128,1,0,1,1440014126051c040bf4fbe8f2e8e8e5d9e3c6dbbbd4bddac1ddc1e0bae3b6dec4ded4eadff9ee03ff110d201525161f151e162412270309000000000000000000000000000000000000fc00e904d90acb0fbb0faf0fb510bb0ebb09ba09b609b701c3f7d4f8ef050a0d140c1b0b340f45124d155e1963175f0d70157928722a
362,48806181,-29,11,128,1,0,1,999ff94102fa06fc00fd0005050f020e030508fd0ff510f009f409f605f9fd01010201fdfc01fe08fd0af807f901fffd05ff02fefcf5fefc000000000000000000000000000000000000fe00fffd05fa06000508060c060d0407fefcfcf700fcfd02f608f50df609eefdf200090b14ff14f30b01fe0b08030e06fe11f60af6fa
363,49217431,-29,11,128,1,0,1,82266841f8ecf6f0f6faf8fdf9f8fff706f803fcff04fe01f9fef702f701f500f501f9fd00fd0302ff02fcfef6fff605fc0604030a020300000000000000000000000000000000000000fe00f900f601fbfdfff601fa020301030c0116000d0100fdf8f7fafbfb04fc0004f508fa0706020100fc0007030f0a0b03fd00f310f4
364,49269729,-29,11,128,1,0,1,144001410523ff1e021404fd03e50ad214c619bd18b60bb203b40bb713b711be0fcd0bdd0be907f6fc06f312ec17e916e714e315e414f904000000000000000000000000000000000000fdfef1f5e6e6dedad8d4d2cfd2cbd4cddacfdfcdddccd8c8d8c9e4dcf6f6fe0aff1806290a330438084611571161132712eb0e1c0c4a
365,50064728,-29,11,128,1,0,1,14400141e2dfecef000008120a250b330e3b17441c4b1846173f1f3e26421f40192d131e0715fe05f8f4f4e6f3dff5def6ddf7dcf9dbfef600000000000000000000000000000000000002030914072308310e39114011421240123f134212460d40082b0a1b100f08fa00e4ffd0fcc6fbc5f4bee1b3dcafe0ace29dec91f396
366,51367308,-31,11,128,1,0,1,2aacc2410504efffe5f8e7ffed09fd070afd05fcf6fff200f500fbfd05fd05fdfdfcfb040007010204000a0006ff030104050002fef8fffc000000000000000000000000000000000000fdfff7fdfc01fe010100030600080302fdfcf0fff405fe0bff1205130b0b060404fd04fd0400090108fe03fbffff0007060d09060bf9
367,51518819,-29,11,128,1,0,1,0ee00041e0ebecf706f71af6140311171b271b20120f100d18131b1517131410100d0d0a08080404fd00f7fdf8f9f9f3f7f0f8f0f8f0fefc000000000000000000000000000000000000010007020d021202160318021a021b061e091f0a1b0b150c120711fc09f9f5fbe5fce8fae0fbd1ffd8f8dbe8d3dbd0ded3e7daeae0eb
368,52285781,-31,11,128,1,0,1,f44ddf4112080bfe0008e606eefe0b0205fcfdf90602070004f70cf212ec0af0fa06f712ff0a06040d0610030fff0ffe0cff08fefff4fefb000000000000000000000000000000000000fbfbf9f408040c0e090bfe07fc06080009fb0cfa12f70cfb00fdf9f7f9f2faf4f70cf91efb0d00fa03f3f7eeebebecedf5faf800f2ff
369,52586512,-28,11,128,1,0,1,14400141090d0607fbf5f2e6f3ebfbf203f0f9ebe5e5e1e3ece2f3e2f4e3f7e6faecfdf2fdf8fdfdfa00f704f808fa09f90af70cf50dfd03000000000000000000000000000000000000ff02fe09fe0dfe12fc15fb18fb19f619f21af018f115f30ff50ef811fe0d0c051aff19fc22fb31f82cf82403240e290b2c022a012903
370,52707403,-92,11,128,1,0,1,bcc00b41fefcfefd02ff04ff04ff03fffffeff000103fffcfdf3fff5fffdfd02fd06010402020002ff02ff00fffe00fd01000101010000000000000000000000000000000000000000000000ff00fd00fdfffdfc01fb06fc03fafefb01ff03040204020002fd01fb00fcfffffffffefffafbfbf6fdf8fdfefb00fcfffdfffcfd
371,53794943,-28,11,128,1,0,1,14400141f11bfd16f80ff209010816051a01120914161a20141d0b18061a05170613060f0606080108fd06f906f709f50df40ff50ff603fd000000000000000000000000000000000000fdfef5f8f1f7ecf5eaf1ecefedeeeae9ebe5eee6eee9f0eefaecfeedfaf6f3fbebfef007eb16dc21dc23da16d40ed91ae31ee611de0b
372,54777421,-28,11,128,1,0,1,14400141f50afe06041107240423ff26042c0c230323f62cf927fd1ffa22f920ff170010ff0b010704030bff0dfc0efd11ff12001100040000000000000000000000000000000000000000fc01f100ef00ec01e905e509e308e508e709e709e607e90bf30cfa04f7f7f4e8f2e7f0f1fbf106e9fce6fee304d7fad5f9e0f9e4ec
373,55547469,-26,11,128,1,0,1,14400141e406e9fee6f7e1fde611f31bf619ec1ae720e721ec19e614da12e00cef09f507f705fd060108040708070c070d080d090c0a030200000000000000000000000000000000000002fd09f60bf40df00fee0eee0eec11ea14ee14f014ef0ff30dfa12fe08fefaf4f8e8f3e6e8e2e4e0e8e9f3e7f9e2e9e4e4e8efe9efd8
374,56134495,-25,11,128,1,0,1,14400141f527001a040806040f0518061e091e08160b120c14050f05061108170d100a060703070106fe06fc07f808f509f40af50bf602fd000000000000000000000000000000000000fd02f609f50af20cef0def0cee09ea09e70ae806ea03ee00f205f611fb10fd09fd09ff1007150c1b072006280b360438f837f42ffa12
375,56805802,-92,11,128,1,0,1,4883344101010301030201030103030002fd02ff0000fdfffdfefffe0100ff02fe0100fefffdfefcfefc01fd01ff0000000001ff02ff0000000000000000000000000000000000000000ff00fc0000fc03fd0000ff0000fefffefe00ff0200030202020102020101fdfdfafffc01fe02ff0402040303030904110107fefcfdfd
376,57437153,-28,11,128,1,0,1,14400141180c13070cfc10ee15f70c0202050c09110c09130a17111b111d081a0215000e010903060301030107030b050c080b0b0a0c020300000000000000000000000000000000000002fe0bf90df711f716fb1bff1e011c041a0a17101413110f0f060cfe05030e0a1d061bfe0e01070c150c27102e202d23291e251c1d1a
377,57637651,-29,11,128,1,0,1,b99ffb410ef50f02fb00f3f8fe02020afefe02f003eef9f7f800fc01fc02050c090ffe04f4fef103fa0501fff504ef08f9fd02f9ff07ff040000000000000000000000000000000000000302040cf40bf60403fa07fa05fdfdf4f5ed02f80e0c0819041efa1ff517000507f30cef0ff60cff030af716f61408020cfdfe050105
378,57886506,-30,11,128,1,0,1,7227774107060f0410fc0cf40cf405fbfe0409060d0005fe06060d0e0e0d0a0a030501060109fb05fa050207060003fc02feff00fb00feff000000000000000000000000000000000000fdfbf6f4fbfdfbfcf8f6fef208f70a030204fc02fb0df710f203f3fbf7fdf8fef8f3f6f4f005f90c080e0e0c0d0805060104ff0202fc
379,57917892,-30,11,128,1,0,1,799aa741fdf2f3f5f200f901fff705f709ff060306fb0af406f8f7f8eef5f5fafc09fb13f50ff709fe0100fa04fd06fe00fbfc00fe08000200000000000000000000000000000000000003fe06faf500eb01f5fbfe04010c0202fffdfb00f4fcf0f6f7f7fafaf6f6fbfafbfcf1f8f4fafcf8f800f708fa0fee19ec10fc0a0216
380,57959583,-28,11,128,1,0,1,14400141e9e6e8f6e4f8dff0e3f6e3f7d9f9d706dbffdbedddeeddf4ddeee3eaebf2f2f7f6f8f6faf7fff805f706f604f406f104ee01fb00000000000000000000000000000000000000fd00f4fff0ffebfee8fbe7f3e8edebeeeeedf0eaf0ecf3effceafee6f6edf3f9f307e706ddf4dde9d7eed5e7d7dedce8e0e4dbddd9e7
381,58328079,-29,11,128,1,0,1,90011941f4feebf9ef04f10cf00ef011f30efc040200fc07f806f902f309ee08f60005fc0af900f9f7fdf200f400fafbfcfbfefe01fe00ff0000000000000000000000000000000000000002ff03fcfb00fb0404050608fc09f508f808f603f6fafc0104080a07090a060506fc040107070d060eff03f2f3f5ef02f1fdf9f10d
382,58330989,-30,11,128,1,0,1,e55eee410505040211ff19030c04fffdf9fafcfefc00f6fff8020002fffbf6fdf401fffc04f401f4fff8fbfafbfb00fd01fe00fe0002ff01000000000000000000000000000000000000fefdfbf7fff800fafb00f806fe06fe01f9fbf8f7f9fcfbff00f800f7fa01f30af303f5f7f5fdfa00fff706f40ef30df406fc01ffffff
383,58403147,-93,11,128,1,0,1,7cc00741fd03fd03fd00fefd00ff00fffefdfffcfffeff04ff04000000ffff0000ff00000002ff02ff0001000201010000ffff00fe00ffff000000000000000000000000000000000000ffff000001000000fffffffffc00fe0001fefffffc00fc00fdfffffefffefd00fd00fd00fe0105fd06ff0106f90df50df707f805f905
384,58465836,-30,11,128,1,0,1,34466341f0ff01010d0309fa09f20af303fcf5faf0f5fcf004eb0af210fa0901030407000afc0aff060b0108fdf9fef9fffffbfcf8f4fefc000000000000000000000000000000000000fdfcf4f5f6fcf9fefdfc07fe0800fa01f2fdf5f2f5f3f8080415000cf70401050003f7f7fcf0fef100f50dfc0d030001f6f8ec00ec14
385,58534373,-27,11,128,1,0,1,2338824109f702ff0506050703ff0afd08fe03fd08fc09fb01fbfa00f7fff7f5fef60000fd05000704030800090404070205ff04f703fc0000000000000000000000000000000000000000fdfff5f9f8f4fdf8fcfef5f9f6f302fa0003fa09010fff0dff060810091201fef7f1f8f8060411000cfbfbfdf8f903f402f4f9f6f6
386,58613731,-30,11,256,1,0,1,40055400fd0c04080b05110416031a031d041f051f061f071c081908160812060e040a0206ff03fb01f800f500f200f001ef02ee03ee00fb000000000000000000000000000000000000fdfef3faf1f9eef7ebf5eaf2e9f1e9efebeeedeeefeff1f2f4f6f5fbf701f707f70df513f418f21cf020ee22ec23eb22eb20ec1dee1ae600eff9f1fdf2fcf1fdf2fcf2fcf2fdf2fdf3fef3fef4fef4fef4fef4fef4fef5fef5fef6fef6fef7fef7fef7fef8fdf8fef9fef9fdf9fefafd0000000000000000000000000000f8fff8fef8fef7fef7fef7fef6fdf7fdf6fdf6fcf5fbf4fbf4fbf4fbf5fbf4faf4faf4fbf3faf2fbf3fcf2fbf3fcf2fcf2fbf1faeffaeefc
387,58618736,-30,11,256,1,0,1,40055400080709000bfa0cf40eef11ec13e915e816e817e916ec15ee13f110f40cf607f903fafefafafaf7f9f5f7f3f6f2f5f3f4f3f3fdfc000000000000000000000000000000000000fd01f508f209ef0bec0cea0ce70ce60ae609e707e906ed05f105f706fc08020b060e0b120f16111a131d13201322122310230f210e1edc00ee05f306f206f207f307f407f406f506f505f406f505f506f606f605f605f604f604f604f603f704f703f803f902f902f901f901f901f9010000000000000000000000000000fb05fa05fa05f904f905f805f804f705f705f605f605f605f505f505f405f405f405f405f405f405f405f305f305f206f206f107f107f108
388,58622856,-30,11,256,1,0,1,40055400fbf4f7faf300ef04eb07e709e40ae20be10ae109e308e506e805ec03f003f503fa03fe0402060508060b070d080e070e060f010300000000000000000000000000000000000003ff0dff10ff13ff160019011a031a041a061806160612050e020aff06fa03f501efffeafee5fde0fedcffda00d800d801d902dc02dfe00011ff0efd0efe0efe0efe0dfe0cfd0cfd0cfd0cfd0bfd0bfd0afd0bfd0afd0afd0afd0afd09fe08fe08ff08ff07ff07ff07ff06ff06ff0600000000000000000000000000000006fd07fd07fe08fe08fe08fe09ff09ff09ff0aff0bff0bff0bff0b000b000c000c000c000d000dff0dff0eff0dff0eff0eff0fff0ffe10fd
389,58632820,-31,11,128,1,0,1,2bb11241f5faf3f6fff70aff0503fdff03fb08f303f303f802fb030307090107fafff9fbfc0103050807090402fffbfffcfcfdfcfd02ff0100000000000000000000000000000000000000000303ff00fafcf9fdf7fdfc00040b07120d0d0f0111fb10030607fa03f2fdf3f7fdf603f702fa070110050c0407000ffe18ff10f9
390,58637817,-30,11,256,1,0,1,40055400f708ff0906090c0b110c140e17101812191318141613141310110d0f0a0b0707060304ff04fb05f705f406f207f108f109f202fc000000000000000000000000000000000000fefdf8f5f6f2f5eff4ecf4e9f5e7f6e6f8e6f9e7fae9fbecfbf1faf7f8fcf502f207ee0bea0fe612e314e014de14dd13dd12df10e10fd500f9eff8f3f9f2f8f2f8f3f9f3f9f4f9f3f9f4f9f5f9f5f9f5faf6faf5faf6fbf5fbf6fbf6fcf7fdf7fdf7fdf8fdf8fef8fdf9fef9fef9fff90000000000000000000000000000f9fbfafafafafafafaf9f9f8faf8faf8faf8faf6f9f6f9f6f9f5faf5faf5faf4faf4faf4f9f3f9f3f9f3f8f3f9f3f8f3f9f2f8f1f7f1f6f1
391,58643449,-31,11,256,1,0,1,400554000a0308fd06f604f003eb03e704e405e106e007e107e307e607e906ec05f103f500f9fcfcf9fef600f300f100f000efffeffefbff000000000000000000000000000000000000fe02f80af60cf40ef110ef12ec12eb11ea10eb0eec0cef0af409f908ff0705080a09100b150d1a0f1d121f141f161f171d181b171915e100e418ef16ed16ee17ef17ee16f015f116f114f213f314f313f413f312f512f412f410f411f40ff50ef40ef50cf70df60bf60af609f608f5080000000000000000000000000000f90ef80df80df60df60ef40ff50ef30ff30ff10ff00ff012ef11ef12ee11ee12ee12ed12ec12ee14ec14ed15ee14ed15eb16eb18eb1aeb1b
392,58651950,-31,11,256,1,0,1,4005540004f4fdf8f6faf0fcebfde7fde4fde2fce1fbe1fae3fae5f9e8f9ecfaf0fbf4fdf800fc02fe060009010b010d010f0010ff10ff04000000000000000000000000000000000000020109070b080e0b100d11101112111410140e140c120a10090b0806070107fb09f50aef0cea0ee611e213e014df15df15e114e312e6db000c0c0b080b090c070c070b070a060b060a060a050a050a040a04090409040904080408040804070407030604060305030503050305030404000000000000000000000000000006030604060406050605060506060707070607070707070708080808070908090809080909090908090909090a090b090b0a0c090c090e08
393,58657791,-31,11,256,1,0,1,40055400090707ff06f906f206ed07e808e509e309e20ae20be40be60be909ed07f104f501f9fdfcfafef6fff3fff100f0ffeffeeffdfbff000000000000000000000000000000000000fd01f606f408f009ed0aea0be80be70ae608e707e906ec05f104f605fc060108070a0c0d111115141717191a191c191d181d161c151ad700e518ee17ec17ed18ee16ee17f015f015f014f013f113f112f112f113f312f211f210f210f20ef30ef20df30bf40bf409f408f508f408f4060000000000000000000000000000fb0efa0ef90ef80ef80ff710f610f511f511f412f312f213f012f014f012ef12ee13ee13ed14ee15ee15ed16ed15ed17eb17ea18ea1aea1b
394,58666486,-31,11,256,1,0,1,40055400faf4f9fbf702f508f20df011ee14ec15eb16ea16ea14eb12ed10ef0df30af707fb05ff04030307030a030c040e050e060e07030100000000000000000000000000000000000002ff0bff0dff11ff1400170119021a0319051806160613050f030b0006fd02f8fef3fbeef9e9f7e4f6e0f5ddf5dbf6daf7dbf8ddfadfd80010f90cf80df80cf80cf80cf80bf90af90af90af80af809f809f809f808f908f908f908fa08fa07fa07fb07fb06fc06fc06fc06fd06fd06fd000000000000000000000000000005fb06fc06fc07fc07fc08fc08fc09fc09fc09fc0afc0afc0bfb0bfc0bfc0bfc0cfb0cfb0cfb0cfb0cfa0dfa0cfa0dfa0df90ef80ef80ef7
395,58672438,-31,11,256,1,0,1,40055400000f040709000efa12f616f219f01cef1dee1eef1df11cf319f516f711f90cfa07fb01fbfdfaf9f9f6f7f4f6f3f4f2f3f3f2fcfc000000000000000000000000000000000000fdfff4fcf1fcedfbe9f9e7f7e5f5e4f3e5f2e6f1e9f2ecf3eff6f3fbf700fa06fc0dfe130019001f0024ff28fe2afd2bfd2bfc28fc25d900eb00ef03ef02ef04ef03f003f103f103f202f103f203f203f303f303f403f302f403f402f502f502f501f601f701f700f700f800f800f8ff0000000000000000000000000000f803f803f702f702f602f602f502f402f402f402f301f301f201f201f200f100f100f101f101f001f102ef01f001ef02ee01ed02ed03ec04
396,58709074,-31,11,256,1,0,1,40055400fa0fff0a05060a030f01130017001a001b011c021b0319041705140510040c03080105fe02fc00f9fff6fff4fff200f101f100fc000000000000000000000000000000000000fdfff6fcf4fcf1fbeefaebf8eaf6e9f5e9f3eaf2ecf2eef3f0f5f3f9f6fdf802f808f90df912f817f71bf61ff421f322f222f120f11ee400f0fff202f301f202f301f301f401f302f402f402f502f602f602f502f602f602f602f702f701f801f700f800f900f900f900fa00f900faff0000000000000000000000000000fa01f901f900f800f800f800f700f700f700f7fff6fff5fff5fff5fff5fff5fff5fff4fff4fff3fff400f300f300f300f300f200f101f002
397,58713130,-31,11,256,1,0,1,400554000af103f4fcf6f6f7f0f7ebf6e7f5e5f4e3f3e3f2e4f1e6f1e9f1edf2f0f4f4f7f7faf9fefb02fb06fb09fa0cfa0df80ef70efd03000000000000000000000000000000000000020109050b060f071209140c150e151114131313121310110e0e0b0a0a0409ff09f80af30ced0ee811e414e216e018df19e019e219e4e0000e090d060c060d060d050c060b050b050b050b040b050b040a040a0409040905080408040804070407050605050405040504040404040304000000000000000000000000000007ff07000700070107010802080208020903090309040a040a040a050a050a050b050b050b050c050b050c060c060c060d060e060f061006
398,58713807,-31,11,256,1,0,1,40055400fbf0f9f7f7fdf402f107ee0aeb0de90ee70fe60ee60de70be809eb07ef05f304f703fc030004030605070709080b080c070d010300000000000000000000000000000000000002ff09fd0cfc0ffb12fa15fa17fa19fb1afd19fe18ff150012ff0dfe09fc04f800f4fdf0f9ecf7e7f6e3f6dff5ddf6dbf7dbf9dcfadee4000ef80bf70bf80af70af70af809f809f809f809f808f808f908f908f807f908fa07f907fa07fa06fb06fb06fb06fc06fc06fc05fd05fd05fd000000000000000000000000000003fa04fb04fb05fb06fb06fa06fa07fb07fa07fa08fa08fa09fa09fa09fa09fa0afa09f90af90af90af90bf90af90bf80bf80cf70cf70cf6
399,58716032,-31,11,256,1,0,1,40055400f3f3f4faf601f608f60ef514f318f11aef1cee1ced1aed18ed15ef12f20ef50bfa08fe05020406040a040c050e060e080e09030200000000000000000000000000000000000001fe08f809f50cf20ff012ee14ed17ee18ef18f018f215f412f60df607f601f6faf4f4f2efefeaebe7e8e4e5e2e2e3e0e4dfe6dfe7e0e1000bf207f208f307f207f207f206f306f306f406f406f405f405f505f505f505f506f605f605f705f705f805f904f904fa04fa04fa05fa05fb000000000000000000000000000001f802f803f803f804f804f704f805f705f605f606f606f606f606f607f607f608f507f508f407f508f408f408f408f308f208f209f108f0
400,58718168,-31,11,256,1,0,1,40055400080f09070a000bfa0df410ef12eb15e916e918e918ea18ec17ef14f211f50cf807f903fafefafafaf7f8f5f7f4f5f3f4f4f3fdfc000000000000000000000000000000000000fd01f505f307f009ed0bea0ce70ce50be40ae408e507e805eb05f105f607fc09010c06100b140f18121c132014231325122610250f24dc00f009f409f309f40af50af509f509f609f608f609f608f608f708f708f807f707f707f706f706f805f805f804f905f904f903f903f903f9020000000000000000000000000000fb06fb06fb05fa05fa06f905f905f806f806f706f606f607f606f606f506f406f407f407f507f508f407f408f508f409f309f30af30bf30b
401,58720080,-31,11,256,1,0,1,40055400f811fe0c05080c06120417041b041e05200620071f081d091a09160912080e060a0306ff04fc02f801f401f202f003ef04ee01fb000000000000000000000000000000000000fdfef5fbf2faeef9ebf7e8f6e7f3e6f1e7efe8eee9eeecf0eff3f2f7f4fcf602f608f60ff615f41bf21ff023ee25ec26eb26eb24eb21e000eff6f2faf1faf0fbf1fcf1fbf3fcf3fcf3fcf3fdf3fdf3fdf3fdf4fdf5fef5fcf6fdf5fcf6fcf7fcf6fcf7fcf8fdf8fdf9fdf9fcf9fcf9fc0000000000000000000000000000f8fff8fef8fef8fdf8fef7fcf7fcf6fcf6fcf5fcf5fbf5fbf5fbf5faf5faf4f9f3faf3faf3fbf3fbf3faf3f9f2faf1faf1f9effaeffbeefb
402,58724231,-31,11,256,1,0,1,400554410ffc09fa03f7fef4faf1f7eef6eaf5e8f4e6f4e5f6e5f8e6fae8fcebfdeefdf2fdf7fcfbfbfef901f703f504f305f204f104fc0100000000000000000000000000000000000000020309050b060e071107140716051804190319021701150212020d040907050b010ffd13fa18f81cf71ff722f723f724f823f921fae000000f030c020c040d040c030c030a030b020a020a030a030a030903090308020801080108010801080107000601060006ff05ff05ff05ff06000000000000000000000000000003050305030502050206020702070208020803080209030802080209010a010b020b020b020b030a020b020b020b030c030d030e040d040d
403,58725965,-31,11,256,1,0,1,40055400051107090a030dfd10f813f416f119f01bf01cf01cf21bf419f616f913fa0efc09fc04fb00fafdf8fbf6f9f4f8f2f9f1f9f0fefc000000000000000000000000000000000000fd01f505f307f009ed0bea0be70be50ae409e407e506e805ec04f105f606fb09000c041108150b1a0d1e0e220e250d270c280a270925e500ee03f205f204f206f206f305f405f405f404f405f405f505f505f505f604f604f603f603f603f703f702f802f902f801f801f901f900f9000000000000000000000000000000fa04fa04f904f904f803f803f803f703f704f604f503f604f503f503f403f303f303f304f304f304f405f304f304f205f205f006f006f007
404,58728837,-31,11,256,1,0,1,400554000c0d0b060aff0bf80cf20eed10ea12e814e615e715e815ea15ed13f110f40cf707f902fafefafaf9f7f8f5f7f4f5f4f4f4f3fdfc000000000000000000000000000000000000fe02f809f70cf50ff211f013ed14eb14e913e912e910eb0eef0cf40af90aff0a050c0b0e1011151418171b1a1c1d1c1f1a211920171fde00f30bf80cf70bf80cf80bf70bf80bf90bf80af90af90af90afa09f909f909f909fa08fa08fa07fa07fa06fa06fb06fa05fa04fb04fa04fa030000000000000000000000000000fd06fd06fd06fc07fb07fb07fb07fa08fb08fa08f908f909f808f909f809f809f709f709f709f70af70af70bf70bf70cf60bf60cf60df60e
405,58743411,-30,11,256,1,0,1,4005540010050cff09f907f406ee06e907e508e309e10ae10be30ce50ce80beb09ef07f303f6fff8fcfaf8fbf5fbf3faf1f9f1f8f1f7fcfd000000000000000000000000000000000000ff02fe0cfe0efd12fc15fb18f91af71af51af419f417f514f711fb0eff0b05090a08100816081b091f0a220c240e2511241222132012dd00f90efd0dfc0dfd0dfd0dfd0dfe0cfe0cfe0bfe0bff0bff0aff0aff0bff0aff0afe09fe09fe09fe08fe08fe07fe07fe06fe06fe05fd06fd050000000000000000000000000000ff07ff06fe07fe07fe08fe08fe08fd08fd09fd09fc09fc0afb0afc0afb0afb0afb0bfb0bfb0bfb0cfc0cfc0dfc0cfc0dfc0dfc0efc0ffd10
406,58743843,-31,11,256,1,0,1,40055400f1f4f3fbf402f409f30ef212f016ee18ed19ec18eb17eb14ec12ee0ff10cf509f907fd0601060506070709090b0a0b0b0a0c020300000000000000000000000000000000000001fd05f506f207ef09ec0cea0ee910e912ea12eb12ed10ef0df108f303f5fef5f8f4f2f2edf0e8eee5ebe3e8e2e5e2e4e3e3e5e4e7e5ea0015e50ee80ee80ce60ce80ce70bea09e90be90aeb0aeb09eb08ec08ec07ec08ed08ed09ee08f007f108f108f206f207f408f508f508f608f7000000000000000000000000000004f205f205f307f207f108f108f10af009ef0aef0bef0bed0cee0dee0eee0eed0eec0fec0dec0eea0deb0ee90eea0ee810e811e510e60fe4
407,58745063,-31,11,256,1,0,1,40055400eefff303f808fc0dfe120016001a001dff1efd1ffc1efb1cfa19fa16fa12fc0dff090106050408020b010d010e020f0310040401000000000000000000000000000000000000fffdfdf4fdf1fceefceafde7fee400e302e303e404e603e902ed00f1fcf4f7f8f2faedfce7fee3ffdefedbfdd8fcd8fad8f8d9f7dbf7ea0002ef00f201f2fff200f200f300f3fff3fff3fff4fff4fff4fff5fff4fff5fff500f600f600f600f700f701f800f800f901f901f901f902fa0000000000000000000000000000fef9fef9fef8fff8fff8fff7fff700f600f600f601f500f500f500f401f401f402f401f401f301f300f200f200f200f200f200f000f0fff0
408,58746476,-30,11,256,1,0,1,400554000011040b09060e0212ff17fd1afc1dfc1ffd1ffe1eff1c011a02160312020e01090006fd03fa01f700f400f200f001f002ef00fb000000000000000000000000000000000000fd00f403f104ee05ea05e704e503e302e300e4fee6fde8fdecfef101f504f908fc0dfe120018011d01210025ff27fe29fd28fc26fb24e200effff202f201f102f202f302f302f402f402f403f403f502f502f503f602f602f602f602f702f701f801f801f900f900f900f900f900f9ff0000000000000000000000000000f902f801f801f801f801f701f700f600f601f600f500f500f400f4fff4fff4fff3fff300f300f300f300f200f301f201f100f101f002ef03
409,58753803,-31,11,256,1,0,1,40055400030e060809020dfe10fa14f817f619f51af61bf61bf81af917fb14fc10fd0cfd08fd04fc00fafef8fcf5fbf4fbf2fcf1fcf0fffc000000000000000000000000000000000000fd00f504f305f006ed06ea06e805e604e603e701e800eb00ef00f302f705fb08ff0c02110515061a071e072106230524042403220220e900f003f404f304f305f404f404f504f504f504f604f604f604f704f704f604f703f704f703f803f803f802f802f902f901f901fa01fa01fa010000000000000000000000000000fa03fa03f902f902f802f802f802f702f702f702f602f502f502f502f501f502f502f402f402f303f403f403f403f304f303f204f204f105
410,58757862,-31,11,256,1,0,1,40055400f1f8f4fff505f70cf712f717f61bf41df31ef11ef11cf01af117f213f50ff80bfc080006040408040b040d050e060f070f08030200000000000000000000000000000000000001fd05f406f108ee0aeb0de90fe811e813e913eb13ed10ef0df208f402f5fcf5f6f5f0f3eaf2e5f0e1eddfebdde8dde6dee5e0e5e2e6d9000af107f207f206f106f205f205f305f305f405f304f404f404f504f403f504f504f604f604f604f704f703f803f803f904fa04fa04fa04fa000000000000000000000000000001f802f802f802f803f803f703f704f604f604f605f605f606f506f506f507f507f506f406f406f406f306f306f307f207f208f107f107ef
411,58758531,-31,11,256,1,0,1,40055400f104f706fe09030c061009130b160b190b1b0a1b091a0719051703140210020c03070403050008fd09fb0bfa0dfa0efa0efb03fe000000000000000000000000000000000000fffdfcf5fbf2faeff9ecf9eafae7fbe6fde6fee6ffe8ffebffeffdf3faf8f7fcf3ffee02e905e507e108de08db07da07da05dd04df03da00fdeffcf3fdf2fbf2fbf3fcf3fcf4fbf4fcf4fcf5fcf5fcf5fcf6fcf6fcf6fdf6fdf7fdf6fef7fdf7fdf8fef8fef9fff9fff9fff9fff900f90000000000000000000000000000fcfafcf9fcfafdf9fdf9fdf8fdf8fdf7fdf7fcf6fdf6fdf6fdf5fdf5fdf4fef4fdf4fdf4fdf4fcf4fdf4fdf3fdf3fcf2fcf2fcf1fbf1faf2
412,58760926,-31,11,256,1,0,1,4005544109f402f6fbf7f5f7f0f6ecf5e8f3e7f2e6f0e6efe7efe9efecf0f0f1f3f4f6f8f8fbfafffb03fb06fa09fa0bf90df80df70dfd03000000000000000000000000000000000000020108070a080c0a0e0d1010101210140f150d150b140a11090e0809080409fe0af90cf30fef12eb15e817e61ae51be51be61ae819eadb000d1d0e1610171217131310130e110e120c120e100f111110100e0e0e0e0d0c0e0a0d0b0f0b0f0b0d0a0d090b080b070a060a060b050b050b00000000000000000000000000000b090b090a09090a090b090d080e0a100b0f0c100b100c100b100a120a140c150d150d150e140d120a140b160d160f181018131713161415
413,58765019,-31,11,256,1,0,1,40055400f001f605fc0a010f04130718081b091e082007210520031e021b01170012010d02080404060009fd0bfb0efa0ffa11fb11fc04ff000000000000000000000000000000000000fffdfff3fff0ffecffe901e602e304e206e307e408e707e904ed01f2fdf6f7faf2fcecfee600e001dc00d800d6fed5fdd5fbd7fadafada00fdedfcf0fdf1fbf1fcf1fdf1fcf1fbf2fcf2fcf3fcf3fcf4fdf4fdf3fdf4fdf4fef5fef5fef5fef6fff600f7fff7fff800f800f800f801f90000000000000000000000000000fbfafbf9fbf9fcf8fcf7fbf7fbf7fcf6fcf6fcf5fcf4fcf4fcf4fcf3fcf3fdf3fdf2fdf2fdf2fcf2fcf1fcf1fcf1fbf1fcf0fceffbeefaee
414,58771699,-31,11,256,1,0,1,40055400050d070609ff0cf90ff412ef15ec17eb19ea1aeb19ed18ef16f113f30ff60bf806fa01fbfcfbf8faf5f9f3f7f2f6f2f5f2f4fcfd000000000000000000000000000000000000fd00f300f100ed00ea00e6ffe4fde3fce3fbe4fae6f9eafaeefcf3fff702fb07ff0d03120518071d0821082508280729062804260323e400ef0af40af40af40af50af40af509f60af509f609f609f709f709f708f809f808f808f808f807f906f906f905fa05f905f904fa04fa04fa030000000000000000000000000000fa05fa05f904f904f805f805f805f705f705f605f505f506f506f506f406f406f407f406f406f308f408f308f408f309f209f20af10af10b
415,58776572,-31,11,256,1,0,1,40055400f408fc0804080b09110a150c190e1b101b121b12191217121411100f0c0c0908070404ff03fb03f703f403f104f005ef06ef01fb000000000000000000000000000000000000fffdfbf4faf2f9eef8ebf8e8f9e5fbe3fce3fee4fee6ffe9feeefcf3faf9f7fef304ef09ea0de610e212de13dc14da13da12dc10de0fd600f6eff5f3f6f3f4f3f5f3f6f4f6f5f6f4f7f5f7f5f7f5f7f6f7f6f7f6f8f7f8f6f9f6f9f7faf6faf7faf7fbf8fcf8fcf9fcf9fdf8fdf9fef90000000000000000000000000000f8fcf8fbf8fbf8fbf8faf8faf8f9f8f8f7f8f7f8f7f7f7f7f7f6f7f5f8f5f7f5f7f4f6f5f6f5f6f5f6f4f6f3f6f3f5f3f5f3f4f2f4f2f2f2
416,58780046,-31,11,256,1,0,1,400554000d0007fb01f7fcf2f8edf5e9f3e5f2e2f2e0f3e0f5e1f6e3f8e5fae9fbeefcf3fcf9fbfdfa02f806f708f50af30bf20bf10bfc02000000000000000000000000000000000000fe02fa0af90df710f513f315f117ef17ee16ed15ee13f010f40df90aff0705060b04120418031e042205260628072909280a260a2309d500fc12ff0ffe1000100010fe0fff0e000fff0dff0d000d000d000d000d000bff0cff0bfe0bfe0bfe0afe09fe09fe08fe08fe07fd07fd06fc0700000000000000000000000000000207010701080008000800090009000a000b000bff0cff0cff0cff0dfe0dfe0dfe0efe0dfe0efe0efe0ffe0ffe0ffe10fe10fe11ff120012
417,58792712,-31,11,256,1,0,1,4005540007f600faf9fdf2ffed00e801e402e202e001e001e100e4ffe7ffebfeeffff4fff901fe02020405060708090a0a0c0a0d090d02030000000000000000000000000000000000000002020a020d0310031303160218011a001aff19ff17ff14ff0f010a030405ff08f90cf40fef13eb16e819e61ae51ce41ce51ae718ead00021131e0b1c0d1f0b1d0a1c0b1a091b091a091a071908180718071707170716071407140713081208110810080f080e070d060c080b080a0900000000000000000000000000000f010f030f03100411051105120713061307140815091509160a160b170c180c180c180c190d1a0c190c1b0d1b0d1d0c1e0e1f0d210d230b
418,58794509,-31,11,256,1,0,1,400554000bfd04fbfcf9f5f7f0f4ecf2e8efe7ede6ece6ebe7eceaededeef0f0f4f4f7f8fafcfc00fe05ff09ff0cff0eff10fe11fd11ff04000000000000000000000000000000000000fe02fb09fa0cf80ff612f414f316f116f015f014f012f210f60cfa09ff0605030b0011fe16fd1cfb20fb24fb26fb27fc26fc24fd22fdd6000512070e050f070f060f050e060e060e060d060c050c050c050c050c040b040b040a030a030a02090209020901080107010700070007ff070000000000000000000000000000050505060506050704070508050805080509050a040b040b040c050c050c040c040d040d040e050d050e060e060e060e060f061007100810
419,58794984,-31,11,256,1,0,1,40055400f405fc0404050c05110716081a0a1c0b1d0c1d0c1b0d190c160c120b0e080a05060202fe00fafef6fdf3fcf1fcf0fdeffeeefffb00000000000000000000000000000000000000fd02f502f203ee04eb05e807e708e609e60ae709e908ec06f003f5fef9fafdf401ef05ea08e50ae10cdd0ddb0dda0dda0ddd0bdf0acd00f9edf9f0f9f0f7f0f7f1f8f1f9f2f9f2faf2f9f3f9f3f9f4f9f4faf4faf5fbf5fbf4fcf5fcf5fcf5fcf6fdf7fdf7fef8fef8fff8fff800f80000000000000000000000000000f9fbf9fafafafaf9faf9faf8faf7faf7f9f6f9f6f9f5f9f5f9f5faf4faf3faf3f9f2f9f2f9f3f9f3f9f3f9f1f9f1f8f1f7f0f7eff7f0f5f0
420,58796572,-31,11,256,1,0,1,40055400fb0b000507000cfb11f815f619f41bf31df21df31cf41af518f714f90ffb0afc05fc00fdfcfcf8fbf5faf2f9f1f8f1f7f1f6fcfd000000000000000000000000000000000000fefdfbf6f9f4f8f0f7edf6eaf6e8f7e6f8e6f9e7fae8faebfbf0fbf5fbfbfa02f808f70ef514f319f11def20ee22ed22ed22ee20f01dd000ecffee01ef00ee01f001f001f101f001f201f102f202f201f201f201f301f301f401f401f500f500f500f600f7fff7fff7fff8fff8fff8fe0000000000000000000000000000f802f801f701f701f601f601f601f501f400f400f300f3fff2fff2fff3fff2fff2fef1fff1fff0fff100f000f000ef00ef00ee00ed00ec02
421,58797059,-31,11,256,1,0,1,40055400f3fffb020206080a0c0d10101313151515171517141712150f140c11090d0709040403ff02fa01f601f301f102ef03ef04ee01fb00000000000000000000000000000000000001fe07f809f60bf30ef110ef13ef14ef15f015f113f211f40df608f802fafcfbf5fceefce9fce3fcdffcdcfbd9fad8fad9fadcf9dff9d600feecfcf0fdeffceffbf0fcf0fcf1fcf1fcf1fcf2fcf2fcf3fdf3fdf2fdf3fdf3fef4fef4fef4fef5fff6fff6fff6fff700f800f801f801f80000000000000000000000000000fbf9fbf9fcf8fcf8fcf7fcf7fcf6fcf6fcf5fcf4fcf4fcf4fcf3fdf2fdf2fdf2fdf1fdf1fdf1fcf1fcf1fcf0fcf0fcf0fceffceefbedfaed
422,58799550,-32,11,256,1,0,1,40055400f500fc02030409060e08120a160c180e190f180f170f150e130d0f0c0c090806040202fffffbfdf8fcf5fbf3fbf1fcf0fceffffb00000000000000000000000000000000000001fe07f909f70bf50ef310f212f114f114f214f312f410f60cf807fa02fbfcfcf6fdf0feeaffe5ffe1ffdeffdcffdbfedcfddefde0feca00ffedfdf0fdeffbeffcf0fcf1fdf2fcf1fdf2fdf2fcf2fcf3fcf3fcf3fdf4fdf4fef5fff4fef5fef5fff6fff7fff700f800f800f801f801f80000000000000000000000000000fbf9fcf9fcf9fcf8fcf8fcf7fcf6fdf6fcf5fcf5fcf5fdf4fdf4fdf3fdf3fef2fef2fdf2fdf1fdf2fdf2fdf1fdf1fcf0fceffceffbeefaef
423,58801357,-32,11,256,1,0,1,40055400f6f9fbff0005040b07110a150c190d1c0d1d0d1e0b1d0a1b081806150510030b0205010001fb02f703f304f105f006ef06ef01fb00000000000000000000000000000000000002ff0afe0dfe11fe14fd18fe1aff1b001b011a011802150210010bff05fdfefbf8f8f2f5edf1e8eee4ece2e9e0e8dfe6e0e6e2e7e4e9cf000aee08ef09ef07ef07ef07f006f107f107f207f206f206f206f306f206f506f407f507f507f607f606f706f805f806f906fa06fa07fa07fb0000000000000000000000000000fef7fff7fff700f601f601f502f502f402f402f303f303f304f304f205f206f206f105f106f106f106f107f006f007ef06ef07ed06ed06ed
424,58801822,-32,11,256,1,0,1,400554000b0404fffefaf8f5f4f1f0edeee9ece7ebe6ebe5ece6eee7f1e9f4edf7f1f9f5fcfafdffff04ff08ff0cff0eff10fe11fd12ff04000000000000000000000000000000000000fd00f503f304ef06eb06e807e607e506e405e504e704ea03ef03f502fb03020408050f0715091b0a1f0c220e240f25102410230f210ec700fd140011ff1101120011ff1100100010000fff0f000f000e000eff0dff0dff0dfe0cfe0cfd0bfe0bfd0afd09fd09fd08fc08fd07fc07fb070000000000000000000000000000040703070308020802090209020a020a020b020c010c010d010d010e000e000e000f000f000f000f000f0011001000110012001301130113
425,58803420,-32,11,256,1,0,1,400554000af902fcfafef2ffec00e801e301e001df01df01e000e200e500e9ffeefff4fff900fe01030207040a050c070e080e090e0a0302000000000000000000000000000000000000fe02fa09f90bf70ef511f314f116f016ef16ef15f013f210f50cf909ff0504010afd0ff915f61af31ef121f023ef25ee24ef21f01ef1cc000b100d0c0c0c0d0c0d0b0c0b0b0a0b0b0b0a0b090b090b090a080a080a080a0809080908080808070707070706070606060505060506040600000000000000000000000000000604060606060606060706070708070807090709070a070a080b080b080b080c080c080c090c0a0c090c0a0d0a0d0b0d0b0d0c0e0d0e0e0d
426,58803896,-32,11,256,1,0,1,400554000808040100fafdf3faeef8e9f7e5f6e2f6e0f6e0f7e1f8e3f9e6fbeafceffdf4fefafefffe04fd08fc0bfb0efa0ff910f810fe04000000000000000000000000000000000000fdfff5fef2fdeefdebfce8fae6f9e5f8e5f8e6f7e8f7ebf8f0faf5fdfa00ff0405080a0c0f1113151618191b1a1d1b1e1a1f181d171bd100e61fef20ed1fef20ef20ef1ef11cf11cf11af11bf11af21af219f219f317f216f115f115f114f213f211f30ff40ff30df20cf30bf30bf10a0000000000000000000000000000ff11fd11fc11fb11fa13f913f914f715f715f617f517f418f318f219f118f019ef1af11aef1bf01bf01cef1ef01ef01fee1fed22ed22ee25
427,58804584,-32,11,256,1,0,1,40055400f7f7fbffff05030b061108160a1a0b1d0b1e0a1e0a1d081c071905150410020b0105010001fb02f703f404f104f006ef06ef01fb00000000000000000000000000000000000002000a010d011101140218031a041b051b061a071806140510040b0205fefffbf9f7f4f3efefebebe8e8e5e5e3e3e3e2e3e2e5e3e6e5c20016dd0edd10df0edd0ddf0ee10de20de20de30ee30ce40ce50be50ce60ce70de80ee90eeb0eed0eed0eee0ef00cf00cf20cf30cf40df50ef60000000000000000000000000000fdeefeeeffed01ed01ec02eb03ea04e805e804e706e606e508e609e40ae40ae30be20be20be20be10be10de00de00dde0edd0edb0eda0dda
428,58808080,-32,11,256,1,0,1,4005540000f3fefbfc03f909f70ff514f317f21af11bf01bf01af118f215f412f60df909fc05ff0103fe06fb09fa0cf80ef80ff80ff803fe00000000000000000000000000000000000000020409050b070e09120a150a170a180919091807170614050f040a030403fd03f603f003e903e403e004dc04d904d805d804db04ded50014fc10fa11fa10f90ff90ffa0efa0efa0dfa0df90df90df90cfa0cfa0bfa0cfb0bfb0bfb0bfb0afc0afc09fd08fd08fd08fd07fe08fe07ff000000000000000000000000000006fb07fc07fc08fc08fc09fc09fd0bfc0afc0bfc0bfc0cfc0dfc0dfd0dfd0efd0efc0efd0ffc0ffc0efc0ffb0ffb10fb11fa12fa12f912f8
429,58823853,-31,11,256,1,0,1,400554410cfc04fefcfff501ee02e903e503e204e004df04e004e204e503e902ee01f300f900fe00030007010b010e020f02100310030401000000000000000000000000000000000000fe01f705f506f108ee0aeb0ce90ce70ce70ce70ce90bec09f007f505fb03010108ff0efd15fb1af91ff823f725f627f526f524f522f6c2000c110c0d0b0d0c0e0c0d0b0d0b0c0b0d0a0c0b0b0a0b0a0b0a0a090b090b090a080a070a0709060906090509040804080407030702070208000000000000000000000000000008030704070408050806080609070907090809080a090a090a0a0a0a090b090b0a0c0a0c0a0c0b0c0b0c0b0d0b0d0c0d0c0e0d0f0e0f0f0f
430,58832145,-31,11,256,1,0,1,4005540005f202faff01fc08f90ef713f517f41af41cf31df31cf41af518f614f710f90bfb06fe0100fd03f905f607f409f30af20af202fc000000000000000000000000000000000000ff01fe08fd0cfd10fc13fb16fa19fa1bf91bf91af918fa15fb11fd0cff06010004f906f308ed0ae70ce20ddf0edc0eda0eda0ddb0cdec50015fc12f911fa12fa11fa10fa10fa10fa0ffb0ffa0efa0efb0dfa0dfb0efb0dfb0dfb0cfc0cfd0bfd0bfe0afe09fe09fe09ff08ff08000800000000000000000000000000000006fa07fb07fb08fb09fa09fb0afb0bfb0bfb0cfb0dfb0dfb0efb0efc0efc0ffb0ffb0ffc0ffc10fb0ffb11fb10fb11fa12fa13fa14f914f8
431,58836286,-32,11,256,1,0,1,40055441010f000600fe00f6ffefffeaffe5fee1fedffedffedfffe100e400e801ec01f201f700fd0002ff06fd0afc0dfb0ffa10fa10fe04000000000000000000000000000000000000fffefcf7faf4f8f0f7ecf6e9f5e6f5e5f5e4f6e5f7e6f8e9f9edfbf3fcf9fe00ff07000e0215031b0320042405280529052a05280526c300ed0cf10ef10cf10ef20df20cf30cf30bf30bf30bf30bf40af40af40af409f508f408f407f507f406f505f605f605f604f703f703f702f6010000000000000000000000000000fe09fc09fc08fb09fa09fa09f909f90af80af80af70bf60af60bf50bf50bf40bf30cf40bf40cf30cf40cf30df20cf20df10ef10ff00ff010
432,58867093,-31,11,256,1,0,1,4005540006f003f7fefefb05f70bf40ff114ef17ed19ed19ec19ed17ee15f012f30ff50bf907fc0200ff04fc07fa0af90cf80ef80ff803fe000000000000000000000000000000000000ff01ff08ff0bfe0ffe13fd16fd19fc1bfc1bfb1bfb1afb17fc13fd0eff08010204fb06f509ef0be90de40fe010dd11db12db11dc11dec60014f910f710f810f710f70ff90ef80ff80df80ef70df80cf90cf90cf90cf90cf90cf90bfa0bfa0afb0afc09fc09fc08fd08fd08fe08fe08fe000000000000000000000000000006fa07fa07fb08fb08fa09fa09fa0afa0bfa0bfb0cfa0dfb0dfa0dfa0dfa0efa0efa0ffa0ffa0ff90ff910f90ff910f811f812f812f713f6
433,58888046,-31,11,256,1,0,1,4005540001120109010001f802f002ea03e403e004de04dd04dd05df05e205e605eb04f003f601fbff00fc05fa08f80bf60df50ef40efc03000000000000000000000000000000000000fefefbf8f8f5f5f2f3eef1ebf0e8efe6f0e5f1e5f2e6f4e8f6ecf8f2faf8fcfffe06000d0215031b042105260629062c062c062b0529cb00eb0bf00df00cf00df10cf00bf20bf10bf20af20af20af30af309f309f308f308f307f307f406f406f405f504f604f603f603f702f602f6010000000000000000000000000000fd09fc09fb08fa09fa09f909f909f80af70af70af50af50bf50af40bf40bf30bf20bf30bf20bf20bf20cf10cf10cf10df00def0eef0eee10
434,58889817,-31,11,256,1,0,1,40055400080f040701fffef8fcf1faebf8e6f7e2f6dff6def6dff7e0f9e2fae6fcebfdf0fef6fffcff01ff06fe0afd0dfd0ffc11fb11fe04000000000000000000000000000000000000fefef8faf5f8f1f6eef3ebf1e9efe8ede8ece9eceaecedeef0f1f4f5f8fafc000106050c09120d18101d122114241526152615251423cd00f211f612f610f712f711f610f710f710f80ff80ff90ff90ef90ef90ef90df90cf80cf80bf80af80af909f909f908f907f907fa06f906f8060000000000000000000000000000ff09fe09fd09fd0afc0afc0afb0bfa0bfa0bfa0cf90cf90df80df80df80df70df60ef70ef60ef70ff70ff610f710f611f611f512f513f615
435,58891013,-31,11,256,1,0,1,40055400f0f8f7fdfe0105050b0a110d1510181319151a1619161815151412110e0e0a0b06070302fffefdfafbf6faf3f9f1f9effaeefefb00000000000000000000000000000000000002ff09ff0cff10fe15fe18fe1bff1d001e001e011c02190214020f0108ff01fdfafbf3f9ecf6e6f4e1f2dcf0d9efd8edd7edd8eddaeecd00fee9fcecfdecfbecfcedfdedfceefdeefdeefdeffdeffdf0fdf0fdf0fef1fef1fff1fff200f200f300f300f501f501f601f602f702f603f70000000000000000000000000000f9f9faf8f9f8faf6faf6faf6faf5faf4faf3faf3fbf2fbf2fbf1fbf0fbf0fcf0fceffbeffceefceefbeefcedfbedfbedfbecfbebfaeafaea
436,58895204,-31,11,256,1,0,1,40055400f0fcf8feff0106040c061109150b180c1a0d1a0e190e180e160d130c0f0a0b0707040301fffefcfbfaf8f8f6f7f4f7f3f7f2fdfc00000000000000000000000000000000000001ff08ff0afe0efe12fd15fd18fd1afd1bfe1aff19ff160012000dff07fe01fdfafcf4faeef9e8f8e3f7dff6dcf6daf5daf4dbf5ddf5c300fbecf8f0f9f0f8f0f8f0f9f0f8f2f8f1f9f2f9f3f9f3f9f3f9f4f9f3f9f4faf4fbf4fbf4fbf5fbf5fcf6fcf7fdf6fdf7fdf8fef8fef8fff80000000000000000000000000000faf9fbf8fbf8fbf7fbf7fbf6fbf6fbf5fbf5fbf4fbf4fbf3fbf3fbf2fbf2fbf2fbf1fbf1fbf1fbf1faf1f9f0faf0f8f0f9eff9eef8eef7ee
437,58899496,-32,11,256,1,0,1,4005540002f000f8fefffb06f90df712f616f41af31cf31cf31cf31af418f514f610f90cfb07fe0301ff04fc06f909f70bf60cf60df503fd00000000000000000000000000000000000000010108020b030e041204160518051a041b041b031902170212020d0207020003fa03f304ed05e705e206dd06da07d807d807da06dcc80013f70ef60ff60ff60ef60ef70df60df60cf60cf60cf70bf70af70af70af70af80af80af809f909fa09fa08fa08fb08fb07fb07fc07fc07fd000000000000000000000000000006fa06fa07fa07fb08fa08fa09fa0af90afa0bfa0bfa0cfa0dfa0cfa0dfa0dfa0df90efa0ef90ef80ef90ef70ef80ef710f710f610f611f5
438,58902547,-32,11,256,1,0,1,400554410bf505fafefef802f205ed08e90ae60ce40ce30de30ce40be60ae907ed05f204f702fc010100050009000c000e010f0110020400000000000000000000000000000000000000ff01fd07fc0afb0ef912f815f617f519f419f319f417f514f711f90cfd07010206fd0af80ff313ef17eb1ae81ce61de51ee41de61be7c8001e1b1e141e151f141e131c131a101a121912191118111911180f170f160f1511121012111110110f0f0f0e0e0c0e0b0d0a0d090e080e070e00000000000000000000000000001100120211021203120413061407150916081709170b180a170c170e171019111b101a101b101c0f1a101b121c131f131f15211522132412
439,58906596,-32,11,256,1,0,1,40055400070d040601fffef8fbf1f9ecf8e8f7e5f6e2f6e2f6e2f7e3f8e6fae9fbedfdf2fef7fffcff01ff06ff09fe0cfe0efd0ffd10ff04000000000000000000000000000000000000fefef9faf7f8f4f5f1f3eef1edefecedebecececeeedf0eff3f2f6f6f9fbfd000006040c08110b160e1b101e12211222122311221020cb00f512fa11fa10fa11fa11fa10fb0ffb0ffb0efc0ffc0efc0efd0dfc0dfd0dfd0cfc0cfc0cfc0afc0bfc0afc09fc09fc08fc08fc07fc07fb070000000000000000000000000000fe08fd08fd08fc08fc09fc09fb0afb0afb0afb0bf90bfa0cf90cf90cf90cf80df80df80df80df90ef90ef90ff90ff910f811f812f812f913
440,58908584,-32,11,256,1,0,1,40055400f106f903010008fd0efb13fa18f81bf71df61ef61df61cf71af816f912fb0dfc08fe03fffefffafff6fff300f1fff0ffeffefbff00000000000000000000000000000000000001fe06fa08f80bf50ef311f113ef15ef16ef16ef15f013f20ff50af805fafffdf900f303ed06e809e30bdf0ddc0fda10da10dc10de0fd100eef2eff7f0f6eff7eff7f0f7f1f8f1f8f1f8f1f9f1faf2faf3faf2faf3faf3faf4faf4faf5faf6faf5faf6fbf7faf7fbf8fbf9fbf9fbf9fa0000000000000000000000000000f7fdf8fbf7fbf7fbf7fbf6faf6f9f6f9f5f9f5f8f4f7f4f7f4f7f4f6f4f6f4f6f3f6f3f6f3f6f2f6f2f6f1f5f1f5f0f5f0f5eff5eef5ecf6
441,58909486,-32,11,256,1,0,1,40055441f004f802000008ff0ffe14fd19fc1cfc1efb1ffb1efb1dfc1afd17fe12ff0dff08ff03fffefffafef6fef3fdf1fcf0fbeffafbfe00000000000000000000000000000000000001fe06fb09f90cf60ff412f215f117f117f117f116f214f410f60bf905fbfffdf900f202ec04e606e108dd09da0ad80bd80bda0bdc0acc00f4edf3f2f4f2f2f2f2f2f4f3f4f4f4f3f5f4f4f5f4f5f5f5f5f5f5f5f6f6f6f6f7f6f8f6f8f6f8f7f8f7f9f7faf7faf8fbf8fcf8fcf8fcf80000000000000000000000000000f8fcf8fbf8faf8faf8f9f7f9f7f8f7f7f7f7f6f7f6f6f6f5f6f5f6f5f6f3f6f3f5f3f5f3f5f3f5f3f5f3f4f2f4f2f3f2f3f1f2f0f1f0f0f1
442,58923056,-31,11,256,1,0,1,400554000efa06fdfd00f503ef05e907e409e10adf0ade0bdf0ae109e408e807ec05f203f702fd0002ff07ff0bfe0efe10fe11ff12ff0400000000000000000000000000000000000000fe01f705f507f109ed0bea0de80ee60fe50fe50ee60de90bee08f306fa03000107fe0efb15f91bf620f424f227f029f029f027f125f2bf00120d120911091209110910091008100810080f070f070f070e070e060d070d070c060c060b060a060a07090608060806070506060606060600000000000000000000000000000901090209020a030a040b040b050b050c050c060d070d070e080d080d090e090e090e090f0a0f0a0f09100a10091109110a130a140a150a
443,58923493,-31,11,256,1,0,1,40055400f208fa0302ff09fb0ff714f418f21bf01def1eee1def1bf019f215f511f70cf907fc02fefd00f901f402f103ef03ee03ed02fb0000000000000000000000000000000000000001fe06f808f50af20def10ec12eb14ea15ea15eb14ec12ef0ef20af604fafefff803f207ec0be70fe312df15dc17db18db18dc17de16c500ebf3edf8edf7ecf7edf7eef7eff8eff8f0f8eff9f0f9f1f9f1f9f1f9f2f9f2f9f3f8f3f9f4f8f5f9f5f8f6f9f7f9f8f9f8f9f9f9f9f9faf80000000000000000000000000000f601f600f5fff5fff4fef4fef3fdf2fdf2fdf2fcf1fcf0fbf0fbf0faf0f9f0f9eff9eff9eff8eef9eef9eef8eef8edf8ecf7ebf6eaf7e9f8
444,58924198,-31,11,256,1,0,1,40055400fb0efe0600fd03f605ef07e908e509e109df09de09df08e108e507e806ed05f203f801fdfe02fc06fa09f80cf70ef60ef50efd0300000000000000000000000000000000000000fd00f600f300ee00ea00e601e402e202e103e203e403e702ec01f200f9fe00fc07fa0ef915f81bf620f525f528f52af529f628f625c900e802eb05eb04ec05ec05ed05ef05ef04ef04ef05ef04f004f005f005f103f103f203f203f202f302f301f401f601f600f500f700f6fff6ff0000000000000000000000000000f805f705f604f604f504f504f404f304f204f204f104f103f003f003f003ef03ee03ee03ee03ee03ee04ed03ed04ec04ec05eb05ea05e907
445,58925409,-31,11,256,1,0,1,40055441040e0105fffdfdf5fbeff9e9f8e4f7e1f6dff6def6dff7e1f9e4fae8fcedfdf2fff8fffd00030007000b000eff10ff12fe12ff04000000000000000000000000000000000000fefefaf7f9f5f6f1f4eef2eaf1e8f1e6f1e5f2e5f3e7f5eaf7eefaf3fcfaff000107030e0615081b0a200b240d270d280d290d270d25c800ed0ef20ff10ef210f30ff30ef40df30df40cf30cf40cf50cf50bf50bf50af509f409f409f508f507f607f606f706f705f704f703f703f7020000000000000000000000000000fe09fd09fd09fc09fc0afb0afa0bfa0bf90bf90cf80cf70df60cf60df50df50cf40df40df40df40ef40ef30ef30ef30ff210f110f111f112
446,58930549,-32,11,256,1,0,1,40055400fbf2fefb00020209040f05140619071c081d081e081d071c061904160311020c01070001fffdfff8fff500f200f000ef01ee00fb000000000000000000000000000000000000010104070609090c0b100d130d150e170e180d180c160a140810060b030501fffef8fbf2f9ecf7e6f5e2f4def3dbf2d9f1d9f2dbf2ddc40013f610f611f50ff40ff40ef60df60df70df80ef70df70cf70cf70cf70bf90cf90bfa0cfa0bfb0bfb0afc0afc09fc08fe08fe08fe08ff08ff000000000000000000000000000002f703f703f705f605f706f707f708f608f608f509f509f60af60bf50cf60cf50df50cf50df40cf60df50df60ef50ff50ff30ff310f210f1
447,58934581,-32,11,256,1,0,1,40055400f80cfc0501fd05f708f10aec0ce90ee60fe40fe40fe40ee60de90bec09f007f504f901fefe02fb05f908f70af50bf40cf30cfc0300000000000000000000000000000000000000fe03f704f505f106ed08ea09e70ae60be60be60be80aeb08ef05f402f9fffffb05f70bf411f116ef1bed1eec21eb23ec23ed21ee1ec500e9ffed02ed01ec02ed02ee01ef02ee02f002f002f002f002f102f102f101f101f201f301f400f400f4fff5fff6fff6fff6fff7fff7fef7fe0000000000000000000000000000f804f703f703f602f502f502f402f302f302f302f101f101f101f101f100f000f001ef00ee00ee01ee01ed01ee02ed02ec01eb01eb02ea03
448,58992340,-31,11,256,1,0,1,400554000210fe07fbfff8f8f4f2f1edeee9ece6eae4e9e4eae5ebe6ece9efecf3f0f7f4fcf800fc0400070309060c090d0a0e0b0e0c030300000000000000000000000000000000000000fd01f602f302ee03ea04e604e304e104e104e104e304e603eb03f102f801ff0107010f0216031d05220627072a082c092c0a2a0a27bf00ea0dee10ee0eee0fef0fef0df00df10df10cf00df10cf10cf20bf20bf20af30af209f208f307f307f406f406f505f504f503f603f503f5020000000000000000000000000000fc0afb0afb0af90af90af80af70bf60bf60cf50cf40cf40cf30cf20cf20cf10cf10cf10df00df00df10ef00eef0eef0fee0fed10ed11ed12
449,58995523,-31,11,256,1,0,1,40055400f306f901fefc03f607f20aee0cea0de70ee60ee50de50ce70be909ec08f006f504fa03fe0103ff06fe0afd0cfd0efc0ffc0fff0400000000000000000000000000000000000001ff08ff0bff0efe12fe15fe18fe19fd1afd1afd18fe15fe11fe0cff06000002fa03f305ee07e90ae40ce10fdf11de12de13e013e212b700eaf9ecfdedfdecfdecfcedfceefdeefdeffdeffeeffef0fdf1fef1fdf1fdf1fdf2fcf2fcf4fcf4fcf5fcf5fcf6fbf6fcf7fcf7fcf8fbf8fb0000000000000000000000000000f702f601f601f500f500f400f400f3fff2fff2fff1fef0fef0fdf0fdf0fceffdeffdeffceefceefdeefcedfcedfcecfdecfcebfceafde9fd
450,59001387,-31,11,256,1,0,1,40055400080a0206fc02f6fef1fbecf9e8f8e5f7e3f7e2f8e3f8e4f9e7faeafbeffcf4fcf9fdfefd02fd06fe0afe0cfe0efe0ffe10fe04ff000000000000000000000000000000000000fffefef7fef4fef0fdedfdeafce7fce6fce5fce5fce7fceafdeefef300f902ff0405070b0a100d151018131b161d171d181d171b161ab900f52bfd28fb26fe27fd27fb25fd24fd24ff22fe21ff20ff1fff1eff1fff1cff1dfd1bfd1afd18fc17fb16fc15fc14fc12fa11fb11fa10f81000000000000000000000000000000412011300130015ff15ff17ff18fe19fd1afd1bfc1cfb1dfa1efa20fa20f920f820fa21f923f922fa24fb26fb25fc26fc27fb2afb2bfd2d
451,59005338,-32,11,256,1,0,1,400554000f010702ff04f807f109ec0be80de50fe411e412e512e711e90fec0df00af407f803fcff00fc03f906f608f409f30af20bf202fc000000000000000000000000000000000000fefff8fcf5faf1f7edf5eaf4e8f2e6f1e6f1e6f1e7f2eaf4eef6f3f8f9fb00fd07ff0e0114021b022003250228012a002a0029ff26feb3000f12100d100e110e100d0f0d0e0c0e0d0e0c0d0b0d0b0d0b0c0a0c0b0c0a0b0b0a0a090a090a080a0709070906090608050805080408030800000000000000000000000000000a020a030a040a040a050b050b060c070b070c080c090d090d0a0d0b0d0b0e0c0e0c0d0c0e0d0e0c0e0d0f0e0f0e100d100f120f120f130e
452,59008082,-32,11,256,1,0,1,400554000ef808fe0204fd0af90ff614f418f31bf31df31ef41ef61cf61af716f911fa0cfb07fc02fdfcfef8fff4fff1ffefffee00ee00fb000000000000000000000000000000000000fe00f700f4ffefffebffe800e500e300e200e300e400e700ec00f1fff8fefefd05fb0cf912f618f41df120ee22ec23ea23e820e91eeab3001706160215021602140214031302130212021201110111011001100110020f020f020e020d030c030c030b030a0409030903080408040705000000000000000000000000000009fc0afd0bfd0bfe0cfe0cfe0dfe0dff0eff0f00100010011101110111021202110212021302130213021402140215021602160217021801
453,59008582,-32,11,256,1,0,1,40055441f60af903fcfcfff601f102ec03e803e502e302e201e301e501e701eb01ef01f301f802fd020103050309040b040d040e040f010300000000000000000000000000000000000001ff07fd09fc0dfb10fa14f916f818f718f718f717f814f910fa0cfc07fe0101fc04f608f20cee10eb13e917e819e71be81ce91beb1abb00d303da09da07d908da08dc06de07de07e007e007e007e206e306e206e305e404e503e503e702e801e900ea00ecffedfeedffeefdeefdeffc0000000000000000000000000000f20bf00aef09ee09ed09ec09ea09e809e709e709e409e308e207e207e107e006df06df07dd07de07de08dc07dc08da08da08d808d60ad50c
454,59012357,-32,11,256,1,0,1,40055400fa0ffa07fafffaf8f9f2f7ecf5e8f4e5f2e3f1e3f1e4f1e5f2e8f4ebf7effaf3fdf701fb04ff060209050b070c090d0a0d0a030200000000000000000000000000000000000001fe06fb09f90cf70ff412f215f016ef16ee16ee15ef13f10ff40bf707fc0301fe06fb0cf812f517f41cf321f324f426f427f526f624b200e707ed09ec09ec09ed09ed08ee08ee08ef07ef08ef07f007f107f007f106f106f105f205f204f303f303f402f502f501f501f600f600f6ff0000000000000000000000000000fa08f908f807f707f707f607f608f408f408f308f208f108f108f008f008ef08ef08ef08ee08ee08ee08ed09ee08ed09ec09eb0aea0beb0c
455,59020345,-31,11,256,1,0,1,40055400110008020004f907f20aed0dea0fe711e613e615e615e814ea12ed0ff00cf408f804fb00fffc02f804f506f307f108f009f002fc000000000000000000000000000000000000fefff8fcf5faf1f8edf6eaf4e7f3e5f1e5f1e5f1e6f2e9f4edf6f2f8f8fafffc06fe0d0015011b012101250129ff2afe2bfc29fc27fbbc001111120d110d120e110d0f0d0f0c100c0e0c0e0b0e0b0e0b0d0b0c0b0c0b0c0b0b0a0a0a090a080a070a070a060a0609050804080408030900000000000000000000000000000a000b010b020b030b030c030c040d050d060d060e080e080f090f090f0a0f0a0f0b0f0b100b100b100c110c110c120c120d130e140e150e
456,59027527,-31,11,256,1,0,1,40055400eff9f7fa00fb08fb0ffb15fa1af91df81ff720f61ff61df61bf717f813fa0efc09fe0401ff03fb05f807f509f30af20af10afc02000000000000000000000000000000000000010104060609090d0b100e13101611171218121811170f140c10090c0407ff03f9fef3faedf6e8f3e2f1deefdaefd8f0d7f1d8f2daf3b200f7e8f4ecf6ecf4ebf5ecf7edf6edf6edf6eff6eff6eff7f0f8f0f7f0f8f0f8f1f9f1faf2faf2fbf3fbf3fcf4fcf4fdf5fdf5fef6fef6fff60000000000000000000000000000f7f9f7f8f7f7f7f6f7f6f7f6f7f5f7f4f7f3f7f3f7f2f7f1f7f0f7eff7eff7eff7eff7eef7eef6eef6edf5ecf6ecf5edf5ebf4eaf4eaf2ea
457,59031623,-31,11,256,1,0,1,40055400f30cf705fbfdfff601f003ea03e603e203df03de02df01e101e301e701ec01f102f603fb030004050409050c050e050f0510010400000000000000000000000000000000000001ff07fe0bfe0ffd13fc17fc1afb1cfa1dfa1dfa1cfa19fb14fc0efd08ff0202fc04f508f00ceb10e714e418e21be11de11ee31de41cb300e6ffea04ea02e803ea03eb02ec03ec02ed03ed03ed03ee03ef03ef03ef02ef02f002f001f101f100f200f300f4fff5fff4fff6fef6fef6fd0000000000000000000000000000f705f604f504f503f404f403f203f203f103f103ef03ef02ee02ee02ee01ed01ed02ec02ec01eb02ec02ea02eb02ea03e902e902e703e704
458,59039550,-31,11,256,1,0,1,40055400f8effdf602fc08020d07110b150e18101b111c111c101b10180e150d110b0c0807060204fd02f900f5fef2fdf0fceffbeefbfbfe0000000000000000000000000000000000000001ff07ff0bff0fff14ff18ff1bff1dff1eff1eff1cff19ff15ff0ffe09fd02fcfbfbf4f9edf6e7f4e1f1ddefdaedd8ecd8ecdaecdcb9000dea08eb0aeb09eb08eb09ec08ed07ed08ee08ef07ef07ef07f007f007f107f108f209f308f408f408f508f607f607f807f807f908f908fa0000000000000000000000000000fdf5fff5fff400f400f301f301f202f102f102f004f003ef05ef05ef06ef06ee06ed07ed06ed06ed06ed07ec07ec07eb08ea08e908e908e8
459,59043918,-34,11,128,1,0,1,6881164108f905fbfe08000f030306f70ffd19061008fb06f308f8120014080b0c03fefcf2f5f8f9fc02fe0301fb01fb020204020000ff00000000000000000000000000000000000000fc00f501fbfefafdf5fdfcfd0604040dfc0bf609fc0b030b05040bf90cfe0a0007f4faf1f7f9fc05fd08010008fc0b050507fef300e3
460,59051882,-31,11,256,1,0,1,4005540007110309fe01f9fbf5f5f1f0edecebe9e8e7e7e6e7e6e9e7ebe9eeecf1eff5f3faf7fefb02ff050208060a080b0a0c0c0c0d0303000000000000000000000000000000000000fffefdf7fcf4faeff8ebf7e7f6e4f6e2f6e1f6e1f7e3f8e6f9eafbf0fdf6fffd0204050c08130b190d1e102312261428152815271525ba00f014f614f413f514f513f512f711f611f710f610f710f710f70ff710f70df70ef60cf60cf70bf60bf70af709f808f707f707f806f706f7050000000000000000000000000000010aff0afe0bfe0bfd0bfd0cfd0dfc0dfb0efb0efa0ffa0ff90ff910f810f810f711f811f612f711f712f612f612f613f614f515f516f517
461,59055736,-31,11,256,1,0,1,400554000e070704ff01f9fff2fdedfbe9fae5f9e3f9e2f9e2f9e4f9e6f9e9faedfbf2fbf7fcfcfd01fe05ff08000b010d020e020f030300000000000000000000000000000000000000fefef9fbf7f9f4f7f0f4eef2ebf0eaefeaeeeaefebefedf1f0f4f5f7f9fbfefe040209060f0a140d190f1d1120122212231222112010b90001160412031204130412031203100310030f030f030f030e020e020f020e020d010d000c000c000b000b000aff0aff09ff08ff08fe08fd080000000000000000000000000000050705070508040904090409040a040b040c040c040d030d030e030f030f020f031003100311031003100311031104120413041404140515
462,59056237,-31,11,256,1,0,1,40055441edfaf6fcfffd07fe0fff15001a001e0021002200210020001d00190115010f0109010401fe01fa01f500f200f0ffeeffeefefbff000000000000000000000000000000000000010008020b030f05140617081a091c0a1d0a1c0b1b0a180914080e0508030100fafef3fbecf9e5f7dff6daf5d7f5d4f4d4f5d5f6d7f7c000fee7faebfbeafae9faebfcecfcedfcedfcedfceefceefceefceffceffcf0fef0fef1fff1fff2fff200f300f400f401f501f502f603f603f70000000000000000000000000000f8f8f8f8f9f7f9f7f8f6f9f5f9f4f9f3f9f3f8f2f9f1f9f1f9f0faeffaeefbeefaedfbedfaedf9edfaedfaecfbebf9ebfae9fae8f9e8f8e8
463,59060316,-31,11,256,1,0,1,40055400f3f2faf800fe06030c08110c160f19111b121c131b131a121811140f100d0c0a07060203fe00fafcf7faf4f8f3f6f2f5f2f4fcfd0000000000000000000000000000000000000101060608080b0b0e0e11111314141614171417131611130e100a0b05060101fcfbf7f5f2f0edebe8e7e5e4e1e1e0e0dfe0dfe1e0e3bf0005e801ea03ea01e902ea03eb02ec02ec02ed03ed02ee02ee02ef03ef03ef03f004f104f204f204f305f404f505f505f605f705f806f707f80000000000000000000000000000faf7fbf6fbf6fcf5fbf4fcf4fcf2fdf2fcf1fdf1fdf0feeffeefffeeffee00ed00edffed00ec00ec00ec00eb00eb00ea00e901e801e800e7
464,59070371,-32,11,256,1,0,1,40055400f2f5f9fb00ff06040c09110c151018121a131b131a131913161213100f0d0b0a06060202fefffbfbf8f8f6f6f5f3f5f2f5f1fdfc000000000000000000000000000000000000010008040b050f071208160b180d190e1a0f190f170f150d110a0c07060301fffbfbf5f6eff2eaeee6ebe2e8dfe6dde5dce5dde6dfe8c20004e900ec01eb00ea00ec01ec00ed00ed01ee01ee01ef01ef01f002f001f002f103f103f203f303f304f404f504f504f604f704f805f806f80000000000000000000000000000f9f8faf7fbf6fbf6fbf5fbf5fbf3fcf3fcf2fbf1fcf1fdf0fdf0feeffeefffeeffeeffeefeedfeedffedffecffecfeebffeaffe9ffe9fee9
465,59078740,-31,11,256,1,0,1,40055441f8f1fcf900010308060f09140b190c1c0e1e0e1e0e1e0c1d0b1b08170613040e02080003fffdfef9fdf5fdf2fdf0fdeefeedfffb0000000000000000000000000000000000000101060709090b0c0e0f1013121512171218111710160e130b0f080b040501fefdf8f9f2f6ebf3e6f0e1eeddecdaebd9ead9ebdaecdcc70013f40ff310f30ff20ff20ef30df30df40df50df50df50df50cf50cf60cf60cf70cf90df90cf90bf90bfa0afb09fb09fc09fd09fd09fe09ff000000000000000000000000000002f502f603f604f605f606f506f508f407f408f308f408f309f40af40bf40cf30df20cf30cf30cf30df30df20ef20ff10ff110f010ef0fef
466,59088031,-31,11,256,1,0,1,40055400fdf1fefaff02000a01120118021c02200322032303220220011d00190014ff0eff08ff0200fc01f802f403f104ef05ee06ed01fb00000000000000000000000000000000000001010608070b0a0e0b120d160e180e1a0d1b0c1a0b1909160711050b030501fefff7fdeffbe8f9e2f8dcf7d8f6d6f6d4f5d4f6d5f6d8c40015f611f412f411f411f410f60ff60ff60ff70ff70ff70ef70ef70ef80df90ef90dfa0efa0dfc0cfc0cfd0bfd0afd0afe0aff09ff09000900000000000000000000000000000002f603f604f605f605f607f507f508f408f509f40af40af40bf40bf40df50ef40ef40ef50ef40ef40ef40ff40ff410f311f312f212f212f1
467,59092029,-28,11,128,1,0,1,144001410422fd0beefce6f9f2f7ffecfbe1f4e3f8e9fae9f7e3f4e7f2f6f3f7f6f1f7f4fafbffff0204020a010cff0efe10ff12ff13ff04000000000000000000000000000000000000fefef8f8f6f6f5f3f2efeeeaede4efe3ede5ede6f2e8efecf1f5fb03fc06fbff05ff0908020b05110d231c2724261729142d1c2a1516
468,59093685,-32,11,256,1,0,1,40055400f7f5fdfc020207070c0c1010131315151716171616151514131310100c0d080904050001fdfdfafaf8f7f7f5f6f3f5f1f6f1fdfc000000000000000000000000000000000000010107060a080d0a0f0d1210131213131314121411120e100b0c07080303fffefaf9f6f3f1eeedeaeae6e7e3e5e1e4e1e4e1e4e2e6e4be0015d80fda10da0eda0edb0fdd0ddf0edf0ee10ee10de10de30de30de40de60ee710e911ea10eb0fec10ee0ff00ef00ef20ff40ef510f510f70000000000000000000000000000f7eef9ecfaecfceafceafee8fee7ffe5ffe500e302e202e204e105e106df07de08dd07dd08dd08dd09dd0adb0adb0bd90cd80bd60cd50cd5
469,59098513,-32,11,256,1,0,1,400554000c030301fbfff4fdeefce9fbe4fae1f9e0f9dff9e0f9e2fae5fae9fbeefcf3fdf9fefeff030007010a030d040f05100510060401000000000000000000000000000000000000fdfff5fdf2fdeffcebfae8f9e6f8e4f8e5f7e6f7e8f7ebf8f0faf5fcfbfe020108030f0515071b091f0a230b260c270c270b250b220ac500031506120512071206120411051005110510050f050f050e040e040e040d040e020d020d020c020b010b010a000a000900090008ff08fe08000000000000000000000000000007060607060806080608060a060a060b060c060c050d060d050e050f050f040f051005100511051006110612061207120613071407140814
470,59102693,-32,11,256,1,0,1,400554000a050202fbfff4fceef9e9f7e5f6e2f5e1f5e1f5e2f5e4f6e6f7eaf8effaf4fbf9fdffff030007020a040d050e060f070f080302000000000000000000000000000000000000fdfff6fbf3faf0f8ecf6eaf5e8f3e7f2e7f2e8f2eaf3edf4f2f6f7f9fcfd020108040e08130b190e1d1021112312241324122211200fb800fe160113001302130213011201110111011001100110010f010f010f000e000eff0dff0dff0cff0cfe0bfe0afe0afd09fd08fd08fd08fc0800000000000000000000000000000508040804090409030a030b030b030c030d030d030e020f020f021002100110011101110111011101120213011302130214011502150316
473,59122832,-31,11,256,1,2,1,40055441f5fdfdfd06fe0efe14fe1afe1efe21fd22fc22fc20fb1dfc1afc16fd11fe0bff05000001fa01f602f302f003ee03ed02ed02fb0000000000000000000000000000000000000002000a040d0610071409160b180c190d190e180d150c120a0d0807050102fbfff4fceefae7f7e2f6ddf5d9f4d7f4d6f5d7f6daf6ddf7c000f7e8f6edf6ecf5ecf5eef7eef7eff7eef7eff7f0f7f0f7f0f8f1f8f1f8f2f9f2faf2faf2fbf3fbf3fcf4fcf4fcf4fdf5fdf6fef6fff6fff60000000000000000000000000000f7f9f7f8f8f8f8f7f7f7f7f6f7f5f7f4f7f3f7f3f7f2f7f1f7f1f7f0f7eff7eff7eff7eff7eff7eff7eef6edf6edf5edf6ecf5ebf4ebf3eb
477,59136222,-31,11,256,1,5,1,4005540005f604fe0406040e05140618071c081e0a1f0b1f0b1d0a1a09170713050f030a0005fd01fafcf8f9f6f6f5f4f4f3f3f2f3f2fdfc000000000000000000000000000000000000fe01f707f508f10aee0dec0eea10e910e910ea0fec0eee0cf208f704fbff00fa04f507ef0ae90de40ee00fdc0fda0ed90cd90bdc09deae00180016fd15fe15fe15fe13fe12fe12fe12fe12fe11fe11fe10fe10fe0fff0fff0f000e000e000d010c010b010a020a020a02080309030803000000000000000000000000000008f909f90afa0afa0bfb0bfb0cfb0dfb0efb0efb0ffb10fc11fc11fd11fd12fd12fd13fd13fd13fd13fd14fd14fe15fd16fd17fd17fc17fc
483,59159973,-31,11,256,1,10,1,40055441fb0bfa02f8faf6f4f4eff1eaefe7ede5ebe5eae6ebe7ece9eeecf1eff5f3f9f6fdfa02fd060009020c030e05100510061006040100000000000000000000000000000000000001fe07f80af60df410f112f014ee14ee15ee14ee12f010f20cf609fa05000105fe0bfb11f917f81df821f825f827f928fb28fc26fe23b400e90cee0eee0ced0dee0cee0bef0cef0bf00bf00bf00af10af209f109f108f207f107f206f206f305f304f404f403f502f502f601f501f6000000000000000000000000000000fd0afc0afb0afa0af90af90bf80bf70bf70cf60cf50cf40df30cf30cf20cf20cf10cf00cf10cf00df10df00ef00df00eee0eed0fed0fed10
490,59183521,-32,11,256,1,16,1,40055441070a0007f904f203ec02e802e402e103e004e005e106e306e606ea05ef04f401f9fffdfc01fa05f807f609f40af30bf20bf202fc00000000000000000000000000000000000000fd00f501f202ef02eb03e903e603e503e502e502e702eb02ef03f504fb060108070a0d0d1210161419171b1a1c1b1c1c1b1b181916a900f731ff2cfb2cfe2bfe2cfd28fe27fd27fe25fc24fd23fd22fd21fd22fb1ffb1ff91df81cf91af81af818f717f815f613f612f611f510f31000000000000000000000000000000b1209130915081607170718071a061c061d051e042003210222022401240025ff250025ff28ff260027002a002a012a002c002e00300131
497,59202676,-32,11,256,1,22,1,400554410d030605ff09f90cf510f213f017ef19ef1bf01bf11bf319f517f614f80ff90afa05fb00fbfbfbf7fbf4faf1faf0faeffaeffefb000000000000000000000000000000000000fefefbf7faf4f9f0f8edf7eaf6e7f5e6f4e6f4e7f5e9f7ecf9effdf401f805fc0a00100316051b062007230626052704270225012200a5000d150f100e100f110e100c100d0f0c0f0c0e0c0e0c0e0b0e0b0d0a0d0a0d090d080d070c070c060c060b050b040b040a030903090209010900000000000000000000000000000a030a040a040a050b060b060b070b080c090c090c0a0d0b0d0c0d0c0d0d0d0d0d0e0d0f0d0f0d0e0d0e0f100e0f0f0f0f11101211121212
503,59235033,-31,11,256,1,27,1,4005540008f507fc06030609070f08130a170c180e190f190f170f150e130c10090d060a0207fe04fb01f7fff5fef2fdf1fdf0fdeffdfbff000000000000000000000000000000000000fe00f7fff4fff0feedfeeafee7fee6fee6fee6fee8feeafeeefef4fdf9fcfef904f709f40df011ec13e915e515e214e113e011e10fe3a9002ffb29f529f729f727f726f924f923f922f822f822f820f91ff91ff91efc1efc1cfd1cfe1bfe19001800160114011402130212041004100500000000000000000000000000000df00ff011f113f113f315f217f318f21af31bf31df31ef420f420f421f523f623f624f725f524f624f626f526f727f529f52bf42cf32ef2
510,59259520,-31,11,256,1,33,1,40055400f70ef905f9fcf9f5f7eef6e9f4e4f2e2f0e0efe1efe2efe4f0e7f2ebf5eff9f3fdf801fc05ff08020b040d060f0710081108040200000000000000000000000000000000000001ff08fc0cfb10f914f818f71af71cf61cf51cf51af617f713f90efc08000204fd09f80ef414f119ee1eed22ed26ed28ee28f027f225ab00e506ea09e808e908ea08eb07ec07ec07ed07ed07ed07ee07ee06ee06ef05ee04f004ef04f003f103f202f201f401f400f400f500f5fff5fe0000000000000000000000000000f909f709f708f608f508f408f408f209f109f108f008f008ee08ee08ed08ed08ec08ec07eb08ec08eb08eb08ea08ea08e909e80ae70ae60b
516,59284702,-31,11,256,1,38,1,40055441fd0ffb06f9fff5f8f2f2efeeecebe9e9e7e9e6eae6ebe7ede9efedf1f1f4f5f7fbf900fb04fd08ff0c000e01100111011201040000000000000000000000000000000000000001fe06f909f70df410f212f015ee16ed16ec16ed14ee12f00ff30bf807fd04030009fe0ffc16fb1cfa21fb25fc28fd2afe2a00280126b700e90dee0fed0fee0fef0ff00df10df10df10cf10cf10cf20cf20bf20bf30af30af208f208f307f307f406f506f505f504f503f603f602f5020000000000000000000000000000fd0bfb0bfb0afa0bf90af80bf70bf70cf60cf50df50df40df30df30df20df10df10ef10df00ef10ef10ef00eef0eef0fee0fed10ed11ed12
538,59301340,-33,11,256,1,59,1,40055441010dfe06fafff6f9f2f4eef1ebeee8ece6ebe5ece5ede7eee9f0edf3f1f5f6f7fbfafffc04fe08000b020e03100311041104040100000000000000000000000000000000000000fe02f703f405f006ed08e909e709e609e509e608e808ea06ef05f404fa03010208020e0315041b05200623082609270a270b250b22af00ee0ff311f111f211f211f20ff40ef30ef30df20df30df40df40cf40bf40bf40af308f308f308f307f406f506f605f604f603f603f602f6010000000000000000000000000000010a000aff0afe0bfe0bfd0cfd0cfc0dfb0efb0efa0ffa0ff90ff80ff70ff710f610f610f610f610f610f511f410f412f312f313f214f214
550,59324313,-33,11,256,1,70,1,40055400000cfd04fafdf6f7f3f2f0ededeaeae8e9e7e8e8e8e9eaebecedeff0f3f3f7f7fcfa00fd040008030b050d060e070f081008040200000000000000000000000000000000000000fd02f603f305ef06ec07e908e609e509e509e608e807eb06f005f503fc0202010901100116021c0321042405270628072808250822b100ed0ef110f10ff10ff20ff20ef20df20df30cf20cf40df40cf40cf40cf40bf40af409f408f407f407f506f505f605f604f604f603f602f6020000000000000000000000000000ff0afe0afd0afc0bfb0bfb0cfa0cf90cf80df80df70df70ef60ef50ef50ef50ef40ef30ef30ff30ff30ef310f20ff210f110f111f012f013
554,59374464,-31,11,256,1,73,1,4005540003f402fc0104000b00110016001b001e011f011f021e021c021901150010000bff06fe00fefcfef8fef4fef2fef0feeffeeefffb000000000000000000000000000000000000ff02fc09fb0bf90ff712f615f417f318f318f317f415f512f70efa09fd03fffc02f605f007ea08e509e10add0ada0ad909d908dc08debd0015fb12f812f912f912f911fa10f910fa0ffa0ffa0ffa0efa0efa0efa0dfc0dfc0dfc0dfc0cfd0bfd0bfe0afe09fe09ff09ff080008000801000000000000000000000000000006f706f807f808f908f809f80af80bf80bf90cf80df90df90ef80ef90ef910f910f910fa10f910f910f911f911f912f912f813f814f714f7
555,59392205,-31,11,256,1,73,1,40055400f504fc0103fd09fa0ff713f516f319f11af01af019f017f115f312f50ef70afa05fd01fffd01f903f604f305f206f105f005fc0100000000000000000000000000000000000001fe08fb0af90ef811f714f616f518f518f617f616f713f90efa09fc03fefd00f703f105eb07e609e20bdf0cdd0edd0fdd0fdf0ee20dc200edf3eff7f0f7eff7f0f7f1f7f1f7f1f7f2f8f2f9f2f8f2f9f3f8f4f8f4f8f4f8f4f9f5f9f6f9f7f8f7f9f8f9f9f9f9f9f9f9faf9fbfafbf90000000000000000000000000000f600f6fff6fef5fef5fef4fdf4fdf4fcf3fcf3fbf2faf2faf2faf2f9f2f9f2f8f2f8f1f8f1f7f0f8f0f8eff7f0f7eff8eff7eef6edf6ecf7
562,59401238,-32,11,256,1,79,1,40055400f80bfd0402fd06f70af20ded0fe911e711e511e511e510e70eea0ded0af107f604fa01fefe02fa05f807f509f40af30bf20afc0200000000000000000000000000000000000000fd03f604f305f007ec09e90ae70be60ce60ce70be90aec08f005f501fbfe00fa06f60cf311ef16ed1aeb1eea20e922ea22ec20ed1dbd00e9fded00ec00ed00ed00eeffef00ee00ef00f000ef00f000f100f100f100f1fff3fff3fff3fff4fff4fef5fef6fef6fdf6fef7fdf8fdf8fd0000000000000000000000000000f704f603f603f502f502f402f402f301f201f201f101f000f000f000f0ffefffefffefffeeffee00eeffed00ee00ed00ecffeb00ea00ea01
580,59423160,-31,11,256,1,96,1,400554000ffb06fcfefdf6feefffe9ffe5ffe1ffdfffdeffdffee0fee3fee7feecfef1fef6fffc000002050308050b060d070d090e090302000000000000000000000000000000000000fe01f906f708f30bf00eed10eb11e912e812e811e90feb0def0af407fa04000207ff0efc15fa1bf820f624f527f529f529f527f524f6c2000f0e100a0f0a100a0f090e0a0e090e090d080d080d080c080b070b070c070b070b0709070907080608070706070706060606050605060406000000000000000000000000000009010903090309040a040a040b050b050b060b060c070c080c080c090c0a0c0a0c090d0a0d0a0e090d0a0f0a0e0a0f0a0f0b100c110c120b
592,59446259,-32,11,256,1,107,1,40055400ff0fff07fffffff7fff1feebfee6fde2fce0fcdffce0fce1fde4fee8feecfff100f600fc00010005ff09ff0cfe0efe10fe10ff04000000000000000000000000000000000000fffefef7fef4feeffdecfee8fee5fee3ffe3ffe3ffe500e800ec00f2fff8ffffff06fe0dff14ff1aff1fff24ff270029002900270025c900ec0cf10df00df10df10df20cf30bf30bf30af30bf40af40af50af50af609f509f508f508f507f607f606f705f805f705f704f803f704f7030000000000000000000000000000fb08fa08fa08f908f908f808f708f609f609f509f509f509f30af30af30af20af20af20af20bf20bf20bf10bf10bf10cf00cf00def0ef00f
599,59479933,-32,11,256,1,113,1,40055441faf4fffb040108060d0b110e1511171319141a14191317121510120e0e0b090805050002fcfff8fdf5faf3f9f1f7f1f6f0f6fcfd00000000000000000000000000000000000000020309040c051006140717071a071b071b061b061805150310010bff04fdfdfbf7f8f1f5ebf2e6f0e1eddeebdcebdbeadbebdeebe1c0000beb07ec07ec06eb07ec07ed06ee06ee06ef06ef06ef05f005f006f106f106f207f207f307f407f407f506f606f606f706f806f907f907fa0000000000000000000000000000fdf5fef5fff500f400f300f301f201f202f102f103f004f004f004ef05ef05ef06ee05ee06ee06ed05ed06ed06ed06ec07eb07ea07e906e9
605,59503713,-32,11,256,1,118,1,40055441f60afc0402fe07f80cf40fef12ec14e915e815e715e814e912ec10ef0df309f606fa02fdfe00fa03f705f407f208f108f008fc0200000000000000000000000000000000000000fd03f605f407f009ed0bea0de80ee80fe80fe90eeb0ced0af106f602fbfe00f905f40bf010ec14e918e71be51ee51fe51fe71de81bcb00d5f2d9f9daf7d8fadafadcf9defadefadffadffce0fbe1fbe3fbe2fbe4fbe4fae5fae6f9e7f9e9f8e9f8ecf8eef8eef8eef8f1f7f0f7f1f60000000000000000000000000000ed05ec03ec02eb02e901e901e7ffe5ffe5ffe3fee2fde2fce0fbe1fae1f9dff8dff9def9ddf9dcfadefbdbf9dcf9dafad8f9d6f8d5f9d3fc
610,59522720,-32,11,256,1,122,1,40055441070d0306fffffbf9f7f3f4eff1ebefe8ede6ece6ece7ede8efe9f2ecf5eff8f3fbf8fefc010003040407060a070c070e070f0103000000000000000000000000000000000000fefefaf9f8f6f5f3f3eff2ecf0eaf0e8f0e7f1e8f2e9f4ecf6eff9f4fcfa00000305060c09110c170f1b111f1321152315231521141fc000f110f510f510f510f510f50ff60ef60ef60df60cf70df70df70cf70cf70bf70bf609f609f608f708f707f706f806f805f804f804f804f7030000000000000000000000000000010a000aff0aff0afe0bfe0bfd0bfc0dfc0dfc0dfa0efb0efa0ef90ef90ef80ff70ff70ff70ff80ff70ff610f610f611f611f512f513f513
617,59546684,-31,11,256,1,128,1,400554000af406fb0203000afe10fd16fd1afe1efe20ff200020011e011b00170013ff0efe09fd03fdfefcfafbf6faf3f9f1f9f0f9effefb000000000000000000000000000000000000fe01f704f305f006ec07e908e609e40ae40ae509e609e908ee06f303f900fefc04f80af40fef13eb16e719e31ae019de18de16df15e1b10018fd15fa14fb15fb15fb13fc12fb12fb11fb12fb11fb10fc0ffc10fc0ffd0ffd0efd0efd0dfe0cfe0cff0bff0b000a000a00090109010802000000000000000000000000000008f809f909f90af90afa0bf90cf90dfa0efa0efa0ffa10fb11fb11fb11fb12fb12fb12fb13fb13fb13fb14fa14fa14fb15fa16fa17fa18f9
622,59570049,-32,11,256,1,132,1,40055441f202f8fdfef803f307ef09eb0be80be50be30ae209e308e507e706eb05ef04f403f903fe03020306040a040c040e040f050f0103000000000000000000000000000000000000010108050a070c090f0c120e140f150f1510150f130e110c0d0a08080205fc04f602ef02ea02e402e004dc05da07d909da0add0ae00ab300edefedf5eef4edf4eef4eff4f0f5f0f5f1f6f1f6f1f6f1f6f2f7f2f7f3f6f3f6f4f6f5f6f6f7f6f7f7f7f7f7f8f7f9f7f9f8faf8faf8fbf70000000000000000000000000000f5fff4fef4fef4fdf4fcf3fcf2fbf2fbf2fbf1faf1f9f0f8f0f8f0f7f0f6eff6eff6eff5eff5eff6eff5eef4eef5edf5edf4ecf3ebf3eaf4
634,59796552,-31,11,128,1,143,1,4ff5544100f214ec16f60df806f0fdedf3f2f4f6fdfb080106f902f50bfc0ffa08f204fa050b040b0205fb03fcfc01fafefcfdfe0100010000000000000000000000000000000000000001fd04f6fefdfb07020406fefffff7fef1fbf1fff503f203f40905110706fbf8fdfdf911ec15ec06f1fff006f20efd0b0408fd07fe04
635,60062984,-29,11,128,1,143,1,d77ccd4105f208e9fceb02f10cec08edfefaf907fd0701fc0202fa0cf40cf90df90bf507fcff08fb0afe0400030408080c0807050006ff010000000000000000000000000000000000000001010204ff08ff0403fb09f80a02070606fb0af611f711f90cff090205fa0bef0fed0bfa0d05090c000dfe02fbfcf204f70006f30c
636,60063491,-32,11,128,1,143,1,2aa33241f7f4e8f2f105ff10000af8fff8fa01f7fff5fdfc08050507f402effaf5fbf9fdfcf7fef200f406ff0405fe03fcfcfdfbfb06fe0300000000000000000000000000000000000001fd04fbfc01f6fffdfc09ff06fcfbf8f402f407fdff03ff08020afdfef6f2f8ec06e813e709f5f809f409f4fdf0feef06f301fff70e
637,60069287,-32,11,128,1,143,1,2ccaa241fd03fa04fe0c060905fd01ff0508020afa03f7fff705f907fcfcfff706fb05fcfdfdfdff01ff00fffb00f901fb00f9fdf4fefcff00000000000000000000000000000000000000fefdfbf900fc02fd02ffff03fffb05f50bfe0708f806effcf2f6f7f4fdf10af112fa0a02ff0a010708f4fceef1f8f8fffc06fc04ff
638,60479279,-32,11,128,1,143,1,677ee641f711f510f5fff8fbf907fb0705fd0dfc07fd00f902ffff05fb00fffd00faf9f8f601fb04fe02fc03fc04fc01f701fa03020001ff000000000000000000000000000000000000000003fe02fc0106040c06080301fbfffd060d0816000ffc03fcfcfffd04fc00f7f9f9f908f909f6fbedffe90bf408fe0202fcfff4fa
639,61009488,-89,11,128,1,143,1,addffa41fefafcfdfc01fdfffdfdfffc00fe00000001000000fffffefffdfffd00fd01fe01ff00000000ffffffffff00ff0001fe03fb00fe000000000000000000000000000000000000fe01fb04fe00030005040303ff00fa00f800f9fdfafeff04050405020004fe03fefdfffcfefcfdffff04ff02f701f103f9fe02fb00fd
640,61010246,-92,11,128,1,143,1,a00eea41fdfefefefcfffc02fc02fb01fd0000ff010000fffefefefffffeffff000001ff01ff0000fd00fc00feff00fe01fefffefeffff00000000000000000000000000000000000000ff00fe02fc00fb00fd0100ff03fe0101ff02ff00fe00fffe02f9fffcfcfffcfdfcfefe00000001fe01fe0200010d0018ff0cffff01fc
641,62226535,-35,11,128,1,143,1,1ee0010016fc1afb1dfa20fa21fa20fa1dfa1bfa16fa11fb0cfc06fd00fff9fff300ee00eaffe7fee5fde5fce5fce7fbe9fbedfbeffbfcfe00000000000000000000000000000000000004fc11f211f212f212f310f40ef60bf807fa03fcfdfef800f202ed04e905e506e207e108e108e208e408e707eb06f105f703fe010200
642,62262269,-35,11,128,1,143,1,1ee001000f0b120e151017111812181216121510120e0f0b0b0807040200fefcfbf8f9f4f7f0f6ecf6eaf6e9f7e8f9e9faebfcedfdeffffb00000000000000000000000000000000000004fe12f813f913f913f912fa10fa0dfb0afb05fb00fbfbfbf6faf1faecf9e9f8e6f8e4f7e3f7e4f7e5f7e7f8ebfaf0fcf5fefa00fe02
643,62408094,-94,11,128,1,143,1,eaaffe41fd02fd00fcfdfdfe01010000fcfafcf900fd01f800f202f102fa0005060105fcfa00f900feffffffff01ff01fcfcfaf6faf6fefd000000000000000000000000000000000000ffffffffffffffffffff00fe00fdfefffe0000fe00feff0001000000ff00010002fffffcfdfdfe00fe03ff0100fdfffdfdfefffefffe
644,62481668,-96,11,128,1,143,1,fbbddf41010103fd01f8fcf7fcfeff06fd06f900fcfefefffeffff01fe04ff04fd05fc0302fb02f6fefc040308060006f804fa03fd03ff00000000000000000000000000000000000000ffffff00fe01fd00ff0000ff00ff00ff00fffffffefffffffffefefffe00fdfffefd02fd02ff00ff00ff00fe00fd00000004fe05fd02
645,62606823,-94,11,128,1,143,1,f66aaf41010102ff01feffffff0002ff01fffefffefefefdfefdfefdfefdfffe0000ff0000010002ff00fffe01ff01000102000300ff00ff00000000000000000000000000000000000000ff01feff00ff010000030004ff0301010101ff0100ff00fcfffc00fd02fd00fe01010301fefffafffcfffe02f704f202f8fffdfdfd
646,62963813,-90,11,128,1,143,1,4ff11400f2fef2fff3fdf4f9f2f8f2fbf3fef4fef6fcf9fef900f8fffa01fd04fc05fa04fa05f806f606f605f703f703f802fb01fc02ff0000000000000000000000000000000000000000fe02fb05fa05fa04fa04fe040002fefefcfefcfefcfafaf8f8f8f7f9f6fcf6fdf5fdf4fff3fff4fbf7fdf8fef9fbfbf8fcf7fef501
647,63168611,-92,11,128,1,143,1,4ff114000a0a0a0b0c080d070c080a070a0609040601040003fe02fe02fd04fb05f905f806f804f904f806f806fa05fa04fc03fe00ffff00000000000000000000000000000000000000fefef9fafafbfbfcfcfbfdfbfffdfefffd00fc00fb01fb00fa02f805f708f506f404f506f707f906f905fb07ff080205010201010103
648,63373439,-90,11,128,1,143,1,4ff114000a010a030a07090a0a090b070a03070204040303040005fe04fc04fa05fb06fe07fe08fe08ff07ff07ff07ff06ff050004010100000000000000000000000000000000000000ff01ff06ff08fe06fe04fe03000301030102020105020604060404050506060807090608030402040207020401040207050607050a03
649,63680641,-95,11,128,1,143,1,4ff114000d010f0012fc0ffc0cfd0bfc0cfa0bfc07fe03fe03fd02fdfffbfbfafaf9fdf8fef7fdf7fcf8fcf9fef900f900f900fb00fd00ff000000000000000000000000000000000000fd00f8fffbfcfbfcfafefc00fe0000020003fd01fd02fd07fe0bfe0afe08fe08ff08ff0bfd0dfc0afc08fb07fc03fe00010106ff0bfb
650,63987840,-92,11,128,1,143,1,4ff114000dfa0cf50bf70afb0bfe0c010b0109ff07fd03fe02ff04fd04fc04fa06f808f708f807fa08fc09fd08fe06fe05fe05fe04fe01ff000000000000000000000000000000000000010107040605030401050005fe03000103ff04fe04fe05ff07ff060009010c020b040a0308020803080507070704080006ff02fdfefc
651,64192647,-92,11,128,1,143,1,4ff1140009060507040707080b0a0a0806050105ff0601050203010002ff030005010803070306030702070006ff030101040405060101ff000000000000000000000000000000000000ff02fe07fe04fc04fa04fc03fe03fe04010204010304020703080209000afe0afc0afc0afc0cfd0cff0afe08fc05fd04000601070106
652,64704668,-91,11,128,1,143,1,4ff11400f5fef1fbeffaf1fbf0fbf2fbf5fbf5faf7faf9fef900fb00fd02fe03fb04f905fa07fa08f807fa04fc03fc04fc02fc01fa02fe0000000000000000000000000000000000000000fe02f8fff8fff702f904fb03fafffafffbfffbfcfcfafcf9fbf6faf5f9f7f7faf4faf5fbf7fcf6fbf6fcf9fffafdf9fafff903f400
653,65783531,-37,11,128,1,143,1,1ee001000cea0de70fe50fe310e30fe40de60be909ec06f103f600fbfd01fa06f70bf40ff211ef13ee14ed14ed13ee11f00ff20df30bfd0200000000000000000000000000000000000001fb04ec05ed05ee05ef05f204f503f802fc0001fd05fa0af80ff512f415f217f118f119f118f217f315f512f80efb09fe0301fe03fa
654,65789266,-38,11,128,1,143,1,1ee00100e7f8e4f7e2f7e1f7e0f7e2f8e4f9e7faebfcf0fdf6fffb00020207030d0511071508170a180b180b170b150a130910080e070301000000000000000000000000000000000000fbffecfeecfdedfdeffcf1fcf4fdf8fdfcfe01ff06010b0310041406170719081b081b091b081908170714050f0409020400fefefafc
655,65792883,-38,11,128,1,143,1,1ee001000817091a0a1c0a1d0a1d0a1c0a1909160812060d0407020200fcfef7fcf2fbedfbeafbe7fae5fbe5fbe6fce7fdeafdedfef0fffc00000000000000000000000000000000000002040a1009100810070f050d040a02070003fefffcf9fbf4faeff9ebf8e8f7e6f7e4f7e4f7e5f7e7f8e9f9ecfbf1fcf7fefd00020107
656,65847312,-38,11,128,1,143,1,1ee00100e909e60ae40be20ce20ce40ce60be90bed09f207f705fc0201ff07fc0cf910f714f616f518f518f518f516f614f811f90ffb03fe000000000000000000000000000000000000fb01ed04ed04ee03ef02f102f401f701fb0000ff05fe0afd0ffd14fc17fb19fb1bfa1bfa1bfa19fa17fa14fb0ffc0afd04fefe00fa01
657,65901330,-38,11,128,1,143,1,1ee00100e7fbe4fae2fae1fae1fbe2fbe5fce8fdecfff100f700fd00030109010e021202160318031a04190419041703140311020f020300000000000000000000000000000000000000fbfeeefaeef9eff9f1f9f3faf6faf9fbfefd02ff07010b03100513071608180919091a0a19091808150712060d0408020201fdfff8fe
658,65961508,-41,11,128,1,143,1,1ee0010013f013f013f012f012f011f011f011f011ef10ef10ef10ef0ff00ff00ff00ff110f110f210f20ff30ff40ef50ef50ef60ef703fd00000000000000000000000000000000000003fd0df40df40ef40ef40ff410f311f312f313f313f314f414f314f314f314f314f314f314f314f214f214f114f114f114f114f114f0
659,65969059,-38,11,128,1,143,1,1ee001000617071a081c091d091e091c081908160712050d0408020200fcfef7fdf1fcedfce9fbe6fce5fce5fce6fde8feeafeedffeffffc0000000000000000000000000000000000000103071007100610050f040d030a02070103fffffefafdf5fcf0fbecfae9fae7f9e5f9e4f9e5f9e7fae9faecfbf1fdf6fefcff010006
660,66028148,-38,11,128,1,143,1,1ee00100e9f6e6f5e4f4e3f3e3f3e4f4e7f6eaf7edf9f2fbf7fefc00020207040c061009130b150c160d160e150d130c110b0e0a0c080202000000000000000000000000000000000000fbffeefceefceefbf0fbf2fbf4fcf8fdfcfe01ff05010a040e0612081509170a180b190b190b170a150912070d0508030301fefefafc
661,66624425,-38,11,128,1,143,1,1ee0010017051b061d061e071f061d061b05180414020f01090003fffdfef8fdf2fcedfbeafae7f8e6f7e6f7e7f7e9f7ebf8eef8f1f9fcfe00000000000000000000000000000000000004001202110311040f040d040a0307020301fe00f9fef4fcf0faecf9e9f8e7f7e5f6e4f6e5f7e7f7e9f8ecf9f1fbf6fdfcff01000602
662,66624928,-37,11,128,1,143,1,1ee00100e404df05dd05dc06db06dd06e006e406e905ee04f503fb0102ff09fe0ffc15fb19fb1cfb1efb1efb1dfc1bfc18fd15fe12ff04ff000000000000000000000000000000000000fa00ea03ea02eb01ec00ef00f200f6fffbff01fe07ff0dff13ff18ff1cff1fff20ff21ff20fe1efe1bfe17fe11fe0bff04fffd00f700
663,66629592,-38,11,128,1,143,1,1ee00100e8efe5ede4ece2ece1ece3eee5f0e8f2ecf5f1f8f6fbfcfe030109040e071309160b190d1a0e1a0e190e170d140c110a0e090302000000000000000000000000000000000000fcfbf1eff2eff3eff4f0f6f1f9f4fbf7fffb02ff0505090a0c0f0e1211151317141815191418131612140f110b0c07080203fdfef9fb
664,66703871,-95,11,128,1,143,1,bbbbbb4103ff03fe01ff010101010000fefffe00000001ff00fcfffbffff010001fefffffe00fefffefefefefdfffeffff00ff01ff020000000000000000000000000000000000000000ffff00000203010200ffff00f702f001f9fdfefcf3feed01f702000300020001fe00fc00fd02ff03ff00fffc00fd02ff030203050403
665,66807285,-93,11,128,1,143,1,e0033e4101ff02fb00f8fffbfffd00fd0000fd04fd04ff02ffff00fe01ff020103020101ff00fffefffeff0000ff00feffffffff00fe00ff00000000000000000000000000000000000001fe03fc01fe00fd01fc01fc01fe0100ff01fe01ff02000201fe00fcfffd00ff02fe02fc00fdff01000103ff0405030e0109ff04fe05
666,66913104,-95,11,128,1,143,1,e55dde41ff01fb00fdff0200030002fe01fe00ffff00f503ed06f601fdfdfe05fe0dfe05fefffe01fe02ff0001ff0200010001ff02010000000000000000000000000000000000000000ff01fd03fe0000fe00fefffffefffeff00ff00ff00ff01fefffffdfffefefffe00fd02fd02000002ff04010204fe05fd0100ff020000
667,66914090,-92,11,128,1,143,1,4ff11441f9fdfcfefe00fa02f503f900fefffcfffdfd080014060d0505040dff15f709fefc07fd030001010003fb01fbfffffefffefdffff00000000000000000000000000000000000000ff0000ffff00ff02ff05ff04ff0002fe03fe0101ff030000fefffc02fe0000fffd01fbfffdfefdfeff01030104fe0200fe00fafbfa
668,67409541,-37,11,128,1,143,1,1ee001000fec11e913e714e614e612e810ea0eec0bef07f303f7fffcfb01f705f409f00cec0dea0ee90fe80ee90deb0bed0af008f207fc0100000000000000000000000000000000000000fb02ed02ed02ee03ef03f102f401f700fbff00fc04fa09f70df511f414f216f117f118f118f216f314f511f80dfb09ff0402ff06fb
669,67464537,-38,11,128,1,143,1,1ee00100e8fae5f9e3f8e2f8e1f8e3f8e5f9e8faecfbf0fdf6fffb01010306060b080f0b110d131014111312121210110e100b0d090c0202000000000000000000000000000000000000fc02f10af109f108f107f306f605f804fc02010105000aff0fff13fe16fe19fe1afe1bfe1bfe19fe17fe14fe0ffe0afe04fefefdfafc
670,67465015,-37,11,128,1,143,1,1ee001001b031f0322032404240422041f031c02170111000bff04fefdfcf7faf1f7ecf5e9f2e6f0e5eee6eee7eee9eeeceff0f1f2f3fcfc00000000000000000000000000000000000003fc10f210f210f30ff40df60bf808fa03fcfefef900f301ed03e803e504e204e005df05df05e104e404e804ee03f402fb0202020702
671,67465588,-38,11,128,1,143,1,1ee00100e907e508e308e209e209e309e608e907ed06f205f704fd03020108000d001200160019011a011a0219031703140311030f030300000000000000000000000000000000000000fd03f60ef50ef50df50cf60af808fa06fd03010005fd09fb0df811f613f515f317f218f217f216f314f411f50df808fa03fcfdfef900
672,67467725,-38,11,128,1,143,1,1ee00100ecf2e9f0e7eee7eee6eee7eee9f0ecf2eff5f3f8f7fbfcff00030407080b0b0e0d110e140e160e160d160b1409120710060e0103000000000000000000000000000000000000fb00ed00edffeeffeffef1fef4fef7fffbff0000050209040e0611081409160a180b180b180b170a150912080e0608030300fefdfbfb
673,67530146,-38,11,128,1,143,1,1ee0010017011b011d011f021f011d011b01170013000eff08fe02fefcfdf6fcf1faedf9eaf7e7f6e6f4e7f4e8f4eaf4edf5f0f6f3f8fcfe00000000000000000000000000000000000003fd0ff70ff70ef80ef90cfa0afb07fc03fdfffffa00f500f001ec01e902e702e502e402e502e602e902ec02f002f601fc0102010701
674,67534046,-38,11,128,1,143,1,1ee0010016fe1afd1dfd1efd1ffd1dfd1afd17fd13fd0efd08fe02fefcfff600f100ec00e800e6ffe4fee5fee6fde8fdebfdeefdf1fdfcff00000000000000000000000000000000000004ff10fc11fc10fd0ffd0efe0bfe08fe04ff00fffbfff6fff1ffedffeaffe7ffe5ffe400e500e600e800eb01f000f500fb00010006ff
675,67793146,-38,11,128,1,143,1,1ee0010017031a031c041e041e041c041a04170313020e0009ff03fdfefbf8f9f4f7f0f4eef2ecf0ebeeeceeedeeefeef1f0f3f2f5f4fdfd00000000000000000000000000000000000002fc0bf30bf30bf40bf50af708f805fa02fcfefff900f502f003ec04ea05e805e605e505e605e704ea04ed03f103f702fc0202020602
676,67795511,-38,11,128,1,143,1,1ee0010012f215f017ee18ee18ed17ee15f012f20ff30af606f901fcfbfef601f102ed03e903e703e503e502e601e700eaffeefff0fffcff00000000000000000000000000000000000000fb00ee01ee01ef02f002f201f500f8fffcfe00fc04f908f70cf40ff312f114f015ef15f014f113f211f40ff70cfb08ff0303ff06fd
677,67823545,-38,11,128,1,143,1,52200500fb17fb1bfa1dfa1efa1efa1cfb19fb16fd12fe0d0008020204fd06f808f30bef0eed10eb11eb11eb11ed10ef0ff10df30bf502fd00000000000000000000000000000000000002030b0d0b0d0a0d080c070b05090406020200fefef9fdf4fcf0fcecfce9fce7fbe5fce4fce5fce7fde9fdedfdf1fdf7fdfdfd03fd07
678,68299547,-93,11,128,1,143,1,c2266c41fffffffcfefbfefc01fd03fd02fe01fe00ff00fffdfefdfd00fd02fe0000fffffefdfdfffdfffeffffff00fe00fe00ff00ff0000000000000000000000000000000000000000fffefff9fdfafafffa02fd000107050f0205fffbff03000efd0bff0102fd01fc00ff02020102fefefcfe000202040004fc05fc0401ff
679,68300916,-92,11,128,1,143,1,fcceef4100fe0000ff0200ff00fcfffcfffe0000030103ff01fd00fdfffdfefdfffdfefffeff00fe02fe0200ff00feffff00fd01fc02fe0000000000000000000000000000000000000000ff01fd01020003fffffffc07f70bf103f7fdfafef1ffeb00f4fffffe02000603060206ff06ff0100fe0101ff03fe02fffe00fd01fe
680,68391146,-93,11,128,1,143,1,4ff1140008070806080808080808050803070506040401030002020104ff03fe02fc04fb06fb06fb06fc06fd07fd05fd04fe05fe04ff00ff000000000000000000000000000000000000fefffafdfbfefbfffbfefcfefcfffc00fb00f900f903fa03fb03fb06f909f508f607f909f80af609f908fb07fd04fd04fd040004ff02
681,68405264,-90,11,128,1,143,1,08811041000302020101fe01ff02010201ff00fefdfffd00010002000000ff0000000000ff00ff00ffff00ff01ff01ff01fe00feff00ff00000000000000000000000000000000000000ff00ff010200020000fefefefdfffdfffeff00fffefffc01fd03010101ff01fe01ff0001fffefffb02fdff00f300ec00fbfe07fd04fe
682,69927188,-93,11,128,1,143,1,4ff11400f105f204f302f503f405f305f503f805f807f806fb04fe03ff04ff05ff0702090409030902080008ff08ff08fe06fd04fe05ff010000000000000000000000000000000000000000010101fd04f904f905f905fbfffefcfefffdfffafcf8faf7faf8f9f7faf6fef501f501f7fef8faf4f8f3f9f5faf8fbfdfa01f804
683,70336820,-91,11,128,1,143,1,4ff114000008fe0bfa0cf90cfa0bfb08fb05fb08fb08fc03fe02010503050404050505070408010700070008ff08fe07ff050004fe02ff00000000000000000000000000000000000000fffefef9fcfafcfcfbfefdff0000ff00fc00fcfefcfff901f501f500f501f502f501f5fff5fff9fefbfcfbfffcfffbfefb01fd050108
684,70541626,-93,11,128,1,143,1,4ff114410e000c050c030eff0dfe09ff07fd06fd06fe06000502030001fc01f902f802f802f804f906f804f801f903fa06fa05fc04fe01ff000000000000000000000000000000000000fe00fafffafefa00fa01fa01fb02fc01fb01fc0300040006ff08000c000fff0fff0e000dff0efc0dfc0cfd0a00060305040405010901
685,71053640,-90,11,128,1,143,1,4ff11400eeffedfdedfdeffdf3fbf4faf5f9f6faf6fbf5fdf802fb05fd06fc06fb07fd09fc0af908f606f606f906fa06f905fa05fc06ff0100000000000000000000000000000000000001fe06f906fc05fd05fe04ff03fd01fa01fa02f9fff8fdf8fcf7fbf4feef00ed00f1fff5fef5fef4fff5fff7fcfafbfdfafcf7fbf7fd
686,71463246,-92,11,128,1,143,1,4ff11400fa0ff710f610f70ff90cfa0bf80bf907ff040303030303030404040505030701080108040704050104010601060004000200000000000000000000000000000000000000000001ff04fc04fc04fd03fb01fc01ff01fffffefffe00fcfef9fbf7f8f7f6f7f3f7f3f7f5f9f5f9f5f8f8f8f9f9fdfe0003ff03fc03fb05
687,71817045,-39,11,128,1,143,1,1ee001001afd1efd21fc22fb22fa1ffa1cfa19fa14fb0ffc09ff0402fe06fa09f50df210ef12ed14ec14ec14ed13ef11f10ef30bf509fd0200000000000000000000000000000000000001050514051405130512040f030d0109ff04fc00fafbf6f6f3f2efeeedecebebe8eae7ebe7ece8eeeaf0edf2f1f5f6f8fdfb03fd08fe
688,71855363,-39,11,128,1,143,1,1ee001001bfb1efb20fa21f921f81ff71cf718f813f90dfb08fe0301fd05f909f50df110ee12ed14ec14ec14ed13ef12f10ff40cf50afd0200000000000000000000000000000000000002050a140a1409130812070f050c0309ff05fc01f8fcf4f8f0f4edf1eaefe7ede5ede4ede4eee6f0e8f2ebf4f1f7f7f9fdfb03fc09fd
689,71872853,-94,11,128,1,143,1,4ff11441f3fbf3fcf5faf7f6f7f5f6f7f7f8f9f8fbf9fef9fefcfffefdfdfbfcfafef9fff9fdf9fbfafafbf9fbfafdfcfdfdfcfbfefafffe00000000000000000000000000000000000000ff00fcfffcfffafffbfdfdfcfefdfbfcfbfafcf8fdf6fef7fef9fbf9f9f8f8f9f9fcf9fcf8fcf8fdfafefbfdfafbf8faf8f7faf3fc
690,71958835,-39,11,128,1,143,1,1ee00100fae8f9e4f9e2f8e1f8e1f7e2f8e5f8e8f9ecfbf1fdf700fc03020607080b0a0f0c130d150d170d160c150a140911070f050c010200000000000000000000000000000000000001fb07ed07ed07ee07ef06f105f403f702fb0000fe05fc0afb0ffa14f917f919f91cf91cfa1cfb1afb18fc15fd10fe0afe04fefefef9
691,72013766,-38,11,128,1,143,1,1ee001000019001d001e011f011f021e021b02170213010d0007ff01fdfbfcf6faf1f9ecf9e8f8e6f8e5f8e5f9e7fae9fbecfceffdf2fffc000000000000000000000000000000000000fd04f612f612f511f610f70ef80bfa08fc03feff01fa04f506f008ec09e80ae60be40be30ae409e507e806eb05f003f602fc01020007
692,72065556,-39,11,128,1,143,1,1ee0010017021b031d021f021f011d011a0017ff13ff0eff08000201fc02f703f204ed05e905e705e605e605e704e904ec03ef02f101fc0000000000000000000000000000000000000003030e0d0e0d0e0c0d0c0b0a090806060303ff00fbfdf7f9f2f6eff3ecf2eaf1e8f0e7f0e7f1e8f3eaf4edf6f1f8f6fafcfc02fe0600
693,72121285,-39,11,128,1,143,1,1ee00100e703e403e204e205e206e406e706eb06ef05f403f900fefd02fa07f70bf40ef110ef11ee12ed11ed0fee0eef0bf209f407f601fd000000000000000000000000000000000000fdfbf6eef6eef6eef7eff8f1faf4fcf7fffa02fe050209060d09100c130e150f17101710170e160d140b110a0c0807060104fc03f702
694,72173601,-39,11,128,1,143,1,1ee00100e505e205e006df07df08e209e508e808ed06f204f701fcfe01fa06f60af20eef11ed12eb13ea12eb11eb0fed0df00bf309f502fd000000000000000000000000000000000000fdfbf4edf5edf5eef6eff7f1f9f3fcf7fffa02fe06020a060e0a120d150e170f19101a101a0e190d170b140a0f0709060204fc03f802
695,72504360,-93,11,128,1,143,1,8eebb841fcfffe0000ff00ffff0001ff03fd02fd00fe01fe01fd00fe00fe01ffff01fd02fe00fffe01fe020002040107000402fd02fb00ff000000000000000000000000000000000000fffffefefdfffcfffe0001fef9fdf402fa0300000205ff0ffd0bff05fe03ff0102000000feff01fe02fe02000102fe02fe0301040102
696,72610943,-91,11,128,1,143,1,6448864100fe00fd01fd00fffefefcfdfdfeffff0102000100000100020002ff020001010000ff00ffffff00fe02ff010002ff0300040001000000000000000000000000000000000000ff00ff000001ff0100020101ff000000010101010100010000ff00fefefffb01fb01fd01fd01fb00fcfd00fc0904110c0a0302f902fb
697,72611730,-90,11,128,1,143,1,211dd24105f905fbfffafdfafefcffff02ff04fc02fb00ffff01fe00fffe01ff00000000ff01fe02fe03ff02ff01fe00fe02000200010000000000000000000000000000000000000000ff00fd01ff00010003010402020102010001fe0000000103000200fefffb02fb05fc01fdf9fff602f800fafef4faecf4f5fb01050308
698,72717405,-93,11,128,1,143,1,05599041f808fe030003fe03fdff01ff020000ff00fe02f601eefff500fe0307031001090001ff0000ff01fd00fd00ff01ff00fffe00ff00000000000000000000000000000000000000ff000001010000ff00ff0100010101020002010101fe01fd02fe03fd02fbfefbfdfdfcfdfdfb00fb0000ff040106060209fd0b000704
699,73101682,-92,11,128,1,143,1,4ff11400f4fff201f101f201f302f501f7fef9fefa00f902f903fa04fc05fe060007020a030b0009fe0afe0bfe09fe06fe04000402050001000000000000000000000000000000000000010007010703060406040502020100ff01fd00fafef9fef7fff6fff600f503f602f701f601f601f902fa01f900f8fffbfdfefbfefcfe
700,73322552,-40,11,128,1,143,1,1ee00100fe1efd20fd21fd20fd1efd1afd16fe11000c020503ff05fa06f408f00aec0dea0ee910e910ea0fec0eef0cf109f406f704f900fe0000000000000000000000000000000000000503150c140c120c100b0d090906060302fefff9fcf4f9eff7eaf5e5f5e3f5e1f5e0f6e1f6e3f7e7f9ebfaf0fbf6fcfdfd04fe0bff0f
701,73323137,-40,11,128,1,143,1,1ee00100ee1aed1bed1bed1aee19f016f312f60efa0afe05020107fd0bf90ff613f416f318f319f419f517f614f811f90dfb09fc06fc01ff00000000000000000000000000000000000003050c150b1509140811060e050a0405030002fa02f402ee03e804e405e106df06df06e006e205e604e903ee01f4fefbfc02f908f70c
702,73323655,-40,11,128,1,143,1,1ee00100e50fe20fe20fe30fe40ee70ceb0af008f506fb04010207000dff11fe16fd19fe1bfe1bff1a001801150112010e010a0007ff01ff000000000000000000000000000000000000ff06fe18fd17fc16fc13fd10fe0c0007020205fc08f70cf20fee12ea14e815e716e715e814e911ec0fef0bf206f701fbfbfff603f205
703,73327935,-40,11,128,1,143,1,1ee00100e814e615e615e615e813ea11ee0ef20cf709fc05010206fe0bfc10f914f817f719f81af81af918fa15fb12fc0efd0afd07fe01ff00000000000000000000000000000000000000060018ff17fe16fe13fe10ff0c0007020204fc06f609f10cec0ee810e611e412e411e510e70ee90cec09f005f601fbfc00f705f408
704,73387943,-40,11,128,1,143,1,5220050016111814181518151615141311110e0e0b09080406ff04fa02f401f002eb03e804e606e508e609e809ea09ed08f106f405f701fe00000000000000000000000000000000000000fa00e801e902ea02ec02ef01f2fef5fbf9f8fdf401ef04ea06e707e408e208e107e107e306e505e905ed04f304f905ff0605080909
705,73511290,-93,11,128,1,143,1,4ff114000ffe0dff0e01110111010e010c020a030702050003fe01fd01fd00fc00f901f903f904f904f904f804f805f905fb03fd02fe00ff000000000000000000000000000000000000ff01fe05fc05fb03fc02fd00fd00fd01ff0201030205030703070208020a020a0208020603070107ff07000400020100030003020501
706,73596549,-41,11,128,1,143,1,1ee001000de10de00de00ce20be509e907ed05f303f800ffff05fd0bfc10fb14fa17f91af81af81af818f815f912fa0efc0afe06ff03ff0000000000000000000000000000000000000003f90de70ce80beb09ee07f204f701fcfd02f908f50df012ed17eb1aea1bea1cea1ceb1bee19f015f410f70bfb05fffe03f806f108ed
707,73818492,-91,11,128,1,143,1,4ff114410d050b030b040c060d050b040902070207030603040104ff06ff04fe04fc05fc05fd06fc08fc09fc07ff06020503040204000100000000000000000000000000000000000000ff01fe06fe05fe05ff070006010402030302030204040504070308040705050602070007ff07ff070208050807050503030305040507
708,74102885,-96,11,128,1,143,1,affaaa41fd00fdfefdfeff00ff01000000fe00fefffe01fe02ff02ff01ff02ff02ff0200010000fe01fd00fefefffcfefcfefe00fd01ff00000000000000000000000000000000000000fefffbfefdffff0000010201fff9fceffef500fd06030d0706030200050104ff01fdfefefefeffffffff02fe03fd01ff0002020203fe
709,74125700,-92,11,128,1,143,1,4ff11400f60cf30df40df50bf408f608fa09fc07fb06fb06fe03020102020203040406040705050606050703050203030403040301030001000000000000000000000000000000000000fffefefbfffcfffafffa00fbfffbfffdfefefcfefafdf9fdf9fbf8faf6f6f7f6f7f8f8f8f9f8faf9fbfbf9fef800fc02fb03f906fc07
710,74208804,-95,11,128,1,143,1,93399941020004020301fefffe0001020101fffffffd00fcfffdfffffffffeffff0001000100000001ff01fe00ffff00000001fe01ff000000000000000000000000000000000000000000000201fffefefffffefffc00fe0000000101020101fffffefe01fe0200010102fe03fb02fc01ffff00000008050e09090606050501
711,74313381,-93,11,128,1,143,1,affcca4101fdfefdfbfcfcfdffff03020203ff03fe04f8fff3fafafbff000007050e040500fe010001fffffe00000001ff00ffff00fe00ff00000000000000000000000000000000000000fe02fb01fbfbfbf8fcfffc03fb03f903fb01fc00fc01fc00fffe04fe07000604030a020601fffffdffff0000fd00f9fdfbf800f902
712,74316069,-91,11,128,1,143,1,59955541fbf9fcfcfd0002fe04fc02ff01020002010102ff00fe00fd02fd01fefd01fc03fd010000010000ff00fe00000001fe00fbfffeff000000000000000000000000000000000000010005fe01fbfffffe03ff03ff04fc03fafdfbf8fef9fffcfdfcfefd04ff05fd01ff000000fcfefb00fb01fbfefdfe00ff02fb00f8fc
713,74637706,-92,11,128,1,143,1,4ff11400f60af40af508f807f809f709f807fb07fc07fc07fc05fe050304060305050606080508040704050305050505050405030503010000000000000000000000000000000000000001ff08fd06fc04fe0300020001fe02ff03ff01fcfcfafcf8fff7fef4fcf3fcf5fcf6fcf6fef601f501f600f900f9fffafefdfc00f703
714,74740113,-91,11,128,1,143,1,4ff11400f30bf30bf208f208f208f407f707f808f804fa01fc03ff05ff08ff08fe06fe07fe09fc08fb09fd0afd07fd06fc05fc04fc03ff00000000000000000000000000000000000000fefef8faf9fcfafbfafbfbfdfbfffdfffefefbfdf9fff800f6fef8fef8fff6fef2fef1fcf4faf6f8f6fbf8fff900f800f802fa04fa02
715,74944926,-93,11,128,1,143,1,4ff114000d0b0b0c0b0b0a09080707060606060706030501030003fe06fc07fc06fb05f907fb08fe06fe05fd04fd05ff0700050004fe01ff000000000000000000000000000000000000fefffcfdfcfcfafcfafefe00fe01fc00fb02fc06fd06fc04fd04fe06fd06fb07fc07fc08f908f907fb04ff0201010202030302030303
716,75252151,-92,11,128,1,143,1,4ff11400f8f8f8f6f6f7f7f8faf5faf6fcf8fdf9fbfafafcf9fdf8fff802f901f9fff601f504f602f6fff6fff7fff900f900fa00fa01fe0000000000000000000000000000000000000000ff02fc05fc06fc05fd03fd02fc01fcfefcfefafdf8faf7f9f8fbf8fef700f600f603f504f400f500f603f903fc03fc01fefcfef7f9
717,75764373,-91,11,128,1,143,1,7ff11741f2f4f3f0f5eff5f2f8f2fbf5fbfaf9fcfafdfbfefbfffd01ff03fe02fe02fe05fd07fc05fd06fe07fe07fd06fd06fe06fe06ff01000000000000000000000000000000000000fd01f503f801fa00fa01f903f903fb0200030301060107030a040c060b070708070709030a0008030704080107ff0100fefe00f901f7
718,75805192,-95,11,128,1,143,1,c66aac41ff0000fefffcfdfdfe00ff00fdfffe0001010002ff0000ff0300020000fefffc01fc02fc00feff02ff030001ff00fd00fe01ff0000000000000000000000000000000000000000000001000102000001fd01fdfffd01fd03fe0101fe02fb01fafffafffcfffefefefcfffd0001fe02ff0001fdfafaf0f8f8f603fb01
719,76007126,-39,11,128,1,143,1,1ee00100fd1cfc1ffd21ff210021011e021a02170112ff0dfd08f903f6fff2fbeef8ebf6e9f5e8f4e7f3e8f4eaf5edf6f0f8f3f9f6f9fdfe000000000000000000000000000000000000fafbe9efe9efeaf0ecf1eef3f1f6f6f8fbfa01fb08fc0ffd15fc1afb1efa20f922f721f520f41df41af415f610f90bfd07020307000a
720,76218815,-39,11,128,1,143,1,1ee00100f6e8f4e5f3e4f2e4f1e5f2e7f3eaf4edf7f1faf5fff803fc08fe0c01100313041505170617061606150512050f050c040a04020100000000000000000000000000000000000006fd18f617f616f614f711f80efa0afc06ff0103fb07f70bf30ff013ef16ee19ee1bef1bf11bf319f517f713f80efa07fb01fbfbfaf6
721,76890568,-93,11,128,1,143,1,4ff11400f90af90cf90ef90ef80cf709f806fa06fb07fc05ff0401050205030503050405040505060405030302020003ff0300040005000100000000000000000000000000000000000000ff00fbfff9fff902fb01fbfdfbfdfbfefcfcfefafff900f500f3fef3fdf2fbf0fbf3fcf6fdf5fef7fdf9fbfbfefc01fd03fc05fc07
722,76992999,-93,11,128,1,143,1,4ff11400f209f107f003ef01f002f203f403f702f802f702f801f904f908fd0800060006fe09fe08fd07fb08fb07fa05fa04fb04fb02fe0000000000000000000000000000000000000000fe01fafdf9fdf9fffcfdfcfdfa00fb01fcfbfcf6fef6fef7fdf8fcf8faf7f7f6f5f7f6f9f9f8f9f8f6faf7fbfbfafcf7fdf600f702
723,78308187,-92,11,128,1,143,1,cccffc41fdfbfffd0000ff0000fd01fc01fe01fe01fdfefefdff00ff02000000fe00fefefffdfffffe01fc02fd01ff000000ff00fd00ff00000000000000000000000000000000000000fffffdfefcffff0101fffefd02f508ed04f2fffb01090214000c030405010200010101000000fd02fe02ff02fc01fcfefe03fe0aff05
724,78519304,-91,11,128,1,143,1,aeeeea41ffff0200ff00fffe03fb04fd01fffefffbfff9fafbf6fffbfefbf8f4f4f3fbf902ff0008fc12fd0bffff01fb01fd000001010000000000000000000000000000000000000000ff00ff02020102000002fe03ffff01fb04fe030101ffff000001fefffafdfdfc01fe0100fffffefefe00fd00fafffafffcfefcfdfc00
725,78520265,-91,11,128,1,143,1,888ff841fe00ff01ff0000ff0001ff02ff0000fefffdf6f8eef3f4f9fcfff6f9eef3f5f8fdfdfefcfefeff00000000fefffe00ffff00ff00000000000000000000000000000000000000ffff00fd01fc00fcfd00fa01f800fafffdfdfffcfffcfdfefb02f904f903fd0101000200fffffefd02fb01fdfdfffdfefdf9faf6fdfb
726,79143450,-93,11,128,1,143,1,4ff11400f4fbf6f8f6f4f5f4f6f7faf9fdfafdfbfafbf8fcfafefbfffa02fa05fa05f807f809f807f806f905f905f905f905fa04fc04ff0100000000000000000000000000000000000001000600070006000402030103fe02fd00fefffd01fc01fd02fb04f703f502f502f803f603f305f406f804fa02fa00fafefbfaf9f7fa
727,79466900,-39,11,128,1,143,1,1ee00100ed18ec1bec1ced1dee1cf11af317f513f80ef908fa02fafcfaf7faf1f9edf8e9f8e7f8e6f8e5f8e7f8e9f9ecfaeffcf3fdf5fffd000000000000000000000000000000000000fafbeaeeeaeeebefedf1f0f3f4f5f8f8fefb04fd0bff110217031c0320032202240123ff22fe1ffe1bfd16fe10ff09010304fd08f90b
728,79479104,-40,11,128,1,143,1,1ee001001018121b141b141b1419131711130e100a0d06090106fb03f601f100ecfee8fde6fde5fce5fce6fce8fcebfdeefdf2fdf5fdfdff000000000000000000000000000000000000fa04ea11ea11ec10ee0ef10cf409f705fb00fffb03f506ef09ea0be50be20bdf0bdd09dd08de06e105e504ea03f003f704fe06050809
729,79520622,-40,11,128,1,143,1,52200500ece8eae6e9e6e8e8e8eaeaedecf0f0f3f4f5f9f8fff905fa0bfa10f914f917f819f719f619f617f614f611f70ef90bfb08fd01ff00000000000000000000000000000000000007ff1cfd1bfd19fd17fd13fe0fff0a0105030007fa0bf50ff013ee17ed19ed1ced1eee1ef01df31af517f713f80df806f8fff7f8f6f4
730,79724613,-40,11,128,1,143,1,1ee00100eee2ebe1eae1e9e3e9e5ebe9eeedf1f0f5f4fbf701f907fa0dfa12f916f81af71bf61cf61bf519f515f612f70ef90afb08fd01ff00000000000000000000000000000000000007021d071c071b06180614050f0509060307fc09f50bee0ee911e614e417e319e41be51ce81bec18ef15f210f50af603f7fcf7f5f6f0
731,79904672,-92,11,128,1,143,1,d5533d41fc02fefd04fc07fd06fc03ff000002fb02fc0001000101fe02fd02feff00fcfefffd00ff0001ff01fe00fe01ff0100fffffeffff000000000000000000000000000000000000ffffff000000fffefefc00fbfe05fc11fd0afe01fa08f80efe070001fdff02fe05fffdfff600f604f406f8050105010503040a030503
732,80010823,-90,11,128,1,143,1,f7711f41fc0bf513f412fa09fb02f703f903fdff00fa02f801fbfeffff000002fd01fcfffdfffefffd00fd00fe00fd02ff0301020100000000000000000000000000000000000000000000000300020000ffffff01ff0000fdfffdfefffefefefe00fe01fe000102030301ff01fe0000ff00fffdfcfdfd00040206ff0cf618e8
733,80011542,-91,11,128,1,143,1,411aa441060704050101fefdfffcff00fd01fe0100ff01ff02010204ff04fc00fcfffe00010102010303020200fffffffdfefcfeff0000000000000000000000000000000000000000000000010000fefefeff0000fefffdfffffe01ff0001020104000100fd01fb02ff050103fffefe0000fe00f6fef005f20c030a0b05fefc
734,80269878,-92,11,128,1,143,1,4ff11400fef1fef001f501f601f303f505f906fb05fb01fbfffbfefafffa00f8fef8fef900f802f701f702f703f903fb03fc02fc02fc00ff00000000000000000000000000000000000001fe03fb04fc05fa05fb03fc01fc01fd03fe04fc02fb00fcfffb00fa03f805f504f500fb03fc07fc05fe05fe05fa00f8fffa00fcfef8
735,80481459,-40,11,128,1,143,1,1ee00100021e032005210720081e081b08170613040e0109fd05f802f300eefeeafde6fde3fde2fde2fee4ffe600e901ed01f100f4fffdff000000000000000000000000000000000000fcfbf3edf3eef4eff6f0f8f2fbf4fff603f808fa0dfb12fc17fc1afc1dfb1efa1ef81df71bf718f715f811fa0dfe08020506030c0210
736,81606964,-93,11,128,1,143,1,fbb55f410500050002fc00fd00ff00ff00fe0000ff01fffefffdfdfffe02ff01ffff000001010000fffe02fc02fe00ffffffffffff00000000000000000000000000000000000000000000ff01fe02fe03fe02fd02fd02ff02ff01ff02fe02fc00ffff03fe02fcfffcfefbfdfafbfdfcfefffcfffdfdf8fef302f800fafdf9ff
737,82010728,-95,11,128,1,143,1,4ff114000b000e0210050e010bff09ff0601040103ff02fc03fb05fb08fb06fb03f904f605f505f505f706f905fb04fb01fa01f903fa01fe000000000000000000000000000000000000fe01fb07fb07fc05fc03fc01fe01ff02020304030406050706040507030a0108ff09ff070005ff06fd08ff080206020306000aff07ff
738,82113117,-94,11,128,1,143,1,4ff114000cfa0cf70df80ef90dfb0dfc0efd0bfc06fd02fe02fd04fb03f903f704f604f702f804f906fa07fa06fa04fb05fc03fd01fc00fe00000000000000000000000000000000000002ff08fd0700060004000400040004ff05fd04fb02fa02fb08fd0dfd0ffd0d010b050d060f030bff06fe04ff0301020101ff00fc01fa
739,82215521,-92,11,128,1,143,1,4ff11441f100f0ffeffcf0faf4faf5fcf5fbf7fbf7fef9fefcfffc01fc03fb05fb06fa06f906fa05fa04f903fa03fb02fa01fb01fd02ff0000000000000000000000000000000000000000fe03fc06fc05fd03fc02fc02fc00fb00fc01fc00fbfffafdf8fcf5fdf6fdf6fef2fff100f400f6fef7fbf9fbfcfbfefafffbfef9fe
740,83240097,-92,11,128,1,143,1,4ff11400110011010e010e010d000bff0afe0afd08fc05fb03fb03fc04fb02fafffafdf8fff400f400f700f800f8fef7fdf8fefafffb00fe000000000000000000000000000000000000fe00f901fa01f900f900fa00fcfffd02fd06ff050104050706070308ff0c010e040e010ffb0dfa0bfc0bfe0b00080103010302050303
741,83853978,-91,11,128,1,143,1,4ff11400fe0cff0cfd0dfa0ef90efa0dfc0bfd0afc09fd060005020605050603070409040805060705080607040703080406030502050001000000000000000000000000000000000000fffffcfdfdfcfdfcfbfdfbfdfdfdfcfdf9fdf8fef901f901f8fff6fef3fff200f501f603f502f600f601f501f700fb01fe04fe05fe05
742,84108071,-92,11,128,1,143,1,4000044108040304ff05000401fefffbfcfcfbfefc00fd00fd00fdff00ff040106010301ff02ff0100ff01ff0101fefffefefffefe00ff00000000000000000000000000000000000000fffffefdfffe01fefffffd01fc01fd0100fe00fe00090011fd08fffd01f700f300fafe00fc00ff01fffffefcfffbfffbfdfbfafdf7fc
743,84108403,-93,11,128,1,143,1,dcc33d41fefe050408040500fefdfcfefc02fc04fd00fefdfa00f902fd0100010103ff02fd01fd01fe01fe00fe00fdfffeffff00ff01ff0000000000000000000000000000000000000000fe00fdffffffff000000fefffd06050c0d0708010104f909f106f500fc00fe03ff01feffffff00000103010202fc04fc04fe0000fe
744,84196398,-92,11,128,1,143,1,e88dde4101030004ff03ff0303050304fffffdfdfbfff902fafe03fd09fe01fbfbf8fdfafffefefe00fc00fe00020301070105060109ff02000000000000000000000000000000000000ff01ff05ff03fffffdfcfdfe0000010003fe06fe040002010000fb02f803fa04fd06040405000001000203fe05fd0302020104fb02fa
745,84213024,-96,11,128,1,143,1,74422741ffff03ff02ffff01ff03fe05ff04030103fffffefdfdfcfffd01ff02fe01ff010001ff01ff00fffefefefd00fe00fd00fb01fe00000000000000000000000000000000000000ff00fe00ff00fe00fd01fc00fdfefefbfffbfefc00fe02ff01ff0001ff03ff01fe01ff0001ffff02fc03fc03fa09f70efe0705030206
746,84213854,-92,11,128,1,143,1,9aa44941fc0300010300020001010102020201010001010202020000000000fefefcfefe000000fffefffefffdfefdfffe00000101020000000000000000000000000000000000000000ffffffff0000ff00ff0100020001ff00ffff0000ff02ff02fe03fe02fefffefcfefcfefdfbfefb00ffff01fc05f408ef08f806020303
747,84319614,-94,11,128,1,143,1,07777041fc00fa00fe00020102020001000002fd04fd03f702ef00f7ffff01f904f204f701fcfefbfffc00ff00020001000001ff00ff00ff000000000000000000000000000000000000ff00fe01fe01fe01000001ffff00fefffffdfefeff01010201000000010101050206020100fc01fd020002ff03fe01ffff0001ff0201
748,84365969,-92,11,128,1,143,1,4ff114000f0111031003110210010d010d020b0109fe07fd04fd02fc04fa03f804f705f604f601f701f703f704fa03fa02fa02fc01fd00ff000000000000000000000000000000000000fe00f803f803fa02fb01fc02fc03fe02ff01000301070009010b020aff0afe0bfe0dfe0f000fff0cff0900080008ff06000205030706
749,85082789,-91,11,128,1,143,1,4ff11400fff0fef0fff2fff2fdf200f304f603f800f7fff9fffdfefefdfdfafcf6fbf4fbf5fdf6fdf5fbf7faf9f9faf8fbf8fcfafefcffff00000000000000000000000000000000000001000701060104010300030003ff0400060005fe06fa08f809f80bf90afa09f90bf90cfa0bfb0bfb09fd05ff02fd02fb04fa03f8fef8
750,85318037,-92,11,128,1,143,1,49911400f5fcf4fcf3fcf1fcf2fdf5fff6fdf8fbf9fdfa00fb03fb04fc05fd05fd07fc09fb08fa07fa06fa07fb05fa04f905fb06fd04ff0100000000000000000000000000000000000000fe04fb05fc05fd03fe010002ff02fe01fd00fc02fb00fafff801f401f201f003f104f201f400f6fff701f802fafffafcf8faf7faf8
751,85344353,-91,11,128,1,143,1,2aa0024101f201f300f102ef05f205f607f508f405f700fafefbfdfcfbfef8fef8fff7fff500f600f700f800f8fef9fefa00f901f800feff000000000000000000000000000000000000ff00fc03fb03fa03fb05fd06fe04ff040005000502040405050509030a020a0309060908080a060805030603050305ff04fa00f900f7
752,85390608,-92,11,128,1,143,1,4ff1140004f406f808f909f709f608f806fa04fa02fb03fb02fc00fefefdfdfdfcfbf9faf9f9faf8fbf8fbfafbfbfafafbf9fcfafdfcffff00000000000000000000000000000000000000010006fd04fb03fa03fd03ff02000302050503060108030c050c070a080b0a090a0306010202020104020202000302060005fc04f8
753,85484585,-91,11,128,1,143,1,2aa002410f020c010bff0dff0bfe0bfd0dfe0bfe06fd03fc03fc03fb00fbfefbfcfcfbfbf9faf8f8f9f8fbf9fdfbfbfbfafbfcfdfdfeffff000000000000000000000000000000000000fefffcfdfff800f8fdfcfcfcfefafffe0001ff00fe01fc03fc05fc08fb09f809f70af80afa08fc09fc08fd06fe05ff04010403040201
754,85571267,-93,11,128,1,143,1,9ee779410404040504050303fd01f904f804fa00fefdfefffd00fa00f901fc01ff01fe00fcfdfdfd02fd04fb02fc01fe00ff0000020000ff000000000000000000000000000000000000ff00fe01fe01fe02ff02ff02fd00fdfefcfefa00fa01fe01fcfff9fffbfffbfefdfe01fe03fe04ff05000501020101ff02ff02ff0200
755,85660506,-94,11,128,1,143,1,2aa00241f7f6f6f5f8f4faf3f8f3f6f6f8f8fbfafcfafef9fffdfb00f900fb00fb03f905f705f605f705f804fa03fa04fb03fc02fd03ff000000000000000000000000000000000000000101060606050405020501030003020104ff05fe06fd05f903f704f806f907f909fa08fb08fb0afb08fd06ff05fefffcfbfcfbfefcff
756,85914655,-92,11,128,1,143,1,f7733f4103020101fefcfefafefcfffc00fd0001ff01fa05f40bf605fcfff903f308fa050002fe03fe02000000000101010001000001000000000000000000000000000000000000000000ff01ff000100020001ff00ff00fffeffff01000001000000fe01ff01fe00fffe00fd00fe00fc00fc0100ff02fdfffbfbf9f9fbfcfe
757,85916171,-92,11,128,1,143,1,42266441feffff01fd02fd00fffdfefefd00fe0000ff08fa11f508fb000106f90af202f8fdfdfffcfefdfefefffe00ffff00fe00feffffff00000000000000000000000000000000000000ff0000fe00ffff01ff02ff01ff010100010001ff01ffff00ff010101fe02fb02fc02fe01ff0001010101ff00ff010003fe06fe0301
758,86041731,-92,11,128,1,143,1,2aa00241f302f301f503f403f301f300f7fffbfffb00fa02fd04ff07ff07ff07000603060307010900080007ff080004010102ff00ffffff00000000000000000000000000000000000002ff08fe04ff03020403050003ff00ff00ff00fe00fbfff9fef7fff501f400f400f400f500f503f503f800fdfefefafdf7fcf6fff502
759,86041861,-91,11,128,1,143,1,166001410afe0bfc09fb07fa09fa0bfd0aff07ff06fe06fd05fd02fd00fd00fc01f7fff5fbf6faf6faf7faf8fbf9fdfbfffc00fefdffffff000000000000000000000000000000000000fefff700f601f8fef9fcfafffd02fd03fd01fe0200050107020a010cff0afe0bfd0dfd0dff0c0009fe07fd07fe03ff020104030205ff
760,86311634,-92,11,128,1,143,1,4ff114000d030d060c070c050c020b000b020b0309020701050005fd05fb03fb02fa04f806f606f706fa05fb03fb04fc03fd02fe02fd00ff000000000000000000000000000000000000fe00fa02fa01fa00fb01fc03fc05fe040004ff030002020302050308040b040c040d030c010b010c0109ff06ff060303030004ff08ff
761,86380388,-92,11,128,1,143,1,0ee000410b060d090c0a080609010a0109000901060103010100fffefdfcfdfdfcfefafef8fcf9fbf9fbfafbfafef800f900fc00fe01ff0000000000000000000000000000000000000001010605030302ff03ff03010102fffffcfbfdf9fff8fdf8fbfbf9fdf6f9f5f6f4f8f4fbf5fcf7fcfafdfb00fb00fc02000703090107
762,86926042,-91,11,128,1,143,1,4ff114000110000fff11fe10fe0a00080009010803070305020303020403040004ff07010a010b030a050803060104010302030204020100000000000000000000000000000000000000fffefbfcfbfcfcfcfcfdf8fff800fcfffdfffd01fd02fa03f604f302f301f402f4fff4fdf7fdf8fcf8fcf8fefc0000020005ff080008
763,86982318,-92,11,128,1,143,1,0ee000410d010f010b02090109010902080206010503040204fd03fb00fc00fb01f901f900f801f903fa03fb03fb02fb03fc04fd04fe00ff000000000000000000000000000000000000fd01f806fa06f904fa03fd01feffff0001020104020703080307050504050007fe0800070007fe07fd07ff0701050303050104000701
764,86982592,-95,11,128,1,143,1,0ee00041f803f800f302f205f604fa04fb04fa01f900f803f803fa03fd03fe04000501070007ff07ff07fd07fd06fe04fe04fe04fd05ff01000000000000000000000000000000000000fffefffa01f902f902fb01fd00fc00f900fafdfcfbfcf9fbf7fbf7faf9f8faf5fbf6fbf6fbf7fef7fef8faf8f7f9f9fdfc02fd04fb01
765,87028462,-92,11,128,1,143,1,4ff114000c040c080a090b070d040906070908080805050205000400040005fe07fd07fd07fc07fb06fb08fc08fe07ff07ff04fd01fc00ff000000000000000000000000000000000000fefff8fff700f700f800fafffc00fc01fd01000101020003fe08fe0efe0dfe0bfd0afc0bfc0cfa0afa08fd07ff050004030306020703
766,87089735,-92,11,128,1,143,1,0ee0004103f504f606f707f706f804fa02fb03f902fa02fd04fd03fb00fbfffdfefdfefcfffafff9fffa01fb02fc02fc02fd01fe00fc00fe00000000000000000000000000000000000000000202030202010100010101ff01fd0000000203ff04fb04fc06fe06fd07fc09fd0aff080009ff0b000a04080405ff04fd04fd03fa
767,87438680,-92,11,128,1,143,1,25500200faf3fcf2fdf0fdf2fef4fef5fcf6fcf7fef800fafffcfcfffbfffbfffa00f904f805f805f905f804f802f803f904fb03fc00feff00000000000000000000000000000000000000000103000401040103fe03fe020002020004fe05fb06fc0afc0dfb0dfc0dfd0dfe0b010bff0bfc0afa08fa06fa04f902fbfefcfcf9
768,87445642,-92,11,128,1,143,1,14400141fcf4fef3fff400f4fdf5fbf8fbf9fbf7fcfafcfdfbfdfcfdfc00fb03fa05f805f705f702f902f902f903f904fb02fe00010000000000000000000000000000000000000000000000ff04fe06fd05fe04ff0302020203ff03010205030602050007010c040e070d080b06080207ff06fe0400020002fc03fa01f9fef7
769,87757735,-92,11,128,1,143,1,25500200f7f4fbf1fdf1fdf5fdf4fdf3fff501f700f8fdfbfefcfefcfbfcf8fdf8fdf8fef9fdfbfbfcfafdfafcfafbfbfbfbfcfcfefdffff00000000000000000000000000000000000000ff02ff02ff04ff05ff05fe04fd03ff030004fe05f903f703f804f706f505f406f509f70af909fa08fb04fb01fa00fb01fb02f8fdf4
770,87806040,-36,11,128,1,143,1,1ee00100f410f114f017ee18ed19ed18ee17ef15f113f40ff70bfb070003040009fc0efa12f916f818f91af91afb19fc17fe15ff1300040000000000000000000000000000000000000002030a0d0a0d090d080d070b060906070504030003fb02f702f202ee02eb02e802e602e502e502e602e701e901ed00f2fef7fcfcfa00
771,87806490,-36,11,128,1,143,1,1ee00100e9ffe4ffe1ffdffeddfedefddffde2fde5feeafff0fff600fc02020408070d0a100d131014131415131611160f150c130a120204000000000000000000000000000000000000fe04fa12fa11f911f910fa0efb0cfd0aff070203050009fd0dfa11f714f516f318f219f21af119f217f315f411f60cf806f901fafcfb
772,87806871,-36,11,128,1,143,1,1ee00100ebfde7fce4fbe2fbe1fae1f9e3f9e5fae9fbecfcf1fdf6fffc0101040607090b0c0f0e120e140e160c160b160915071305120104000000000000000000000000000000000000fe03fb10fa10fa0ffa0efb0dfc0bfd08ff060203050008fd0cfb10f912f715f516f517f417f417f516f614f610f80bf906fa01fbfdfb
773,87807279,-36,11,128,1,143,1,1ee001000e0e11111313141515161416131512130f110d0e0a0a0705040001fbfff5fef0feecffe800e601e502e503e605e805eb06ed01fb00000000000000000000000000000000000003fd0df50df60df60cf70bf809f907fa04fb00fcfbfcf7fcf2fceffbecfbe9fbe7fae5fae5fae6fae8faeafbeefcf2fef700fc03ff05
774,87807670,-36,11,128,1,143,1,1ee0010003130418041a051d051e041d041c031a03170212020d0208030204fc05f707f209ef0cec0eea0fea10eb11ed10ef0ff20ff403fd00000000000000000000000000000000000004ff1000100010000f010d010b0009ff06fe02fdfefafbf8f7f5f4f2f2f0f0efefedeeeceeeceeecefedf1f0f3f3f6f7f8fbfb00fc03
775,87810971,-93,11,128,1,143,1,69933641fb02010206020502fdfff6faf7f6fcf8fffdff00fffffefefefffe00fe00fd02fb04fc04fd01f9fdfaf9fff8fffafefdffff00ff000000000000000000000000000000000000fe00fc01fdfefefbfefafefbfffe01ff01fffe00fdfdfffb01fcfffcfafffc0602060102fdfffc00fe01fd01fc00fdfefefffffffefc
776,87847658,-94,11,128,1,143,1,4ff11400f305f105f205f304f302f602f902fa00fafffafffd00ff01fd04fd07ff08fe08fe07fe06fc06fa07fb07fb07fd06ff05ff05ff01000000000000000000000000000000000000fffffffc02fb03f903f902fb03fa01f900f900fbfffbfbfcf7fcf6f8f7f6f9f8fbf9fdf9fdf7fbf4faf4fcf6fdfafdfdfafef801fb03
777,87860248,-37,11,128,1,143,1,1ee00100eff2ecf0ebeee9ede9ece9ecebedeceeeff1f1f4f5f7f8fcfb01fe06010a020f03130316021902190119ff19fe17fd14fd12ff04000000000000000000000000000000000000fc02f209f209f208f307f406f604f904fc030002050209020d0211031403160318041904180417041603140310020b0006fe02fcfffa
778,87912548,-38,11,128,1,143,1,1ee00100f411f215f017ef19ee1aee19ee18f016f213f510f80cfc07000305ff0afc0ef912f716f719f71af71af81afa18fb16fd14fe04ff0000000000000000000000000000000000000203080e080f070e060d050c040a0407030303ff02fb02f603f103ed03eb03e803e603e503e503e603e802ea01ee00f3fef8fdfdfb01
779,87956998,-94,11,128,1,143,1,2aa00241f101f2fef4fef6fcf7fdf7fef6fdf5fdf4fff601f901fc02fe06ff080007ff07ff09ff09ff08fe07ff060006ff05fe04fd04ff0100000000000000000000000000000000000001ff08fe09fd07fe050004ff02ff00ff00fc00fafefafdfafef7fef500f401f400f301f302f300f401f603f704f701f9fcf9f9fcf800
780,88154870,-92,11,128,1,143,1,4ff11400010e000dff0eff0eff0bfe0afb0afb09fd07ff060106030503030103000303040606060705070307000701080206000301010000000000000000000000000000000000000000fffffcfdfbfcf9fcfafcfcfefcfefcfffd01fe02fd04f907f807f906f904f606f507f504f602f702f801f9fffb01fe04ff04fe06ff09
781,88422562,-93,11,128,1,143,1,20000241f7fdf6fcf5fcf5fdf5fff300f3fff7fffb01fc03fd04fc05fc05fe04ff0300030004000600070005000501060206010401030000000000000000000000000000000000000000010003030304030602060103000001fe00fcfefafef901fb03fa03f502f502f604f507f606f503f602fb03fb03fa01fcfefefdfffcfe
782,88423145,-95,11,128,1,143,1,0ee00041f4fef3fdf0fdf1fbf6fbf9fef9fff9fcf9fcfafefdfffe01fc03fc04fd03fc02fa00f8fef7fff902fc02fc00fcfdfcfcfefbfffe000000000000000000000000000000000000fefff9fefbfdfdfdfdfcfefdfefffefffefcfefdfefffefefcfdf9fdfafaf9f9f9f8fbf8faf7faf7f9f9f8fbfcfcfdfcfcfefd00fe00
783,88423350,-92,11,128,1,143,1,200002410d010d050c050a0308030604070307020601030103fe04fe04ff0500080007fe06fd05fe04fe050005010601060003ff00feffff000000000000000000000000000000000000000001030103020302020001ff0100010100000202010400050306050706050402030204040403030202020301030002010205010901
784,88425288,-92,11,128,1,143,1,20000241fc0afb0cf80afa06fa04fa06fd05fd06fd07000702050002fe000000020203050204030205000402000400040104010300010000000000000000000000000000000000000000fffefefbfffcfffcfffcfffe00fefffdfdfcfbfdfbfdfbfcf9fdf9fbf7faf5fbf5fbf6faf8fafbf7fcf7fbfcfafffb00fd01fc02f804
785,88443967,-92,11,128,1,143,1,7330074109050807070807050803090308060605050007fe09fe05ff02fe01fb01f601f600f6fff6fdf6fef500f600f9fffcfffd00fe00ff000000000000000000000000000000000000fffefefafffa01fb02fe01fdfffcfdfcfcfcfcfefafef9fef7fff600f5fff4fdf4fef600f6fef7fff903f904fa03fb04ff0503040303
786,88462713,-91,11,128,1,143,1,4ff1140006f409f309f307f507f808f906f905fa06fa05f902f800f800fbfefdfbfcfaf9f8f6faf6fdf8fff9fff9fefafffafefbfefdffff00000000000000000000000000000000000000010106ff06fe07fe07000501040204030305030403030306030802070108010a0108010603070507050702060002ff01ff050008ff
787,88492978,-91,11,128,1,143,1,25500200020dff110210050c030901070107fe0afa0afb08fe06ff0401030402070209030704080509060704040304040403040204040101000000000000000000000000000000000000fffffcfcfdfbfbfcfcfdfefdfffdfffefffefc01fa03f903f703f603f502f601f402f303f503f902fe00fefdfc00fe03000500090208
788,88499751,-94,11,128,1,143,1,0ee0004102f701f202f203f502f701f700f8fff8fff8fef7fef6fdfafbfffb01fc01fd02fa03f703f803fb02fb02fb03fc02fd00fd00ff00000000000000000000000000000000000000ff00fe02fc01fb02fc04fd04fd04fe04ff04000301020402060406060606060607060805070706080306010301fe06fd09ff05fc02f6
789,88500190,-92,11,128,1,143,1,200002410008fe0afd0bff0bfe0aff0a010801080109000601030101010005fd05fd03fd05fb08fa08fc07fd08fd08ff07ff060004030001000000000000000000000000000000000000fffefefafffa00fa01fb01fc00fdfefcfefdfffdfcfcf9fdf7fef6fef7fef8fef7fdf8fdf9fef8fcf8fbf9fcfafdfa00f901f901fa02
790,88717360,-94,11,128,1,143,1,a8800a41fcfbfdfcfffe00ff03ff0100fcfdfaf9fafbfcffff02010200fe01ff0103fe04fd03000103fe03fc04fb03fb00fd01fe02fd00ff000000000000000000000000000000000000fffffdfffd02fd02fe01fe00fe01fe01fdfdfdfc00fd01fdfdfefcfdfef900fa00fdfdfdfcfefffe01fefe00fefefffafef7fdf4fdf2
791,88732135,-94,11,128,1,143,1,20000241fbf4fbf7faf8f9f8faf9fbfafafafaf9fbfbfcfdfefd00ffff02fc02fd01fe01fc02fa05f806f802fa01fb03fe02ff01fd01ff00000000000000000000000000000000000000ff01fe06ff050105020403030204020103fe04ff050204ff03fb04fd07fd08fc08fd06fd04fc05fc06fe05ff05fe06fc03fcfffbfcf9
792,88950022,-96,11,128,1,143,1,20000241f906fa09fb0af80af70afa08fb04fb03fd05fe06ff06ff050104030402050106020701070005fe05fe04ff050005fe04fd02ff00000000000000000000000000000000000000fefef9fbf9fbfafbfbfbfbfcfcfdfcfefefffffffdfffb01f902f803f804f803f601f6fff7fdf8fef9fefafef901f903fd0401060109
793,89244722,-92,11,128,1,143,1,20000241f9f6fbf4fef4fdf5fef700f902fa02fafffbfdfcfcfbfcfbfafefafffbfefafdf9fbfafbfbf9fdf7fff700fa01fd02fd03ff000000000000000000000000000000000000000000ff02fe02fe04fd04fe02fffffffffefefdfdff00ff01fbfdf9fcf9fffa02f702f600f701f803f802fb03fd06f906f604f802f9fef8
794,89315432,-93,11,128,1,143,1,2000024108090a06090706080509040a04070404040303010403040404ff05fc07fc08fc08fa07f706f806fc05fc04fe05ff04ff03000000000000000000000000000000000000000000fffffdfdfcfdfdfefefdfefcfdfefd01fe01fd01fc01fb02fb03fa03f804f805f806f704f502f603fa02fb00fbfffefe030104030403
795,89320416,-93,11,128,1,143,1,0ee00041fdf9fcf5fbf2fdf5fbf7f8f7faf8fcfbfcfdfcfefbfffa00fc01fe02fe03ff06fe09fc08f904fa02fb03fd04fc04fc03fd04ff01000000000000000000000000000000000000ff00fd02fd04fc05fd040004010301010102010204020604060505040503080209ff08000703080108010502040103ff00fefefdfcfa
796,89327742,-90,11,128,1,143,1,d6655d41fff6fffa0104ff06fc01fffb02f600f6fffdff00fffdfefdffff00fffefefcfffbfdfcfbfcfcfdfcfefcfefd00fd01fe02ff00ff000000000000000000000000000000000000ff00fb01fcff01fe03fd00fcfdfdfe01030007fc04fcfc02f808fd080103ff04020a080708ff07020108fa06000103fc03fb07fe0402
797,89399225,-34,11,128,1,143,1,1ee0010001140219031d0320042204210420041e041b04160310010a0004fffdfef7fdf1fdebfee7fee4ffe3ffe200e301e501e802ea00fa0000000000000000000000000000000000000004011301140114001300120010000d0009000400ff00f901f401ee01ea01e601e300e100e100e1ffe2ffe5ffe9ffeffff4fffaffff
798,89399888,-34,11,128,1,143,1,1ee0010013f918f71cf61ff520f420f41ff41df519f515f710f90afb04fefe00f703f104ec05e806e506e305e304e303e502e801ea00fa0000000000000000000000000000000000000004fd11f712f712f812f811f90ffa0cfb08fc04fefffff900f401ef03eb04e705e406e207e207e207e307e607ea06ef05f503fb02ff00
799,89400269,-34,11,128,1,143,1,1ee00100120717091b0a1e0b200b200b1f0a1d091a07150610040a030401fdfff7fdf1fbecf9e9f7e7f5e5f4e5f3e6f3e8f3ebf4edf4fbfd0000000000000000000000000000000000000401110712081208110810080e070b0508040401fffffafcf6f9f1f6edf4eaf3e7f1e5f1e5f1e5f1e6f2e8f4ebf6f0f8f5fbfbfdffff
800,89400678,-34,11,128,1,143,1,1ee001000b100e151118131a141b141b1419131811150e110b0c07080203fefefaf9f6f4f3f0f1ecf0e9f0e7f0e7f1e7f3e8f5eaf6ecfdfb00000000000000000000000000000000000002040a100a110a110911080f070e060b0408020400fffdfafbf4f9f0f7ecf5e9f3e6f2e5f1e4f1e5f1e6f2e8f4ecf7f1f9f6fdfbffff
801,89445924,-34,11,128,1,143,1,1ee00100eff1ebede9ebe7e9e5e8e5e8e6e9e8ebeaeeedf1f2f5f6f9fbfe00020507090c0c100e140f170f190e190d190c180a1608140204000000000000000000000000000000000000fbfeecf8ecf8ecf7edf7eff7f1f8f4faf7fcfcfe0001050509080e0c110e1410161218131813181317121510120d0d090905040100fe
802,89446392,-34,11,128,1,143,1,1ee0010009100b140d170e190f1a0f1a0f190e170c140b10080c05070202fffdfdf7fbf3faeef9ebf9e8f9e6fae6fbe7fce8fdeafdecfffb00000000000000000000000000000000000003020d0b0d0c0d0c0c0c0b0b090a070805050202fffefcfafaf6f7f2f5eef3ecf2eaf1e8f0e8f1e9f1eaf2ecf4eff7f3faf8fcfdfe01
803,89446821,-34,11,128,1,143,1,1ee00100fb15fa1af91ef921f922f922f920fa1efb1bfc16fd10fe0a000401fd03f605f107ec09e80be60ce50de50de60de80ceb0ced03fb0000000000000000000000000000000000000004011400140014ff13ff12ff10ff0dff08000300fe01f803f304ee04ea05e605e305e105e005e105e204e503ea02ef00f5fffbfe00
804,89447248,-34,11,128,1,143,1,1ee00100f00fed12ea15e818e719e719e918ea17ed14f111f40cf908fd0302fe07fa0cf610f314f116f018ef19f019f217f315f514f704fd000000000000000000000000000000000000fd04f611f511f511f510f50ff70df80afb07fe0301ff05fb09f70df30ff012ed14ea15e915e914e913ea11ec0eef0af306f702fcfe00
805,89470906,-94,11,128,1,143,1,25500241fff400f202f003f103f201f301f703fa01f9fff700f9fef9fbf9fcfbfcfdfafcfafcfafbfafafbf9fcfafcf8fdf8fdfbfdfcffff00000000000000000000000000000000000002ff06ff05000401010201020101010002fe00fdfffc03fc06fc04fa05fa08fc09fc0afd09fd07fd07fc07fc06fe04fb00f9fbfafaf9
806,89472976,-92,11,128,1,143,1,25500200f1fbf1fbf3fbf7faf8f9f6faf6faf8f9fafcfc01fd03fe04fe05fe05ff050106ff06fd06fe07fe06fc03fb03fb05fc05fc05ff01000000000000000000000000000000000000010005020403030602060303060405060506060206fd04fc04fe05fe05fe05fd05f807f508f706fa05fa05fc06fc06f902f9fcfafbf8
807,89498564,-34,11,128,1,143,1,1ee00100fdecfde8fce4fbe2fbe1fbe1fbe2fbe4fbe8fcecfdf1fef7fffd00030109010e011201160118001a001aff19fe17fe14fd12ff04000000000000000000000000000000000000fffbfdedfdedfdedfeeefeeffff1fff4fff7fffcff01ff06ff0bff10ff14ff17ff1aff1b001c001b011a01170113010e00080003ffff
808,89503978,-34,11,128,1,143,1,1ee0010015fc1afb1efa21f923f922f921f91ef91af915fa10fb09fd03fefc00f501ef02ea01e601e300e200e2ffe3fee5fee8fdeafdfaff00000000000000000000000000000000000004fe13f813f914f913fa12fa0ffb0cfc08fd03fefefff800f201ed01e902e502e203e004e004e104e204e504e903ef03f502fc010100
809,89552848,-94,11,128,1,143,1,0ee0004108f30af20af20af80afb09fa08fb05fd05fd06ff06ff04fc02fa02f801f700f9fffb01fb03fb03fa03fa02fb02fc03fd01fd00ff00000000000000000000000000000000000001010404040404040303030203020502060006fd06fa07f909fb0afd090008020802070406050704090306030301030105ff04fa03f9
810,89555503,-33,11,128,1,143,1,1ee00100f3eff0eceee9ece7ebe6ece7ede8eeeaf0ecf2f0f5f5f9f9fdfe01030408070d081109150a170a19091908180717051404120004000000000000000000000000000000000000fcfdeff6eff5f0f5f1f5f2f6f4f7f6f9f9fbfdfe00020406070a0a0d0d100f121114121512151214111310110d0e0a0a06050201fffe
811,89690946,-94,11,128,1,143,1,4ff1140005f405f104f300f7fef600f500f601f701f9fffcfcfffc01fc01fb01fa02f804f706f708f908fc07fd07fb07fb06fe0400030000000000000000000000000000000000000000fffefdf9fefcfdfdfcfcfdfdffffff00fd00fb02f904fa04fc05fc08fb0afa0afb07ff08020a04090609050a0106020003fd04ff0502
812,89700920,-91,11,128,1,143,1,4441144101fc02fa01f9fffc01fc05fa06fd02fcfefafffbfffdff000002020004fd01feff00fffffefdfffc00fcfefdfeffffff00ff00ff00000000000000000000000000000000000000ff02fd03fe02fe0300040002fffe01fb05fc0300fe02fcfffefb01fa02fafefefb01fbfffb00fc00fcfdfcfafefcfd00fd0001fd04
813,89710886,-93,11,128,1,143,1,20000241fef4feeffdf0fdf3fef5fff8fff9fffafdfafcfbfdfbfefcfdfcfcfcfcfefbfef9fdf7fdf9fefbfdfdfcfdfcfcfbfdfdfe01ff0000000000000000000000000000000000000000ff03ff03020002ff0202020402040102ff00feffff00ff02ff04fe07fa0afa07fb08fa0bfa0bfb09fb03fbfefcfffd00fcfff900fa
814,89712063,-93,11,128,1,143,1,0ee0004105f906f906fa08fa09f908f804f903fc05fe04ff00fffffd00fc01fb01f9fff9fef8fef9fefafffa00fbfffbfffa01fb02fc00ff000000000000000000000000000000000000010003010101000101ff01ff01020303030003fe05ff080108010501050106000500050006ff0500060006010401040005fe06fc07fa
815,89851357,-94,11,128,1,143,1,20000241fdf6fdf5fef6fff6fef5fdf5fef7fff8fdf9fcf9fefafefcfdfefcfffbfffdfffcfefbfdfcfdfbfdfafdfafdfbfefdfffeffffff0000000000000000000000000000000000000000030003010402040203020102010102ff01fe00fe02fc02fa02fb03fb05fb08fc06fc04fb07fb08fd06ff05ff02fefffdfefdfcfc
816,89856534,-92,11,128,1,143,1,0ee00041fe05ff05020702080008fe09fc09fc07fd040002ff01ff0204030803080208ff07fe0601040304030401020002ff03ff02ff0000000000000000000000000000000000000000fffffffcfffbfdfbfcfcfefcfffcfffdfefdfdfffc01fc02fc02fa00fafdfcfef900f701f800f9fffa00fb01fb00fbfffcfffd01f905
817,89857084,-93,11,128,1,143,1,9aa33941fa06fd0cff0e000a0005020103fe02fd01fe01ff02fe02fe020103030003fe02fc04fa02fbfefefffefffd00ff0101010000ffff000000000000000000000000000000000000ff00fe00fe00feff01ff01fffffffd02fd04fb03fc03000202fe0002fc06f903fa03ff070006fe0201fc04fb02fffd03fb0500040703
818,89993726,-93,11,128,1,143,1,fff11f41fcfbfffafffdfdfffafef6faf7fbfdfdfefefcfffc00fc03fd03fe00fefffe010000fdfff900fa02fd03ff0101ff030004020100000000000000000000000000000000000000fffffdfeff0103040203fdfffffd03fe03000200ff00ff01020002ff03ff04f902f701fb0200020003fd03feffffffff0001fd020004
819,90013961,-93,11,128,1,143,1,2ccee241fbfffe03ff0101fd00fd00fffe00fd01fe00fffefffeff00fc02fb01feff00ff0000fe00fe02ff020001010001000000ff00ff00000000000000000000000000000000000000fffffdfffe01ff00fffefffe0000020001fefffdfefd00ff01ff01fefffefd00ff0002ff020002fd01fb01fcff04fc10fe12fe06fafc
820,90014970,-92,11,128,1,143,1,baa33b41fffdfefe00fd02fe0101fd02fa01f8fffafffe0001020203020200020102060005ff01fefefdfcfefefeff00fcfffa01fb06ff01000000000000000000000000000000000000ff00fe02fc02fe0100fffffefdfffdffff00ff02fd03fe02fe03fd04fc04ff0100fefffdfdfefdfefffe02fb0cf312f008f600f8fdf7
821,90119494,-96,11,128,1,143,1,7115574101fe00fcfefb00fd01fffe00fffffffefefe00f201eafff5feff0105020afe05ff0001fffffefffd00fe010002010201ff00ff0000000000000000000000000000000000000000ff02000001fffffffe0100010100000000ff00fffd00fe0001000100fffffefd00fd0201010100fd00fefffefdfefcfdfefb01fc04
822,90153247,-94,11,128,1,143,1,20000241f7fdf5fcf4fdf4fef4fdf6faf6f8f6f9fafdfbfffafdfcfdfcfffa01fa01fc01fc02fa02f901fb02fc01fb00fb02fb02fa01fe0000000000000000000000000000000000000000ff00fcfffcfefdffff01ff01fdfffdfcfefbfdfcfcfbfbfafbf9f9f8f7f8f7fbf8fdf8fef900f902f903f701f8fdfdfcfefbfef8fd
823,90216983,-93,11,128,1,143,1,700227410300fdfefefb02fa08fc0700ff01fd00fefffffe03fd04fd02fa00fb00fffefffdfd01fd03fdfffdfeffff00ff00ff0100020000000000000000000000000000000000000000ff0000030401040002000000000001010100fffffd00fafff9fef900f704f90300ff02fe02010202030402040002fe01fffd00fafdfc
824,90291115,-95,11,128,1,143,1,0ee00041000a010bfe0cfb0cfc0bfc09fc07fc05fc05fd04fd03ff0300050405070306030504030503060407040503040104010301030000000000000000000000000000000000000000fffefbfafbfbfdfdfffdfffcfdfbfdfeff010003fe03fb02fa02f903f703f602f6fdf5fbf6fef800f8fff7fdf8fffa01fe0303050209
825,90292585,-94,11,128,1,143,1,2000024104f907f70af60af50bf60bfa07fc05fc04fd02fefffefdfcfdfbfdfcfdfafcf9fbf9fbf9fbfafbfafcfcfcfbfdfafffbfffcffff000000000000000000000000000000000000ff01fd06ff0502040005fe03fd01fd02fe04fd05000406030b040c060b080b070b030a0109020602020302040504060204ff04fd07fb
826,90305343,-93,11,128,1,143,1,4ff11400060d050c0609060a060c060a05090307020605040503020302ff04fd06fd08fc07fe06ff06ff0700090108020501040005000100000000000000000000000000000000000000fffffafff9fffafdfdfdfe00fd01fd01fe03fe04fe03fc03fb05fb06f907fa0afd0bfd08f906f806fb06fc03fc02ff00010200070006
827,90305853,-93,11,128,1,143,1,49911400f5faf2f8f2f6f4f8f4f9f3faf5faf8fbfbfcfcfdfbfefb00fc01fb04fa06f908f808f806f905fb06fc05fc03fc03fc03fc04fe010000000000000000000000000000000000000001040604050203020303030102010002ff03fd04fa05f905f606f609fa0cfa0bf709f906fa06f908f907fb03fb00fbfefcfafbf8f8
828,90441722,-91,11,128,1,143,1,0ee000410701080309010bff0b000701040004fe03fd02fc03fa04f901fafbfcf9fdf9fdf9fdf9fcfbf9fdf9fdfbfbfbfbfbfdfcfffb00fe000000000000000000000000000000000000fffdfff7fffa00fc01fcfffc00fd01fdfffeff01fc02f802f803f703f602f502f504f505f604f903fb03fc0300020404070509040905
829,90544676,-92,11,128,1,143,1,2bb0024106f40af60af708f607f306f107f407f704f802f902fc00fefcfefdfcfdfafdf8fff801f700f700f900f9fff8fff801f903fa01fe00000000000000000000000000000000000002000a030902070204030302020101000101030004fe06fd06fe08ff0bfe0cfd0aff09ff07fd04ff0402050204fe01f9fdf9fdfc02fd
830,90547069,-93,11,128,1,143,1,0ee0004100f500f505f507f406f306f506f804fb05fb07f905f903fa01fcfdfcf9fbfaf9faf7faf5fdf6fff800f900f9fffafefbfefbffff00000000000000000000000000000000000001ff04000503040502050203020203020302020002fe05fd08fd07fe05ff070009ff07fe06ff08020a020800060003ff04fe03fcfffc
831,90548628,-90,11,128,1,143,1,4ff004410009ff0dfb0dfb0dfc10fc10fd0cfe09fd06fd02ff00020304050604070409030b030b040904070405040404040303020200000000000000000000000000000000000000000000fc01f3fef8fbfcfdfd01fe00fefbfef7fffafffd01f901f9fbf7fcf303f501fafdf8fdf5fdf6fef9fff8fffa02fc00fbfffe020102
832,90612904,-94,11,128,1,143,1,34400341070a070a080a080a0708070608050805060506040402020001ff02fb05f904f802f801f902fa03fa04fb04fa03fa03fc01fe00ff000000000000000000000000000000000000fffffefd01fa03fa02fb00fcfefcfdfdfeffff01fb02f902f801f501f4fff6fff803f904f7fef9fcfbfffc02fc05fb06fd06030403ff
833,90673656,-95,11,128,1,143,1,2000024108030a040a060606050506030501020102020302040003ff02ff06ff08fe07fc06fb05fa03fb03fd05fd06fd07fd06fe03ff00ff000000000000000000000000000000000000fe00fa02fb02fdfffdfdfd00fc00fbfefefe0001fe02fd03fe05fc07f809f709fb07fd06fc08fb08fa07fb06fc05fe02020106020804
834,90714948,-91,11,128,1,143,1,4ff1140003130112ff10fb0ffc0f000eff0bfd0aff090006ff020001010004fe07fd08fe08010902090109ff08ff06000601060005fe01ff000000000000000000000000000000000000fffd00f602f704f901fafdfafcfcfefefffffe00fdfffcfbf9faf6f9f5faf5faf7fbf9faf9f9f8fbf9fefafff9fef8fff902f904f805
835,90832255,-93,11,128,1,143,1,0ee00041020c000c000aff09fe09fd07fd07fe09fd0bff090006020503040102020103020103000501060206040704080005fd03fb03fe00000000000000000000000000000000000000ff01fe04fd02fb02fa02fa01fb02fd04ff03fe04fe0601070104ff02fd05fb08f907f907fb06fb05f904fa03fc04fe04010303050406
836,90833343,-39,11,128,1,143,1,1ee0010012ea14e915e815e815e913eb11ed0eee0af005f300f6fbf9f6fbf1fdecfee8fee5fde3fde2fce3fbe5fbe7faeafbedfcf0fdfcff000000000000000000000000000000000000fcfdf0f4f2f4f4f4f6f5f9f7fbf9fefd00010206030b031002150118011a001bff1cfe1bfe19fe16fe13ff0f000a020405ff08fa0af6
837,90880587,-39,11,128,1,143,1,1ee00100ec14ea16e916e916e916eb14ed12f010f40ef90cfe0a030808060d051205160519061b081b091b0919091709140811070f070301000000000000000000000000000000000000040110060f070d080a07070605040201fffdfdf9fbf4faeffaebfae7fbe5fce4fde3fee4fee6fee9feecfef0fdf5fcfbf900f706f509
838,90882089,-39,11,128,1,143,1,1ee001001b051d061f061f071e071c061906160412020dff09fc04f800f5fdf1faedf9e9f8e6f9e4f9e2fae3fbe4fde6fee9feecfeeffffb000000000000000000000000000000000000fefbfbeefceefeef00f200f500f900fdfe01fc06f909f50df210ef12ed12eb12ea11ea10eb0fed0def0bf309f807fe05030409040d03
839,90892561,-39,11,128,1,143,1,522005001efa21fa23fb23fb22fb20fb1cfb17fb12fa0cfa06f9fff8f9f6f3f5eef2eaf0e8eee6ece6ebe7ebe9ebebedeeeff0f2f3f4fcfd000000000000000000000000000000000000fffaffea00eb02ed03ef03f303f701fcff01fc06f90af50ef112ee14eb15ea15e815e814e913eb10ee0ef20bf708fd0504020b0010ff
840,90897945,-39,11,128,1,143,1,52200500e5f7e3f6e2f6e1f5e2f5e4f6e7f7ebf9effcf3fff702fc06000a040d071109150a18091a091b081a0719061706140511040e0103000000000000000000000000000000000000fe04fa11fa10f90ef90cf909fb06fd0200ff04fc08f90df711f615f517f419f51af619f618f715f813fa0ffb0afb04fcfefcf8fbf3fa
841,90900254,-92,11,128,1,143,1,20000241f6fef402f206f404f603f602f601f701fb00fe02fd05fe06010302ff040006020702070106ff05ff05ff04fd03fe01fd01fb00fe000000000000000000000000000000000000ff00fc03fd04ff06ff05000301020001ff0000ff01fe04fd04fb05f907fb07fe06fe05fd07fb07fa04fc03fc03fb02fa02fb01ffff04
842,90977674,-92,11,128,1,143,1,8cccc841f4f5f5f7f5f7f9f3fef7fefefb01f803f8fff9fffa04fe040502080106ff02ff020100fffffd00fefeff00ff01fefffefe01ff01000000000000000000000000000000000000ffff00fe02ff03000300030003000301020003000102020103fcfffbfdfdfd03fd06fc01f902f607fb0202fc04fc04fc03fb01fefcff
843,90984389,-92,11,128,1,143,1,a7733a41fe01f901f9fcfff7fef6fcf8fefcfefcfefc0001ff02fdfffdfdfefe00020103ff00fcfdfbfdfffd03fe03fdfffcffff0203000100000000000000000000000000000000000001000202fe01fd000100010101020001ff000000ff00fe00ffff00ff01ff02fd02f9fff5fdf901010201fcfffa02fc00fcfcfdfbfffb
844,91100541,-38,11,128,1,143,1,1ee00100160a190b1b0c1b0c1b0d190c170b140911060e030a0006fc03f701f3ffeffeebfee8fee5ffe400e401e502e702e902ec02ef00fc000000000000000000000000000000000000fffbffee00ef02f002f202f502f800fbfefffb02f805f408f00aed0beb0be90be80be80ae909eb08ed07f106f506fa05000505060906
845,91227065,-94,11,128,1,143,1,4ff11400f6f6f7f4fbf3fef2fff301f601f900f700f5fff7fffbfefbfbfaf8faf8fafaf9f9f9fafafcf9faf8f9f9fbfbfdfbfdfcfefdffff00000000000000000000000000000000000001fe03f901f801fa03fe03ff00fdfffc02fd03fb01f9fef9fbfafdfa02f802f501f502f803f904f603f500f900fa00fcfefdfbfdf8fe
846,91534160,-93,11,128,1,143,1,4ff11400f109f20af208f205f303f403f604f704f803fa00fbfefa01fc04fd07fe08ff08fe09fd08fc08fc08fd06fb05fa06fb06fb06fe01000000000000000000000000000000000000fffffdfafbf8fcf8fdfbfefdfcfef8fff7fffc00fefffbfcf8fcf6fef5fef6fcf6faf7fcf7fcf9fcfbfef9fef7fff801fb02fb03f702
847,91609673,-92,11,128,1,143,1,b88bbb41fdfffdfefbfefb00fbfffbfefdfefd01fe0000ff02fe00fefefffe01fefffdfefefe00fe01fd01fe00fe00fd01fc01fe0100000000000000000000000000000000000000000000ff01fd01fe010001010101010001ff01fffffefd00fe02fd01fbfffdff00ff01ff0201ff02ff0101fe03fc0cf612f106f8fcfdfdfd
848,91648541,-93,11,128,1,143,1,2aa00241f6f5f5f3f6eff7f2f6f5f7f4f9f3f9f6f9fbf8fef9fdfafefb00fa02f803f703f803f802f604f504f602f801fb00fc01fe01ff00000000000000000000000000000000000000010006020604050404010400040005fe03fc02fb02fd03fc03fa06f709f70af60bf609f705f805fa06fc07f906fa02fdfffdfdfdfcfd
849,91649709,-93,11,128,1,143,1,20000241f500f302f502f6fff6fcf6fcf8fff801f900fbfefcfffe0000030005ff05fd05fb05fc04fc05fb04fb04fb03fd03fd05fd05ff0100000000000000000000000000000000000000ff01fc01fc02fc02fd03fe03fd03fb01fcfefefcfefbfdfbfbfbf9fcf7fef5fef4fcf5fbf7fdf7fef8fcf9fbfbfefdfefbfffdff01
850,91715055,-93,11,128,1,143,1,8333384100ff00fd00feff00fe00fcfffdff00ffff00fe0afe11fe08fe00f604ef06f802010000fffffefffe0000020002fe00fe00fe00ff000000000000000000000000000000000000fffffdffff00ff00fe00fdff01fd03fd00fefdfffc01fd00feff00ff01fffefcfefc01fe00ffffff0001ff05fe05020003fe01ff0101
851,91738991,-96,11,128,1,143,1,4ff11400f4f6f3f7f4f8f5f8f5f7f6f9f8f9fafafafcf9fff902fb03fc01fa01fa04fc06fd06fb06f904f703f803fa04fb03fb01fd00ff000000000000000000000000000000000000000100060206010600070004fe03fd02fffffffe00fffd02f805f904f903f404f106f205f504f804f704f803fb03fc01fcfefdfcfdfafe
852,91827639,-92,11,128,1,143,1,2bb002410605070706090506050505070407030602070306050304ff03fe0400060006fe08ff0802070306040504030501040001feffffff000000000000000000000000000000000000fe01fb04fc05fc06fc04fd03fd04fc03fd02ff0301040303050504070008ff0c000c00090006fe05fd06000502040105000400010301
853,91828383,-94,11,128,1,143,1,2bb0024104f402f5fff7fff800f7fef9fcfafdfbfefbfdfbfcfcfdfffc02fc06fb08fb06fc05fc06fb06fc05fd04fe050005000600040001000000000000000000000000000000000000fffefbfcfafdfbfcfcfbfcfdfefeff00fd02fc03fc02fc02fe04000602070309030a030c010e000c000600020001020102fe03fc03fe
854,91831263,-91,11,128,1,143,1,18833141fdfdfefe03fe08fc09fb06fb04fc03fd03fd03fd03ff0201010001fc01fc01fe03ff030104020504050403050006010501030000000000000000000000000000000000000000fe00fb00fdfefd00fdfe00fd03fe02fd01fbfffcfeff00ff01fcfef8faf4fbf6fffc03ff06ff09fe05fd00ff00030203020201fffffc
855,91841377,-92,11,128,1,143,1,4ff114000a0609070b080c090c080a070808070707040702050004fe05fc04fb02f904f906fa07fc09fc09fb06fb04fb05fd04fe03fd00ff000000000000000000000000000000000000ff01fc04fc00fcfefbfffa01fc02fc02fb03fd04ff040004ff07fe0aff0cff0dfe0bfd09fd09fe090009ff09fd060003030208020b01
856,91873862,-39,11,128,1,143,1,1ee00100f61bf51ef51ff51ff61ef71cf918fb14fe10010a040507ff0af90df50ff012ed15eb16e917e917ea15ec13ee10f00df20af402fd00000000000000000000000000000000000002040812071205110310010dff0afe06fd01fcfbfcf6fdf0fdebfee7ffe400e301e302e302e502e802eb01f000f6fffcfd03fc09fb0d
857,91943770,-93,11,128,1,143,1,4ff11400f408f507f306f206f606f705f702f800f902f904fa03fc01fe0100030005fe06ff06fe08fb0afb0afc08fd06fe06ff05ff03ff00000000000000000000000000000000000000fefffcfdfcfefcfcfcfbfdfdfcfdfdffff02fd00f9fef8fcf8fcf8fdf7fcf5fcf6fef8fcf7f9f5f9f5faf7fafafbfbfefc00fb01f903
858,92025581,-95,11,128,1,143,1,20000241f3fdf3fcf3fdf4fdf6fcf6fbf7fcf8fefafdfcfdfc01fb05fd05fe04fd04fc06fe07ff07fe05ff060007fe06fd040005010600010000000000000000000000000000000000000100050104020302010201020301030002ff00fe00fc02f905f904f903f904f706f606f703f802f803f704f700f8fcf9fdf9fdfbfdfc
859,92026907,-94,11,128,1,143,1,0ee0004103f504f404f602f702f604f505f803f801f900fdfefdfdfdfcfcfdfbfffbfdfafbf8fcfafefcfffafff9fff9fefcfefe00fe00ff00000000000000000000000000000000000001ff07fe07ff050002020102010100ff01ff03ff05fe04fc02f903fb06fc08fb08fd07ff05ff07fc06fb03fa02fa02fc02fb00f9fff7
860,92046172,-93,11,128,1,143,1,4ff11400f203f600f5fef2fef3fff4fef5fff600f9fff8fcf7fcf8fffa03f905fa05fa04f903f602f701f900f900fa01fb02fc02fc01ff0000000000000000000000000000000000000000fe00f9fff9fffa00fafffafefa00fc01fefdfefafbfcfafcfbfafaf9fafafafbf9fbf7faf9fcf8fdf8fcfbfcfdfdfcfb00f904f703
861,92109364,-37,11,128,1,143,1,1ee00100cdf8c8f7c6f6c6f7c8f7ccf9d2fbd9fee202ec05f709010d0c1114151c1a231e272229242a252825252322201e1b191516110504000000000000000000000000000000000000f906e617e515e512e70dea09ee05f500fdfc05f80ef618f421f328f32cf42ff531f630f82df928fa22fb1afc10fd05fdfafceffbe7fa
862,92110528,-39,11,128,1,143,1,1ee00100e1fbdefaddfaddfadefbe1fce5fde9ffee01f403fa050107070a0d0c120f1611181319151a16191517141512120f0f0c0d0a0302000000000000000000000000000000000000fc03ef0cef0aef08f006f203f601f9fffefc04fb09fa0ff914f918fa1bfa1dfb1dfc1cfc1afd17fe14fe0ffe09ff03fffcfef5fdf0fc
863,92112370,-39,11,128,1,143,1,1ee00100131115141614161416141412120f100c0d080a0306ff03fa00f5fdf0fbecf9e8f9e5f8e3f9e2f9e2fae4fbe6fbeafcedfcf0fffc00000000000000000000000000000000000004ff11fc11fd10ff0e000c01080204020002fb01f6fff2fdeefbebf9e9f8e8f6e7f5e8f5e9f6ecf6eff8f2f9f7fcfcff000305060809
864,92166732,-43,11,128,1,143,1,1ee00100eb0feb0fec0fed0fed0fee0fef0fef0fef0fef0ff010f010f010f10ff10ff10ef10ef10df10df10cf20cf20bf30af30af209fc02000000000000000000000000000000000000fc03f00fef0eee0eee0eed0eec0eeb0fea0fe90fe90ee80de80de80de80de80de80de80de90de90de90ee90eea0fea0eea0eea0eea0e
865,92218200,-39,11,128,1,143,1,1ee00100f9e7f9e5fae4fae3fae4fbe6fbe9fbecfaf0f9f5f9faf8fff604f509f30df010ee12ec12eb12eb11ec10ed0eef0cf10af309fd02000000000000000000000000000000000000fc01f105f104f202f301f600f9fffcff00ff040008020c040f071209130a130c130d120d110c0f0b0d0a0a070704050002fb00f6fef3
866,92250980,-91,11,128,1,143,1,4ff11441f2fcf0fef1fff3fdf3f9f4f8f7fbf8fdfafdfbfcfcfdfd02fc04fb01fa00fa04fb08fc08fc08fc07fb06fb06fc04fc01fafffeff00000000000000000000000000000000000001fe04fb02fd01fe03fe05fe05fe05ff03fffffcfefafef8faf6f9f5fdf300f203f507f506f203f505f704f8fffafafbf6f9f7fafafc
867,92254232,-92,11,128,1,143,1,166001410d060d080907070609040a030a0409020800060001fefffa01fa01fd01fc01fa00f800f503f603f802f902fb00fdfffd00fb00fe000000000000000000000000000000000000ff00fdfefdfbfcfafbfbfcfbfcfbfafbf9fafafbfcffff03fe04f804f404f205f406f705f705f906fb06fc04fc03fc02ff0401060506
868,92399754,-92,11,128,1,143,1,29933241fb07fc0501ff05fe0201fc04ff0202fc02fc0000ff0000fe04fb04fa01fcfefffcfefcfffa01fbfefffd01ff0001fffffdfcffff000000000000000000000000000000000000ff01fd04ff02010002fe00fefefefefffffffefefcfefcff0201080106fffe00fb06fd06ff0000f8fef402f807fe0302010302010802
869,92403165,-94,11,128,1,143,1,344003410c040b070b080b0407030407050706040104fe02000100020002010203030604050504060407040603050006000601040003ff000000000000000000000000000000000000000100050204010501070005ff01000002020102ff02fd04fc07fd08fe07ff0801090408070707080609060606050507030403040107fc
870,92548378,-90,11,128,1,143,1,0ee000410b080b0a0b0a08070508040a050804050204040504050203010003fe04ff040005ff05fe05fe05fe05fe04fd04fd04fe03fd00ff000000000000000000000000000000000000ff00fd01f9fff8fdfbfdff00ff03fd04fd0400040003ff05ff05fa02f702fa06fb09fa06f805f806f906fb05fe030002ff01ff010304
871,92558186,-91,11,128,1,143,1,4ff11400f2fcf0faf0fbf1fcf2fdf3fdf5fef7fef9fefb00fa02fb02fe03ff0600080109010801080308020800060004000401040104000100000000000000000000000000000000000001010404040403050104010202030202010102fd04fb06fc06fc05f706f406f606f706f706f906f905f804f602f800fcfcfdf8fdf8fd
872,92653002,-94,11,128,1,143,1,3110034107040a040804040503080308030802060105010203ff02ff010001ff0201020105ff06ff04010402060105010303020302000000000000000000000000000000000000000000fe00fc04010702060005fe050004010300010101030303080209010700060205040504070206ff06fd08fe0600050004020503040302
873,92698931,-93,11,128,1,143,1,7aabb741fd00ff0201fffefcf900f9fefffa06fd080004fe02ff03020000fdfffe0001fc00fbfdfefbfcfcf900fd03fd02fb02fd0202000000000000000000000000000000000000000000ff03fe05fe0200000300fefefbfdfffd01fb01fa03f904f801fefb08f70cf804fbfdfffffefdfbf7fdf7fdfcf800f8fefbfafefdff
874,92772157,-93,11,128,1,143,1,0ee00041f9f6fbf7faf9f9f9f8f9f9f9fcfafdf9fbf8fcfcfd00fa00fa01fc04fc05fb04f904f904fa04fc04fd03fd04fe04fd01fb00fe000000000000000000000000000000000000000000030202020302020201020102040207fe04fb02fa03fc03fd03fd02fc02fc04ff070006fd05fb07fa09fb05fdfefefbfefffd04fd
875,92778782,-94,11,128,1,143,1,0ee000410afd0cfb0cfd0cfe0bfc09fc06fc05fd06ff06ff05fe04fe03fefffcfdf9fef8fff704f804f800f601f9fefef9fffcfe01fd00ff00000000000000000000000000000000000000000003000402040004ff0301030001ff00010202060206020204010603060206030605050403050105010502050305030204fe05fc
876,92780521,-39,11,128,1,143,1,1ee00100e4f1e3efe3eee3eee4eee7f0e9f2ecf5effaf2fef503f808fa0dfc12fd17fc1bfb1efa1ff91ff81ef81cf819f916fa12fb10ff03000000000000000000000000000000000000000401110011fe0ffd0cfd09fe05ff0102fd05f909f60df411f215f117f118f219f319f517f614f810f90cf907fa00fafaf9f4f8f0f6
877,92865416,-92,11,128,1,143,1,4ff11400f90bf70bf60cf80afa08fa07fc07fd07fc08fc08fd0601050306020503040602070207030604050404030403030404030603010100000000000000000000000000000000000000fd04f806f905fb04fc03fd02fe00fefffefefefbfbfafaf8fbf7fbf7f9f8f4f9f3f8f4f6f5f6f7f9fcfcfefdfbfdfcfd00fd02fd03
878,92869116,-93,11,128,1,143,1,2aa00241030a020b010a0109030a010bff0a0208050606050404030103000501080109010a010bff0afd09fc08fe0700060005fe02fd00ff000000000000000000000000000000000000fffefffafefbfcfcfcfbfcfafbfbfbfefc00fe00fd01fa02f903f803f504f106f305f503f500f7fff700f6fff7fffb01000202040106
879,93015514,-40,11,128,1,143,1,1ee0010017101a121b141b151b1518141612130f0f0b0c06090105fb03f601f000eb01e602e304e106e007e108e308e608ea07ee06f101fc00000000000000000000000000000000000000fb02ed03ee03ef03f003f302f6fff9fdfcf9fff502f104ec06e907e608e408e207e307e406e605e905ed04f204f904ff0605070a08
880,93017416,-40,11,128,1,143,1,1ee0010016f319f21bf11cf21cf31bf418f614f710f80af805f9fff9f9f9f4f7f0f6edf3ebf0eaeeeaecebeceeecf0edf3eff5f1f7f3fefd000000000000000000000000000000000000fcfef1f8f2f7f3f7f4f8f6f9f8fbfafefb01fd05fe09fe0efe12fe15fe17fc19fb1afb1afb18fb16fb14fc11fe0c0107040309fe0cfb
881,93031635,-40,11,128,1,143,1,1ee00100e406e007df06de06df06e205e504e904ef04f504fb04010408050e061307170a190c1a0e1b0f190f170e140e110c0e090b070201000000000000000000000000000000000000ff04fe13fe12fd11fd0ffd0dfd0aff07010304fe07fa0af60ef210ef13ee14ed15ec16ed15ee13f011f10ef409f704fafefdf8fff300
882,93032219,-40,11,128,1,143,1,1ee00100001c001f0020ff21ff20ff1eff1aff160011020b030504fe06f808f30bee0eeb10e912e814e813ea12ec11ee0ef10cf40af602fd00000000000000000000000000000000000004011206110610060e060c060904060202fffffbfbf8f8f3f6eff4ecf3e9f2e7f2e5f2e5f3e7f4e9f6ecf7f0faf4fbfafd01fe07ff0b
883,93032695,-41,11,128,1,143,1,1ee001001b061e071f0720081f081d071906150510030b0005fe00fbfaf8f6f4f2f1efededeaede8eee7efe7f1e9f3ebf5edf7f1f8f4fefd00000000000000000000000000000000000002fc0af00af10af20af308f506f803fa00fcfbfff701f202ed04ea05e706e506e306e305e505e704ea04ee04f303f903ff0306030a03
884,93033252,-40,11,128,1,143,1,1ee00100071b071e071f0720061f061d051904150410040a040404fd04f705f107ec08e80ae60ce40de40ee60de80cea0aee08f107f401fd00000000000000000000000000000000000004001202120211030f030d020a02070002fefefcfaf9f6f5f2f2f0efeeededebede9ede9eeeaf0ecf1eef4f2f7f6fafbfd01ff07020b
885,93033741,-41,11,128,1,143,1,1ee00100e508e209e009df08e008e207e606ea05ef05f504fb04010408040e05130617081a0a1b0c1b0d190d170d140c110b0d090b07020100000000000000000000000000000000000000040013ff12fe11fe0ffe0dff0a0007020303fe06fa09f50cf20fef11ed12ec14eb14eb13ec12ee10f00df308f603f9fefdf800f302
886,93204558,-95,11,128,1,143,1,799227410303020001ff0000000000fe00000104fe02fcfffcfffd01ff0100ff01fe02000001ff01fe01feff01fe02fc02fd0000fe03ff00000000000000000000000000000000000000fe00fbfffefefffefe00ff010002fe03fd01fdfffdfeffff00fd01fd01020004000101fe00ff0000010000fff7fdedfdf503fe08fd04
887,93205625,-90,11,128,1,143,1,fbb66f410000000100020001010001ff01fe03fe03fe02fe00fefdfffc00fd02fd02fdfffefc00fc00ffffff00ff01010001ffff00fe00ff00000000000000000000000000000000000001ff03ff01ffffff01fe01ff000002000100fe01fc01fd01fd02fd02fc00fb01ff030203fe02fcfffffd00fef805f10bf504f9fdfbff
888,93208071,-92,11,128,1,143,1,8ddcc841fefffffffe01fd03fc00fdfefffefefbfbfefc02ff00ff00ff0000fe01fd00fdfffdfe00fd03fd01fefeffffff01ff0100fe00ff00000000000000000000000000000000000000ff01fd000000000200020001ff02fe00fefe00ff01010001fe01ff020003ff03fe00fefffd01fb02fc03000b0114010d01030201ff
889,93251385,-91,11,128,1,143,1,2aa00241fdf6f8f3fbeefdedfceffeef00f2fff5fef7fdfbfcfcfbfcf9fcf9fff902f803f802f803f703f701f800f900fb00fc00fa01fe00000000000000000000000000000000000000000202070005ff03ff040005ff04fe03fe0102ff040005ff08ff0dff0cfe08ff09000aff09fe0800070005fe03fc05f906f701f8fbfb
890,93311672,-92,11,128,1,143,1,baaeeb41fd01ff020102020402030000fe00fefffffef906f20ef708fdff03fa0af605f9fffe01ff01fffefefeffff00fffffefefefeffff000000000000000000000000000000000000010003fffffdfeff0000ff00fe04ff06ff02fcfef8fff802fdfe02f903fc0202fe02fb01fb02fe01010101010000fdfe00020407fd07
891,93661230,-42,11,128,1,143,1,1ee001000cdc0adc09de07e205e603eb01f200f8ffffff06000d02130418061b071e092009200a1e0a1c0a180913080e07090604040001ff00000000000000000000000000000000000004ff120010010d0309040406ff08f90af30cee0eea0ee60fe310e111e210e30fe50ee90ced09f106f602fbfdfff803f207ed0ae70ce4
892,93671020,-42,11,128,1,143,1,1ee00100fedffddffde1fce5fbe9fceefdf4fefa00ff0405070a0b0e0e1012121413161317131611150f130b10080d05090205ff02fd00ff000000000000000000000000000000000000040011000f010c03080404060008fb0af70cf20eee0feb11e812e713e812e912eb10ed0ef00bf407f703fafefcf8fff300ee02e803e4
893,93671507,-42,11,128,1,143,1,1ee00100eee3ede4eee7efebf1eef4f3f7f7fcfb00ff06020b041006150718061b061d051d041c031a01170012ff0efd09fd04fc01fcffff00000000000000000000000000000000000003fd0ff70ef90cfc0aff07030406010afe0ffb13f916f619f51bf41cf51cf51af618f715f811f90cfa07fa01f9fbf8f5f7f0f5ebf4e8
894,93671967,-42,11,128,1,143,1,1ee00100daeedaf0dcf2e0f5e4f8eafaf1fcf9fd00fe08fd0ffc15fa1af71ef520f222f021ef1fef1cef17f012f10df307f602f9fefcffff00000000000000000000000000000000000002fb0bed0bf00bf40af90afe0904090a08110717061c062006240725072406230620051c03170111fe0bfa05f6fff1faecf5e7f1e3ee
895,93684646,-91,11,128,1,143,1,4ff11400f5f5f5f4f3f2f2f2f4f2f7f3f7f5f6f8f8f8fafafbfcfbfefc00fc03fc05fc05fb04f905f903f802f703f804fa04fc02fd02ff00000000000000000000000000000000000000000102060203030304040604060503070204030003fc03f905f705f604f505f407f508f609f708f807f806fb04fe00fbfef8fbf8f8f8
896,93889450,-92,11,128,1,143,1,4ff114000df70ff20ef30bf90bfc0cfb0afc09fe07fe06fd07fc06fc05fa03f703f604f604f604f603f604f606f806fa07fb06fc04fd00ff0000000000000000000000000000000000000200090107040504050205010301040003fe03fe0600080009fd0bfe0eff0e010c030c030a03080407060705070105ff04fe08fb0af7
897,94503867,-91,11,128,1,143,1,4ff11400ee0cf10df309f208f108f207f306f605f803f901fa01fd02ff03ff040008000a000a000c000bfe0afd09fd06fc05fd06fe08ff0200000000000000000000000000000000000000fe01f9fff900f902f901f9fffcfffdfffbfdfcfafdf7faf7f7f6f6f6f7f9f9f7f8f7f7f9f6f9f4f7f5f9f6fef8fffdfa02f602f402
898,95015875,-90,11,128,1,143,1,4ff114000dfb0ef90df90efd10ff0dff0a0008010702060005ff01fdfffc00fb01fa03fa06f907f906fa06f905f804fa05fd05fe03fe00ff0000000000000000000000000000000000000001010600060006010200fffefffe000102030303050404060308050a090b0a0c070b060a060805040705080506030304fc07f806f9
899,95323076,-92,11,128,1,143,1,4ff11400f90bf80df80df80df50bf208f407f807fa07f905fb04ff05020604050207010b020b0309010aff0bfe0afd07fd05fc05fb05fe01000000000000000000000000000000000000fefff9fefafcfbfafcfbfdfbfdfafdfdfc01fa02f600f602f502f400f401f301f4fff501f4fff3fdf5fef8fff7fef701f904fd03ff03
900,95335528,-34,11,128,1,143,1,1ee001001008130b160d190d1a0d1b0b1a0a1908170713050f040a0405050107fc09f80bf50df30ef110f110f110f210f30ff40df50cfd02000000000000000000000000000000000000faffebfeeafee9ffe9ffeaffebffeefff1fef5fdfafbfef802f506f109ee0beb0ce70ce50be309e308e306e505e804ed04f205f606fa
901,95336189,-34,11,128,1,143,1,1ee00100f10bed0dea0fe911e813e913eb14ed13ef12f20ff40cf607f703f9fef9f9f9f4f8f1f8eef7ecf6ebf6ebf6ecf7eef8f0f9f1fefc00000000000000000000000000000000000002fb08ed09ec09eb08eb08ec07ed06ef06f205f706fc070108060a0b0c0f0f12111413151515161416121610130e0f0b0b0906080207
902,95336787,-35,11,128,1,143,1,1ee00100edffe9fde6fde3fee2ffe200e301e502e703eb03ef02f300f7fdfbf9fef601f203ef04ed05eb05ea04ea04eb03ec03ee03f000fc00000000000000000000000000000000000004fe13fa14f914f914f813f812f910fa0efb0afe07020306010bff0ffe13fd17fd1afe1c001e011d031d041b04170313010efe0afb06
903,95338598,-35,11,128,1,143,1,1ee001000f0c12101512181319131a121a10190e170c140a0f080a0705070008fb09f60bf20cef0ded0fed0fed10ef0ff00ef20df30cfc02000000000000000000000000000000000000fafeeaf8e9f8e8f8e8f8e9f9eafaedfaf0faf5fafaf900f705f50af20eef10ec12e813e612e411e30fe40ee50be809ec08f208f708fb
904,95339144,-35,11,128,1,143,1,1ee0010010f814f717f619f41af219f117f015f012f10ff30cf60afa08fe06020507050b050f0512051405140614061306120510040e0103000000000000000000000000000000000000fc03f10df00ef00ff00ff10ff20ef40cf509f706f801f9fcf9f7f9f2f8eef7eaf5e7f3e6f1e6f0e6efe8efeaf1edf4f0f8f3fcf5fff6
905,95527893,-90,11,128,1,143,1,4ff11400f604f204ee02ee01ef01f000f401f603f502f601f801fb02fe040106030a050c040b030a02090209030a0209010802070105000100000000000000000000000000000000000001ff0700060205010501090109ff05fe03fd02fc01f9fff5fef301f300f6fcf7fbf4fdf0ffef02f003f4fff7fcf7fcfafafcf5fdf101
906,95560750,-91,11,128,1,143,1,2aa00241eb02ec01ef01f200f1ffeffff001f302f501f700fa03fb06fc07fe070008ff0afb0bf80bf80afa09fb07fc07fc07fc04fb03fe0000000000000000000000000000000000000000ff02fb02f901f901fa00fb00fd01fefffdfefafef9f9f9f8f7f9f4f9f4faf3faf0fbf1fdf3fcf1fbf2fcf6fcf8fafbf800f802fa01
907,95645881,-40,11,128,1,143,1,1ee00100edebeaebe9ece8eee8f0eaf2ebf4eef6f1f7f5f8faf7fdf501f303f005ed06ea07e806e706e604e703e902eb02ed01f002f300fd000000000000000000000000000000000000ff04ff13ff11fe10fd0efc0bfa09f707f405f103ed02ea01e701e502e403e405e406e607e808eb08ee06f004f201f4fdf6f9f5f4f4f1
908,95732699,-92,11,128,1,143,1,4ff11400fe0eff130112ff0cfe0dfc0efa0bfb09fd07000602040402050108ff0afd0afb0bfc0bfd09fe09ff0afe09fd07fd04fd02fe00ff00000000000000000000000000000000000000fe04f906fa04fb02fb03fb02fa00fa00fc00fffbfff7fef4fdf4fcf5fcf7fcf7faf5f6f6f6f7f9f9fbf8fdf7fef901fa03fb06fa08
909,95789577,-90,11,128,1,143,1,49911400040d030e040d030c020d020d030b030c030b03060402040003ff0500060108010a02090407040602050205030304020402020000000000000000000000000000000000000000fe00fa01fb01fc01fd00fe00fcfefafffb03fa04fb03fc04fb06fa07f907f908f70af80afa0afb08f905f806fa08fe07010502050108
910,95790187,-92,11,128,1,143,1,49911400070c0309ff0bfe0bff09ff08fe09fe090008ff07fe05fe05010405030606070607050706040802090108020603040103ff02ff00000000000000000000000000000000000000ff01fb05f905fa03fb02fb03fd02ff02ff0300060208030803090109fe08fc09fc0bfa0bfa09fb07fb04fa03fb04fa03f904ff070609
911,95790798,-92,11,128,1,143,1,49911400ffedfef0fbf1f9f0fcf2fef5fef7fff8fff800f9fffcfcfefcfffbfcf7fcf5fef5fef7fcf8fbf6fcf8fcfcfbfcfcfcfdfdfeffff00000000000000000000000000000000000000010205030204010304020401020101020000fe01fc06fb09fc08fe08fd09fc0afc0cfd0cfb0bfa08fc06fe07fd06fc05fc01fefcfc
912,95791401,-92,11,128,1,143,1,49911441f70af708f509f20af309f508f407f406f505f705fa04fb02fd03ff06ff08fd0aff0a0109fd08f907f906fa05fb03fc02fd02ff00000000000000000000000000000000000000fe00f900fafffafefb00fb01fc03fc03fb01fbfffc01fc04f907f607f407f407f607f507f606f902f901f804f906f806fa07fd09fd0b
913,95792554,-94,11,128,1,143,1,4991144107fa0bfc0df80cf10cf30bf70af908fb09fe0aff07fd00f9fcf6fdf6fef7fcf9fcf8fef7fdf8fbf8fcf8fbfbfbfbfcf9fef8fffd000000000000000000000000000000000000ff01fb06fa04fc02fc02fc03fe0300020102ff0100010405080809070908070b050b0108ff050202050405070406040105ff05fe05fb
914,95793739,-92,11,128,1,143,1,499114000d010e02100110000e000c00090008000700060004ff01fcfffbfffa01f9fff8fff501f400f6fff7fff7fff900fb00fbfefcffff000000000000000000000000000000000000fd01f604f801fafffafffbfffcfdfdfdfefefe01fd05fd070009020cfe0efd0bfe0afd0bfc0bfe09fe06fd03ff0200020003040109ff
915,95799871,-90,11,128,1,143,1,499114000bf70cf90efd10fe0efc08fd06010703090208ff05fd04fd04fc01fb02fc06fc09fc09fe0800070004000301040103020302000000000000000000000000000000000000000002ff09fd06fe04ff03010402050004fe03fd03fc05fc06fb04fa05fb09fb09fc0afd0dfe0eff0bff0700070307030402030004fc02f7
916,95800477,-93,11,128,1,143,1,499114000d000c060d090d0709050706060606040502040303030301040005ff06fc08f808f908fa07fb05fc06fd07fe07fe06ff05000100000000000000000000000000000000000000fd00f702f901fb01fd00fe01fd03fd03ff03fe03fd05020503030108010dff0bfc09fd09ff0aff0b0008010601050004020205010900
917,95801087,-94,11,128,1,143,1,499114000af80bf90bf70bf80bfa09f808f807fa04fc03fc04fb03fb01fd00fcfff9fff800f800f602f601f7fff6fff500f700f901fb00ff000000000000000000000000000000000000ff03fd0bfd07fd05fc04fe040103030103010302060208040a080907050505060408030b050b050905070505030501040102040007fe
918,95801653,-92,11,128,1,143,1,49911400f1f9eff5f0f5f4f8f7f8f3f7edf9f3fafaf8fbf9f9fbf8fef800fc04fd08fa06f701f0ffecfff300f800f501f103f600fbfeffff00000000000000000000000000000000000001ff06fc06fd06fd05fe03fe01fe00fc00fb00fbfffafdf8fbf8fbf8fcf6fbf4fcf4fff402f404f403f402f800fafefbfbfbf9fbf9fc
919,95802233,-91,11,128,1,143,1,499114000ffc10fd0ffe0ffd0efb0efd0cfd09fd07fb04f902fc00fcfff9fef7fdf6fcf4fdf2fef3fff3fff5fdf9fefafffafefcfdfeff00000000000000000000000000000000000000ff00fc01fb00f900f800fa01fe0200030003020402080109000a000a010d0310020efe0cfd09fd08ff060405050602020200030004ff
920,95802839,-91,11,128,1,143,1,49911400f4f1f5f3f6f5f7f5f6f5f6f5f8f6f9f7f9f9f8fdf900fb03fb04fd04fe05fd07fb08fb09fa07fa06fc07fd08fd07fe05ff0500010000000000000000000000000000000000000001ff04fe04fe05000502040204030305fe05fa06fd06fe07fc0bfb0efd0dff0cff0afd08fb08fc07ff040001fefffafff9fefafef9
921,95803432,-93,11,128,1,143,1,49911400f3faf2f9eff9f0f7f3f6f4f9f7f9fbfafbfcfafefbfefc01fe05fe05fb05f904f904f902f901f901fa02fb03fc03fd03fc03fe0100000000000000000000000000000000000001ff05fe03fe040005020603050204ff02ff01fe02fc02f900f9fff803f605f403f501f704f704f702f902fb01fa00fafefafcfafbfc
922,95804043,-92,11,128,1,143,1,49911400f70df70cf909fb08f909f707f804f904fa04fb02fd0301040404040404070608050605060707060803070205030404030403010000000000000000000000000000000000000000ff02fb02f903fa04fd03fd02fd02fc00fbfefdfcfffafdf9fbf8f7f7f4f8f3faf3faf4faf5faf5f9f6f9f9fafcfbfefcfefafff602
923,95804621,-93,11,128,1,143,1,49911400f40cf20af306f205f005f205f507fa09fd07fe04fe01fe01ff0300040106030904090207ff09000a020902080004ff00fdfeffff00000000000000000000000000000000000000ff01fc01f901f701f901fcfffdfcfefbfdfbfbfbfcfbfef8fff400f2fef1f9f1f8f4faf5faf7fbfafef9fef7fef900fb01fb01fa00
924,95805218,-92,11,128,1,143,1,49911400fff3fdef00ee05ef06f107f104f300f7fff800f7fefafafdf7fbf8fcf8fdf7faf6faf6fcf7fdf8fcf9fdfbfdfcfbfaf9fbf9fffe000000000000000000000000000000000000000102050104ff07fe06ff04030606050603050105fe05fc06fc07fe0802080308000a010a0509040a03090206fd03fa02fa03f902fc
925,95807046,-91,11,128,1,143,1,49911400f3faf4f8f5f7f7f7f8f7f7f7f9f7faf8f9faf8faf9fcf9fffa02f903f702f802f803f602f701f802f903f903f902fb00fcffffff00000000000000000000000000000000000001ff06fd06ff06ff03ff0000000102ff02fc01fb00fb00f901f502f601f700f602f603f704f805f804f802f800f7fef7fcfafbfdfdfd
926,95816179,-91,11,128,1,143,1,49911400f005f105f101f200f301f500f5fef6fdf7fdf7fffa00fe01fd01fb03fc06fc08fd07fd07f906f707f807fb06fc04fc02fe00ff0000000000000000000000000000000000000000fd02f702f904fa05fc05fd04fd01fdfffefefffffdfefdfafafbf7fcf4faf3f9f6faf8fbf7faf4fbf6fef9fdfbfafef8fff7fdf8fc
927,95822806,-91,11,128,1,143,1,6330064101f204f207f20af209f205f303f802fd02fdfef9fcf7fcfafcfffbfffbfbf9f9f9f9fbf9fbf7fbf5faf6f8f9f8fcf9fdfafcfefe00000000000000000000000000000000000000020107ff06ff0600050004ff06ff0400fffdfffe0107010700010004000bfe0dfd0dff0e010c02080306020806080706fe05fc0401
928,95824879,-90,11,128,1,143,1,e2266e41050004060105fefe01fd03fdfefdfc0001010502040302fffffb01fa06fd0300fbfff9fcfdf9fffa0000020202010101ff01ff00000000000000000000000000000000000000fe00fc03ff06ff06fc02fefb06fa080005040000fc02fb090109090508fd04fb0403060604030000fefdfefbfcf9fefc03ff0300fd00
929,95827196,-92,11,128,1,143,1,49911441fdeffeeefceefbf1fcf4fdf5fdf6fef5fcf8fafcfbfdfafffa01fb02fa02fb02fb04f803f703f805f903fa02fb03fd04fc05fe01000000000000000000000000000000000000fe01fb03fd03ff02fe02fb01fa04fc08fd09fe0302fb07ff09090b0b0c090c060a040a040905050705070704050102fe02fe04ff04fd
930,95827775,-93,11,128,1,143,1,49911441f80af60cf50cf606f502f402f405f506f804fa02fb01fc02fe05fd07fb09fb09fc07fc07fc07fb06fb06fb05fa04fa02fa00fe00000000000000000000000000000000000000fffffdfdf9fdf6fbf7f9fbfbfffffd01f9fff7fcfafafcfdfa05f90af808f801f6fbf5fef604f505f501f4fcf4fbf8fefa00f804fa09
931,95828387,-91,11,128,1,143,1,49911441f209f30af308f206f204f504f804f906f905f902f900fb02ff040005fe08fe0aff0afe09fd08fc08fa07fa06fb05fc03fd02ff00000000000000000000000000000000000000fefefcf9fffa01fa00fbfefbfdfdfffdfffcfcfefa01f902fa01f900f8fff7fdf6fcf6fcf6fbf8fbf8fdf7fef8fff900f902f904f906
932,95828969,-90,11,128,1,143,1,4991140011070f090c070a0708060a020b0109010800090008ff05fd01fafef8fff700f300f201f502f702f802f702f6fff7fff9fffa00fe000000000000000000000000000000000000fefff9fefafffbfcfbfafbfcfbfffcfffc00fcfffd00fc04fb07fa08f708f607f907fa08fb07fb07fa07fc06fe06fe06fd07ff070605
933,95829522,-91,11,128,1,143,1,49911400f5f6f1f7f0f6f3f7f4fbf4fdf6fcfafcfcfffd02fd04fd04fe030004000500060108010800060206030803080306040404040001000000000000000000000000000000000000ff01fe07fe07fa06f703f802fc03ff0000ff00010301050108fe0cfd0dfe0bfe0dfe0b000800070004ff06ff080004fefffcfdfcfdfb
934,95830111,-94,11,128,1,143,1,49911400fb0cfa0bf80bf70bf70cf80df90cfb0afd0800040203030401050303060207020801070205030501070007010502030103ff00ff00000000000000000000000000000000000001ff05fe0500050004ff01ff01fe01fd00fb00fafff9fff9fef8fbf8fbf8fcf8f9f6faf3fbf4f9f7f9f8fcf8fdf8fdfaffff01030008
935,95830733,-93,11,128,1,143,1,49911400f2fff4fff4fdf4fcf4faf6f8f7f7f7f9f7fdf900fc00fe01fe02fb01f701f703f904f803f801f901f701f700fafffdfdfcfefeff000000000000000000000000000000000000fffdfef8fdfbfffc01fa00fbfefbfdfcfefefefffcfefafcf8f9f8f9f8f9f9fafafbfaf8fcf4fdf3fff701fb02fbfdfcf8fdf600f604
936,95831399,-92,11,128,1,143,1,499114000f020e030d010dfe0e000c040b020afd09fc07fe06fd06fd04fbfff8fef701f501f502f603f503f704f903fb02f900f800fcffff000000000000000000000000000000000000fd00f602f702f9fffafefbfffbfefcfefd02fe02ff02010401040006ff09fd0afa0bf80bf80afb0afe09fe0701050304030304050306
937,95832008,-92,11,128,1,143,1,49911400f202f0fdf1faf3faf3fcf3fdf3fef400f805fa06fb01fc00fd04fe05fe06ff08ff0afd08fe06fd06fd06fd06fd06fd05fd01ffff00000000000000000000000000000000000000ff03fd04ff05000501040002ff02ff03fc01f9fef8fdf8fef701f603f702f703f604f505f303f401f500f7fffafffcfefdfbfefcfe
938,95832638,-91,11,128,1,143,1,49911400020c040e050f040c0309030903080108ff070105040204ff04fd06fc08fc09fe0a00090208030802060206040703080308020200000000000000000000000000000000000000fefefafbfbfcfafef9fefbfdfcfffd00fd01fc02fe04fc07f808f706f804f504f204f203f302f303f505f806f905fb06fe0600050104
939,95833868,-92,11,128,1,143,1,49911400f000f000f1fff1fef2fef3fef2fff4fff6fef7fefb00fe03fd05ff07020a020c030c030b010cff0afe08fe07fe05ff03fd04ff010000000000000000000000000000000000000100060105ff05fe06fe04fe01fe00fe01fe03fc01f9fff8fff8fef5fcf2fef301f602f803f705f703f8fff9fcf9faf9f9faf9fcf7fc
940,95834446,-93,11,128,1,143,1,49911400faf3fcf2fef0fff0fef0fef0fff400f9fefbfcfbfbfcfbfdfafefafffbfffafff701f400f5fdf6fdf7fff800f8fff8fff800fd000000000000000000000000000000000000000001020402030204030603060004fe0401030402070107fd07f907fa07fc0afb0dfa0dfc09fd05fd05fd06fc03fafff9fef9fdfcfdfd
941,95835099,-92,11,128,1,143,1,4ff114000e000f020e030d04100310030c020afd05fd0200040005fe02fcfffbfef9fdf7fff500f401f502f501f601f800fbfffb00fa00fe000000000000000000000000000000000000fe00fafffafdfcf9fcf9fbfdfc00fc03fb05fc04fe04fe04fd04fa05f807f909fb08fd08fb0afa08fd07fd07fd09fe09fc05ff030300
942,95835649,-91,11,128,1,143,1,499114000af50bf80ff910fa0ffc0efb0cf90bf809f907fc05fe03fdfff9fdf700f801f7fff3fff300f700f900f9fff9fefafffbfffbffff000000000000000000000000000000000000ff02ff080007fe06fc05fc05ff03010101000301060309020b010a050808050607060807050803080507050505030701070006ff05ff
943,95838607,-91,11,128,1,143,1,49911400f2f8f4f5f7f6f8f7f7f8f7f7f8f6f9f4f9f7fafbfbfefa00f901f901fb02fa04f905f806f806f804f903fa04fb04fc03fc02ff000000000000000000000000000000000000000200080106000500040004ff03ff01ff01fd02fb00fafff9fff900f701f603f704f705f405f505f804f903f902fa01fafff8fdf8f9f7
944,95839160,-92,11,128,1,143,1,4991140008f20af50cf80df70cf609f808f909fb07fb05f803f901fb00fafdf9fbf9fbf8fbf6fcf6fcf6fdf6fdf7fdf8fcf9fdfafefbffff000000000000000000000000000000000000000102060006fe07fe07fe040003020302020102020205010601060309060b070b060a050b080a0908050602050205ff03fbfffbfffa
945,95839712,-91,11,128,1,143,1,49911400090d0b100b0e0a0b090c090c0707040404030502050105ff05fc02fc01fb04f906fa06fc06fd07fd08fc07fa05fa05fb06fc01ff000000000000000000000000000000000000fefffafefafdfbfdfbfefafefbfffe00fe01fe01fc03fb05fc05fa07f709f50bf40bf50af608f604f803fa07fb08fd05fe0302050508
946,95840282,-93,11,128,1,143,1,499114000bf40df40cf808fa07fa07fc07fc07fe0702030100fcfdf9faf8f9f8faf7f9f7f8f9faf8fdf8fdf8fcf9fdf9fefafefbfcfcfeff000000000000000000000000000000000000fefffb01fb03fc02fe01fd02fd02fc03fd03010403050405040504080409020a020a030901080209020802070207030506010aff0bfe
947,95840816,-91,11,128,1,143,1,49911400040e040e060e0610030e000c000b010901070004010402050204030006ff070009030b050b040a02070205040504040403020000000000000000000000000000000000000000fefffafdfcfefbfdfafdfdfefefffd00fdfffc00fb04fa05f806f707f708f609f708f704f503f503f703fa02fc03fa05f906ff080309
948,95841427,-92,11,128,1,143,1,49911400fb0ffb0efb0dfa0ef80df80af809f909fc09ff070205030401030102050407070607060505060408030802060305040402020000000000000000000000000000000000000000fefff9fbfefc00fcfefafcf8fbf8fbfafcfcfcfdfafef8fef6fef4fdf4fef3feeffdf2fbf6fcf5fff400f6fefa02fb07f907fc04fd04
949,95842001,-92,11,128,1,143,1,49911400f6f5f7f3f8f3faf1f9f3f9f7f9f8f8f9fcfbfcfbfafdfb00fb02fa03fa03fa05f906f605f604f904fc03fc02f901f703f804fe01000000000000000000000000000000000000020008030304020305030403030103ff0301050107fd05fa04fa05fa08fb08fa09fa0afb0bfd09fb05f902fa01fc01fd00fb00f702f6
950,95843177,-93,11,128,1,143,1,49911400020d000e020f0510030e000c020a03090407010402030602070108ff08fe07fe09020b030b030a05080606060404030203030000000000000000000000000000000000000000fdfff8fdfafdfafcfafdfcfefdfdfbfef901fa01fd02fd04fa06f908f908f809f708f505f603f803f701f601f902fd02000402050106
951,95878355,-34,11,128,1,143,1,1ee00100ee09ea0be90ce70ee70fe80fea0eed0ef00cf309f606f902fcfdfef900f402f004ed05eb05e905e905e905eb05ed04f004f201fc000000000000000000000000000000000000fdfbf6eff6eef6eef7eff7f1f8f3faf5fdf800fb03ff07030b060e08110a140b160b180b180a18091707140611050c0407030203fd04
952,95898985,-34,11,128,1,143,1,1ee00100120a160c190d1b0d1c0d1c0c1a0a1809150711060c0406040003fa03f503f003ec03e903e603e603e603e802ea02ec01ef00fb00000000000000000000000000000000000000ff05fc14fc14fc14fc13fd12fd0ffd0cfd07fd03fdfdfdf8fcf2fbedfaeaf8e7f7e4f6e3f5e4f4e5f4e7f5eaf7eef9f3fdf701fc04ff
953,95937507,-91,11,128,1,143,1,4ff114000bfb0efa11fc10fe0d010c030d020cff0afe08fe06fd04fd03fa00f5fff400f603f705f406f406f605f806f906fa05fb05fc01ff00000000000000000000000000000000000000020008ff07fd07fc08ff0701040103020404070607060408040b080b0b0a0b0a0a090a070b080b0a090a0808060602050108020b03
954,96142287,-92,11,128,1,143,1,4ff11400f103f202f205f006f007f106f205f505fa02fd01fe04ff06000601050106ff08010902080008fe09ff0a000902060105ff06ff0100000000000000000000000000000000000000ff03fe05fe03fe03fc04fc03fc00fd00fd01fb00fafefafaf7f7f4f9f2fcf2fef3fbf3fbf3fff5fff7fdfafcfcfbfdfbfffb03fd05
955,96566062,-35,11,128,1,143,1,1ee0010017011b011c011dff1dfe1bfd18fc15fb11fc0cfd08ff04020005fd09fa0cf80ff711f613f614f714f813fa12fb0ffc0dfc0aff02000000000000000000000000000000000000fc04f011f011f110f10ff30df40af506f702f8fdfaf7fbf2fbedfbe9fae6f9e3f8e2f7e2f6e3f6e6f6e8f7ecfaf0fdf401f805fc09fe
956,96566541,-35,11,128,1,143,1,1ee00100e7fee4fee3ffe200e201e402e703ea04ee03f302f700fbfdfffa02f605f307f008ed08ec08eb07eb06ec05ed04f003f202f400fd00000000000000000000000000000000000003fb0fef0fef0fef0ef10df30bf60af908fd06020508040d03120417041a051c061d081d081c091909170814050f020bfe07fa03f601
957,96567302,-35,11,128,1,143,1,1ee00100e90ee711e613e615e716ea15ed14f012f30ff60bf906fa01fbfbfcf6fbf1fbedfaeafae8f9e8f8e8f7eaf8ecf8eff9f2faf4fefd00000000000000000000000000000000000000f902e602e602e702e903ec03ef04f306f808fd0a030d09100d1311161318141a141b131b121a10170d140b0f0909080307fd07f808
958,96567755,-35,11,128,1,143,1,1ee00100e60ae40be30de20fe310e610e910ed0ef10cf409f804fafffcfafef5fff0ffecffe9ffe7fee6fde7fde9fcebfcedfdf1fdf3fffd00000000000000000000000000000000000001f906e706e706e806ea06ec06f006f407f908ff09050b0b0d1010141217141816191718171616141511120f0d0c08090207fc06f706
959,96569471,-35,11,128,1,143,1,1ee0010017fe1bfd1cfd1dfb1cfa1af917f814f810f90cfb07fd04010005fe09fb0cfa10f912f814f915f915fa14fb12fc10fd0dfd0bff02000000000000000000000000000000000000fd04f413f413f412f411f50ef70bf707f803f8fef9f8f8f3f8eef7eaf6e7f4e5f3e4f2e4f2e6f2e8f2ebf4eef7f1fbf500f905fc09fe
960,96570009,-35,11,128,1,143,1,1ee00100f0ededebecebebebeaecebeeecf1eef3f1f6f5f8fafafefc03fc08fc0cfc10fc13fb14fb15fa15f913f911f90ffa0cfa0afb02fe00000000000000000000000000000000000005fe15f915fa14fa13fb11fc0efe0b0007030306ff09fb0df711f514f417f319f31bf41bf51bf719f816f913fa0efb09fb03fafef9f9
961,96592002,-34,11,128,1,143,1,52200500e6fee3fee1ffe100e102e303e603ea03ef03f302f800fdfd01fa05f708f30af00cee0dec0dec0cec0aed09ee07f005f304f501fd00000000000000000000000000000000000001fa07e807e907e907eb07ee06f206f606fb06010707070c08120a160b190d1b0e1c0e1c0f1a0f180d150c12080e040aff06fa03f601
962,96621883,-34,11,128,1,143,1,5220050014ee17ec18ea18e917e915ea12eb0fed0bf108f504fa01fffe04fc09fa0ef812f715f717f718f717f816f914fa12fc0efc0cff020000000000000000000000000000000000000601180518061706150612060e0509050404fe03f703f102eb02e601e202e002de02dd03df04e104e504e903ef02f500fbfd02fb06f9
963,96825598,-32,11,128,1,143,1,1ee00100e701e201df02dd01dc01de00e000e300e801ed01f201f902ff0405050a070f09130c150e161016111511131110100e0e0c0d0203000000000000000000000000000000000000fe05fb17fa17f816f815f812f90ffb0cfe08010305fe09fa0ef612f316f119ef1bee1cee1cee1bef19f116f311f50bf805fafffcfafd
964,96878000,-31,11,128,1,143,1,1ee001000ef111ed14eb16ea17e917ea16eb14ed11ef0ef209f505f8fffbfafdf5fff000ec01e800e6ffe5ffe6fde7fce9fcebfbeefbfbfe000000000000000000000000000000000000fcfbf2eef2eef3edf4edf5eef7f0f8f3faf7fbfcfc01fc07fc0dfc12fb16fa19f91cf91ef81ef81df81bf918fa14fc0fff09020404ff
965,96934885,-31,11,128,1,143,1,1ee0010002ec02e702e403e204e105e105e205e404e703eb01f000f5fdfafbfff704f408f00aed0beb0ce90ce90be909ea07ec06ed04fb01000000000000000000000000000000000000fb00eb00ebffebfeebfdecfdeffdf1fef5fff901fd030107050a080e0b110d140e160f180f180e180e170c150a12080d0708050304fe
966,96935363,-31,11,128,1,143,1,1ee00100f510f314f217f019ef1aee19ef18f016f214f411f80dfb09ff05040208ff0dfd11fc15fc18fc19fd19fe18ff1700140112020400000000000000000000000000000000000000040212081209120a110a100a0e090c070904060104fd01f8fff3fdeffcebfce8fbe5fbe3fce2fce3fde4fde6fdeafdeffcf5fcfafbfe
967,96989678,-32,11,128,1,143,1,1ee0010005ec06e707e408e209e00ae10ae209e408e706eb04f001f5fefafafef602f205ee07eb08e808e708e607e705e804ea02ec01fb00000000000000000000000000000000000000faffeafeeafde9fceafbecfbeefbf0fcf4fef800fc030007040b070f09130b160c190c1b0d1b0c1b0b1a0a180914070f060a050405ff
968,97868583,-93,11,128,1,143,1,0ee0004105fd09fe0aff08fc08f808f806fb04fe01ff00fe01000003fe02fb01fa03f904fa06fb07fd07fd06fc05fd05fe05fe04fe02ff0000000000000000000000000000000000000001ff04000403030201ff01fd02fd02fe01fefcfdfbfafcf6fcf8fdfefefffdfdf9fbf8f9f9fbf901f902fcfffd00ff03010501040201
969,99645423,-92,11,128,1,143,1,5ee00541fdfbfffdfdfefdf800f4fef7fef900fc02ff0101ff01010101010000fffffdfe03fb06f903f900f8fefcfe0200050203020000ff000000000000000000000000000000000000fe00fc01fd00fdfffdff0100030101010004ff04fc00f9fff801f702f902fe0200010001fe01fbfcf7f8f7f9fbfcfdfefcfdfafcfafd
970,99788663,-94,11,128,1,143,1,dcc99d4100fb01000101ff02fe08fe0bfa09fa06fc00fefcfffdfeff00ff0000ff03ff05fd0700090307030a020dfc07fdfffe00fd04ff01000000000000000000000000000000000000ff000000010001ff01000100fffefffd01ffff02ff03ff02ff01ff01ff01ff00ff00ff0200040002fefffdfefefe0000ff01ff0002ff
971,99806773,-90,11,128,1,143,1,d55ddd4105fd05fb06ff05050104fe01fd00fcfffd02ff040102010100ff01fd01000104030106fe05ff00fffcfdfdfdffff01010302010000000000000000000000000000000000000000ff00fefc01fc01ffffff00ff030003010001fd00ff02ff03fe0200020002fd02fc03fc03fd02010004fe07fe0b010703010001fe02
972,99889687,-93,11,128,1,143,1,14400141f908f707f706f606f605f804f903fa02fb01fc00fe0100020203040205020203ff03fe04ff07fe06ff0300050004fe01ffff00ff00000000000000000000000000000000000000fe01f900f9fffa01fd00fbfff900fb00fbfffbfcfbfcfafbf8fcf7fdf9fdfcfbfdf9fbf8fbf7fef8fdfafcfcfffe01fe02fc02fb02
973,100117139,-94,11,128,1,143,1,9552294101fb0201fe09fc08ff0103fe00fffeff01fd040003020001010003010300fe02fe030101fdfff9fffb00fefffffe01fe02fd00ff0000000000000000000000000000000000000000ff00fcfefcfe000001fffffdfefefffefffe000004010603070304fffdfcff0204060304010101010203010300040003fdfffcfc
974,100123228,-93,11,128,1,143,1,144001410bfd0dfb0dfb09ff05fe06ff0702040003fd02fdfffe00fefe00fcfffcfbfaf9f9f9f8faf9f9faf9fbf9fbf8fbf9fdfcfefbfffe000000000000000000000000000000000000fffffffcfefafcfbfcfbfdfdfefefe00ff0100fffe01fb05fb05fd02fd02fc02fb04fb08fd09fe05fd02fc02fa05fe05040306010402
975,100182915,-91,11,128,1,143,1,f7744f41f902f9fafcfafbfffcff01fe010000ff00010105020300030105020003fd04ff01fffcfffb00fb00fb02ff0101fd01fdff01ff000000000000000000000000000000000000000100040100fffffe00fffefffdfe010003010202ff03fc01fb00fbfff8fdf7fdfc020009010901ff00f601fa0106000a02060003fc01
976,100395862,-95,11,128,1,143,1,2000024100f4fef4fef3fdf3fff5fef8fbfbfbfbfefdff01fc03fb02fc00ff00fe02fe03fe06fd07fe05000500060005ff04fe05fd05ff01000000000000000000000000000000000000fe00f801f8fffbfefdfffc01fb01fc01fe02ff03ff020102020502070009000901080306050606050306020501020201010000fe00fb
977,100856304,-93,11,128,1,143,1,20000241f9f8f9f9f9f9f9f9fcf8fbf9f9fbf9fcfafcfcfcfdff0002010101000102000501060305040503060104010301030002ff03ff01000000000000000000000000000000000000ff00fc03fb02fb02fb01fc00ff01ff02fd030002020002010503070307030604050305040603060005ff03ff04ff02fefefc00fc02fe
978,100871766,-92,11,128,1,143,1,0ee00041f4fcf4faf5f8f7f7f9f7f9f5f9f5fbfafcfdfafdfafbfcfcfefefe01fd05fd09ff07fc02f904fb06fc03fb02fa05f903fcfefffe0000000000000000000000000000000000000000030105010501020202020503050302020002010002fc01fa01f802f907f809f807fa08fb09fa09fd08fe05fc04fa02fafffcfdfd
979,101026581,-94,11,128,1,143,1,14400141f602f502f5fef4fbf5fef902f902f7fef8fdfafffb01fb02fd02fe010004fe07fc07fb06fa05f904f904fc04fd04fc04f905fe01000000000000000000000000000000000000fefefdfb03fd06fe05fb03f801f801fb02ff020000fcfcfbf9fef8fdf9fafcf8fdf5fdf2fdf1fdf7fefcfefdfefbfef9fefbfd00fc06
980,101240616,-97,11,128,1,143,1,4cc00441060207020304000402040306040605050403020301010100010000010301060006ff04000301010001ff02000101fe00fffeffff000000000000000000000000000000000000fe01fa04fd02fc01fa01fcfffefc00fcfffffe02ff03ff0400040104ff04fd03fe03fe03ff0300030001fe01fc01fb01fc0001010801
981,101336054,-70,11,128,1,143,1,144001415742624b684a693f653c5d4658464f384d35553049273a203d0949f259eb64f168fa5dfe45053e0041f43af72fff220314020300000000000000000000000000000000000000fe07fc1cf91cf324f522ee13e515ed1ff617f91500250d391549154d184e2152275b1f5e16531c5317580254ff49143b30403f5d3573
982,101337698,-27,11,128,1,143,1,dbbbbd41efe8faec02fafd03fc04fffafdf7fb0a021d0515000400fd02fd0002fb00f602f009f402fcfb01fd05ff0300010000fd03fc01ff000000000000000000000000000000000000fefcfef502fa02fe06010dfc0bfc0603fd04f403f402f5fc03f717f910f703f406fa120210fe06f4ffedf6ebf9f7fd06fe10ff12f902
983,101365666,-28,11,128,1,143,1,7cc44741fe12ff12f101f4fa0201080708080302fdfbfdfef806f101fafb02fdfefcf9fffa0202f8fff3f9f7fbfaf9f9f8fcfb00fff900fc000000000000000000000000000000000000fefefbfcfcfdfafbfef701f8fa05f30cf407f507f409f404f7f8fdf007f40ef304fbf60bf410f40cef07f5fc09ee08eff4fefe041cf9
984,101670457,-28,11,128,1,143,1,4cc00441f3fff7f205f001f2fcfefc06f603f5fdfff90100f609f104f500fc0002fbfefbfcfe030001fffcfafff9fffefd02000306050201000000000000000000000000000000000000fe02fd0b010aff0b03090903050403040704060200f6fbf4f9fef805fb0ff60dee02f006fd0908fa08e901f0fbfffa01f4ffec02ef01
985,101673301,-26,11,128,1,143,1,bffccb41ffe9f6f1eaf9effefc0507fe0dfa0401fa10fc15000a0309090605fbfcfafc03ff0a000507000803ff0501050400fefcf9fbfefe00000000000000000000000000000000000000050211040707010104f90cf20ef00bf608fc07fe01faf600f40c030d110510f900f3edf5f3f7fff8fffe0a080f0908020003f906fc
986,101685482,-28,11,128,1,143,1,b4466b41fde6fbdaf8e1fdec03ef09f410fc12001100080207070b0205fa08f705f3f5f5f3fefcfffefef9fff9fefcfff701f3fcf5f4fdfc000000000000000000000000000000000000ff0100070008f701f5fef8fcf2f8f4010004fbfceafae3f7ecfff70df409e6f9e5fae903e400effafef2fef2f7fbfafa0700010ceb08
987,101755289,-93,11,128,1,143,1,f3322f41ff00fc0200010300020000ffffff02ff02fe02ff02020103000100fefffffe02fe02fefffffeff00fd00fd00ff000000ff00ff0000000000000000000000000000000000000000000001ff010002020101fefffe0000020003fd05fb05fc02fefd01fc02ff02fe04fd04030005fe0000fe00f8f7f3f0faf5fffbffff
988,102022409,-91,11,128,1,143,1,06633041fa02fc02fd00fbfefbfafbf8fcfcfffd01fd03ff04ff02fc01fd02000001ff0101000100ff00ff01000000ff00ff000000000000000000000000000000000000000000000000ff00ff0002010101fefefffcfffdfefefffefffdfbfffa04fb05fb04fb00fdfb03fa08fb04fcfbfdfcff0200f6faedf6f5fafb00fc02
989,102043256,-93,11,128,1,143,1,0ee00041fbf6fbf6faf5faf5faf4fbf6fcf9fcfafcfbfbfcfbfcfcfdfb00fb00fa00fb00fc01fb03f902f8fff9fffb00fbfffcfffc01ff000000000000000000000000000000000000000100040005000401040304030202020103ff03fe020003fe05f907f709f807fb05fd06fd05fd04fb05fa05fb02fc00fdfefcfbfdf9fe
990,102192270,-95,11,128,1,143,1,0ee00041f604f503f602f502f502f600f7fff800f801f903fc02fd01ff04010501050007ff09fe0afe09fe0700070007ff04fe03fe03ff0100000000000000000000000000000000000000fe02f903f902fafffcffff01fe03fc02fcfefdfafbfafafaf9f8f8fafafbfcf9f9f9f6faf7f9f7f7f9f8fdf9fefafefcfefe00fe03
991,102354364,-92,11,128,1,143,1,20000241f80bf60cf50bf909fc05fa05f807f909fc0afd07fd03fe05000203fe04ff04ff06fe08000701070005ff05000501030003fd01ff000000000000000000000000000000000000000003030402040302040204030203ff01fdfffe00fd02fb02fcfffe00f903f406f305f302f6fef8fff701f800fafdfcfcfefbfefbff
992,102367936,-93,11,128,1,143,1,0ee00041fe0afe0dfd10fd0efe0bfe09fd07fd05fd03fe02fe02ff03ff0402030401030003010302020300040005010602060106ff03ff00000000000000000000000000000000000000fefff900fa00fbfefcfefcfdfdfeff00fe00fd00fd02fd05fa04f704f807f908f706f602f801fb02fd03fd04fc02fb01fa04fc06fe06
993,102425508,-90,11,128,1,143,1,07700041000dfd0efb0ffe0d000a02090209010801060203030201ff01fd02fc04fa06fa08f80af70afa08fa05fb03fd02fd03fd04fd01ff000000000000000000000000000000000000010006ff05fc09fb0900070206fe06f906f601f7fcfcfcfef9faf6f6fcf6fff6fcf6fafaf5faf4f6f8f4faf8fbffff03ff02fd03fb06
994,102465036,-95,11,128,1,143,1,ebb00e4103010401030005fe050005030603050104fe04fc03fc01fc01fc01fbfffafdf8fdf8fef900f7fff8fdf9fdf9fff900fa02fa00fe000000000000000000000000000000000000fffffefefffefefdfcfcfbfcfbfcfcfefcfffd01fe01fe01fc02fa03fc05fe06fc05fc04fd05fb06fb04fe030002ff01ff0001030207
995,102478337,-92,11,128,1,143,1,0ee0004103f405f304f401f5fff7fff800f900fcfffcfefafcfdfd00fd02fd04fd04fd04fe06fe08fe06fe04ff05fe04fe0301030303010000000000000000000000000000000000000000fe01fb00fbfffdff00fe00fffd00fbfefdfe01ff04fe05fb05fa03fb00fdfffd03fe08fe0afd08ff05030601070004030004000601
996,102478503,-91,11,128,1,143,1,20000241030c030c030d000cfb0af909fc07ff07fd08fd05fe04010402040103ff040003000400060207010800090007ff05fd05fa08fe02000000000000000000000000000000000000ff01fd05fd04fd04ff0100ff00fefefd00000402020300060007fd08fb09fb09fb07fb07fb09fb0af908f505f707fc09fd0800060603
997,102526951,-90,11,128,1,143,1,4bbbb44104fb040106fe08fd03ff01fd04fb05fa05fb04fc01fdfffc00fc00fc00fb00fa01fbff02ff07ff06fd04fe010001000101ff00ff000000000000000000000000000000000000ff01fe03fe00feff000001fffefefe01fb02f700f704f906fb00fdfcfffffa00f500fd04020b010e040b0606040102fc02fc01ff00fe
998,102529320,-94,11,128,1,143,1,2000024108050c020e010c04090409030903060104fe06fd08fe06ff02fd01fd03fd05fb03f803f804fa04fc03fd04fb05fa05fe05010100000000000000000000000000000000000000000000030005ff06fd04fd02fd01ff0201010201020305060608020900080108040805080309000800070106010401030303060309fe
999,102547695,-92,11,128,1,143,1,20000241faf5fbf5fbf9f8faf8f9fbf9fdf9fdfbfcfefdfffefffd00fe040105020501060008fe07fd05fd04fe04010502050103ff01ff00000000000000000000000000000000000000fe01fa04fa04fb04fe04000401040102020202060305030102fb02fa05fe070009ff0b000b000bff0bff08fe02fd00fd00fa01f801f8
1000,102548375,-94,11,128,1,143,1,200002410a04080209000a0009ff09000a03090209ff06fe04fe02fe00fffcfdfbfcfbfdfafbfaf9fbf8fdf8fdf9fcfbfdfbfefbfffc00ff000000000000000000000000000000000000fefffcfcfdfafcfafcfbfcfcfdfcfefefd00fe01fd02fc03fb04f804f605f607f505f704fa04fb05fa07f808f907fb06fd0500030500
1001,102553338,-95,11,128,1,143,1,200002410604070209000cff0d000b010afe07fe04fe02fc01fb01fb02fc01fdfefdfcfbf9faf7fafafbfbfcfbfcfdfcfdfdfcfdfcfcffff00000000000000000000000000000000000000fe02f903f703f801fb01fb02fb02ff01fffffdfbfff600f5fdf6fcf6fcf4fbf3faf5fbf4fef1fff600fc02fe06fe09000604030805
1002,102554601,-95,11,128,1,143,1,1331114104010001fe02ff03000100fe03fd05fd03fdfffdfefdfeffff01fe01fe0200010000000001ff00fffe01ff01000001010301010000000000000000000000000000000000000000ff0000ff0000ff03ff03000101000000ff00feffffff01fe00ffff01ff01000100020002ff01fe00fd0000fa04f406f707fa06fb02
1003,102638089,-40,11,128,1,143,1,1ee001001814191619161715151412110f0d0c08080305fd02f800f3fdeefce9fbe5fbe3fce1fde1fee2ffe4ffe8feebfdf0fcf4fbf8fefe00000000000000000000000000000000000003fc0df10df20cf40bf608f905fb01fdfcfff701f101ec01e800e4ffe2fee1fde2fce3fce6fceafceefdf3fef900ff0305060a090e0c
1004,102671655,-95,11,128,1,143,1,52200541f904fb03fd03fe05fc06fa05fb03fe05ff06fe05000101ff010102040305030602040302050005ff03000101020003020205000100000000000000000000000000000000000002ff08fe07ff06ff06ff05ff02ff000001010200ff00fcfffcfdfcfbfdf8fefafffc00fb01fb00f9fef9fdfafcfafbfbfafcfcfefe00
1005,102692485,-40,11,128,1,143,1,1ee00100ede5ede4ede3efe5f0e7f2eaf4eff6f4f7f9f900fa06fb0cfb11fc16fb19fa1cf91df81df71cf819f916fa13fc0fff0b00090002000000000000000000000000000000000000fc03f00cf00af108f306f604fa03fe01030009000e01130217041a051c071c081b091a091708140710050b03060000fcfbf7f7f3f4f0
1006,102707972,-96,11,128,1,143,1,200002410906080807090509040806080706060504060304030401050003010004fe06fe07fe08ff06ff05fe04fd04fe05ff030001000000000000000000000000000000000000000000fffffcfef9fffa00fefffefdfcfffc01fd02fd03fd05fb04fe01fd02f804f606f909fb09fb06fa04f903fa04fc03fe03010402050306
1007,102717015,-94,11,128,1,143,1,20000241f5fdf6fcf6f9f8f9f9fcf6fef5fefbfd00fafefcfdfffe00fd01fb02fa02f902f801f700f7fff9fdf9fef9fefdfdfefffd00ffff000000000000000000000000000000000000fefef9fafdfbfffcfffcfffafefbfefefefefefefdfefbfffafff8fff8fdfafcfafcfbf9faf6f9f5f9f6faf8fbfbfbfef900f601f603
1008,102718269,-91,11,128,1,143,1,20000241f9fbf6f9f7f8f9f8f9f9f7f9f7f9f8f9faf8fbf9fcfcfcfefd00fc02fa03fa04fa04f904f903f903fa04fb02fc01fc02fe01ff0000000000000000000000000000000000000002ff08ff07000400020002fd02fd01fe00fd00fc02fb04f903f903f803f606f407f506f906f905f906fa07fc04fd02fcfffcfafff500
1009,102729613,-93,11,128,1,143,1,20000241f5f8f4f4f6f4f9f5faf4f9f5faf8fbf8fef900f8fef9fbfdfa00fbfffafff801f801f901fa01f9fff9fdfafcfcfbfdfbfdfcffff00000000000000000000000000000000000000ff04fe03fc03fd02fd01fc00fafffbfffdfffefffc00fa01f9fefafbf8fdf5fff6fefafffafff8fff801f900fbfdfefcfdf9fcfa00
1010,102733671,-92,11,128,1,143,1,2000024105f307f608f909f90bf90cfa0afb06fb03fc01fd00feff00010003fe03fb01fa01fa03f906fa06f904fa04fc03fd04fd05ff010000000000000000000000000000000000000001fe02f900fa02fa03fb04fc04fa01f9fefafefafff901f905fa06fc05fb04f704f404f604fb04fe07fe09ff08fe03fd00fd00fcfffb
1011,102888166,-92,11,128,1,143,1,20000241f102f301f701f602f402f500f600f901fb01fb00fb01fa03fc03fe02ff03fd06fb07fb05fb05fa07fb07fc04fd03fe030002000000000000000000000000000000000000000000ff02fd03fa02f902fa02f902f903fd030002fd01fb00fbfcfcf8fbfaf8fef7fef7fcf6fef500f7fef8fdfafcfcfc00fa02f903f905
1012,102954678,-94,11,128,1,143,1,c33bbc41ff05fe03fffdfffdf902f803fe0100fffcfffa01fd0101000000fe0100fd01f906f40eef0af403fbfffeff01020001fe00fd00fe000000000000000000000000000000000000ff00fe00fffe00fc00fc01ff01ffffffff00fdfffdff010003fe00fb00fd0500090409060402fefe01010502060001fffefc01fd0000
1013,102970759,-92,11,128,1,143,1,20000241020c010b0209020a000afd08fe08000802070307020501010301050006fe07fd07fe07ff07ff0600050003ff0400060106010100000000000000000000000000000000000000fefefcf900fb00fcfefbfdfafcfafbfdfb00fd01fd00fcfefd00fd01fa00f500f500f6fef7fbfafcfdfefbfff900fb00fd02fe06fd09
1014,103003286,-90,11,128,1,143,1,4ff11441f507f502f5fff600f901f8fff6fef7fef8fef7fdf9fdfafffb02fc03fd03fc04fa05f804f901f9fff8fef8fefafefbfefdfcfffe000000000000000000000000000000000000fefffbfffcfffbfdfbfbfdfafdfbfcfcfcfcfbfff903f903f800f501f302f5fff7fef9fef9faf8f9faf9fbf8f9fbf9fffafdfafdfa00
1015,103027404,-94,11,128,1,143,1,20000241fd06f705f706fc06f907f705f904fc05fd03fd01fe01ff02000301050006000501050005fe05fd07fd05fe03ff03fe03fd05ff01000000000000000000000000000000000000ff00fc02fbfef9fdfafffc01fe00fdfffcfffd01fb03fa05fa04f903f803f702f602f701f600f6fff900fcfffafcf9fefd030107fe08
1016,103072009,-94,11,128,1,143,1,20000241f604f502f5fef4fff600f8fff8fcf9faf8fcf900fc01fe02fd03fe020002fd02fa04fb06fe05fe03fb03f903fb01fd01fc03fe0000000000000000000000000000000000000000fd01f601f7fffbfefefdfefd01fd01fdfefcfbfafcf901f803f701f902fa01f9fdf9fbf8f9f5f6f7f7fbfafafcf9fcfbfefb00fc02
1017,103073463,-94,11,128,1,143,1,2000024106fb0afc0bfa08fb06fc07fb08fb08fd05fe04fd03fd03fd03fb02fb00fb00f801f702f802f902fb03fd04fd03fd02fd01fe00ff000000000000000000000000000000000000ff00000002010202020302050204030103ff04ff04fe04fb04fc07fe09fe09fd08fd08ff0800060206040803050101000000010003fe
1018,103088019,-92,11,128,1,143,1,ecc11e41fd04fd00fcfefafffa00fcfe00fe04fe03fe00ffff00fd01fd00ffff00fdfefdfeff01ff0200010101010000fefefdfffd00ff00000000000000000000000000000000000000fefffbfe000100010001ff01fe00fe00ff01fe01fd02fd04fc02fbfefcfcfefbfffcfffefcfbfbfffc04fb05f100ebfdfbfe0bff0904
1019,103146321,-92,11,128,1,143,1,f55aaf4101080108fe02f9fcf7fafbfd00fe01fd0000ff0200020002ff01fdfefefe0000fffffdfcfcfdfc00fe0100000000fffffe00ff00000000000000000000000000000000000000000003ff04fd03fdfffbfdfe00020100fffdfcfefdfbfef7fcf5fcf503f80bfd0b0206030002fd04fe05010203fe02fe04fd06f806f5
1020,103211982,-93,11,128,1,143,1,18844141fffffefefdfefeffffffff01ff01000001ff00ff00ff02fe0100ff02fd02fe00ff01ff03ff02ff0100000100ff00fefffdfeffff0000000000000000000000000000000000000000000200010102010200fffffefe01fc02fd01010002ff0000ff0100000100ff00ff00ff02fd03fc01ff00fdf8f9eff8f7f8fffcfd
1021,103248195,-95,11,128,1,143,1,0ee00041f706f707f707f905f903f703f903fb02fb00fbfefbffff0204040304020503080007fb06fa06fb04fc05fe0600060005fe04ff00000000000000000000000000000000000000fffffefdfdfcfefd00fcfffafdfafffcfffcfdfbfdfafefdfc00fb00fbfcf8f9f6faf9f8fbf6f9f9f8fcfafcfdfffb02fc04fc04f900
1022,103251812,-92,11,128,1,143,1,20000241fa06fa08fb08fa07fc0afb0bf908fa02fa02f904fe020401040000ffff0001020402040202020102ff0300030103020303040100000000000000000000000000000000000000fefffafdfafdfcfdfdfefdfefffe01ff0101fefffbfff900fa01fb02fa01f902fa02f8fdf6fef400f3fef5fcfafafafdf704f705f9ff
1023,103505570,-92,11,128,1,143,1,055dd0410003fe03fd01fe01ff01fe01fe02fc03fb03fcfffcfcfefeff00fd00fd00ff02fe01fdfffd00fd00000003000201ff0000ff00ff000000000000000000000000000000000000ff00ff02010201030103010102ff03fe02fd01fc01ff020103fd02fb02fd03fd02fd04fc06fc04fc01fa01f703fa0504020602030103
1024,103548522,-93,11,128,1,143,1,0ee0004101f702f702f6fef9faf8fdf501f802f902f801fafffcfdfefd02fe03fc01fb00fc02fd04fd05fc05fb04fd04ff02000300020000000000000000000000000000000000000000fffefefbfcfcfcfdfdfdfdfefcfffbfffdfffe01ff04ff04fd06f906f606f707fb0702050607040904070603050304060505040005ff
1025,103549426,-91,11,128,1,143,1,99955941fff908f808f901fffd04fe05000103fe04fd03fd00ff0001ff0101ff04fc04fe010002000101010002fdfffbfcfdfc00fc00feff000000000000000000000000000000000000ff00ff0000fefffefdff00fe03fd01fe00010000fdfffbff00ff05ff04000202ff02fd00fcfbfbf8fdfc010103040101feffff000002
1026,103565768,-94,11,128,1,143,1,0ee00041f608f708f408f305f701f802f702f700f801fb02fd01fb00fb01fd03fb03f803f704f903fa01fa01fa01fbfffcfdfcfefcffffff000000000000000000000000000000000000fe00fa01fbfffcfffdfffe00fd00fefffdfffb00f900f803fa04fa04f903f702f401f6fef9fef901fa02fd01fefffdfef9fef802fc06
1027,103567685,-93,11,128,1,143,1,0ee00041f502f302f101f000f201f3fff5fdf7fef7fdf9fefa00fa01fd020002fe02fc03fb04fb06fa06fa03fb02fc01fc00fb01fb03ff0000000000000000000000000000000000000000fe03fb01fc01fc01fb02fc01fefffffefdfffdfefcfdfbfcfcfbfefcfefafafaf6faf5f9f6f8f8fafafcfcfefbfefafafaf9fdfb03
1028,103612063,-92,11,128,1,143,1,f1188f41fe0003ff06fd05fc05fb06fc04fdfffcfefd03ff05ff02fefefffefd01fc04fe06000301ff0101ff0300020102010101fe02ff00000000000000000000000000000000000000ff00fd00fefe00ff0101020000fffdfffcfefcfdfcfefdfffd01fc01fafefafcfdfcfefc02fa03f700f901fd01fd00fb01fb00fcfefd
1029,103617717,-91,11,128,1,143,1,4ff114000afa0bfa0cfc0cff0d000efd10fb0efc08fe0600050003fe00fb00fafffa00f903f805f703f703f805fa04f902f801fb01fb00fe0000000000000000000000000000000000000002010700070007fe06fc04fc05fd06fe04fd04fd050006030605060708080a080b060a040802070306060505060303000002000900
1030,103626650,-93,11,128,1,143,1,0ee0004101f302f603f605f604f700f9fff902fa02fdfffcfdfbfdfcfdfefbfdfafdf9fef9fef9fcf9fbfbfbfcfcfdfefdfdfcfcfefc00ff0000000000000000000000000000000000000101020500050006010502030101020103020303040406030602050007ff0afe0afd08ff09030a030700060007ff05ff02ff02fe02fa
1031,103647148,-95,11,128,1,143,1,2000024109f90af80af909f909fa09fc08fe06fc06fd05010101fffe00fcfef8fdf8fffafef7fef6fef7fef901f903fa02fa00fb01fe00ff00000000000000000000000000000000000000010007ff06ff04ff0300030005000400020002ff0201000501050205030502030102040504070307030403050109ff090006ff03fb
1032,103648909,-94,11,128,1,143,1,55500541fb00fbfcf8faf7fbf9fdfafdfafcfbfcfdfd00ff0002ff0201020401050104040306020504020503040305020602030301030000000000000000000000000000000000000000fd00f901fb01fc01fc00fd01ff030001ffffffff02010304040406040603060108fe09ff07020603040102ff04fd02fdfefcfdfbfffd
1033,103688822,-94,11,128,1,143,1,0ee0004107f509f50bf70bf508f607f707f808fb06fd02fcfffafef9fef9fdfbfcfbfefbfefafcf8fbf7fbf9fbfafcfafdfbfcfdfdfeffff000000000000000000000000000000000000ff01fe060004fe03fb02fc01ff0201040204020303020502070407030605020802060503060405030201000103020303030304ff03fb
1034,103739831,-92,11,128,1,143,1,0ee00041f9fbfafaf8f9f6f8f5f7f7f9f9fdfafefbfffb02fc06fb05fc02fd01fe04ff070109ff09fc08fd06fe04ff030001fe01fd01ff00000000000000000000000000000000000000000003010103000401040002000001ff02000002020105ff07fd08fb07fc03fd04fc08fc07fd06fe07ff06ff03ff02fc00f9fef7fff9
1035,103755794,-90,11,128,1,143,1,81166841faf6f8f5fcf7fffbfef9fef500f501f702f902fafffafefb01fb02fa01f900fafffb02fd03fd00fefdfe00fd03fc02fd01ff0000000000000000000000000000000000000000fe00f801f8fffa00fb02fc03fd02000101010005fe05fd03fb04f905f903ff020101fffd02f901f7fdf701f904fafffbfdfffb01fa03
1036,103800084,-95,11,128,1,143,1,200002410a010a020a020a0309040903080008fe08010803060305030402030103ff04fc06fc08fe070004ff0302040204010200020100000000000000000000000000000000000000000101030401030104010302040202020004ff04fd04fe0500060108020a02090109020704050706070605020401030303040405030700
1037,103809395,-92,11,128,1,143,1,20000241f7f7f5f7f4faf5faf9fafbf9fdf9fbfaf9fbfbfcfefcfffdfefffeffff02fe04fc03fa03f904fb02fc00f900fa01fc01fb01fe000000000000000000000000000000000000000000030005fe0601050202010200030004fe05fd04fe03ff04fe05fc04f905f706f704f603f604f903fc03fc05fc03fc00fcfffcfffa
1038,103822519,-92,11,128,1,143,1,4ff11400f200f0fdeffdf1fdf3fcf4fcf6fdf9fefafefbfffcfffcfdfbfffd00fc00f8fff7fef6fef5fff7fefafdfbfcfbfcfcfcfdfdffff000000000000000000000000000000000000fffffcfcfdfbfcf9fbf9fcfcfdfffd01fe02ff01fbfff8fef9fdf8fdf3fcf3fbf6faf7f8f6f8f9f9fcf9fcfafcfbfdfdfdfef9fdf5fd
1039,103847177,-91,11,128,1,143,1,0ee00041fef5fcf4faf6fbf9fdfa00f701f702fb05fc06fd04fd02fdfffdfefdfefcfefc00f903f703f803fb04fc04fc05fc03fd01fd00ff000000000000000000000000000000000000fefef9fbfafefbfffcfefefffffffefefbfdfbfdfdfbfef8fafaf9fcfcfbfffbfff9fff700fa02fa04f700f6fcf7fffc020002fffefb
1040,103981832,-93,11,128,1,143,1,dee88d41f7f5f7f7fcfc040508070506ff03fcff000002ff00feff00fd04fc06fc07fd0300fa03f604f602faffff00fe02fd02ff03010000000000000000000000000000000000000000fe01fb05fd05ff0301040102fefefafdfafefc01fb03f803f801fcfe06fe0bfe0bfd0afd04fefb01f902fc00fcfffc00fefffe00fd05
1041,104027316,-93,11,128,1,143,1,4ff1144108fb08fc09fd0bfe0d000b0207020501070008ff04fe02fe03fb01f8fefafcfbfff901f601f503f705f904fc02fc00f900f800fe000000000000000000000000000000000000ff00fc03fc03fd01fd01fd02fe02ff02ff010003000401010103020604070608050a030c030c030902050203010000ff03ff05fd05fc
1042,104102704,-95,11,128,1,143,1,20000241f806f908f60af609f907f906fa05fd03fe02fd03fd0200010001ffff01fe0302040506040502030103020302010201020202000000000000000000000000000000000000000001ff03fd03fc03fc03fc00fcfdfafffbfffd00fd00fdfcfdf9fbf7faf7fbfafcfbfbf9fbf9faf8f9f9f9fafdf900f800f9fffb03fc08
1043,104232123,-92,11,128,1,143,1,4ff11441fb0dfa0bf80af808fc06fc05f905f705f807f905fa03fc04ff040005000801080006ff04ff05fe05fd04fc03fb03fb03fc02ff00000000000000000000000000000000000000fffffc00f9fff9fffcfefdfffd00fe01fe05fc07fb05fa03fb02f802f303f403f503f105f406f804f803f704f903fa03f905fd070309
1044,104292941,-93,11,128,1,143,1,2000024109fe0cfc0dfb0bfc0cfe0cfe0aff07000401040004fd04fa03fa02fb01fc00fcfffafdf8fdf8fff900f900fa00fb00fd01fe00ff000000000000000000000000000000000000ff00fd01fc00fafff900fb01fe0102010302010401050405040502050106000bff0dfe0bfb0cfc0aff07fe06fe040202030005fd07fe
1045,104351090,-92,11,128,1,143,1,06600041f002f001f2fff3fdf3faf3f9f5f9f8fafafbfcf9fbf8fbfcfafef700f802fb02fcfefdf9fbf6faf9fefe00fd00f8fdf8f9fefe00000000000000000000000000000000000000ff01fd06fe05fd02fd01fc00fbfffdfefffefe02fc05fc04fa04f905f905f604f403f501f4fef5fef9fdfbfbfcfbfbfefa01f903f804
1046,104387434,-94,11,128,1,143,1,200002410902090407050707090707070708090604010002020402020101020003ff03ff03ff05ff07ff07fd05fe03ff0300020101020000000000000000000000000000000000000000ff01fe06fc05fc02fc00fe01fe01fe0200020003ff05ff07010703070209ff0cfe0bff07ff05fc05fb04ff040106030505050306ff06
1047,104400136,-93,11,128,1,143,1,0ee00041f7fff5fef3fef3fcf6fbf8fcf9fdfbfefcfffafef8fef901fc04fe04fe04fc04fb03fb03fa04fb04fc03fc05fb05fc02fe00ffff00000000000000000000000000000000000000fe02fa02f902fa03fc03fe02ff00fdfefdfefefefdfefcfcfcfbfbfcf9fcf8fcf6fdf7fdfafcfafcf9fefafff8fdf7fbf9fcfefd00
1048,104400302,-93,11,128,1,143,1,20000241f6f6f6f6f8f5f6f6f5f6f8f6f9fafbfbfefcfefcfcfdfd02ff0302030105ff09fd09fc07fb07fc07fd05fd05fc06fe05ff030000000000000000000000000000000000000000000002020003ff03fe03ff0100010101020000ff00ff03fe07fc0afb0bfc07fd06fd09fc0afa09f907fc07fe06fd04fe0200fffffbfd
1049,104446767,-93,11,128,1,143,1,0ee0004102070107ff09fc09fa09fc08ff0a000a00070205030302020203020404050506050705060504040502050004fe04fd02ff010000000000000000000000000000000000000000fe00f803f805f707f704f804f904fc01ff0200050105ff05fd06fc05f904f906fb05fa04f802f701fb03fe06fc05fc06fd06fe060005
1050,104503162,-93,11,128,1,143,1,2000024105f806f808f909f907fb05fe04ff03fe01fd01fa00fafcfbfbfbfdfcfcfefafef9fdf8fcf9fdfbfcfafbfafbfcfdfefdfefeffff000000000000000000000000000000000000ff00fc00fbfffbfffcfffcfefd01fe03fe020202030401060107020702070206010801090109010a0109010700030201040207fe09f9
1051,104509687,-92,11,128,1,143,1,355773410601060106fc04fb01fd01fb00fefe01000000fe00010004000300000001fd02fd0001fd00fdfe00ff0100fe00fe0000ff00ff00000000000000000000000000000000000000ff00fd02ffff02ff04030203ff00fefefdfefdfffefcfef8fdf9fffc05fc08fb07fd0301fc03f804fa03fb00fa00f904fc03ff00fefe
1052,104519480,-92,11,128,1,143,1,2000024102f401f502f403f403f504f602f700f902fc01fcfbfbfbfafefdfdfffbfef8fcf8fbfafdf9fef8fdf9fcfbfcfcfcfbfdfafefeff000000000000000000000000000000000000ff01ff06fe06fd04fd05fe04010203000201010203010601080309030901080108010a010c010b02090308030702060104fe03f905f5
1053,104525835,-94,11,128,1,143,1,20000241f506f607fa08fb08f706f503f906fd0afd06fb01fc01fd03ff0402040304020602080307040704080308040604030202ff01ff0000000000000000000000000000000000000001fe03f903fa03fc02fd01fd02fe020002ff01fefffefcfcfbfcfbfbfcf6fcf7faf9f9f7fcf3fdf4fdf9fdfdfdfdfcfcf902f606f505
1054,104527583,-90,11,128,1,143,1,5bb7754101fcfefcf9f9f5f7f2f7f6f8fffd04010201fffffefdfcfefdff00ff02fd01fbfdfcfa02fc03ff020002fe01fcfffcfffdfeffff00000000000000000000000000000000000001010405ff02fefffdfefdfc00fc03fd02fd02fe04010605080009f903f8fefafffefc00fafbfef901fc01fdfffcfffb01fb01fe0007
1055,104539886,-92,11,128,1,143,1,4ff11400f2f5f2f5f6f4f8f3f8f5f9f6faf4fbf7fdfafdfafefafefbfefdfb00fb02fb01f902f603f503f502f500f600f801f901fa02fe000000000000000000000000000000000000000100060106020501050005fe05fe03fe00fd00fe02fd02fc04fa08f70bf60bf70af709f708f705f606f607f803fb00fafef6fcf6fbf6
1056,104564800,-93,11,128,1,143,1,0ee00041f9f3fbf4fcf4fcf6fbf8fdf5fff4fcf8fafcfbffffff0000fe00fc01f903f902fa00fa00f900f9fef9fcfafbfbfdfcfffc00ff0000000000000000000000000000000000000002ff08fe060004ff02fe02ff02ff0101020201ff01fd03fc06fb08f908f808f707f806f906f909f808f802f8fef9fefafffbfffbfdf8
1057,104568178,-93,11,128,1,143,1,20000241f5fef4fff5fcf6f9f6f9f9fbfdf9fcf9fcfcfdfefcfefcfefcfefcfdfbfdf9fcf8fcfafcfcfbfcfafcf9fefafefcfefc00fc00ff000000000000000000000000000000000000fe00fafffafffbfffbfffb00fbfffbfefdfffe00fcfffa00fa01fa02f702f500f7fff9fdf8f9f9f8fbfbfdfcfffbfefdfcfefafcf9fe
1058,104570258,-93,11,128,1,143,1,20000241fa04f808f609f407f606f706fa06fe05fe04fc04fc06ff050304040404050404050405050405050403030203030303050306000100000000000000000000000000000000000000fe00f900f900fc00fefffdfefdfefeffff00fefefefc00fd00fb02f701f5fef5fef6fff9fcfcfcfdfbfbfbf7fdf8fffe00ff01fc01
1059,104572029,-93,11,128,1,143,1,2000024106f609f709f80bf80bf907fa06fb07fd05fd02fe01fc01f9fff8fdf9fefb00f901f701f801f903f903f801fa00fb00fa00fc00ff000000000000000000000000000000000000010004030405020503040404030403010300020003ff03ff030206040b040b03070508040901070106030704060206ff07fd05fe02ff
1060,104589521,-93,11,128,1,143,1,200002410afe0afd0aff0a0209040606050606050302ff00fffffffcfffb03fe05fe06fe07ff070007010602050104010301020001ff00ff000000000000000000000000000000000000000003ff07ff060102010201040002fe01ff020002fe03fc06ff08010a000bfe0afe0a0008010601040005ff07000404030608ff08fa
1061,104632562,-91,11,128,1,143,1,0ee0004105f706f709f809fa08fb09fa08fb06fd06fe08fb05f901f600f700fafefbfdfbfdfbfdfafef8fef8fdfafdfbfbfcfbfbfdfbfffe000000000000000000000000000000000000fcfff701fe02fcfef9fbfdfc01fe0002000303040506050504030604080504040106000c000c0109080609070305ff03ff03000001fb
1062,104633864,-93,11,128,1,143,1,0ee00041fcf7fef500f401f503f503f401f6fff9fffafefbfefbfefbfbfbf8fef900f801f701f800f900f900f9fff9fff900f9fffafffe0000000000000000000000000000000000000000ff0101fe04fd05fe06fd05ff0100ffff03ff0403020201fe02000405050805080407040903080404030202000000fd01fcfffcfdfa
1063,104698095,-93,11,128,1,143,1,2000024109fa0bf907f907fc0afe08fd08fb08fa05fc02fdfffcfffafff9fef9fefafefbfdf8fcf6fdf6fff701f900fafefafefcfdfcfffe000000000000000000000000000000000000fe02fc07ff04ff04ff04ff03ff03ff030102010202020400060008010a0009030a070a07070706060606060606040502050107000700
1064,104710014,-93,11,128,1,143,1,0ee00041f7f7f8f9fbfafdf9fdf8fbf7fcf6fff700f800fafffcfffdfefdfcfefbfefafefafdf9fef8fef7fbf7fbf8fdfafefafcfafcfeff00000000000000000000000000000000000000fe02fa02fb03fa03fa03fb01fc00fcfffdfffffffd00fa00f7fef4fdf4fef7fff700f602f604f602f900fb00f901f900fbfdfbf9fc
1065,104749905,-93,11,128,1,143,1,0ee00041fcf5fdf600f503f505f402f4fef5fdf7fef7fff7fffafefbfdfbfbfdfbfffbfefafbfaf9fbf9fcfafdfbfcfbfbfcfbfefb00fe0000000000000000000000000000000000000000fe04fc06ff06ff04fe02ff00ff00ff02fd02fd00fd00fc01fa02f704f708fb0bfd0cfc0cfd0afc0afb09fc05fb01fafdfcf9fdf6fb
1066,104750062,-94,11,128,1,143,1,20000241f90afa09fe08ff07fc04fb05fa07f908fa08fe04020203010201040106000600070208030904070304030203010001fd01ff000000000000000000000000000000000000000000fe01f902fb03fc02fc03fd00fefdfffbfefafffbfffafdf7fcf6faf8f9f9faf8faf7faf7fbf7fbf9fbfcfbfcfcfafcfafefd020000
1067,104827793,-94,11,128,1,143,1,20000241f6fff8fef7fef6fef4fef500f700f9fefcfefeffff000001ff04fe060006010602060305030503050305020501030001010100000000000000000000000000000000000000000001010302050207020503030102ff010101020102ff04fb08fa09fd07fb06f907fa06f906f806f804f802fc00000000fefefdfffd00
1068,104932431,-93,11,128,1,143,1,200002410cfb0cfa09ff090409040903080206ff07ff06ff04fe03fe03fc03fb03fa04f906f905fa03fb04fb04fb05fc05fd05fd05fc01ff000000000000000000000000000000000000000101050104ff02ff03ff05ff04020004000303030304020301040204050309050905070408030a02090306020302020401040003ff
1069,104937057,-93,11,128,1,143,1,200002410dfc0dfc0cfb0bfd0aff09fd07fd07fe07fd06fd04fd03fc04fb03fa01f9fef9fef800f802f802f900fafffafffb00fd01fd00ff000000000000000000000000000000000000ff01ff04ff03ff02000202030305030202fe02fe06ff08fe0602050704060704090706080207010703050401050007ff09fd08fe05fe
1070,105072317,-94,11,128,1,143,1,0ee0004106f50af70cf80bf50af609f908fb07fb07fb04fb01fa01fb03fb03f801f801fb04fe06fc04fa01fc01fd02fe01fe00fdfffdffff00000000000000000000000000000000000000ff03fd02fd01ff02000301040004fe01ff00ff04fd06fb07fc09fe08ff09ff0bff0a000b000a00080009010a02080105fe03fc03ff
1071,105072491,-95,11,128,1,143,1,20000241070408070709040703040404050205040507050703050403050006fe04fd02fe0301050304050208020603040305030303010000000000000000000000000000000000000000ff00ff0201020302010000ff000001040407030500010101040504060403050304060106fd0700070004ff0503070405030202020202
1072,105111789,-92,11,128,1,143,1,3dd55341fe01fc02fc01fe01000101fb05fa07fefffef701f405f602fbfc00fc03fd01ff010002ff00ffffff0100fe02fa03fb01fbfffeff00000000000000000000000000000000000001ff02fdfffe00ff01ff0000fffefffd00fe02ff0100fd02fc02ff01ff01fe00fe000000ff00fe010002ff0100fd02fb01fefffdfffb
1073,105117363,-92,11,128,1,143,1,0ee0004109050a06080608070a070a050804050204fe03fd01fd01fa02f902fa01fa00f900f702f702fcfffdfffa01f901fb00fefffeffff000000000000000000000000000000000000fffefffa00fcfffcfdfcfefd00fd00fefffefefefcfdfbfef8fff702f804f704f602f701f702f801f8fff801fa04fa04fa03fd02fc02
1074,105117517,-93,11,128,1,143,1,20000241080d070b050a040b010afe09fe08ff07010702070304050206020600060104030504060304020302040304040404030203000100000000000000000000000000000000000000ff00fd02fc02fb02fc02fd01fe00fe01000300030003ff05ff05ff05fd08fa0bf909f906f907fa06fb06fd090007fe04fb05fe050405
1075,105132720,-92,11,128,1,143,1,0ee00041f9f6f9f4faf4fdf3fef3fdf4fcf5fdf6fdfafcfefc00fd02fe04fd04fb04fb02fb04fb05fc05fb04fa03fb02fb03fb02fe01ff000000000000000000000000000000000000000001010501040103010200020002ff02ff0301030503070107ff08000a010c020b040a0209ff09ff09010802040002fd01fa01f902f6
1076,105173250,-93,11,128,1,143,1,20000241fb09fc0af808f408f608f907f906fa06fe040004fe03fe0300040005020503060407060805070204000300040105020301010000000000000000000000000000000000000000fffffefcfafcfafafdfafdfcfdfdfcfffc00fdfefefefdfefafdfafbfafafbfbf9fdf6fff6fdf9fbfafef701f601fa02fb04fc040002
1077,105175201,-94,11,128,1,143,1,20000241f802f500f300f502f800f9fef9fdf9fcf8fcf8fffd01fe02fc01fb04fc05fc05fa04f802f800f900f801f900fa01fa01fb00ffff000000000000000000000000000000000000fffefdfafffb00fc00fdfffbfdfbfafcf9fdfafdfcfefcfefbfdfafcf7fbf7f9f7f8f6f9f6fcf7fdf9fcfbfdfbfffdffff00fd00fc00
1078,105232045,-94,11,128,1,143,1,0ee000410afd0efc0cfb07f905f606f703fa00f9fffafdfafcfafdfcfefefdfff901f7fff8fcf9fef9fff8fef800f901fa00fb00f900fe00000000000000000000000000000000000000fefffbfcfffdfffdfbfcfafbfcfdfd00ff00ff010003ff05fd05fc07fc08fc08fc08fc07fd07fd080006ff07fd080106020301ff03fb
1079,105237573,-95,11,128,1,143,1,52200541f5fef6fef9fffd01fd00fc01fb02fb00fb00fb00fc00fd00fe00030006020704060404030503050005fe06000402020102000000000000000000000000000000000000000000ff01ff05ff060005010301030003000103000301010000fdfffd00ff04fe05fb03fa02fa04fc04fd06fe05fd02fbfff8fef8fffd0005
1080,105355799,-93,11,128,1,143,1,0ee00041fdf3fef2fef000f100f5fef6fdf6fdf8fdfbfbfdf9fef9fef9fef800f902f904f902f901fb01fb00fa00fbfffcfffc01fc01ffff000000000000000000000000000000000000ff01fd06fd05fd05fe05ff04ff02ff0100020202030004fe04fe05fe07ff07ff08ff09020903070105ff06fe06fc05fc03fb01fafff8
1081,105367628,-92,11,128,1,143,1,20000241f9f5fbf4fbf5fbf7fcf6fcf5fdf700fc00fdfffcfcfbfdfcfafdf5fcf4fef5fff6fdf5fdf5fdf8fcfafdf9fdfafdfbfdfdfdffff00000000000000000000000000000000000001010603050005ff03ff03010102fe01ffff03fd05fd04fc02fb00f902f906f806f707f808f908f804f802fa03fc01fdfdfcfcfbfcfc
1082,105418687,-93,11,128,1,143,1,20000241f2fbf2f8f4f9f3faf2fcf3faf6f9fafbfefefffffd00fd01fd02fc03fc03fb03fb05fc09fe0afe07fd02fd01fd02fe0200010000000000000000000000000000000000000000010005020400040206030502020101010201020002fe03fb04f803fa04f807f606f603f702f705f706f906fa04f900fafffbfdfbf9f9
1083,105472965,-93,11,128,1,143,1,2000024101f4fff5fff500f502f403f504f803f801f800fb00fe0101010000fbfdf8fef7fef8fef9fefa00fb01fc01fb01fa00fb00fb00fe000000000000000000000000000000000000000004010401030002ff02ff0000ff0000fe01fc02fb03fa05fa07f907fa08fb0afb09fc07fe08fe09fe08ff08ff05fe00fc00f900f4
1084,105494051,-92,11,128,1,143,1,2bbdd241000806040afe07f704fa0003fe0200020005fe04fefffffe0001000102fd01fbfefafffb03ff00fffffc02ff0001fffe01fb00fe00000000000000000000000000000000000000fffffcfcfcfa00fb04fd05ff030001000101000200030002ff02fe0100fb03f906fe0705060a0106ffff02ff0003fc03fdfffffbfe
1085,105503772,-40,11,128,1,143,1,1ee001001418151a151a1419131811140f100c0c0906060003fa00f5feeffceafbe6fae3fbe1fbe0fce0fce2fce5fce9fcedfcf2fbf5fefd00000000000000000000000000000000000005fe14fa13fb12fd10fe0cff08000300fefff8fef3fceefae9f7e6f5e4f3e3f2e4f1e5f1e8f2ebf3eef5f3f8f8fcfe000305080a0b0d
1086,105528237,-94,11,128,1,143,1,0ee00041f9f3faf3f9f5f9f5faf5fbf5fcf5fdf7fcfafdfcfefefd00f902f903f905fa06fa06fa05fb02fb00fc02fd04fc03fc01fc01fe000000000000000000000000000000000000000000000101030104010401040103020203030202030107fe09fb08fb07fd07fe08fd09fd09fe08fc06fc06ff05fe01fdfffdfffa01f9
1087,105529132,-94,11,128,1,143,1,0ee00041f6f8f7faf8fbf9f8f8f9f8faf9f8fafafdfdfdfefa00fa01fd03fd03fc02fc04fb07f905f903fb04fc05fc04fc04fd04fe03ff00000000000000000000000000000000000000010104040303020102ff01fe02ff020000ff01fe02fe02ff02fc04f905f607f608f90afc0bfd08fd05fd04fc03fa01f8fdfaf9fcf9f9
1088,105538640,-93,11,128,1,143,1,6aa11641fef700f902fd01fc01fb02fdfffffe0001ff02fc03fc04fe040000fffdfefdfefcfdfffc01fdff00fe0000fd01fe01020003ff000000000000000000000000000000000000000000010001fffdfffc00ff01010001000100ff01fd01fe00fdfffcfffffe00fa00f8fcf9f9fbfefd03fe01fffd01fa03fc03fe02ff01
1089,105592968,-92,11,128,1,143,1,2000024106f707f709f709f908fb08fb05fa04fa04fa03fa03fa03fa02fc00fb00f800f600f801fb02fb04fc04fc02fb02fc03fd04fe01ff0000000000000000000000000000000000000000000201030103010301030002020104ff03fd03fc04fe05ff06fe06ff08000901080108020904080406030402030002ff02ff03ff
1090,105593140,-93,11,128,1,143,1,20000241f504f307f406f502f600f800f702f703f802fb02fb01fa02fc04fe04fd03fb04fc05fd05ff04fd03fa04fa03fa02fa00fbffffff000000000000000000000000000000000000ff00fd02fcfffbfdfbfdfbfdfbfdfbfffb01fb01fa01fb01f900f700f600f5fdf4fdf5fdf4fef2fef3fcf6fbf8fdf8fef9fdfafefb00
1091,105595923,-92,11,128,1,143,1,20000241fb0dfd0aff09fe0afd0afe08ff07010701060104020203010301020003ff04ff06ff07ff07fd06fb05fc05fe06ff06ff0400000000000000000000000000000000000000000000ff00fc00fc00fbfffb00fc02fe02fffffffc00f9fef6fdf6fef5fdf5faf7f9f8faf9fcf9fdf6fcf4fcf7fefbfefdfffe01fd00fcff
1092,105596844,-94,11,128,1,143,1,20000241f2fbf3fbf7faf9faf6fbf2fef201f5fff8fcfafdfb00fb04fc06fe07fe07fc07fa08f908fa08fb08fb06fb06fc05fe03ff02ff0000000000000000000000000000000000000002ff080005020302040104000400030001fe00fd02fa06f807f706f604f604f805fa06fa07f906f803f800fbfdfffefffdfdfafbf8f8
1093,105729218,-93,11,128,1,143,1,0ee00041f707f709f80bf70af707f907fa09fc07fd03fc03ff040305030403020102010501070204040404050305020402040104ff03ff00000000000000000000000000000000000000fffefdfbfefafffafefbfffb00fb00fcfefefcfefcfefbfef8fff6fef6fef6fdf6fbf6f9f6fbf6fdf9fcfafbf9fefa00fe00ff01ff03
1094,105729389,-92,11,128,1,143,1,20000241f605f503f402f401f501f502f601fa00fafffbfffe01fe04fe06fe07fe09fe09fd06fe04ff050105010300020002ff02fd03ff0000000000000000000000000000000000000001ff05fd04fd03fc01fb02fd04fe03fd00fcfefbfff900f8fff7fdf6fef4fff4fef6fdf8fefbfefbfcfafcfafdf9fdfbfcfefafef8ff
1095,105780087,-91,11,128,1,143,1,d6600d41f603f402f404f503f200f300f7fef7fdf5fef600fbfefdfffc01fb03fb06fa08fa07f907f908f806fa04fa02f902f900f8fefeff000000000000000000000000000000000000fffdfef8fefafefafffbfffefefb00f500f6fdf9fbfafcfcfcfcfaf7f8f6f6f7f8f6fbf7fdf6fcf3faf3f9f6fafbfbfefafef800f802
1096,105780620,-91,11,128,1,143,1,82200841f3fbf3faf4faf4fbf3fef3fff2fef5fcf9fdfbfdfd00fe04fd07fe07ff060009000b02090008fe07ff06ff060007000500030000000000000000000000000000000000000000020108050804050402050204050107ff05fd02fe01fd03f906f808f909f807f607f608f706f906f906f904fafffafcfbfefcfffcfefc
1097,105827079,-93,11,128,1,143,1,14400141fb0bfc0dfd10ff0ffd0ef90ff70df60df70afa0400030403060109ff0afb0afc0afe070103030103000203fd06fb03ff00040001000000000000000000000000000000000000fffdfdf7fdf6fef7fff9fffcfefdfdfefd00fc00fafff4ffeefef1fef5fff7fdf6fbf4fcf1fbf3fef8fefafbfbfcf9fef9fefc00ff06
1098,105906581,-91,11,128,1,143,1,d6600d41100b0f0b0c0b0a0d0a0c070a050a050905070404030203ff04fc06fd08fd0afb0bf90afb0afd09ff070205030302030103010000000000000000000000000000000000000000ff01fd03fb04fb06fd06fe05fe03fd02fd01fe010106040a02090009030b040a020c0210020dff09fe07020803070105020305020400
1099,105908104,-91,11,128,1,143,1,a3300a410a02080308020a020901080009ff07fd04fd02fefffefffd00fc01f901f602f700fafefbfff900f8fff9fefbfdfbfefb01fd00ff000000000000000000000000000000000000fefffafbfbfafafafbfbfcfdfcfefa01fa02fb02fc04fc05fc07fc07fc07fb08f906fa03fb02fb03fd02000302050303030202010400
1100,105911769,-92,11,128,1,143,1,82200841f5f8f3f9f5f9f6f5f7f5f7f7f9f800f901f8fef9fcfefd02fc02f901f702f600f6fcf8fcfafbfbf9fbf8fbf8fcf9fdfbfffc00ff000000000000000000000000000000000000fd00f9fffcfcfef9fef8fcf9fdfbfefdfefefffefdfefafff9fef7f9f6f5f8f4f9f3f5f1f5f4f9f8faf8f9f9fffe0001fb01fc02ff02
1101,106020310,-91,11,128,1,143,1,20000241040a0209030b040b030a05080608040a020904050403030205ff04fb04fa06ff0702060106ff05fe06ff08fe07fd04fe02ff00ff000000000000000000000000000000000000fffdfdf8fffa00fc00fcfffcfefdfdfefdfffc00fb01f900f903f904f901f9fef8fef602f302f3fef8fcfb00fb02fd01fc05fb09fe08
1102,106051448,-92,11,128,1,143,1,5ee00541f809f909fa08f806f705f902f9fefafffb01fb01fd00ff00fe01fd03fd05fc04fb04fb05fa06fb06fc05fb01fcfffd00fa00fe00000000000000000000000000000000000000fffffdfdfcfcfafffa01fb00fbfffb01fd00fcfffb00fa00fb00fd00fdfffbfefafff900fafff9fdf9fdfbfffdfffefffe01fd02fb02
1103,106064473,-93,11,128,1,143,1,14400141f4f5f3f4f2f7f5f7f8f6f7f8f6f8f8f9fbfdfbfffcfefdfdfafef8fff9fef6fff400f5fff7fff9fefafcf9fdf9fefafffcffffff000000000000000000000000000000000000fffd00f801fa01fa00fa02fb04fb03fb00fcfffdfdfbfbfafafaf9f8f8f5fbf6fdf600f503f404f604f703f700f7fcf7f9f6f9f7f8fa
1104,106072345,-97,11,128,1,143,1,faa00f41050505080707060404050506040402040103ff01feff00fe02fe01fc01f802f603f803fb01fb00fafffa00fd01fe00fe01fc00ff000000000000000000000000000000000000fffe00f903fa03fb01fcfffcfffc00fbfffbfdfbfbfdfc01fb02f801f600f5fef6fdf600f700f9fffbfefb01fd04fe02ff0102040306
1105,106137630,-93,11,128,1,143,1,200002410a0309030802090009010a01080106fe06fb07fd030001fe00fcfffbfcfafaf8faf8fdf7fdf7fdf9fdfbfefbfefbfdfdfdfcfffe000000000000000000000000000000000000fffefdfcfdfcfefa00fa01fa01fbfefffc03fb05fc03fa02f605f405f605f706f907f604f302f405f807fb05fb02fd01fe0300030401
1106,106150865,-94,11,128,1,143,1,0ee00041040d050b050a040b040805060506020402030004fb03fb0101ff04fd03fe04fe05fb04f904fb05fd05ff05ff04fe02fe01fd00ff00000000000000000000000000000000000000fe00f9fef9fefafefafefa00fa00fafdfcfafefb01fc03fc01fc00f902f602f702f704f502f600f900fc00fe02fd04fb06fc060106
1107,106183024,-95,11,128,1,143,1,0ee00041f709f70af60cf60cf808fc03fe00fe01fb03fb04fe010101010302040405050802080007fe05fc03fb04fd05fe04fd04fe03ff00000000000000000000000000000000000000fefefbfafbfcfbfefb00fc01fe0200030002fe01fc02fb02f901f801fa01f701f303f402f7fff8fffb00f9fff6fff700fb02ff040006
1108,106192257,-91,11,128,1,143,1,2000024107f908f90cf90dfa09fc07fd06fd05fd05fe04fe02fd00fd00fdfffbfffa00f800f601f702f804f904fb02fb02fc03fe02010000000000000000000000000000000000000000000102040304030602050203020201010003010304020503060107ff08000903090407040603040304050605060104fe02fe03fe05fb
1109,106196855,-92,11,128,1,143,1,200002410cfe0b000c000bff09ff070005030305050206fe03fd01fe00fd00fc02fc01fb00fa02f904f804fb02fb01f902f902fa02fb00fe000000000000000000000000000000000000fe00fa03fa03fb01fc01fd02fe00fd00fd040006020502040206030705060608050a010b000c020b0309030601030002000102ff0500
1110,106207589,-93,11,128,1,143,1,0ee000410c040b010bfe0cff090107ff07ff070106fe03fc00fdfefdfcfbfdfcfff901f702f902f903f803f804f902fcfffbfffa00fd00ff000000000000000000000000000000000000fefffafffbfffa00fafffafffbfffd01ff03fe03fe03ff06000702080209010bff0c010b0007fe06fe060003ff00ff00030005ff04fe
1111,106207878,-94,11,128,1,143,1,9440094109fc09fc08f704f7fbf9f9fafffc02ff0002fc00fa00fbfffefe00000102010102fe04ff05ff04fd03fc04fd04ff02ff01fe00ff000000000000000000000000000000000000ff000001010101010103020302ff04fd06fc04fdfffcfdf8fff7fdf9f8fcf7fbfafbfafef701f601f803fc07ff070005020305010900
1112,106210384,-91,11,128,1,143,1,0ee00041fd0cfa0cf80bf809fa09f907f604f703f803f902fd00ff01fe020103040302040005ff06ff05ff03ff03ff03fe03fd0300030000000000000000000000000000000000000000fefffafffafffafefbfefafffa01fc02fe03fd01ff00ff02fd03fa03f705f707f805fa01f7fdf3fcf400f805f904f901fc0200030301
1113,106261398,-93,11,128,1,143,1,5ee00541f7fdf5fbf7f9f9f9fafdfafff8fef7fefbfefefffe00fe02fd01ffff02fe05ff060106fe04fa03f904fa05fa04fb02fe02ff00ff00000000000000000000000000000000000000ff03fc02fbfffafffb00fdfffefe00ff01ff03fd03fd02fd02fc05fe09000a000801070208030703040304ff03ffff04fd03fdfcfb
1114,106498418,-92,11,128,1,143,1,0ee00041fcf301f403f204f306f506f606f805fa04f902fbfffcfefafef7fff600f700f701f800fafefafff902f803f802fb01fe00fe00ff00000000000000000000000000000000000000ff02fc02fd03fe01ffffff010003ff03fd01fd01fc04f904f803f803f902fb05fc06fa05fa05fd05fe03fe04fe06fd06fb04fbfefb
1115,106546672,-91,11,128,1,143,1,25500200f90af90af90bfa0ffa0ffa0bfa07fc05fd04fe05020603060304040206020803060305030704070404030303030402030102000000000000000000000000000000000000000000fe00f901fa02fb01fcfffdfffb00fa01fc01fdfcfdf8fcf9fdf9fcf6f9f4f8f5f8f6f8f7fbf7fcf6faf7fafafefc00fdfffc02f905
1116,106587382,-92,11,128,1,143,1,4ff11400070508070a080a0607040502050205050405030303030402040003fd03fc04fc06fd07fe08fe08fd08fc07fe07ff06fe04fd00ff000000000000000000000000000000000000ff01fb05fa03fa02f903fa05fd06fe04ff02010203040508040a030902090009fe09fe0a000b00090007000601050403070308030703
1117,106725971,-90,11,128,1,143,1,1440014106f405f109f10cf20cf308f807fa07f805f704fa04fc02fdfefdfbfcfbfafcfafcfafdf9fdf8fcf8fef9fffa00f7fff6fff6fffd000000000000000000000000000000000000ff00ff0103000203010701070207000bfe09fe0102fe07010c01110010fd09fe08000b000a000a00080007010b000bfd06fe02010101
1118,106746905,-94,11,128,1,143,1,16600141f305f304f302f203f002f300f500f403f504fb03fe03000402050105ff0600090109fe08fd08fe070006ff07fe07ff03ff01ff00000000000000000000000000000000000000fffdfdf700f703f905fc03fc01fb00fcfefcfefb00fbfdfdfafdfafafaf7faf9faf9faf9f8f9f9f9fcfafcfbfcfdfdfffafff701f604
1119,106752908,-92,11,128,1,143,1,3bbdd34108fe0304000302ff05fe05ff03000000fefffdfefe00fd04fc0201fd03fa01fcfefdfdfdffff020000fffd00fe010001000100000000000000000000000000000000000000000001020402040003fc00fc02000402020101020200fefffe010003010400060205040005fe0200000000000101fefefafefc02fe04fb
1120,106753942,-94,11,128,1,143,1,200002410804080709080708050906080605050305030603040102010201010101fd01fb02fb04fc04fd05fc06fb04fd03fe030003020000000000000000000000000000000000000000fefff9fefbfdfcfcfbfcfcfdfdfefdfdfcfdfc00fc02fc03fa05f806f805f905f904f804f805f905fb06fb06fd020001030204020500
1121,106754073,-94,11,128,1,143,1,0ee0004103f505f607f90af80af707f806f804f902fafffbfffbfffbfdfafcfafcfdfafff8fef9fcf9fcf8fdf7fdf8fdfbfffdfffcfffeff0000000000000000000000000000000000000001ff06fd04fc04fd05ff0400030103030103fe02ff05ff08fe09fe06020506060507040804070406040603020102000202010103fd
1122,106858831,-94,11,128,1,143,1,1440014107070807080608070807070605050603040103000402040004fe03fd04fe05010502050006fe05fe04fe04fe03ff03ff02010000000000000000000000000000000000000000ff00fc03fb04f905fa03fc03fd03fd02fd02ff02020202040005ff06010601070008ff08fe08fd07fe04000101010104030404010101
1123,106978415,-92,11,128,1,143,1,2000024106f305f406f508f407f405f904fb03f902fa02fdff00fd00fefffefffafdf8fafafafafafafafbfcfbfdfbfefcfffdffffffffff000000000000000000000000000000000000ff01fd05fc04fa02fb03fd04fe05fe05ff04010503050504040306050907080705050403050506070504060308040703030103fe07fa
1124,106978721,-93,11,128,1,143,1,2aa00241f90bf70af708f906fa05fa05f707f507f505f803fc03fe030004040605050606060804090506050403040303020301040204000000000000000000000000000000000000000000fe02f903fb03fc03fc01fd00fd01fd00fdfcfcfbfcfafafaf8f9f8f8f8f8f9f8f9f8f9f6f8f6f8f7f9f9fcf9fcf8fdf800f900f9fd
1125,106980162,-93,11,128,1,143,1,20000241fc08fc0cfc0bfc08fc08fa08fa05fa02fa00fd01000401050103010401050005fd06fb06fa04fa04fa03f900f900fa00fbfeffff000000000000000000000000000000000000000000040004fe03fb02fa02fc00fcfff901fb03fd03ff0302050007fc07fd09ff09fd05f905f907fb06fd02fd00ff0303030200feff
1126,106982363,-94,11,128,1,143,1,0ee0004106fc06fc07fb07fb07fb07fb05fb03fb04fd04fd01fd00fd00fbfff9fef8fff801f703f803f901f901fb01fd01fd02fc02fb00fe00000000000000000000000000000000000000000203020502060105020303020302020103ff0400050108010a020a020b010a0107010702090508050702080007fe06fc04fb02f9
1127,106983538,-92,11,128,1,143,1,20000241fe0dfd11fa10f90ef80df80cfa08fd05fa03fb020202050304040003fc04ff05030603060106ff04fd02fe03fd04fe05fe07ff02000000000000000000000000000000000000fefffa00fa00fafffbfffbfefafffa01fc02fd02fd0200020003fe07fb08f807f705f804f804f802f900f802f906fd03fbfef701f902
1128,107053057,-92,11,128,1,143,1,20000241fbf5fdf7fdf8fef602f204f303f500f5fcf4fcf5fdf7fdf9fdfcfc00f801f600f600f701f8fff9fdf9fdf9fdfbfefbfefbfcfefe0000000000000000000000000000000000000000040106020601040005000501050004fe03ff03fd03fa04fa05fb06fa06f907f90af70bf606f903fd0300030004fb05f802f9fffa
1129,107081222,-93,11,128,1,143,1,2dd7724100fffffdfeff010104ff04fe0501050204fd08f709f304f206f80600fbfdf8f901fb05fc01fcfefdfe00fe01fcfef9fef500fd00000000000000000000000000000000000000ffff00ff010001ff01fd02fe01ff01ffffffffff00010102020102000000ff00fefffefefdfdfdfefe01020101ff00fd01fc01000004
1130,107110956,-93,11,128,1,143,1,0ee000410904080507060707070a08090704060005ff0600060003fd01fc03fb06fa07fb07fc07fc07fc09fc08fc07fc06fc03fe03fe00ff000000000000000000000000000000000000fefffbfefcfefdfefdfefcfefbffff0003ff0102fd05f803f804fb05fd02fd05fc09fa08f706f805fb05fa04fd020102020403050604
1131,107232295,-93,11,128,1,143,1,0ee00041f6fdf5fdf9fefafbfbf9fcf9fdfafdfcfcfefcfefcfdfbfcfcfdfbfefafefafbfbf9fbf9fcfbfdfc00fd02fe01fd01fd03fe01ff000000000000000000000000000000000000ff00fd01fc01fb02fc01fefffefefeffff02ff04ff06ff07fd06fc04fb01f9fef7fdf7fef9fef9fef600f801fefffffcfcfef801f604
1132,107281166,-92,11,128,1,143,1,9cc00941fafffdfffbfdf9f9f8f9f5f9f7f9fbffff050004fd00fbfffc02fd05fd03fe010001010501080007000501050005ff05000200000000000000000000000000000000000000000001fe05fc04fe040003fe01fd00fd00fdfffffd05fc06fd03fe01fe050006030103ff01010007fd08fa04fd01020000fefefc00fc02
1133,107294485,-95,11,128,1,143,1,8cc99841f8faf9fefafdfdfdfc04fa07fc04fe01ff0103020602050004fd02fc01fe0001ff02fe01fc01fc03fd04fe05ff050203040001ff00000000000000000000000000000000000000000100fffefdfffb02fc02020104ff03fd01fe00fe03fe04ff0001fa00f9fcfbfbfafcfafffc02ff030105010402ff02fbfffbfbfd
1134,107415034,-94,11,128,1,143,1,dffbbd4100fe00fb00fafdfcfbfffe0002020201ff00fe01fd01fd00ff000001ff0100010001ff00fe00fe0000ff0000ff00fd00fd01ff0000000000000000000000000000000000000000ff02fe01ff00fffffffffe0000ff02fe03ff02fe00fdff0000ff01fe0002ff03fe02ff0101010000fffffe03f408ec05f301f8fff8
1135,107694013,-93,11,128,1,143,1,0ee0004104f704f802f803f603f701f900f8fff8fffb00fefdfefcfefdfdfdfefc00fc02fc01fb01fb02fa03fb02fc02fd03fd03fd01ff00000000000000000000000000000000000000fffffdfcfcfdfbfffb00feff00fe01ffffff00010204020301050107030804080306030502070007fe03000101020203040005fc04fb
1136,107876881,-93,11,128,1,143,1,0ee000410bfe0dff0cff0b000a01090009fe08fb05fa02fb00fb00fcfffcfefcfffcfefcfcfbfbfbfbfbfbfbfcf9fdf9fefbfdfcfbfbfefe000000000000000000000000000000000000fefffafefafdfbfbfefdfffffefefdfefe0000030105ff05fd07fb0cfa0df80af708fb0afb0bf908fb06fe060207040704050302fffe
1137,107877864,-91,11,128,1,143,1,bee99b4100f305f40af807fb00feff0000fefe00ff04ff04fe0100fe02fd010202030402020000fefdfffefefefcfefe00ff01ff01ff000000000000000000000000000000000000000001ff05ff04ff03010004fd01fcfcfdfbfefc01ff0001fc02fbfffbfcf9fff802f402f300f9feff00ff01fcfef9fffb01000201020400
1138,108059713,-90,11,128,1,143,1,0ee00041000cff0cfe0afc0afb0cfc09fb04fb01fe01fd02fc02fe0201010401040105020507010afd09fc07fc06fd04ff02000300040001000000000000000000000000000000000000fd01f704ff0405030100fe03fe07fe04fd03fb05fc05ff04fe04fd07fb0cf70ff60ff807f200ee00f3fff502f706fc04fe00fefffeff
1139,108170066,-91,11,128,1,143,1,1440014107000c000cfe09f90bf709f90bfd0eff0cfd08fd06ff03fdfdfdfafef8fcf6f9f9f9faf9f7f9f5faf6f9faf9fcfbfcfefc00ff00000000000000000000000000000000000000fffdfdf7fdf8fefa00fbfffbfbfbfafefd03fd03fc03fa05f907f80af60bf509f906fd05fa04fa02010004010206010404fb08fc0bfe
1140,108305850,-93,11,128,1,143,1,20000241090808070c060e040d050a0606050203020003fd01fd00fafff8fef8fef9fdf9faf6faf6fdf6fef7fefafdfbfcfcfdfe0000000000000000000000000000000000000000000000ff04fe06fe04fe03fe03ff00fefdfdfefdfefffdfffafff700f5fef4fbf2fcf300f5fff5fcf6fcf8fdf8fdf900fd02fe01fdfefdfc
1141,108469107,-93,11,128,1,143,1,20000241060707060609040b040a0409020900080004fe01fe01ff010101050109020a010700070209030804040400020201050105010100000000000000000000000000000000000000fd00f801fa01fa02fb03fcfffcfefc01fd01fe03fe05fe06fd05fc05fc08fc09fb09fc09fc08fb05fb04fa04fc020103030505050607
1142,108635425,-93,11,128,1,143,1,4ff11400ed03ef01ee03ed04ee03ee02f101f401f700fb00fc02fb02fe0200040108000afd0afd09fe09fd09fd0afe09fe06fc05fa04fe0000000000000000000000000000000000000001fd05f505f704f903fb02fc02fc01fcfffafef9fdfafcfcfaf9f9f3f9f0fdf1fdf1f9f1f9f4f9f6f9f6fbf8fafaf6faf5fbf5fdf201
1143,108648417,-92,11,128,1,143,1,2000024102f602f604f408f308f405f703f801fafffa00f904fb04fcfffafcfafefdfbfff7fdf6fdf6fdf8fcfafdf9fdfafbfbfbfcfeffff000000000000000000000000000000000000ff01fd04fc05fc06fd03ff0100020004ff03ff0001010404060306030804080506050707070608040802080007010502050005fc00fa
1144,108654261,-91,11,128,1,143,1,0ee00041ff0ffc0dfc0dfd11fe11010d020c030a03070306030402ff02fb03fc04fb05f909f80af807f606f605f904fd00fdfefb02fa01fe00000000000000000000000000000000000001ff07fe0600060005ff030001ff01fc00fcfefdfcfdfcfbfaf9f8f6f7f6f7f7f7f7f6f6f6f6f8f8fafcfbfffcfffdfdfcfefa03f909
1145,108654424,-93,11,128,1,143,1,20000241010e0011fe11fd110010020c010aff0efe0eff0703040404020303ff05fe050006ff09fe09020805050205ff09fd05fd00fdffff000000000000000000000000000000000000fffdfff700f901fb00fbfefbfffb01fb00fcfefefc00f900f7fdf7fdf4fff1fef1fff300f4fff600f800f9fefafefafff902fc05ff07
1146,108654564,-94,11,128,1,143,1,200002410cf80ff910fb0efb0df90cf80afa09fd08fd03fcfffcfdfcfcfafbfafbfcf9fbf9faf7faf5fbf8fbfcfafcfbfafdf8fcf7fbfdff000000000000000000000000000000000000ff00fcfffafdf8faf9fbfcfdfdfdfefefeffff0001020304020702080108fe0bfe0cfc0cfc0cfe0aff09ff0800070204050106ff08fc
1147,108655302,-92,11,128,1,143,1,20000241f202f502f404f306f505f605f407f408f905fd04fd04fe0401030402070109010a000b010b000afe07ff05fe04fa04fc04ff0100000000000000000000000000000000000000ff01fd05fd07fc07fd0400010200020101010102020103fc06f908fb06fc08f80df70dfa07fa03f805f806f900fbfffd00fffcfef700
1148,108794904,-94,11,128,1,143,1,d9988d41fcfafef6fef5fdf8fcfcfdfdfffc00fafef9fefafffd010002fe00fcfffcfffe010000fffcfffbfefcfcfefd00fefffcfefdffff000000000000000000000000000000000000fefffcfcfefcfffc00fc03fc03fc01fcfffcfdfdfdfefefd00fdfefcfaf9fcf9fefbfefbfefcfefb00fb01fa00fbfcfcf9fcf9fdfbff
1149,108892044,-91,11,128,1,143,1,0ee00041f201f402f504f404f502f501f400f501f801fb01fe03ff060206030604060407050804080206040505050403020300040103000000000000000000000000000000000000000001010404030503060405030204ff04fd04fc02fc01fd02fd00fdfef800f500f7fff600f403f403f500f8fff9fff9fbf8fafbfb01fa02
1150,108901527,-91,11,128,1,143,1,34400341f609f508f606f805fa05fb05fc04fe030103040503050003010102010403050406040602050105020703070305000500030000ff00000000000000000000000000000000000001ff04010104020304010302030204fe03fc01fb00fbfffbfdfcfcfcfff802f800fafcf6faf4fcf8fdfbfffa00fafefdfafef700f802
1151,108908992,-93,11,128,1,143,1,feeeef41ff00fd01fd01fe00ff02010402040002fefffffdfffdfffe02fe04fe01ffff00000201020001ff00ff01fe01fd00fe01ff02000000000000000000000000000000000000000000ff01fd02ff02fe01fd00fefcf7f7f2faf9fffd07f712f30af8fffdfdfcfdfcfefffc01fc01fc01fc01fdfffefefeff01fe04fd04ff
1152,108948094,-94,11,128,1,143,1,200002410b030b020c000c030b060b070c060a040803060201ff01fe04fd04fc02fb03f905f705f807fd08fe04fb04fb05fc05fd04fe01ff000000000000000000000000000000000000ff00fe02ff02fe04fd06fe07ff0500040105030405010301020501060007020b030c030c040b0106fe02ff03ff03ff010100040006ff
1153,109012167,-93,11,128,1,143,1,64422641fe02fd00ff00000000010002020002fefffdfefefefefefdfdfffd01fe02ff0200ff00fd00fe01fe01fe00fd01fe02fe02fd00ff000000000000000000000000000000000000fe00fc01fe0000fd00fdfe00fe01ffffffff00fffffdfffd00fe01ff01ff02ff03000202000101000001ff03080011fd07fdfcfbfffb
1154,109063483,-90,11,128,1,143,1,24411241faf9f7f7f6f2f5f0f5f3faf7fef7fcf7fbfbfdfdfffd01ff00ff0000fefff8fff702fa07f80cf40df906fd04fd03fe000102000100000000000000000000000000000000000000010104010500050104020302030203010102ff03fd03fc06fb0afb0afd0bfd0dfd0cfc0afc0afd0afc06fc03fe02fd03fa01fbfdfd
1155,109070926,-94,11,128,1,143,1,0ee55041fd03f905fa0503070203fdfbfff901fdff01fefffcfdfdfe02fe06fe05fd03fc01fc02fa05fc04ff03ff03fe01fafff8fffbffff00000000000000000000000000000000000000ff02fd00fcfcfcfcfffe0101010201fe00fafefaffff020102fdfff8fdf7fcfcfe03040505fffefafdfafefd00ff03ff04fe02ff03
1156,109312977,-94,11,128,1,143,1,0ee00041f404f405f405f404f403f501f8fffb00fb01fa01fb01fc02fe03ff0200040005ff05fc06f906fa05fb04fa03fa03fc03fc03fe0000000000000000000000000000000000000000fe00f900f9fff8fef9fffcfffdfffdfdfffd00fefefdfcf8fcf3fdf2fcf4fbf9fcfdfcfcfcfafafcfafdfafdfdfe00fe00fe03fe07
1157,109373237,-91,11,128,1,143,1,3aa00341f5fff2fef1fcf2f8f3f7f3faf6fcf9fcfafbfafcfafbfbfbf900fa04fb03f800f600f801f800f9fef9fcfbfdfcfefefcfefbfffe000000000000000000000000000000000000fefdf9f8fbfafdf8fef7fff901fc00fefefdfbfdfa00fa01f8fff8fdf8faf9f8f8f7f7f9fafafdfafef9fef9fcfafcfafdfafbfdf702
1158,109373529,-94,11,128,1,143,1,3aa00341fef6fdf4fff202f202f301f402f302f401f900fdfefcfdfbfefafef7fbf7faf8f9f9f9f8fbf8fbf9fcfbfdfbfdfcfefcfefcffff00000000000000000000000000000000000000ff03fd02fd02fc02fb06fe06fe03fc02fb04fc04fc02f901f703f806f906f906f909f90afa07fb06fb06fa08fb06fa00f9fcf8fbf7
1159,109373961,-91,11,128,1,143,1,5ee005410c060c0709060704080709080706040704070605070206ff04fd02fa04fa08fc08fe05fe05fd07fd08fd08fd06ff04ff05fc01ff000000000000000000000000000000000000fe01fb05fb02fafff9fffb03fe040002fe02fe04fe05000601060209010bff0afc0bfd0aff09fd09fb06fc05fd07fe08010704050703
1160,109389466,-93,11,128,1,143,1,0ee000410cf80df70cf90afa0afb0bfd07ff0501050105ff01fdfefefffe00fd01fd02fafff8fdfafefa00f802f702f803fa04fb05fe010000000000000000000000000000000000000000000103fe05ff060305030202010103000201fd04fc06ff070209030b040a0509040704070407030504050506050604060207fd07fd
1161,109430224,-94,11,128,1,143,1,0ee0004103f704f501f601f805f905f904fa04fc06fd06fc05fa04fc04fe01fc00fa00f801f602f803f904f806fa06fb04fd04ff0601010000000000000000000000000000000000000001ff05fe03fc03fb01fb00fe00ff03fd02fafefafefa00f901f702f702f803f803f704f805f805fa06fe06fe07fc05fb01fa00f9fff8
1162,109455112,-91,11,128,1,143,1,4ff11400f9f2f8f0f9eefbf1f9f2f9f2fcf3fcf6fdf7fdfafcfdfbfdf9fef801f703f900fafef8fef9fdf9fdf8fdf7fbf7faf9fafdfbfffe00000000000000000000000000000000000002ff08fe07fe07fd06fd04fe04ff05fe05fe04fe03fd00fa00f702f505f406f303f502f804f906f707f605f804fa03fa00f8fef7fdf8
1163,109544854,-93,11,128,1,143,1,31100341ff10fc0dfb0cfd0dfd0bfc08fd06ff0401060106020202ff04ff0700080007ff07ff0801090009fc07fd04fe04fe05ff0400010000000000000000000000000000000000000001ff05fd03fc03fc05ff06ff06fc05fd02fdfcfcf9fbf8fbf7fdf700f402f0fef6fbfaf9f7f9f6fdf5fef7fefbfdfbfffc0400070208
1164,109562316,-96,11,128,1,143,1,2000024102f203f204f106f207f504f403f502f901fa01fa02fb01fcfefbfbfafbfbfcfcfcfafdf9fdf9fdfafefbfefbfefa00fb01fd00ff0000000000000000000000000000000000000100060307030602060105020202010103ff04fd04fd03fb02f903fa07f907f907fa0afa0afd090009ff06fb01fbfeff01ff03fd02fc
1165,109853641,-91,11,128,1,143,1,76600741f8f7f5f6f4f6f5f7f7f7f8f6f9f8f9fafaf7fdf5fff8fdfbf8fef6fff700f600f501f602f702f700f7fef7fdf8fefbfefc00ff00000000000000000000000000000000000000fffd01f804fb04fc03fc01fdfffc00fa01fb01fa01f8fef8fdf900f802f702f901f601f302f502f502f702fb03fc00fbfcfcfbfef900
1166,109892547,-40,11,128,1,143,1,1ee00100121d141d161b161916151311100d0c0a07070005fa04f404ee05ea07e609e30be20de30fe50fe80feb0fef0df30bf708fa05fe01000000000000000000000000000000000000fbfcedf3eef3f0f3f3f3f7f4fbf400f405f30af20ff113f017ef19ed1aec1aeb18eb16ec14ed11f00ef40cf80afe0904080a0a100c14
1167,110171472,-92,11,128,1,143,1,4ff11441f706f309f30bf40cf40cf50bf70bf909f708f606f904fd05010601040205040706070407030804080209ff09fd07fc05fa03fe00000000000000000000000000000000000000fffdfcf7fdf8fffa01fa01fb00fcfffb01fb01fbfefafbfcf7fdf2fcf2fbf4f7f4f7f2f9f4faf7fafbfafcfafbf9fbfcfd02fe03fa03
1168,110252580,-40,11,128,1,143,1,1ee001001b0a1d0b1d0b1c0b1b0b1809150711050c0207ff02fbfdf8f9f5f5f1f2eef0ebefe9efe7f0e7f1e8f2e9f4ecf6eff8f2f9f5fefd00000000000000000000000000000000000003fd0cf50cf60bf809fa06fc02fefe00fa01f602f102ec03e802e602e401e401e400e600e8ffebffef00f400f901000205030b041005
1169,110326336,-92,11,128,1,143,1,0ee000410806050a040c030b010a020a03070304030403060005fffffffc01fd02ff04ff06ff06fe06fe07ff07fe05fe0300030003fe00ff000000000000000000000000000000000000fffefdf8fdf7fcf7fcf8fafbfafdfdfeffffff00fd02fa05f903f801f703f703f702f701f801f701f602f905fa04fa00fc01ff050008
1170,110328265,-92,11,128,1,143,1,6eeff641fb07fa060003fd02f802f8fefafd000105040403ff03fe0400030001fe00fefffffefefbfcfbfefa00fcfe03fe07fe05fd04ff01000000000000000000000000000000000000fe00fb03fc01fd0100020102000001fe03fd0000fa01fafffafef7fdf9fdfcfffd00ff00fefefc01fe060009fe08ff0202fd00fdfe00
1171,110568494,-92,11,128,1,143,1,5bb00541f6f5f8f3faf1fdf100f2fef2fcf4fcf7fefafffafdfdfcfefdfcfdfcfafcf9fafafbf9fdf8fdf8f9f9f9fbfafcfafdfbfeffff0000000000000000000000000000000000000002ff05fc03fd05fe05fe05fe08fd07fb02f9fff9fefcfcfcfbf8fef402f503f302ef03ef01f1fef200f404f405f505f503f6fdf8f9f9
1172,110581070,-92,11,128,1,143,1,4ff1140006f107f209f10bf00af108f307f505f905fd04fd01fafff7fbf7f7f9f6faf6f9f7f8f6faf6faf9f8fbf8fbfafcfbfef9fff8fffd000000000000000000000000000000000000000102060006fe05ff04000500040002ffff01000602080309020b000d000c010a0108010702060406060706060206fe06fe05fd04fa
1173,110620062,-94,11,128,1,143,1,0ee000410c010e040f040d030c000dff0c020a0207ff05ff060007fd05fa04fb02fbfff9fff600f7fff8fff601f701fa00fcfffdfefbfffe000000000000000000000000000000000000fdfff6fef7fef9fefcfffdfefdfdfefdfefefe00ff020004fe06fa08fb09fe09fe08fd07fe08fd08fb07fa03fb02fe04020304ff04fe
1174,110650297,-92,11,128,1,143,1,5ee0054106010702060307030a010901060104fd04fb05fc04fd00fffd01fc01fb00f9fff7fef6fdf7fef8fefafefbfffa01fa02fb00ff0000000000000000000000000000000000000001fe05fb03fd02fe02fd00fd00fdfffdfefefcfffbfffbfffbfff9fff7fff7fff8fff602f302f400f801f901fc02fe05fe0501030304
1175,110686973,-94,11,128,1,143,1,5332254108fd060005fe05fafffaf7faf8fbfefb01fd01fffffcfffa00fe0002ff040103030101fdfffbfffd01ff030001ffff01ff03ff010000000000000000000000000000000000000000020003fe03000101ff02fd02fd00ff00fffe00000203040104ff030000fefafcfbfcfefefefffd03fb06fd0500040002fb03fa04
1176,110703936,-92,11,128,1,143,1,20000241010aff0afe09fd0afd0bff0c030d040a02070207030604040501050005ff06ff07ff09fe0afc09fe060004010301010001fe00ff000000000000000000000000000000000000fffefffafff900fb01fc03fd03fe02fe00fefefffbfffafefcfefc01f902f601f500f5fef8fef9fff9fef8fcf9fefb02fd05ff060208
1177,110740103,-94,11,128,1,143,1,0ee00041f4fcf2faf3fbf7fef5fef2fbf4fdf800fa03fa03fc02fd00fe020005020602050105000501050106020603040203020302040001000000000000000000000000000000000000ff01ff0500040202010300030102020003ff04fe05fd07fc07fa06f904f905f807f708f908fb08fa08f908fa04fdfffdfafdf8faf9f7
1178,110758209,-93,11,128,1,143,1,20000241f403f105f104f3fef6fcf6fef6fff8fef8fffb01fe01fdfffcfffe01ff02fd04fb07fb06fb04fb03fa02f901f8fff9fffb00ff00000000000000000000000000000000000000fdfef7fdfa00fc00fdfefefefffdfffcfcfcfbfffb00fa00f902f801f501f600f7fcf5faf3fbf6fbf6fbf7fcf9fcfbfdfd00fe02fa02
1179,110766117,-94,11,128,1,143,1,20000241f4faf5faf9f8fbf6faf7faf8f9fafcfdfdfcfafdfbfffefffffffc01fa02fa02fb01f802f701f9fffafef9fef9fefc00fe00ff0000000000000000000000000000000000000000ff02fc02fc04fb06fc06fe05fe01fefefffffc00fb00fa00f501f303f605f705f303f101f400f702fa04f901f9fdfbfbfef9fef8f8
1180,110768705,-92,11,128,1,143,1,0ee0004102080209000cfd10ff0e020b03080207000600050204020002fd03fc04fe04ff04fc06fd0c000fff0aff060004ff03fe02000000000000000000000000000000000000000000fffdfef5fff500f8fffb00fd00fdfdfdfbfbfdfafcfdfa00f901f800f800f801f801f801f600f600f8fffafff900fa00fe00ff02fc05
1181,110768860,-91,11,128,1,143,1,20000241f400f2fcf0fbf2fbf5f9f8faf8fdfafaf8f9f5faf7fcf9fff903fa07fc08f906f505f605f803f903fa03fa03fb05fd04fe04ff0100000000000000000000000000000000000001ff07fe060004000100010102fe03fb05fd04fe03fd03fc02fb01f902f902f602f502f501f301f302f601f902fa02f900fafdfdfbfc
1182,111093093,-90,11,128,1,143,1,4ff1140002110310fe0efa0bfb0afc08fc04fb04fc07fc07fd03fe020004020505060608040a040904070308020a01080006ff05fe02ff00000000000000000000000000000000000000fffffcfdfafdf7fef9fffcfefefefefffd01fc02fe03fe05f906f406f206f405f604f403f103f204f303f500f600f702f704fa060108
1183,111176531,-92,11,128,1,143,1,20000241f3fbf1faf0fcf1fbf3fbf4fdf7fdfbfcfcfffb01fa02fd03ff06fe06fe040204030601060006ff06ff06fe050004010301030000000000000000000000000000000000000000000003020403040303030303020101ff02fe01fd00fc01fd02fc00fb01fb04f907f708f809f80bf809f906fa03fa02fb03fa01f8fef7
1184,111280864,-93,11,128,1,143,1,20000241f705f405f205f406f604f904fa04fa03fb04fd05fc03fb03ff05020303010503050703070206030504030402030202020203000100000000000000000000000000000000000002ff07fe0400020003ff0501050000fb00f801f900fafffcfcfcfaf9fdf7fff801f702f301f401f700f8fef7faf6fbf8fcf9fdfbfd00
1185,111712634,-94,11,128,1,143,1,31100341f805f503f203f304f703f902fa00fafef8fdf9fffc01fe03ff03fe05fa05f905fb04fb04fb04f902f901f901fb00fcfefbfdfeff000000000000000000000000000000000000fe00fa02fc02fe020000fefefcfdfdfdfc01fc04fe05fe06ff06fe04fb01f902f902f9fffcfffe01fc00f901fb02fe00fefffc00fb01
1186,111942533,-91,11,128,1,143,1,2aa00241fff0feeefdf0fff201f1fff1fff101f201f7fef9fdf9fdfcfefefcfcfafbf8faf8f9f8f7f6f7f7f8f9f8fafafafbfbfbfdfafffe00000000000000000000000000000000000001ff05ff03fe03fd03fd03ff0301050105ff03fbfff9fdfafffa01f803f704f607f50bf30af608fd08ff08fe03fcfdfcfdfcfffafef9
1187,112526725,-90,11,128,1,143,1,4ff11400f9f2faf0faeff9f1faf4fdf6fef6fdf6fdfafdfdfdfffd01fb02fa02fa04fa05f905f804f702f901f802f703f802fa01fc01ff000000000000000000000000000000000000000002020802070406030401030104030303ff01ff01fe06fc09fd0afd0cfb0bfb0afc0afb08fc09ff0b01090106fe04f901f9fef8fef4
1188,112731529,-92,11,128,1,143,1,4ff1140007120711070e070e070e060b050b020c020902050403050103fc03f803f702f706f909fa09fb06fc05fb05fb05fc05fe06ff01ff000000000000000000000000000000000000fffdfef7fff700f700f800fa00fcfffdfcfdfbfdfafff8fff800f803f403f1fff1fbf2fcf300f501f700f701f905fb06ff0403060509
1189,112944014,-94,11,128,1,143,1,0ee00041fdf6fdf5fcf7fbf6fbf5f8f6f8f7f9f9f9f9fcfafdfefb01fa01fb02fd03fb04f704f905fc05fc04fc03fe03fe02fe020003000000000000000000000000000000000000000000010106fe07fd05fb04fc03ff040105030104ff05010501050008010b02090508060b040f020f000dff09010200fffcfffcfcfdfbfd
1190,113345968,-92,11,128,1,143,1,4ff1140001f001ef03f005f203f202f403f603f604f802f9fff8fef8fdfafcfcfafafaf9fbf9fcfbfcfafcf7faf5faf7fcf9fefbfefdffff000000000000000000000000000000000000010104050407040702050104010400020101020003000600080009ff0a000b010c030b030a0209030805080305ff0400050003fa02f4
1191,113448354,-92,11,128,1,143,1,4ff11400f80cf40df40bf309f309f608f907fa07fc07ff05ff03ff040206060506040506050705080309040905080306030504030303000000000000000000000000000000000000000000fd02f704f904fb04fd03fe02fefffcfdfbfcfbfcfbfcfdfbfef8fef9fcfafaf8f9f8f7f8f7f6f9f7fbfcfcfdfefb00f800f801fa06
1192,113857958,-92,11,128,1,143,1,4ff114000e031002120111020f050c060805070107fe07ff06fd02fc01fb01f802f702f703f503f602f702f502f600fafffc00fd01ff0000000000000000000000000000000000000000fdfff6fef8fdfbfdfcfdfdfdfcfffbfffcfffd00fc00fd02fc07f70af40af307f406f608f909fa08fa07fc05fe050007020703060606
1193,113968953,-93,11,128,1,143,1,0ee000410afd0afd09fd09fe0700070207010600050004010301000000fe01fc02fa01f901f904fa05fb05fc04fc04fb04fb03fd03ff00ff000000000000000000000000000000000000ff00fe05fc06fd05fc04fc03fc02fe04fe02ff01020303040203020405070509030a030c030d050b0707050403020301040005ff08ff
1194,114472398,-92,11,128,1,143,1,4ff11400f3fff101ef02f100f300f300f200f4fff8fffc02fd03fd03fe03ff04000701070006ff07ff08fd08fe08ff070004ff02fd02ff0000000000000000000000000000000000000001ff05fe04ff04ff04fd04fd03fc02fb01fb00fafef9fdf7fdf7fef5fcf4faf5fcf4fff3fef4fdf500f702f702f8fdfcf9fdf9fffcfe
1195,114481541,-93,11,128,1,143,1,20000241f7f4f8f6f9f9f9faf9faf8fbf7fcfafcfcfffc02fb01fc02fe03fe04000503070507040705070306030304030303040205010100000000000000000000000000000000000000fd00f902fa01f9fef9fcfcfdfefffd00fd04ff07ff0501020401050108030a030a020b020d040b0607060404010001fd03fc01fbfdfb
1196,114481845,-94,11,128,1,143,1,200002410804070509050b060a0806080307030503030201040006fe02fcfffc00fc05fb07f906f905fa04fa05f904f902fa03fc05fd01ff00000000000000000000000000000000000000ffff00fc00fbfefefd00fdfffe0000ff01fc01feff0001fd06fa08f908fb05fc02fa01f604f507f907fc05ff040203020402050307
1197,114574775,-93,11,128,1,143,1,4ff11400f308f304f302f202f202f203f402f801fb03fc04fd04ff020000fe02000403050207ff09fe08fe07fd06fd06fd06fe05ff04000000000000000000000000000000000000000000fe04fa04fb04fa03fb03fb02fbfffbfefbfdfafafaf8fbf8fcf7fbf9fafcf8fcf7faf6fbf4fdf5fef7fef8fdfafbfffc01fcfef8fe
1198,114626623,-92,11,128,1,143,1,0ee0004101f601f2fff0fff100f4fdf6fef700f800f8fff9fffbfefbfcfefa02f803f804f904f903f903f901fafffd01fc03fa01fb00ff00000000000000000000000000000000000000ff01fc05fb03fc01fd01fe02fe02fd01fe01010103020503070307030603050405070409030606040804060106ff050104ff01f8fff3
1199,114626970,-93,11,128,1,143,1,0ee000410c050b07090708080609060803080405050104ff0300040004fe05fc05fc05fd05fd06fc06fd04fd04fc05fc03fe00fe00ff00ff000000000000000000000000000000000000fffefcf9f8fcf7fff8fffbfefdfcfcfefc01ff0303030204fe06fd07fc08fb09fb08fb09fd0bff0aff08fc08fc08fd04000103000400
1200,114642356,-94,11,128,1,143,1,20000241fe04fb05fa0afb0cff0afe09fa0afb08fe0401030302030202ff04ff0901090107010601070206030604050204010202ff03ff0000000000000000000000000000000000000000ff03fc02fb01f901f900fdffff00fffefdfbfcf9fef8fff8fdfbfafbf9f8faf6fcf6faf6f7f6f7f9f9fcfefa00f9fffbfffd03ff06
1201,114779153,-96,11,128,1,143,1,0ee00041f6f8faf5fef301f201f3fff5fcf9fcfcfcfefd00ff00fdfcfbfaf8fcf7fff700f8fff7fff8fcfafafbfbfcfbfbfbfafbfafcfeff00000000000000000000000000000000000001ff07ff06ff05ff03fd03fc02fd02fe0200020002fe03fe04fe03fa01f801f802f802f704f704f703f701fa02fc04f702f6fefaf9fc
1202,115087499,-93,11,128,1,143,1,a8833a41fd0104040305fd02fc01fd02fc00fffd05fd060002020103040504030101ff03fe06ff0802070203ff01ffff02fc01fc00fc00ff00000000000000000000000000000000000001ff05fe03fb02fb00fdfdfdfdfdfefd01fd0001f905f708fe0bfe08fbfffffcfffdfa02f906ff0201ff010001030106020604060208
1203,115291617,-91,11,128,1,143,1,4ff11400f90efa0efd0afc08f909f707f904fb05fc05fd04ff03ff0300030304070507050507050805060306020702070206010500030000000000000000000000000000000000000000fffefcf8fdf9fdf9fefafefcfefbfefcfdfffcfefbfff800f701f701f6fff7fef8fff7fef4fcf4fcf7fcf6fdf5fef900fd02fc04fb05
1204,115350585,-94,11,128,1,143,1,344cc34104fa05fa07fc07fd06fb07fa07fc05ff02fd02fa04f903f901fb00fdfdfdfbfcfafcf9fcf9fdf8fdf8fefafffefffefffefeffff000000000000000000000000000000000000ff00fc03fd02fe02fd02fd02fd02fe03ff02fffffeff0001010203000401020402040203040103020105020603050001fefe00fcfefb
1205,115413115,-93,11,128,1,143,1,2000024102f205f306f304f404f406f605f803f701f600f8fffa00fb00fcfffcfdfcfafdf9fefafcfdf8fdf7fcf9fbfcfcfbfffb00fe00000000000000000000000000000000000000000100030103040305010301020202020102ff04fe04fd04fc04fb05f907fa09fb09fd09fd09fc0aff080105fe04fc04fb03fb02fa01f8
1206,115506128,-34,11,128,1,143,1,1ee00100140e171019111a121b121a10180e150c12090e06090204fffefcf9f9f4f6f0f3edf1ebefe9eee9eeeaeeebf0edf1f0f3f2f5fcfd0000000000000000000000000000000000000403100c0f0c0e0d0c0d0a0c070a04080105fd01f9fdf5f9f2f5eff1edefecedeaebeaebebececedeeeff0f1f4f5f8f9fdfd02010604
1207,115506504,-34,11,128,1,143,1,1ee00100140d171019101b111c111a0f190d160b12080e050a0204fffefcf9faf4f7eff4ecf2eaf0e8efe8efe9f0eaf1ecf3eff4f1f6fcfd0000000000000000000000000000000000000403100c0f0d0e0d0c0d0a0c070a04080105fd01f9fdf6f9f2f5eff2edefebedeaebeaebeaececededeff0f1f4f5f8f9fdfd01010504
1208,115507329,-35,11,128,1,143,1,1ee0010009e60ae20be00bde0add09df08e106e404e802ee00f4fefbfc02fb08f90ef713f617f51af41cf41df41bf51af617f714f812fe0400000000000000000000000000000000000001fa08ea08eb09ec09ee09f008f407f805fc0201ff06fc0cf811f515f418f21af01cf01cf11cf21af317f514f710fa0afd0300fd02f8
1209,115566381,-34,11,128,1,143,1,1ee00100f3eaf1e7f0e4efe3efe4efe5f0e8f1ebf2eff5f4f7f9fbfefe040209040d071208160918091a091a091908180815071206100103000000000000000000000000000000000000fcfcf2f0f3f0f4eff5f0f8f1faf4fdf6fffa02ff050407090a0e0b120c150d170d190d1a0d190c170b150912070d04080102fefdfcf9
1210,115599213,-92,11,128,1,143,1,4ff11441f6fbf5fdf8faf9f6f7f6f4f7f6f8fafafafcfbfefefffe00fd03fb05f904f903f904f806f805f702f601f801fb01fb02fc02ff0000000000000000000000000000000000000002ff09ff06ff04fd03fd01ffff00010002fe02fc01fd00fbfff700f501f603f603f505f407f506f508f807fd05fd03f900f9fbfdf701
1211,115618608,-34,11,128,1,143,1,1ee0010017fa1bf81df81ff71ff71ef71bf718f713f80ef809fa03fbfdfdf7fef1ffec00e800e5ffe3ffe3ffe4ffe5ffe8ffebffeefefbff00000000000000000000000000000000000004fc10f310f410f610f70ef90bfb08fe0400ff02fa04f505ef06eb07e808e608e408e308e408e607e807ec06f104f603fc01020007fe
1212,116025470,-34,11,128,1,143,1,1ee00100f0ecede9ece7ece6ebe6ece7eee9efecf1f0f3f4f6f9f9fefc04ff09010e02130317031a031b021c021b02190117011400120004000000000000000000000000000000000000fb00ec00ecfeecfdeefcf1fcf4fcf8fcfcfd01ff06010a040f07120a150c170e170f18101710150f130d100b0c080804040000fcfdf8
1213,116025878,-35,11,128,1,143,1,1ee00100101113141416151715181416121411120f0e0c0a0905060003fb00f6fef1fcedfbe9fbe6fbe4fce4fce4fce6fde8feebfeedfffb00000000000000000000000000000000000004ff13fd13fe120011010e010b0207020301fe00f9fef4fceff9ecf7e9f5e7f4e6f2e6f1e7f2e9f2ebf3eef5f2f8f7fbfb0000040307
1214,116026287,-35,11,128,1,143,1,1ee00100150c180e1a0f1b0f1c0f1a0e180d160b13080f050b0206fe01fafdf6f9f2f6eff4ecf3e9f2e7f3e7f3e7f4e8f5eaf7edf8effefc00000000000000000000000000000000000004fd12f812f912fa10fc0efd0bfe08ff0300fe00f900f3ffeeffeafde7fce5fbe3fae3fae4fae6fae8faecfbf1fdf6fefc0001030504
1215,116109941,-34,11,128,1,143,1,1ee001000018001c001e00200020001e011c011902150310030a040405fe06f908f309ef0beb0de90ee70ee70ee80eea0dec0bee0af002fc0000000000000000000000000000000000000402100b0f0c0d0c0b0c090b060904070103fefffbfaf9f5f8f0f6ecf6e9f5e7f5e5f5e4f6e5f7e7f8e9f9edfaf1fcf7fdfdfe02fe07
1216,116110334,-35,11,128,1,143,1,1ee00100eaf3e7f2e5f1e4f0e4f0e5f1e7f2e9f4ecf7f0faf4fdf901fd050209060d09110a140b160c180c180b180a170915081207100103000000000000000000000000000000000000fb02ee08ee07ee06ef04f103f401f800fcff01fe06fe0bff1100150118021a031b041b041b041904170413030e02090003fefefcfafa
1217,116114541,-35,11,128,1,143,1,1ee001001a011f0221022302230221021f011b0017ff12fe0cfd06fbfff9f9f7f3f5eff2ebf0e9eee8ece8ebe8eceaececeeeff0f1f2fcfc00000000000000000000000000000000000003fb0dee0def0ef10ef30cf60af807fb03feff01f904f406ee07ea08e609e309e109e109e208e407e606ea05ef04f603fc0203020802
1218,116301373,-93,11,128,1,143,1,d5522d41fdfffd01ff040003fffffffe00fe00fe00fe00ffff01fe00fdfffdfefefdfdfdfcfefdfefefdfffe00ff00010002010000ff00ff00000000000000000000000000000000000000ff00fcfbfaf8fefb00fcfff4fff1fefafe01fe0405040d0108ff00fffefffc00ff000302010100ff00fffe000004020bff09fd0000
1219,116315636,-92,11,128,1,143,1,4ff114000e010f010f020e0110fe0ffe0cff090007ff05fd03fcfffbfff900f8fef8fcf8fbf9f8f9f7f7fcf500f300f3fff8fffcfffeffff000000000000000000000000000000000000fe00fbfff9fef8fdfafdfb00fb02fc00feffff00fe01fd03fc08fd0afd0afc0dfa0dfa0afa09fa0bfd0bfd08fd05ff04030407030602
1220,116406966,-94,11,128,1,143,1,4ee224410102ff02fe01ff0000fefffbfffafffc01ff03ff04fc03fb01fffe02fe02ff02fe02fd02fd0100fe02fd02fd01fd01fe01010000000000000000000000000000000000000000fefefafbfffeff01fc01ff01fffefafafcfb02fd04fe01fd00fd04010602070005fe03fb02f9fbf8f7f9f9fcfaf4faed00f706020602
1221,116520456,-92,11,128,1,143,1,4ff114000907080c0b0e0a0d050b040806060605040401040004010104fe05ff06fe07fd08ff080108020803070306020502030303040101000000000000000000000000000000000000fe01fa05f804f903fd01fefffdfffe02ff0501070106ff05ff060009000ffd0ffb0dfd0cfc0bfd0801060005fe0801070703090008ff
1222,117037548,-92,11,128,1,143,1,20000241f4fcf0fef0fdf3fcf4fcf4fbf7fdf9fdfafefbfffa01fb02ff02010402050306040702070007ff06fe05fe04ff03000300040001000000000000000000000000000000000000010104070204010201020305030602050302030000ff00fb02f603f603f602f705f707f903fe02fe04fb06fc05fb01f9fdfbfcfefefe
1223,117749264,-91,11,128,1,143,1,4ff11400f7f4f6f3f5f3f6f5f9f5fcf2fcf1fcf6fafbfafcfbfafdfcff00fe04f905f602f501f504f703f801f7fff7fff900fc00fefeffff00000000000000000000000000000000000001000601080108fe05fd03fe04ff03fd02fc03fb03fb02f902f604f405f505f605f305f308f307f404f603f904fb02fa00fafefcfdfc
1224,117787271,-35,11,128,1,143,1,1ee001001409170b190c1a0c1a0c190c170b150912060e040a0106fe01fafdf7faf3f7f0f5edf4eaf3e9f3e8f4e9f5eaf6ebf8eef9effefc00000000000000000000000000000000000003fd0ff50ff60ff70ff90dfb0afd07fe03ffff01fa01f401f001ec00e900e7ffe5fee5fee6fde8fdeafeedfef1fff700fc0101030504
1225,117862515,-35,11,128,1,143,1,1ee0010019041d041f052005210620051d051a03160112000cfe07fc01f9fcf6f7f3f3f0f0edefeaeee8eee7efe7f0e8f2eaf4ecf5eefdfb00000000000000000000000000000000000002fb09ed0aed0bef0bf20af408f705fa02fefe01f904f406ef08eb09e80ae50ae30ae309e409e608e807ec06f105f704fd0403030803
1226,117862915,-35,11,128,1,143,1,1ee0010019ff1dff1fff21ff210020001e001bff16fe11fd0cfc06fb00f9faf7f5f4f1f2eeefebedeaebebeaebeaedeaefecf1eef3f0fcfc00000000000000000000000000000000000001fa05eb06ec07ed07ef07f206f604f901fdfe01fa05f508f10bed0cea0ee80ee60fe60ee60ee80cea0bed09f208f706fd0403030802
1227,117869552,-35,11,128,1,143,1,1ee00100e6fce2fbe0fbdefadefadff9e1fae3fbe7fdecfef100f703fd050209070c0b100e130f1610180f190e190d190b17091408120204000000000000000000000000000000000000fe05f913f813f711f70ff70df90afb06fe0301ff06fc0af90ff613f516f418f31af31bf31bf419f517f614f70ff809fa03fbfdfbf8fc
1228,117886001,-35,11,128,1,143,1,1ee00100150e19101b111c121c131b121911170e140b10070c0307ff03fafff5fcf1f9ecf8e8f7e5f8e3f8e2f8e3f9e4fae6fce9fcecfffb00000000000000000000000000000000000004fc11f311f411f610f80efa0bfc07fd03fffe00f801f200ed00e9ffe6fee3fde1fce1fce2fbe4fbe7fceafcf0fef5fffb0101040606
1229,117894769,-35,11,128,1,143,1,1ee00100fde6fce1fcdffcddfcddfcdffce1fce4fce8fbeefaf4fafaf900f806f60cf411f215f017ef19ee19ee18ee16ef13f111f20ffc03000000000000000000000000000000000000fbfeecf9ecf8eef7f0f6f3f7f6f8f9fafdfd01010505080a0b0e0d120e150f180f190f1a0e190d170c150a12080d0607040102fb01f6
1230,117898287,-35,11,128,1,143,1,1ee0010002e803e503e204e104e104e203e402e701eaffeffef4fcf9fafff704f408f10cef0fec10ea11ea10ea0feb0eec0dee0bf009fc02000000000000000000000000000000000000fbfeeff8eff7f1f6f3f6f5f7f8f8fbfafefd010104050609080e09120a140a170a1809190918081707140611050d0408030202fc02f8
1231,118192154,-33,11,256,1,143,1,3665534114f919f81cf71ef61ff61ef71df71af816f812f90cfa07fa01fbfbfbf5fbf0f9ecf8e9f6e7f4e7f3e7f3e8f2ebf3edf4eff4fcfd000000000000000000000000000000000000fffbffed01ed02ed02ee02f102f401f700fafefffc03f907f60bf30ef110ef12ed13ec14ec13ec12ee11f00ff30cf709fc060103050108fd1ef722f628f52df431f533f635f836fa36fc33fe2f00290322051b0714090c0a040afe0af909f507f205f002f0fff0fdf1fcf3fb0408040600000000ffffffffffff010003011508160b0bf60cf80dfa0dfd0d020b070a0c07110316ff19fb1df620f222ef23ec23ea22e921e91fea1bed18f015f410fa0b000706020aff
1232,118906094,-94,11,128,1,143,1,f2233f41fa01fdff01fe01fdfffc00fe0001fefffffd00fdfffdfffe010003010100ff00ff00fffffefefefffe00feff00ff01fe01fe00ff000000000000000000000000000000000000fffffeffffff0001000001fdfff3ffee01f701fdfcf3f7ebf9f4fdfe010101030002ff0000000000ff00000001000100fe00fa01fc01
1233,118961166,-94,11,128,1,143,1,8bb33841050003fefefffe01000300050006040509030b010c010507fe08ff06fe02fbfefb01fc03fcfefbfcfdfdfefffd00fd02ff06ff01000000000000000000000000000000000000ff00ff0101020003ff02ff0000fe01fe01000101000300040001fffffd00fe02ff01fe02fe02000002fc01fbfffdffff00fd00feff03
1234,119227905,-35,11,128,1,143,1,1ee00100ef0fec11ec13ec15ed16ee15f114f312f60ff80bfa07fc01fdfcfdf7fef3fdeefdebfde9fce8fce8fbe9fbebfbedfcf0fcf2fffc000000000000000000000000000000000000fdfbf5eff5eff5eff6eff7f0f9f2fbf4fef702fa06fd0a000e031205150618061a061b061a0519041703140210020b0206030004fc05
1235,119237672,-35,11,128,1,143,1,1ee00100edefeaede8ece6ece5ede6efe7f1e9f3edf6f1f8f6fafcfb02fb08fb0dfb12fa15fa18f919f818f817f715f712f810f90dfa03fe00000000000000000000000000000000000004fd12f413f413f412f411f60ff70cfa0afd06010306ff0bfc10fa14f917f91bf81df91efa1efc1dfd1bfd18fd13fd0dfc07fa02f8fd
1236,119243744,-35,11,128,1,143,1,1ee00100031a041d051f061f071f081c081908160711040c0207fe02fafef6faf2f7eef4ebf2e9f1e8f1e8f2e9f3ebf5edf7f0f8f2fafcfe000000000000000000000000000000000000fa00eb02eb01eb01ec00eefff1fef4fdf9fbfdf902f707f50cf210f012ee14ec15ea14ea13ea12eb10ed0df00bf408f905ff04050309
1237,119296166,-35,11,128,1,143,1,1ee00100edf0eaeee8ede6eee5efe6f1e7f3eaf5edf7f2f9f7fafcfb02fa08fa0cf911f814f716f617f517f415f413f410f50ef70cf802fe00000000000000000000000000000000000004fe13f814f813f813f811f90ffb0dfc0aff06030206ff0afb0ff913f816f719f71bf71cf91cfa1bfb19fc16fc12fc0cfb06f901f8fd
1238,119297425,-35,11,128,1,143,1,1ee00100e9f7e6f6e3f5e2f6e1f7e3f9e5fae7fcebfdf0fdf6fdfbfc01fa06f80af60ef311f112f013ef13ee11ef10f00df20bf409f602fd00000000000000000000000000000000000003fc0ff210f20ff20ff20ef40df60bf809fc06000405020a000fff14ff17ff1a001c011d021d031b041904160212000dfe07fa02f7ff
1239,119298222,-35,11,128,1,143,1,1ee00100ec0eea10e912e914e915eb15ee14f012f30ff60bf907fa01fcfcfcf6fcf1fcedfceafce7fbe6fbe6fae7fae9faecfbf0fcf2fffc000000000000000000000000000000000000fefbfbebfbebfbebfbebfcedfdeffef200f603fa06ff0a030e061109140b170c190d1a0d1b0b1a0a1809150711060b0505050006fc07
1240,119350178,-36,11,128,1,143,1,1ee0010017fe1afe1cfd1dfc1dfb1cfa19f915f911fa0dfb08fd04000004fc08f90cf60ff412f314f315f315f514f613f811f90efa0cfe02000000000000000000000000000000000000fe04fb13fb14fa13fa12fb11fb0efb0bfa07fa02f9fdf8f7f7f3f5eef4ebf2e9f1e8f0e7efe8efeaf0ecf2eff5f2f9f6fef903fb07fc
1241,119604265,-36,11,128,1,143,1,1ee001000d1210151117131714171416131312110f0e0b0b07080205fd02f700f2ffeefdeafce8fbe6fbe6fbe7fbe9fcebfceefcf1fcfcff000000000000000000000000000000000000fc03f10ef10ff10ef20ef30cf40af608f804fb00fefb01f603f104ec05e906e606e305e204e203e302e501e801ed01f302f803fe0402
1242,119604804,-36,11,128,1,143,1,1ee00100e9fae5f9e2f9e1fae0fbe1fce3fde6feeaffeffff4fefafd00fb05f90af70ef612f414f315f215f215f213f311f50ff60df803fe00000000000000000000000000000000000000fa02eb02ea02ea02eb02ed02f002f402f803fd04020408060d071109150b170c190e1a0e190f180e160d130a0f060b0207fe03fa00
1243,119609434,-36,11,128,1,143,1,1ee0010012f515f317f218f118f016ef14f012f10ef30bf608fa05fe0202ff07fe0bfc0ffa12f914f916f916f915fa14fa11fb0efb0cfe0300000000000000000000000000000000000002030b0f0b0f0b0f0a0e090d080b06090307ff03fb00f7fdf3fbeff8ecf7e9f7e7f6e6f7e6f7e7f9e8faebfbeffbf4fcf9fcfefc03fb
1244,119631306,-35,11,128,1,143,1,52200500e7eef1ebf8e1f8d9f6dff8e5fae6f8e9f9ecfceffdf604fc0eff10000e030d08110b130b160d170e150b130911090f070d06030100000000000000000000000000000000000004fe13fb13fb13fb12fb10fc0efe0bfe07000303fd07f70df20df005eb06e411e419ea1aec18ed19f216f713fc11fb0ff611f60cfcfa
1245,119654720,-36,11,128,1,143,1,52200500f415f219f21bf31df31ef51cf71af818fa13fb0efc09fc03fbfdfbf7faf2f9edf8eaf7e8f7e6f7e7f7e8f7eaf8ecf9effaf2fefc000000000000000000000000000000000000fbfdecf7ecf7ecf7edf7eff8f2f9f5faf9fafefb04fc0afc0ffc14fc17fb1afa1cf91df81df81bf719f715f811fa0cfd07000204ff07
1246,120104571,-94,11,128,1,143,1,16622141fcfefffeff010002010001fb03fa04fd0201fe01fdfefefcfd01fd04fe02000201020001fe02fe01fffefefefe01ff030102000000000000000000000000000000000000000000ff00ffffffff00fefffefefcfff7fff800fdfefffc01fe0200fffffefd00fc03fd03fe02fd01ff02030305fe06fa06fc02feff03fd
1247,120923768,-96,11,128,1,143,1,4ff11441080206fe03fd00fe00fc01f902f805f907fa06fb07fb0afa09fb06fd06fe05ff0402030101fe02fe02fd02fd02fd03fe03fd00ff00000000000000000000000000000000000001ff04fe03ff02fd01fb03fa05f907f909fb09fd07ff06020501050006000300010003ff04fd06fa08f907f909fb0efc0ffb0bf90af8
1248,121128576,-93,11,128,1,143,1,4ff1144102f602f901fb00fcfdfdf9fcf8fdf9fef9fbf8f9f7f8f8f9f9fafbfafbfdf9fff900fb00fbfffcfffc00fc01fc03fc05fb04fe0000000000000000000000000000000000000001ff03ff03010303020204ff0601080407050505050505070606060504050202030001fd00fd04fc09f60af408f406f606f807f708f8
1249,122123520,-26,11,128,1,143,1,b11ffb41f10201150014fc01fa01fb0cfe0df50ce906eefb09f811ff0306020807050bfe09fc07ff0301fa07fc0b02050101000100fbfffd000000000000000000000000000000000000fbfdf4fafe0001ff01fc02f904fd0104fe07020206f60afb0308f107ef0afe0d0efe0deb02e402e608e900f3f2fde9fbe5f8f4fe1006
1250,122357400,-92,11,128,1,143,1,4ff11441fff6fffafdfbfafaf7fcf5fff8fdfafaf9faf9fbfaf8faf5faf5fbf6fef600f900fdfefd00fd00feff00fffffdfdfbfcfbfbfefe000000000000000000000000000000000000ff00fe01ff01fc00fa01f902f800f8fdf7fbf8fdf9fdf9fcfafbfcf9fdf9fcfbfbfffe00fffefcfdfbfefbfbf9f8f7faf6f9f4f7f6f3
1251,122664606,-93,11,128,1,143,1,4ff11441ff08ff06ff030003030106ff08fe06fe07fd0afd0aff0800080007ff05fd05fc06fd05ff03ff01ff00fefffbfef9fdf9fdfafffe00000000000000000000000000000000000000000001fe02fc01fbfef9fdf8fef800f701f602f600f6fbf8fbfafefdfffffffd01fb06fd08ff0601050108fe0afa0af90bfe0a010b
1252,122869415,-96,11,128,1,143,1,4ff11441f9fcfd01fe01fc01fa03fc05fb05f904f905f907f707f604f602f602f801fb00fdfefffefdfffafffc01ff02ff02fe02fd04ff01000000000000000000000000000000000000fffffdfdfc00fc01fbfff7fef5fdf6fcf9fafbf9f9faf9fdfbfefdfdfcfdfbfefbfcfbfdfa01fa02fa00f9fef6fef500f501f401f200
1253,122910899,-36,11,128,1,143,1,1ee00100e905e505e306e208e209e309e609e909ed08f106f603fb00fffd04f907f50af20def0fed0fec0fec0eec0ded0cef0af108f302fd000000000000000000000000000000000000fdfbf6eef6edf6edf7edf8eff9f1fbf4fef701fa05ff09030c07100a130c150e170f190f190e180d170c140a10080b060505ff04fb03
1254,123254002,-92,11,128,1,143,1,2aa0024103fa02fc02fdfffdfcfcfafbf9fcf8fcf6fcf6f9f5f9f6faf7fbf8fbf8fdf9fefcfdfcfdfdfffc02fc03fb03fb03fc04fd04ff0100000000000000000000000000000000000001ff04fe02fe01fd02fd04fd05fe06fe08fe090009010802060104fe06fd06fe02fe01fc02fa00f9fff902f806f709f508f507f608f6
1255,124815072,-93,11,128,1,143,1,4ff11441020600050103030001ff00fe01fb01f800f702f805f804f702f701f601f701f800f9fefbfefafefcfd00fd02fd02fd02fd01ff00000000000000000000000000000000000000ff00ffff00fb01f900fa00fc01fb00f8fef7fef600f600f700f8fefafdfcfdfeff00fe02fe05fd08fc08fd08fe0bff0cff0bfd09f908
1256,124819436,-95,11,128,1,143,1,d8833d4100fd01ff0000fe01fd00feff02ff030001020002fffffffeff00ff02000200ff00fd00ffff01fe00fefefffeff01fe01fe00ff00000000000000000000000000000000000000ff00ffff0000fffffcfefcfdfffdfffeffffff02ff0100000200040002000201030000fffdfefdff00ff03fe09f90df404fafb00fe01
1257,124822602,-93,11,128,1,143,1,2aa99241000102020002000202020300fffffd00fe01ff00000001020102ff01fe0000000100010000ff00ff01ff00000000fffffcfffeff000000000000000000000000000000000000ff00ff02ff02ff0000fe01ff01000100fffefffcfffcfffd00000001010001fffffffe00fe01fd01fdff02ff0e0213020300f7fffc00
1258,124855105,-92,11,128,1,143,1,3dd0034102fc00fefffcfefefcfef9fbf6faf5fbf8f9fcf8fcf8fbf7fbf9fdfefdfefdfcfffa00f9fcfbfafdfc00fd04fc06fc04fd03ff000000000000000000000000000000000000000000020203010403050606060703060305050605050503040204020303040205010103fb04f706f707f904f903fa05fe08fe09fa08f8
1259,124925505,-92,11,128,1,143,1,eaa99e410104fe03fd00fcfefefd00ffff0300040101f500ea00f6ff02ff0b00120209010000fefffdfdfefd01ff01ff01fe00fe00fe00ff000000000000000000000000000000000000ff01fc03fd01fe02000301020002000200020100fffffbfefb00fd04ff050104010001fe02fc02fa01fe0104000102fd04000303fe00
1260,125224689,-94,11,128,1,143,1,4ff1140001fb00fdfffcfdfdfbfcfbfdfa00f702f701f8fff7fef7fff900f901f802f903fc02fd01fd01ff01fe03fe04ff050007ff05ff010000000000000000000000000000000000000100050103000400040204030703070505060505040304010401030302030101020002fc01f9fff9fdf9fff501f201f301f402f003ed
1261,125650852,-37,11,128,1,143,1,1ee0010012ef14ec15ea15e914e812e90feb0ced09f006f404fa02ff0104000aff0fff13ff17ff19ff1a00190118011602130210020d000300000000000000000000000000000000000003030d0e0c0e0b0e0a0e090d060b03090007fb05f702f300eefeebfce8fbe5fbe4fbe3fbe4fce6fde8fdecfef1fdf6fdfcfc01fa05f8
1262,125652227,-37,11,128,1,143,1,1ee00100f6e8f5e5f4e4f3e3f2e4f2e7f2eaf3edf4f1f7f5fbf900fd040009030e051207150817081808180717061505130410030d02030000000000000000000000000000000000000004fe12fa12fb12fb11fc0ffd0dff0a0007030305fe08fa0bf70ef411f213f115f017f017f117f316f414f611f80cf907fa01fbfcfbf7
1263,125716061,-37,11,128,1,143,1,52200500e9f9e5f8e3f8e2f9e1fae3fbe5fce8feecfff1fff6fffbff01fe07fc0cfb10f913f815f717f617f615f614f611f60ff70df803fe000000000000000000000000000000000000fffafeebfeeaffebffec00ee01f002f403f804fd06020707090c0b110c140e160f180f1810170f160e140c11090d05090106fc02f900
1264,125736793,-93,11,128,1,143,1,bee44b4100fefffd00ff020104020703090204fffdfdfbfefa01fbfffefcfffd00fd00fc01fd01ffff01fe01ff01fffffdfffc00fd00ffff000000000000000000000000000000000000ff00000001ff0000010003ff0201fd02fb02fdfe01f904f902fc00fcfffcfdfdfdfffe0000020107040804050003fcfefcfafbfef805
1265,125863232,-93,11,128,1,143,1,3ccbb34102fb01fdfffefdfffc00fefffe00fe02ff04ff02fefefcfcfbfbfcfbfefe0002ff04fd02fc01fc02fd02fe00fe00fdfffbfefeff000000000000000000000000000000000000ff00fffffffffe00fefffffefefeffff04ff06fe02fc00fd010002fe03fa04fcff00fcfffbfdf7fcf6fffa00fbfdfbfbfefcfefefc00
1266,125933704,-37,11,128,1,143,1,1ee00100e7fae3f9e0fadffbdefbdffce1fee4ffe900ee00f400faff00fd06fc0cfa11f814f617f518f418f417f416f413f510f60ef703fd000000000000000000000000000000000000fffafce9fde9fde9feeaffec00ef01f202f704fc060108070a0d0c110e1510171119131a13191317121510130c0f070b0207fd03f901
1267,126311431,-94,11,128,1,143,1,8eebb8410103fe02fe02ff020102ff00fefdfffb00fefe00fd00ff00feff00fd03fe03ff01ff01ff000000ff01ff03ff02ff020003010100000000000000000000000000000000000000ff00feff01fe0100fe02fe06030706030501fb01f1fcf8fc01ff08020f0308fe00fc01fb03fa02fb01ff01050105ff04fe04ffff01fd
1268,126417666,-90,11,128,1,143,1,044ee041fd03fdffff02fe02ff00000001020102fe00fdff0101030101ff00fe01fdfefefc01fe030003ff01fe00ff01ff02fe02ff0000ff0000000000000000000000000000000000000000ff01ff03ff03feffff000001020001010002ff00fefc00fc01ff0000000001010002ff02fe02fb02faff0103030e0011ff07fc01
1269,127175463,-93,11,128,1,143,1,0ee0004103f902fefefdfbfafbfafafdf8fdf8f8f7f6f5f8f5f7f8f7f9f9f9fafafafbfafdfcfcfefb00fc03fe03fe01fc01fb00fafffeff0000000000000000000000000000000000000100040104ff05fd07fb06fa06fe080007ff070008010801080006010202ff00fffe02ff02fffefcfef700f404f305f305f305f302f1
1270,127179681,-92,11,128,1,143,1,31100341fcfdfd01fb03fc04fe0501060307020a010d000dfe0cfd0cfe0d000b01070007ff050002000100ff02fe03fd03fd04fe05fd01ff00000000000000000000000000000000000001ff03fd01fc01fc02fb04fb03fc03fd04fa04f706f706f904fa04fb03fc00fffefdfcfafafdf800f6fff5fef2fdf1fbf2f8f4f8f7fb
1271,127205260,-31,11,128,1,143,1,1ee00100f9f4f9eef9e9f8e5f6e2f5e1f3e1f1e2f0e4f1e7f3ebf5eff8f3fdf602fa06fc0bff0f00130115021602170117011600150005000000000000000000000000000000000000000402120b130c150d160d160d150d140c110b0d0a08090208fc08f708f109ec0ae80ce50ee410e312e413e514e813ec11ef0ef20af407
1272,127208174,-31,11,128,1,143,1,1ee00100fe0dfb12f916f81af81ef91ffb20fc20fe1eff1c00180013ff0efd08fa03f8fef5faf3f7f0f4eef2edf1ecf1ecf2edf3eef3fbfd000000000000000000000000000000000000fdfbf5ecf4eaf4e8f3e8f3e8f3e9f4ebf6edf9f0fdf301f706fa0cfd11ff16001a011e0020ff21fe22fd21fc1efb1afb15fc11fd0dff
1273,127272721,-93,11,128,1,143,1,4ff11400030602050105030307fe0afa09fb07fb06f705f407f40af608f803f7fff8fffa00fb00fcfffdfd01fc02fb01fa03fa02fafffeff000000000000000000000000000000000000fffffffefffdfefc00fa01f700f500f6fdf8fcf8fdf7fef5fff5fef8fefcfe01fc00fdfeff020008010aff0bfc0efa11fa10fb0cfc0b
1274,127580259,-92,11,128,1,143,1,4ff1140004fe04fa05f805fa00fbf9f9f8f8f8f7f7f7f9f9f9f8f9f7fcf6fff5fef6fef9fffafffbfffefe00fd02fb02fa01fa04fa08fe02000000000000000000000000000000000000fe00fc03000202030206020703070408020a000800070109ff0afe07ff0603070607050503ff05f907fb07ff08fe09fc09fc0cfc0ffd
1275,127801569,-29,11,128,1,143,1,1ee0010002140218021b041e051f071f091e0a1c0b190a160813050f010dfd0bf90af409f109ed0aeb0aea0bea0bea0cec0bee0bef0afb0200000000000000000000000000000000000003fb0ceb0dea0de90ce90be90aea09ec09ef09f40af90bfd0e0211061409170a1b0b1e0b1f09200720051f041b02170212030f040c06
1276,127854529,-30,11,128,1,143,1,1ee001000bec0ee90fe70fe40fe20de10be208e206e405e705eb06ef07f30af70dfa10fc13fe15ff17ff18ff18ff18fe16fe14fe13fe04ff000000000000000000000000000000000000f900e700e601e501e602e703e903eb02ed00f0fdf4faf6f5f8f0f9ecf8e8f7e5f5e2f3e1f0e1efe2eee4ede6efe9f2edf6effaf1fdf1
1277,127905998,-31,11,128,1,143,1,1ee00100eafbe8fae6fae5fbe4fce4fee500e601e802eb02ee01f0fff2fdf3faf3f7f3f5f3f2f2f1f2f0f1f0f1f1f1f2f1f3f2f4f4f5fdfd000000000000000000000000000000000000fd04f713f814f814f915f914fa13fa11f90ff70df50af207ef06ec05ea05e706e508e50ae50ce60de80eea0eec0def0bf008f105f002
1278,128404248,-94,11,128,1,143,1,0ee00041fef8fefbfefbf9fbf4fef400f5fff7fff8fff6fff5fdf6faf7f9f8fbfafefbfdfbfcfbfefc00fd01fe01fd02fd03fc03fb03fe00000000000000000000000000000000000000ffff00ff02ff02ff02fd03fb05fd0600080007fe06fe07fe08000702060102fefffffe01fffdfff9fff500f2fff001f103f302f401f5
1279,128501573,-91,11,128,1,143,1,4ff11400f8fffcfffdfffb03fd0601060207000b000f000e000cff0cfe0dff0d000a00070004ff020001010101ff02ff050005ff06fd01ff000000000000000000000000000000000000fffffefdfefefffd00f900f700f700f604f705f704f404f204f602fafffafdf9fdf9fdfdfc00f801f302f301f3fdf1fceefeeefeeffb
1280,128588181,-91,11,128,1,143,1,3bbcc3410205000002000003f507f80607070805fefff8fff902ff030101ff00fc03fd0306000c05090504f9fff5fdfd06030a0305040001000000000000000000000000000000000000ff00ffff00ff0101ff02ff0000ff00ffff0000fd01fe00ff02ff04fe01fe00000202040203020001fdfefdfffffefff7fff300f9feff
1281,128603980,-91,11,128,1,143,1,4ff1140005f903fb02fe00fffcfcf7f9f5f7f2f7f2f9f4faf3f9f3f9f4faf7f9f8fafafbfafbfafcfcfefdfffe01ff03fe06fc06fb05fe0100000000000000000000000000000000000001ff05fe040104030502070208040806090809080605040503060306020301ff03fd05fb05f805f705f604f402f305f309f30bf30bf2
1282,128613661,-92,11,128,1,143,1,0ee0004103f703f603f700f9fcfbfcfefbfff8fef3fcf3fdf4fcf5f9f7faf7fff700f900fb01fa01fafffc01ff02ff03fe05fd05fd05ff010000000000000000000000000000000000000000010102ff03ff030002010204030905080405050605080405050304040104000102ff06fa06f506f307f306f605f706f407f504f9
1283,128613845,-93,11,128,1,143,1,20000241fb09fd09ff07020305020802090308030703090409060806060404010602070306020401020101ff02fd04fb06fb07fb07fb01fe000000000000000000000000000000000000fefffbfffd01fd02fb05fa06f806f905fb03fd03fb03f902fb03fb06fa04fb02ff0401040204020503070208010a010cff0efe0dff0a
1284,128706388,-91,11,128,1,143,1,4ff1140008080703040002ff02fc02f803f504f406f408f509f608f409f508f807f706f905fc05fd04fd00fdfefdfdfdfafefafdfbfafffe000000000000000000000000000000000000fe01fa04fc04ff04ff04fd05fb09fc0bfc0bf809f709f909fc07fb05f907fb07000603030302040408040a050c090d0c0c0f0a0b0906
1285,128706897,-90,11,128,1,143,1,49911400fc0401060107000304ff080009030c040d050c050d070d070e060b05070205ff06fe0500040003fd00fafef9fef9fef8fef6fffd00000000000000000000000000000000000000fe01fafffbfdfafdf8fdf7fdf7fdf7fff900f900f7fff7fff900fa00fbfefdfc01f904f706f806f708f308ef06f206f609f60bf50c
1286,128762334,-91,11,128,1,143,1,2aa00241010904060304040006fb05fb07fc09f90af50cf60ffa10fb0dfc0afe08fd07fc04fd03ff04fe02fc01fafff8fdf9fdf9fff900fe00000000000000000000000000000000000000000000fe02fd04fb04fb04fc05fb05f706f806f806f607f408f405f803fe050107000502060608080609050908080b080e08110811
1287,128762464,-90,11,128,1,143,1,16600141fcf9f8faf4fbf9fdfc01fb04f903f800f602f206f307f504f603f603f502f404f704fa04fd04020502040103000401050407010200000000000000000000000000000000000001ff05fd05fc02fb01fb02f904f807f608f709f809f708f908fa04fb01fdfffffe00fd00f9fcf4f7f1f5f3f4f5f2f4f2f5f2f8f2fbf2
1288,129032377,-90,11,128,1,143,1,49911441f6fff9fefbfffd0302060508060908090709060907080706070707070901090008030aff0cf907fafcfbf8fdf9fdfff708f402fd00000000000000000000000000000000000001ff04ff04ff05fe06fc07fc09fc0bfe0aff0aff0afe0cfd0cff07ff02fd01fc00fefefdfcfbfafaf7fbf3fcf1fdf0fceffcf1fbf4fc
1289,129056189,-91,11,128,1,143,1,3ffff341fffeff010001ff00fd01fd01fff801f60103fe0d020e0b080a06fe06f7fcf9f9fefafef7fdf9fffdfffe01fe050108fe07f801fd000000000000000000000000000000000000ff00ff030103ff03fe0400020001ffff00ff02000302030102ff00fffe00fd01fc00fcfdfbfefb00fe00ff01000101ff020002040305
1290,129122638,-92,11,128,1,143,1,3110034102f600f6fef9fdfdfcfef9fff4fff3fcf4fcf3fcf3fcf4fcf5fcf5fdf6fff800fafffe00ff01fe01fe02fe03fe04fe05fd07ff020000000000000000000000000000000000000000040006fe06fe04fe05fe08fe090009030804090209030605030601040202030104fb01f9fffa01f904f706f608f507f206f108f2
1291,129124701,-93,11,128,1,143,1,2bb00241fa00fa02fafffafefd030107010701050105000701090209010900080006ff06fd07fd05ff04ff03010202010401060008010200000000000000000000000000000000000000fffefffbfefcfefcfff9fef7fdf6fef300f301f601f701f802f601f700fa01fa00fbfdfdfafdf7fff501f402f202f401f600f5fff3fe
1292,129423194,-90,11,128,1,143,1,4ff114000005010301050105060009fd0afd0bfe0bfe0bff0d000e000a010902090108ff07fe07fd05fd03fe00fefffa00f801fb01fc00ff000000000000000000000000000000000000fffffeffff00fe03fb03f703f402f403f403f402f300f2fdf6fdfbfdfdfefd01fb02fb04fe060108030c050e050e030f021302140213
1293,129627981,-90,11,128,1,143,1,4ff114000afd07fc04fa00f7fff7fdf7fef6fdf4f9f2f9f2fbf3fdf400f4fff5fdf6fcf7fdf9fcfbfcfcfdfdfbfefa00fb00fafff7fcfdfe00000000000000000000000000000000000000ff00ff0000010103030606060804090309040904080508040901090006020204ff02ff02fe07fc09fa0bf80cf70cf80ff812f911fc
1294,129799609,-93,11,128,1,143,1,9aa99941010001010001ff00fffffcfff900fb0000fc03f8fff8f9fdf6fefcf803f603f800f9fdf9fdfb00fdfffefffefffdfbfcf9fefe00000000000000000000000000000000000000fffffdfdfeffff010002010001ff00fdfefcfdff000301030001000000010101ff00fefffeff00ff0002fe03fd01fd00fe01ff02fc03
1295,129952364,-40,11,128,1,143,1,1ee0010003e703e304e005df06df07e107e306e605ea03ee01f3fdf9fafdf601f204ed06e907e606e405e304e402e600e8feecfdeefcfbff000000000000000000000000000000000000fc02f009f108f207f406f605f905fc050006050709090c0b0f0d120f141014111512141313121211100f0e0c0c09090407fe06f905f5
1296,129953143,-40,11,128,1,143,1,1ee001000fec12e914e816e816e916ea15ed13ef10f10cf307f602f9fcfbf7fcf1fcedfbe9f9e7f7e6f5e6f3e8f2ebf1edf2f1f3f3f4fdfd000000000000000000000000000000000000fbffedffeffff0fef2fef5fff700fa03fd050008020c040f0613071607180719071b071b0619051705150412040e0509060308fd09f9
1297,129954495,-40,11,128,1,143,1,1ee00100e7f8e4f7e2f6e1f5e1f4e3f4e5f5e8f6ecf8f0fbf5fdf900fe040209040e061206160619051b041b021a01190016ff13fe10ff03000000000000000000000000000000000000000400110011ff0fff0d000a01070304050108fe0bfb0ef811f514f415f317f218f218f217f315f413f410f60bf706f800f9fbf9f7f9
1298,130003536,-40,11,128,1,143,1,1ee00100e5fae2f9e0f8e0f7e0f7e2f6e5f7e7f8ecfaf1fdf6fffb0200050509090d0c110d140d170d180c190a18091707150512040f0103000000000000000000000000000000000000fe04fb12fa11fa0ffa0dfc0bfd080006030206ff0afc0ef912f715f618f519f41bf51bf51af518f615f712f80df907fa01fbfbfbf6fb
1299,130058107,-45,11,128,1,143,1,1ee0010019fa1af919fa19f919f918f817f818f818f818f717f717f717f717f717f817f816f916f916f915fa14fb14fc13fc13fd13fe04ff00000000000000000000000000000000000004fe12fb13fc14fc14fc15fd16fd17fd18fd18fd18fe19ff19ff19ff19ff19ff19fe19fe19fd19fd19fc19fc19fb19fb19fc1afb1afb
1300,130071372,-39,11,128,1,143,1,1ee001000e1410171019101a101b0f1a0d180b150a11080d0708060205fc05f706f208ee0aeb0ce90ee80fe90feb0fed0ff00df30cf502fd00000000000000000000000000000000000001fb07ef07f007f106f305f503f700f9fdfbf9fdf5fef0feecffe8ffe6ffe5fee4fee4fee4fde6fde9feecfef100f601fb04ff070309
1301,130073860,-40,11,128,1,143,1,1ee00100f016ed19eb1aea1be91be919eb16ed14f011f40df90aff0704040a020f01150118021b041c061c071b081809150912091008030200000000000000000000000000000000000004001301120211020f020d020a0007fe04fb01f8fef4fbf0f9ebf8e8f7e5f7e3f7e2f7e1f8e2f9e4fae7faeafaf0faf6f9fcf802f606
1302,130074347,-40,11,128,1,143,1,1ee00100e7fee3fde2fce0fbe0fbe1fae4fae7fbebfceffef400f902fe050309060c09100a130a160a180819071805170315021201100003000000000000000000000000000000000000010406100510040f030e030b03080405050206fe08fa0af60df30ff011ee12ed14ec14ec13ed12ee11f00ef20af505f700f9fbfaf7fc
1303,130074846,-40,11,128,1,143,1,1ee001000eed11ea13e914e815e814ea13ec11ee0ef00af305f601f9fbfbf6fdf1ffedfeeafde7fce6fae6f9e7f8e9f7ecf7eff7f1f8fcfe000000000000000000000000000000000000fbffeefbeffbf0fbf2fbf4fcf6fef800fb03fd060009010d0312041505170519041b041b041a031803160313030f0309040406ff07fb
1304,130129480,-40,11,128,1,143,1,1ee00100fbe5fbe1fcdefdddfdddfedeffe0ffe4ffe8feedfdf3fbf9f8fff504f208ee0bea0de70de50ce30be409e507e705ea03ed01fb00000000000000000000000000000000000000fc03f30ef30ef30cf40bf709f908fc070006050509060e0713081609190a1a0b1b0c1b0d1a0d180c160b13090f060b0208fd04f801f4
1305,130513736,-93,11,128,1,143,1,15511141f8fdf8fffbfffefefcfffb00fdfffe01fe03ff02010002fe02fe01ff01ff01fd01fd000100020101010000fffffffdffff010000000000000000000000000000000000000000000002ff00fefffeffffff0004fa09f404fbff00fbfbf6f6fbfdfe02fe00fffdfdfcfefb02fc02ff0001ff02010302040008ff09fe05
1306,130771547,-37,11,128,1,143,1,1ee001000a110c150e180f1a0f1c0e1b0d1a0c180a150911070c0607040103fb03f603f105ed06ea08e809e709e80ae90aeb0aee09f002fc00000000000000000000000000000000000004fd10f511f511f611f710f80ef90bfa07fb03fbfefbf8fbf3f9eff8ebf8e8f6e6f5e5f4e4f4e5f4e7f4e9f5edf7f2faf6fefa01fd04
1307,130787238,-37,11,128,1,143,1,522005000d0f10121215141714181318121711150f120c0f090a0606040001fb00f5fff0ffecffe900e601e502e603e704e905ec05ee01fb00000000000000000000000000000000000004fd10f511f511f611f710f80ef90bfa07fb03fbfdfcf8fbf3fbeefaeaf9e7f8e5f7e3f7e3f7e4f7e5f7e8f8ecf9f1fbf6fefa01fe03
1308,130995313,-37,11,128,1,143,1,1ee0010003ed03e804e504e304e204e204e403e602e901ed00f2fff8fefefd03fc08fa0df810f713f614f515f414f413f511f50ff60dfd03000000000000000000000000000000000000fefbf8edf9ecf9ecfaecfbeefcf0fcf3fdf7fefbff00ff06ff0cff10ff14ff18fe1afe1cfe1cfe1bfe1aff17ff13ff0e0008000201fd
1309,131546462,-94,11,128,1,143,1,20000241040101ff00fd00fb00f9fdf8f8f6f7f4faf4fbf5faf6fbf7faf8f9fbf8fcf9fcfafefc00feffff00ff02fe04fc05fc04fc04ff01000000000000000000000000000000000000ff00fd00fa00f900fb01fb02f901f700f600f600f7fdfafbfcfdfc02fc04fe03ff02010103020502070309040b050a060a050a040b03
1310,131692639,-35,11,128,1,143,1,1ee0010014f919f81cf71ef61ff61ff61df71af716f711f80cfa06fc00fefafff400ef01ea02e701e501e400e500e600e800eb00edfffbff00000000000000000000000000000000000004fc11f212f212f312f411f50ff60df809fb04fdff00f902f404ef06ea07e608e409e209e20ae309e409e708eb06f105f703fd0102ff
1311,131746293,-35,11,128,1,143,1,1ee00100f414f218f01bef1def1eef1df11bf319f516f811fb0cfe07010205fc09f80df410f112ee14ed15ed15ed15ef13f011f20ff403fd000000000000000000000000000000000000000500160017fe17fe16fd14fd11fd0efd09fe0400fe02f804f206ed08e909e60be30ce20ce20be30be509e807ec05f102f7fffdfd02
1312,131800623,-34,11,128,1,143,1,1ee00100ebfbe7fae4fae1f9e0f9e1fae2fae5fbe9fcedfef2fff800fe0104020a040e0612071509170a180a170b160b140a11090f080302000000000000000000000000000000000000fb00eb01eb01ea00ebffedffeffff2fef6fffbff000006010b021003140418051a051c051c051b051a05170413030e0208010200feff
1313,132218038,-94,11,128,1,143,1,c77eec410704110412040502fdfdfd00fd02fe02ff04fc01fefc01fd0300030102fffefefefefffdfefefe0001010000fffffeff00fe00ff000000000000000000000000000000000000ff00ff0001fe02fe00fefffefefe00ff030004fe01fdfffffefffdff0001030101fffefcfdfbfcfe000104ff03fe02030103f9ffeefc
1314,132218777,-94,11,128,1,143,1,9dd8894104f802f9fffcfffffffefffd00ff01ff01fefe00fd01ff01ff0000ff010001000100ff00fd00fe02ff02ff01fffffffffe01ff00000000000000000000000000000000000000ff00fd03ff0402030101fe01fd00fd00fe01000003fd02fbff00fd04ff02ff00fefffefdfefc00ff0004ff0506010ffe0802fd03f901
1315,133813830,-92,11,128,1,143,1,566335410002fe02fd02fd03000202ff0100000001fe00fdfefefe01ff0101ff02ff00fefe00ff02000201010000ff01ff0000ff02010000000000000000000000000000000000000000ffff00fe01ff000000ff03fb04fb03ffff01fefffffefefefbfefbfffcfffcfdfcfcfdfdfffd0100ff0100ff0106010f030b0303fe01
1316,133814509,-95,11,128,1,143,1,b9999b41fcfffb00fc0300020100fe01fe01ffff00ff010002ff00fffe00ff0000000000010000fffefffeff00fe00fd00fd00fe00ff00ff000000000000000000000000000000000000ffffff000103010200ff01ff00fffefffcfffeff00fefefefefd00fcfdfcfafcfafcfdff01ff03fb03fc01ffff09fc11fa0bfd060302
1317,133826519,-92,11,128,1,143,1,4ff11400f7fcf9fefbfefbfffd02fc05f906f808f50bf40df60bf609f609f708f706f906fb06fd03ff000001ff030005020603050203000000000000000000000000000000000000000000ff00fe00fc02fc02fb01fa02f703f604f707f807fa06f805f604f902fcfffcfcfbfbfafbfbfafbf6fcf4fbf5f8f4f7f2f6f3f3f5f2
1318,134706373,-94,11,128,1,143,1,5dd55541fe01ffff01fc00fefdfdfdfafbfcf903fc04fffd04fd09030900fef9f4f7fafaff02fd06fb02fefefffdff0001020002fb04fe0100000000000000000000000000000000000000ff02feff00fd00ff000000ffff00ff01010101fffe00fd04fc04fc02ff020004ff05fc05fc05fe04fe04fc00f7fdf7fdfefe03fe03
1319,135362551,-91,11,128,1,143,1,4ff11400fd0afe06000503040502060109fe0cfe0dff0eff0eff0eff0dff09fe07ff06ff04ff01ff00ff01fd00fb00f9fff8fdf8fff9fffe000000000000000000000000000000000000ff00fefffbfcfbfbfdfdfefcfcfbfaf8fbf7fcf7fcf8faf6faf6fdfafffdfefefc00fe03ff07fe08fa09f70af70bf70df60ff50ef70c
1320,135882940,-93,11,128,1,143,1,4ff1140007f404f7fffbfefdfefefbfcf8fbf7faf6f8f6f7f6f9f5f8f6f7f7f9f7fafaf9fdfafffd01ff0000fc03fb04fa04f802f701fd00000000000000000000000000000000000000000004ff06ff07fe0afd0bfd0bfd08fc06fd09010b020c020b010900060003fefffefffc02f802f701f602f503f402f205ef07ed06ee
1321,135923824,-34,11,128,1,143,1,1ee0010008ef0aeb0ce80de60ee40ee50de60ce70ae908ec05f102f5fffafcfff803f507f20aef0ced0eec0eeb0eeb0dec0cee0bef0afb02000000000000000000000000000000000000fefbfbedfbecfcebfeebffecffee00f101f501f900ffff04fe0afc0ffb13fa16f819f81bf71bf71bf81af817f913fb0ffd0a00050200
1322,135986754,-34,11,128,1,143,1,1ee00100f60ef313f216f018ef19ef19f019f118f315f612f80ffc0aff06020106fd0afa0ef711f513f414f315f315f414f513f612f704fd0000000000000000000000000000000000000104051204130314021401130011000eff0bff06ff0100fb01f603f104ed06e907e608e408e408e508e607e806eb04f002f500fafefd
1323,135987262,-34,11,128,1,143,1,1ee0010009f10cec0de90fe70fe50fe50ee60de70be909ec06f003f500f9fcfef902f506f108ef0aec0ceb0cea0cea0beb0aec09ee08fb02000000000000000000000000000000000000fefbfbedfbecfcebfeebfeecffee00f100f400f900feff04fd09fc0efb12f916f818f71af71bf71af719f818f914fb0ffd0a00050101
1324,136039066,-34,11,128,1,143,1,1ee00100f3f2f0efededebebeaeaeaeaebebececedeff0f2f3f6f7fafafefe020107040b060f081209150916091708160715061305120104000000000000000000000000000000000000fbffedfcecfbecfaecf9edf9f0f9f2f9f6fafafcfffe030108040c080f0a120d140f1610161116111510140f110c0d090806040201ff
1325,136079364,-91,11,128,1,143,1,4ff11400020a07080704070009ff0bfe0aff0aff0cfd0efd0dff0d000b010802090108ff0600030002ff02fe01fd01fa01fa01fc02fb00fe0000000000000000000000000000000000000001ff04fe03fc04fa04f905f806f706f604f603f702f902f803f702f802fa03fd050207060608070a0a090a050d030f051103130210
1326,136181775,-92,11,128,1,143,1,4ff11400f300f503f904fd04ff04ff05fe08010b030f000efd0dfb0efb0cfc09fd07fb06fb06fc05fd040103040104000302030402040001000000000000000000000000000000000000fefffafdfbfdfafdf9fffafff9fdfafcfafdf8fcf6f9f7fafafafafbfafdfa00f801f804fc06fc06f907f608f407f404f304f006ee06
1327,136198829,-34,11,128,1,143,1,1ee00100f60ff313f116f018ef19ef19f018f117f315f512f80efb0aff05030107fd0af90ef711f513f315f315f315f414f513f611f704fe00000000000000000000000000000000000000040313021401140014ff13ff11fe0efe0bfe06ff0101fb02f604f105ed06e908e709e509e409e509e608e807ec05f002f500fafefe
1328,136199376,-34,11,128,1,143,1,1ee001000bef0eea10e711e412e312e311e310e50ee70bea08ef04f400f9fcfef802f306ef09ec0ce90de80ee70de70ce80bea0aeb08fb02000000000000000000000000000000000000fefafbeafce9fde8fee8ffea00ec01ef01f301f900fffe05fd0bfb10f914f718f61bf51df41ef41ef51cf61af716f911fc0bff050101
1329,136504703,-92,11,128,1,143,1,1cccc1410102fffffd00fd0100020203050309010200f802f5fcfbf1fdf1fafefc0801070402040302030100ffff0001040303060108000200000000000000000000000000000000000000000001ff00fffffffd00fb00fc02fe03fe00fefffd00fe01fe01fe01ffffff00ff01ff0101030006fc05fd02fffffefc01fc01fdfe
1330,137558559,-33,11,128,1,143,1,1ee00100fd11fc16fc1afc1dfc1efc1efc1dfc1cfd19fe15ff11000b0206040106fb09f70bf30df010ee11ed12ee12ef11f010f210f303fd0000000000000000000000000000000000000402100a100b100c0f0d0e0d0c0c0a0a070804040100fefbfcf6faf1f9edf8e9f7e6f7e4f7e3f7e4f8e5f8e7f9eafbeffbf5fcfafdfe
1331,137615436,-34,11,128,1,143,1,1ee0010011fb16f919f81cf71df71df71cf71af718f714f80ff90afa04fbfefbf9fbf3fbeffaecf9e9f8e8f7e8f6e8f5eaf5ecf6eef6fbfd00000000000000000000000000000000000000fb02ec03ec05eb06ec06ed06ef06f204f602fa00fefc03f807f40af10dee0feb11ea12e912e911ea11ec10ef0df30af807fc050002
1332,137667136,-33,11,128,1,143,1,1ee00100effaeaf8e6f7e3f6e1f6e1f6e2f6e4f7e6f9eafaeefcf3fef900ff03040509080c0b0f0d110f12101211121110100e0f0d0e0303000000000000000000000000000000000000fb02ed07ec07eb06eb05eb04ed03f002f301f800fe00030009000e00130117021a021c031d031d031c031a03160211010c0006ff02fe
1333,137673498,-33,11,128,1,143,1,1ee00100ed07e809e40ce10de00edf0de00de20de50ce90aee09f407fb05010407030d031203160319041b051b061b071907170715070501000000000000000000000000000000000000ff05fd16fc16fb17fa16f915f913fa10fb0cfc07ff0203fc07f70bf30eef11ec14ea16e817e817e916ea15eb12ee0df208f603f9fffc
1334,137676076,-34,11,128,1,143,1,1ee0010011fd15fb19fa1cfa1efa1efa1dfa1cfa19fa15fa10fb0bfb05fbfffcfafbf5fbf0f9edf8eaf7e9f6e9f5e9f5eaf5ecf5eef6fbfd00000000000000000000000000000000000001fb06ed07ed09ec09ed0aee09f008f306f603fa00fefc02f705f308ef0aec0ce90ee70ee70fe70ee70ee90dec0bf108f606fb04ff03
1335,137735481,-34,11,128,1,143,1,1ee00100f50ef212f015ef17ee19ee19ef18f017f215f512f80efb0aff06030107fd0bfa0ff712f614f416f416f416f515f613f712f804fe000000000000000000000000000000000000010403130314021401140013ff12fe0ffe0bfe07ff0101fc02f604f105ed07ea08e70ae50ae40ae50ae609e708eb05f003f500f9fefd
1336,137736675,-34,11,128,1,143,1,1ee00100ed02e903e503e204e104e104e204e404e704eb04ef04f503fb03000306040b040f05130715081708170916091509130911080402000000000000000000000000000000000000fd04f510f410f210f20ff20ef30cf40af707fa04fe0103fe08fb0df911f714f517f419f41af41af419f517f614f70ff90afb04fc00fd
1337,137789506,-34,11,128,1,143,1,1ee00100f60ff413f216f118f01af01af019f218f316f513f80ffb0bff06020206fe0afa0ef711f514f415f416f416f515f614f712f804fe0000000000000000000000000000000000000104071107120613051303130211010f010b0006000100fb01f602f103ed04e905e605e406e306e406e406e705ea03ef01f4fff9fefc
1338,137790089,-34,11,128,1,143,1,1ee00100eefee9fee6fee3fee1fde1fde2fee3fee6ffeaffee00f401f902ff03040509070d09100b120c130e130e130f110f0f0e0e0d0303000000000000000000000000000000000000fd03f40ef20ef10ef00df10cf20af408f606fa03ff0104ff09fd0efb12fa15f918f91af81bf81bf81af918f915fa10fb0afc05fc01fd
1339,137790644,-34,11,128,1,143,1,1ee001001006140718091a0a1c0a1c0a1b0a1a091707140610040b0206ff01fcfdf9f9f6f5f3f3f0f2edf1ecf1ebf1ebf2ecf4eef5effdfb00000000000000000000000000000000000003fd0ff410f512f612f711f810f90dfb0afc06fe01fffb00f600f100ed00e900e6ffe4ffe3ffe3fee4fee6feeafeeffff400f901fe02
1340,137791238,-34,11,128,1,143,1,1ee00100eff8ebf7e8f6e5f5e4f4e3f4e4f4e5f5e8f7ebf8effbf4fdf900fe0302060609090c0c0f0d120e130e140d140c130b1209100204000000000000000000000000000000000000fb02ef09ee08ed08ec07ed06ef04f103f502f901fe00030009000e001301160119021b021c021c021b021902150210010b0006ff02fd
1341,137793685,-34,11,128,1,143,1,1ee00100ef0aeb0de710e511e312e312e412e511e810ec0ef10bf608fb06010307010d0012ff16fe19ff1bff1b001b0019011702160205000000000000000000000000000000000000000005ff15fe16fd17fc16fb15fb13fb10fc0cfd07ff0102fc05f709f20cee0eeb10e812e613e613e613e711e90eec0bf107f502f9fffd
1342,137794277,-34,11,128,1,143,1,1ee00100fb10fa15f918f91bf81cf81cf91bf91afa18fb14fd10ff0b0106030106fc09f80bf40ef210f011ef12ef12f011f210f310f403fd00000000000000000000000000000000000003030d0d0c0e0c0f0b100a10080e060c040902050001fffbfef6fdf1fdedfce9fce6fde4fde4fde4fde5fde7feebfeeffef4fdfafdfe
1343,138332218,-90,11,128,1,143,1,4ff11400f600f701f905fe0703070307030407050a080b090a0a0908080605060407050505050306000200fd03fb02fb01fc04fb05fa01fe00000000000000000000000000000000000000fe00fbfffafdf9fdf9fdf7fdf5fdf4fdf4fef8fef8fdf5fef501f900fcfcfcf9fcf7fff5fff4fff602f404f205f105f207f207f204
1344,138537045,-93,11,128,1,143,1,4ff1140008080604050007fc08fa09f908fa08fa09f80bf40af508f808f809f90afa09fb07fc03feff00fefffefefefcfefafcf9fdf8fffd00000000000000000000000000000000000000ff0000ff02ff05000701070009fe0bfd0cfe0bfe09ff08fe06fd03fe02020303040504070109ff0b010d030e050d070f070f050f05
1345,138774939,-34,11,128,1,143,1,1ee00100ecfee7fde3fee0fedefddefddffee1fee4ffe8ffed00f301f903ff0405060a080e0a120c140e1510151015111311110f0f0e0303000000000000000000000000000000000000fc04f310f210f010ef0ff00df10bf309f606fa03ff0004fe0afc0ffa13f917f81bf71df71ef71df81cf81af816fa11fb0bfc05fd00fd
1346,138776213,-34,11,128,1,143,1,1ee0010010f615f318f11aef1cee1cef1bef19f016f012f20df408f703f9fdfcf7fef2ffed00e900e6ffe5ffe4ffe5fee6fee8feeafdfaff00000000000000000000000000000000000000fa02eb03ea04ea05ea06ec06ee05f104f503f900fefd04f908f60cf310f013ed15ec16eb16eb16ec15ed13f010f40df809fd050002
1347,138779840,-34,11,128,1,143,1,1ee0010013ff18fe1cfe1ffe21fe21fe1ffe1dfd1afd16fc11fc0bfc05fcfffcf9fbf3faeff8ebf7e8f5e7f5e7f4e8f4e9f4ebf5edf5fbfd00000000000000000000000000000000000003fc0df00ff010f010f110f30ff50df70af906fc01fffb02f604f005ec07e808e408e208e208e208e308e507ea06ef05f504fa03ff02
1348,138815148,-34,11,128,1,143,1,1ee001001004140518061b061c061d071c061a061805140310020b0106fe01fcfcfaf8f7f5f4f2f1f0eff0eef0edf0ecf2edf3eef5effdfb00000000000000000000000000000000000003fc0cf20df20ff20ff30ff40df60cf809fa05fc01fefc00f701f202ee03ea03e703e503e403e403e503e703ea02ef02f402f902fd02
1349,138819267,-34,11,128,1,143,1,1ee001000a0f0d1310171219131b131b121a111910160e120b0e0909060303fe01f800f3ffeeffe9ffe6ffe500e400e501e602e802ea00fa00000000000000000000000000000000000005ff14ff15ff16001501140212020f020b02070102fffcfdf7faf2f7eef5ebf2e8f0e7efe6eee6eee7eee9efecf2f0f5f4f9f9fdfc00
1350,138874592,-34,11,128,1,143,1,1ee00100f00bec0ee911e712e513e513e613e812eb10ee0ef30cf709fd06020308010dff12fe16fe19fe1afe1bff1aff1900170015010500000000000000000000000000000000000000000502140115ff16fe15fd14fd12fd0ffd0bfe06ff0002fb04f607f109ed0cea0ee70fe610e510e610e70fe90ced09f105f601fafffd
1351,138941512,-34,11,128,1,143,1,1ee00100f510f214f018ef1aee1cee1cee1bf01af217f514f810fb0bff06030107fd0cf90ff612f415f217f217f217f316f314f513f604fd0000000000000000000000000000000000000105041403150216011600150013ff10ff0cff07000101fb02f504f005eb07e708e409e209e10ae20ae309e507e905ee03f400f9fefd
1352,138942844,-34,11,128,1,143,1,1ee00100ecffe7ffe3ffe0ffdeffdeffdfffe100e400e801ed01f302f903000306050b070f08130a150b170c170d160e150d130d110c0403000000000000000000000000000000000000fc03f20ff010ef0fef0eef0df00bf209f506fa03fe0104fe0afc0ffa14f917f81bf71df71ef71df71cf81af816fa11fb0bfb05fc00fd
1353,138953289,-34,11,128,1,143,1,1ee001000a0d0d110f13111512171217121611140f120d0f0b0b0807050202fe00f9fef4fcf0fcecfbe9fce8fce8fce8fde9feebffecfffb00000000000000000000000000000000000004001200130113021303120410040d040a0306020100fcfdf8fbf3f8f0f5edf3ebf1e9f0e9efe9efeaf0ecf1eef3f2f6f6f9fafdfd00
1354,139115772,-95,11,128,1,143,1,ceeffc41fafffbfefdfffd00fe00000105020704ff05f9050006070009f80bfd09050706070605040101ff00fffdfefbfefafafcf602fd01000000000000000000000000000000000000fffffdffff00ff01fd01fdfffdfdfcfe0000040004ff03fe00fdfffeff00ff02ff05ff05fc02fdfffdfffd02fd04fc03fc03fe02ff01
1355,139356247,-91,11,128,1,143,1,4ff11400f501f301f4fef8fefc04fe09ff0bff0b010b010dff0dfd0cfd0cfd0bff0b000a0106010401020201050005ff05ff07fe07fe01ff00000000000000000000000000000000000000fe01fc02fd02fb00fa01f902f802f602f502f402f504f906fb07fc05fbfff9fdfbfdfffcfefafcf7fdf3fef1fdf1fbf2f8f2f8f4fa
1356,139592349,-32,11,128,1,143,1,1ee00100f4eef1eaefe7eee5ede3eee3efe3f0e4f1e7f3eaf4eff5f4f6faf700f605f50af30ef111ef13ee14ec14ec13ec11ed0eee0dfb03000000000000000000000000000000000000ff05fd14fb15f915f815f713f711f80efa0bfd08010405010bff10fe15fd18fc1cfd1efd1ffe1fff1e001c00180013ff0efd08fb04fa
1357,139593555,-32,11,128,1,143,1,1ee00100fc13fb18fb1cfa1ef920f820f81ff81df91bfb17fd13ff0e020a06050a020fff13fe16fd19fd1afd1bfe1bff190017021502050000000000000000000000000000000000000004fc10f211f313f413f513f711f90ffa0cfb07fc02fcfcfaf7f8f2f6eef3ebf1e9eee8ece8ebe9eaeaebececefeff1f3f4f8f6fdf801
1358,140021243,-32,11,128,1,143,1,1ee00100ed05e807e508e209e009e008e107e207e507e906ed06f206f807fe070309080b0b0e0d100f1310140f150e150d150b140a1302040000000000000000000000000000000000000402110b110d100e0f0f0d0f0c0e0a0d070a0506040103fb03f603f004eb05e707e408e309e20ae30ae40ae608e906ee02f2fff6fcf9
1359,140022027,-32,11,128,1,143,1,1ee00100071109160b190c1c0c1e0c1e0b1d0b1c0a190a150911080b0706070008fb0af60cf20eef10ed11ec12ec12ed12ee11f011f204fc00000000000000000000000000000000000002fb0bee0cee0eee0fef0ff10ef30df50af706fa01fbfbfcf6fdf0fdebfce7fbe4fae2f8e1f7e2f7e3f7e5f7e9f8edfbf2fef601f903
1360,140023221,-33,11,128,1,143,1,1ee00100f9edf7e8f6e4f5e1f5e0f6e0f6e0f7e2f7e4f8e8f8edf8f3f8f9f8fef604f409f20cef0fed11eb12eb11ea10eb0fec0ded0bfb02000000000000000000000000000000000000fc04f310f110ef10ee0eee0def0bf109f407f905fe04030309030f04140518061b081d091d0a1d0b1c0b1a0b160911070d0309ff06fc
1361,140031354,-33,11,128,1,143,1,1ee00100f30ef012ee15ec18ea19ea18ea18ec17ed15f012f40ef80bfe08030608030e021202160218021a031a041a051806160614060401000000000000000000000000000000000000040113081309130a120c110c0f0c0c0a0a080604030001fbfff5fdf0fdebfce7fce4fde1fde0fee1ffe2ffe4ffe8feedfdf2fcf8fbfc
1362,140032064,-33,11,128,1,143,1,1ee00100edfae9f9e5f8e2f7e0f6e0f5e2f5e3f6e6f7e9f9edfbf2fef701fc050009030d0511061407170718071906190418031602140005000000000000000000000000000000000000ff04fe14fd15fb15fa15f913f911f90ffa0bfd07000304ff09fb0df811f614f418f31af31bf31bf41bf419f515f710f80bf905fa01fa
1363,140032987,-33,11,128,1,143,1,1ee00100ff12ff17ff1bff1efe1ffe1ffe1efe1dff1aff160012010c0307050108fc0bf80df510f212f014f014f015f114f213f412f604fd00000000000000000000000000000000000004001300140115021503130411050f040b03070202fffefcfaf8f6f4f4f0f1edefeaefe8efe6efe6f0e7f1e9f3ecf6f0f7f6f9fbfaff
1364,140039346,-93,11,128,1,143,1,5dddd54104fc03000002fe01fd01fc02f7fef9fbfffffc07fb0d040f0408fffd06f90afb0301020402020100ff00ffff02fc02f9fef7fffd000000000000000000000000000000000000fffffdfefefe00000002ff01fefffeff00ff02ff0100ff0101ff03ff01000000020001fffe00fe0100020001fdfefbfefe0000030104
1365,140073085,-91,11,128,1,143,1,4ff1140005f602f9fffcfcfefafef8fef8fdf7fbf7faf9f9f8f8f4f7f3f9f9fbfdfcfefdfdfefdfdfdfefefffd02fc05fa06f806f807fe0100000000000000000000000000000000000000ff03fe04ff04fe05fd07ff070008020803080208020802070306030501030004ff05fb04f803f601f102ee04ef04f003ef04f007f5
1366,140175486,-91,11,128,1,143,1,4ff11400f6fff902fc0400030103040407060509020c010e000ffe0efe0efe0cfd09ff0701060304040205000500060006ff060007010100000000000000000000000000000000000000fefffbfdfbfcfbfbfbfbf9fbf8fbfafafbf8fcf6fdf4fcf5fbf9fcfafcfafcfcfdfdfc00fa02f702f402f303f303f202f102f104f105
1367,140380267,-91,11,128,1,143,1,4ff114000a0007fd03fd02fc03f901f7fef5fef500f401f401f300f102f102f301f601f801f800f9fefcfffdfdfdfbfef9fdf8fcf9fdfeff000000000000000000000000000000000000000101050105010602070208020a010a000afc0afa0afb09fc06fd03fe02ff0000ff03fe06fd07fc08fd0b000d020f0410030e030a04
1368,140424364,-33,11,128,1,143,1,1ee00100eefbe9fae6f9e3f8e1f7e1f7e2f7e3f8e6f9eafaeefcf3fef801fd040207060a090d0b100d130d140d150c150b14091308120204000000000000000000000000000000000000fd04f510f410f210f20ff20ef30cf409f707fa04ff0104ff09fd0efb12fa16f919f91bf91cf91cfa1bfa19fb16fb11fc0bfc06fc02fc
1369,140585089,-91,11,128,1,143,1,4ff11400f500f800fa00fb030004030503060309040d050e050d010dff0c000902070206020502030402030003fe04fe05ff06ff05fe01ff000000000000000000000000000000000000fffffdfcfcfafefafefafdf7fcf4fbf0fbf1fbf4fcf6fcf5fdf5fef9fefbfdfcfbfefa00f800f600f602f403f402f503f404f104f202
1370,140789874,-90,11,128,1,143,1,4ff11400f401f904fd06fe0502050505050706080609040b030b030b02090309050b050b0407030403020301020004fe06fc06fc07fb02fe000000000000000000000000000000000000fffefffb00fbfff9fff800f7fff5fef400f502f602f601f500f600f9fffcfcfcfbfdf901f803f604f405f105f103f203f004f002f001
1371,141301918,-92,11,128,1,143,1,4ff11400030404040505050205fc07f90afa0af909f809f90afa0cfb0dfb0af908f907fb06fc03fc01fefffffefefdfdfefbfefafcfafefe000000000000000000000000000000000000fffffdfffcfffb00fb00fafefafdfafdfafdf7fdf5fef5fcf7fbfbfffb02fa03fc02fe02fe07ff0b000d010f020ffe0efc0dfe0cfa0d
1372,141506723,-93,11,128,1,143,1,4ff11400000a020405020303040106fe05fd05fd07fa0af90ff90ff80af909fb0bfa07fa03fc01fdfffefcfefcfffcfefafdfbfdfcfafffe00000000000000000000000000000000000000fffffcfcfbfcfafbfaf9fbfaf9faf7faf6fbf8fbfaf9f9f9f9fafbfbfbfdfdfd01fb05fc08fd0afb0bfa0bfb0bfc0bfc10fa15f811
1373,141813916,-90,11,128,1,143,1,4ff11400fc08ff07010502060306060207020b041005100410050c07080606040403030403040202010101ff02fd01fc01fc03fb04fb01ff000000000000000000000000000000000000fe00fa00fd00fd02fb02fa02f803f706f806f602f4fff6fff9fffcfffc00fc02fc05fe0800080007000a020f01100010fe11fd12fc11
1374,142018732,-92,11,128,1,143,1,4ff11400ff030102020302040303050207040a060c070c080b0a0a0a0a09070a0608070506030402010001ff01fe01fc02f903f803f800fe000000000000000000000000000000000000fffffdfdfefcfdfbfcfafaf9f9f7f9f5faf7fbf8fdf801f800f8fcf9fcfbfdfefc00fcfffc00fa02f804f506f409f40af10bf00bf10b
1375,142185457,-34,11,128,1,143,1,1ee00100edf9e8f7e4f6e2f5e0f4e0f4e1f4e2f5e5f7e9f9eefbf3fdf800fe040307080a0b0e0e1010131114111510160e150d130b120204000000000000000000000000000000000000fb02ed0bec0aeb09ea08eb07ed06ef04f303f801fd0004000aff0f00140018001c001e011f011f021e021c01180112010c0006ff02fe
1376,142193683,-34,11,128,1,143,1,1ee00100f0f3ecf0e9eee7ece5ebe5ebe6ece7ede9efecf2eff6f4faf8fefd030108040c0611081409170918091909190818061605140105000000000000000000000000000000000000fb01eb04ea03e902e901ea00ecffeffff3fef8fffe00040109030f05130617081a0a1c0a1d0b1c0b1b0b190a150911060c03070003fe
1377,142223530,-92,11,128,1,143,1,4ff11441ff090108020604030402030207fe0cfc0eff0d010a0109000b000aff0801060305020201ff01000101fe02fa03f905fa05fb01fe000000000000000000000000000000000000ff01fe03fd02fc01fb03fa05f908f808f604f501f700f700f800fa00fafffbfefb00fb04fe0603070409030c010e010e020f02120413
1378,142325948,-94,11,128,1,143,1,4ff11400040603050404050005fd04fa03f702f601f402f005f005f405f605f404f303f602f901fbfffcfdfdfcfffc01fb03fb02f901fe00000000000000000000000000000000000000fe00fa01fa00f8fff5fff600f6fff6fef7fdf7fbf6fbf5faf5fbf7fdf9fffa01fc02fe03000404060609050d040e070d080e06120512
1379,142393829,-29,11,128,1,143,1,3226634107090001fbfe08fb07f0feeb04f500fcecf9ecf601f301f9f402fbff0c030e0500faf5f6f8fe0003fd00fafe00010300ff00fe000000000000000000000000000000000000000601140a0c0d070505020208000cfc11f511f008f2faf5f6f602f300fa01090a0f0010f70af5fceefbe802f9041506190a0b0509000b
1380,142398578,-28,11,128,1,143,1,622dd64104ee06eb0cfa0efb09f1fbf6ee07f30afe060009fc0ffd0902fd02f805f905fafffe000403060104fefefefa01000104feffffff00000000000000000000000000000000000000010405040107fe0a020a0a090bfe09f808020e0a150b120503fcf5f9f3fcf804fa0af60ef308f7f7f6f9f007f005f7fc08fb0c04f2
1381,142530735,-91,11,128,1,143,1,4ff11400f8f6fcfafcfdfbfffb01fa05fa08fa08f908f809f809f50af509f809f909f808f907fc05ff04030404020403050407040805020100000000000000000000000000000000000000fe02fb02fb04fb06fb06fc06fc09fa0bfa0cfa0bfa09fc06fd04fd03ff02fefefbfdfbfefafcfaf8f8f5f6f5f5f5f5f4f4f5f3f9f6
1382,143657629,-92,11,128,1,143,1,4ff11400fa0aff0a01090105040108010d010d010b000b020a050a070b060a040702060104020302020001fe00fc00fb01fa01f802f300fc000000000000000000000000000000000000ff00fd00fb00fafff9fdf8fcf5f8f5f7f8f9faf7fcf5fcf6faf7faf8fbfafbfdfc00feff00fffd03fa0afa0df90bf808f709f50cf40c
1383,143820979,-95,11,128,1,143,1,3cc00341fffb03fe01fffd00fd00fd00ff02ff03ff000000ff01fefffe01ff02ff01fe00fefffefdfd00fe02fe01fe00ff00000000030001000000000000000000000000000000000000ff00fe00fefffdfefdfefcfdfc00fe03020203000103010601fe02f903fe0302040003ff0101010401030102050a0810080a0405fe03
1384,143821879,-95,11,128,1,143,1,855ee841fefdfdfdfcfdfefe00000001ff01ff00fe00fdfefefdfefffeff01000300040002010001fffffffe00ffff00fffffffe00fd00ff000000000000000000000000000000000000fe00fd01fefffdfefefcfefcfcfffa01fd0001fe02fe02fdfffffc01fb01fd01fd00fd00ff01030104ff01ff05f70bf009f806fe02fd
1385,143964395,-91,11,128,1,143,1,4ff11400f809f906fd0300060307040607040a020b010eff0e000b020a010900080108000600030000fdfdfbfdfcfffcfffbfef9fff7fffd000000000000000000000000000000000000fffffdfdfefefcfdfbfbfcfbfcfafcf6fdf4fbf8f9f8f8f6f9f5fbf5fcf9fcfdfdfffd01fc04fa08f809f809f708f607f809fa0af808
1386,144497446,-92,11,128,1,143,1,6ffbb641fe00fd00fe00fdfef6fcf6fbfcf900f803fd040103ff01fcfdfefffb03f506f807ff06fb04f808fb08feff02f703f9060007000100000000000000000000000000000000000000ff00feff01fe02fe01fd02fe01fefffeffff01000101ff02fc02fdff01fe01fffdfefcfefdfe00fd01fcfffdfd01000201fffefdfc
1387,144578783,-93,11,128,1,143,1,4ff11400f8f8fbf9fafafafdfa01f903f802f503f306f404f300f100f000f2fcf6fbf8fefafffbfffcfffc01fd02fd02fc03fc04fd05ff0100000000000000000000000000000000000000fffffdfefefefbfdf7fbf6fbf6fcf5fef301f505f606f505f603f901fcfffefdfdfcfdfbfaf8f9f5fbf4fdf4fcf4f8f5f5f4f2eff1
1388,144681195,-90,11,128,1,143,1,4ff1140000f900f904fb03fcfefef8fef4fff301f301f000f000f1fef0fcf1fcf4fef700fa00fb02fd010000020201030005fe07fd05ff01000000000000000000000000000000000000000100030200040106010901090205040604080407040804080507030601060105ff02fc01fb01f702f303f005ed07ea09ea0bec0aec
1389,144783583,-92,11,128,1,143,1,4ff11400070707030aff0bfd07fa03f803f805f707f407f307f607f906f905f907f808f706f902fcfffefefdfcfcfbfbfcf8fdf7fdf7fffe00000000000000000000000000000000000000ff01fe010000030107020a02090209010800080009000aff09fe08ff06010404020302030109fe0eff0d040c070f06110410030f04
1390,145398017,-92,11,128,1,143,1,4ff11400fc09010a04060603070208030a060e070e060c070b090b0a090906070406020702060004ff0301010300030005ff07ff09010200000000000000000000000000000000000000ff01fd03fe0301040107ff09fd0afc0bfd0bfc07f804f605f606f903fc00fc02fc08ff0801070308080a070b040c040e030f010eff0e
1391,146247928,-34,11,128,1,143,1,1ee00100ffedfee7fee3fee0fedefddefedefde0fde2fde6fdecfdf2fcf8fcfefb05f90af80ff613f416f317f218f117f116f214f212fc04000000000000000000000000000000000000fbfdeef4edf2eef1eef0f0f0f2f1f4f3f7f6faf9fefe01030409060e081309170a1a0a1d0b1e0a1d0a1d0a1b08170712050c04060301
1392,146248987,-34,11,128,1,143,1,1ee001000ef412f016ed18eb1aeb1aea1aeb18eb16ec12ef0ef209f504f8fefbf9fef300ee01ea02e702e502e401e400e500e7ffe9fefaff000000000000000000000000000000000000fffafceafde9ffe800e801ea01ec02ef01f201f7fffdfd03fb09f80ef612f315f118f01aef1bef1bef1af018f215f611f90cfd070003
1393,146319635,-93,11,128,1,143,1,4ff114000b05070404ff04fc02fafff6fef4fff400f202f001f200f4fff3fff500f6fff6fef700fafffbfcfefb00fc01fd03fb05fa05fe01000000000000000000000000000000000000ff00fe02fc03fc04fc03f901f604f505f702f701f403f604f904f803f904fd0400040102030006010a060c090a080b071009110a0e0b
1394,146524439,-92,11,128,1,143,1,4ff11400000b000b01090206030107fe0aff090109000aff0b020c040d040c050a03060104000501060104ff03fd03fc03fb03fc01fb00fe00000000000000000000000000000000000000ff0100fe02fc04fd06fe06fb05f906f606f407f607f804f903f802f804f904fb03ff030304060404060309030c03100212010f010a
1395,146627359,-92,11,128,1,143,1,4ff1140003f403f801fcfefefd00fb03f804f603f302f202f303f403f503f504f604f803f903fb04fd04fe0301040403040304050506010100000000000000000000000000000000000000ff0300020402030304040705080608040a030a040b030b020902070204020103ff04fc05fa08f80af70af608f405f304f208f00aee
1396,147036450,-91,11,128,1,143,1,4ff114000afd06fe04fe05fd03fcfefcfcf9f9f9f5f9f5f7f6f5f7f3f6f3f7f6f9f9f9fbfafdfcfffd01fd03fd04fc04fd06ff080107000100000000000000000000000000000000000000ff00fffe02fc05fb07fb08fc09fb0afb09fb07fa08f906f903fb01fffe03fc060107040700070109030eff0ffd0ffd12fe12ff0eff
1397,147650881,-93,11,128,1,143,1,4ff11400fafbfafbfbfdfc02fb04f904fa04fc04fa07f509f70af809f806f805f806f805fa04fc04ff0301030303050206020703090302000000000000000000000000000000000000000000030101ff01fc01fa03f804f704f804f905fa06f907f907f905f905fa03fbfefbfafbf8fcf6fcf6faf5f7f4f5f2f4f0f3f2f4f3f5
1398,148026687,-92,11,128,1,143,1,dff22d41fffefd00fd01ff0000ff00ff0000fe03fb04fb02fd0000ff010000020001000000000100fffffdfefcfdfefe00000001fe00ffff000000000000000000000000000000000000fffefffbfffdfffffffffe00fe00fffe02fd04fe030003020303020100ff00ffff01010106ff07ff02ff00fe080110020bfd04fbfeff
1399,148284728,-34,11,128,1,143,1,1ee00100f6eff3eaf1e7efe4eee3eee2eee3efe4f0e7f2ebf4eff6f4f9fafc00fe06ff0c001100150019001aff1bfe1bfe19fd17fc16ff05000000000000000000000000000000000000faffeafdeafbe9fae9f9ebf9edf8f0f9f4faf8fcfdff030307060c0a0f0d121015121614171517151614151312100e0c0a0806040400
1400,148313927,-34,11,128,1,143,1,52200500001001150119011c011e011e011d011c021902150211020c0206030104fb05f607f209ee0aec0bea0cea0ceb0cec0ced0cef03fc0000000000000000000000000000000000000302100a100b0f0c0f0c0d0c0b0c090b060803050101fefcfbf7f9f3f8eff6ebf6e8f5e6f5e5f5e5f6e6f7e8f8ebf9f0faf5fbfafdff
1401,148516744,-34,11,128,1,143,1,1ee00100f60ef412f215f117ef19ef19ef18f018f216f413f70ffa0bfe07020306000afd0efa12f915f816f817f818f917fa15fb14fc04ff00000000000000000000000000000000000002030a0f0a10091108110711050f040d030a0105000000fb00f600f101ed01e902e603e403e403e404e503e703ea02ef00f4fef9fdfc
1402,148572562,-92,11,128,1,143,1,4ff1140006050503050105ff06fb06fa04f805f507f508f60bf60bf509f607f807f906fc05fe03fd00fdfdfcfcfbfbfbfbfbfdfbfbfcfeff00000000000000000000000000000000000000000001000201030004fe07fe0a000a0108fd0bfb0dfc0bfe06ff03ff0300020200040107030c030e050e070d060b070b090c0a0c0a
1403,148583360,-93,11,128,1,143,1,388aa341fdfaffffff03fd01fefe00fc01fa03f9fef7f7f5fef70501060909020afb07fc06fd0401010200ff01fdfffcfcfcfefa04f901fe000000000000000000000000000000000000fffffdffff0002ff01fefdfffcfefdfefe01000400020000fffffcfcfcfd0001ff04fe0200ff0100020104000200ff00fd00fdfefefc
1404,148777305,-91,11,128,1,143,1,4ff11400f6fcf9fef900f803fb05fd06fc0afb0efa0cf709f608f507f405f505f805f905f804fa02fc02fc01fd02000402040303ff03ff0000000000000000000000000000000000000000ff02fe01fdfffbfef9fef7fdf6fdf3fff302f502f601f501f701f901f901fafffdfcfdf9fbf6fcf3fff3fff2fcf1fbf2f8f3f8f4fc
1405,148848197,-94,11,128,1,143,1,eeecce41fffeff00ff00fffffffdfefaf9fbf5fffb030606090d0110fd0d020908ff06fb02fb03f904fb0200020203ff04fb06fb0bfe0300000000000000000000000000000000000000000002ff01fe00ff000000010002ff00fffe01ff02010001ff00fe00010102010001ff02fe03fd0100fe02fdfffffd00000000fffefc
1406,148982108,-92,11,128,1,143,1,4ff11400f404f703f804fb04fe040107020c010d000dff0eff0f000c000cfe0cfe09fd05fc05ff040302040105ff05fe05ff060007000100000000000000000000000000000000000000fefefafbfcfefcfefdfafcf9fbf9faf7fdf6fff7fff7fff700f702f802fb00fefdfefbfef8fef500f305f305f200f1fff2fff1ffef01
1407,149514263,-93,11,128,1,143,1,422dd44101ffff01fd01fefefffc01fb02f803f90403040c070809fa08f60801040aff0afe0500020001fc00fcfd01fe060007fe03f9fffd000000000000000000000000000000000000fffefefcfe00fd02fc02ff0103010301030102010000fffefffe0000020103ff00fdfefdffff020103020100fe00fe0100ff01fc00fc
1408,149596539,-90,11,128,1,143,1,4ff11400f3faf4fcf8fdfafffa02fa05fb08fb0afa09f708f406f304f506f606f603f603f904fc03fd03fd03fe04010502060007ff07ff01000000000000000000000000000000000000fefff8fdf8fff9fef9fcf9faf7faf7faf9f8f9f6faf4fbf5faf7fbf8fdf8fcfbf9fef801f702f600f4fdf2fef100ef00ec01ed00f1fd
1409,149623497,-92,11,128,1,143,1,a77ffa4102fffffffeff01fe02fdfffefefeffffff00ff01ff01fffffffe00fefe00fc00fd01ff010000fefffdfefffefffdfefffe00ff0000000000000000000000000000000000000000ff0000ff00ff00010003fd03fb01fdfffffd01fe0000fe00fefffffffe00fb00fb01ff0000fefffefeffff00090012010b030202fe
1410,150108534,-91,11,128,1,143,1,4ff11400f5fef701fb04fc06fb05fc05fe08ff0bff0c000c010cfd0dfa0cfa09fc07fc07fc05ff0301020302030105000601070207030200000000000000000000000000000000000000fffefefbfcfbf9fbfbf8fcf6fcf6fdf5fef6fff5fff3fef100f302f801fafffbfefdfbfef7fdf5fdf4fff100ef00f1fef1fceffcf1fd
1411,150620558,-91,11,128,1,143,1,4ff11400fef9fdfdfafffa01fc02ff04ff07ff09000a000b000cfe0cfd0cfe0d000c010903070305010100fe02ff02ff03fe06fe09fe02ff000000000000000000000000000000000000010004010200020004ff07ff09000901090209000afd0cfe0a0106000400040104ff02fdfdfaf9f8f6f7f6f5f4f5f2f5f5f2f9f0f7f1
1412,150722957,-91,11,128,1,143,1,4ff1140004f701f700f800fafdfcf9fcf8fdf7fcf5f8f4f6f3f6f3f6f5f7f7f8f8f9f8fbfafdfcfffc02fc05fc07fc08fd06fe05fe07ff0200000000000000000000000000000000000000010104020403020203020505070608050704070408040703060204030303ff02fb04fb03fd01fb06f708f507f50af50cf40df30cf3
1413,150927771,-91,11,128,1,143,1,4ff1140005f904fb01f9fdf6fcf7f9faf7fcf6fcf8fbf7f9f5faf5faf7f8fbf6fdf6fdf8fcf7fdf700fbfffdfcfefa01f901fafef9fdfeff00000000000000000000000000000000000000ff03fc03fb04fb05f907f908fb0afb0bfa09fd07ff07fe09ff090104ff02fc02fb03fa02fa00f901f604f405f204f003ee01ed00ee
1414,151874760,-34,11,128,1,143,1,1ee001000611081609190b1c0b1e0b1f0b1e0b1d0a1a0a160811070c0506030003f902f302ee03ea04e704e505e505e506e606e806ea01fa00000000000000000000000000000000000004011306140714081309120a10090d080a0606040101fdfdf9f8f5f4f2f0f0edeeeaede8ece7ede7ede8eee9f1ecf4f1f7f6fafafcfe
1415,151881165,-34,11,128,1,143,1,1ee00100ee03e805e506e207e008df08e008e208e507e907ed06f305f904ff0305030b0310031404170519051a061a071807160715070501000000000000000000000000000000000000fd04f511f412f212f210f20ff30df40bf708fa04fe0103fd08fa0df811f514f318f21af11bf11bf11af218f215f410f60bf905fb01fc
1416,151951995,-92,11,128,1,143,1,4ff1140006090606070004fe04fc07f906f506f407f506f406f507f706f707f709fa0afa07fb02fcfffbfefcfffefdfdfcfcfbfafbf9fefe000000000000000000000000000000000000ff00ff03ff030005fe06fe06ff06ff08fc07fa06f906f706f808f90afd0900050102020306030b020b0408060908090a0a0b0c090c09
1417,152106251,-34,11,128,1,143,1,1ee00100f10aed0eea11e813e614e614e714e814ea12ee10f20df70afc06010306000cfe10fc14fb18fb19fb1afb1afc19fd17fe16fe05ff000000000000000000000000000000000000ff05fe14fd15fc15fb14fa13fa11fb0ffb0bfd06ff0102fc05f708f20bef0dec0fe911e711e711e711e810ea0ded0af106f502f900fd
1418,152107483,-34,11,128,1,143,1,1ee001000ef511f115ee17ec19eb19eb18ec17ec14ed11ef0df208f503f8fefbf9fef300ef02eb02e802e602e502e501e601e800eafffaff000000000000000000000000000000000000fffbfeebffea00ea01ea02ec02ee03f002f401f9fffefd03fb09f80df611f414f117f018ef19ef18f018f116f313f60ffa0afe060102
1419,152445954,-94,11,128,1,143,1,a11ffa4108f800fdfffeff0001000100ff00fffefefefefffefefffd00000001000000ff00fe02ff010000000000000000fefefdfafbfefe00000000000000000000000000000000000000ff01ffff00fd00fd01fe0401040401050005ff0200fefffdfe00fe0300040101fffefdfdfefefffefefefe0000fcf6f8eafaf0fbf8
1420,152446629,-93,11,128,1,143,1,500555410001fe03fc01fe010003fffffefffe01fffffffeffffffff00000002000101ff01fe03ff0201000000feffffffff00fe00fdffff0000000000000000000000000000000000000000000001fe02fb01fb01fd01fe0000000102fe03fd01fdfefefe01ff0101fe02ff04fd04fe02020002fe02f609f310fd0b0107fb00
1421,152566203,-90,11,128,1,143,1,4ff11400f8f9f9fbf9fffc03ff04ff05ff08fe0bfa0bf90bfb0dfc0dfa0bfb0afc09fb07fc06ff040104040203ff02fe04fe06ff0500010000000000000000000000000000000000000000ff01fd00fd03fe08ff0a010a0109010a030b030b020a010a0007ff04fe03fe00fdfbfdf9fcf7f7f6f2f6f2f5f1f5eff8f0f8f4f8f6
1422,152873526,-89,11,128,1,143,1,4ff11400fcf7fcfafcfbfbfefa03fa07f907f506f509f70cf80bfb0afd09fc0afb0afe09ff06fe03ff02010203010502070209020902020000000000000000000000000000000000000000ff01fe04fe06ff07ff0a000b020a030902090208020703060405040503040001fd01fcfefcfbfafaf6fcf3fdf3fcf1faedfbecfeef
1423,152907817,-92,11,128,1,143,1,c9977c41fefdfdfefd0002fe09fa09fd04030102ff01000002fd01f8fef5fff702fe030001010108fc0af507f80301ff04fd02fe03fd01ff00000000000000000000000000000000000000ff0300020000ff02fe03fefffffc01fb01fd0000ff00ffffff00ffff02ff0302010302020101fcfff9fef900fc01ff03fe06fa05f2
1424,153078219,-91,11,128,1,143,1,4ff11400f3fbf6fcfd0201040108ff0afd0bfe0d000dff0cfd0dfc0cfc0bfd09fd08fc08fd04000001ff01000301050006ff06ff0701020000000000000000000000000000000000000000ff00fc00fbfffa00f801f502f302f103f304f605f603f401f702fa01f9fdfafafef801f903f602f2fef3faf3f9f0fcedfdeffef2fe
1425,153296288,-34,11,128,1,143,1,1ee00100effdeafde7fde4fde2fce2fce3fde4fde7feeaffeefff300f901fe03040408060c08100a120b130c140d130e120d100c0f0c0303000000000000000000000000000000000000fc02f10bf00bef0bee0aef09f007f206f504f902fe0003ff08fe0dfd11fc15fc18fc1afc1bfc1bfc1afc18fc15fd10fd0bfd06fd02fd
1426,153297413,-34,11,128,1,143,1,1ee00100f8f1f6edf4eaf2e7f1e6f1e6f1e6f2e7f3eaf4edf6f1f8f6fafbfc00fe06ff0a000f0012001500170018ff18ff16fe15fe13ff04000000000000000000000000000000000000fbfeeefaedf9edf7eef7eff6f1f7f3f7f6f9fafbfefe02020606090a0c0c0e0f1012111412141214111410120e100b0c080805040300
1427,153299423,-34,11,128,1,143,1,1ee0010000ef00ea01e701e401e201e201e300e400e6ffeafeeefef3fdf9fcfefb04f908f70cf50ff412f313f214f213f212f210f30ffc03000000000000000000000000000000000000fcfdf2f3f1f2f2f1f2f1f4f1f5f2f7f3f9f6fcf9fefe00030208030c0511051406170619061a061a061a051805150410030b03060301
1428,153343551,-34,11,128,1,143,1,1ee00100ed00e801e401e001de01de01de01e002e302e702ec02f103f803fe0304040a050f071208150a170b180c180c160c140c120b0403000000000000000000000000000000000000fd04f310f211f010f00ff00ef10cf30af508f905fe0103fe08fc0efa12f816f61af51cf51df51df51df51bf617f712f90cfa07fb02fc
1429,153344028,-34,11,128,1,143,1,1ee0010002f003eb03e703e403e203e203e303e402e601e901ee00f3fef8fdfefb03f908f70cf50ff311f112f013f012f011f10ff10dfc03000000000000000000000000000000000000fcfcf3f1f3f0f4eff4eff6eff7f0f9f2faf5fcf9fefe00030108020d031103150318031a031b031b031a031903150211020c02060202
1430,153344594,-34,11,128,1,143,1,1ee00100f40df112ee15ed18eb1aeb1aeb19ed19ef17f214f510f90cfd07010306fe0afb0ff812f615f417f418f418f518f616f715f805fe0000000000000000000000000000000000000005021401150016ff16fe15fe13fd10fe0dfe08ff0201fc03f705f207ed09e90be60ce40ce30de30de40be60ae907ee04f302f8fffb
1431,153345177,-34,11,128,1,143,1,1ee00100f7eff4ebf2e7f1e4efe2efe2efe3f0e4f1e7f2eaf4eff7f4f9fafc00fe06ff0b001001150018001a001bff1afe19fd17fd16ff05000000000000000000000000000000000000fbfeecfaebf9eaf7ebf7ecf6eef6f1f7f4f8f9fbfdfe020206060a0a0e0e111113141416151615171416131510120d0e0a0906050401
1432,153345623,-34,11,128,1,143,1,1ee00100f1f4edf1eaefe7ede5ece5ece5ece6ede8efebf2eff5f3f9f8fdfd010106040a070f08120a150a170a180a180817071606140105000000000000000000000000000000000000fb00eb03ea02e901e900ea00edffeffef3fef8fffdff030108030e0512061608190a1b0b1c0b1c0b1b0b1a0a160911060c04070104ff
1433,153346054,-34,11,128,1,143,1,1ee00100f70df511f314f217f018f018f118f217f415f613f80ffb0bfe06010205fe08fa0cf70ff511f313f313f314f413f412f511f704fd000000000000000000000000000000000000000403110212021301130012ff11ff0eff0bff06000201fd02f803f304ef06eb07e808e608e508e508e608e806eb05ef02f400f8fefc
1434,153397619,-34,11,128,1,143,1,1ee00100fdeefce8fbe4fae1fadffadff9e0f9e1f9e4fae8faedfbf3fbf9fcfffc05fb0bfb10f914f817f719f719f618f617f615f614fd04000000000000000000000000000000000000fbfdeff4eef3eff1eff0f1f1f3f1f5f3f8f6fbf9fefe01030408060d08110a150b180c1b0c1c0c1c0c1b0b1909160711060b04060301
1435,153401646,-34,11,128,1,143,1,1ee0010007f10aed0bea0de70de60de50de60ce70ae808ec06f003f400f9fdfdfa02f606f309f10bee0ded0eec0eec0ded0cee0bef0afb02000000000000000000000000000000000000fffbfcedfcecfdecfeecffec00ee00f101f401f800fdff03fe08fc0dfb11fa14f817f819f71af71af719f818f914fb10fd0bff060101
1436,153453447,-34,11,128,1,143,1,1ee00100f3f2f0eeedebeae9e8e7e8e7e8e7e9e8ebeaededf1f1f4f6f8fbfc000005020b0510061407170719071a061a0519031703160005000000000000000000000000000000000000faffebfeeafde9fce9fbeafbecfaeffbf3fbf8fdfdff020207050c08100a140d170f19101a111a1119111810140d100a0c06070304ff
1437,153590224,-93,11,128,1,143,1,4ff1140004f503f7fff9fcfafcfefb02f803f505f405f406f305f102f102f303f603f903fc03fd01fb01fd0300020300050205050405000100000000000000000000000000000000000000000102010302030403060506060707080707080509040902060003000300030100000002fd05f904f502ef01edffecffeb01eb05ed
1438,153693037,-92,11,128,1,143,1,4ff11400040704050604080209ff0afb09f909f80cf80ef90cfb08fc08fa09fa09fc08ff060003ff02fe01fefffcfdf9fef8fefafffbfffe000000000000000000000000000000000000ff00fc02fc03fc05fb06fb08fa09f708f506f604f602f502f803fa05fb07fc07fc06fd0400040408060a080b060d050e081009120810
1439,153795058,-91,11,128,1,143,1,4ff11400f700f601f804fd05010302050309030b030b040b040b030d040c0309000900080106010302ff03ff030003fd03fb05fe07fd02fe000000000000000000000000000000000000ffff00fe01fc01f902f603f503f603f604f505f604f702f703f702fb01fd02fcfffcfbfdf9fff501f002ed02ec00eefdf0fcf3fcf7fc
1440,154118162,-34,11,128,1,143,1,1ee0010011fc16fa1af91df820f820f81ff81ef81bf817f812f90cfa06fb00fbfafbf4fbf0faecf8e9f7e7f6e6f5e6f4e8f4eaf4ecf5fbfd00000000000000000000000000000000000001fb05ec06eb08eb09ec09ed09f008f206f603fa00fefc02f706f309ef0cec0ee910e711e611e611e710e90fec0df10af608fb05ff03
1441,154119488,-34,11,128,1,143,1,1ee0010011fa16f91af71df61ff51ff51ef61df61af616f712f80cf906fa00fbfafbf4fbeffbebfae8f9e6f8e5f7e6f6e7f6e9f6ebf6fbfd00000000000000000000000000000000000001fb05ec06eb07eb08ec08ed08ef07f206f503fa00fefc02f806f30af00ced0fea11e812e712e712e812ea10ed0ef10bf608fb06ff03
1442,154120837,-34,11,128,1,143,1,1ee00100ed02e803e404e104de05de05df05e105e305e704ec04f204f804fe0404040a050f071308160a170b180c180d160d140c120c0403000000000000000000000000000000000000fe04f812f613f513f412f410f50ef60cf809fb05ff0103fd08fa0df711f514f317f119f01af01af119f118f214f40ff60af805fa01fc
1443,154134018,-34,11,128,1,143,1,1ee0010011f915f719f51cf41ef31ef31ef41cf419f415f510f70bf805fafffbf9fdf4fdeffdeafce7fce5fbe5fbe5fae6f9e9faeafafafe00000000000000000000000000000000000001fb05eb06eb08eb09ec09ed09ef08f206f504f900fefc02f806f40af00ded0fea11e812e713e712e812ea10ed0ef10bf608fb05ff03
1444,154145098,-34,11,128,1,143,1,52200500eff7ebf4e7f2e4f1e2f1e2f1e2f1e4f2e6f4e9f6edf9f2fbf8fffd02020507090b0c0e0f10121113111411140f140e120c110304000000000000000000000000000000000000fb00eb02ea01e900e9ffeaffecfeeffdf2fdf7fefdff030009020e04130517071a081c091d0a1d0a1c091a09170712050d03070103ff
1445,154204745,-89,11,128,1,143,1,4ff11441f6fcf801fd01fefffd00fb01f905f80cfc0efe0afc08fb0bfa0cf709f706fa06fd05ff04010301030204050307020702040300010000000000000000000000000000000000000100050106ff04fc03fa03fa04f906f807f908fc0afd0cfc0afb07f907fb08ff0501020000fef8fef1fdf2f8f5f6f5f7f4f3f5f2f7f4
1446,154307066,-91,11,128,1,143,1,4ff11400fa04fa02fc020005020602050305070509060809070b0709050503050304040402050106020303ff05ff05fe05fe05ff04ff00ff000000000000000000000000000000000000fefff9fdfafff900f8fff6fff6fff4fef2fef3fff4fcf6faf9fcfcfdfefeffffff01fe04fe05fe05fb07f80af70bf60bf30cf20df40c
1447,154346977,-34,11,128,1,143,1,1ee00100fc0ffb14fb18fa1afa1cfa1cfa1bfa1afb18fd14fe10ff0b0006020104fc07f709f30bf00dee0eed0fed0fed0fef0ef00df203fc0000000000000000000000000000000000000203090f09100811071106110510040e020a01060001fffcfff7fef2feeefeeafee7ffe5ffe4ffe4ffe5ffe7ffeaffeffff4fef9fefd
1448,154547180,-90,11,128,1,143,1,fffaaf41010400fefdfb01fc0601050301ff00fcfcfef000ea03f7fffffdfdf5fdeffef800ff01fe01ff01ff01000000ff00fefffffdffff00000000000000000000000000000000000000000200010000000000fffffd00fdff00ff01000102030104000401050103010000ff01ff00fefb00fa02ff02fffefbfafdfa00fcfd
1449,154614260,-90,11,128,1,143,1,4ff11400ff0802030402040206ff09fb0cfc0efe0efe0dfd0cfe0bfe0afe08fe07fd07fe08ff05ff0200030002fdfefbfdfbfdfbfcf9fefe000000000000000000000000000000000000fffffcfdfafdf8fef700f7fef7fbf7faf6f7f5f8f5f9f4f8f8f9fcfbfefbfffdfd01fb04fc07fd09fd0bfd0efe1101120113fd12fb10
1450,154819057,-92,11,128,1,143,1,4ff11400fcf7faf6f9f8f9fbf9fcf8fef601f102ef01ef01f100f3fff3fef6fcf8fbf7fbf9fbfcfcfcfefcfffb02fb04fa04f904fa05fe010000000000000000000000000000000000000000fffffdfdfcfbfef9fdf8fcf6fcf4fef500f6fff6fff600f7fff9fff9fffbfefcfcfbfbf9fafaf9faf6f7f3f5f7f5f9f3f7eff7ed
1451,154921471,-92,11,128,1,143,1,4ff1140004f401f5fcf9fcfcfbfcf7fbf6fbf4f9f2f8f4f9f7f8f7f7f8f8fbf8fdf8fcf7faf7fcf9fffcfdfefafff700f601f700f7fdfdff000000000000000000000000000000000000fffffffcfffc00fb02fa03f804f605f606f708f809f909fb07fc07fb08fb07fd04fb01f800f8fdf8faf6fdf501f402f203ee02ec03ed
1452,155126277,-92,11,128,1,143,1,4ff1140004f9fffcfefdfefcfefcfbfbfafaf9f8f6f5f3f5f4f7f6f7f7f5f9f6fcf6fcf7fbf9fbfbfbfdfb00fa01fbfffd01fb02f901feff00000000000000000000000000000000000001ff06ff05fe05fd06fd07fe07fd09fd09ff09ff0cff0c0009ff08ff060005ff04fc01fafff900f802f703f405f107f006f006ef07ec
1453,156047894,-92,11,128,1,143,1,4ff11400f90800050107010903070503070407060708080a080b060c030a030803050204010400040103040104ff05fe07fc09fb08fc02ff000000000000000000000000000000000000fffffdfcfcfefbfffbfefafcf7faf7f9f7f8f9f7fbf7fbf7faf8faf9fcf9fdfafcfbfbfefb02fb05f90af60cf20bf007f006f008f309
1454,156510276,-89,11,128,1,143,1,e0011e4101fefffffcfffeff01fe02ff01fefdfef8fefbfa05fa0b010702fdfaf6f4f6f8fa03ff0902080105ff01feff02fe08fd0cfe03ff000000000000000000000000000000000000ff00fe01fe02000101ff00ffff010002ff01fe00fefffefffe01fe01fe00ff00fe03ff040000fffdfffe00fefffefffffe0100010301
1455,156559929,-91,11,128,1,143,1,4ff114000801050104fd05fa06fa05f902f7fff2fff0fff003f206f206f205f403f601f6fff8fffa00fbfffdfdfffcfffbfef9fcf6fbfdfe000000000000000000000000000000000000ff01fd04fe040005ff07fe09fe0afd0afb09fa09f909f80af907fb03fa01fb02fd02ff01030208040c050d040e0310040f060d090e0b
1456,158607985,-92,11,128,1,143,1,4ff1140001f4fff6fcfbf8fff601f603f506f407f308f509f707f607f605f603f403f504f904fb05fd04ff0401050106020603040403000100000000000000000000000000000000000000fe01fa02fd03fd05fb07fa09fa0afb0afc0bfd0cfc0bfb09fc06fe040002010000fffbfef9fdfafbf8f9f4f8f1faeefeedfeeefeef
1457,159017588,-90,11,128,1,143,1,4ff11400f90afc08000601040201050109000b000c000c010b0109020a020b0008000601030002000200fffffdfcfffb00fbfffbfffbfffe000000000000000000000000000000000000fffffcfefdfbfcfcfafbf9f9f9f7f9f6f9f6faf8faf7fbf5fdf5fff7fef8fefafcfffb03fd06fe09fd0cfc0df90bf609f40af509f809
1458,159431980,-93,11,128,1,143,1,5774454100010101ff030003ff03fd05fb06fafffff908fe0c0007f902fafd01fa07fd0604000300fe02fb03fc0500040002fd01fc02ff00000000000000000000000000000000000000000000020001ff01fd03fe02ff0001000100fe01ff010200030001010201030001ff0000ff03ff03010001fdfffcfefdfdfdfefcfdfa
1459,159518404,-96,11,128,1,143,1,08822041020004010302020001000002fe03fd04fe0200fe00fcfffefc00fc01fe0000fe01fe00ff0001000100fffffefefeffffff00ff00000000000000000000000000000000000000010105060103fefffefefcfdf705f10cf706fe00fef9fef1fff7fffdfdfd01ff0504040400fffdfdfefefffefffd00fcfcfff905fe04
1460,159518552,-94,11,128,1,143,1,e3300e41fe0200010100fffffe01ff02fe01fefeffffff00ff00fe00fd00fd0000010001fffffffffe00fe00ffff0000000000000100000000000000000000000000000000000000000000ff01000003ff0100fe02fe0005f911f80ffe03fd01fd0104fa04f9ffffff0101ff0000ff0000ff00fefe00fe020003000101ff01fe
1461,159855988,-34,11,128,1,143,1,1ee00100f6f4f3f0f1edefebeeeaeeeaeeeaeeebf0edf1f0f4f3f6f7f9fcfc00fe050009010e021103140316021602170116001400130004000000000000000000000000000000000000fb00ee00edffedfeedfdeefceffcf2fcf5fdf9fdfdff020106040a060e08110a130c140d150e150e140e130d110b0d080a0506020300
1462,159873300,-34,11,128,1,143,1,52200500f2f8eef5ebf4e9f2e7f1e6f1e7f1e8f2eaf4ecf6f0f8f4fbf9fefd0102040607090a0b0d0d100e110e120e120d110b100a0f0203000000000000000000000000000000000000fb00ee00edffecfeecfeedfdeffdf1fdf4fdf8fefdff020007020b040f05130715081709180a180a180a1709140810060b0407020400
1463,159878577,-34,11,128,1,143,1,5220050007f108ec0ae70be40ce20ce20ce20be30ae508e906ed03f201f8fefdfb02f707f40bf10eef10ed11ec11ec11ec10ed0eee0cfb03000000000000000000000000000000000000fefbfbecfbebfceafdeafeebffecffef00f200f700fdff02fe08fd0dfc12fa16f919f91cf81df81df81cf91bfa17fb12fd0dff070003
1464,160080630,-34,11,128,1,143,1,1ee00100020f03140418051b061e061e061d061c051a05160412040d0307030103fb03f604f104ed05ea06e807e708e708e908eb08ec02fb00000000000000000000000000000000000003020f0a0f0c0f0d0f0d0e0d0c0d0a0b080905060202fffdfcf8faf4f8f0f6ecf5e9f4e6f4e5f4e5f4e5f4e7f6eaf8eff9f4fbf9fdfd
1465,160081864,-35,11,128,1,143,1,1ee001000c08110b140d170f19101a101910180f160d140b10080c05070202fefefbfaf7f7f3f5f0f3edf2ebf2eaf2eaf3ebf5ecf6edfdfb00000000000000000000000000000000000004ff12ff130014011401130211020f020c0207010200fdfef8fcf3fbeff9ecf7e9f5e6f4e5f4e5f4e6f4e7f5eaf6eff8f3fbf7fdfbff
1466,160451231,-94,11,128,1,143,1,4ff11400f6f9f7fafbfefb01fc05ff0700080109000cfd0efe0e010e030d020aff09fe08ff0400020002010200ff01fc03fc05fe08ff02ff00000000000000000000000000000000000001ff0500040105ff0700060107020a020a020a010a01090209030703030201ff01fe00fffefffdfdfbf9f6f5f4f5f5f3f5f1f9f2faf6
1467,160553616,-91,11,128,1,143,1,4ff11400f603f602f701fb03fe060008020b050c040a040905090609060903090208050606040201fefe00fd03fd04fc03fb02fb01fc00ff00000000000000000000000000000000000000ff03ff04ff05fe05fa07f908f908f909f90afb0afc09fc07fc06fa05fa02fbfefcfdfffb00f8fff4fef2fdf2fcf1fbeffaf1f9f3f7
1468,161168049,-91,11,128,1,143,1,4ff114410503050206fe07fd06fc04fb03f904f505f306f407f407f608fa09fc09fb08fa07fb05fc01fbfefbfefbfffbfffb00f900f600fd00000000000000000000000000000000000000000102030005ff06ff06ff070007010802090609070706050702070106030304fe03fc03fe03ff06fc0af90cfa0dfb0ffe11fe12fa
1469,161563076,-92,11,128,1,143,1,a4477a41fffffd00fcfffafffafdfeffff0401060201fcfdf9f8fef100f5020109050701fffbfdf9fffc00000101ff00fa03f705f804fe0000000000000000000000000000000000000000ff01fc01ff000002fd02fc0000000102fe00fdfdfefcffff01010001fdfffe00fe02fe01ff00fe00ff01010002fe00ff0100020001
1470,161695067,-37,11,128,1,143,1,1ee00100fc10fb15fa1afa1dfa20fb21fc21fd20fe1dff190014ff0fff0afe03fdfdfcf7fbf1faedfae9fae7f9e6f9e5f9e6fae8fbe9fefa000000000000000000000000000000000000fb02ec08eb08ea08ea08ea07ec06ee05f103f501fafe00fb05f80af50df211ef14ec15ea16e916e815e813e910eb0def0af407f805fc
1471,161696691,-37,11,128,1,143,1,1ee00100faf2f9edf8e9f6e7f5e5f4e4f3e5f3e6f3e8f4ebf6eff8f3fbf8fffc0201050508090b0c0d0f0e110f120f120e120d110c10030400000000000000000000000000000000000001fb07ee08ee09ee0aee0aef09f009f208f506f904fe02030008fe0cfd10fc14fb17fa1afb1bfb1bfc1bfd1afd17fe12fe0eff09ff05
1472,161744468,-37,11,128,1,143,1,1ee00100f40af00eee10ec13ea15ea16eb16ec16ee15f112f40ff70bfb07fe0202fd05f908f50af10def0eed0fec10ec0fed0eee0ef003fc000000000000000000000000000000000000fb02ed08ec07eb07eb06ec05ee04f003f302f700fcfe02fc07fa0cf910f714f517f419f31af219f219f217f214f410f60bf907fc03fe
1473,161800226,-36,11,128,1,143,1,1ee001000e01130217021a021c021d011c011b0019ff15fe11fe0cfe07ff01fffc00f700f200ee00eb00e900e800e800e9ffebffecfffbff0000000000000000000000000000000000000401110711081109110a100a0e090c08090705050103fc00f7fdf3fbeff9ecf7e9f6e7f5e6f5e6f5e6f6e7f7eaf8effaf3fcf8fdfcfe
1474,161801414,-36,11,128,1,143,1,1ee001000b090f0c120f1410161117111710170f150d120a0f080b0506030100fcfef8fbf4f8f1f6eef4edf3ecf3ecf3edf3eef4f0f4fcfd00000000000000000000000000000000000002030a0f0a100a1109110811070f050d030b0107ff03fcfefaf9f7f5f5f1f3eef2ebf0eaefe9efe9efeaf0ebf2eef5f2f7f6fbf9fdfc
1475,161857501,-36,11,128,1,143,1,1ee00100ef02ea03e604e305e106e106e207e307e607e907ee06f305f803fe01040009fe0efd12fd15fc17fc19fc19fc18fd16fd15fe05ff000000000000000000000000000000000000fb00eb03ea02e901ea00eb00edffeffff3fef8fefefd03fd09fe0ffe13fe17fe1aff1cfe1dfe1dfe1dfe1afe17fe12fe0cfe07fe02ff
1476,161861144,-36,11,128,1,143,1,1ee0010004f006ea07e708e408e208e107e206e205e404e803ed01f200f7fffdfd03fc09fa0df911f814f716f617f517f516f514f513fd0400000000000000000000000000000000000001fa04eb05eb06ea07eb07ec07ee06f106f504f902feff04fd09fa0df811f615f518f41af41bf41bf41af619f715f911fb0cfd07ff02
1477,161862509,-36,11,128,1,143,1,1ee00100ef02ea02e603e304e105e005e106e306e506e906ee05f304f803fe01040009ff0efe12fd16fd18fd19fd19fe18fe16ff15ff05ff000000000000000000000000000000000000fb00eb03ea03e902e901ea00edfff0fff3fef8fefdfe03fe09fe0efe13ff17ff1aff1dff1dff1dff1dfe1bfe17fe12fe0cfe07ff03ff
1478,161863638,-36,11,128,1,143,1,1ee00100fc10fc15fb19fb1cfb1efc1ffc1efd1dff1aff170012000d0007010101fb01f602f102ed03e903e704e604e704e704e904ea01fa000000000000000000000000000000000000ff04fb14fa14f915f814f813f811f90efa0bfb06fd01fffb02f604f106ed07e908e609e409e309e308e407e606e904ee03f301f800fc
1479,161864901,-37,11,128,1,143,1,1ee00100f50cf110ef13ee16ed18ed18ee18ef18f116f413f60ff90bfc06ff0203fd06f809f40bf10dee0fed0fec10ec0fed0eef0ef003fc000000000000000000000000000000000000fc03f20ff00eef0eef0eef0cf00bf209f506f803fdff02fb06f80bf50ef211f014ee15ed16ec16ec15ed13ee10f00df308f704fb02fd
1480,161869086,-37,11,128,1,143,1,1ee001001006140817091b091d091d091c081b071906150411020c01060000fffbfef5fcf1fbedfaeaf9e8f9e8f8e8f8e9f9ebf9ecf9fbfe0000000000000000000000000000000000000402110b110c110d110d0f0d0d0c0b0b07090306ff03fbfff6fbf2f8eff5ecf2e9f0e8efe7eee7efe7f0e9f1ecf3f1f6f5f9fafcfefd
1481,162089644,-90,11,128,1,143,1,4ff11400fb0afe0402010401060309030bff0dfc0ffe0ffe0dfd0c000c000afe08fe09ff08ff03fefefefefefffbfef9fef8fff9fefafffe00000000000000000000000000000000000000fe00fafefbfcfcfafbf9f9f8f8f7f7f7f5f8f6f8faf7fbf8fafbfcfcfdfdfffd01fe02fd05fd09fe0afc0bf80ff710f90ef90af907
1482,162192080,-92,11,128,1,143,1,4ff11400f7fef801fa03fe05ff06fd08fe09ff0afd0dfd0efe0efc0efb0cfc0afb09fb08fd04fe01ff010201030002020203040305040101000000000000000000000000000000000000fffffdfcfefbfffafef8fcf6fdf5fef500f500f401f502f502f5fff7fdf9fcfafbfaf9f9f8fcf600f101ef02ef00eefceef8f0f7f0f9
1483,162217149,-91,11,128,1,143,1,02233041fd07ff01020003000205000cfe0afa07fa05fe0000ffff01fe01ff030104010000fffe00fefa03f7fff8f5fcf2fef7fefe010000000000000000000000000000000000000000fffe00fc02fd02fe010001020000fe00fd00fdfefffe02ff01fffe01fe0401050001fefefc02fd04ff020102020000fdfefcfdfdfc04
1484,162448362,-37,11,128,1,143,1,1ee00100080c09100b130d150f161015111412121210100d0e0a0a0806060204fd03f903f503f103ee04ec05eb05eb06ec06ed07ee07fb01000000000000000000000000000000000000fbfdeff7eef7eef6eef6eff6f1f7f3f7f6f7faf7fef703f707f60bf50ef410f212f113ef13ee13ed11ed10ed0eef0bf209f607fa07fd
1485,162453116,-38,11,128,1,143,1,1ee00100f0faecf7e9f5e7f4e4f4e3f6e3f7e3f9e5fbe8fdebfef0fef5fefafcfffb03f907f60bf40ef20ff00fef0fee0eee0eee0def03fb00000000000000000000000000000000000004fe13fa14fa15fb15fb14fc12fd10fe0e000a0306060309ff0dfd10fb14fa17f919f91bfa1cfb1cfc1cfd1bfe17fe13fe0efd0afb06
1486,162453628,-38,11,128,1,143,1,1ee00100f1f7eef4ebf2e9f1e6f1e5f2e4f3e4f5e5f7e8f9ecfbf0fcf5fcfbfc00fb04f909f70cf50ff410f211f111f010f00ff00ff003fc00000000000000000000000000000000000005ff14ff15ff15ff15001400120110020d0309050507010afd0dfa10f712f615f418f41af51bf61bf71bf91afa17fb12fb0efb09fa06
1487,162457764,-38,11,128,1,143,1,1ee0010008f10bee0deb0ee80ee60de40ce40ae407e605e803ec03f003f503fa05ff060408080a0c0c0f0d100e110f1110100f0e0f0e03030000000000000000000000000000000000000005011400150015ff15ff14fe12fd10fc0dfa09f805f501f2fdeffaecf8eaf6e7f5e5f5e4f5e4f6e4f7e5f9e8faedfbf1fbf6fbf9fa
1488,162459031,-38,11,128,1,143,1,1ee001000c0a0f0e1110141117121811180f180e180b150812060e0509040404ff04fa05f506f107ee09ed0aec0bec0ced0dee0def0dfb03000000000000000000000000000000000000faffebfdeafdeafcebfcecfcedfbf0fbf3faf7f9fbf7fff504f207f00aee0deb0ee90ee70ee60de60ce60ae709ea07ee06f206f706fa
1489,162459492,-38,11,128,1,143,1,1ee00100f50cf10fef11ee14ed17ee18f018f218f418f615f812fa0efb09fb04fbfffafaf9f6f7f2f6eff4eef3edf2edf2eef2eff2f0fcfc00000000000000000000000000000000000000fb02eb03eb04ea04eb04ec04ee04f005f307f708fc0a000c040e08110b130d150e170f190e190d190c180b150911070d0608060506
1490,162461854,-38,11,128,1,143,1,1ee001001003140517061a061c051d041d021c001aff17fe13fd0efe0aff05020104fd07fa0af70df510f512f513f614f614f713f813fe04000000000000000000000000000000000000fb01ec05eb05eb04eb04ec03ed02ef01f2fff5fcf8f9fbf5fef101ee02eb03e803e503e302e201e200e3ffe5ffe8ffec00f102f504f8
1491,162729581,-27,11,128,1,143,1,16633141fe01000d0013020801fffffffffefafff701fbff00fc02f803f705fa04fdff01fd0201ff02fdffffffff01fd02fe01fe01fd00ff000000000000000000000000000000000000ffffffff0003ff03fe03020005ff05fc05f805fc04fe0001fa01f9fb02f909fb01fffb09ff0d0007fb00fefa06f700f8f7fdf6fff6fb
1492,162736453,-25,11,128,1,143,1,1440014107190018fb12fa10f813f317f11bf71cf71cf31ff51af810fd0afd09fa0bf90cfa0dfa0dfa0efb0df90df70df60cf50af509fd020000000000000000000000000000000000000203070e060f0510041003110213ff13fe12ff11ff100011ff10fd1102170319fe15ff1405170419fc18f513f412f415f319f51dff1b
1493,162781633,-24,11,128,1,143,1,14400141e515e30be00ae211dc23d223cd16d614de0fd606d600e106e90eed0fec12ee14f212f313f217f21af01bed18ec13ec10ed0efb03000000000000000000000000000000000000f800e101e2fee1fadef7ddf6e0f6e0f4ddf5dcf8def9de01d609d70be20cdb06cb00c40bcc15d50fcbffc4f4cef1d6f6d7fdd6fbddfa
1494,163480609,-94,11,128,1,143,1,f5577f4102ff02fe01020004fcfff7f9f3fcf502fdfe03fd0100ff0200020000fdfefffd0302ff07f908fc07020805080102fffb02f801fe00000000000000000000000000000000000000ffffffffff000001fffffefefc00fd00ff00010202030101fffefefefefffe00fd01fa02f901fdff00fafffb02ff0202fd04f904f8
1495,164035298,-90,11,128,1,143,1,4ff1140006050504050304ff01fc00fb02fa03f702f403f406f608f708f806fa05fa03f902fa01fc00fbfffcfdfcfdfbfdfbfcfcfbfbfefe000000000000000000000000000000000000ff00fe01fe01fe02fd03fe05fd08fb08f907f807f806f804f904fb03ff03020304020501050206030804080708080a08090907060802
1496,165162204,-94,11,128,1,143,1,799aa741fc00fe02030003fe0000ff07fc08fc030203050102fefefefdfefdfbfcfcfeff01020002010002fefffefffe00fd00ff0001ff00000000000000000000000000000000000000fefffcfdfffe00ff01fe03000201fd03fc04fe030101020001fe01fc02fc00fd00fd04ff04fefefaf9fcf602f702fffb05f804fc0100
1497,165980982,-92,11,128,1,143,1,4ff11441f902fb01fd00ff0101030205030805080606030601060106ff07ff07ff06fe05fe05ff0400ff00fd00ff0200030003ff03ff0000000000000000000000000000000000000000fffffefdfcfcfafafbfafbfbfcf9fdf7fdf6fff5fff7fef9fefafffafffbfcfdfb00fc02fb01f801f502f602f702f602f302f002ef00
1498,166287837,-93,11,128,1,143,1,71111741f6fdfa00fe01fefffcfefdfe00000001fe04ff030302030301040004000201fe01fd00fe00fe01ff0000ff0001fe03fd03fe00ff000000000000000000000000000000000000fffffdfcfffdffffff0000fcfffd00010104000500020102040306030101fcfe00fc03fdfffffd010102020100fdfffd00ff06fd0bfb
1499,166800182,-91,11,128,1,143,1,4ff11400fc08fd0cfd0bfe04030107000afe0cfe0b020805080408040a040b020bff0a00060003ff00fdfffc00fcfffbfffafff900f900fe000000000000000000000000000000000000fffffefdfdfdfafcf8fcf9fcfaf9f9f7faf7f9f9f7faf6f9f8fafbfcfbfffafffbfffb01fa04fa08fd0bfd0cfa0ff812f411f40ef80b
1500,167004988,-94,11,128,1,143,1,4ff11400f904fa05fc06ff07ff08ff08030704060409040b040c030cff0bfe08fe05ff060005000202ff05fe07ff060007ff07fe06fe01ff000000000000000000000000000000000000fffffdfdfcfefcfefcfef9fcf8faf8fbf9fcfafbfaf9fff901fbfcfcfafdfafdf8fdf8fffa03f905f605f605f507f107f006f207f208
1501,167018056,-94,11,128,1,143,1,a88cca41000001fd00fcfffefefffefffffffdfffeff02ff03fe02ff0100ff00fefffe01fe00fefefffd01fe01ff00ffffff00ff01ff00ff000000000000000000000000000000000000ff01ff0202ff02fe03ff03ff02ff01fe00ff0101010000fe00fe0000010101010002ff01feffff000102ff03f603f206f402f3faf9fa
1502,167312183,-90,11,128,1,143,1,4ff1140008fa06fa05fa01fbfefcfcfbfcf7fcf3fdf2fcf1faf3f9f3f9f2faf2faf6fcfafefcfffb00fbfffdfdfffb02fa03f902f801fe000000000000000000000000000000000000000000030303040203020504070309000bff0b020c040c040b0008fc05ff05040302ff01fc03fb05fa09f90cf90dfc10fc15fb12fa0efa
1503,167665206,-90,11,128,1,143,1,0bbbb041ff02fc0200030003f902f906fa03f9f902f706f600f4fef503fa06fd03ff02ff01fe00fd00fdfffefc00fb05fd07fe03feffffff000000000000000000000000000000000000ff00fe010102010100ff00ff01ff01010002ff01010001fffefefcfefefe02fc08f907f902f905fa0b000c0205fdfefafcfafcf9fdfc
1504,167679803,-92,11,128,1,143,1,28866241fffbfefbfffeff03010203fdfefcf601f502f6fbf7f3f9f1fcfdfe06fefdfef700ff0404030301ff00ffff01fc03f805f605fd0100000000000000000000000000000000000000ff0100010001fffffeffffff0100010000000002010102ff01fdfffd00fe00fe00feff00ff02000002000102ff0100fd02fe0003fb
1505,167824220,-92,11,128,1,143,1,4ff11400030d040c0408060408ff0bfd0cfc0cfc0cfd0cfe0dff0e010d010a020702080009fe05ff01ff00fdfffcfefbfefa01f904fa01fe000000000000000000000000000000000000fe00fa03fb04fa04fa06f906f705f503f302f402f602f500f4fff5fef800fd020205030402030205030a010dff0efe11ff160015fe13
1506,168014445,-94,11,128,1,143,1,70066741fefffdfffd02fa04fc0105f905fafe05fd08fe03feff00010404050201fff8fffb000102fb08f90400f602f100f8fefffafefdfe000000000000000000000000000000000000ff01000301010000fffffdfffd00fe01fe00feff000102030100fefffd01feff00fc00fe0101ff01fbfffcfdfffd00fc00fa01fb01fc
1507,168131431,-91,11,128,1,143,1,4ff11400f3fbf6fbfafefafef800fa06fc0afd09fe0afe0cfd0bfd0aff0b000bfe0afc08fd0700050204030305020702070206010600010000000000000000000000000000000000000000ff01fc02fc02fc03fa03f802f604f606f706f806f806f906f902fb00fcfffbfefafcfcf9fff8fdf6faf4faf3f8f2f6f0f6eef5eff2
1508,168233829,-91,11,128,1,143,1,4ff1140003f500f7fcfbfafbf9f7f9f7f7fbf5faf5f8f4f6f5f6f7f6f9f8f8f9fafafdfafefafcfbfcfffe01fd02fb03fa03fa02fa02fe0000000000000000000000000000000000000000ff02fd04fe06fd05fc05fa06fa08fb08fe0bff0cfd09fb07fc05ff020100fe01fa01f900f9fff7fff401f100f200f402f202f104f5
1509,168610268,-92,11,128,1,143,1,2bbdd241030101fe01f901fa01ff03ff01fefeffff0000fffffffefffeffffff00fffffefdfefdfffd01fd01fe0000ff00fe00ff0001000000000000000000000000000000000000000001ff02000002020102000100ffff00fe01fffe01ff0103010301ff00fd01fe00fffffffefefdfbfdfbfefc01f305ed05f80202fe02fd
1510,168745828,-92,11,128,1,143,1,4ff11400f400f801fc02fe03fe06000803060207010a000c000dff0d010a040703050006ff0600060203030004ff0502050005fe05fd01ff000000000000000000000000000000000000fffffefbfefbfffcfefbfdfafcf9fcf6fdf5fef6fdf7fcf8fcf7fef900fbfefbfdfefcfffbfdfafffa02f604f102f100f101f102f300
1511,169667477,-90,11,128,1,143,1,4ff11400fafefd00fb02fb00fd01ff050208020b010e020e010bff08ff08ff0afe09ff0602040105010402050403040004ff0501040001ff000000000000000000000000000000000000000001fe02fbfffafefbfefbfefa00f800f801f901f700f401f602f900fafdfcfa01f802f900fafef6fef3fef2fef0fff1fff3fff3fc
1512,170986317,-35,11,128,1,143,1,1ee001000616071a081d091f0a200a1f0a1d0a1a09160711050c0206ff01fcfbf9f5f6f0f5ecf3e9f3e7f3e6f3e6f4e7f5e9f7ebf9edfefb000000000000000000000000000000000000ff05fc14fc14fc13fc12fc10fc0dfc0afd06fe01fffb00f601f002eb02e802e502e201e101e100e200e4ffe7ffecfff200f800fe0103
1513,171061296,-35,11,128,1,143,1,1ee00100fb14fa18f91bf91cf91df91dfa1bfb19fc15fd11fe0bfe06ff00fffa00f401ef02ec03e904e704e605e605e805ea05ed05ef01fc000000000000000000000000000000000000fe03f80ff80ff70ef80ef80cf90afb08fc05fe0101fd03f806f408f009ed0aeb0be90be70be70ae809ea08ec06f004f402f900ffff03
1514,171064647,-35,11,128,1,143,1,1ee001000715091a0a1c0b1e0c1f0c1e0c1c0b190a150810060b0306ff00fcfafaf5f7f0f6ecf5e8f4e6f4e5f5e5f6e7f7e9f9ebfaedfefb000000000000000000000000000000000000000402130213021201110110000d000aff06ff01fffcfef6fef1fdecfde8fce5fce3fce2fbe2fbe4fbe6fbe8fcedfdf3fef9ffff0103
1515,171219205,-93,11,128,1,143,1,355ff341020101ff00ff00000102030202ff01fe00fefffeffff00ff01fe00fdfffeff00fffffefdfdfcfdfeffff01ff02000001000000ff000000000000000000000000000000000000ff00fd02fc00fcfffffe00ff000002010201000000ff03010102fd01fe010102000000fd01fe000000fffffe07060f0e0707fdfefcfd
1516,171324577,-95,11,128,1,143,1,fdd88f4100ff01ff00fefffeff00000002ff02010004f80bf30efb05fffef5fceff9fbfb02fefdfffcfe01ff0403060404ff00fcfffdffff000000000000000000000000000000000000ff00fe00fcfffbfdfdfe00ff00fe00ff000100010101000000fe03fd03fc00fd00fefffffdfe00fe030102050006fe03fffe02fb02fc
1517,172306826,-94,11,128,1,143,1,68833641fc01fe0101fe00fbfefafcfdfe0008fe0ffd08fefefefbfcf7fff100f7ff05000701010201020000030006000100fd0003010200000000000000000000000000000000000000ff00fd01fe00fffeffff02000401050003010101ffff01ff04010102fe01fefd01fb02fdfffe00fd00fd010003000100fffefffcfffc
1518,172309744,-93,11,128,1,143,1,e8877e4101010002ff02fc02fc03fd03fc06fd0905010cf80bfd0308fe0c040708fc07f704f704fa03ff0000fe00000105030106fa05fd00000000000000000000000000000000000000fffffe01ff020001000000ffff00fe01ff0001ff0100ff01fe01fefefffcfffcffffff01030004ff02fc02fc01000000fffdfefbfcfa
1519,172637149,-94,11,128,1,143,1,4ff11400f7fdf6fff701fa02fb02fb04fa09fb0afd09fb08fa08fa08fc07fe05fd03fd0100010003ff04fe04000303030403020300040001000000000000000000000000000000000000fffffefdfdfdfdfcfdf9fdf7fdf8fdf8fef600f501f501f601f702f700f8fdfcfcfefcfdfbfdf8fef5fff400f000eefdeffcf2fef6fe
1520,173046742,-93,11,128,1,143,1,4ff11400f908fc08fe060005040307010aff0c020c040b050a030903080507050605030601050004ff0200fe00fb00f902fa05fb06fb01fe00000000000000000000000000000000000000ff01fb00f8fdf8fffa00f9fdf7fbf4fbf3fdf5fff6fff6fff7fff9fffafefefb02f904f903f803f503f404f606f505f404f505f506
1521,173456362,-92,11,128,1,143,1,4ff11400030605050404040205ff050005ff08fc07fb06fd09000b020b020a020801060303040202040003ff03fd04fc05fc05fd06fe01ff000000000000000000000000000000000000ffff00ff01ff01ff04ff050104040507060a07080307ff090009030701040103040307030703060107ff0801070307030a060c070d05
1522,173763559,-89,11,128,1,143,1,4ff1140007fa08f907fb03fb00fafef7fdf6fff6fef2fceefceefeeffef000f001f201f600f8fffbfefcfdfdfbfffb00f900f8fef8fdfeff000000000000000000000000000000000000ff00fe01000204030504060407050708070a060a060a0608060604040304030202ff01fe03ff06fd0afa0df70cf90dfa0efb0ffe0fff
1523,173897604,-40,11,128,1,143,1,1ee0010017f219f019ef19ef17ef14ef11f10df309f605fa00fffd03fa08f70cf510f314f316f317f318f417f515f713f910fb0cfd09ff02000000000000000000000000000000000000050215081408130810080d080a0705060005fb03f501f000eafee7fee5fde3fde2fde2fde4fee6feeaffeffef4fefafd00fc06fa0bf9
1524,173951683,-40,11,128,1,143,1,1ee0010011ed12eb12e912e911e90fea0ced09f007f404f802fd0103ff08ff0dfe12fe16fe18fe1afe1aff19ff17ff140011000d000a0002000000000000000000000000000000000000050115071507130712070f060b0607050204fd04f702f101ec01e801e601e401e202e202e403e603e903ed02f200f8fefefc03f906f6
1525,173968364,-91,11,128,1,143,1,4ff11400fff1fdf3f9f9f6fef800f703f503f503f503f202ef02f003f103f405f606f805f903fb02fc03fe0302020303030403040103000100000000000000000000000000000000000000000302020204020702080108030705060608050a040a030903080506030401020100fd01fa03f802f802f702f302f001eb02eb08f7
1526,174070794,-91,11,128,1,143,1,4ff1140000f5fff6fff6fef8fdfbfbfdf6fff3fef3fef4fdf4fcf5fbf7fbf9fcf9fdf8fbf9fcfbfbfcfdff00ff02fd04fd04fd03fc03fe0000000000000000000000000000000000000001ff06fe06fe05ff040007ff08fe09fe09ff0a000a0108010802060102fd01fc01ff01ff03fc04fa03f603f404f304f005ef06f007ee
1527,174288569,-25,11,128,1,143,1,0ee0004104e60be30ce103df01df03e107e40aea0bee07ec04ef00f300f003ef00f2fbf2fbeffbeef9edf8eefaeefdeefeeffff001f200fc00000000000000000000000000000000000004001102100310040f050f040f030f030c030c020dff0cfe0f0013fe13f714f219f01fee20f01ef81ffe20041c0113f60ff713031604
1528,175299614,-91,11,128,1,143,1,4ff1144107fd05fe03ff00fbfef6fdf7fff7fff3fef100f204f206f206f304f604f803f903fa03fc02fd00fdfffdfefcfcfbfcfcfbfbfefe00000000000000000000000000000000000001ff04fe06fd07fd04ff06020c040b060609050a05070505060408040707070806050300040109040b000dfb0ef80df90cfc0cfc0cfb
1529,175402026,-91,11,128,1,143,1,4ff1144107020202ff0004fc09fc0bfe07f702f001ef03f304f803f904f802f801f901f903f803fbfffffa00f8fef9fcf8fcf8fdf8fbfefe000000000000000000000000000000000000fffffd00fd00fcfffb01f903f6fff6faf7fbf8fdf7fcf6fdf700f8fff8fff901fa04fd0602070207ff04ff010207020e030e050b060a
1530,175914035,-94,11,128,1,143,1,4ff1140005fe06fd05fe02fc01f7fff5fef6fef6fff502f405f404f603f702f702f700f7fef9fdfafcfdfdfffefefdfefbfffafef9fdfeff0000000000000000000000000000000000000101030402020301050008ff090208040503030403040404030503050302040005fd05fc03fc02fc03fb06f908f709f70bf80cf90dfa
1531,176118820,-92,11,128,1,143,1,4ff11400fafaf9fdfbfefafefbffff04000aff0cfd0bfc0cfd0bfe0a000b010a00080005010301050003ff00010002ff02ff02fe02fc00fe0000000000000000000000000000000000000000020302020402060108020803070308030902090008ff0600050004ff04fc03f902f9fffbfafcf8f9f9f5fcf3fef5fcf7f8f6f7f1
1532,176426031,-91,11,128,1,143,1,4ff114000702050006ff07ff05fd04fc07fd08f907f608f909fc08fc07fc07fc08fc06fc05fd05ff0200fffefefbfffbfefcfefbfffc00ff000000000000000000000000000000000000ff01ff06fe05000501050006ff08fd09fb07fb07fc07fd08ff08000702060404020200020203050507060707050607030b020c060d0a
1533,176938053,-92,11,128,1,143,1,4ff11400ff0603050203020205ff0800090209030a040a0708080808070604050405040503050104020002fc02fc02fe02fc03fb04fa01fe000000000000000000000000000000000000fffffdfdfa01f904fa05fa03f901f800f501f302f402f600f800f9fffbfefd00fe03000302060109000b010c020cff0cfb0efa10fa11
1534,177123666,-96,11,128,1,143,1,344dd341040304020201ff00fe00ffff01fe00fefdfefff701f0fef7fc00fc07fd08fd01fefefffefefefffffffffefefe00fd01fc01ff00000000000000000000000000000000000000fffffcfefd00fe01ffffff00fffffffeffff00010002ff0100fe01fe01fe00fe00ff0000ff00fdfffdfefbfdfafcfefd0001000201fe
1535,177347655,-92,11,128,1,143,1,4ff11400030704010400050005fd05fb06f908f907fa06f907f708f708f808fb08fc07fc04fe02ff01fefffdfdfdfcfbfcfbfdfcfcfbfefe000000000000000000000000000000000000fffffe00fd01fd02fc03f900f700f704f707f607f405f303f500f9fffb01fd02fe020003020402060307050a070d050f0510060e050a
1536,178613082,-91,11,128,1,143,1,f3300f410100fffbfff901fd0000ff0001000101ff03fe03ff03ff01ffffffff000001000000fe00fefffefdfefdfefffefffdfefdffff0000000000000000000000000000000000000002ff06fd02000303050202fffffefcfefa00feff00fcfdfbfbfcf900f8fefafbfcf900fc00fe00fb01fcff02f7fff1f5f7f9ff02fd03
1537,178883707,-93,11,128,1,143,1,4ff11400f4fbf9fdf901f903fb03fd04fe06ff070008000b000cff0dfd0bfb08fb06fd05000401050304030103ff05ff06fe06fc07fd02ff00000000000000000000000000000000000000ff02fd03fc04fc06fd06fd06fb06fb05fc04fb05fb08fd07fe03fefffe00fdfffefcfcf9faf7fcf8fbf8f8f6faf4fbf5f8f6f8f5fd
1538,179049901,-42,11,128,1,143,1,1ee001001ef521f422f523f521f61ef71af715f80ff809f802f9fbf8f4f8eef7e9f5e4f3e2f1e0efe0eee2ede5eee8efecf1f0f4f2f6fcfd000000000000000000000000000000000000fefbfbecfcecfdeefef0fff300f6fffbfe00fd05fa0af70ff413f116ef17ee18ec18ec17ed15ef12f210f50cfa08ff0405010cfe11fb
1539,179104928,-42,11,128,1,143,1,1ee0010018ed1bec1cec1cec1ced19ee16f012f20df407f601f8fafaf4fbeefce8fce3fbe0f9dff8def6dff6e2f5e5f5e9f6edf8f1f9fcfe000000000000000000000000000000000000fdfcf4f1f5f0f7f1f8f2faf5fcf8fdfcfe01fe06fe0bfd10fb15fa18f91af81cf71cf61bf61af717f913fb0ffd0a0105050009fb0df7
1540,179162222,-42,11,128,1,143,1,1ee001001a121d151e161e171d161b151712140e100a0c0407ff03f9fef3fbedf9e7f8e2f8def9dbfadafcdbfdddfee0ffe5ffeaffeefffb00000000000000000000000000000000000003fc0df10ef10df30df50bf707fa03fcfffefafff400ee00e900e500e2ffe0fedffde0fde2fde4fde8fdedfef300f902000407080c0a
1541,179165254,-42,11,128,1,143,1,1ee00100f81cf81ff720f720f71ff81df919fb15fd10000b030506ff09f90df510f114ee17ec1aeb1bec1bed19ef17f214f410f60df803fe000000000000000000000000000000000000040210090f090d090b0909070705040301fffffbfcf6faf1f9edf8e9f8e6f8e4f8e3f9e4fae5fbe8fbebfbeffcf5fcfbfc02fc08fc0d
1542,179178721,-43,11,128,1,143,1,1ee00100edececeaeceaeceaedeaeeedf0f0f3f3f5f7f8fcfb01fe06000b030f04140518051a051c041c031b031902160213010f010c0002000000000000000000000000000000000000fc00f003f002f101f300f5fff8fffcff00ff040009020d04110613081509160a160b150b140a12090f070b05070303fffefcfaf8f7f5
1543,179182999,-43,11,128,1,143,1,1ee00100f61bf51df41ef41ff41ef51bf718f914fc10ff0a020506000afb0df612f316f019ef1bef1cef1cf01af218f415f711f80efa03fe00000000000000000000000000000000000003020e0a0d0a0c0a0a0a07080506030300fffefbfdf6fbf1fbecfae9fae6fbe5fbe4fbe4fce6fde8fdecfdf0fdf5fdfcfc02fb08fb0c
1544,179498118,-93,11,128,1,143,1,4ff11400fc05fc02fe0100ff02ff05ff06fe07fc09fd0afe0aff0a00090006ff05fe04fc04fc02fdfffdfefdfffdfefcfdfcfcfdfcfdfeff00000000000000000000000000000000000000fffffbfefbfdfafcf9fcf9fef600f500f600f6fef6fdf7fdf8fefafffcfefdfdfffc01fd03fb05f906f807f808f709f80bfa0af908
1545,180112525,-92,11,128,1,143,1,4ff11400060009ff07fe04fc02fa00f901f704f705f806f506f406f505f603f901fb02fd03fe03fd03fc01fcfdfdfcfcfdfbfdfbfefbfffe0000000000000000000000000000000000000000020203030403050209030b05090607070608060806080507040605050502030003fe04ff08ff0b010d010d000cff0d000e000cff
1546,180931781,-94,11,128,1,143,1,4ff11441fbfcfcfcfdfbfafdf9fffa00fa01f904f706f503f501f702f604f603f701f802fa03fc01ff0101030004fe03ff03fe03fe04ff0100000000000000000000000000000000000000ff00fefefefefbfff8fff8fff900f901f902f902f903f901f8fff8fefafffbfffbfafbf7fbf7fbf8faf8faf5f8f4f6f6f7f7f9f8f8
1547,181034169,-92,11,128,1,143,1,4ff11441fdf7fdf8fdf8fcf9f9fcf8fef7fef5fdf5fdf5fcf7fafaf9faf9f9f9faf8fcfafdfcfbfdfafffbfffbfffb00fa02fa02fafffeff000000000000000000000000000000000000fffffefd01fd01fcfffbfefafff902f903fa03fa04f706f906fc04fd01fcfffafff900fafffcfefbfaf8faf8fcf8fdf7fef6fcf6fbf8
1548,181238967,-94,11,128,1,143,1,4ff1144102f700f7fff8fef9fffbfdfdfafbf9f9f9f9f7f9f9f8fbf6fef6fff7fff901fa01fa01fafffcfdfefd00fe01fdfffafff8fffdff000000000000000000000000000000000000fffffefd02ff04fd03fa02fa03f905f804fa04ff070009fe06fc02fcfffb01fa03fc02fd00fbfef9fdf8fcf8fff504f305f404f503f5
1549,181648596,-93,11,128,1,143,1,4ff1140002f700fbfdfcfbfdf9fdf6fef6fdf6fef400f3fff6fff6fef3fdf6fcfafcf9fff802f801fa00fe02ff03fe02fe03fd06fb07fe0100000000000000000000000000000000000000ff01fd00fd02fb06fb07fa07fb07ff070009ff0afd08fe070007ff06fd05fd05fd04fc03fa01f900fb01f903f502f2fef1fff203f2
1550,182365394,-93,11,128,1,143,1,4ff11400f8fcfafdfc00fc04fc05fd03fb03f906fa08f907f606f505f604f703f703f803fa03fe02000201030003ff02ff0300050006000100000000000000000000000000000000000000fffffdfdfefcfdfdfafff800f800f801f803f703f402f503f903fb01fb00fa01fcfffffffffefcf8fbf3fbf3f9f5f9f7fbf5faf3f8
1551,182467812,-93,11,128,1,143,1,4ff11400fb06000402030301060009010a030b020b000b000b030a050903080207020500030002ff04fc04fa03fb02fc00fb00fb01fc00ff000000000000000000000000000000000000fefffcffff00fffffcfdfbfbf8faf7faf9f9f8f8f9fafcfcfdfcfbfcfdfffe02fb01fb00fd01fd05fb09fa0bf90af909fa0df910fa0f
1552,182712795,-92,11,128,1,143,1,711bb74103fe00fefdfdfffc02fc03fe020202040203030003ff02fdfffefd00ffff03fe04fe0100fffffdfdfdfeff000300030002ff00ff0000000000000000000000000000000000000000fffffdfffc00fe01fd04f006ec04f801020009fb0bf506f905ff05ff02000302060006fe06fb06fd0300fe01fd04ff0500020200
1553,182792432,-34,11,128,1,143,1,1ee00100e709e30ae10ae00adf09e108e407e706eb06f005f605fc06020707090c0b0f0e11111213121511160f160d150b130910070e01030000000000000000000000000000000000000402120a110b100c0e0b0c0a0a080805060105fd03f803f203ed04e905e606e407e208e208e308e508e706ea04ef01f4fdf9f9fdf500
1554,182811664,-34,11,128,1,143,1,52200500ecf2e9f0e8efe8ede8edeaedecefeef1f0f4f3f7f6fcf900fb05fd0afd0ffd13fc16fb18f919f818f817f715f712f80ff90dfe0300000000000000000000000000000000000000040013ff12fe12fe10fe0efe0b00080205040208fe0bfc10fa13f816f718f619f619f719f718f815f912fa0efa09fb03fafef9faf8
1555,182818494,-91,11,128,1,143,1,9dd44941fefdfd00fb00feff0001ff03fc02fa00fd00ff01fd01ff010101ff00fc02fd02ff02ff01fffdfffbfffd0000ff00feff01ff00ff00000000000000000000000000000000000001fe04fb02fe0000030104020001fe01fc02000205020200fcfdfcfd0201080507090608080005f8fdf8fef80af112ec0bf400fff606
1556,183013761,-34,11,128,1,143,1,1ee0010004e705e406e207e108e108e308e607e805ec02f0fff5fcf9f8fdf400f003ec04e904e703e502e501e600e8feebfdeefdf0fdfcff000000000000000000000000000000000000fb02ef0aee09ee08ef07f105f405f704fb04ff05040609090d0b100e12101311141314141314111310110e0f0b0b0906070105fb05f7
1557,183016193,-34,11,128,1,143,1,1ee00100ec0fea11e812e712e611e710e90eec0cef0bf409f908fe07030609060d071109130b150d150f14101210100f0e0e0b0d0a0b0202000000000000000000000000000000000000040013021302120310040e040b03090106fe03fb00f7fef3fdeefceafbe7fce5fce4fce3fde4fee6fee8feebfef0fdf5fbfbf8fff703
1558,183232964,-33,11,128,1,143,1,1ee00100ecf0eaede9ebe9eae9e9ebeaedebefedf1f0f3f4f5f9f7fef804f809f80df611f414f215f016ef15ef13ef11f00ef10bf30afc0200000000000000000000000000000000000002040712071205120411030f030c03090405060108fd0bfa0ff712f515f317f319f31af319f418f516f613f70ff809f904f9fff7fbf6
1559,183438242,-27,11,128,1,143,1,b77ccb41000cf90af80aff0b00fffff1fef1feff02080106000104fb04f604f808fb09fd0606030bff0afc07f901fafcfdfafffbfffdffff00000000000000000000000000000000000001ff04fe0201030002fe0202040306fe0ef90df703fa00fd04fc02ff0000fffff9fef6fdf2faf2fafb03f8fef3eefbf403080003fdeb
1560,183685025,-26,11,128,1,143,1,111aa141f7f30cf510ffff06f305f70903120311fd03fcfafaffff0502090309090007f5fef3fcfafc05f90bf604fafffdfefdfefe00ff00000000000000000000000000000000000000fe01fe0107f709f9050004ff00ff02ff0bfd0afd0001f706f70afc07f9fff5f0fee701e3f6e9f6fefe060006040a0105fdfd07fc0c02
1561,183771530,-26,11,128,1,143,1,f44fff41ff0c120d15f90cf5fc02f807fe08040706fefcfcf800fdfcfaf5f7fafc02ff04fe0401030101fafef6f8f9fbfa05fd050002ff00000000000000000000000000000000000000f7fde5f4f9f402f6f6f7f3f9f8fdf705f80ff40cf8fa0af20bf9fcf6fdf90b0d060ef301ebf7eef2f2faf4fef700f60bfa04fdffed0a
1562,183772657,-26,11,128,1,143,1,02211041f9ed08f208f60502050c04020601040505fa03fdfe0c090a13fe0bfd0203fa05f401f203ee0aef0df707fc00010304090307000100000000000000000000000000000000000000ff02fd09f813fa0e090311030609fe090a0215fb11f508f104ebffedf3fcea0af8130408faf2f5e9fdf204f90ef713010516fb2602
1563,184358178,-34,11,128,1,143,1,1ee0010009eb0ae80ce60de60de60de70ce90beb09ee06f102f5fef8fafbf6fef200ee00eb00e8ffe7fee7fde8fceafbecfbeffbf0fbfcfe000000000000000000000000000000000000fb01ed03ed02ed01ee00f000f300f600fa02fe0301060509080d0a100c130d150d170c180b170a1609150812070e0609050306fe06fa
1564,184412038,-34,11,128,1,143,1,1ee00100ed11ea13e814e715e614e713e911eb0fef0df30bf809fe07030609050e05130616081809190b180c170c150d120c100b0e090302000000000000000000000000000000000000050114051406130611070f070d060a04070103fd01f8fff3fdeefceafce6fce4fce2fde1fee2ffe3ffe6ffe9ffeefef4fcf9f9fff702
1565,184925459,-92,11,128,1,143,1,4ff11400fe060004020304000600040103ff05fd09fd0cff0c000c010c000afe07ff04ff05ff050003ff00fefefefffc00fafefafdf9fffe000000000000000000000000000000000000fffffcfefbfefafffafefbfdfcfefafef7fef6fdf6fcf7fbf9fafbfcfcfefbfffbfffc01fc02fc04fc09fd0bfe0dfe0efe0dff0dff0d
1566,185437496,-92,11,128,1,143,1,4ff11400fd0a00070103010201020203030405050705070505050507050704060406030502030302030202fe02fd03fe05fe04fe05ff0100000000000000000000000000000000000000fe00fcfffdfffc01fc04fe05fd05f904f603f702f803f603f702fa01fc01fb01fa00fd02ff04000700070007ff09fd0cfc0bfc0afb0a
1567,186119578,-93,11,128,1,143,1,e44cce4100fffffeffff000002fe02fdfffffe02010009f70df308fa0300fa08f20df809ff04ff020001010000ff00010103030002fc00fe000000000000000000000000000000000000fffffefffcfffd01fe01fe00ff01ff01fe00fe01ff0000fe01ff0003fe04fe01fdfdfffd01ff0001fe03fe02ff00ff00fc00f900fdff
1568,186461525,-93,11,128,1,143,1,4ff1140007f805fa02fcfffbfff7fff6fff700f7fff8fff901f804f804f904f704f703fb04fd04fd03fc00fdfcfefbfefcfdfdfcfefbfffe000000000000000000000000000000000000fefffcfcfdf9fef8fff900f800f702f706f707f608f908fa07fc07ff06fd03fb03fc02fdfffbfdf901f805f304f204f406f505f501f3
1569,187383139,-94,11,128,1,143,1,4ff1140000f9fdf9fdfbfdfcfdfdfcfff9fff6fef6fff600f500f6fff8fff8fef9fbfbfafbfbfbfcfbfdfbfffb03fc05fc04fc03fd00ffff000000000000000000000000000000000000ff00ff00010002ff04fd06fb07fb07fb05fc05fd08ff09ff06fe04fd05ff050002fefefdfffb01f900f9fff8fff4fff200f301f400f3
1570,187792752,-93,11,128,1,143,1,4ff1140001f703f801f9fffd00fffefefafef7fff5fdf6fbf6faf6fbf9fbfafcf8fdfafefbfefbfffd02ff02fe00fd01fb02fb00fb00ff000000000000000000000000000000000000000000020003fe03fc02fb03fb05fa06fa08fa09fa09fc08fc05fd04ff030002fd01fb00fa00f7fff6fcf6fcf4fef201f001ef00f102f5
1571,188042642,-34,11,128,1,143,1,1ee00100160819091c0b1d0c1d0c1c0d1a0c180b140910060c0308ff04fb01f6fff2fdedfde9fee6ffe500e401e502e603e903ec03ee01fb000000000000000000000000000000000000fefbfaecfbebfdecfeedfeeffef1fef5fdf8fbfdf901f605f209ef0bec0de90ee70fe60fe60ee80de90cec0af009f507fa0600060506
1572,188045250,-34,11,128,1,143,1,1ee00100f712f515f417f218f218f117f215f313f511f80efb0aff07030407020c011000130015011703170416051506130610060e06030100000000000000000000000000000000000004fe11fb11fc11fd10fe0efe0cff09fe06fd02fcfef9fbf6f8f3f6f0f4eef3ecf3eaf3e9f4e9f5eaf6ebf7edf8f1f9f6f9fbf900f904
1573,188061624,-34,11,128,1,143,1,1ee00100101013121414151615171317111610140e100c0c0a08080307fe06f906f408ef09ec0bea0de90ee90feb10ec0fef0ef10df403fd000000000000000000000000000000000000fffbfdecfeecffec00ed00ef00f2fff5fef8fbfcf8fff402f005ec06e907e708e507e407e406e505e705ea04ee04f404f905fe070208
1574,188117894,-35,11,128,1,143,1,1ee00100fbe9fbe5fbe3fce1fce1fde2fee4fee7feeafdeffcf4faf9f8fef602f306f009ed0bea0be80be70ae809e907eb06ed04ef03fc00000000000000000000000000000000000000fd03f40ff30ef20df30cf40af608f807fc05000405040a040e05120616071809190a190b180b170b150b12090f070b0307ff04fb02f7
1575,188119636,-35,11,128,1,143,1,1ee00100ecf2e9f0e8efe7ede7ece8edeaeeecf0eff2f2f6f4faf7fefa03fc08fc0dfc12fb15fa17f919f819f718f616f614f710f70efd03000000000000000000000000000000000000000402130113ff12ff11fe0ffe0dff0a0106030206ff0afc0ef912f715f617f519f51af61af619f717f814f90ffa0afa05fafff9fbf8
1576,188172628,-34,11,128,1,143,1,1ee00100f5ebf3e7f3e5f3e3f3e2f4e3f5e5f6e7f7eaf8eff8f4f8faf8fff704f509f30df00fed11eb11ea10ea0fea0dec0bee08ef07fc01000000000000000000000000000000000000fe04fa12f912f911f810f90efa0cfc0afe07020406020b0110001400170019001b011c021c021a031903160211010cff08fc03f900f6
1577,188173363,-34,11,128,1,143,1,1ee0010012f216f018ef1aef1aef1af018f216f313f40ff60af704f8fff8faf8f5f6f1f4eef2ecf0eceeecededecefecf2edf5eff6f0fdfc000000000000000000000000000000000000fbffecfeecfdedfceefbf0fbf2fcf5fef800fb03fd06ff0b010f021303160319021b021c011b001a001800150111020c0407060309ff
1578,188173869,-34,11,128,1,143,1,1ee0010016fc1afc1dfc1efc1ffd1efe1cff19ff16fe11fe0cfd07fb02f9fef6faf3f7eff6ecf6e9f6e7f7e6f8e6fae7fce9fdecfeeefffb000000000000000000000000000000000000fbfdeff6eff5f0f4f2f4f3f5f5f7f6f9f8fdfa01fb05fb0afa0ff912f915f717f619f51af51af518f516f614f910fc0c000804050803
1579,188538206,-34,11,128,1,143,1,1ee0010017f71af51df51ff51ff61ef71cf819f815f911f90bf906f800f7fbf5f6f3f3f0f0edefeaf0e8f0e7f2e7f4e8f6eaf8ecf9eefefb000000000000000000000000000000000000fafeebf9ecf8edf7eff6f1f7f3f9f6fbf9fefb03fd07fe0cfe11fe15fe19fd1bfb1dfb1efa1dfa1bfa19fb16fc11ff0c030706030aff
1580,188538631,-34,11,128,1,143,1,1ee0010000e900e601e402e302e202e303e602e802eb00effef4fcf8f9fcf600f203ef05ec06e906e705e704e703e801ea00edffeffefcff000000000000000000000000000000000000fc03f30df20cf20bf209f308f606f805fc050004050409050d071109130a150c160d160e150e140e120d100b0d080a04070005fb04f8
1581,188583160,-34,11,128,1,143,1,52200500e6fee2fee0fedefddefcdffce2fce5fde9feedfff201f803fe060209070d0a100c140d170d190c190a1908190716051404110104000000000000000000000000000000000000010406140514041303120210020d020a0305040106fc09f70cf30fef11ed13eb15eb16ea16eb15ed13ef11f10df308f602f8fcfaf7fc
1582,188603391,-36,11,128,1,143,1,52200500f915f819f71bf61cf61df61bf619f717f814fa10fd0b0006040207fe0bfb10f813f716f618f719f818f917fb15fc12fd10fe04ff000000000000000000000000000000000000040012021203120310040e040c03090206ff02fdfffafcf6f9f2f7eef6ebf5e9f5e7f5e6f5e7f6e8f6e9f7ecf9f1faf5fafbfa01fa05
1583,188726177,-94,11,128,1,143,1,fdd99f4103fb02ff0002000000fdfdfefafffd00010109031002080001ff070309080104fdfefffe03fe03fdfffdfffe00feff00ff010000000000000000000000000000000000000000fffe00fb00fe00fbfef8fbfefc0200fe02fa03fc02fefffcfcfffd04000201ff000001ff02ffff00fe00000002ff03000201fdfffafe
1584,190557630,-93,11,128,1,143,1,4ff11441fe08ff040201050007fe07ff08fe09fb0afb0bfc0bfc09fd08fe08ff07000401030002fe00fdfffcfefafdf9fdfafdfcfdfcffff000000000000000000000000000000000000fefefafbfcfbfdfdfafff901fa01fb00f9fdf7fdf9fcfafaf7fbf5fcf7fcf9fdf9fffa01fc0500070209ff0bfc0dfe0b000cfd0efa0d
1585,190762445,-91,11,128,1,143,1,4ff1140005fa03fc01fc00fcfefcfefdfdfafbf8fbf7fbf7fdf6fdf5fbf4fbf4fcf7fff8fffbfefdfdfdfdfefbfdfafff900f9fffafefeff0000000000000000000000000000000000000000030004fe03fd03fc04fb05fb07fd09ff0a000c000a010602050104ff02fd01fb03f904fa03f902f605f205f003f106f209f207f0
1586,191070042,-92,11,128,1,143,1,4ff11400f6fff902f900f9fffd0201060209040a060b050d010fff10fe0fff0aff07010603050204020204ff04fe05ff07fe06fe03ff00ff000000000000000000000000000000000000fffefefa01fb02fc02fa02f803f705f705f905fa06fa06f906f704f802fb01fcfffbfcfcf9fef7fef6fdf3fef2fdf3fef3fef0fcecfc
1587,191355490,-93,11,128,1,143,1,2ff5524100ffff000100020100fefbfdf701f304fa0408030609f80bf50700070903090005fe03fe01fefffefd010004060105010004ff0100000000000000000000000000000000000000000001ff000000ff00ff02ff0100fe01fe02ff01ff00ff00000002ff02fc00fd0000fe03fc04fd03fd01fd000000fffdfefe000200
1588,191479247,-91,11,128,1,143,1,4ff11400f907fd06fe05fe04ff020302070109020906080a060b0409050805080508050602040202030003fd03fc04fe05fc05fa05fa01fe000000000000000000000000000000000000fefffbfcfafdf8fef6fef5fef5fff4fef3fbf5faf8fafafbfbfdfbfffbfff900fb00fd00fc00fc04fd09fc0af809f609f30cf10ef20d
1589,191684050,-92,11,128,1,143,1,4ff11400f8f6f9fdfafffcfffc01fc01fc03fb07fb0bfa0ef90df90bfc0dfd0cfd08fd05ff04000400040202040005ff06ff07000901020000000000000000000000000000000000000000ff02fd04fb07fa06f905f808f807f807f70bf90cfd0cfc0bfb0afe07fe01fdfefffdfefcfdfbfcf8faf6f7f4f6f1f7f0f6f2f3f1f1
1590,191706846,-93,11,128,1,143,1,63366641fd00fe000003ff04fe03ff00fefefdfefffe01fe020001fffefefefefffefffdfffdfffeff0001ff02fd02fd01ff000000020000000000000000000000000000000000000000fffffffe01fd02fe01010001fe07fe10ff0afd03f906f90bfe08fe02fd00010103020200ff01ff030102fefefcfafdfbfbfefa00fc01
1591,191985646,-35,11,128,1,143,1,1ee00100130f1611181119111910180e160c130a0f080b0506030001fb00f5fff0feecfde9fce7fbe6fbe6fbe7fbe9fcecfceffcf2fcfcff000000000000000000000000000000000000000500140014ff13ff11fe0efe0bfe07fd02fcfdfbf8fbf2faeef9eaf8e7f7e5f6e4f6e4f6e6f6e8f7ebf8eefaf3fdf801fd04010705
1592,191988246,-35,11,128,1,143,1,1ee00100e600e301e201e102e103e303e603ea03ee03f302f800fdfe03fc08f90cf710f513f415f316f215f214f313f410f50ef70cf902fe000000000000000000000000000000000000fdfbf4eff4eff5f0f6f1f8f3faf5fdf800fc04ff07030b070e0a120d140e160f1710170f170e150d130b10090b0706040002fb01f600
1593,191991260,-91,11,128,1,143,1,4ff11400f8fbfbfefc00fb02fd03ff05ff0afc0df90ff90dfa0af909f908f907f808fa08fd06fe0400040305050505030402040205030100000000000000000000000000000000000000fffefefb00fcfefcfdf9fef6fdf6fcf7fef700f600f502f703f902fa01fb00fdfefefcfefafdf9fdf8fdf7fef7fdf3fceffaeffaeefa
1594,192041157,-36,11,128,1,143,1,1ee00100efededeaebe9eae9eae9ebebededeff0f2f3f6f7fafbffff040208050d08100b130d150f15101510140f120e100c0d0a0b090202000000000000000000000000000000000000fefbfaecfbecfbecfceefdf0fef4fff701fc02010306040c0510061508170819091b091b0919091708150711050d0207ff02fcfcf9f8
1595,192094589,-36,11,128,1,143,1,1ee00100e407e108e009e00ae00ae30ae609ea09ef07f506fa03000006fe0bfb10f914f717f619f61bf51af519f617f713f810f90dfa03fe000000000000000000000000000000000000fa01e803e803ea01ec00effff3fff7fefdfe03fd09fd0ffd15fd19fd1cfd1efd20fd20fd1efd1bfd18fd14fd0efe07ff0000fa01f502
1596,192102879,-36,11,128,1,143,1,1ee0010010121214141515151414131311100f0d0c090906050200fefbfbf7f8f3f5f0f2eef0edeeedededeeeeefeff1f1f3f4f5f5f7fdfd00000000000000000000000000000000000003040c110b110a10080f060d040a0207ff02fcfdfaf9f7f4f5eff3ecf2e9f1e7f1e7f1e7f1e8f2eaf4edf6f0f9f5fcfa00ff03030607
1597,192103435,-36,11,128,1,143,1,1ee00100e60ce30ee20fe210e20fe50fe80dec0cf10af607fb04000006fd0bf90ff713f416f318f219f218f217f315f412f50ff70cf802fe000000000000000000000000000000000000fa02ea09ea08eb07ed05f003f302f700fdfe02fd09fb0ffa14f918f81bf71df61ef61ef61df61af717f812fa0dfb07fe0000fa03f604
1598,192104005,-36,11,128,1,143,1,1ee00100f71af61df61ff71ff71ff81dfa1afb16fd11ff0c000501ff02f903f404ef05ea06e707e507e407e407e606e805eb04ee03f100fc000000000000000000000000000000000000fe05f816f715f713f711f70ef90afb06fd01fffb02f605f108ec0ae80ce60de40ee30ee30de50be70aea08ee06f303f90000fe06fc0a
1599,192104463,-36,11,128,1,143,1,1ee00100e60ce40de30ee20fe30fe50ee80dec0cf10af607fb04010106fd0bfa0ff713f516f418f319f218f317f415f512f60ff80cf903fe000000000000000000000000000000000000fa02ea0aeb09eb08ed06f004f402f801fdff02fd08fb0efa13f818f71bf61df61ef61ef61cf61af716f812f90dfb07fe0000fa02f604
1600,192196082,-91,11,128,1,143,1,4ff11400fff5fbf9fcfcfdfefb00fafffafef800f303f204f201f2fcf4fbf7fdf8fef7fff900fd01ff04ff03ff0201040106000702080102000000000000000000000000000000000000010003020304040605050604070506060707070905080404040305050505030102fe02fbfff8fff602f605f507f30bf10df20af405f4
1601,192400872,-92,11,128,1,143,1,4ff1140008fc06f900fbfbfbfdfafefafaf9f6f9f4f8f7f7fbf5fbf7fbf6fcf4fdf4fef8fdfafefcfffdfefffcfff9fef800f901fafffeff00000000000000000000000000000000000000ff03ff05ff06ff05fe06fe0900090107020703070407060607040504030502050004fd04fb06f807f608f40cf30df20bf40bf50df2
1602,192764624,-93,11,128,1,143,1,d11bbd41fffffe00fc00fcffff01fe03000403010002fb0bf40cee09f506fefffcf8fcf9ff02ff07fe06fd02fe02000100fb03f70af603fd000000000000000000000000000000000000ffff00fe02fe03ff02ff01ff02010302030100fffefe00010002ff02ff0000fe01fe01ff02010200fffcfcfdffff0300020000010000
1603,192811966,-91,11,128,1,143,1,4ff1140008fd04fc02fb00fbfdfcfafbf7faf6f9f6f6f4f2f4f2f6f5f7f5f9f7faf8faf9fafafcfafefbfffefe00fd02fc04fb03f903fe0000000000000000000000000000000000000000010203040206020703050305040503050503080209040804070405030203000400030104ff05fa05f808f70af70cf710f710f70cf7
1604,193015288,-92,11,128,1,143,1,4ff114000a08080306fb06f805f802f8fdf6fcf5fef5fef5fcf5fbf5fdf400f302f501fa00fdfdfcfdfdfdfefcfdfbfdfafff900f801fd00000000000000000000000000000000000000000001010004ff04fe02fc05fa09fa09fa09f907fb07fc07fa05f902fc02010201030003030309020c040c060d051105140714071408
1605,193117702,-92,11,128,1,143,1,4ff11400f809fa09ff06020103000406060a090a0a090a0a090b060a0208010702070007010702050203020302010300040006ff07fe01ff000000000000000000000000000000000000ff00fe00fd01fb02f704f705f705f504f703f800f5fff3fff5fff801f902fc0001ff03010105ff07fb0af80df70ef60bf50af50bf50b
1606,193424911,-90,11,128,1,143,1,4ff11400f600fa02fc0200020105ff09ff0b010b030b030a030b020d010e020b0006ff040004010401030202030103ff04fd06fc08fb02fe00000000000000000000000000000000000000fffffefefdfcfbfcf8fdf6fbf6fbf6fdf700f700f800f801f300f400fbfffffd01f904f705f904f702ef01eb01ec01ee01f001f300
1607,194033383,-94,11,128,1,143,1,55500541fbfcfbfefdfdfafdf5fef5fbf7faf8f9f8fbfafdfcfffd020004010103fd03fc00f904f909fc09fd08fd04fdfffa02fa07fc02ff000000000000000000000000000000000000000002010100ffff00fe01fd00fefe00fd00fdfffffefefffd01fffffffeff000101020001fdfffdff01ff02000001fefdfcf8fcf9ff
1608,194362230,-94,11,128,1,143,1,7dd22741fdfd02fc00fdff00fd00fdfe020006fd07fa04f704f308f509fc03fefe00ff04fe06fc03fdff01fd020001020000fe01fe02ff0000000000000000000000000000000000000000000102fe01feff00fd00fd00fe01fe01fefefefdfffe00ff00010000fe00fd02ff01000002000200030203020001fefffffefefdfd
1609,195646820,-92,11,128,1,143,1,c55ddc41ff02fc02f7fff4fcfcfa06f907fc0200ff00ff00000002fa00fc00030005fe09fc0bf903f5fdfbfe05fb06fc0200fffffffd00ff00000000000000000000000000000000000000fefffdfd00fcfefdfeff010000fffdfdfcfffb01fd010001ff02ff0200ff01fe01ff01000000010102020102000400070106000301
1610,195882959,-93,11,128,1,143,1,4ff11400040a05040703050204ff06fd07fb08f808f508f808fc07fb06fa05fc06fb06f906fb04fd02fe01fffdfffcfcfefafefafdfbffff000000000000000000000000000000000000fefffafff902fa05fb07fa05fb03f906f708f806f804f702f900fa00fd0201050105ff02020204050508080b0b0d0b0e080f060d080c
1611,195957154,-38,11,128,1,143,1,677bb641f4f5fef504f8fe01f30df407fbfbff0009070f050cfc06fd05080107fa03fa04fd03000002ff01ff00ffff00ff00ff00ff00ff00000000000000000000000000000000000000000000010001fefffefffe03fb03fd0005ff06fdfcf7f2fbf001fdfd0afc0bfd08fb0af90a02fd0afc0406fe0df713e90ee218f63b16
1612,196161349,-93,11,128,1,143,1,68855641fe000000fffdfefe0103040401fffcfefbfefef5fdeffbeffdf6fffefaf7fbf701ff0501050003ff01ff00fd04fb0bfc10fe04ff000000000000000000000000000000000000ffff00fe0100000000fe01fdff00fe00ffff000001fd00fafefcfe00000000fefdfdfcfcfdfdfcfffbfffeff01ff00fffefdfbfdfa00
1613,196599379,-92,11,128,1,143,1,4ff11400f702f700fa00fe040008ff0900070309040a060a060a040c030c020b020a020802060303020002ff03ff02ff0400050008ff02ff000000000000000000000000000000000000fffffdfefefcfdfcfcfbfdf9fbf8f7f7f5f5f9f4fcf6fdf8fef9fef9fdf9fbfdfafffbfefafff702f506f207f006f107f507f706f607
1614,196630173,-94,11,128,1,143,1,8cc77841fe00ffff00ff03ff050004040406040809020dfe0506f704f1fcf504f90afa06fb04fe01fffefe00ff03040204000003fb04fe00000000000000000000000000000000000000fffffffe00fe00ff0101010001fe01fe00ffff010003000201ff03fe02fdfffdfe00fe0201020301ff02fb05fd030100ff00fd010100
1615,196701779,-90,11,128,1,143,1,4ff1140006fc06fa04fa00fcfcfef9fff8fef5fdf4fef4fcf2faf2faf2fbf3fdf5fff800f901fb01ff02ff02ff0202030306010701060001000000000000000000000000000000000000fffffe00fc04fc05fc08fd09fe0afe0aff09ff07fd06fc06fd06fe04fe02fe0100ff03fe04fc05f906f808f909fa09f90af70df70bfc
1616,196960436,-91,11,128,1,143,1,2ee99241fc02ffff01fffffefdfefb02fa00fbf5f8f0f9f4fffdfffe03f303eefef405000602fffffdfdfffefefdfafbfcfd0001fb04fd010000000000000000000000000000000000000000000200020001fe00fdffff00010002000002fd03fd03ff00fefcfdfdffff0000020105010301010102010101fc01fb0401040402
1617,197725820,-91,11,128,1,143,1,4ff11400faf6fcf8fefcfd00fd04fd08fd09fe07fd07fc09fc0bfb0cfc0cfe09fd09fc08fd07ff0501020301020002ff040006ff07000200000000000000000000000000000000000000ff00ff01020005000502060507040701060208040905090508050604060307010300fdfefcfbfdf8fcf4fdeffeeefcf1faf2f9f1f9f0
1618,197828202,-92,11,128,1,143,1,4ff11400f7fbf9fcf9fff904fb06fe07ff09fd0af80bf40df30bf406f502f600f7fff700f901fc00fb01fc04fc04fb04fd05fe0600070001000000000000000000000000000000000000ff00fe01fe02fd04fb07fa07f906f805f702f7fff6fef6fff7fffcfffdfffcfdfbfcfb01fc05fc06fa07fa08f805f302f002f004f107
1619,198340215,-92,11,128,1,143,1,4ff11400fc0b000a040706050604070108ff090009ff0b000a04090608040803080108ff06ff0300040102fffffb00fa01fa01f903fa01fe000000000000000000000000000000000000fe00fa01fc02fb01f900f803f902f8fff7fdf8fcf5fdf4fdf7fef9fefafffafdfafcfd01ff06ff08000a010cff0efd10fc11fb0efa0a
1620,198418604,-94,11,128,1,143,1,766ff741ff0100ffffffffff02ff05ff06fe01fff8fef6fefe06060506fe0205ff0d0009ff04fcfffcfdfd00fdfefdfafcfafcfefe030001000000000000000000000000000000000000000002010302030100fffefefd01fd03000101ffffffff01010003fd01fdfdffff0002ff02ff0100fffe00fb02fc00fdfffdffffff03
1621,198442622,-92,11,128,1,143,1,4ff11400fe07fe08020206fd09fc09fa06fa08f90cf70cf909fb07fa09fa0bfc09fd08fd07fb04fc01fc00fcfffefdfefcfcfcfbfbfdfeff000000000000000000000000000000000000fefffafffafffa02fa02fa00f702f703f802f701f7fff601f500f8fffa00f902f903fd0301030407050a040a050b050d050f0510060e
1622,198749439,-91,11,128,1,143,1,e3300e41ff000000010002fd01fcfffcfefb01fc06fe0afd06fe01020002fe01fc00fbfefcfdfdfcfcfdfbfffd01fc01fb00fcfefdfeffff0000000000000000000000000000000000000000fe02fd00fefcfefafefafcfbfcfe00020403060105ff05020307000700050002fffffdffff0404060305fe06fb05f403f203f7ff
1623,199364261,-92,11,128,1,143,1,4ff1140002f802fa00fdfcfefbfffa02fb04f803f401f1fff1fef2fdf4fcf4fef5fff7fef9fefcfefefffc01fc01fc04fd06fd07fc06fe0100000000000000000000000000000000000000ff01fd01fc02fb03fa05f907f606f704f903f803f804fa05fb03fc03fd03fd02fbfffbfdf9fbf6faf6f9f5f7f5f9f5fdf2feeffcf1
1624,199466643,-92,11,128,1,143,1,4ff11400f1fdf5fff800fb00ff0201060109020b0110ff12fd11fd10fe10ff0d000a0009ff06fe03fe02fe02010303010300040105020100000000000000000000000000000000000000fffffffdfffbfefbfcfafcf9fcf7fef5fff500f500f4fef4fef400f702f801f9fdfdfc00fa00f8fff4fff000ef00ee03eb04e901ec00
1625,199569061,-92,11,128,1,143,1,4ff114000008020402010301070308030a010c000b030b050c040b030b020c020b01080105010501030100ff01fc01fb00fa02fa05fb01ff000000000000000000000000000000000000fe00fb01fb01fb01f900f700f702f701f400f500f700f601f500f7fefcfefe00fe02ff010002fe050006010afe10fe120011fe0ffe0f
1626,199671472,-92,11,128,1,143,1,4ff114410af702f7fff901f700f7fcfaf9fbfafafaf8f8f8f6f7f6f5faf5fcf8fbf7fbf5fdf7fffafffdfeffff01ff03fc06fa05fb02fe00000000000000000000000000000000000000ff00ff0100030104050406060608060904090209040903070005010203000401040205ff06fc05fa07f70af30cf30df80efb0ff80ff6
1627,199773849,-91,11,128,1,143,1,4ff11400040b020302010202060107fb06f506f507f606f606f708f707f604f604f803fa02fa02f900fafefcfdfefcfefcfcfbfbfbfcfeff00000000000000000000000000000000000000fefffbfdfef900f501f601f801f601f700f8fef6fff800f902f801fa00fd00ff02010401070209030a050a080b070d0610050f010b
1628,199876260,-93,11,128,1,143,1,4ff11400fc0afe04fd02fd0000fd04fe070009030a050c060d050c050b060906060306010600060104ff02fc02fb01fb02fa02f901f900fe000000000000000000000000000000000000fffffdfffefefdfdf9fef4fef3fcf7fafaf7faf7faf8faf9fbfbfcfcfbfcfafefb01fa00fb01fc06fa07f708f60af80df710f610f90c
1629,200217390,-93,11,128,1,143,1,dee88d4101ff01fe00fefefefdfdfefcfefcfffefffffefffd00ff0101010302040203ff01fe0100040204010100ff01ff01fefffc00ff000000000000000000000000000000000000000000010200fffffafffafefffe020003020104fe01fdfefeffff01000103010002fe04000302ff02ff0000ff05fb0cf708fd040204fe
1630,200285894,-90,11,128,1,143,1,4ff1140002f801f9fef8fafaf9fcf9fef801f701f5fff4fff3fdf3fcf4fcf5fcf5fef6fff9fefdfefe00fd01fe02000401060007ff05ff010000000000000000000000000000000000000100060005ff04fd05fc08fc0afd0afe0afe09fd09fe09ff080005fe04fd02fe01ff01fdfffafef800f701f601f500f201ee02ef02f5
1631,200388436,-91,11,128,1,143,1,4ff1140004fe05fe04fe00fefbfcf7fcf6fcf7fbf7faf5f8f4f8f6f7f6f8f7fafafafcf6fbf5fbf9fcfdfcfffc00fd01fd04fd05fd04ff010000000000000000000000000000000000000101040401030303050307040806080508030706040701050105050508050705070107fc04fa02f803f407f20af10bf210f212f20df4
1632,200778775,-94,11,128,1,143,1,666ff64100fb03fa03fa02feff00fbfafdf80bfb10f808fafe01ff000aff10fc09fd0106fe05fffe01fd02ff01fdfffb01fb00fff801fd00000000000000000000000000000000000000fffffe01fe01feffffff00ffff00fe01fe01ff01ff02ff01ff01fd01fe01fe00fe00fefffefffd00000002ff02fe020002020102ff00
1633,200799050,-91,11,128,1,143,1,4ff11400fb0700070306040805080503050008000a000d010f030f040c050706030503030402030201ff02fb04fb04fc03fa03f905f901fe000000000000000000000000000000000000ff01fe03fd03fa04f904f904f705f603f5fff400f301f300f601fa02fb03fd05fc04fa05fd06ff08fd0cfb0ffb0ffc11fb15fa15fd13
1634,201182308,-94,11,128,1,143,1,700cc741030104ff0300ff03fd04fb01f800fafd03f80afc09fb02f7fff802ff0209ff0afc06fe040103000001ff0002fc05fe0607060201000000000000000000000000000000000000fffffffd01ff01020003fffffefdffff0101010100fefffd00fd01fd01fd02fd03fd02fe0000fe03fe05ff02fd01fc02000003fe00fe
1635,201182825,-93,11,128,1,143,1,277bb241fbfffd020003030007000600fefdf7fcfbfd06fb0c000a080504fefdf703f906030108ff0401ff03ff02fffffbfdfafbfdf7fffd00000000000000000000000000000000000000ff00fefefdfffe00000102010101ff0100ff01fd00feffff01ff01fe00fd01fe03000302030103fd02fbfffbfefe00010100fefffc
1636,201708350,-92,11,128,1,143,1,e6655e41fdfbfffdff01fe02ff0000feff00fd01fefefeffff02000001fd00ff00000200010200030101020002ff01fe01fefffffd01ff00000000000000000000000000000000000000fe00fb02feff02ff04020101fefffbfefb00fb01f500ef03f702020205080708040102fe01fbfef9fdf9fcfcfbfffb02fc03ff02fe03
1637,201941658,-37,11,128,1,143,1,1ee00100160a190c1a0d1a0d1a0d180c150a12080f050a0206ff02fbfef7fbf4f8f0f6ecf5eaf5e8f6e7f7e7f8e8f9eafaedfbf1fcf3fffd00000000000000000000000000000000000002fc0cf00cf10cf20cf40af608f805fa01fdfdfff801f302ee02ea02e702e502e402e401e501e700ea00ee01f301f901fe0304040805
1638,202088615,-93,11,128,1,143,1,b77bbb410100040204020001fe00fdfcfafbfef907f608fa04fc02f800f9fffe00fe01fe0203040305020100fffefe00ff060005fdfefefe0000000000000000000000000000000000000000010001ff0100010001fe00fdfcfffbfffefd01fe0100000002fe05fc03fc00fc00fb00fdfffe00fc01fb02fd02ff00ff01fd02f6
1639,202115226,-92,11,128,1,143,1,dbbbbd41020303ff02fd02fe0301050508050a0406fd00f704f70900080603fdfcf4fbf3f9f8fcfa01fbfffdfefe01fe02fd05000506010200000000000000000000000000000000000000fe02fc03ff0200000000fe01ffffffffffff01fe01fe02fe0300020100fd00fa02fe030201000000fe01fdfefcfefe0100ff01fb02
1640,202436348,-91,11,128,1,143,1,4ff1140009020a0009ff04fe01fbfff900f703f304f305f403f300f302f406f505f604f603f802fcfffefcfdfbfcfbfbfbf9faf9fafafefe0000000000000000000000000000000000000001010603050404060206040308000c020e030c020b020a0108ff0600070306030104ff050009fe0dfd0c000d0010fd11fe11000f02
1641,202845940,-91,11,128,1,143,1,4ff1140000f6fff8fff9fefbfbfdfafdf8fef2ffeffdf0fbf2fcf6fef6fff4fef4fef5fff801fa01fb00fe02ff040006fe09fd09fc09fe02000000000000000000000000000000000000ff0100020101020104000601070307040803090209020802060205020501030002fefffcfefa00f702f301f205f108ed07e905ea06ec
1642,203665174,-92,11,128,1,143,1,4ff11441fef7faf9f9fbfbfefc00fb04fb06fc06fa08f50af307f506f706f707f707f906fc04fd02fe02ff020201050206020602080202000000000000000000000000000000000000000000020002ff03ff06ff09ff090007010701090009000803060203ff01fe00fffffffdfdfcf9fbf7f9f6f9f5fbf3fceffaeefbeefaee
1643,203796509,-37,11,128,1,143,1,1ee001001609190b1a0c1a0d1a0d180c150b13090f060c0308ff05fb02f7fff3feeefdebfee8fee600e500e501e602e802eb02ef02f100fc000000000000000000000000000000000000fffbffed00ee01ef01f001f301f600f9fdfdfb00f804f407f009ed0aeb0be90be80be70ae809ea08ed07f006f505fa05000505050906
1644,203972393,-90,11,128,1,143,1,4ff11400f602f903fc03fd01fe00fd06fe0d010f040d030c000cfd0afb06fa05fb04fc04fb04fc0400040303030102010403050404050001000000000000000000000000000000000000fffffcfefbfef9fff8fff7fef7fbf6f9f4f9f4faf8fafdf9fdf9fafbf9fdfa00fa01fb01fc02f905f508f607f706f507f307f206f203
1645,204279600,-93,11,128,1,143,1,4ff11400fc06fe0204000500020001fb03f804f705f404f303f303f303f400f5fef7fff900fb00fcfefdfdfffc00fb01fa02f903f903fe0000000000000000000000000000000000000000fe00fb00fd00fbfff9fff9fff9fef7fdf5fcf5faf5f9f7fbf8fdfafcfcfc00fc04fd06fd05ff060109020d0210001000100210fd10
1646,204689193,-92,11,128,1,143,1,4ff1140004f901f8fdf8fbfbfafff902f803f602f601f300f1fff100f302f501f900fa00f802fb01fe01ff0201060107010403030505010100000000000000000000000000000000000000010203050104000400070009020a04080506060604080408050603070007ff020000ff02fb02f700f500f4fff300f001f003f207f2
1647,205229706,-32,11,128,1,143,1,21199241faf303f702f6f7f8f1fef5fffdf5feedfcf3fef506eb05f2fb02fb0000f602f606fd080206000100fc02fc03fcfefef903fb01ff000000000000000000000000000000000000ff00fefcf8f7f9fd03050202f6fcf9fd00010204030af50ceb0bf307f5fef2f7f6f8fcfffe0704060cf702eff0f5f1f400f102fff913
1648,205515460,-28,11,128,1,143,1,0ee00041f3eff9f4fcfcfc05f80df712f915fc19fc1bfa19f917fb17fb18f816f712fa0efe0a02060603070009ff0bfd0dfc0efb0efc03ff000000000000000000000000000000000000020008010b010e0111021502170418051906190517031602140311000cfd06fdfffafcf4f9f0f5ebf0e9eee5efe2ede1efe2f0e5f1e8
1649,205602582,-30,11,128,1,143,1,b1166b4105ebfefef805effceef1f1ededf4ee02f109fa0102f800fcffff02fe0402ff04ff02050505090007f805f601fbfc00fd04010100000000000000000000000000000000000000fdfaf4e9f3f1f4f9f8fa00fa03fd0003030909080606f90af406f8fbfbfcfbfff9faf7f6f8f9f700f009ef16f51bf813000c010cf313
1650,205841539,-30,11,128,1,143,1,3dd55341f10ced14ee10f7fdfef6ff0000fffffdf8fff100f107fe0e080a09040cff0bfb02fcfbfff9fff900fc05010504060102faf4fefb000000000000000000000000000000000000fa01ea02f4fafffcff09f70cf409fb070104fe03f803fa05fe04fef8f8ecf4f6fa05f90fee0deaffeefbf0fdf1f7f3f8f809f816ee1f
1651,205845632,-73,11,128,1,143,1,20000241afb09da798ab96b096aea2adb9b9c8cfc5dcbfebc0f7d105e42bd74ac156bc58be50cb3fcf32d230dd30dc30e12ee722e315f80400000000000000000000000000000000000008ff20051a12111a0b190718051c0d1b15111a0226e32fbc3ba349a04aaf49c24ec350c551d84bd83bd035d333d91ee6ffdfeec5eebb
1652,206020889,-93,11,128,1,143,1,7882274103fe03ff030101fe00fcfffdfefefe02ff03ff02fe02fd01feff00ff000001ff01fefffffe00ff00fffffffefefefdfe00ff00ff00000000000000000000000000000000000000ff02fdffffff0000ff01fe020001ff00fe02000200fffffeff00fe01fd00fd00fd00fdff010005010101fc00f4ffef02f505fd03fe
1653,206345196,-38,11,128,1,143,1,1ee0010000e600e301e202e102e202e402e701ea00edfef2fcf7fafdf702f406f109ee0ceb0de90de80de80ce90aea09ed07f005f204fc01000000000000000000000000000000000000fb01ec04ec03ed01ef00f200f500f900fd01020306060a090d0c100f111112131214111510140e120d100b0d0909060404fe03f802f4
1654,206402434,-42,11,128,1,143,1,1ee00100e703e803e903e903ea04ea04eb04eb04eb05eb05ec05ec05ed05ed05ed05ee05ee04ee04ef04ef03f003f103f102f102f102fc00000000000000000000000000000000000000fb01ec05eb05eb04ea04e904e903e803e703e602e602e601e501e601e601e601e600e601e601e601e602e602e702e702e802e703e703
1655,206461890,-38,11,128,1,143,1,1ee0010015161619171a171b161a141812150f110d0d0b07090107fb05f504ef05ea06e607e309e10ae10be20be40be70aeb08ee06f101fc00000000000000000000000000000000000002fa0aeb0bec0bee0bf109f407f703fafffdf9fff401ee02e902e401e101e000dfffdffee1fde4fde8fdecfef200f802fe060409080b
1656,206532456,-91,11,128,1,143,1,4ff11400f208f807000504050502060106050408030904080608070b070d070b040b01090006ff04ff030302040304030503050406050101000000000000000000000000000000000000000001030004fe04fd06fc09fd0afc06f904f905f805f904fa04fa03fc03fd02fe03ff060006000501060109ff0cfe0cfb0bfb0efc0d
1657,206737233,-92,11,128,1,143,1,4ff11441f306f506f704fb06ff09030a040b030c040b050b030b010c020d020b020902080206020401020002010105fe07fd07ff08ff02ff000000000000000000000000000000000000fffffdfffdfffbfdf8fcfafbfaf9f9f9f9f9fbf6fdf5fef6fef8fef9fefcfcfefbfffb02fa04f805f606f405f304f106ee06ed04ec02
1658,206942048,-92,11,128,1,143,1,4ff11400fbf4fbf8fbfdfb01f905f907fa08fc08f908f407f305f603f604f604f803f903fb04fd05ff03fe01ff010203030603070208000200000000000000000000000000000000000001ff05fe03fc02f903f906fa06f905f805f807f809f709f808f908f708f805fb02fefffffdfdfaf9f4f8f4f7f8f4f7f2f3eef1edf3ef
1659,207044465,-91,11,128,1,143,1,4ff11400f700fa01fc01ff000002fd04fd07fd0afc0cfc0cfd0bfd0afc09f908f808fb07fc05fc03fd02fe03000502040304020602070001000000000000000000000000000000000000fffffc00fc02fb03fa02f702f403f304f303f401f3fff4fff7fefafbfafbfcfffd02fa03f904f904f705f508f308f105ee04ed05ee05
1660,207454073,-92,11,128,1,143,1,4ff1144105040503020002ff07ff08fc07f908fb09fb0cfb0fff0e020b01090309020900060004ff04fe02ff00ff00fd00fa00f9fefafffe000000000000000000000000000000000000ff00000303050106fe07fd07fc05fc06f908f709f708f907f906fa05fd0400030103010403040406060906090609070a090d0a0e0d0c
1661,207515299,-95,11,128,1,143,1,97788941fbfd01020303020000ffff00fe01000001000001ff01fefffffeffffffffffffff0002000100ff02fe02ff0001fe02fc02fa00fe000000000000000000000000000000000000fffefffc03ff0101fe02ff02010000fdfd03fc0cff0503ffff07f611f70dfe0101fcfefafdfc0000040303000301040201fffdfffbff
1662,207863674,-90,11,128,1,143,1,4ff11400060c05090603060006fe07fd06fa05f505f307f508f809f709f609f808f807fa05fd05fe02fdfffcfffdfefdfdfafdf9fdfbffff000000000000000000000000000000000000ff01fe04ff060006ff06fd06fc08fa0afb0afc0afb09fa08fa04fb02fc01fd01fd02fe0302040507060709050b050a0a080f080e0a0c
1663,208365585,-92,11,128,1,143,1,a4444a410103ff00fafdf701f603f3f9f7f502f504f6fefb0200040006000aff06ff04030406fd02f4fbf6fafff8fdf2faf501ff0209ff03000000000000000000000000000000000000fffffe00fd00fefffffe00fd01ff010000fefffeffffff000001ff01ffff01fd03000102fefffcfcfcfdfcfefdfe0001020504070206
1664,208375700,-90,11,128,1,143,1,4ff11400f90dfb0900040203020605050703060407070909070a060a070b060b020900070003020101010203060308020703080309030200000000000000000000000000000000000000ff00ff03ff03fe04fd07fc08fa07fa07fb07fa07f706f502f701fb01fe01fe02fe04ff05fd08fe0b010e0510040e010e0011fd10fb0f
1665,208700970,-37,11,128,1,143,1,1ee00100f41af31df31df31df31cf41af616f913fc0eff09020304fe07f90af40df010ee12ec13eb14ec13ed12ee10f00df30af508f701fd00000000000000000000000000000000000001040613051304120210010d000a0006000100fb00f601f002eb03e704e405e305e205e205e405e704ea03ef01f400fafe01fb07fa0a
1666,208747052,-37,11,128,1,143,1,1ee00100e7f3e4f1e4f0e4f0e5f1e7f3eaf5eef7f2faf7fdfc01010406070a0a0e0d1110121213131214111310120e100b0d090a07070101000000000000000000000000000000000000fa00eb02eb01ec00eefff1fff5fef9fffeff030009010e031305160619071b081c091b0919091608140710060b030501fffef9fbf5f8
1667,208785306,-92,11,128,1,143,1,4ff11400f608fb08fe08fe09ff050104040705070407030c0510050e020e020e050b0309ff06ff02ff01000001fd04fc07fd08ff07010100000000000000000000000000000000000000fffefdfcfafff801f600f5fef5fdf6fcf9fafaf9f8f8f8f8fafbfcfbfdfbfdfdfa02fb03fd03ff06fc08f80af609f709f70ef70df608
1668,208817145,-37,11,128,1,143,1,1ee0010012131416151615171416131310110d0d0a0907050301fefcf9f8f6f5f2f2f0eeefeceeebeeeaefebf0edf2f0f4f2f6f5f8f8fefe00000000000000000000000000000000000003030e0d0e0d0d0d0b0c090b070904060102fdfefafaf7f5f4f1f2edf0ebefe9eee8eee8efe9f0ebf2eef5f1f8f6fcfb000003050608
1669,208876605,-37,11,128,1,143,1,1ee00100ef15ed17ec18ec18ec17ee15f113f310f70cfb08ff0303ff07fb0bf70ef411f114f015f016f015f113f211f40ef60bf808f901fe000000000000000000000000000000000000ff05fd14fd13fc12fb10fc0efc0bfd07ff0201fd03f806f309ef0beb0ce90ee70fe60fe70ee80dea0bed09f006f502fafffffb04f808
1670,208936318,-37,11,128,1,143,1,1ee00100e811e513e414e413e512e811eb0eef0cf40afa06ff0205ff0afc0ff913f617f41af41bf41bf51af518f615f711f90dfa0afa02fe000000000000000000000000000000000000fd04f612f511f510f60ef70bf908fb05fe0102fd06f80af40ff112ef14ed16ec17eb17ec15ed13ef10f10df409f803fcfe00f804f408
1671,208951595,-37,11,128,1,143,1,1ee00100f417f319f31af31af319f517f614f810fb0cfe07000203fd05f808f40af00ded0eeb0feb10eb0fec0eee0cf00af307f605f701fe000000000000000000000000000000000000ff04fe12fe11fd10fd0ffd0cfe09fe05ff0101fc02f704f306ef08eb09e90ae70ae60ae709e808ea07ed05f104f601fbfe01fc06fa09
1672,208952028,-37,11,128,1,143,1,1ee001001cfb1ffb20fb20fb1ffb1cfb18fb14fc0efc08fc01fefbfff5fff000eb00e600e4ffe2ffe2fee4fee6fee9feedfef1fff5fffd0000000000000000000000000000000000000004fd12f712f711f810f90dfb0afc06fe01fffc00f602f102ec03e804e504e304e104e204e304e603e903ee02f302fa01010007ff0cfe
1673,208952457,-38,11,128,1,143,1,1ee001000ce50ee30ee20ee20ee30ce50ae907ed05f102f7fffdfc03f908f70df411f214f016ef17ee17ef16f014f211f40ef70bf909fe0200000000000000000000000000000000000000fa03eb03ec04ed04ef03f203f501f900fefe03fc08f90df712f516f418f31af21bf21bf319f417f614f810fa0afd0500ff03f906f4
1674,209218231,-94,11,128,1,143,1,d11eed41fdff01fd04ff03010001fe0100ff01fefffefefefefdfdfdfeff01020202020000fffefffffe00fefffeffff00fffe00fc01ff00000000000000000000000000000000000000ff00ff0002fe04fe03ff01fe00ff01ff00fffe00ffffffffff00fe00fefefefdfffd03fe03ff01fffefffd02fb0bf913fb0cfe030403
1675,209297616,-92,11,128,1,143,1,4ff114000cfb0bf809f806f901f8fefafef9fef6fff302f202f100f001f203f405f504f701f900fb00fcfefcfafcf8fcf8fbf9fafbfafefe00000000000000000000000000000000000000ff03fe02ff040106ff09fe0afd0afe09000b020904060707060703040003fe04fe05fd05fa05f807f609f40af30df310f40ff50ef9
1676,209502127,-91,11,128,1,143,1,4ff11400070d080a0707060208ff08fe08fc06f905f605f406f507f609f50af609fa06fb02fc01fe02fe00fefefefcfcfbfafbf9fef8fffd000000000000000000000000000000000000fffffcfdfc00fc01fb03fb05fb05f803f602f505f405f502f800f800fa02fd04fe06fd0aff0a050809080b0a090c060d060d080e070f
1677,210253089,-93,11,128,1,143,1,3661134103000202fe03fc02feff04fa05f9fcfdf604f40bf60cf906f8fff9fbfdfcffffff02fe01fffdffffff0102fd04fc04fc06f702fd000000000000000000000000000000000000000001fffffcfdfcfefd00000000fffefdfdfffd010001020201020101040105020004ff0300ff0000ff01fb00fb02fc02fd02fa06f4
1678,210409041,-91,11,128,1,143,1,7cccc741070001fffe00fe00feff020000fff5feef00f5fffbfefcff00f702ee02f404030207fe0001fe03ff02ff03000100feff03f902fd00000000000000000000000000000000000000000103010200010000ff00ff01fd00fcffff02020203020203010301020102010000fefe02fe04fd03fe02ff0200ff03fb06fa06fa
1679,211140616,-91,11,128,1,143,1,4ff11400f700fb01fc05fe070409060a050805070509040b030d030d030d030b01090108020501030101020002fe01fd02ff04ff04fe01ff000000000000000000000000000000000000fffefffcfffbfffa00f902f703f701f700f701f802f903f804fa02fd03fc02fafefcfcfdf9fdf6fef300f001ee00effef1fbf1f9eff8
1680,211345364,-92,11,128,1,143,1,4ff1140008fc04fb00f9fef9fdfafbfbf9fbf6faf4f9f3f8f3f8f5f9f6faf5f9f4f7f7f9f9fdfafffcffff02ff04fe04fe05fe05fd02ff0000000000000000000000000000000000000000ff01fe010202050206000701080108ff08ff08ff0a000bff0afe08fe04ff020003020105fe08fc09fb0bfb0bf90cf70ff90efa07fa
1681,212062208,-92,11,128,1,143,1,4ff114000cff09ff070006fd03f901f600f501f400f202f203f501f401f302f402f702f901f8fff900fe00000000fd00fb00f9fff8fffdff000000000000000000000000000000000000000000020005ff06ff060108000bff0bfe0bfe0afe08ff07fe06fd04fd03fe040104040204ff08fe0c000c010c020d010dff0bff0b01
1682,212369393,-90,11,128,1,143,1,4ff1144107f607f606f600f5faf9f9fdfafcfaf8f9f4f9f2faf2fdf300f200f4fef6fcf8fcfafefbfffbfefdfefefdfdfafdf9fcfafcfeff00000000000000000000000000000000000000ff00fc00fcfdfafbf8fdf600f702f803f503f501f604f706f803f700f9fffb01fb00fcfdfdfcfafdf7fef5fef1fef101f304f302f2
1683,214007832,-91,11,128,1,143,1,4ff11400040007ff07ff05fc04fb04f804f405f506f605f406f506f505f505f605f704f701f800fbfefefcfefbfffb01f9fff9fcf9fbfefe000000000000000000000000000000000000fffffe00fd02fc02fa04f807f606f703f803f704f505f204f503fa00fcfefd00ff03000302020403050507070a080c080c090a090707
1684,214212644,-92,11,128,1,143,1,4ff11400000700030201030003ff01fc03fa07f70af50cf60cf60cf60af809fa07fa06fa04fc0000fd01fdfffefcfdfbfbfbfbfbfafdfeff000000000000000000000000000000000000fffffcfefbfefa00fa01f801f800f7fef5fdf4fdf5fdf7fcf8fdf9fefafefafef901fc050008020a030a040b050e050f041304140612
1685,214588731,-34,11,128,1,143,1,1ee0010010ee13eb15ea16e817e816e914eb12ed0ff00bf306f701fbfcfef701f204ed05e906e606e505e404e503e701e900edffeffffcff000000000000000000000000000000000000fefbf9eef9edfaedfbeefbf0fcf2fcf5fcfafcfefc03fb09fa0ef912f815f718f61af51bf51bf61af618f815fa10fc0bff06030105fd
1686,214929470,-91,11,128,1,143,1,4ff1140007f703fcfdfdfbfef7fff501f5fff4fdf3fef5fdf5fcf5fcf5fbf5fcf8fdfafefbfefbfefafefbfffe03ff06fe07ff07fe08ff0200000000000000000000000000000000000000ff03fc04fd06ff050104010600090208030602050506060603050104ff02fe00fefff9fff500f700f800f602f606f506f305f005ed
1687,215012481,-94,11,128,1,143,1,b6699b41fc00fdfd01fd00fefffe01fd02fc01fefffefefefefe00fd03fb03fe010000ff00ff0101ff01ffffff000000fffffffe00ff00ff000000000000000000000000000000000000000000020001fffefffdff00ff03ff02ff0000fe01fe0101ff01fd01fd03fe03fd01fe00ff02000101fe01fd08000f0009fe01fffefe
1688,215134267,-91,11,128,1,143,1,4ff11400f906f907fd0602040703090607050503070309040c050c080a0a08070707050705050403040103fe02fd01fc00fb01fb02fb00fe000000000000000000000000000000000000fffffdfcfdfdfdfdfdfbfdfafef9fff800f801f701f500f600fa01fcfffdfdfffc00fcfefbfefa02f704f306ef09ee0af109f407f604
1689,215236676,-92,11,128,1,143,1,4ff114000efd08fc03fb01f900f9fdfafafaf9f9faf7f9f5f8f5faf6fbf6faf6faf5fcf500f902fdfffdfdfdfc00fb03fb05fc05fc05ff010000000000000000000000000000000000000000030102010304030602070108010a040a050a020b000bff08fd05000303020301030006fd09fa09f709f50bf70cf80cf70af90cfd
1690,215543887,-91,11,128,1,143,1,4ff11400f8f5f8f6fbfbfbfff901f802f601f2fff0fef2fff5fff4fff3fdf5f9f8fafafdfbfcfbfdfbfffa02fb04fd04fd03fb03fa03fe00000000000000000000000000000000000000fffefefbfefdfffc00f9fff7fdf5fdf4fef600f602f604f706f705f700fafdfbfdf8fdfafcfdfbfbf8f8f5f6f5f4f7f4f7f3f4f1f5f2
1691,216363096,-92,11,128,1,143,1,4ff11400fbf4fdf7fffbfd01fa06fa05fd04fe05fa06f708f709f80af90bfa0af906fa05fc05fe0301020301030103010300050007ff01ff00000000000000000000000000000000000000000402050204ff0401060308040a050a040a030b040a0507060604050004fe02fe00fd00fc01fafef6fcf3fbf3fbf3f9f2f9effdec
1692,216977510,-90,11,128,1,143,1,4ff11441fff800fb00fcfdfaf9fcf601f503f502f300f200f301f301f201f200f4fef9fffa02fb03fe02ff03ff0402040203000500080002000000000000000000000000000000000000000003ff04fe05fc06fa08fb0afe0bfe0afe0aff0b000800050104030202fffefefafef8fcfafbf8fdf601f302f1fff0ffee02eb03eb
1693,217079932,-91,11,128,1,143,1,4ff1140009040a0005fd02fd03fd04fa03f702f501f401f401f402f204f303f603f903fa02f901fcfffffdfefdfcfcfefafff8fdf9fdfeff00000000000000000000000000000000000000fd00f800fe0203040405060509020800080008ff08fd09ff080105ff04ff0301010200030006ff0afd0dfd0eff0dfe0efc0efc0c00
1694,217284715,-92,11,128,1,143,1,4ff11400090304ff03fe04ff01fdfff800f701f601f401f303f404f602f701f603f604f702f9fffcfefefcfefbfefdfffb01f801f802fe00000000000000000000000000000000000000ff00ff0200020102020501080008ff07fd08fc09fd08fe07fe05fe03ff03000100000100060009fe08ff07010b02120116ff13ff1003
1695,217387150,-91,11,128,1,143,1,4ff1140007f704f602f5fef9fafdf8fef4fcf0fbf2f9f4f7f4f9f4fbf4fdf4fdf3fcf7fbfbfdfd01fe02fe02ff02fe03fd05ff060007000100000000000000000000000000000000000000ff01ff0002fe05fe0700080009ff09ff09000901080108ff09fd07ff030202040104fc05fa05fb06f70af50bf50bf60df60ef70ef9
1696,217796749,-92,11,128,1,143,1,4ff11400fdf9fffcfcfff903f906fb07fc08fa08f808f909f909f60bf60cf80af909fa07fc04fd03fd04000504040702070205030404010100000000000000000000000000000000000000ff02ff03fe05fd07fe0afe0cfd0dff0c010c020b000afe07ff0401030002fe00fdfdfafcf7fcf5faf5f7f3f6f0f7eff8f0f7f1f8ef
1697,217899148,-92,11,128,1,143,1,4ff11400f5fef602f803fb02ff07020c040c000bfd0cfc0dfc0cfd0dff0dfe0bfd0afd07fe03ff010001030104ff03fe03ff050108040201000000000000000000000000000000000000fefffafffdfefefcfcfbfaf9f8f9f9fafbf8fbf5fbf4fdf400f5fff7fdfafbfdfbfefcfffbfffbfef700f102f004f002ef01f1fff2fb
1698,218206402,-91,11,128,1,143,1,4ff11400f7f8f8fbfafefc00fa02f905f907fa06f907f70af60cf80bf908f904f803f804fc03fe02ff030003030205020604040402020000000000000000000000000000000000000000ffff00fc00fbfef9fff801f702f702f701f602f603f705f805f803f8fffafefd00fefefffafef6fcf4faf2f8f3f7f4f6f1f5f0f4f2f5
1699,218308775,-89,11,128,1,143,1,4ff11441010a0409060504030203040007fc0bfa0df70df60df90dfb0cfe0a000b00090006ff03ff01ff02fb01fafefafef800f700f8fffe0000000000000000000000000000000000000001ff03fd03fc06fc06fc05fb05fa07fa0afa0afa07f907f908fa05fc04ff0500030002000403050607040b050c070a060c020f0311
1700,218615951,-91,11,128,1,143,1,4ff1140006fb04fd03f901f6fef7fdf9fcf8fcf7fdf5fbf4fbf5faf2f8f1f9f2fdf4fff7fefcfdfdfffafffafcfefa02f902f701f600fd00000000000000000000000000000000000000010104030301040108020a010801080209050a0609050806050801050101020103ff04fb05fa06f904f804f605f505f709f80df60df5
1701,218923186,-92,11,128,1,143,1,4ff114000209010100ff0101050007fc07f808f60af60cf60af709f90afa0bfb0afd08fd06fc03fb02fb02fb00fbfdfbfbfbfcf800f700fe000000000000000000000000000000000000ff00fd03fe04fe06fe04ff03ff05fc09fa09f908f909fa08fc05fd02fd02ff0402050309070b09070902080408070b070d080d0b0a0c
1702,219640010,-91,11,128,1,143,1,4ff11400f400f602fa05ff0505050706060604080309050b060e040e040d030a010802080306010501070105020203ff04fc04fb04fa01fe000000000000000000000000000000000000fffefdfbfefc00fcfffafff700f600f701f500f301f403f503f802fb01fa01fbfefefb00fa01fa02f803f604f304f103f002f004f005
1703,219742393,-92,11,128,1,143,1,4ff11400030a0307040304ff04fd08fb0bf90af80af70cf90efb0efb0efb0bfe0a0007ff03fd02fd03fd03fe02fd00fbfff9fffafefcffff00000000000000000000000000000000000000010104010302040105ff05fc06fa08f708f608f608f608f806f902fa02fb04fc05fe05010506050706070b090e0810060f070d080b
1704,220197301,-92,11,128,1,143,1,cff99c4101ff0200fe04f906f704f902fd00fe02fe06fe0501030205010401fe00fc00fdffffff01000100fffdfffbfefdfdfffdfffdffff00000000000000000000000000000000000000000101ff0000fd02fe01010002ff01ff00010002000000fe01010202fefef9fcfc000304080008f902f501fc060206fb06f406f303
1705,220356822,-91,11,128,1,143,1,4ff11400070106ff02ffffff00fafff6fdf6fbf6fcf4fcf3faf2faf3faf3faf4fdf7fef9fdfbfdfdfdfffd01fb02f904f805f906f905fe01000000000000000000000000000000000000010003000001ff03fd05fc06fb06fa05fb05fd06fc06fb04fc02fc02fb04fc03fe0002010402060108010d031105120710050c000803
1706,220459211,-91,11,128,1,143,1,4ff11400ff0502040204020503040400060008000bfe0dfc0bfd08000603060506030501060006ff03ff01fe01fc00fafff800f801f600fd000000000000000000000000000000000000ff00fc01fa00f901f702f4fff4fcf5fcf5fbf5fbf6faf8f7faf8fbfbfcfeff00ff02fd03fb03fc06fd0afa0cf90cf80bf80bfa0cfc0b
1707,220705661,-95,11,128,1,143,1,4ffbb441fe02fd02fc04fe0500050102ff00fc01fd020003030302fffffefe00fdfffdfd00fffffffdfdfdfeff00000001ff01ff01ff00ff000000000000000000000000000000000000ff00ff020101020000feff0005090911050a010106fb0df603f7fafafbfdfcfdfdfdfffefffffefefeffff00fefffefdfefffd02fe02
1708,220812356,-90,11,128,1,143,1,5ee885410205ff02fb03fe0401010100fd03fb04fe0302040006ff03ffffff0101020100fffffdfefeff00000000ff01000101010101000000000000000000000000000000000000000000ff00fffdfefcfcfcfffeff01ff0101fe01fd00fd0300040002fb02f902f802f602fa0000fefef9fff50af811f60cf200f2fcf3fef4
1709,220959088,-93,11,128,1,143,1,4ff44441000103ff03fe01fd00fa00fcfe01fd03ff02ff00fe00fe02ff01000003ff040001fefffeff00ff02000101ff00000200020000ff000000000000000000000000000000000000ff00fc00fdfefefd00ff02fc03fa01fdfefdfffc01fc00fcfffd01ffff00fb00fbfefcf9fff703f905fc01fe0005060c060902070007
1710,221176039,-92,11,128,1,143,1,4ff11400020707030aff0afc07f902f701f402f103f302f103ef03f103f304f304f204f302f601fafffcfdfdfcfffb00f902f702f900feff000000000000000000000000000000000000fe00f901fbfffb00fa02f701f502f304f502f701f701f600f8fffafdfbfefc00fd010101040206050508050b060e0610071208130616
1711,221585629,-92,11,128,1,143,1,4ff114410805070306fe04fb01f9fef8fcf8fcf6fcf5fdf5fdf6fef6fef4fcf3fbf3fcf5fdf8fdf9fefb00ff0002fc02fb03fc04fc03ff00000000000000000000000000000000000000fffffefffd02fc04fc07fb07fb08fa08f807f606f806fa06fa04fa03fb02fcfffefd01ff0202040307030a000b000a030a020b010a00
1712,221892865,-93,11,128,1,143,1,4ff1140000f501f7fffcfc01fa02f902f900f8fef5fef200f301f603f602f6fdf6fcf7fff801fa02fb01fe000001010204040305030301000000000000000000000000000000000000000000020201060007020502040106010a010c040903070207030704040503030203fe06fb05fa03f805f308f209f307f506f305f006f0
1713,222294730,-92,11,128,1,143,1,cddffc41fefeff020004ff01ff00010000fe00fd05fe06000000fe01fe01fe02ff0301020000ff0000fe00fefffffffefefffe00feffffff000000000000000000000000000000000000ff00fd02fe00fe00fd00fdfefcfcfefcfffefe01ff03ff00fcfcf9fdfafffdfffd01fe02ff02fe01ff0002fe09f60fef09f502fc02fc
1714,222295691,-94,11,128,1,143,1,aaadda41000001fffffe00ff02ff01fdfffe00fe00fefffefffffffffdfffdfffe0101010000fd00feff00000000fffffffe01fe01fe00ff000000000000000000000000000000000000fffefefbfdfefdfffe0001ff01fd02fd04fe04fdfffdfd00fe03fd02fc00fcfefdfeff0001fe03fd02ffff01f300e9fef3fd00fa03fd
1715,222302459,-94,11,128,1,143,1,4ff11441fd05010101000102050107010703070308020a030b030b030a040805070506040503020101ff02fe03fd02fb02f902f802f500fd000000000000000000000000000000000000fe00fd00fe01fd01fb03fa04f903f800f7fff6fff5fdf5fef8fffc01fc03fa03fb02fd0400060208000bfd0bfd0bfd0dfc11fb12fc11
1716,223019271,-91,11,128,1,143,1,4ff1140001f7fdf9fbf8fcf8fffbfdfef8fff501f102f0fff2fdf2fdf1fff3fff5fff7fffa01fb02fb03fc03fe03fe0300050206030600010000000000000000000000000000000000000000020203040405030504060708050a020b01080207040805060404030201fe01fb03fb05fc04f802f503f506f406f207f10af10af4
1717,223314133,-94,11,128,1,143,1,7ee55741ff00ff01fe01fe01fefffefefe00fe01fe01ffff01fe01ff000101ff01fd00fdffff0001010100fffffefe00ff0100fffefdffff000000000000000000000000000000000000fefffb00fe00fffd00fcfefff707f40df906fe01fe07fa0dfb06ffff00fc01fd020002fdfdfbfbfbfffc02fdfffdfbfcfffe0200feff
1718,223315092,-93,11,128,1,143,1,8ccff841fe01fd01fe0300030102000000ff00fd00fe00fffefefcfffd00fe00ff00ff00fdfffd00000102ff01ff00000000fe00fd00ff00000000000000000000000000000000000000fffffdfcfefbfefafdfbfffc0bf814f609fcfc02f703f303f90101fe040207050401fefffd0001000101ff0201020102fffdfffa01fe
1719,223326486,-91,11,128,1,143,1,4ff114000007020803050504070207fc07f909f90bfa0dfa0dfc0dfe0cfe0afe0afd0afe06ff03ff02fd02fd02fd00fbfefafcf9fdf9fffe00000000000000000000000000000000000000fffffefdfdfa00f605f505f603f303f302f402f500f800fa01f800f8fffafefafffb0101040509040d020e020e010e011005130813
1720,223418767,-94,11,128,1,143,1,07711041fefdfd00fe01fefffefe01ff030000fffdfffcfefcfefdff00ff00ffff01fe01000001ff00ff010002ff0000fd01fd00fdffffff0000000000000000000000000000000000000000ff00fd01fe0201040103020006fc06fd02000203040304ff04fb04fb01ffff04000402030004ff0303ff03060110030c04070004
1721,223485860,-91,11,128,1,143,1,c88ccc4104ff03fe02ff01fefcfef5fef7fa03f40bf205f901fe03fffa06f30efb0906fd07fb02fd00fc01fc04fd09fe0600010105fd02fe000000000000000000000000000000000000ff01fd0500020202020102fe03fc01fdfdfdfdff00010001fe01fc02fcfffbfdfdfe0000020002fefffefd00fc00fd020005030104fd
1722,223531310,-91,11,128,1,143,1,4ff11400f7fffb00fd03fe06ff0402040407040c030e040e060c050a010a000a000801070105010101ff030005ff05ff03fe02fe0200000000000000000000000000000000000000000000fe03fb01fafffafef900f800f502f404f405f604f603f504f604f903fb00fbfdfdfbfff9fff400f203f203f200f0ffee00eeffeefc
1723,223633694,-91,11,128,1,143,1,4ff11400fdf5fcf8fcf9fafcf9fff801f701f704f705f600f3fcf1fbf3fdf5fff5fdf6fbf8fcf9fefa00fc02fe02000301040005fd05ff0100000000000000000000000000000000000001ff04000302030206010801080008010a020a040a060907070604050205020203fe03fa03f900f800f503f103ee02ef03f302f503f2
1724,223940894,-91,11,128,1,143,1,4ff11400010604050305000300fe04fb09fb09fd0afe0dff0e000c020b02090009ff08fe05fe04ff04000201fffffffb01f901f901fa00fe000000000000000000000000000000000000ff00fe01fe00fc00fa01f701f600f6fef6fef700f702f501f6fff8fff901fc03fd03fd04fd07fe080008000cff0dfe0e01130414030e
1725,223959739,-91,11,128,1,143,1,499114410803080005ff030005ff05fb04f803f902f804f509f80cfa0bf90bf90cfb08fd05ff040102fffffffa02fa0000f901f4f8f2fcfc000000000000000000000000000000000000000001010002020106010802090209030804060404060308020801080006ff030102030206010afc0dfa0dfc0dfd0dfd0eff0eff0ffe
1726,224022405,-95,11,128,1,143,1,fff11f410000ff01fd0100ff05fc09fb07fa02fafefffe03ff00fdfffc03010105fd03fd00fc04f908fd0903090203fef8fff7fdfef900fd000000000000000000000000000000000000ff00ff01ff00fffffe00fe01fd00fdfffdfeffff0000ff00ff01000100fffe00fd00fe00ff02010104fe05fd0400040003ff01000000
1727,224043314,-90,11,128,1,143,1,4ff11400fff8fefafcfdfcfefbfef801f605f506f306f204f401f501f403f303f603fa03fa04fa04fb02fc01ff030206020802090409010200000000000000000000000000000000000000ff01ff030004ff05fc07fa09fb0afd0bff0b000902070107ff07fe07fd07fc05fc02fbfff9fcf6fbf2fcf1fbf1fbf0fdedfcedfcee
1728,224431364,-92,11,128,1,143,1,922ff941fe0200fd01010004ff01fdfffbfffd04010808060704fb04f509f710f80cfa040004ff05fc04fe02010000ffffff01ff04fe01ff000000000000000000000000000000000000fffffefffffffffeff00000202030003fe02fefffffeffffffffffffff01ff020001fffffffffe01fd01fdfffcfefcfefefe00ffff00
1729,224552549,-94,11,128,1,143,1,133aa14104fd02010102fcfffbff0107030805fb0af806fdffff0001ff04fb04fc0303030601fffff605f6070206070a060502fdfcfffe00000000000000000000000000000000000000ff00ffff00fe00ff01010000010003ff01fffe01fe01fe00fffffffefffe00ffffffffff000102040103010001ffff00fe01fe01fe00
1730,224657720,-93,11,128,1,143,1,4ff11400f802fb02fd04fe050007020a050b070a07080708060a070c070c070708030803070506050404030002fd02fc02fb01f901f900fe0000000000000000000000000000000000000100040002fc00fafff901f903f804f803f803f705f607f706f803f702f702fc0000fc02f901f8fff700f303ee02effff200f203f104
1731,225012621,-92,11,128,1,143,1,3ffaa34101fff9fdf802fc07fd07fc03fd03fd03fe0000ff00fefdfefb00fe01010001ff02fd03fc00fdfeffff00ff000000010002ff00ff00000000000000000000000000000000000001ff05ff030002ff01ff00fffffeffff0000020001fffefcfcfc01fd06fa04fc0004fc06ff0207020200f4ffee05f407fd0000ff0202
1732,225169743,-93,11,128,1,143,1,4ff11400f9fbf8fef902fc05fc06fa05f905fa08fa0af708f707f808f807f805f804f804f803fc04ff02000102020404050503060006ff0100000000000000000000000000000000000000ff01fffffffdfcfff9fff800f803f504f304f704fa03f904f805f903f9fffafdfdfefefdfefafdf8fbf4faf0f8f0f6f2f5f3f7f3fc
1733,226331684,-29,11,128,1,143,1,14400141fcf9f904f111f71708161711160f0f18092106240925081c030f030d03120412040c0206030006fe08fc09f90cf70ef80ff904fe000000000000000000000000000000000000fefff8fdf6faf3f5f1f0f1eaf3e6f4e5f5e3f6e2f6e4fbe602e706e504f2fcfdf5fcf100ea03e507e115e221e123d915d009cb0cd716
1734,226705770,-91,11,128,1,143,1,4ff1140009fb07fa05f903fc00fdfcfaf9faf6f8f5f6f6f5f8f6f7f7f5f7f6f7f7f8f9f9fbfbfbfefdfffeffff02ff05fd05fc04fd04ff01000000000000000000000000000000000000fefffb00fa01fb04fa08f908f708f70af809fa06fb05fb06f906fb05fd02feff00000101030104ff09ff0f0311020efe0ffe11fe10ff
1735,227320187,-92,11,128,1,143,1,4ff1140003fa00fafefcfffdfdfcf8fcf4fcf1fbf2f9f7f9f8f8f7f6f9faf9fef9fdf9fcfafcfbfdfcfffdfffe02fe05fd06fb06fc04ff010000000000000000000000000000000000000000010002fe04fc04fc06ff070109030903070306050607070707050702070105fe05fc06fc05f803f602f603f505f505f304f308f6
1736,228549021,-91,11,128,1,143,1,4ff11400fa06fa06fb03fc04fe040204060408020b040b080a070c060e060c050a040703050104ff03fd01fc01fb02fc03fb04fa03fb00ff00000000000000000000000000000000000000fffffefbfffb01fb00f8fef8fcf8fcf6f9f6f8f7f8faf9fbf9fbf9fbfcfcfffafffa00fb02fc05fa09f90df90ff70ff60ef40df30d
1737,228770867,-39,11,128,1,143,1,1ee001001bfe1dfe1fff1f001d011a02170113000efe0afc05f901f6fdf2fbeff9ebf8e8f9e5fae3fbe3fde4fee6ffe9ffecfff0fff2fffc000000000000000000000000000000000000fbfeeff8f0f8f2f7f4f8f6faf8fcfafffb03fc07fc0cfc10fb14fa17f818f719f619f518f516f614f711fa0efd0a010606030c0110ff
1738,228789953,-39,11,128,1,143,1,5220050019091b0b1b0c1b0d1a0d170c140a11070e040b0008fc06f804f303ee03ea04e705e506e308e409e509e809eb09ee07f106f301fc000000000000000000000000000000000000fcfcf4f3f5f3f6f3f8f5faf7fbfafbfefb02fa06f90af60ef311f113ef13ed14ec13ed12ee10f00ef20cf60afa08ff0605060a050f05
1739,228803606,-39,11,128,1,143,1,5220050019f61cf61df61df71df81af917fa13fb0ffa0af905f8fff6fbf4f7f1f4eef2ebf2e8f3e6f4e5f6e5f7e7f9e9faecfbeffcf2fffc000000000000000000000000000000000000fbffeefeeefdf0fcf2fcf4fdf7fff901fc04fe08000c0010001400170019ff1bfe1bfd1bfd18fd16fd13fe0f000b030606020bff0ffd
1740,228856260,-93,11,128,1,143,1,4ff1140005fa02fa02f801f8fdfaf9f9f7f9f7faf9f9f8faf6faf7f8f9f7fcf7fdf7fdf5fcf6fef9fffbfdfdfa00f801f901f901f900feff0000000000000000000000000000000000000000020102000300060008000700060107040a080b0a0a0b080805040301020002ff04fd05fb05f906f807f606f208f109f409f309f1
1741,228958633,-93,11,128,1,143,1,4ff114000afe05fe02fd01fb00fafef6fdf4fdf3fff301f400f300f200f3fff3fff4fef6fefa00fd00fdfdfcfbfdf9fff8fff9fdfafcfeff00000000000000000000000000000000000001000501040203020302030403060208020a040b040a050806060405020303030502050006fa07f708f70afa0bfe0cfe0dfb0dfa0dfc
1742,229136562,-40,11,128,1,143,1,1ee00100091e082008210721061f051b05170512060c070608000afb0cf50ff111ee14eb17eb18eb19ec18ee16f014f211f40df60af702fd00000000000000000000000000000000000003fc0cf10cf30cf50af707f904fb00fcfbfdf6fdf1fdecfbe8fae5f8e4f6e3f5e4f4e5f4e8f4ebf6eff8f3fbf7fefc03ff08030e0512
1743,229137923,-40,11,128,1,143,1,1ee001000ce60ee40fe50fe60ee70dea0aed07f003f3fff6faf9f5fcf1feedffe900e5ffe3fee2fde2fce4fbe7fbeafbeefcf1fdf3fefdff000000000000000000000000000000000000fb00ee02ef01f1fff3fff6fff900fd0201040507080a0a0e0c120d150d160c180b180a1709150712060f050b0405040005fa06f508f1
1744,229138358,-40,11,128,1,143,1,1ee00100fa1cf91df81df81cf81bf918fa14fc11ff0c030806030aff0efc12fa15f819f81bf81cf91cfa1afb18fc15fc12fd0efd0cfc02ff00000000000000000000000000000000000004fe10fa10fb0efd0cfe09fe05fe01fdfdfbf9faf5f7f2f4eff1eeeeedeceeebeeebf0ebf2edf4eff6f2f7f6f9fbfb01fc06fc0cfc10
1745,229140051,-40,11,128,1,143,1,1ee00100ee16ec17ec17ec16ed14ef12f210f50dfa0bff08040608040d031202160219031b041c051c061a071706150611050e030c020200000000000000000000000000000000000000040010030f040d050b040803050103ff00fbfdf8fbf3faeff9ebf9e8f9e7fae5fbe5fce6fce8fdebfdeffdf4fcf9fbfefa04f809f50c
1746,229140474,-40,11,128,1,143,1,1ee00100e7f1e6f0e6efe7eee9efebf1eef3f1f6f4faf6fff904fb09fd0dfe12fe16fd19fc1bfb1bfa1bf91af917f915fa11fc0efd0cff02000000000000000000000000000000000000000400100010ff0efe0cff090006010204ff07fb0af90ef612f515f417f418f518f617f715f812f90ffa0bfb06fb00fbfbfaf5f8f1f7
1747,229140928,-40,11,128,1,143,1,1ee0010015ee17ed18ed18ef17f015f211f30df508f603f7fef8f9f8f4f8eff7ecf6e8f4e7f2e7f1e8f0eaf0ecf1eef2f1f4f3f7f5f8fdfe000000000000000000000000000000000000fbfeeffbf0fbf2faf4fbf7fcf9fefc01fe040108020c0310031403170319021a001a0019ff17ff140010000c0207040207fe0af90df6
1748,229777858,-91,11,128,1,143,1,4ff1140003fa02fa00f900fcfefcf9f9f8faf9fcf7fdf6faf8f7f8f9f5fdf7fdf8fef8fff801f900fc00ff010002ff0400050104010300000000000000000000000000000000000000000000000201040206030802080008ff09010a020a010901080008ff05ff02000004ff06fe06fc06fc07fa0af90df70df60ef70ef90cf9
1749,230264162,-40,11,128,1,143,1,1ee0010012e814e715e714e713e911eb0eee0af106f401f7fcfaf6fdf1ffed01e802e402e201e101e100e3ffe6fee8feecfff000f301fd00000000000000000000000000000000000000fcfdf1f5f2f5f4f5f6f6f8f8fafbfcfefe020007010c011101150119001aff1cfe1cfe1bfe19fe16fe12ff0d0007020205fc08f70af3
1750,230265778,-40,11,128,1,143,1,1ee00100e307e007e007e106e205e505ea04ee04f405fa06ff0605070b090f0a130c160f18101812171215121310100f0e0c0b090a060201000000000000000000000000000000000000010406110510030f020d010a0106010202fe03f905f508f00aed0dea0ee910e810e910ea0fec0def0bf208f504f8fffcf9fff402ef04
1751,230266629,-40,11,128,1,143,1,1ee00100190e1b0f1b0f1a10190f160e130b0f080c04080004fb01f6fef1fcedfbe9fae5fbe3fce2fde2fee4fee6ffe9ffedfef1fef4fffd00000000000000000000000000000000000001fb05ee06ef06f105f305f603f900fdfc00f902f405f006eb07e807e607e506e405e504e703ea03ee03f202f802fe0304050a060e07
1752,230267792,-40,11,128,1,143,1,1ee001000ce50ee40fe40fe50ee60de90aec07ef04f3fff7fbfbf6fef101ed03ea05e605e405e205e204e403e602e901ed01f101f302fd00000000000000000000000000000000000000fbfeeefaeff9f1f9f4f9f6faf9fcfcffff030207040b0610071407170719061a051a041a041703140211020c0206030104fb07f508f1
1753,230271780,-40,11,128,1,143,1,1ee00100e306e106e005e105e204e603ea03ee04f404f905ff0604070a090e0b120d1510161216131514131311120f100d0d0a0a09070201000000000000000000000000000000000000010406110410030f020d010a0106010202fd04f906f408f00bed0deb0fea10e911ea11eb10ed0eef0bf208f603f9fefcf9fff401f002
1754,230282184,-40,11,128,1,143,1,1ee001001dfe1fff1f001f001e001b00170012ff0dfd08fb02f9fdf7f8f5f4f2f0efeeecedeaede8eee7efe8f1eaf3ecf5eff7f3f8f5fefd000000000000000000000000000000000000fffbfcedfdeefeeffff2fff5fff8fdfcfc01fa05f709f40df110ee12ec13eb13ea12ea11ec10ee0df10bf509fa06ff0405020b0010ff
1755,230306924,-94,11,128,1,143,1,322ff341fc00fc0000fe03ff0200fefcfdf8fef3f8f7f4fdfff909fd0a070c000bfa0aff09010304fe05ff0202fffefdfbfc00ff050401020000000000000000000000000000000000000000ff0100020000fffefe01fc01fb00fc00fd020002040003fe00000102030002ff020202030002ff0000ff01feff00fd01fe0001ff
1756,230387206,-39,11,128,1,143,1,1ee0010019ef1cee1dee1def1cf019f216f412f50cf606f700f8faf9f4f8eff7ebf6e7f4e5f2e4f0e5efe6eee9efecf0eff2f2f5f4f7fdfe000000000000000000000000000000000000fbfdeff5f0f5f1f5f3f6f6f8f8fafafefd02fe07ff0cff11ff16fe19fd1cfc1dfb1dfa1dfa1bfa17fb14fd0fff0a020506000afb0df8
1757,230387757,-39,11,128,1,143,1,1ee00100e50fe310e210e10fe20ee50ce80aed09f209f708fe0704070a080f09140b170d190f191119131713151212100f0e0c0c0a0902020000000000000000000000000000000000000402110910090e090c0909070705050103fd01f800f300ee01e901e502e303e204e205e305e505e804eb03f000f5fdfaf9fff504f107
1758,230388213,-39,11,128,1,143,1,1ee00100041e0321032102210220011d01190215020f040a060408fe0bf90ef411f115ef17ee19ee1aef1af018f216f413f60ff80cf902fe00000000000000000000000000000000000004fd10f410f50ff70df80bfa07fb03fcfefcf9fbf4faeff8ebf5e9f3e7f1e6f0e6efe7efe9efecf1eff3f2f7f6fbfa00fd05ff0b010f
1759,230388771,-39,11,128,1,143,1,1ee0010018101a121a141a14181416121310100c0d080a0307fe04f903f302ee02e902e503e205e106e107e308e508e807ec06f004f201fc00000000000000000000000000000000000000fa01ec02ed02ee02f002f301f7fffafcfef802f404ef07eb08e809e609e408e308e307e505e804eb04f004f504fc04020508070d09
1760,230392292,-92,11,128,1,143,1,4ff11400f703f802f704f903fe05010704070508020b000c000dff0dfe0aff07ff07ff07fe06000504040401020002020104010401030000000000000000000000000000000000000000fffffcfffa00f801f800f7fff5fff5fef6fcf7fbf6fbf7fbf9fcf8fef600f6fff9fefcfffb02f707f609f40af309f409f309f20af30e
1761,230460149,-39,11,128,1,143,1,1ee0010014e816e717e717e717e814eb11ee0df008f303f6fdf9f7fcf2feedffe800e400e1ffe0fee0fde1fde4fce7fcebfdeffef2fffcff000000000000000000000000000000000000fbfceef3eff3f1f3f3f4f6f5f8f8fbfcfd01ff06000c00110116001a001dfe1efd1ffd1efc1cfc19fd15fe10ff0a020404fd08f80bf4
1762,230740886,-39,11,128,1,143,1,1ee00100e405e104e104e103e203e402e802ec03f103f605fb06010706090b0b0f0e111113131315121511150f140d120b10090d070a0102000000000000000000000000000000000000020308100710050f040d030b0208020402ff03fa05f607f109ee0beb0dea0fe910e910e90feb0eee0cf009f305f700fbfbfdf5fff101
1763,230742306,-39,11,128,1,143,1,1ee001001af81cf71df81df81cf91af917fa13fa0efa08fa03f9fdf8f8f7f3f5eff3ecf1ebeeebedebebedebeeecf1eef3f0f5f3f7f6fdfd000000000000000000000000000000000000fdfcf5f1f6f1f7f1f9f3faf5fbf8fcfcfc00fc05fb0afa0ef812f615f517f418f218f217f315f413f610f80dfb090005040209ff0dfd
1764,230747693,-39,11,128,1,143,1,1ee001001e0421042206210620071d061905150310000bfd06fa01f6fcf2f8eef5eaf4e6f3e4f4e2f5e1f7e2f8e4f9e6faeafbeefbf1fefc000000000000000000000000000000000000fefbfaecfbecfdedfef0fff3fef6fdfbfc00fa04f709f30cf010ed12ea13e913e713e712e810eb0eee0bf209f807fe0504040b031003
1765,230801764,-40,11,128,1,143,1,1ee001001b0d1d0e1d0f1d0f1b0e180d150b11080d0409ff05fb01f6fdf2faedf8e9f8e5f8e3f8e1f9e1fae3fbe5fce8fdecfdf0fcf4fffd00000000000000000000000000000000000001fb07ee07ef08f107f306f604f901fcfdfff902f404ef06eb07e707e507e406e305e404e603e902ec02f102f702fd0304040a050f07
1766,230808652,-40,11,128,1,143,1,1ee0010015141716171716171516121310100e0c0b08080205fd02f800f2feedfee9fde5fee3ffe1ffe100e300e501e800ecfff0fff3fffd00000000000000000000000000000000000003fd0ef40ef50ef60cf80afa07fc03fdfefef9fff4ffefffeafee7fce5fbe3fae3f9e4f9e6f9e9f9ecfaf1fcf6fefc01010406080a0a
1767,231313898,-92,11,128,1,143,1,4ff11400fd07ff090206030305020503060408050a080b0a09090706050204030304030603060103000101ff05fe06fe05fe04fe0401010000000000000000000000000000000000000000010006000600060007ff06fa07f90afb0bfb09fa09fa0afa07f803f904fd0600030203040402050208050a060b03100011ff0fff10
1768,231353738,-95,11,128,1,143,1,c3311c4100fbfffd0001fc01fb010005040200fbfdfb00ff02ff02fe0200ff01fffffefef8fff4fefe010c050f08070b01070001fe04ff0200000000000000000000000000000000000000ff00fdfefffd00fd00fe00ff00fe00fe0000ff02fd03fd0100fd02fd01fb00fafffeff02ff03ff02fe03fe03ff04fe01fdfdfcfdff
1769,231520159,-92,11,128,1,143,1,4ff11400f506f707fb05ff04050407050606080709080a0a080b040a0308040903060302030103010301030002ff02fe03fe05fd04fc00fe000000000000000000000000000000000000fefefafaf9fbf9fcf9fdf9fdf9fcf9faf9f9faf8f9f8fafafdfafdfafcfcf9fff900fa00fb03fc06f909f50af50cf50cf40ef30ef40b
1770,231621107,-92,11,128,1,143,1,4ff11400fdf7fcfbfbfefc01fe02fc04f806f706f706f605f505f506f405f503f603f903fc04fe04fd03ff03000300020102040406060101000000000000000000000000000000000000000002000300040005000700090008fe08fe08000802090009000802050102fe03fc05f905f602f7fbf6f9f3fcf1fdf2fbf2fceffcf0
1771,231723499,-91,11,128,1,143,1,4ff114000a04090207ff05fd04fc04fc06fa09f809f908fa09fc0bfc0bfb09fb08fd08ff08fe06fd05fe03fe02fb01f900f901fa01fb00ff000000000000000000000000000000000000ff00ff0301040305040605060509060a0608030600070009ff08ff040102020304030603070508040b040f031105100410040f080c08
1772,232094844,-39,11,128,1,143,1,1ee00100efebefe9efe8f0e7f1e7f2e8f4eaf5ecf5eff5f3f4f7f3faf0feee00eb01e801e600e4ffe4fde5fbe6f9e9f8ebf8eef8f0f8fcfe00000000000000000000000000000000000003fe0efb0efc0dfd0bfd0afc08fb07f906f705f405f205ef06ec07eb08ea0ae90bea0bea0bec0aed09ef07f004f200f3fdf3f9f3f6f2
1773,232471683,-39,11,128,1,143,1,1ee00100e400e2fee1fde1fce2fbe4fbe7fbeafcedfef000f304f507f70bf80ff813f616f418f219f018ef16ee14ef11f00ef20cf30afd0200000000000000000000000000000000000003fd0cf50cf60bf70af808f806f803f700f6fef4fcf2fbeffaecf9e9f9e8fae7fbe6fce6fce8fdeafdecfceffbf3f9f6f6f9f2fceffd
1774,232486451,-91,11,128,1,143,1,cff44c41f8f9fafdfc03fd04fc02fe0202040103fd00fd00fe020002010001000202010100fdfefbfdfefe0000ff01fe01fdfffdfefdffff000000000000000000000000000000000000fffffefdff00000101ff00fdfefdfefdfffe01ff00fefdfdfafcfbfb01f803f7fdfbfafe0103070909030900070405050304fffcfcea
1775,232488579,-39,11,128,1,143,1,1ee00100f7e3f7e1f8e0f9dffae0fbe2fce5fce8fbecf9f0f6f4f3f8f0fcecfee9ffe5ffe2fee0fce0fae1f8e3f6e6f6e9f6edf7eff8fcfe00000000000000000000000000000000000003020e0b0c0b0b0b090a08080805080209ff0bfb0df810f613f315f217f218f319f419f518f616f714f810f80cf807f602f4fff1fcee
1776,232489244,-39,11,128,1,143,1,1ee0010018101a121a1419151715151413121110100c0e070d030dfe0ef910f512f216f019f01bf11cf21cf41cf71af917fb14fc12fd04ff000000000000000000000000000000000000fb00ed02ee01effff1fff300f602f804fa07fb0bfb0efb12fa15f818f719f51af419f318f417f514f612f810fc0d000b050b0a0b0e0b
1777,232489835,-39,11,128,1,143,1,1ee00100170a190c190d190e170f150e130d110b0f080d050c010cfd0cf90df50ff212f014ef16f018f118f318f616f814fa11fb0ffc03ff000000000000000000000000000000000000fc01f106f105f204f303f503f804fa05fc07fe0aff0dff10ff13fe16fd17fc18fb18fa17fa16fa13fb12fc0fff0c030a07080b080e07
1778,232544674,-39,11,128,1,143,1,1ee00100051a051b041c031d021c011a011801150212040e070b09090d071005140617071809190b190d170e150f130f100e0d0d0c0c0202000000000000000000000000000000000000fcfef1faf1f9f3f9f5faf6fbf7fdf700f703f606f509f30bf00dee0eec0eeb0dea0cea0beb0aed09ef08f108f508f909fd0c000e0310
1779,232605185,-39,11,128,1,143,1,1ee001000819081c071d071d051d041b031903160412050f070b0a070d041002140118021a031c051c071b09180a160b130b0f0a0d090302000000000000000000000000000000000000fcfef2f8f2f8f4f8f5f9f6faf7fdf7fff602f605f408f20aef0ced0dec0dea0de90ce90cea0bec09ee09f109f509f909fd0b000d030f
1780,232658725,-39,11,128,1,143,1,1ee001001aff1c001d021d031d041b041804150312010ffe0cfb09f807f406f006ec08e90ae70ce60ee60fe810ea10ed0ff00df20bf402fd000000000000000000000000000000000000fc02f209f208f307f406f605f806fb07fd08000a020d03100413051504170418031902190117011501130210030c050908060c040f03
1781,232662000,-39,11,128,1,143,1,1ee00100e6f8e4f6e4f5e5f4e6f3e8f3ebf4edf6eff9f1fdf301f405f409f40df310f013ee14ec13eb13ea11ea0feb0ced0aef08f207fc0100000000000000000000000000000000000003fe0ffb0ffc0dfd0cfd0afd07fc05fa03f801f500f200ef00eb01e901e803e704e705e705e905eb04ee02f000f3fcf6f8f8f4f9f1f9
1782,232720150,-39,11,128,1,143,1,1ee0010012ed15ec17ec18ed18ee17f015f212f30ef40af505f501f4fdf2f9f0f7edf5eaf5e7f7e4f8e3fae3fce5fee7ffea00ed00ef00fc000000000000000000000000000000000000ff04fc10fb0ffb0efb0cfc0bfe090008030806070a080d09100b120c130e130f13101311111110100e0e0d0b0b070a030afe0bfa0cf7
1783,232720843,-39,11,128,1,143,1,1ee00100e5fee2fde1fde1fbe2fae4fae7faeafbedfdf000f303f607f80bf90ff813f716f518f319f119f017ef15ef12f010f20df40bfd0200000000000000000000000000000000000003fd0ef70ef80df90cfa0afa08fa06f903f700f5fef3fdeffbecfbe9fce8fde6fee5fee6ffe700e900ebffeefdf2fbf6f7f9f3fbf0fd
1784,232721489,-38,11,128,1,143,1,1ee00100e5fae3f8e3f7e3f6e3f5e5f4e8f5ebf6eef9f0fdf300f505f609f60df511f314f016ee16ec15eb13eb11ec0eed0cf00af108fc0200000000000000000000000000000000000003fe0ffa0ffa0efb0dfc0bfc09fb07fa04f802f500f3ffefffec00e900e701e602e503e604e704e903eb02ee00f2fdf5f9f8f4faf1fb
1785,232721977,-39,11,128,1,143,1,1ee00100edecece9ede8ede7efe6f1e8f2eaf3edf4f0f4f5f4f9f3fef202f006ed08ea0ae70ae508e307e305e503e701e900edffeffffcff00000000000000000000000000000000000004000f040f040e040c040b03090208ff08fc07f908f509f20bef0ced0eec0feb11ec11ed11ee10f00ef10cf308f403f5fff5faf4f7f3
1786,232747551,-93,11,128,1,143,1,4ff11400f403f704fb02fd00fe01fd05fe05fe06fd09fc0bfc0bfc0afc0afc09fa07f807f905fb03fe040105030503030303030502080002000000000000000000000000000000000000fffefdfcfdfffdfffdfefcfdf9faf9f9fcf8fdf5fbf5f9f6faf7fcfafcfdfbfefbfefafefafff902f506f207f204f203f202f500f701
1787,232952348,-91,11,128,1,143,1,4ff11400f807fa06fd04030307040603050308020b030b060b080b080a0907080405020302030204010100fe00fe01fe02fc03fa01f900fe000000000000000000000000000000000000fefefcfafff801f801f802f701f600f700f901f801f600f5fef7fdfafdfdfdfdfdfdfdfdfcfef700f404f307f104f203f105ed05eb05
1788,233157166,-93,11,128,1,143,1,4ff11441faf8f9f8f9f9f9f9f8faf7fcf9fff9fef5fcf2faf2faf4f9f6f7f9f7fcf9fbfafbfafcfbfdfcfbfef900f901fa00fb00fa00fe00000000000000000000000000000000000000fefffcfefdfffbfff9fdf9fcfafcfcf9faf7fbf8fff700f5fef4fff700fbfffbfdf8faf8f9faf8faf6f8f4f5f4f5f6f8f6f7f6f5f6f3
1789,233259556,-94,11,128,1,143,1,4ff11400f906fc06fe0900070405060509030c020e040d06090609070a080a070904070106ff05ff04ff03fe04fc02fb00fa00f802f600fd000000000000000000000000000000000000fffffffcfefcfcfbfbf9fbf7fbf5fbf4fbf5fcf4fff2fff4fef6fef8fdfafcfefc00fe02fd03fa04f804f706f408f108f308f707f705
1790,233337578,-91,11,128,1,143,1,555ee54100feff01fb06f90bf90cf907fb02fe03000402040102fe01fd04ff04010404050602070107040604030102fe05ff040001feffff00000000000000000000000000000000000000fd02f803fb00fdfdfffc00fdffffff01020102000001fffe00fc01ff02ff00fdfefdff00010000ff0001ff03fe02ff010002000102
1791,233464364,-92,11,128,1,143,1,4ff11400f608fc04ff01030207040703050107010aff0aff09010a040a0408030604050503040202010101ff02fd01fb01fa01fa00fa00fe000000000000000000000000000000000000fefffbfdfcfdfefbfdfbfcfbf9faf9f9fbf7fdf5fcf6f9f8f9f9fbfafdfafefbfe00fc05fa07f909f809f509f50af60bf50ef50cf508
1792,233560364,-93,11,128,1,143,1,47711441f505f706fb04fd040005040605050508070c070b050c020f010f010b01070005000600050003010202020201020003ff04ff01ff000000000000000000000000000000000000fefffafffafdfbfcfcfcf8fdf5fbf6fbf9fcfafbf9f9fbf7fdf7faf9f7fbf7fcfafdfc00fb03fa06f708f508f708f908f508f207f109
1793,233976364,-93,11,128,1,143,1,4ff11400f903fc05fe070006020605050a040b040807080808080a080909080907070604030200020102030102fe02fc03fa04fa06fb01ff000000000000000000000000000000000000fffffdfcfbfefb00f901f801f6fff4fcf6fbf9f9f9faf9fbfbf9fcf9fcfcfbfefd00fc03fb03fc03fc05f908f80bfa0cf90ef70ff50f
1794,234284057,-92,11,128,1,143,1,4ff11400fe0afd060103040104ff04fe07fd09fc0afb0dfb0efc0bfa08f907fb06fd06fc06fb05fb01fd00fe00fefefcfcfbfafbfafafefe000000000000000000000000000000000000fefffbfefafdf9fdf9fdf8fef7fef5fbf5fbf7fdf7fdf7fbfafafcfbfbfdf9fdfafeff02ff06fd08fd09ff0a000afd0dfc10fe11ff12
1795,234385997,-92,11,128,1,143,1,4ff1140005090507040203ff03ff03fb04f706f606f808f809f907fa07fc07fe06fe05ff0400040002ff00fefffdfdfcfcfbfefbfefbfffe00000000000000000000000000000000000000000003fd04fc04fb04fc05fb05f805f704f703f601f601f703f805fc06ff04fd04fd05010404040408060b070c070e070f070f0610
1796,234608387,-38,11,128,1,143,1,1ee00100f114ef16ee16ed15ed14ee12f010f20ff50df90bfd0a020a060a0a0b0d0d100f1112111410150e160c150a140812060f050d010300000000000000000000000000000000000001fc05f105f206f305f504f602f800f9fdf9f9f9f6f9f3f8f0f6edf5ecf3ecf2ecf1edf0eff1f0f2f2f4f3f6f5faf7fef703f707f609
1797,234630679,-38,11,128,1,143,1,52200500eaf3e8f1e7f0e8eee9eeebeeeef0f0f2f1f5f3f9f4fdf502f506f40af30df010ee11eb11ea10e90eea0ceb0aed08ef06f105fc0100000000000000000000000000000000000003000f010e020d020c020a02090007fe06fb05f905f505f206ee07ec09eb0aea0bea0cea0cec0bed0aef08f105f401f6fcf7f8f7f4f7
1798,234633468,-38,11,128,1,143,1,522005001bf81ff820f921fb20fc1efd1cfd18fd14fc10fb0bf807f503f101edffe9ffe500e302e104e006e107e308e608e908ed07ef01fc000000000000000000000000000000000000fc02f10af109f108f207f406f706fa07fd09000a030d0510071408170819081a071b061b051a041804160412050d060909050d0111ff
1799,234909398,-96,11,128,1,143,1,633886410101ff0000fe01fd02ff030002fffdfefbfcfefc00fe01fe01fd01fe00fefefefefdfffd00fc00fcfffdffff00ff00ff00000000000000000000000000000000000000000000ff00000302030001fcfffafef4f7eff2f7fafe01f800f300f703fa04fd00020003030001fd00fd01fe02000200030003000001ff0300
1800,234959121,-38,11,128,1,143,1,1ee00100150e1610171116121513131211100f0e0d0a0c060a020afe0af90bf50df110ef12ee14ee16ef16f116f315f513f710f90efa03fe000000000000000000000000000000000000fcfef0faf1faf2f9f4faf5fbf7fdf8fff902fa06f909f80df610f512f313f214f014f013f012f110f30ef50cf90bfd09020907090b09
1801,234962084,-38,11,128,1,143,1,1ee0010017f71af71bf81cf81cfa1afb17fc14fc11fb0dfa08f804f601f3fef0fdedfce9fde7fee400e401e403e604e804eb04ee03f000fc000000000000000000000000000000000000fc02f309f308f307f406f605f805fa06fe070108030a050d0710081308150816071706170516041504120410040c060708030bff0efd
1802,235205208,-92,11,128,1,143,1,4ff11400f802f9fffc01fe0301020503060707090a060c030b03090407060608070805060202010000ff0000fffffffd00fa03fa05fa01fe000000000000000000000000000000000000ff00fefffcfdfbfcfcfafcf9fafafcfbfdfbfaf9f9f6fbf5fdf7fefafffcfefffe00fe01fc03f904f806f808f50bf40df70cf80cf70d
1803,235821396,-93,11,128,1,143,1,4ff114000107020702040501040002ff04fc07fb09fb0cfa0efa0dfc09fc09fb09fd06fe03fd04fd03fe00fcfefbfdfdfbfdfcfbfdfafffe000000000000000000000000000000000000ff00fd01fb01f900f7fef7fdf8fff901f701f600f6fff7fff8fff800f901fc02fc03fb05fd07020a030b000cff0d000f011102110310
1804,236843670,-91,11,128,1,143,1,4ff11400fc0afc0b000905050503060209020b030e050d030b0409070708070808060703050303020100ff00020006fe07fd05fc02fc00ff0000000000000000000000000000000000000000ff00fe01fe01fe04fd06f905f705f604f603f602f701f801f701f801fb01fd02fe05ff0901090309030d020fff0efb0dfb0efc0f
1805,236946055,-92,11,128,1,143,1,4ff1140009ff04ff03fd04fb02fbfffbfff700f300f200f100f000f0fdf2fcf7fdf8fef6fff600f8fefafdfcfdfefc01fa00fafffb00ff00000000000000000000000000000000000000ff00ff01ff02ff02ff03fe06fd08fb08fb08fb0afb0afb06fa03fc0300050206040407020a020b000b000c000c000a010d0212051508
1806,237253274,-91,11,128,1,143,1,4ff11400f806fa03fd040104060309020a010c000d020c030b020a0007ff06ff0701070006fe02fdfefdfefb00fafffafefafef8fff700fd000000000000000000000000000000000000fffffdfcfcfbfcfbfafcfbf9fdf7fef5fff6fff6fef6fef6fdf8fdfafefbfdfdf9fef801fa05f907f705f506f208f20bf30cf10cf00a
1807,237458055,-91,11,128,1,143,1,4ff1140005f502f7fff8fdf8fef8fcf8f8f8f7f8f7f7f7f4f5f3f7f3fcf3fdf4fcf7fcfafcfdfcfefdfefdfffa01f802f702f801f8fffdff00000000000000000000000000000000000000ff01fd03fc03f904f906fa08fa0afb0dff0e020c020a0104010101040005ff02fe02fd06f904f603f407ef08ee05ef05ee09ef0aee
1808,238174892,-90,11,128,1,143,1,4ff1140003f3fff7fbfcf9fdf9fdf9fdf6fff202f003ef00f0fdf2fbf1fcf1fef4fef7fffafefcfdfeff0002000501070107fe07fd07ff01000000000000000000000000000000000000ff00000003ff0501070109010a040a080809070708050804070407050504020100fffffc01fb02fa01f904f407f009f108f306f105ee
1809,238205373,-92,11,128,1,143,1,655ee641030202ff01fcfffd00ff0200010300020100ff01feff01fd03fe01fffdfffefffe00fd01fc00fc02fd0200000101020003ff01ff000000000000000000000000000000000000ffff00ff02ff0100fd01feff01ff0102ff020001ff00fcfefefe0000ff02fe03ff040100fffbfbfafdfc00fffe08fb10ff0d0205fe01
1810,238308428,-42,11,128,1,143,1,1ee00100100d121014121613181319111a101b0e1a0c170a140911090d0a0a0b060d03100112ff15fe17fd18fd19fd19fe18fe17fe17ff0500000000000000000000000000000000000001fb07ef07ef06ee06ee05ef05f105f205f507f809fb0bfd0fff12011401170019ff1bfd1bfb1bf91af818f715f712f910fb0efe0d01
1811,238308893,-42,11,128,1,143,1,1ee0010010f314f216f017ee18ec17ea15e914e811e90fea0ded0cf00cf40df80ffc11ff1302140416061707180718071706160616060501000000000000000000000000000000000000fcfcf2f3f2f3f1f4f1f4f2f5f3f6f4f7f7f7faf6fdf501f403f105ee06eb06e906e604e402e300e3ffe4fde5fde8feebffef02f104f2
1812,238309353,-42,11,128,1,143,1,1ee0010000140018001b021d031f051f071e081d091a0918071505130211fe0ffa0ef60ef30ef00fee0fed10ec10ec10ed10ee0fee0ffb0300000000000000000000000000000000000004fe11fa11f911f910f80ff90ef90cfa0bfc0aff090209060a0a0b0d0d101011121214121610170f180d170b150a11080e080b09090b
1813,238341842,-42,11,128,1,143,1,1ee00100fbe9fbe5fae3f9e1f7e0f5e1f4e2f3e4f3e7f4e9f7ecfaeefef002f106f10bf10ef111f113f014f014f014f013f112f212f304fd000000000000000000000000000000000000fd03f40ff40ff50ff60ff80ef90cfa09fa06f902f7fef5faf2f7eff5ecf4e8f3e6f4e4f6e3f8e3fae4fce6fdeafeeefef2fcf5faf8f7
1814,238346595,-42,11,128,1,143,1,1ee00100f2ecf1e9efe7ede7ebe7eae8eaeaeaecebeeedf0f1f1f5f2f9f1fdf000ef04ed06eb08ea0ae90ae80ae90ae90aea09ec0aed02fb000000000000000000000000000000000000fe04f911fa12fb12fc11fc0ffd0dfd0bfc08fa04f701f4fef0fcecfbe9fbe6fce3fee200e202e304e506e706eb05ef04f201f4fdf5fa
1815,238405157,-42,11,128,1,143,1,1ee00100150b180c1a0c1c0b1d0a1d081b061905160512050e060b08070a040d0110ff13fd16fc17fb18fb18fb17fb16fa14f912f910fe04000000000000000000000000000000000000fcfcf2f1f2f2f1f3f2f4f3f6f5f8f8f9fcfa00fb05fa0af90ef712f513f214ef14ec13ea11e90fe90cea0aec08ef07f407f909fe0a01
1816,238454756,-42,11,128,1,143,1,1ee0010001e501e100deffdcfedcfcddfbdffbe2fbe5fde900ed03f108f50cf810fb15fd18fe1a001c001c011b011a021703150413050401000000000000000000000000000000000000000502160316041505130511040e030b0107fd03f9fff4fceff9eaf8e6f8e2fadffbdefddeffe001e203e604ea03f001f5fef9f9fbf5
1817,238482089,-91,11,128,1,143,1,4ff11400fe0d000a0206020302030605090508040a070c090b0c060d020b030c040c0209ff06000601060204050207010800070004ff00ff000000000000000000000000000000000000ff01fe040104020503070409020afe0bfb0cf90bf80af70cf70bf907fc03fe03ff0500030105010c040f060d050e0313041706160714
1818,238510779,-43,11,128,1,143,1,1ee0010012f116ee18ec19ea19e818e716e814e911eb0fee0ef20cf70cfd0c020c080d0d0d110e140e160e170e170d170c150a1408130104000000000000000000000000000000000000fc04f210f311f311f511f710f80efa0bfb07fc02fcfdfbf7f9f2f7eef4eaf1e8eee7ece7eae8e9eae9eceaefeef1f2f4f7f6fdf702f7
1819,238511921,-43,11,128,1,143,1,1ee00100eb05e705e507e308e20ae30be50be70be90aec08ef05f201f4fdf7f9f8f4f9f0faecfbeafbe8fbe7fce7fde8fee9ffeb00ec00fb00000000000000000000000000000000000004fd11f710f610f50ef50df50af608f806fb04ff01030008000d001101150318051a071b091a0a190b170b150a11070e030aff08fb06
1820,238512329,-43,11,128,1,143,1,1ee00100f2edefe9ede6ebe5eae5e9e6e9e8e9eaebedefeff3f1f8f2fdf303f308f30df311f214f217f117f217f217f315f414f613f704fe00000000000000000000000000000000000003030f0e100d100d100b0f0a0d080a0607050204fd03f704f205ed07ea09e70ce60fe612e714e914eb14ee13f110f40cf607f701f7fd
1821,238513528,-43,11,128,1,143,1,1ee00100e8fce4fbe1fbdefcddfedeffdf00e101e401e800ecfff1fcf5f9f9f5fcf1ffed01ea03e704e504e405e405e505e706ea06ec01fb0000000000000000000000000000000000000500150015ff15fe14fd12fc0ffc0cfd08fe04010004fc09f90df812f716f719f81dfa1ffc1ffe1e001d011b01160011fe0cfb07f804
1822,238513946,-43,11,128,1,143,1,1ee0010010f213f015ed16eb16ea15e913e911ea0fec0def0bf30bf80bfd0b020b060c0b0d0e0d110e130e140d140d140b120a1108100104000000000000000000000000000000000000fc03f40ff40ff50ff60ff70ef90cfa0afb06fc02fcfdfbf8f9f3f7eff5edf2eaf0e9ede9ecebebecebeeecf1eff3f3f6f8f7fdf701f7
1823,238584502,-90,11,128,1,143,1,4ff11400f303fa05fb07fc0901080608070807080709060c050e060d050b030904080408050704050203020101fd02fc04fc05fb04fb00fe000000000000000000000000000000000000fffefefbfefbfefafdf8fcf5fef5fff6fef4fff3fff4fff6fff6fdf8fdf9fdfafafcfa00f903f605f206ed07ec06ef05ec06ea05eb02
1824,238736775,-42,11,128,1,143,1,1ee00100f114ef17ef19ef1bf01bf119f317f514f610f70cf706f701f7fbf7f6f6f1f5edf5eaf5e8f6e7f7e8f8e9f9ebfbedfdf0fff200fc000000000000000000000000000000000000fcfcf2f0f2f0f1f1f2f3f3f5f5f7f7fafbfd00ff05010a030f04140517041a041c021d011dff1bfe18fd15fd10fe0aff05020005fc08
1825,238742869,-42,11,128,1,143,1,1ee00100130e1610181019101a10180e160c130b0f090a0805070007fa07f507f108ec08ea07e807e706e705e904eb03ed01f0fff2fdfcff000000000000000000000000000000000000fc03f20ff20ff40ff50ef70df90bfc08fe0400ff02fa03f504f004eb04e802e501e3ffe2fee3fde5fce7fcebfdf0fff501fb04000703
1826,238748759,-42,11,128,1,143,1,1ee00100ea11e714e617e618e718e917eb15ee12f10ef309f503f7fdf9f7faf1fbecfce8fde5fde3fee3ffe300e501e802eb04ef05f201fc000000000000000000000000000000000000fcfbf2edf2edf2eef2f0f3f3f5f6f7f9fbfd000005040a071009150a190a1c0a1f0920071f051d041b02170111010a010403fd05f807
1827,238755020,-42,11,128,1,143,1,1ee00100f014ef17ee19ee1aef1af118f316f413f60ff70af705f8fff8f9f8f4f7f0f7ecf7e9f8e7f8e7f9e7fae9fcebfeeefff101f300fd000000000000000000000000000000000000fcfcf0f2f0f3f0f4f1f5f2f7f5faf8fcfcfe000006020b041004150418041b021c011dff1cfe1afd17fc14fc0ffd09ff0401fe05fb07
1828,238808932,-41,11,128,1,143,1,1ee00100f1eaefe8eee7ece8ece9edebefedf1eff4f2f9f4fef503f608f60cf610f513f515f416f516f515f614f712f90ffb0dfd0bff0200000000000000000000000000000000000000040212071207120611040f030c0209010401ff02fa03f405f007ed0aeb0dea10ea12eb14ed15ef14f213f410f60cf807f901f9fbf8f7
1829,238809525,-41,11,128,1,143,1,1ee00100f0e8ede6ebe5eae5e9e6eae8ebeaeeedf1eff6f2fcf402f507f50cf511f515f418f419f41af419f518f615f812fb10fd0dff03000000000000000000000000000000000000000501150615061504140312020f010b0006010002fb03f506f009ec0dea10e913e816e918ec19ee18f117f314f50ff709f803f8fcf7f8
1830,239006899,-41,11,128,1,143,1,1ee0010006e507e107de05dd04dc02de00e000e300e601e904ed07f00bf20ff413f616f619f71af71bf71af819f818fa15fb13fd12ff04ff000000000000000000000000000000000000fa02eb0bec0ced0def0df10cf30bf608f704f8fff9faf8f4f6eff3ebf0e9ede8e9e8e6e9e5ebe5eee6f1e8f3ecf5f1f6f7f5fcf300f1
1831,239008720,-41,11,128,1,143,1,1ee001000cea0de70de40ce30be209e308e407e606e906ed07f009f40cf70ffa12fc15fe17ff180019001900180016011402110310040301000000000000000000000000000000000000fb01ec06ed07ed08ee09f109f308f506f702f9fefbfafbf5faf0f8ecf6e9f3e7f0e6eee7ece9ecebecededf0f1f2f5f4faf5fef402f3
1832,239129136,-42,11,128,1,143,1,1ee001001afb1bfa1cf91cf71bf619f518f516f514f713f812fb12fd1300140215041706180618071807170715061306110710070e08030200000000000000000000000000000000000000fb02ee01eeffeffff0fef2fff400f602f705f908f90cf910f812f614f414f114ef13ed11ec0fec0ded0cee0bf10bf40bf70ef910fb
1833,239183638,-43,11,128,1,143,1,1ee00100f014ee16ed18ee1aef1cf11cf21cf41cf51bf619f617f515f413f211f010ee0fec0fea0fea0fe90fe90eea0eeb0deb0ceb0bfa0200000000000000000000000000000000000000040211021103110410040f030e020d010dfe0dfb0cf80df60ff411f314f316f418f61af81bfa1bfc1bfd1afe18fd15fc13f912f711
1834,239236321,-42,11,128,1,143,1,1ee00100fb13f816f619f61cf61ff720f921fb21fd20ff1dff1bfe17fc14fa10f60ef20cef0aec09e909e709e609e60ae70ae80ae909fa0200000000000000000000000000000000000003010f0510051204130313031202120110010e020b0309050709050c05100513071609190b1a0d1a0f191118111610130e100b0f080e
1835,239236910,-42,11,128,1,143,1,1ee001000f07120a140c160e190e1a0d1c0c1c0a1b081a061705140510070d080a0b070e051103140216021702180218021702170216000500000000000000000000000000000000000001fc05f206f105f005ef04ee03ef03ef03f103f304f606f809fa0cfc0ffd12fd15fc17fb19f919f719f518f416f313f410f60ff80efa
1836,239813330,-90,11,128,1,143,1,4ff11400f80bf60ff811f912f711f60df80afa08fc05010403050203050109000b010d010e020d040904080209000801060305020501010000000000000000000000000000000000000001fe05fa06fb06fc05fc05fc03fc01fb00fafff9fafbf8fbf7f9f6f7f6f4f6f2f7f3f9f6f8f7f8f5f9f6f9f9f8fbf6fdf700fa05f808
1837,240095889,-41,11,128,1,143,1,1ee0010009170b1a0d1b0f1b101b111810160f130d10090e050d000cfc0cf80df40ef010ee11ed12ec12ed12ee11ef0ff10df20bf209fc0200000000000000000000000000000000000000fa02eb01eb00eb00ed00ef00f100f402f705fa09fe0d001102150318031b011c001dfd1cfb1afa18f915f911fb0dfe0a020806080a
1838,240098858,-41,11,128,1,143,1,1ee0010005e805e503e302e200e3ffe4fee7fde9feec00f002f306f509f70df810f913f916f917f817f816f815f813f911fa0ffc0dfe03ff000000000000000000000000000000000000fc02f10bf10bf20bf30bf409f608f705f702f8fff8faf7f6f4f3f2f0f0efeeeeebeeeaf0e9f2eaf4ebf6edf7f1f8f5f8f9f7fdf500f3
1839,240101999,-41,11,128,1,143,1,1ee0010015f618f419f319f118ef15ef13f011f10ef30cf60bfa0bfe0c020e060f09110b120d140d140d130d120b110b0e0a0c0909090202000000000000000000000000000000000000fbfdeff8eef8eef9effaf1faf3fbf6fbf9fafcf800f602f305ef06ec06e905e703e501e4ffe5fee6fde8fdebfeef00f303f607f80bf9
1840,240102713,-41,11,128,1,143,1,1ee00100021a031d051e071f091f0a1c0a1a0a1708140611020ffe0efa0df60df20eee0fec10eb11eb11ec11ed11ee0ff00df10bf209fc0200000000000000000000000000000000000003fc0ef10ef00df00cf10bf20af409f609fa09fe0a020c070f0a120d150e170e1a0d1b0c1b091b071906170413040e050a07070a050d
1841,240105230,-41,11,128,1,143,1,1ee00100e704e404e306e308e40ae60ae90aeb0aee08f006f202f3fff3fbf2f7f1f4eff2eef0edefecefedf0edf2eff3f1f4f4f5f6f5fdfd00000000000000000000000000000000000002030a0f0b0e0b0e0b0d0a0b080a06090309ff09fc09f80bf40df20ff112f114f217f318f618f818f916fa14fb10fa0cf908f505f303
1842,240222938,-93,11,128,1,143,1,4ff11400fe0cfe10fe10fd0efc09fb08fb09fd07ff0400030102030203020303060409040803070109000901070005ff05ff05ff05fe01ff00000000000000000000000000000000000000fe00f900fafffafcfafffb01fb01fbfffffd01fa00f8fef9fff9fff7fdf7fdf800f700f5fef5fcf9fefcfffc01f903fc050006ff08
1843,240632550,-90,11,128,1,143,1,4ff1140007ec06e807e909ee07f305f305f103f202f402f601f900fcfcfff9fff7fef6fef3fdf1fdf2fdf5fdf6fbf6fbf9fdfbfdfcfcfffe000000000000000000000000000000000000ff02fc07fb07fb08fa07fb04fd04fe0501040203030407060b060b060a070b0b0d0c0e0a0d090a0809080806060103fe00fefffbfff9
1844,240711177,-94,11,128,1,143,1,d11ffd410101020002010101000100ff01fd01fe000000ff00fd0001ff04ff030001ff00fd01ff01020102ff00000101020001ff00fe00ff00000000000000000000000000000000000000fffffdfffdfffdfffefe00f402ee02f9000100f801f002f902010000fefffdfefdfdfcfefeff00fffffeffff01ff01fffe00feff03
1845,240734952,-91,11,128,1,143,1,4ff114000f09110c110e100d0e0c0d0b0a0809040902060003ff01fdfdfcfcfcfbfaf9f6f9f4fbf4fbf5f9f7f9f9faf9faf9fcfafdfbffff00000000000000000000000000000000000002fe08fa08fc0afd08fe04fd03fb01fcfdfefbfefbfcfafcf8fff601f3fff2feeefeecfdf1fbf5f9f5f9f7fdf802fa04fd0300030504
1846,240762595,-39,11,128,1,143,1,1ee00100030a08080d061206160619071c081d091d091d091a091808150611040e000cfd0bf90af50af20bef0cee0ded0dec0eed0fee03fb000000000000000000000000000000000000fd00f503f203ee03ea01e700e5fde4fbe5f9e7f7eaf7eef7f2faf6fef902fb07fc0dfc12fc16fa1af81df61ff51ef51cf61af617f715
1847,240763020,-39,11,128,1,143,1,1ee0010009fb07f605f104ec03e804e505e305e106e106e206e406e704ea02edfff1fcf3f8f4f4f5f1f6eef6ecf5ebf5ebf4ecf3edf2fbfc0000000000000000000000000000000000000002030a040d0411031402170019fd1bfb1af918f915f911fb0efe0a030608030d02120116011a021d041f051f061d071a0718071607
1848,240837354,-91,11,128,1,143,1,4ff114000e0b0e0b0d0b0b090a080d060c02070004000501050103ff02fd00fdfffbfff801f704f805f803f803f803f801fa00fc00feffff000000000000000000000000000000000000fffefcfbfcfafef900fa01fafffbfcfefafffafefd01fd05fb08fb08fa07f607f408f308f603fa02fc06fd08ff070205020503040702
1849,241451793,-91,11,128,1,143,1,4ff11400fdf100f000ef00ef00ecffeefef3fff7fef6fdf5fcf7fafaf8fdf8fff7fff6fef4fdf3fcf4faf5faf6faf7fbf8fbf9fcfbfffe0000000000000000000000000000000000000002000702040402060106030504030402060106fe05fc05fa0af90df80ef90dfb0efc0efd0c000b030b040b0208ff04fe01fcfffafbf9
1850,241656575,-92,11,128,1,143,1,4ff11400f90bf80ff812f70ff40bf508f707f706fa05fe05010302020201030008ff0cff0c010b020b010c000bff0aff080106020702020000000000000000000000000000000000000001ff06fe09fe09fd06ff04ff04fe01ff00fefefcfcfafcf9fcf8fcf7faf7f8f6f8f4f9f3fbf2fef4fef8fbf9f9fdf900fc02fd06ff09
1851,241861377,-92,11,128,1,143,1,4ff11400f8f4f6f2f6eff9edfceffdf4fef6fef7fff800fa00fdfd00fb03f902f5fff2fff2fdf2fcf3fbf6fbf8fbf9fcf9fcf9fdf9fdfeff00000000000000000000000000000000000001ff04fd03ff0301050104010301030003ff02fc00fb00fb02f704f406f307f207f308f509f609f607f806fc07fe05fbfcf7f5f7f3f9
1852,241883998,-36,11,128,1,143,1,1ee0010016f71af61cf61df61df61bf718f815f810f90bfa06fc00fdfafef5fef0feebfee9fde7fbe6fae7fae8f9ebf9eefaf1faf4fbfdfe00000000000000000000000000000000000000fa03eb04eb05ec05ee04f003f301f6fff9fdfef902f606f20aef0ded10eb11e912e912ea12eb10ed0ff00df40af907fe03040007fe
1853,241890626,-36,11,128,1,143,1,1ee00100fc18fc1bfb1dfb1efb1efb1cfb19fc16fd11ff0c0007010103fb05f608f20aee0cec0eeb10eb10ec0fee0ef00df20bf509f702fe00000000000000000000000000000000000003030f0d0e0d0d0d0c0c0b0b09090706040202fe00f9fef4fdeffcebfbe8fae5fae3fae3fae4fae6fbe8fbecfcf1fcf7fdfdfd03fd07
1854,241891986,-36,11,128,1,143,1,1ee001000b150c180d1a0d1b0d1b0c190b170913070f060a0405020000fafff5fef0ffecffe900e701e602e602e803ea03ee03f103f400fd000000000000000000000000000000000000040013011302130211020f020c02090005ff00fdfcfaf8f7f4f4f0f1eeefecedebecebecebececeeeeeff0f2f4f6f8fafbffff030107
1855,242034756,-37,11,128,1,143,1,1ee00100fae6fae3fae1fae1fae1fbe4fbe7fcebfceffdf5fdfbfd01fd07fd0cfc11fb15f917f818f719f717f715f713f80ff90cfa09fe02000000000000000000000000000000000000fbfdecf7ecf7eef6f0f7f2f8f5faf8fcfcffff030308060c09100b140d160e180e190e1a0d180c160b130910070b040502ff00fafff5
1856,242035357,-37,11,128,1,143,1,1ee00100120e15101511151115111310110e0e0b0b080805040100fdfdf9faf6f8f2f6eff6ecf6eaf7e9f8eaf9ebfaedfbf0fcf3fdf6fffd00000000000000000000000000000000000004fe11f911f911fa0ffb0dfc0afd06fd02fdfdfdf8fdf3fceffbebf9e9f9e7f8e6f7e6f7e7f7e9f8ecf9effaf3fcf8fffd0102040607
1857,242098187,-38,11,128,1,143,1,1ee001001afb1dfb1efb1ffb1efc1cfc18fd14fd0ffd0afd04fdfefcf8fcf3faeff9ebf7e9f5e8f3e8f2e9f2ecf2eef3f1f5f4f7f7f9fdfe00000000000000000000000000000000000000fa02ea03ea03ec04ee03f102f400f8fefcfb01f805f409f00cec0fea10e811e711e711e810ea0eed0df00bf508fb05010307000bff
1858,242413628,-97,11,128,1,143,1,5aaaa541fefafff901fb0000ff0100fe01fd01fd01fd00fb00fc00fc01fb00fcfffd01fe03ff0200ff00fffd01fd02ff000000ff0200000000000000000000000000000000000000000001ff02fefffd00fd01ff01020102020002ff0101fe02fb03fb03fd02ff0002010302010200020102020102030908110c0804fffefe00
1859,242708473,-93,11,128,1,143,1,f2288f41fd050002ff02fffe04fa06fb06f905f7fefaf9fdfffd01fd0100040204040305070305040207040a040b050206fa05fd0503010100000000000000000000000000000000000000ff00ff00fe00fefffffe00ff00fe00fd01fd01fd01000003fe01feff01ff02fe03fd00fffd03fd03fe03fe01fffdfefcfdfefdfffe
1860,242724493,-39,11,128,1,143,1,1ee001000f13111512171217111610140e120c0f090b06070302fffefcfaf9f5f7f1f6eef5ecf5eaf6e9f6eaf7ecf9eefaf1fcf4fdf7fffe0000000000000000000000000000000000000501160615061507130711060e050a03060101fefcfaf7f7f3f3f0efededebeceaeaeaeaeaeaececeeeef1f2f4f5f9fafdff02030507
1861,242729585,-39,11,128,1,143,1,1ee00100f2ebf1e8f0e7f0e6f1e6f2e8f4ebf5eef7f2f9f7fbfcfe010106030a050e0512051504160317031602140212010f010b00090002000000000000000000000000000000000000faffe9fde9fce9fbebfbedfcf0fcf4fdf8fffd01020507080c0c100f12111413151416151514131311110f0e0b0a0706030000fbfcf7
1862,242784691,-39,11,128,1,143,1,1ee00100f4eaf3e7f3e5f3e4f4e5f5e7f6eaf8edf9f2faf6fcfcfd01ff07000b0010ff14fe16fd17fc17fc16fb14fc11fc0efd0bfd08ff02000000000000000000000000000000000000fa01e904e903e902eb01ee01f101f401f902fe04040509080e0a120c150e16101712181217121510120f100c0c09070403fffffafcf6
1863,242843771,-39,11,128,1,143,1,1ee0010003e404e105df06df06e006e206e605e903ee01f3fef9fbfff904f509f20cef0fec10ea10e90fe90eeb0ced0af008f306f505fd01000000000000000000000000000000000000f9ffe7fde7fce8fce9fbecfbeffcf3fef700fc040108050c08110b150d180e1b0f1d0f1e0e1d0c1b0b180914070f0508040103fb03f6
1864,242852557,-39,11,128,1,143,1,1ee00100ed13ea15e816e716e715e913ec11ef0ef30bf708fd05020207000cfe11fd16fd19fe1aff1b001a011702150211020e010b0102000000000000000000000000000000000000000403120f120f100f0f0f0d0d0b0b0908070305fd03f803f202ec02e703e403e104df05df05e004e204e503e902ee00f5fdfbfa01f705
1865,242853029,-39,11,128,1,143,1,1ee00100ebf3e9f1e8f0e7efe8eeeaefedf1f0f3f3f6f6fafafefd020007030b050f0512051504170317021601150013000f000c00090002000000000000000000000000000000000000fd04f713f613f612f610f70ef90cfb0afe07020407010cff11fe15fd18fc1bfd1cfd1dfd1cfd1afe17fe14fe0ffe09fe03fcfefaf9f9
1866,243295009,-91,11,128,1,143,1,4ff1140014ff140310070e080c070a0609060806070306010402050004fd01fa00f801f703f706f605f404f504f704f804f903fa01f9fffe000000000000000000000000000000000000fe00f900fbfefbfdfbfdfdfdfcfffa01fc03fd04fb03f804f809f90cfb0cff0efe0ef80bf609f90afc0bff08ff05fd05fe0402030502
1867,243314923,-41,11,128,1,143,1,1ee00100e500e200e0ffdffee0fce2fbe5fbe9fbedfdf1fef601fb04ff08010b030f0413041602180119ff18fe16fc14fc11fc0dfd0bff020000000000000000000000000000000000000500170217031604140411040f020c000afc07f805f404ef04ea04e605e306e107e008e008e109e408e607ea04ee01f3fcf6f7faf3fc
1868,243365526,-41,11,128,1,143,1,1ee00100ea11e713e513e413e411e50fe70dea0bee0af308f807fe070308080a0c0c0e0f101210140f160d160b1508140612040f030d000300000000000000000000000000000000000004fb12ee12ef12f111f20ff40cf508f504f5fff4fbf2f6eff3ecf0e8efe6eee4eee2efe1f1e2f3e4f4e7f5eaf6eff7f5f6fbf501f305
1869,243417846,-43,11,128,1,143,1,1ee00100e7f4e5f2e4f0e4efe5eee7eeeaf0edf2f0f5f4f9f7fef903fb08fc0cfb11fa15f817f618f518f416f314f412f50ff70cf80afe020000000000000000000000000000000000000503140e130e110e0f0e0d0c0c090b060a0109fc0af70cf20eee10ea12e814e716e717e716e915eb13ee10f00cf306f500f6faf7f6f7
1870,243423662,-42,11,128,1,143,1,1ee0010006e807e509e30ae30be40be60ae909ec07ef04f301f8fdfbf8fff401f002ec02ea02e800e7ffe8fdeafcecfbeffbf3fcf5fcfdff000000000000000000000000000000000000fb03ef0fee0eee0def0bf10af409f708fb08000805090a0b0e0d120f14111513161416151415131411120e0f0c0b0906070106fb05f6
1871,243486878,-90,11,128,1,143,1,49911441ecfeeffcf0fcf1fbf1faf1faf1faf3fcf6fcf7fcfafefb01fb03fc03fc06fc09fb0af909f908f908f907fa03fc00fc00fa01fe0000000000000000000000000000000000000001fe03f703f704f904fc03fe03fe02fafff8fdf7fbf7fbf5fbf3f9f5f7f7faf7fef5fff3fff000f001f200f2fef2fdf5f9fcf701f701
1872,243807044,-91,11,128,1,143,1,4ff11400f6f1f7effaeff9f1f6f2f7f1f8f3f9f8fbfbfcfcfbfefb02fd04fe04fe05fd07fc09fc09fb08f906f805f904fc03000400030000000000000000000000000000000000000000fe00f901f802f904fa04fb03fc03ff03030304030502070209010b020e040c040b050c060a060705050105fe05fd02fcfff8fef6fdf7
1873,244216637,-92,11,128,1,143,1,4ff11400fcf8fcf7fbf4fbeffdeffef201f6fff8fcf9fcfbfdfdfefefffefdfffb01fa02f901f703f805f705f805f904fa01fdff00000000000000000000000000000000000000000000ff01fb05fa04fd04fe05fd05fe04000002fe04ff060007ff07fe08ff09010d0410050f060e060c040a0007fd04fe030002fc02f801f9
1874,244319049,-92,11,128,1,143,1,4ff11400f4faf1f9f1f8f5f8f6faf6fef6fff6fff7fef8fefcfefe01fe04010402050207020a020a0009000702050103000401050306000100000000000000000000000000000000000000000004000500070005010303030104000103fe05fb05f906f908fa08f807f506f608fa07fa04f904fb05fd05fc03fcfffbfcf8fbf6
1875,244421450,-91,11,128,1,143,1,4ff11400020e03110510040e030d000901050404040503050303030103fd05f905f904f906fa09fa08fa06f906fb05fc05fc03fd01ff00ff00000000000000000000000000000000000001fe03f902f801f901fa01fa02fa02fdfffefdfefcfffb01fb01f801f500f5fef5fcf4fbf3fdf8fefbfff900f800fc00010204040206
1876,244728667,-91,11,128,1,143,1,4ff11441f1f7f0f7f4f5f5f6f4f7f7f6f8f6f6f8f5fcf8fdfafffd00ff02fe06fc09fa0af909f808f808f907fa07fa07fb06fc05fb04fe00000000000000000000000000000000000000010004030406040904080107fe05ff0104fb04f905f908f909f905f702f605f707f807f607f708fb0afa08f603f802fd01fcfcfaf6f8
1877,245343098,-90,11,128,1,143,1,4ff11400f1faeff9f0faf4faf8f8f8f7f7f9f7fbf8fbfafefdffff00ff03fd05fb06fa06fa07f909f609f707f905f905fb04fc03fe02ff0000000000000000000000000000000000000001ff04fe05ff040004ff05fe04ff02ff00fd00fd00fafff7fff602f404f305f307f104f102f103f204f402f500f8fefcfbfcf8f9f7f7
1878,245650980,-92,11,128,1,143,1,edd77e41fcfafffcfafcf2faf5f9faf5fbf3fdf401f804fe05ff020001020502080005fd02fd04ff0600050105010301fe02fb01fafffeff000000000000000000000000000000000000ff00ff0000ff02000202fe03fd0401030103010101ff00fbfff8fffb01ff03fd03fa01f800fa01fc01fc02fe02fe01fb02fb01fbfcf8
1879,246367121,-90,11,128,1,143,1,4ff11400f6f1f9eef9f1faf1fbf2fcf5fdf6fff7fff7fdf7fbfafcfffc01f902f702f502f404f504f603f603f700f800f902fa03fc03ff00000000000000000000000000000000000000ff02fe070005010600050004fe03fe0102ff06ff080007fe09fa0afa0aff0b010dff0eff0eff0cfd0afd080008ff09fc07fb03f900f7
1880,246618302,-89,11,128,1,143,1,aeebba4106fc00fafdf9fffb03fc02fbfcfaf9fbfbfffafff7fcf8fff801f900fc00ff00ff01fe02feff00fd01fe01000000ff00ff00ff00000000000000000000000000000000000000ff01ff03ff01ff00fefffefefffe00fefffefcfefbfefcfdfffb05fb06fe02030208fe08f704f200effef90008080c0a08000001fb0a
1881,246823658,-30,11,128,1,143,1,5886654102fd010008fe0df90ff712050e0e030bf5fff1f200f306fafe02fa08010505fd00fdfe010304040a010b030409fe08fc06ff010000000000000000000000000000000000000000010207010401020000fcfffb03fe07fd02f5fbeef9f5f7fcf1f8f8fe000df40bf0fafcf408000d0b080b0007010705060001f404ec
1882,246879128,-92,11,128,1,143,1,4ff11400f007f007f105f303f302f303f503f703fb02fd03fe0302050306020504040803090507060506060705060404030401040201000000000000000000000000000000000000000001010703060205020602050101fe01fc02fe02fe02fb01f902f902f701f601f403f205f404f503f401f3fef4fdf8fdfefc01fd04fd05
1883,247011185,-30,11,128,1,143,1,988bb94101f109fd0a110f0816021112091909190a12090004f103e802edfef700f503f100edfdeefef901020108030a060503030505020100000000000000000000000000000000000000feff00f907fb0200fafff704f70bf90df607f9fc0300040bff0cfd0bfe06fbfbfefc0203f80af40df710f105f0e900e906fefc04fb
1884,247288741,-93,11,128,1,143,1,4ff11400f808f607f706f707f809f70af509f907fc06fc04ff0302020401060008010902090209020802080008fe08ff06ff04fe03fe01ff0000000000000000000000000000000000000100050106030503040203020202020103ff02fdfffcfdfbfef8fef6fff400f401f500f6fdf7fbf5fbf4fef6fdf9fafcfafefb00fa04
1885,247355202,-93,11,128,1,143,1,7cccc7410101ffff01fd00fdfefdfdfcfa00f903fb02f5fef1f8f2f5f8fb00ff02f701f70000fe05fe06fe04fd01fffffdfffbfdfbf9fffd000000000000000000000000000000000000000001ff01fd00fdfefffc00fd01ff02fe00fdfefe00fefffffefffe000003ff03ff01000000fe00fd01fe01ff010002010002fe02fe
1886,247800873,-91,11,128,1,143,1,4ff11400f611f810f711f60ff90dfe0cff0afd07ff050005ff0400020302060008fe08fc08fc09fe09fe08fe07ff0600050304030501010000000000000000000000000000000000000002ff06fd03fb01fb03fd03fe01fe00fefffdfefefcfdf9fbf9faf8f9f7f7f8f6f7f8f7f9f9f4faf2faf5faf7fbfafcfdfafffa02fa04
1887,248107936,-93,11,128,1,143,1,4ff114410c090a090909070a040c060a07080606060305010301030003fd00fbfff8fff602f603f604f605f805fa04fb03fc02fb02f900fe00000000000000000000000000000000000000ff00fb01f900f8fefafffafef9fcfcfa00fa02f900f503f006eb01ecfdf300f601f601f401f400f801fc00fb01fa05fd0702050502
1888,248200800,-37,11,128,1,143,1,1ee00100eef0ebedeaeceaebeaebececeeeef0f0f2f4f5f7f8fcfb01fe05010a020e031203160218021901190018ff16ff14fe11fe0eff03000000000000000000000000000000000000fc02f209f108f207f306f505f704fa03fe02030207010c0210021303160318041805190518051604140411030c0107ff02fdfefafaf8
1889,248258534,-37,11,128,1,143,1,1ee0010003e504e205e005df06df06e205e504e802ec00f1fef6fbfcf801f506f109ee0ceb0ee80ee60ee60de70be809eb07ed06f004fc01000000000000000000000000000000000000fbffedfdedfceefcf0fbf3fcf6fdf9fffd0101040408080c0a100c130d160e170e190d190d180b160a130910070b050504ff04f903f4
1890,248310048,-37,11,128,1,143,1,1ee0010017f31af21cf21df11df21bf319f415f611f70bf805f900fbfafcf4fceffbeafae7f9e5f7e4f6e4f5e6f5e8f5ecf6eff7f2f8fcfe000000000000000000000000000000000000fefbfaedfbedfceefdf0fef2fef5fef9fdfefc02fa07f90cf610f413f315f117f018f018f017f115f312f50ff90bfd07010306ff0afd
1891,248362654,-38,11,128,1,143,1,1ee0010011141317131814191319121710150e110c0d0909070304fe02f800f300ee00ea00e701e402e303e404e504e704eb04ee04f101fc00000000000000000000000000000000000004fd10f610f70ff90dfa0bfb08fc05fd00fefbfef6fdf1fcedfbe9f9e7f8e5f7e5f7e5f6e6f6e8f7ebf8eefaf3fcf8fffd030207050a
1892,248417773,-38,11,128,1,143,1,1ee0010000e600e201e101e002e102e302e502e900edfff2fdf7fbfdf903f608f40bf00fee10eb11ea11e910ea0feb0ced0af008f206fc01000000000000000000000000000000000000fbffeefdeefceffcf1fcf3fcf6fdfafffd0101040507080b0a0f0c120d140e160e170e170d170c150a12090f070a050504ff03f902f4
1893,248722380,-92,11,128,1,143,1,4ff11400f2fef0fceffbf0faf3fbf5f9f7f9f7fcf7fff901fb02fb03fc03ff0401070008ff09fc0afa09f907fa06fc06fe060006ff04ff0000000000000000000000000000000000000001ff07fd06fd03fe02ff03ff03ff03fe03fe00fefdfefffc01f9fff6fef2fdf0fef201f403f401f400f603f603f7fefafafdf900fd03
1894,249029569,-91,11,128,1,143,1,4ff11400eb00eafeeefef2fef3fcf3f9f4faf6fff803fa05fc03010001fffe01ff05010701080009010802060006ff06000501050005ff01000000000000000000000000000000000000010204080405030202020101010003fe04fd03fc02fa02f902f605f305f403f605f708f508f706f806fa06f904f8fffbfbfff900f7fe
1895,249234378,-93,11,128,1,143,1,4ff11400f508f208f208f209f309f506f702f800f9fffa00fb02fe04020503050406050805080307030703050006fe07000601040103000000000000000000000000000000000000000000fe04fa06fa05fb04fb03fb01fefffefefcfcfafcfafbf9fbf7fbf6fbf4fcf4fdf7fbf9fcf5fef5fef9fefcfcfefa00fa00fa03fc06
1896,249382923,-89,11,128,1,143,1,911ee94108fc07fb00fffdfbfef601fb0603090409ff0501fd05f901fdfd01fc02fd0001fdfffefdfffe00ff02fe02ff000001fd01fb00fe000000000000000000000000000000000000010002fffefffeff000000010000fefffdfffc00fbfffa00fd020103040103ff02fe040104ff04f603f400fbfc01fd0202010b041402
1897,249746407,-91,11,128,1,143,1,4ff11400f3f1f1f1f2f0f4f0f8f2f9f7f8fafafbfbfbf9fbfafefc03ff0402030105ff07ff09fe0afc0afb09fd08fe07ff07ff0500030000000000000000000000000000000000000000fe01f904f803f804fa05fd03fd02fd02fe010000020005ff07fe09ff0b020b030b040a040904070204ff04fd02fc01fc01fefffff9fc
1898,250463217,-91,11,128,1,143,1,4ff11400070709090d0b0c0b0b080904090309030502030002fe01fcfefcfafbf9fafafaf9f9f8f8f9f8fbfafbfdfbfefbfefcfefcfeffff0000000000000000000000000000000000000000030104000401050005fd03fd01fd01fb00fafcfcfafdf9fdf5fcf3fbf5fbf5fcf4faf6f8f9faf9fcf8fffb00fe00fffe00010306
1899,250668017,-93,11,128,1,143,1,4ff114000bee0dee0cf20af40bf608f506f808ff08ff05fa02fafffafdfafdfafaf9f8f7faf4fdf2fef3fdf6fef800f901fa00fafef9fffe0000000000000000000000000000000000000001ff06fe05fe07000a010701030102020103010302050309030c030f0410030d040d080b0c090c0a0607040405050207ff05fd03fb
1900,250771014,-91,11,128,1,143,1,4ff11400f10bf30af20af109f50af70af808f906fa04fd0300020101020104020503050306030703080208010602050305030401040001ff00000000000000000000000000000000000003fe0afb06fd04fe03ff020002ff030002ff00fa00f9fefafaf9faf5fcf5fbf3f8f0f8f1f8f1f9f5fbf8fbf7fdf7fdfafc00fb04f902
1901,250872818,-92,11,128,1,143,1,4ff11441f308f20af209f308f20af30cf708fc03fe01fe02fe010000030105020501060009010b02090308030702050104010301010000ff0000000000000000000000000000000000000001020505060605050203000200000100ff01fd00fcfffafff500f303f405f603f602f202f002f103f505f802fcfefffcfffafef902
1902,251078376,-91,11,128,1,143,1,4ff11400f5f5f5f4f5f2f8f0faf2f9f6f8f7f9f9f7faf7fbfafefc00fe01fc03f904f807fa09fb08f908f907f906fc03fd03fe03ff03ff0000000000000000000000000000000000000001010404030402060105010301030202030004fd04fa06fb07fc09fc0afd08fe0bfc0dfb0cfd0afe08fd05fd03fe01fe01fd00fafef7
1903,251180023,-91,11,128,1,143,1,4ff114000c0d0c0e090d070c070b05080307000700050203050106ff0501050105fc06f80af80cf90bfa08fb07fc06fd07fd08fe06ff01ff000000000000000000000000000000000000fffdfcf7fdf8fcf9fcfafdfcfefcfefefb01fb03fe04fc05f704f504f606f605f404f406f505f505f706fb04fe0203020204ff050104
1904,251589654,-92,11,128,1,143,1,4ff1140007f508f30bf20af408f707f907fa06fc02fdfffcfffb00fb00fcfefbfafbf8faf9f8fbf8fcfafdf9fdf7fbf8fbfbfcfdfdfeffff0000000000000000000000000000000000000000010402060007fe07fe04ff02fe01ff000300050006000600080208030b050d050b040a030903070305030403030002fa03f602f3
1905,251652007,-93,11,128,1,143,1,399cc341fbfffe0000fefafafaf804f607f80701090107fe03fe00feff00010202050109fe08fa00fcf601f509fa09f704f503fcfe02fe00000000000000000000000000000000000000fe00fc01ff02010000fe00fdfffcfffbfefefc00fd00fffe00ff0001ff00fffe00fc02fd02ff010101030206020500010000030101ff
1906,251794450,-93,11,128,1,143,1,4ff114000909090a050f040b0606060805080507030402030203020101ff03fd05fc06fd08fe08fe07fe05ff070007030402020101020000000000000000000000000000000000000000fe01f905fa04fa02fc01fe02ff0301040104ff03fd05fe09010c010dfd0dfc0dfd0bfa0afa0afc0afc07fb03fd020005030509030e02
1907,252101642,-93,11,128,1,143,1,4ff11400f2f4f1f3f2eff6eff7f4f6f4f8f5f8f9f8fbf9fdf9fefa00fd03ff07fe0afe0c000c010a010b010a000900080005000200010000000000000000000000000000000000000000ff01fd06fb07fb07fc07fd07fd06fe0300010201050309030c010dff0dff0ffe0efd0cfe080107010aff0800040001fefdfbfcf8fcf7
1908,252408872,-91,11,128,1,143,1,4ff114000cf50bf50cf30cf60bf80af707f804f902f902f902fcff00fa00f8fdf9fcf8fdf6fdf2fdf3fef6fff900f900f9fffa00fb02ff01000000000000000000000000000000000000fefef9fcfbfdfafcf9fafafafcfdfcfefb00fc02fe04ff05ff07ff0afe0aff0e0011ff0eff0bff0eff0d010803040303050107fc08fa
1909,252420532,-92,11,128,1,143,1,f4422f41ff0201010401030002ff02000101000001ffff00fe01ff00fefffd0000ff02ff01fe00ff000000ff00ffff02fe02fe0000000000000000000000000000000000000000000000ff01ff030002fd00fc01fd01fe0000ff0001ff0001fefffffb00feff0000ff01fd010101040002000100fffdfcf3fbed01fa08050701
1910,252511266,-92,11,128,1,143,1,4ff11400fc0efc13fc11fa0efb0cfd09fd09fc0afc08fb04fb02fe0202010403040505060707050804060407040802080107010401020000000000000000000000000000000000000000fefef9fcf9fcfbfbfcfbfefbfdfbfdfefe00fd01fa00f803f707f706f304f004ef04f102f3fef6fef800fa00fb02fb02fc03ff060306
1911,252716080,-91,11,128,1,143,1,4ff11400070709090b0d090f080f070d06080606050503040104010201fe01fb03f906f808f908fa07fb06fd05fe05fe05fd05fe06ff01ff000000000000000000000000000000000000fffefdf8faf8fbf9fefbfefbfcfcfcfffd01fe02fb04f905f805f507f40bf60af705f602f502f502f603f704f903fd01ff0100020304
1912,253023285,-91,11,128,1,143,1,4ff114000011ff0e000d000efe0ffd0fff0c01090006ff04000301ff02fc04fc05fc05fb07f90af70af808f907f904fa02fc02fd02fc00ff00000000000000000000000000000000000001fd06f806f905fa03fb02fb02fc01fcfefdfcfcfbfbf7fbf4f9f5faf6faf4f9f3f9f5fdf3fdf2fbf4fbf6faf8fcfbfffe0000040308
1913,253330487,-92,11,128,1,143,1,4ff11400ee02ee00ed00ef00f1fef3fef5fef7fdf9fffc02fd03fe050005010402050007fe09fd0afb08fa07fa08f906fa04fd05fd05fe0100000000000000000000000000000000000001ff04ff0500070008000700060004fe00fbfcfafbf9fbf5faf3fcf4fef4fef2fdf1fef201f402f501f600f7fff8fdfbfbfefa02f903
1914,253842579,-90,11,128,1,143,1,4ff11400f50ef20af107f007f10af309f506f704f904fc03fe04000501050307030801080009ff0aff080008ff08ff08fe06fe03ff01ff00000000000000000000000000000000000000fffefef800f9fffafefb00fafffbfcfdfcfefbfef8fff6fff4fef3fdf1fcf1faf1f9f2f8f3f9f7f9faf8f8faf801fa04f804f807fa0b
1915,253944904,-91,11,128,1,143,1,4ff11400f7f2faeefef001f300f3fdf3fdf6fdf9fcfcfcfefc00fd000000ff03fe08000b00090009ff0bff0a010801080007010502050001000000000000000000000000000000000000fefefaf9fcfafcf9fcf8fcfbfdfefd01fc00fd0100040107020b010c010c020e03100110020d050c050803060305030003fa01f600f4
1916,254012287,-94,11,128,1,143,1,cff33c41fb01ffff020103030100ffffff02010103ff01fefffdfdfefdffffff00ffffff010002ff00fdfefeffff00000000fffffe00ff00000000000000000000000000000000000000ff000000010001ff02ff02fe00ffffff00ff03010200fe00fd0201ff03fd03ff0101ff0001ff04000302fd02f4fff1fdf800fd02fd00
1917,254096092,-94,11,128,1,143,1,8bb3384105fd04fd03fc05fc05fc04fd03fe00fffdfefbfdf901f904fbffffff0102000000ff000000ff03ff03000000fefe00fe02000100000000000000000000000000000000000000ff00ff0000fdfffefffe00fe0000fe00fd00fe01fffe01fcfffefcffff0104050301f9faf4fafc01030406030502fffff9fbfffd0704
1918,254149705,-91,11,128,1,143,1,4ff11400f6f2f9f0fdf0fef1feeefdedfdf1fff7fff9fcfafcfdfdfdfefffd02fc06f807f706f705f704f905fa05f803f702f902fb03ff00000000000000000000000000000000000000ff01fe06fd07fc06fd03ff0101010203020502030400070109030d050e050b0209ff09fd09fd08fe06030605050102fe00fd00fbfffb
1919,254866565,-92,11,128,1,143,1,4ff114000e040f080e0b0c0c0a0c0809060605050503040002ff02fe03fc05f805f706f805f905f906f904f801f800fa02fb03fb02fc00ff000000000000000000000000000000000000fffffcfefafcf9fafbfafefcfefdfefefefefcfffa04f807f808f907f906f705f606f508f408f307f407f805fb04ff03010203020701
1920,255163175,-93,11,128,1,143,1,8bbdd841ff03ff0500060002feff0000030206ff04fef9fff4fefafdfbf9f5f8f4f9f7fbfc01fe05fe03fe02fd00fefefefefc00fa00fe00000000000000000000000000000000000000fefffbfcfefa00fc01fe0201ff01fe00fe02fe06fd07ff0400ff01fa01fa00fefcfff9fffc0002030202fffbfdfafbfefb00ffff03fe
1921,255378550,-90,11,128,1,143,1,4ff11400070a070a050c050f080f080d05080105ff06ff06000302ff04fd06fc07fd09fe09fe09ff0aff0afd09fe070006fe05fc04fc00ff000000000000000000000000000000000000fdfff6fcf8fdfafdfbfbfcfcffff0000fffffd01fb03fb04fa07f909f90bf70af609f608f507f504f502f604fa06ff06030706080407
1922,255550020,-44,11,128,1,143,1,1ee001001e0520062106210620051d05190414020e0108ff02fdfcfcf6faf0f9ebf7e8f5e6f3e5f1e5f1e7f1e9f1ecf3eff5f3f7f6f9fdfe00000000000000000000000000000000000004fe12fa11fb0ffc0cfd09fe05ff00fffb00f600f1ffecffe7fee4fee2fee1fde1fde2fde5fee8feecfff1fff700fd0104020b031004
1923,255604613,-45,11,128,1,143,1,1ee00100fe22fe25fe25fe24fe23ff1fff1a0015010e0207030003f904f205ec06e707e308e109e00ae00ae209e508e807ec05f004f300fd0000000000000000000000000000000000000105061405130411020e000aff06fe00fdfbfdf5fdeffde9fee4fee1fedfffdeffdeffe0ffe3ffe7ffebfff1fff8fefffe06fd0efd13
1924,255610359,-91,11,128,1,143,1,b00eeb41fc00fe03fe04fd01fe010000fffffdffff01020101fefffc00fe010000ff01fe03fd01fdfffdfffeff00ff010002000101ff00ff00000000000000000000000000000000000000ff01ffff00feffffff0101010100ff00fdfffdfefdfe00ff00feffffff0101010100010201050002fd01fd0bf912f507f8fdfafefc
1925,255653993,-92,11,128,1,143,1,566cc54104ff03ff0100000102010100fc04f806fcff05f903f5f8f8f9fd03fe0a000a04060904070100fefefefeff000003050209fd02fe000000000000000000000000000000000000010004020102ff00ffff000001ff01fd00feff01fe02fc01feff03fe0300010101ff02fffffffefefffffefffdfcfefbfdfdfdfffefd
1926,255658465,-45,11,128,1,143,1,1ee00100eaeae8e8e8e7e8e8e9e9ebebeeeef1f2f4f6f8fbfb00ff05030a060f09130a170a1a0a1c091c081b071905170413030f020b0002000000000000000000000000000000000000fbffedfdeefdf1fcf4fcf8fdfcfe00ff050109030d061109150c170e180f180f180f170f150d120b0f090b06060201fefdfaf8f6f5f3
1927,255673271,-44,11,128,1,143,1,1ee00100d2e3cfe1cfe1d0e1d2e3d6e6dbeae1efe9f6f1fdfa04030a0b111217181c1c221e261e281e291c2819251621121b0e150b100203000000000000000000000000000000000000f700de00e0ffe4fdeafcf1fcf8fc01fe0a0012031a06220a290e2d102f1230132f142c132811230e1d0b15070b0201fdf8f7eef2e8ee
1928,255673820,-44,11,128,1,143,1,1ee001001d111f1320131f131e111b0f170c13090e05080103fdfdf9f7f5f2f2eeeeebebeae8eae6eae6ebe7ede9f0ebf2eff5f2f7f5fefd00000000000000000000000000000000000005001501140111020d0309030402ff01f9fff3fdeefbe9f8e5f5e2f4e1f3e0f2e1f2e2f2e5f4e9f6edf8f2faf8fdfe0104050b080f0b
1929,255677289,-45,11,128,1,143,1,1ee0010010e611e412e411e410e50ee80ceb09ee05f301f8fefdfa02f607f30bf00fed11eb12ea13e912ea11eb0fee0df10bf408f607fd0100000000000000000000000000000000000000fb02ec03ed03f003f303f702fb00ffff04fd09fa0ef712f516f319f21af21af11af219f316f513f710fa0cfd07000104fc07f60af2
1930,255685744,-91,11,128,1,143,1,4ff1140010001103120413010ffe0bfe080004020303030103ff04ff03ff03fb03f603f404f605f905fa06fa06fb05fc05fb04fb01ffff00000000000000000000000000000000000000fe01fb06fa05f906fc05000300010102020503040403060505060305050606080409000cff0b0409050903070002fe00000204ff06f7
1931,255807219,-45,11,128,1,143,1,1ee00100eae5e8e3e8e2e8e3e9e5ebe8eeecf1f0f4f5f9fbfd000106060b0a0f0d141018111a111c111c0f1a0e180c150a12070d050a0102000000000000000000000000000000000000fbfceff0f0f1f2f2f5f3f9f6fcf900fd040207070b0c0e1110161219131a131b131b131a11180f140c10090c05060100fdfaf9f4f5f0
1932,255807703,-45,11,128,1,143,1,1ee0010007e208e008df08e007e105e404e802ed01f2fff8fdfefc04fb0af90ff814f618f51af41af41af419f517f614f710f90cfb0afe0200000000000000000000000000000000000000fa00eb01ed02ef02f202f602fa01fe0004ff09fd0efb13f917f81af81cf71df71cf71bf819f915fb12fc0dfe07000102fb04f505f0
1933,255808170,-45,11,128,1,143,1,1ee00100e3f4e1f2e1f2e1f3e3f4e6f6e9f7edfaf3fcf8fffe01040409060f08130a160c180d190e190f170e150d130b0f090b0709050201000000000000000000000000000000000000fbfeecfbedfbf0faf3faf6fbfafcfffe040009020d0512071609190b1a0c1b0c1a0d190c170b140911070c0507020100fbfdf5faf1f8
1934,255890574,-90,11,128,1,143,1,4ff11400100a0f0b0d0c0e0a0a0906080606060205fe05fd06fe04fd00fbfff700f500f401f404f403f402f402f702f802f702f800fbffff000000000000000000000000000000000000fffefef900f802f901f901f800f9fffb00fffe01fc02fa02f904f602f301f203f303f501f403f205f305f705fa03fc01ff0101010203
1935,256040241,-44,11,128,1,143,1,1ee001001c0d1d0e1d0e1d0d1c0c190b150811060c0307ff02fcfdfaf8f7f3f4eff1edefebedebebebebedeceeedf0eff3f2f5f5f7f7fefe00000000000000000000000000000000000004ff13fd12fe0fff0c0008010401ff01f900f4ffeffeeafce6fae4f9e2f8e2f7e3f7e4f7e7f8ebf9eefbf3fcf9feff0105040a060e08
1936,256078009,-93,11,128,1,143,1,d44eed4102ff01fefffdfe00fe01fdfefbfffd05fe04fef904f20cf307f7fc00fc09000700fe03fc04fe0200ff01fe00fcfffafbf9f6fefd00000000000000000000000000000000000000fe00fcfeff00ff00fefffffeffff0000fffffefefefffffffffd00fc00fdfefdfffd01fd00fefffe01fe0400040002fd00ffff03ff
1937,256402591,-91,11,128,1,143,1,4ff114000012fe0efa0ff80ef80dfa0dfc0bfb07fa06fc07ff05020304030503050307030704060506070408040705060306010400040001000000000000000000000000000000000000fefefcfbfefc00fcfffbfcfbfcfefdfffd01fd02fd02fb04f804f405f205f204f302f4fff400f600f9fffa00fa00fa01fc03fe06ff0c
1938,256607371,-91,11,128,1,143,1,4ff11400090e0910080e050c040b08090909070a04070204040204ff05fd05fb04f906f909f808fa06fb05fb07fc08fc07fd06ff06000100000000000000000000000000000000000000fefdf9f6f9f8f9fafcf900f8fff8fefcff02fc05fb06fa07f806f804f704f506f607f508f706fa04fb06fb06fa03fa02fc02ff030404
1939,256685602,-94,11,128,1,143,1,5888854100040005ff02fefcfffd03050306fa00f102f70000fe00fffcf6faeffcf703020204fd00feff030003fd01f900fcff00fafdfefe00000000000000000000000000000000000000ff01fe00fe01fe00ffff00ff0000010000ff00000100010001ff01fe01ff00ffffffffff00fd01fdff01fe02fd01fc01fc02ff0302
1940,256710173,-91,11,128,1,143,1,4ff11400ff10fd11ff110110000efe0bfe0b000a010702040202020001fe02fd04fd05fb06f906fa07fb07f905f904fb05fd05fe04fe00ff00000000000000000000000000000000000002ff08fd05fd05fc07fd04ff01ff01fd00fcfffefefefbfcf8fbf5faf3f8f3f6f5f7f4f8f3f8f4f9f6faf8fbfbfffc03fc04fb04fa03
1941,256914582,-91,11,128,1,143,1,4ff11400fa0ffa0ffa0ff90efa0cfb0cfa0bfc08fd04fc03fd03ff0201020403060509050a0409030603060306040503040503050302000000000000000000000000000000000000000000fd00f7fef8fbf8fcfafffc00fdfffefffffdfff8fff800fb01f801f3fff3fef400f301f4fdf7fbf9fef801f702fa04fe030104020a
1942,257016998,-90,11,128,1,143,1,4ff11400fef2fff0ffecfeebfdeefcf1fcf5fdfafbfdf8fcfafdfc02fc05fd04fe05fe07fd08fb09fa09fb07fa06fb05fd05fd0400020000000000000000000000000000000000000000ff00fa02f800f8fefafffc02ff020001000101000301040008020b040a07070707050a030d030a030604050404030200fffdfffd01fd
1943,257442404,-45,11,128,1,143,1,1ee00100e710e511e512e512e612e911ec0ff00df50afa07ff04030008fc0df911f614f417f318f219f218f317f415f512f70ef80bf902fe000000000000000000000000000000000000fc03f00cf10af208f306f603f901fdfe01fb06f80bf60ff414f316f118f119f119f118f116f213f410f60cf807fb01fefc01f604f306
1944,257443788,-45,11,128,1,143,1,1ee001001cff1ffe20fe20fd1ffd1cfd18fd14fc0efc09fc03fdfcfdf6fef1ffecffe8ffe5ffe3fee3fee4fee6fee8feecfef0fef2fefcff00000000000000000000000000000000000004ff13fe12ff10000d010a0206030103fc03f702f201ec00e8ffe5fee3fee2fee2fee3fee5fee9feedfff1fff7fffdff04000a000f00
1945,257482051,-44,11,128,1,143,1,1ee00100190a1b0b1d0c1d0b1c0b1a09160713060e03090104fefefcf9faf4f9eff7ecf5eaf3e8f2e8f1e9f1ebf2edf3eff5f3f7f5f9fdfe00000000000000000000000000000000000005001403130411040e040b0407040203fd01f8fff4fdeffaebf8e8f6e6f5e5f4e5f3e5f3e7f4eaf6edf7f1f9f6fbfcfe020107040c05
1946,257482565,-44,11,128,1,143,1,1ee0010000e100de00dc00dcffddffe1ffe5fee9fdeefdf5fcfbfd02fd09fd0efd14fc18fb1bfa1dfa1efa1cfa1afa18fb14fc10fd0dff03000000000000000000000000000000000000fefafae9fbeafcebfeeefff200f601fb02010207010d01130018001cff1fff20ff21ff20ff1dff1aff16ff11ff0b000400fd01f601f0
1947,257483173,-42,11,128,1,143,1,1ee00100170d190f1b101b101a10180e160d120a0f070b03060002fcfef8fbf4f8f0f6ecf5e9f5e7f5e6f6e6f7e8f9eafaecfcf0fcf2fffc00000000000000000000000000000000000004fc10f310f40ff50df70bf908fb04fdfffefa00f400ef00ea00e6ffe4fee2fee1fde2fde4fce6fdeafdeefef3fff901ff0305050a07
1948,257483619,-42,11,128,1,143,1,1ee00100e5f9e2f8e1f7e1f7e1f7e4f7e7f9eafaeffcf4fff901fe04030708090c0c0f101012111410150f150e140d120a10080d070b0102000000000000000000000000000000000000fc04f310f30ff30df40bf608f906fc03000105fe0afc10fb14fa18fa1bf91cfa1dfa1dfb1bfb18fc15fc11fd0bfd05fdfffcf9fbf4fa
1949,257488156,-42,11,128,1,143,1,1ee00100e403e103e002e002e102e302e602ea02ef02f403fa03000406040b0610071309160b170c170d160d150d130c100b0d090a070201000000000000000000000000000000000000fe04f913f812f810f80ef90bfb08fd04000104fd08f90df611f414f217f118f119f019f118f216f413f50ff70af904fbfefdf8fef4ff
1950,257488733,-42,11,128,1,143,1,1ee00100e712e414e315e315e314e613e911ed0ff20cf709fc06020308000efe13fc18fc1bfc1dfc1efd1dfe1bff19ff15ff12ff0fff03ff0000000000000000000000000000000000000005021601160014ff11ff0eff0aff06010002fb05f507f00aeb0ce70ee510e311e311e310e50fe80deb0aef06f402f9fdfef803f406
1951,257490363,-42,11,128,1,143,1,1ee00100efeaeee7eee6ede6eee6efe8f1ebf3eef5f2f7f7fafdfc02ff07010c021103150318021a021a011a001800160013ff0fff0dff03000000000000000000000000000000000000fa00eb00ecffedfeeffef2fef6fefaffff00040208040d07110a140d160e170f181117111610140e110c0e0a0a06050201fdfdf9faf6
1952,257490780,-42,11,128,1,143,1,1ee0010011e713e414e314e314e412e610e80deb09ef05f400f8fcfdf702f205ee08ea0ae60be40be30be40ae508e707eb05ee04f103fc00000000000000000000000000000000000000fdfaf5ebf7ebf8ecfaeefcf1fdf5fefafeffff05fe0bfd11fc17fb1bfa1df91ff820f720f81ef81bf917fb13fd0dff06030006fa08f5
1953,257491230,-42,11,128,1,143,1,1ee00100e2f7dff6def5def4def5e1f6e4f7e8f8edfbf3fef801fe040407090a0d0e1111131413161317121611150f140c110a0e080b0102000000000000000000000000000000000000fb03ee0eee0dee0bf009f207f605fa03ff0005ff0bfe11fd17fd1bfd1efd20fd21fe20fe1eff1cff18ff14ff0dfe06fefffcf8fbf3fa
1954,257495107,-42,11,128,1,143,1,1ee00100f9e6f9e3f9e2f9e1f9e2fae4fae7faebfbeffbf5fbfbfc01fc06fc0bfc10fb14fa17f918f819f818f816f814f911fa0efb0cfe02000000000000000000000000000000000000fbfdedf7eef7f0f6f2f7f5f8f8fafbfcff0002030608080c0b100d130e160e170e180e180d170c150a12080e060a040402fe00f8fef4
1955,257496516,-42,11,128,1,143,1,1ee001001dfe21fe22ff22ff22ff1fff1cff17fe12fd0cfd06fc00fbf9f9f4f8eff6ebf4e8f2e7f0e7efe8efe9efecf0eff2f2f5f4f6fdfd00000000000000000000000000000000000002fa09eb09ec0aee09f108f405f702fbfffffb02f606f009ec0be80de50de30de20de20de40ce70aea09ee07f305fa04010308020d01
1956,257505316,-45,11,128,1,143,1,1ee00100f0e4efe2eee1eee2eee3efe6f1eaf3eff5f4f8f9fcff00040409080d0c110e1510171119111910180f160e130c10090d080a0102000000000000000000000000000000000000fefafbebfcecfdedfef000f302f703fc04020507060d06120717071b081d071e071e071d071b06170513040f0209ff02fdfcfbf5f9f1
1957,257506629,-45,11,128,1,143,1,5220050008e108de08dd07de06df05e203e602ea00f0fef6fdfdfd04fd0afc10fc15fb19fb1cfb1dfb1efb1dfc1afc18fd14fe10ff0dff0300000000000000000000000000000000000002fb0bed0bef0bf10af409f807fb04000104fe09fb0ef712f416f219f11af01bef1bf01af218f415f611f80dfa07fd0101fb03f405f0
1958,257710588,-44,11,128,1,143,1,1ee0010016ed19eb1aea1aea19eb17ed14ef10f10bf306f701fafbfef601f104ed07e908e609e408e308e407e606e805ec05f004f203fc0000000000000000000000000000000000000001fb05ec06ed06ef06f106f504f802fc0001fc06f90af50ef212ef14ed15ec16eb16eb16ed14ef12f10ff40cf908fd0302ff07fa0bf7
1959,257733823,-90,11,128,1,143,1,4ff11400f3f2f6f4f8f1f8effaf0fbf2fcf4fbf8fdfbfdfbfdfafdfbf901f703f805f708f606f702f802f703f503f402f602f900f800fd000000000000000000000000000000000000000100040103040305040504030302030103fe02fb04fd07fc07fa05f907f708f809fb0cfb0ff90efa0dfa0cfe08ff02fbfefafdfbfefa
1960,257865392,-44,11,128,1,143,1,1ee00100171419171a191a1919191717151512110f0d0c07090206fc03f601f000ea00e501e202e004df04e005e206e406e805ec04ef01fc00000000000000000000000000000000000003fb0def0df10df20cf50af707fa02fcfefef800f300ed01e800e400e2ffe0fedffde0fde2fce4fde8fdecfef200f802fe050409090c
1961,257866153,-43,11,128,1,143,1,1ee0010014ea16e817e818e818e816ea14ec10ee0cf107f302f7fcf9f6fbf1fdecfee7fee4fde2fbe1fae2f9e4f9e6f8e9f9edfaf0fbfcfe000000000000000000000000000000000000fbfcf0f3f1f3f3f3f5f4f8f6faf9fcfdfe010006000b011101160019ff1cff1dfe1efd1dfd1bfd19fd15fe11000c0206050008fb0bf7
1962,257869002,-43,11,128,1,143,1,1ee0010015ec17ea19ea1aea19eb17ec15ee11f00df208f402f7fcf9f6fbf1fcecfce7fbe5fae3f8e2f7e3f6e5f6e8f6ebf6eef8f1f9fcfe000000000000000000000000000000000000fcfcf1f3f2f3f4f3f6f4f9f7fbfafdfdfe020007000c0011ff16ff19fe1bfd1cfc1dfc1cfc1afc18fc14fe10ff0b0205050009fb0bf7
1963,257869597,-43,11,128,1,143,1,1ee0010008e409e10ae00ae00be00ae309e607e904ed01f2fdf6f9fbf5fff103ed05e807e507e306e206e204e403e602e901ed00ef00fc00000000000000000000000000000000000000fbffedffedfeeffdf2fcf5fdf8fefc000002040507090a0d0c110e150e170e180d190c190b180a150912070e0609050305fd05f705f2
1964,257901649,-43,11,128,1,143,1,1ee00100180e1b101c121c131b1319121710140d100a0d05090105fc02f7fff2feedfde8fee5ffe200e101e202e303e603e903ed03f000fc00000000000000000000000000000000000001fb06ec06ed07ef06f105f404f801fbfdfef901f403ef05eb07e707e507e307e206e205e305e604e904ed03f303f904ff0506070a08
1965,257902201,-43,11,128,1,143,1,1ee00100fd19fc1cfc1efc1efb1efb1cfc19fd15fe11000d0208050207fe0afa0ef611f414f316f217f317f416f515f713f810fa0efb03fe00000000000000000000000000000000000004ff12ff110010000d010b01070004ff00fdfcfbf9f7f5f4f3f0f1edf0ebefeaefe9f0e9f1eaf2ecf4eef6f2f8f7fafcfb01fb07fc0a
1966,257902647,-43,11,128,1,143,1,1ee00100e80fe511e311e211e210e40fe70dea0cef0af509fa08000606060c0611061508180a1a0c1a0d190e170e150e120d0f0b0c09020200000000000000000000000000000000000003030e0d0d0d0b0d090b07090506030302fe01f901f401ee02ea03e604e405e306e206e206e406e705ea04ed02f2fef8fafdf602f305
1967,257905938,-43,11,128,1,143,1,1ee00100071e08220724072406240621051e051a0514050e0608070108fa0af40def10eb13e915e817e817ea17ec15ee13f110f40ef603fd00000000000000000000000000000000000004fd13f513f712f810fa0dfc09fd04fdfffdf9fcf4faeff8eaf5e6f2e4f0e3efe3ede4ede6eee8efebf1eef4f3f9f7fefa04fe0a000f
1968,257938623,-92,11,128,1,143,1,4ff11400f1f2f0f3f1f4f0f4f2f7f3f7f4f8f6fcf6fdf9fdfe01ff04fe04fd04fe08fd09fb0afb0afc08fc06fc06fc08fd09fd06fd05ff01000000000000000000000000000000000000ff01000602080007000501040102010001ff01ff04ff06fe08fd0afb0dfa0ff90ff90ffa0cfd08fe07fc07fd04ff00fefdfcfafbf8f9
1969,258060131,-43,11,128,1,143,1,1ee00100e912e713e513e512e511e70fe90ded0cf10bf60afb09000a050a0a0c0d0e10111113111510170f170d160a1508130710050d010300000000000000000000000000000000000004fd11f810f90ffb0dfc0afd07fc03fbfffafbf7f8f4f6f0f4ecf3e9f3e7f3e5f4e5f5e5f7e6f8e9f9ecf9f0f9f5f8faf600f405f208
1970,258110308,-42,11,128,1,143,1,1ee001001e0c210d220f221020101d101a0e160b12070e020afd06f804f302ed01e802e403e105df07df08e109e309e608ea07ee05f101fc000000000000000000000000000000000000fcfbf3edf4edf6eef8f0f9f3faf6fafbf900f805f60bf20fef13ec16e917e717e617e515e713e911ec0ff00df60afc0804080b071007
1971,258161781,-42,11,128,1,143,1,1ee0010018ee1bed1ced1dee1cef1af117f314f40ff50af604f6fef6f9f4f4f3f0f0eeededebede8eee7f0e7f2e8f4eaf6ecf8f0f9f2fefc000000000000000000000000000000000000fb01ec05ed04ee03f102f402f702fa04fe060209050d081109150a180a1a091c081d071d061b051805150511050c060608000bfb0ef8
1972,258162267,-42,11,128,1,143,1,1ee00100e4ede1ebe1e9e2e8e4e8e6e9e9ebecefeff3f2f8f4fef604f70bf710f615f419f21bef1cee1bed19ed17ee14ef10f20df40bfd0200000000000000000000000000000000000003040c120a120811070e060b0508050307ff08fa0bf50ff113ee16ec18eb1aeb1bec1bed1aef17f114f210f40af604f6fdf6f7f4f2f3
1973,258162758,-42,11,128,1,143,1,1ee00100fd1dfc20fa21f921f920f91df91afb16fd12000d030908050c0110ff14fe18fe1bff1d001d021c031a041705140510040d04030000000000000000000000000000000000000002fb09ee09ef09f108f307f604f800f9fcfaf7fbf2fbeefae9f8e6f6e5f5e4f3e4f2e5f1e7f2eaf3ecf5eff7f3fbf600f906fb0cfc10
1974,258214316,-42,11,128,1,143,1,1ee001001bf41ff420f421f520f61df71af815f910f90af904f9fef9f8f7f3f6eef3ebf1eaeee9eceaebecebeeebf0edf3eff6f3f7f5fefd000000000000000000000000000000000000fcfcf0f1f1f1f3f2f5f3f7f5f8f8f9fcfb01fc06fb0bfb11f915f819f71bf61cf51df41df41bf518f615f911fc0c000804030a000efd
1975,258214851,-42,11,128,1,143,1,1ee00100e2f9dff7dff6def5e0f5e2f5e6f6eaf8eefbf3fef702fc06000b030f05140618061b051d031d021c001aff17ff14ff10ff0dff0300000000000000000000000000000000000001040713061304120310030d03090305050106fc09f80cf30ff012ed15ec17eb18ec18ed17ee15f013f20ff40af603f8fdf9f6faf2fa
1976,258450613,-91,11,128,1,143,1,4ff11400000f011104110211ff0fff0cfe09fe05000600060004020204000400050008010703080308030704080609060705060304010000000000000000000000000000000000000000fefffbfcfcfafcf8fdf8fffb01fc01fcfffefcfffa01f803f603f601f301ef04ef02f2fff4fff400f502f703f901f900fa03fd050104
1977,258469236,-43,11,128,1,143,1,1ee001001a021d031f0420061f071d081b081808150611030e000bfd09f808f408f009ec0bea0ee810e811ea12ec12ef11f110f40ef603fd000000000000000000000000000000000000fc02f009f008f106f205f405f706f907fc09ff0b010e0211031503180319021b011c001cff1bff19ff17ff140111030d07090b060e04
1978,258469864,-43,11,128,1,143,1,1ee0010018091b0b1c0c1c0e1c0f1910170f150d120b10080d040bff0afb0af60bf20def0fed12ec14ed15ee15f015f313f511f70ff903fe000000000000000000000000000000000000fb00ed01ee01ef00f100f300f502f704f906fb0afc0dfc11fc15fb17fa19f91af71af71af619f617f715f913fb10ff0d030a08090b08
1979,258470458,-43,11,128,1,143,1,1ee00100fd1cfc20fa22f923f722f720f61df71af917fc13ff0f030c08090d0811081509180b1a0d1a1018111612141210120d100b0f0203000000000000000000000000000000000000fdfbf7edf9edfaeefbf0fbf3faf6f8f8f6fbf3fef000ec01e802e402e302e101e0ffe0fee2fee4fde6fee9ffed01f103f507f70cf910
1980,258553039,-92,11,128,1,143,1,4ff11400f90ffc0efd0ffd10fd0ffc0cfc09fd060005020504040303030203ff05fb08f90bfa0afb07fc08fb0bfa0bfa09fc06fe05fe01ff00000000000000000000000000000000000002ff08fe06ff04ff04fd04fd04fe04ff0200fefdfbfbf9fcf8faf9f6f9f6f9f8f9f7f8f6f8f8faf9faf9fbfdfb00fc00fd00fe03fe05
1981,259066439,-90,11,128,1,143,1,4ff11400ebffebfeecfbeffbf0fdf0fff200f4fff601f802fb01fe00fe020006020a020bfe0bfd09ff08ff0800070006fe05fe0401050001000000000000000000000000000000000000020109040a03080207000500030002fe00f9fff8fffafef9fdf6fcf5fef502f503f400f200f202f501f7fff800f900fbfcfbf9fcf8ff
1982,259269835,-90,11,128,1,143,1,4ff11400fe11fb13fb13fd11fc0ffd0dfe0cfe09ff06fe05ff050203050108ff09fd0afe0bff0bff0bfe0bfd0afd09ff080007ff07fe02ff00000000000000000000000000000000000001ff03fc02fd00fd01fc04fc05fc02fcfffcfdfefafff6fef5fcf6fbf6faf3f9f2f7f4f5f6f4f4f6f3f8f5fbf9fffb00f901f903fc03
1983,259474653,-90,11,128,1,143,1,4ff11400ea04eb03ed02ebfeebfcf0fdf401f503f503f602f902fd0200020104010605080809070b080b080a0608050707060606030500010000000000000000000000000000000000000202070b05090406050605050304020102ff030001fd01f804f308f008f008f00aee09ed06ef06f008f408f605f601f8fefafafdf4ff
1984,259781875,-91,11,128,1,143,1,4ff11400120711050f05100611060e070c050b020701060004ff01fffefcfdf8fef5fdf5fcf4fff100f1fdf4fdf600f8fff9fefafefbfffe00000000000000000000000000000000000000ff02fbfff9fdf7fff700f800fafefefc01fa03f904f704f606f408f20bf00df00bf206f306f306f404f603fa03fb04fd0403040804
1985,259986659,-89,11,128,1,143,1,4ff114000c0f0e0f0e0e0a0e070e060c050b05090606080708060503060209000afc08f80bf80dfb0cfa0afa0afc09fd08fd06fe03000000000000000000000000000000000000000000fdfff5fef5fdf7fcf9fdfafefdfffd00fb02fb05fb08fa0af90bf80bf70bf40cf10cf00af206f305f507f707fb04fe05ff0702060402
1986,260155149,-92,11,128,1,143,1,84400841f902fc04fe04fe06fb0cfb0dfe0dff0b000201fc02ff01fefffbfcfdf802f703f705f401f1fdf200f303fa020203ff05f805fd00000000000000000000000000000000000000ff00000100ff000001010100fffffffffffefefefffffffefefdfeffff000001ff00fdfdfefd000000fffffbfdfcfd01fe03000201ff
1987,261113115,-90,11,128,1,143,1,4ff114000af00cf30df309f309f30cf30df608f904f904fa02fcfefdfdfafcf8f9f8f8f8f8f8f8f8f8f7f8f7f8f8f9f8fcf8fcfafbfcfeff000000000000000000000000000000000000fe01f905f907f707f806fa03fb01fdff00010303060608080a080b080a070909080c080908060607060809070904060105fd06fb06fa
1988,261270696,-92,11,128,1,143,1,abbcca4103fe00fefdff02060910070b01f801f502ff04fe06fa00fcff010104fbfff9fd0205070e050904f801f5ff00040008fc08fd02ff000000000000000000000000000000000000ff00ffff00feffffff0001010101ff00ff0000ff0001000101fe04fc06fc05fe02fe02ff00fe01fd04fd03fe01ffff00fd00fc01fe04
1989,261307286,-94,11,128,1,143,1,daaaad41fe00feffff0001010100ffff00ff00fffffdfffdff01ff03ff0000fe00ff000001020003010302030001ff00fefffeffffffffff00000000000000000000000000000000000002fe09fd0102fb01fdff03ff08070d0e0a080400fc04f50bfb0701fefffc02010204fe06fd05fd03fd02fd01fefffffe00fd01fdfffd
1990,261317894,-88,11,128,1,143,1,4ff1140002ed03eb04eb05ec05ec05ed05f104f401f6fef9fefbfefbfbfbf7fdf5fdf2fef0fef0fff3fff6fef7fcf7fbf8fbfafcfbfefeff000000000000000000000000000000000000ff02ff09fe08fd08fe06ff04ff03ff02ff0001fd02fd05fd08fd0cff1003120210020e040d050c040b040a02080106ff05fd03fa03f6
1991,261355771,-90,11,128,1,143,1,977bb941fd00fd00fffff9fdf3f9f7f2fef307f605f6fefb01fe02fe030109ff0aff0608020bfc03f6fafaf805f703f4fdf603fe0406000200000000000000000000000000000000000001fe02fd0000fffe01fc01fdfffeff0001030004ff00feff0002010300ff00fdfefffc02fa04fd04030303ff00fc00fe00fffefcfcfc
1992,261358007,-91,11,128,1,143,1,25588241fd010002030105fe07fe0bfd0bf907f802fc000000fffefdfeff02fe06fb06fa04f705f608f806f702f5fef9fa01f7fef7f6fefd000000000000000000000000000000000000fe00fb02fc01fc02fb01fcfffefffd02fa02fbfe00fa03fe0202020004fe07ff07fe05fd05ff040000fefdfcfffbfffcfefefefefffe
1993,261410266,-92,11,128,1,143,1,bcc11b41ff01fe01fe00fffe00fefffe00fdfefdfdfeff0001030203010200000000ff0100010001000300020000fefefcfdfdfe00ff00ff000000000000000000000000000000000000fffffffefe01ff010201050007ff06fffffefafff701f903feff01fbfffbfdfbfdfcfdfefd00fffffffffc01f303ef00f7fffe02fe03
1994,261411707,-92,11,128,1,143,1,cffaac4105ff04fe03fe01fffffe00fd01fc02fcfffcfcfefefe00fefffffffffffeffffff00000102010100fffdfffdffffff0000010000000000000000000000000000000000000000ff00fd000000010200020001fe01fd00fc01fe030403040000ff03fd05fd03010204010500060105fdfdfcf808fa11fd09fefefdf9fd
1995,261412514,-91,11,128,1,143,1,7ddff741fefffffcfdfcfeff0200040002010101010001ff00ff0001020102fe00feff0200020002fe02fe00ff0000fffffefefffd00ff00000000000000000000000000000000000000fe00fc02010200fffcfbfdfb01ff0002fe00fffd01fd03fd05fc02fffd01fefdfefbfcfdfbfdfcfcfcfefb00f8f8f4f2f5fef807fd04
1996,261420329,-91,11,128,1,143,1,4ff11400f611f312f30ff410f512f60df808fc0601060106ff03020106010601070109000aff0cff0cff0aff0a000901080106000400010000000000000000000000000000000000000002fe08fb070007020701050002fd01fb01fbfffafff7fef7fdf8fcf7faf5fbf5fcf5faf3fbf5fdf7faf7f8f9f9faf9fcf7fef901fd04
1997,261518713,-91,11,128,1,143,1,36644341ffffff01ffffff01fe02ff0201ff00feffff00fefff7fbf2fbfbfc050007020afc08f805f907f908fe09020c000700fe05fc02ff0000000000000000000000000000000000000000010101fe01fd01fe01ff01fe02fd01fe00fffffe00fd00fe010003010301020001010000000000020002fe04fd02feff02fc07f7
1998,261522719,-93,11,128,1,143,1,4ff1140003f305f006ee05ef03f204f305f503f902fa01f8fffbfdfffc00fa00f801f701f7fff700f700f6fff6fff6fff8fffafffdffffff000000000000000000000000000000000000ff00fb03fa03fa03fa03fc02fe02010403030303060609060806060607060907090a090c0a0c0a0b07090405030005fd04fd03fb04fb
1999,261605087,-92,11,128,1,143,1,0eeee041fffdfefefdfcfefdfffefdfffd0600080202fbfaf7f2fdedfef2fcfd03030302fdfefffb00fbfefd01fc02fdfd01f703f400fdff000000000000000000000000000000000000ff01fd06fe01fdfefeffff00fd00fd02000202ff01fefdfdfdfafffbfffd00000002000301050203ff01fe01ff00fffe00ff0100fd00
2000,261605630,-94,11,128,1,143,1,2558824101fe01fa01fb02f906f307f203f303f701fdfd00fc01fb03fb04ff05010702040203fe08fa0af909fa09020708030405ff09ff02000000000000000000000000000000000000fffffefffe00fe010101030101010000ff00000001ff0000fe00fffd02fc01fe00ff01ff00fefdffff01020004ff03fe01fefefffd01
2001,261728095,-91,11,128,1,143,1,4ff114000a080b0c0b0e090c0709050a040b060a06080305ff01010002fe02fc04fb05f905f805f708f80bf90af907f905fb04ff04000100000000000000000000000000000000000000fffefcfbfcfafcfafdfbfefdfefffefefbfffa01fb01fc01f903f805f60af50bf508f707f707f505f603f804fa04fd06ff0a01080304
2002,261819335,-93,11,128,1,143,1,3ccff3410201ff02fe01fe00fffe02fc06fb05fafdfbf7fef8fc04fa0cf900f9f4fbf7fbfbfefbfffcfdfdfefe00fffdfff903fe0706020200000000000000000000000000000000000000ff00ffffff02ff04ff010201050303fe00f8fefbff01020201fffeff00010104ff0300fe03fc04010102ff01ff02fe02ff01000002
2003,261829935,-90,11,128,1,143,1,4ff114000d040e0410050f050f040e030c0209020702060005ff04ff03fb01f8fff700f503f404f403f402f300f500f801f902fa02fb00ff000000000000000000000000000000000000fdfff6fdf9fcfafcf9fdf9fefb00fcfffb00fc04fe07fd08fb09fa0bfa0cfa0bf90af70bf50af608fa08fd09fe07fe04ff0104010702
2004,261969177,-32,11,128,1,143,1,1ee001001a031e042004210421041f041c03190214000fff09fe02fdfcfbf7faf2f8edf6eaf4e8f2e7f1e7f1e9f1eaf2edf3eff5f1f7fcfd00000000000000000000000000000000000004fd12f413f512f611f80efa0bfb07fd02fffd00f701f102ec02e702e402e202e002e002e101e301e601ea01f001f601fd0104010902
2005,261969717,-32,11,128,1,143,1,1ee0010001e401e101df01de01de01e001e300e6ffebfef0fdf6fcfdfb03fa09f90ef712f516f318f219f218f317f315f413f610f70efd03000000000000000000000000000000000000fcfbf1eef2eef4eef6eff8f2faf4fcf8fefd00020208030d04130518051b051d051f051f051e041b04180314020f0209010201fb01f6
2006,261971436,-32,11,128,1,143,1,1ee0010007e608e209e009df09df08e107e406e704eb01f0fff6fdfcfa02f807f50cf310f012ee14ed15ec14ed13ee11f00ff20df30bfd02000000000000000000000000000000000000fdfbf5ecf6ecf7ecf9eefbf0fcf4fdf8fffd00020008000e00130018ff1bff1dfe1ffe1ffe1efe1cfe19ff15ff0f0009010203fc04f8
2007,262030072,-33,11,128,1,143,1,1ee0010019fb1dfa1ff920f81ff71df71af716f711f80cfa07fd0100fc04f808f30bf00eed10ec12eb12ec12ed12ef11f10ef40cf60afd0200000000000000000000000000000000000003040e110d110c110b10090e060c03090006fc03f7fef3faeef7ebf4e8f2e6f1e4f1e3f1e4f2e6f3e8f5ecf6f1f8f7fafdfb04fc09fd
2008,262030975,-32,11,128,1,143,1,1ee0010018071b081d081e081e071d061a04160312010c0007000001fb02f503f004ec05e906e706e607e607e807ea07ed06f005f304fd01000000000000000000000000000000000000000503150215021501130011ff0efe0afc05fb00f9fbf7f5f5f0f4ecf2e9f0e7efe6efe6efe7efe9f1ebf3eef7f2fbf7fffb04ff0902
2009,262031861,-33,11,128,1,143,1,1ee0010004e504e104df03de02df01e100e4ffe8feecfff2fff801fe0204040a060f081309160a180b190b190a170a150912080e060c010200000000000000000000000000000000000005fe15f815f814f913fa11fb0efd0aff06010104fc07f70af20dee0feb11e913e815e815e915eb14ee12f10ff40bf806fb00fefa00f6
2010,262035550,-90,11,128,1,143,1,4ff114000ef710f80ff70df70af808f806fa04fd03fc02fa01f902fbfefdf7fcf6fcf6fdf4fcf4fbf4fdf5fdf5fdf6fef6fef8fdfbfcffff000000000000000000000000000000000000fefffafdfafafcf8fdfafefcfefdfdfefe00fd04fc06fc07fd08fe0afe0bff0cfe0cfd0bfb0bfb0cfe0bfe06ff030201030104010800
2011,262083721,-33,11,128,1,143,1,1ee0010016f119ef1aed1aec1aec18ec15ed11ef0df209f605fa0200ff05fc0afa0ff813f616f518f51af519f618f716f913fa10fb0dfe030000000000000000000000000000000000000403120c120c110c0f0b0d0a0a0906070205fd03f701f2ffedfde8fce5fbe2fbe0fbe0fce1fce3fde6feeafeeffef5fdfcfc02fb07f9
2012,262172694,-92,11,128,1,143,1,e2211e41f9fdfbfc00fc04ff0205fd04f9f9fafafd0101fa04f304f3fff900fe03fa03fb000300070006ff0400030002fb01f703f704fe01000000000000000000000000000000000000fffffffd00fdfffdffffff00fdfefbfeffff0500030000fefdfefa00fcfffefffe00ffff0100030002fffe00fd02fe00ff00fe01ff00
2013,262239533,-94,11,128,1,143,1,4ff11441f6f2faf2fdeffeeefeeffff2fff4fef5fdf7fcfafbfdfbfefbfefa01f804f704f903f903f702f602f701f800f900fa00fb00fe0000000000000000000000000000000000000000010007ff0aff09010602040203030104ff03ff040007010a010c000dfe0efc10fb10fd0e000afd09fb0afd08fd06fb03fa00f9fff8
2014,263178047,-35,11,128,1,143,1,1ee0010011131315131614171316121510120e0f0c0c0907070205fd03f801f300ef00eb01e801e602e503e504e704e904ec04ef03f100fc00000000000000000000000000000000000003fc0ff20ff30ff50df70af907fb03fdfefef9fff4feeffeeafde7fbe5fbe4fae3f9e4f9e6f9e8f9ebfaeffcf4fef900fe0402070609
2015,263204841,-35,11,128,1,143,1,1ee00100fc1cfc1ffb21fb21fa21fa1efb1bfc18fd13ff0e0209040307fe0bf90ef512f315f118f01af11af219f417f615f812fa0ffb03fe00000000000000000000000000000000000005ff16ff1500130111020d02090105ff00fdfcf9f8f6f4f1f1edefeaeee8ede6eee5eee5f0e6f1e9f3ecf5f0f7f5f9fbfa01fb08fc0d
2016,263280782,-35,11,128,1,143,1,1ee0010019011c021e021e021e021c021901150010ff0bfe06fd01fbfbfaf7f8f2f6eff4ecf2ebf0ebefecefedefeff0f1f2f3f4f5f6fdfd00000000000000000000000000000000000002fb0aee0aef0af00af308f606f903fcfffffa02f604f106ec08e909e609e509e409e409e608e807eb06ef05f504fa03000206020b02
2017,263281235,-35,11,128,1,143,1,1ee00100f317f21af11bf11bf11af218f416f613f90ffc0bff07030206fe0afa0df711f513f316f317f317f416f514f612f80ff90dfa03fe00000000000000000000000000000000000003040c100b10090f070e050b0308020400fffffafff5ffefffeb00e700e501e301e202e302e502e701eb01ef00f4fefafcfffa05f909
2018,263310654,-35,11,128,1,143,1,1ee0010015f318f119f01af019f017f115f311f40df509f704f9fffcfafef500f101ec02e902e701e600e600e7ffe9ffecffeffff1fffcff00000000000000000000000000000000000000fa02eb03ec04ee04f004f303f701fbfffffc04fa08f60cf310f012ef14ed14ec15ec14ed13ef11f10ff40cf809fc05010206ff0bfc
2019,263381917,-35,11,128,1,143,1,1ee00100f117ef1aef1bef1cf01bf119f316f614f910fc0bff06020105fc08f70af30def10ed11ec12eb12ec11ed10ee0ef00cf30af502fd000000000000000000000000000000000000ff05fb16fb14fa12fa10fa0cfb08fd04feff01fa03f507f009eb0be80de60ee50fe40fe50ee60ce90aec08f005f502fafe00fb05f809
2020,263382402,-35,11,128,1,143,1,1ee00100e403e103e004e004e004e305e605ea05ef04f404fa03000206010b0010ff15ff18ff1aff1bff1bff19001700140011000e000300000000000000000000000000000000000000fa01ea07eb06ec04ef03f201f500fafffffe05fd0bfd10fd15fd19fd1cfd1dfd1efd1efd1cfd19fd16fd11fd0cfe05fffffff900f400
2021,263382948,-36,11,128,1,143,1,1ee001001bfd1efd1ffc1ffc1ffc1cfb19fb15fb10fc0bfc05fcfffdf9fdf4feeffeebfee7fee5fde4fde5fce6fce8fcebfceffdf1fdfcff00000000000000000000000000000000000004fd13f613f712f810fa0dfc09fe05ff0001fa02f503ef03ea03e604e404e204e104e103e303e603e903ee02f401fa01000007000bff
2022,263409428,-35,11,128,1,143,1,1ee001001afe1efe1ffe20fe1ffd1dfd1afd16fd11fd0cfd06fd00fdfafdf5fdf0fdebfce8fbe6fbe5fae5fae6f9e8f9ebf9effaf1fbfcfe00000000000000000000000000000000000004fd13f412f511f710f90dfb09fc05fe0000fb01f502ef03ea03e603e403e204e104e104e303e603e903ed03f302f901ff0106010a00
2023,263414434,-36,11,128,1,143,1,1ee00100ec12ea15e916e916ea16ec15ee13f111f50ef90afd05010105fd09f90cf610f313f215f016f015f015f113f311f40ef60cf802fe000000000000000000000000000000000000fd04f513f411f410f50df70af907fc03ffff03fb07f70bf30ff012ed13ec15eb15ea15eb14ec12ee0ff00cf308f703fbfffffa03f606
2024,263415539,-36,11,128,1,143,1,1ee00100e607e308e209e209e209e409e708eb08f007f505fa04000205010bff10fe14fe17fe19fe1afe1aff19ff1700140011000e000300000000000000000000000000000000000000fc03f00ef00df00bf209f406f704fb02ffff04fc09fa0ef813f717f619f51bf51bf41bf419f517f614f710f80afa05fdfffef900f502
2025,263441939,-36,11,128,1,143,1,1ee00100f8e5f7e2f7e1f6e1f6e2f6e4f7e7f7ebf8effaf5fbfafd00ff06010b0210031403170319031a031a0219021701140110000e0003000000000000000000000000000000000000fcfbf4edf5edf7eef8f0faf2fdf6fffa01ff0304040a050f06140718081a081c071d071c071b061806150510030b020500fffff8fef4
2026,263444204,-36,11,128,1,143,1,1ee00100e3f8e0f8def8def8def9e0fae4fbe8fdedfef300f901ff0205030b031104150619071b081c081b081a081807150611050e050301000000000000000000000000000000000000f9ffe8fde8fceafbedfaf1fbf5fbfafc00fe05ff0b01110416061a081d091e0a1f0a1e0a1d091a08170712050c030601fffff8fdf4fc
2027,263445353,-36,11,128,1,143,1,1ee00100efeaeee8ede7ede7ece8eeeaefecf1eff3f4f6f8fafdfe0102050509090d0b100c130d150e160d160c150b130a11080e060c0102000000000000000000000000000000000000fcfcf0f0f1f0f3f1f5f2f8f4fbf7fefa01fe04030708090d0b110d150e170f180f190f180e170d140b11090e06090304fffffcfafaf6
2028,263446359,-36,11,128,1,143,1,1ee00100fd1dfd20fd22fe22fe21ff1e001b01170112020c020602ff02f902f302ee03e903e604e304e204e304e404e703ea03ed03f000fc0000000000000000000000000000000000000005021701170015ff12fe0ffe0afe05fe00fefafff300ee02e802e403e104df04de04df03e103e402e801ed01f300f9ff00fe07fe0c
2029,263447039,-36,11,128,1,143,1,1ee00100e504e205e105e106e206e406e806eb06f005f504fb03000106000bff10fe14fd17fd19fd1afd19fd18fd16fd13fe10fe0dfe03ff000000000000000000000000000000000000fa01eb06ec06ec04ef03f201f600fafffffe04fd0afd10fc15fc18fc1bfc1dfc1dfc1dfc1bfc18fc15fd10fd0bfe05fffffff900f401
2030,263448777,-36,11,128,1,143,1,1ee001001dfc20fc21fb22fb21fb1efb1afb16fa11fa0bfb05fcfefef8fff200ed01e901e501e301e201e301e400e700ea00ee00f000fc0000000000000000000000000000000000000005fe17fa16fb15fc13fe0fff0a0005010002fa02f402ed02e801e401e101df00de00df00e100e400e800ed00f300faff01ff07ff0cfe
2031,263452713,-36,11,128,1,143,1,1ee00100021e0220032103210421041e051a05160411040a020401fdfff7fef2fdedfce9fbe5fbe3fbe2fbe3fbe5fbe7fcebfceefdf1fffc000000000000000000000000000000000000ff06fe18fd17fc15fc12fc0ffc0afc05fdfffdf9fff301ed02e803e403e104df04de03df03e103e402e801ed01f301fa00010007000c
2032,263456187,-36,11,128,1,143,1,1ee00100e506e306e207e208e308e508e907ed07f106f605fc03010106fe0bfc10fb14f916f818f819f818f817f815f912f90efa0cfb02fe000000000000000000000000000000000000fa00ea02eb01ec00eefff2fef5fefafdfffd05fd0afd10fe15fe19fe1bfe1cfe1dff1dfe1bfe18fe15ff10ff0bff0500fe00f801f401
2033,263479010,-36,11,128,1,143,1,1ee0010019061c071d071d071d061b051804140310010bff05fe00fcfafbf6faf1f8edf7ebf5e9f4e8f3e9f3eaf3ecf4eff6f1f7f4f8fdfe00000000000000000000000000000000000005fe14fb14fc12fd10fe0dff08000401ff01f901f400efffeafee6fde4fce3fbe2fbe3fbe5fbe8fcebfceffdf5fefb00010106020b03
2034,263480251,-36,11,128,1,143,1,1ee00100e30be10ce00cdf0de00de30ce70beb0af009f507fb05010307010d0012fe17fe1afe1cfe1dfe1dff1bff19ff16ff12ff0f000300000000000000000000000000000000000000fc05f214f212f20ff30cf509f806fb0200fe04fa09f70ff413f217f01aef1bee1cef1cef1af017f213f40ff60af904fcfdfff702f303
2035,263485032,-36,11,128,1,143,1,522005001d0620062106220621061e051b04170212000cff06fefffcf9fbf4faeef8eaf7e7f5e5f4e5f3e5f3e7f3e9f4ecf6f0f7f2f9fcfe00000000000000000000000000000000000005fe17fa16fb15fd12fe0eff0a000501ff01f801f200edffe7fee3fde0fcdffbdefbdffbe1fbe4fce8fcedfdf3fefaff010108020d03
2036,263673156,-93,11,128,1,143,1,4ff11400f2fcf1fdf2fcf4faf2f8f4f6f8f6faf8f9fdf901fb02fb01fb01fd02fe07fd0afa08f805f905fb06fc05fc06fc08fc06fb04fe0000000000000000000000000000000000000000000301040106000700050003fe00fc02fb04fc03fb01f901f701f501f402f203f202f201f402f703f803f802f800fbfffbfafbf5fc
2037,263688397,-35,11,128,1,143,1,1ee00100f2e6f1e3f0e2f0e3f0e4f1e6f2eaf3edf6f2f8f7fbfcff020207050c081009140a160b180b190a190a1708140712060e050c0102000000000000000000000000000000000000fcfbf2edf3edf4eef6eff9f2fbf5fdf900fe03030509070e09130a170b1a0c1c0c1d0c1d0b1b0a1809150710050b0205fffffdf9fbf5
2038,263688916,-35,11,128,1,143,1,1ee00100e70fe511e412e412e512e811eb0fef0df30bf807fd03010006fc0bf90ff613f315f217f117f117f215f314f411f60df70bf902fe000000000000000000000000000000000000fb03ed0eed0dee0bf009f207f605f902feff03fc08fa0ef713f517f31af21bf11cf11cf11af217f314f510f70bf905fdff00f903f505
2039,263689367,-35,11,128,1,143,1,1ee001000ee70fe410e310e20fe30de50be809ec06f003f500fafd00fb06f80bf60ff413f215f116f017f016f114f312f410f60df80afe0200000000000000000000000000000000000002fa08ea09eb09ed08ef07f206f604fa01fffe04fa09f70ef312f115ef17ee19ed1aed1aee18f016f213f50ff90afc0400ff04fa07f5
2040,263689784,-35,11,128,1,143,1,1ee0010016f419f21af21af119f116f213f310f50cf607f902fcfefff902f505f107ed09eb09e90ae90ae909ea08ec07ef06f205f504fd0100000000000000000000000000000000000004fc11f410f410f60ef70cf909fb05fd0100fc02f704f206ed08ea09e80ae60ae50be50be70ae909ec08f006f504fb0200ff06fd09fb
2041,263691562,-35,11,128,1,143,1,1ee00100031c031f04200420051f051c04180414040f0309020300fdfff7fdf2fceefce9fbe6fbe5fce4fce5fce7fce9fdecfdf0fef3fffd0000000000000000000000000000000000000005011601160014ff12ff0ffe0bfe06fe00fefbfff5ffef00e900e501e201e101e001e001e200e500e900ed00f300fa00000007000c
2042,263691989,-35,11,128,1,143,1,1ee001001a0b1c0c1e0c1e0c1d0b1b09180714060f030a0104fffefef8fcf3fbeef9eaf8e8f7e6f6e6f5e6f6e8f6eaf7eef8f1faf4fbfdfe00000000000000000000000000000000000005021409130a120a0f090c0808060404ff01fafef5fbf1f7ecf4e9f1e7f0e5efe5eee5eee6f0e9f1ecf4f0f6f5f9fbfc000006030b05
2043,263775577,-91,11,128,1,143,1,4ff114000d030e060e070f030e010d010c020b03090105fe04fe05ff04fb02f800f7fef600f602f703f605f706f805f805fa02fafefbfffe000000000000000000000000000000000000fd00f700f9fff900f9fffbfefbfffb00fe00ff00fe02000201040009000bff0bfe0afd09fc0afa0bfb0bff0afe09fe060102050107ff
2044,264082778,-94,11,128,1,143,1,4ff11441fb08f609f709f80af90cf90afb05fc03fe04fe04ff04000300030203050107010701070006010404050305ff0400030301050001000000000000000000000000000000000000010007000701070104ff04fc03fcfffcfffa01f802f901fafef9fcf8fdf5fff500f8fef9fcf7fef700f9fefbfefcfffdfd00fc04fb08
2045,264389984,-93,11,128,1,143,1,4ff11400f3fff203f205f304f505f604f502f601f800fd000001020002ff0201030303030405060506040504040603080305020203020000000000000000000000000000000000000000000102030303030304050304010101fe01fd03fb03fa01fafffafff701f404f405f407f406f604fa02fc01fafffbfcfefdfdfefdfd00
2046,264715480,-37,11,128,1,143,1,1ee00100ef1bee1eef20f021f220f51ef71af916fa11fa0bf905f7fff4faf1f6eef2ebefe8eee7ede7eee7f0e9f2ecf4eff6f2f9f5fafdfe00000000000000000000000000000000000000f903e603e602e702e902eb02ef03f305f808fd0b020f07130b160e1a101d101f0f1f0e1e0c1d0a1a08160710070a070409fe0bf90e
2047,264716742,-38,11,128,1,143,1,1ee00100f418f41bf51cf61df81dfa1bfb17fc14fd0ffc0afa05f800f5fcf3f9f0f6edf4ebf3e9f2e9f3eaf4ebf6edf7f0f9f4faf6fbfdfe000000000000000000000000000000000000fffaffeaffebfeebfeecfeeffff200f503f806fc09000d0411071408170919091b081c071b061904170313030f03090404060009fd0c
2048,264720290,-38,11,128,1,143,1,1ee00100e504e205e206e207e308e509e908ec07f005f502f8fffcfafef601f202ed03ea04e703e603e602e701e801eb00ee00f201f500fd00000000000000000000000000000000000003fc0cf00cef0cf00bf10af308f607f906fd05020507050c06110715081709190a1a0c1a0c180c160b130a10070d0209fd06f804f402
2049,264720710,-37,11,128,1,143,1,1ee00100e104de05dd07dd08de0ae10ae50aea08ef06f303f8fffbfafff402ef03eb05e705e406e205e204e303e502e801ec01f001f300fd00000000000000000000000000000000000003fa0deb0deb0cec0bed0af009f308f807fd06020608070e081409180b1b0c1d0e1e0f1d101b0f190e160c12080e030afd07f705f204
2050,264726092,-38,11,128,1,143,1,1ee00100eb10ea12ea14ea15eb15ee14f012f30ff60cf807f902fafdfbf8fbf3faeefaebf9e8f9e7f8e7f8e8f8e9f8ecf9effbf3fcf5fffd000000000000000000000000000000000000fffbfeecfeecfeecfeeefff0fff301f603fa05fe08030b070f0a110c140d160e170d180d180b160a140811070c0607060106fc07f808
2051,264793681,-37,11,128,1,143,1,1ee0010010e612e312e012df10df0ee10ce40ae707ec06f206f906000606080d09120b170b1a0c1b0d1c0d1b0c190b160a13070f050c010200000000000000000000000000000000000003040e130e130e130d110c10090d060a0107fc04f701f1fdebfbe6fae3fae0fbddfcdcfdddfee0ffe300e700edfff3fdfafb00f705f4
2052,264794842,-37,11,128,1,143,1,1ee00100eb16e919e91be91cea1ded1bef19f216f511f70cf905f9fefaf8faf2f9ecf9e7f8e4f8e2f8e1f7e2f7e4f8e7f9ebfbeffcf2fffc000000000000000000000000000000000000fcfaf3eaf3ebf3ebf4edf5eff7f1faf5fef803fc08000d03130618071c081f082107210620051e041b03170212020b030405fe07fa09
2053,264796162,-38,11,128,1,143,1,1ee0010018081b091d081e081d071c051904160311020c0206030104fb06f608f20aee0cec0dea0eea0fea0fec0eee0df10bf309f507fd01000000000000000000000000000000000000fd04f411f411f510f50ff70df80bf907fa03fbfefcf9fdf4fdeffdeafce7fbe5fae3f9e3f8e4f8e6f8e9f9ecfbf0fef501fa06fe0901
2054,264854946,-37,11,128,1,143,1,1ee0010015f218f01aee1bed1aed19ed16ef13f00ff30bf707fb0300ff05fc0af80ef612f415f217f118f117f216f314f511f70ef80bfe02000000000000000000000000000000000000040213081308130811070f060c0509040503ff01fa00f4ffeffeeafde7fde4fde2fde1fee2ffe3ffe600ea00ef00f5fffbfe01fc06fa
2055,264855708,-37,11,128,1,143,1,1ee00100e9f3e5f1e4f0e2f0e2f1e4f2e6f4e9f6edf8f2faf8fbfefc05fd0bfd10fd15fe18fe1bfe1cff1bff1aff17ff14ff10000e00030000000000000000000000000000000000000000fa01ea01ea01eb00ec00ee00f101f501f902ff0204030a041006140717081a0a1c0b1c0b1b0b190b160a13070f040a0004fcfff8fc
2056,264874733,-37,11,128,1,143,1,1ee00100141018131a131b131c121b11190f160d120a0c0806050003fa01f400efffeafee6fde4fce3fbe3fbe5fbe7fbeafbeefbf1fbfcfe000000000000000000000000000000000000ff05fd15fe15fe15fe13fe11fe0eff0afe06fe00fefafdf4fceffbeafae6f9e4f7e2f6e1f6e2f6e4f6e7f6eaf9effcf4fffa03ff0603
2057,264875619,-37,11,128,1,143,1,1ee00100eaf1e6eee4ede3ede3eee4f0e6f1e9f3edf5f2f8f8fafefc05fd0bff1000150118021b021c031b031a031803140311030e03030000000000000000000000000000000000000000fa00eaffeaffeaffecffeefff1fff500f901ff0204030a041005140718081a0a1c0a1d0b1c0b1a0b180a14070f040a0005fcfff9fb
2058,264876249,-37,11,128,1,143,1,1ee00100170c1a0e1c0f1e0e1e0e1d0c1a0b170913070d0607040103fb02f502ef01ea01e600e400e3ffe3ffe5ffe7ffeafeeefef1fdfcff000000000000000000000000000000000000000502150215021402130211010e010aff05fe00fdfbfbf5f9f0f7ebf5e8f4e6f2e4f1e4f0e5f1e6f1e9f3ecf6f1faf6fefb03ff0702
2059,264877444,-37,11,128,1,143,1,1ee00100edede9ebe8e9e6e9e6e9e7ebe9eeebf0eff3f3f6f9f9fffc05fe0a001002150418061a071b071b0719071707140610060d05030100000000000000000000000000000000000000fa03ea03ea03ea03ec02ee02f102f502fa01ff0105010b011102150319041c051e061e061e071c071906160510020aff04fcfff8fa
2060,264931066,-37,11,128,1,143,1,1ee00100f6e6f4e2f3e0f2dff1dff2e1f2e4f4e7f5ecf8f1fcf600fc050109060d0b100f1312141415161415131411130e100b0e090c020300000000000000000000000000000000000002fb09ec09ec09ec08ed07ef06f104f503fa00fffe04fc0afb10f915f919f91cf91ffa20fb1ffc1efd1bfe18fe12fe0cfe05fdfefcf9
2061,264931433,-37,11,128,1,143,1,1ee00100ebf2e8f0e6efe5efe4efe6f1e8f2eaf4eef6f3f9f8fbfefd04fe0a000f011303160419051a0619061806160613050f050c040201000000000000000000000000000000000000fefbfaedfaecfaedfaeefbf0fbf3fcf6fefa00fe01040309060e081209140b170c180d190e180e160d140c11090d05090104fd00fafd
2062,264934510,-37,11,128,1,143,1,1ee00100fee7fee3fee1fde1fde0fce2fce5fde8fdecfef2fff701fd03030508070d08120915091709190819071806150513040f030d000300000000000000000000000000000000000002fc0bef0bf00af009f108f207f505f803fb00fffd04fa09f80df611f514f417f419f41af51af618f716f913fa0efc09fd03fefefff9
2063,265053216,-92,11,128,1,143,1,266cc241fd0302fefffffc01fefefffb00fb01fc00fdff0100050104ff02fdfefdfcfffffefffcfefd00ff000001000000000000ff00ffff000000000000000000000000000000000000ff01fe03ff0101ff02fd03fd02fe01ff0001010102010002fe00ff010204040103fd01ffff04fb09f709f903ff03fc09f709fd070603
2064,265107230,-92,11,128,1,143,1,4ff11400f2f1f3f1f5f3f5f5f5f5f6f5f8f4f8f6f9f9fafbfafffa04fb05fb05fb05fb08f90af909fb09fc09fb07fa05fb04fd03fc02ff00000000000000000000000000000000000000010105050406030602060103010002010301040004fd06fb06fa07fa09fb0cfa0cfa0ffa11fb10fb09fd0301030103fe00fcfefb00fb
2065,265211213,-90,11,128,1,143,1,4ff11400f2f9f2faf1fceffceffaf3fbf5fcf6fdf901fb04fd06fd07fc06fe04020603080309050a040a0108010702080008ff06ff04ff0000000000000000000000000000000000000000010008ff09fe09fd08fe06ff0303020603060204fe03fb05fb08fb0bfa0efa0efc0bfd0afb0afa08fb05fb04f9fffafbfdfafdf9fc
2066,265311615,-92,11,128,1,143,1,4ff11400f4fef3fbf2f7f1f4f3f5f4f9f6faf6fbf8fcfbfdfe00fc03fa03fb04fa06f906f906fa06fb07fc07fb06fb05fb05fa03f901fe0000000000000000000000000000000000000001ff05fd06ff0600060005000401040003fe01fb02fa03f902f802f706f408f107f304f603f906fa06f804f804f903f9fffbfdfbfafa
2067,265414006,-91,11,128,1,143,1,4ff114000d0c0d0d0b0b0b0a0c0a0b090b080a060803060104000100010001fffffafdf6fcf5fff601f500f5fff6fff600f800fa01fb00fe00000000000000000000000000000000000000fe02f902f903fa03fb01fdfffefefdfefffe01fafff6fef6fff4fef3fef301f202f100f3fef8fdfb00fa03fa02fc01ff0102040505
2068,265618849,-91,11,128,1,143,1,4ff11400fe13fc14fb12fd10fc0ffa0cfb08ff080006000300030204040205ff07fd08fc08fd08ff0801080207010701070105010201000000000000000000000000000000000000000000fe04f805f706f704f902fb02fd03fc00fcfcfdfcfefafdf5fcf2fcf5fbf6f6f7f5f7f8f7faf7fbf7fafaf8fdf9fcfefcfffd02ff07
2069,266130820,-91,11,128,1,143,1,4ff114000bfb0dfc10fd10fd0ffc0dfe0a0006fd04fb02fcfffcfdfbfcfbfbfbfaf8f9f5faf4faf6faf8fbf8fcf6fcf8fbfafcfafefcffff000000000000000000000000000000000000fefffbfcfafbf8fbf8fcfafdfbfefa01f902fb01fd02ff06fd08fc0afa0cf80cfa0bfb0bfa0bfb0bfc09fd0600050202020006010900
2070,266335647,-89,11,128,1,143,1,4ff114000212011203100710090f070d030bff0a0107040404030402040005fc05f805f706f709f909fc08fc06fa03fa04fa03fc01fe00ff00000000000000000000000000000000000002ff0afd09fe06ff03fd02fd02fe00fefefefbfcfaf9f8f8f7f7f8f8f8f8f6f9f6fbf5fcf3fbf4faf7fcf6fcf7fcfc00fd05fc06fc03
2071,266540436,-90,11,128,1,143,1,4ff11400060d050f01100010010eff0e000c050904080008020404ff04fc04fb06fb0afb0bfc0aff0aff0afd0afd08fe06ff03fe02fe00ff000000000000000000000000000000000000fffefff9fff800f900fafff9fdf8fcfbfcfefbfdfbfcfafcf6fef500f402f100f2fef4fdf4fcf4fdf5fef6fff8fffd01ff0400060205
2072,266642835,-90,11,128,1,143,1,4ff1140010011300150011040c050c030d000bfe05fc02fa02fb02fb03fd01fcfef8fdf8faf7f8f5faf5fbf7fbf9fbfbf9fbfafbfbfcfeff000000000000000000000000000000000000fefdfcf7fdf6fef6fdf8fbfbf9fdfbfdfc00fd03fd04fa05f906f806f806f807f507f407f704f903fa07fb0afc07fd04000305040709
2073,266745262,-92,11,128,1,143,1,4ff11400040f0210011303140412020d010b03090406030402040402050106ff07fd08fb09fb0afd09ff0800070007030703050104000000000000000000000000000000000000000000fefffafcfafafbf9fdfafefdfdfffc01fb02fb02fa01fa00f801f504f205f103f202f403f602f502f701f901f702f802fe0202030409
2074,266950060,-91,11,128,1,143,1,4ff114000bfd0ffc10fd10ff0e010d020b01070205030503030002fa03f701f7fdf7fef701f602f602f601f701f701f7fff8fefafefafffe000000000000000000000000000000000000fd01f604f802f900fafefbfdfcfefd01ff050005000400060008010c030d020efe0ffd0eff0afd08fd0b010b04080206000401020202
2075,267084978,-37,11,128,1,143,1,1ee00100e90ce50ee310e111e111e210e40ee80dec0bf108f705fd03030009fe0ffd15fc19fc1cfd1efe1eff1c001a021703140311030400000000000000000000000000000000000000ff04fb13fb13fb12fb10fc0efd0cfe080104030006fc09f70df310f012ed13eb15ea15e914ea13eb12ed0fef0bf206f701fbfcfef901
2076,267154889,-92,11,128,1,143,1,4ff11400f2f4f2f6f4f6f6f4f4f4f4f7f7f8f8fbf9fdfbfefe00fe04fd06fc07fb07fb05fb05fb08f907f805fa06fc06fd05fe0400030000000000000000000000000000000000000000000202080206030602070106010501040203020003fd07fc0afa09f809f80af80bf70cf80bfa0bf90cf80afb05fc01fa00fdfefefdfa
2077,267257250,-92,11,128,1,143,1,4ff11400f3f6f3f2f6f1f8f2f9f2f9f3faf6fafaf8fdf7fcfafbfcfefc02fa04fa05fb07fa06f804f805f806f905fa04fb02fb01fa01fe000000000000000000000000000000000000000102050804070305020502040301020000ff00fc02fc05fc07fa0afb0efc0eff0bfe09fb0afc0cfc0bfb07fc04fb03f900f7fcf8fafa
2078,267564963,-92,11,128,1,143,1,4ff11400041107120613fe12fc10010d030a040708050705020301fe03fd05fb05f906f806f803f804f907fa08fa05fb02fb02fc02fd00ff00000000000000000000000000000000000000ff03fc04fb07fa07fb05fd02fe00fefffdfffdfcfdfafcf9faf4f9f2f7f4f5f6f7f8f8f9f6f7f7f6faf7fcfafffd0100030106fe07
2079,267769277,-90,11,128,1,143,1,4ff114000b0b090f081109100a0e080c050a040902060104030004fd04fe04fd04fb04f905f806f807f806f806f706f804f904fa04fb00ff00000000000000000000000000000000000000fd02f701f803f804f902fb01fc01fcfffdfdfef9fef8fef6fff3fdf4fbf5f9f3faf1fbf3faf6fbf7fdf8fefa01fb05fd09000a0107
2080,268895694,-90,11,128,1,143,1,4ff114000710061103100311030f030b0409040703080307030304ff04fd05fb06f907fa08fc09fe0bfd0afe09fe08fd07fd04fe03ff00ff000000000000000000000000000000000000fffefff800f801f8fff8fef9fdfcfdfcfcfdfbfef900f600f400f302f202f4fff5fdf4fef4fff401f502f701fbffffff0001ff040006
2081,269305321,-91,11,128,1,143,1,4ff11400effaf1f7f3f5f3f5f4f5f5f6f7f8faf9fbf9f9faf7fef802fb03fa03f804f605f705f804f903fb02fb01fa02fa02fb02fe04000100000000000000000000000000000000000001fe05fd0600070007fe05fe04ff04ff02ff02fd02f901f801f703f503f403f305f305f502f601f604f705f902f9fdf7fbf5fbf6fafa
2082,269714942,-91,11,128,1,143,1,4ff11441f80df70df60ef40ef40ef60bf806f904fa06fb03fe0100030304050506060607050a030d030c0308020501050004ff03ff03ff00000000000000000000000000000000000000fefef9fafbfafefc00fafef9fbfbfcfe00fa01f3fef9fb01fafcfafaf701f402f4fef6fcf6fcf5fcf5fbf7fdfa01fc02fb00f906f90c
2083,270432296,-90,11,128,1,143,1,4ff1140008f40af309f409f709f708f706f703f702f704f901fbfefbfdfbfcfcf9fcf6fbf6fcf6fdf6fcf6fcf7fef9fef9fcfbfdfb00fe00000000000000000000000000000000000000fe01fa05f905f903fb02fc02fc03fc03ff030104000500050308060a060a070c060d050b030a030904050304010303ff0500040104fe
2084,270738975,-91,11,128,1,143,1,4ff11400ecfdecfff0fff2fef1fcf3f9f6f9f6fcf6fff800f902fa02fb02fb04fc07fc08fc0afb09fb07fa06fb07fb05fc03fd03fe02ff00000000000000000000000000000000000000010007010801080005ff03000201020001fc00f9fef8fcf6fcf4fdf4fdf2fff102f302f402f502f701f902f801fbfcfdf9fcf7fcf6fe
2085,270841371,-92,11,128,1,143,1,4ff1140014fc13ff100210000e010c020a01080008fd08fb06fd04fd00fbfefa00f700f4fef300f302f501f701f802f802f901fb01fa00fe000000000000000000000000000000000000fe00f901f702f601f901fc01fc00fc00fd01fe02010303050208020b030e0210000e000bff0bfc0afb08fc07fe0800070104030208fe
2086,271148567,-91,11,128,1,143,1,4ff11400fff0fff001f000f0fff001f301f600f7fef9fffcfffdfdfdfefcfdfbfafdf9fdf7fdf6fff7fef8fbf8faf8f9f9fbfbfcfefcffff0000000000000000000000000000000000000001050505070207010501040002ffff02fe05fd06fc07fa08f708f709fb0bfd0bfe0bff0c000b0009ff09fe08ff05ff03fc00f8fff5
2087,271416614,-92,11,128,1,143,1,e00eee41fe01fe00fefefffeff00ff010001ff00ffffff00fe00fdfffffd01fe02fffefefefd00fe01000002ff02ffffffffff00ff00ff00000000000000000000000000000000000000000000fffefffc00fd02fe03fe02000101000100030101fefdfcfbfcfdfe00000101fe02fb01fc01ff01ff000306070c070707020404
2088,271558166,-90,11,128,1,143,1,4ff114000b0a0a0e090c090a090b080b08090805070007fd07fe06fd05fb03fb03f904f704f604f604f701f9fefa00fb03fa02fb00fd00ff000000000000000000000000000000000000fffefcf9fcfafdfafefafdfcfdfd00fe0000fd02fb03fa03f703f404f304f102ef01f101f400f500f600f801fc04fc07fa05fc050107
2089,271731530,-93,11,128,1,143,1,b0055b41fefffefffdff00fc00f400f304f704fa0201010701060201fd00fd00fefb00f803f9fff7fdf701f504f506fd05060305050001ff00000000000000000000000000000000000000fffffdfd00fdfffdfefc00fe02010002fd02fd01ff00010001ff0000010001fffefefb01fb00fdfefefefdfffdfefdfffe02fd01fb
2090,271732663,-93,11,128,1,143,1,78899741fefefdfefefefe00fe00fcfdfffa08f907f403f60302ff03faf8f6f5f8f900f701f7fffdfe01fe02010204020202fd01fbfcfefe000000000000000000000000000000000000fffffefbfefdff00ff00fefefeff00010101ff01fd01ff000000ff00ffffffffff00000101020001fe00fd0000ff03fd02fb01fb02fd
2091,272105865,-95,11,128,1,143,1,211552410604060004020003ff03ff02fefe01f904fd02080208060008fc05f900f6fcf9fbffffff02ff030003000100fefffbfffb00ff000000000000000000000000000000000000000000020001ff00ffff00fe00fefffffeffffff00ffff00fe03fe03000001ffff0002ff02fefeffffff00fdfffdfffe0300060004ff00
2092,272114596,-37,11,128,1,143,1,1ee00100e8f3e5f1e4f0e3efe3efe5f0e8f1ebf3eff6f3faf7fdfc010006040b070f091409170919091b071b061a041803150212010f0003000000000000000000000000000000000000fd03f40df30cf40bf509f708f906fc040002040109000eff12ff16ff18ff1aff1bff1cff1aff18ff16ff12ff0dfe07fd01fcfcfaf7f9
2093,272429766,-92,11,128,1,143,1,14466141fefe01fdfffefdfffbfffe01fe03fd060208040b050a09060505fb02fcf801f605fe08ff04fdfffdfeffff01fc01f903f705fd010000000000000000000000000000000000000000020000fefe00fe020003020402020202040103ff0401040102fe02fd02fefffffffe02ff0103fc03fb01fa00f903fb06ff03fe02
2094,272701527,-92,11,128,1,143,1,322ff341fe02ff01fc02fd03fc00fcfe0303040400fefe03fd0cfc0ffe09ff00fc03ff0306fb07f904fa02fc03fe0300050307050507010200000000000000000000000000000000000000000001000001ff00fefefefeff01010001fe00fe00fe00ff00010001ff00fe00fe04fd05000103ff03fe02fe030003fe03fe020102
2095,273196635,-91,11,128,1,143,1,4ff11400f104f204f103ef02f003f403f704fa05fe05fe05ff0501040103020606070706070508040804060606070606060303020101ff000000000000000000000000000000000000000100040203030303040105010402020001fd03fb02f900f7fff7fff601f603f601f200f003ef04f001f102f202f8fe00f902f7fff400
2096,273299036,-91,11,128,1,143,1,4ff1140011ff10ff11fe11fc0ffd0b000afe08fe06ff04fe02fc00fbfefbfefbfefafdf7fdf6fef5fff500f8fff9fffa00fbfffbfffcffff000000000000000000000000000000000000fd01f704f901f9fefbfcfcfefbfffbfffd00ff02ff05ff08010b010cfd0cfb0dfb0dfc0bfb0bfa0bfb09ff0a020b0208050209fd08fe
2097,273401423,-91,11,128,1,143,1,4ff11400f007f108ef04ed00ee01f302f502f501f801f901f900fc01fe03fd05fd09fc0bfd0bfe0afd09fa07f805fa04fb03fc03fe01ff00000000000000000000000000000000000000fffdfef7fefbfefc00fb02fc03fc02fd02fe00fefbfcf7faf7fcfafcfbfafaf7f8f6f8f4fcf5fcf6fbf6faf9f9fcf9fbf7fcf601f801
2098,273761992,-93,11,128,1,143,1,cff44c41fdf9f8f7f9f503f80401fe06fe0203fd03ffff01ff010102ff01fcfbfdfd03050507030202fdfefff706f9050001ff010102010000000000000000000000000000000000000000fe02fd010002010002fe02ff000100fffffefffe00ff030006010401ff00fc00fe01010004fd04fe020104010401000000000101fd
2099,273811057,-91,11,128,1,143,1,4ff11400f3eff2eef6eef7eff8eff8f0f8f4faf6fcf9fdfcfdfefb01fb03fc02fc02fc03fa05f807f706f803f802f803f903fb01fb00fe000000000000000000000000000000000000000101030701060106020603060205020301fe04fb08fb09fd09fd09fc0dfe10ff0ffe0dfe0efd0cfc09fe07fe03fc01fc00fa00fafdfd
2100,274015843,-91,11,128,1,143,1,4ff11400f50ef80efa0cf80bf70af70af80bfb09ff06ff04fd04ff0402030204030605080609050a04090307020600060005000300030000000000000000000000000000000000000000fefefafafcf9fef8fdf9fdfafdfbfdfcfdfefd00fb01f902f503f202f102f201f3fff1fef2fdf4fcf6fbf9f9fafafbfdfc01fd06fe0d
2101,274118250,-92,11,128,1,143,1,4ff11400f60bf409f408f507f606f705f604f706fb04fc00feff02000501060306060509030905070407020603050306020600040001000000000000000000000000000000000000000000fe03fb03fb03f903f803fa02fd02fe03fd01fcfffbfbfaf6faf6f9f7f7f8f8f7f9f6faf5faf6f6f8f6f9f9f8fcf7fffa03fc05fb06
2102,274220635,-91,11,128,1,143,1,4ff114000c020b03100612050f030b0308020702090408060503030002fc01f801f500f400f402f602f801fb03fc02fb01fa01fc01ff0000000000000000000000000000000000000000fefef9fcf8fdf9fbfcfbfcfdfbfdfdfefd01fe03ff03fe03fc04f907f609f507f605f706f708f708fa07fb04fb01fc01ff0303040601
2103,274238505,-37,11,128,1,143,1,1ee0010019fb1cfb1efa1ffb1ffb1dfc1bfc18fc13fc0efc08fc02fcfcfbf7f9f2f7edf5ebf2e9f0e9eeeaedecedeeedf1eff4f1f6f2fdfc000000000000000000000000000000000000fffbfeeeffeffff000f1fff4fff7fefafcfefa02f806f509f20df00fee11ed12ec13eb13ec12ee11f00ff20df60afb07000406020a00
2104,274285419,-37,11,128,1,143,1,1ee00100f216f018ef1aee1bee1bef19f017f214f511f80cfc08000305ff09fc0ef913f817f719f71bf81bf91afb18fd16fe12ff1000030000000000000000000000000000000000000003030c0c0c0c0a0b090a08080606050304ff02fb01f600f100ed00e900e700e500e400e400e400e7ffe9ffedfef1fdf7fcfdfa02f906
2105,274288945,-37,11,128,1,143,1,1ee00100e6fde3fce1fce0fce0fbe1fbe4fbe8fcecfdf1fef600fc02010507070b0a0f0d11111113111511160f160d150a130810060e0103000000000000000000000000000000000000fe04fa10fa0ffa0efa0cfb0afd08ff05020205ff09fc0dfa10f813f615f517f418f418f418f416f514f610f70cf906fa00fbfbfcf6fc
2106,274290003,-37,11,128,1,143,1,1ee00100e5f5e1f3dff2dff1dff1e1f1e3f2e7f4ebf6f0f9f5fdfa010006040a080f0a140b180c1b0b1d0a1d081d051b0318021401110004000000000000000000000000000000000000fd04f611f610f60ef70df90bfb08fe06020306010bff0ffd14fc18fb1afa1cfa1ef91ef91dfa1bfa18fb14fb0ffb08fb01fafbf9f6f8
2107,274322850,-37,11,128,1,143,1,1ee00100e9f2e6f0e5efe4eee5ede6eee9efecf1eff4f3f8f7fcfb00ff05020a050f06130617061a051b041b021b01190016ff12fe0fff03000000000000000000000000000000000000fd03f50df40df50cf60af808fa07fd050103050109000eff12ff16fe18fe1afe1bff1cff1aff18ff16ff13ff0efe08fd02fbfcfaf8f8
2108,274323398,-37,11,128,1,143,1,1ee0010018071b081d081e091e0a1c0a1a09170712050e03080103fdfefafaf6f6f2f4eef2ebf2e8f2e6f4e6f5e6f7e8f9eafbedfcf0fffc00000000000000000000000000000000000001fb07ef07f007f106f305f503f701f9fefcfafff601f203ee05ea06e807e607e507e507e607e706ea06ed05f204f804fe0404040804
2109,274332320,-37,11,128,1,143,1,1ee00100e7f6e4f5e3f4e2f4e2f3e4f4e7f5eaf6eef9f2fbf7fefc0201050509090d0c100d140e160d180c180a18091607140511040e0003000000000000000000000000000000000000fd03f50df50df50bf60af708fa06fd050003040109ff0dfe12fd15fc18fc1afc1bfc1bfc1afc18fc15fd12fd0dfd07fd01fcfbfbf7fa
2110,274412112,-37,11,128,1,143,1,1ee00100fa19f91cf81df81ef81ef81cf919fa16fb12fd0dff08020204fd07f80af40ef111ef13ee15ee15ee15f014f212f40ff70df903fe00000000000000000000000000000000000003020d0a0c0a0b090a0808070705050202fe00fbfff6fdf2fcedfbeafae8fae6fae5fae5fae6fae8fbebfbeefbf3fcf8fcfefb04fb08
2111,274413435,-37,11,128,1,143,1,1ee00100fce6fce2fce1fde0fde0fee2fee4fee7feecfdf1fdf7fcfdfb03fa08f80df511f314f015ee16ed15ed13ee11ef0ef10bf309fd02000000000000000000000000000000000000fbffeefeeffdf0fdf2fdf4fdf7fefa00fd0201050408080b0b0f0d110e130f14101610160f150e130d110b0e090a060504ff03f901f5
2112,274855744,-92,11,128,1,143,1,d88eed410aff01fffe01ff04ff04000102fefefffb0202fd07f506f400f7fbfdf703f700fefa01f900fc00feff0001ff0200010201020000000000000000000000000000000000000000000100040103020003fe01fd00fc00fc00ff0003010101fefffefefe00fe010002ff02fd03fd0200ff02fefd00fb00fffe01fd01feff
2113,274937485,-92,11,128,1,143,1,4ff11400f3fff0fef0fef2fdf4fdf6fcf9fbf8fbf6fef600f802fa03fd03ff04fe07fd09fc09fd09fd08fb08fb07fb05fb04fc04fd03ff0000000000000000000000000000000000000001ff06fc06fd06fd07fd06fd03fb03fa01fcfefbfcfafcf8fdf6fef4fef200f400f7fff500f402f501f6fffafefbfdfafcfbf6fbf1fb
2114,274958480,-93,11,128,1,143,1,eeecce41ff02000003fe01fdf9fff7fffbf7fbf6ffff020203ff02fefefe00fd06fb06fe04050a050c020709030afe02fef8fcf7f7fcfdff000000000000000000000000000000000000fffffdfefdfefcfffc00ff0102000201010200020001fe02fc03fd02fe0000010002000101000002fd02fb02fd03fe02ff0001ff00ff
2115,275039854,-93,11,128,1,143,1,4ff11400fef2fef1fef2fdf2fdf2fdf2fdf4fff801fc01fdfffeff01ff04fc05f904f706f808f807f905fb03fa04fa05fc03fd02fd02ff00000000000000000000000000000000000000ff01fb03fa01fafffbfffb01f902fc02ff010000020205060709070a070a07070705060508040806060606040501020000fbfff8fffb
2116,275154651,-36,11,128,1,143,1,1ee00100e4ffe1ffdffedffddffde1fde4fde7fdecfff100f601fc03020607080b0c0f0f11121115111710170e170c1609140711050e010300000000000000000000000000000000000000040011ff11fe10fe0eff0b00090106030206fe08fa0cf70ff412f214f015ef16ef17ef16ef14f112f20ff40af605f8fffaf9fcf5fc
2117,275155200,-36,11,128,1,143,1,1ee00100ee14ec16eb17ea18e917ea16ec14ef11f20ef60bfb07000406020b0010fe15fe19ff1b001c011c021a041805150511050e05030100000000000000000000000000000000000003020e090d090c090a0809070704050104fe02fa01f500f1ffecffe9ffe6ffe400e300e300e400e600e9ffedfef2fdf7fbfdf902f706
2118,275159816,-36,11,128,1,143,1,1ee00100f015ee17ec19eb19eb19ec17ed15f012f30ff70cfc08000506020bff10fe15fe18fe1bff1c011c021a031805150511050f05030100000000000000000000000000000000000003010f070f070e070c070a050803060103fd01fa00f5fff1feecfde8fde6fde4fde3fde3fde4fee6fee9fdedfdf2fcf7fbfdf902f706
2119,275160206,-37,11,128,1,143,1,1ee00100fee5fee1ffe0ffdf00df00e100e400e700ebfff0fdf6fbfcf902f607f30bf00eed10ea10e810e80fe80de90beb08ee06f004fc01000000000000000000000000000000000000fb01ee04ef04f003f102f402f702fa02fe03020506070a0a0e0d100f121113121413131413131111100f0e0c0b08080405fe04f902f5
2120,275160706,-36,11,128,1,143,1,1ee00100e5fee1fee0fddffddffce1fce4fce7fdecfef1fff601fc03010606090a0c0d100f130f160f180e180c180a1708140611040f01030000000000000000000000000000000000000004011100110010ff0e000b00090205030206fe08fa0cf70ff311f113f015ef16ee16ee15ef14f011f20ef40af605f8fffaf9fbf5fc
2121,275244673,-91,11,128,1,143,1,4ff11400fe0efc11fc0dfc0afc0afd0bfd0bfe09fd07ff06020702050101020007000a020a030a030903080306020603060205020503010100000000000000000000000000000000000000fcfff5fef9fefb01fb02fb00fbfefcfefdfbfefa00f901f8fff7fef5fef4fef3fef300f200f4fff6fff9fffbfffb01fc05ff09ff0c
2122,275347115,-92,11,128,1,143,1,4ff1140008020d060e070f0310020d050a070806060405040603040003fe04fb07f90afa0afb09fb08fd05fd05fd05fd05fe05ff04000100000000000000000000000000000000000000fe00fa04fa06fc07fd06fc05fd04ff02fe02fe0200010205040807080909080b070e040e010b00060006010602050304040509040dff
2123,275449494,-92,11,128,1,143,1,4ff11400fe0cfb12fc13fe12fe10fe0dfe0cfd09ff07010703050702080107ff07fe0afe0dff0dff09fe08000903090207ff06fe06ff01ff00000000000000000000000000000000000001fd05f903fb03fb03fb03fc00fdfdfefcfdfdfbfcfbf9fdf7fcf6f9f3f9f2f8f3f9f4fbf6f9f7f8f6fbf7fcfafcfefe0102fe06fa09
2124,275756689,-91,11,128,1,143,1,4ff11400f0f8eff9eff8eff3f2f1f5f7f8faf8fbf7fef8fffafefd01fd03fb03fb04fb07f909f808f707f606f705f904f902fb01fe02ff0000000000000000000000000000000000000002000903060204020404050305000500050004fe01fb00f801f503f404f303f205f609f808f607f507f903fa00f8fff6fef7fbfaf8fb
2125,275828169,-95,11,128,1,143,1,ceeffc41fdfbffff0000fe0000ff0100ff04fe070004fffffcfb00fc05070a0b0806ff07fc07fd01fefd00fc00fcfffdff000201030500020000000000000000000000000000000000000000010101ff01fefffefdfefdfefefffeff00ff01fe01fefffefdfefe01fe03fe03ff0100000001ff03fd04fe03ff00ffffffff00ff
2126,276105037,-92,11,128,1,143,1,3ee22341fe02fc00fbfb00fa04fcff00f502f206f80400fc0afa0e0008fffbfef505f90503000901060101feff00000101fe04fd07fb02fe000000000000000000000000000000000000fffffdfffe0000ff01ff01000002fe04fe03feff00fe03fe02fd00fd0000010000fffdfefcffff0003fd01fffd02ff01010102010502
2127,276268714,-91,11,128,1,143,1,4ff1140005f108f20bf30cf40af30af20cf309f508f907fb02fcfffbfffbfefafbf8f8f7f8f7f9f7fcf6fff501f600f800fa01fc00fc00ff00000000000000000000000000000000000001010704050304050406040205ff06fe06fe06fe08fc08f906fa07fb0afb0bfe0d010d000cfe0dfe0b010902090007fc06f803f7fdf6
2128,276473518,-89,11,128,1,143,1,4ff11400fdf1fbf1fcf2fef300f4fff2fff2fff6fef9fcf9fbf8fbfcf9fff7fff600f501f3fff3fdf4fcf7fcfafef900f800fafefcffff00000000000000000000000000000000000000000102070108ff07ff0700060103020205030803080106fe07fc0bfe0fff110012010fff0bff0b020a0205ff02fc00fdfffcfffa00fa
2129,276852041,-95,11,128,1,143,1,1117714102fdfffffd0101ff02fdfffd0300060104fe09000e020f0007fffeff05fb07fefe06fb09fe0601020002ff03000503080408010200000000000000000000000000000000000000ff00fe0001ff020001010001010101000000fffffefffdffffff00fd00fe0000fe00fc00fdfefcfcfdff010103fe01fdffffff0102
2130,277104421,-92,11,128,1,143,1,f22eef41fffffdfcfffb02fc01fdfefefcfffd00000001fffffdfdfefc00fd01fd00fefffe00ff00000001ff01fefffefefefefeff0000000000000000000000000000000000000000000001ff03feff00fe0102ff03f601ed01f601fe01f6fff0faf8fa00feff010002ff02fd01fdfffdfefbfefafefeff000000fa03f504f8
2131,277350171,-91,11,128,1,143,1,b88eeb41fefffe00fefffdfdf802f706fa07fa08fd0203fc0703040bff0b040208f905fa01fc02fc04fd02fffe00fe0101020005fc08fe0200000000000000000000000000000000000000fffffffeff00fe00fe00ff01fc01fcfefffc01fd02fe04ff030001fffcfffcff010104030006fd07fd05fb00f9fcf8fefb01fd02fe
2132,277393060,-96,11,128,1,143,1,799bb741fc000000ff01fd00fd00fd01fd01020006010200fafdf8fdfc010307050b030501fc00f800f800fa01fd03fe01fffc02f705fd0100000000000000000000000000000000000000ff00fdfffe00fd00fc00fcfefefd00fe00fffffe01fd02fe01ff01fe00fd00fe00feffffff00020002010002ff0200030203020300
2133,277395119,-91,11,128,1,143,1,644aa64101fdfcfdfafefef903f604f805fb04fc02fd000000ff01fe00ff01fd04fc04fe0302060606040201fe02fe01fefffefffc00ff000000000000000000000000000000000000000000ff01ff01000000fe03fe03ffff01fc03fe0100fffffdfdfdfdfffe01fffffffdfefeff00010101ff02fd03fd02fd00fffe020002
2134,277396393,-93,11,128,1,143,1,edd66e41fc00fdfdfefd06ff07fdfaf7f3f8f400f500fa000004030105fe0201010305020500fefef700f704fc09f80bf807010201fafffd000000000000000000000000000000000000fffffdfffe00ff01ff01fe00fdfffefffdfefffe010201050005000400010001fe01fffefffefd00fe00020106020602030003ff0401
2135,277497524,-92,11,128,1,143,1,4ff11400050c020bfe0b000d040c03080006ff07000700050103040206ff06f905f606f709fa09fd08fe08fc07fc05fc05fd05fd03fe00ff00000000000000000000000000000000000000fe01f901f801f700f9fffc01fd02fefffefdfdfafef700f6fff5fdf3fdf1fef0fef1fff1fef2f9f6fafbfcfeffff02fe03fe04ff07
2136,277702341,-93,11,128,1,143,1,4ff11400f3f9f2f4f4f4f6f7f6f8f6f7f8f8fafafafbf8fcf9fefd00fe02fe03ff05ff08fe08fe07ff06ff07fe07fd06fd04fd03fe03ff0000000000000000000000000000000000000000010206010500040204050203ff0201020203fe04fc05f907f508f508f507f505f706f90af80af806fb04fb04f903f901fafefcfaff
2137,278316755,-92,11,128,1,143,1,4ff11441f2fdf2fcf1fcf1fbf1fcf4fcfafcfcfdf8fdf6fdfafeff000302040603070108ff0aff0a000901070007ff07ff03000000000000000000000000000000000000000000000000ff00fd03fd05fe05ff03ff01ffff00ff0200040005ff04fd05fc08fd09fa0af70bf70af80af608f505f803fc03fd00fafffa00fbfcf8
2138,278623972,-92,11,128,1,143,1,4ff114000d020e050d030c000b01090208010701070007fe04fa02f900fbfdfafbf7fbf7fbf9fcf9fdf8fdf9fdfbfcfafbfafbfbfbfdffff00000000000000000000000000000000000000fd03f803f901fafffa00fafffdfdfffbfffa00fa01fbfffbfff904f507f108ef08f206f604fa03fb01fb01fb03fc02010204030201
2139,278691339,-94,11,128,1,143,1,58888541fd00ff00010002fe00fefcfffafffcfffdffff00ff000000010102010002fe02fe0100ff01ff00ff0001000001ff01fe01fe00ff000000000000000000000000000000000000ff00fe00ffff000100020101fb07f30cf806ffff04f806f302f7fefcfdfd00fe02010003ff03000100fd00fc00fdfefefc04fb06fe02
2140,278726394,-90,11,128,1,143,1,4ff11400fc0efa0df70cf50cf30cf50bfa07fc04fa02f903fb04fd030002040304040305030703070105ff07ff0800050002ff02fe02ff00000000000000000000000000000000000000fefef8fbf9fcfbfafafafafefc00fd01fc01fb02fa04f805f907f708f405f303f202f301f600f7fff6fdf6fcf600f805fa05f902fb00
2141,278828760,-90,11,128,1,143,1,4ff11400edfbf1fcf2faf1fcf2fcf3fbf4faf8fbf9fdf9fefafdfcfffe0200040408050b020b020a010afe08fe0701060204010201020000000000000000000000000000000000000000ff01fd05fe04ff03ff0100010002000303020503050006fc06fa08fa0af90af80af709f608f807fc06fd03fc00fafffbfdfcfaf7fbf3
2142,279136148,-92,11,128,1,143,1,4ff114000ef910fc0ffe0efd0efb0efb0bfd05ff03fe05fd03fcfefefbfffa00fa02f802f401f6fff8fff600f701f903fb03fc02fe00ffff00000000000000000000000000000000000001fe07fb06fd04fe04fd04fc02fbfffdfdfffbfefafff7fff5fff3ffee00ed01ee02f001f4fff800fa03fd05ff0501040205040206ff
2143,279153091,-36,11,128,1,143,1,1ee001000c140e170e190f1a0f1a0d190c170b140910070b0506040002fb02f502f003eb05e806e607e508e609e80aea09ed08f108f301fd00000000000000000000000000000000000003fd0ff70ff70ff80df90bfa09fb05fb01fcfdfcf8fbf4faf0f9ecf7eaf6e8f6e7f5e7f4e7f5e9f5ebf7eef8f2fbf6fefb01ff050208
2144,279204130,-36,11,128,1,143,1,1ee00100f118ef1bee1ded1ded1dee1bef18f116f512f80dfd09010407010cfd11fb16f91af91dfa1efb1efc1dfd1bff180014011101040000000000000000000000000000000000000004021109100a0f0a0e090b070905070304ff02fb00f6fef1fdecfce8fce5fce3fce1fce1fde2fde4fde7fdebfdf0fcf7fbfdf903f807
2145,279258411,-36,11,128,1,143,1,1ee0010014f117ef19ee1bed1bee1aef18f015f211f40cf607f901fbfbfdf5fef0feebfee7fde5fce3fae4f9e5f8e7f7ebf7eef8f1f9fcfe000000000000000000000000000000000000fdfbf6eef6eef7eef8f0f9f2faf4faf8fbfcfb01fb06fa0bf910f714f717f519f51bf41bf51af519f616f813fa0ffd0a0105040008fd
2146,279312576,-36,11,128,1,143,1,1ee00100051a061e062006210521051f041c04190314030e0308040105fb06f508f00bec0de910e712e712e812e912ec10ef0ef30cf502fd00000000000000000000000000000000000004ff13fd13fe12fe10ff0eff0aff07fe03fdfefbf9f8f5f5f1f2eeefeceeeaece9ebeaeaebebececeeeff0f2f4f6f7fbfb01fe06000b
2147,279315431,-36,11,128,1,143,1,1ee00100fa18f91bf81df71df71df71bf819f916fa12fd0eff09020306ff09fa0df711f414f316f318f319f518f616f814fa11fb0ffc03ff0000000000000000000000000000000000000401110410050f050e050b040903060103fe00fbfef7fbf3f9eff7ecf6eaf5e8f5e6f6e6f6e7f7e9f8ebf8eefaf3faf8fbfefa04fa08
2148,279315920,-36,11,128,1,143,1,1ee00100eb12e914e716e616e515e614e812eb10ef0df40bfa07ff0505030b01110116011a021c031e051d061c071908160812070f07030100000000000000000000000000000000000003030e0d0d0e0c0d0a0c090a07080604040003fc02f702f102ec03e803e604e304e205e205e305e504e803eb01f0fff6fcfcf901f705
2149,279318453,-36,11,128,1,143,1,1ee0010011111314141515161416131511140f110d0e0a09080505ff02fa01f500f000eb01e802e603e405e406e606e806eb06ee06f101fc00000000000000000000000000000000000002fc0bf20bf30bf40af509f606f804fa00fbfcfcf7fdf3feeefeeafee8fde6fde5fce4fce5fce7fce9fdecfef1fff601fb0300060408
2150,279333406,-36,11,128,1,143,1,1ee001000b150c180d1a0d1b0c1c0c1a0a1809150811070c0507040104fb03f604f105ed07ea09e80be70ce70ce90ceb0cee0af109f402fd00000000000000000000000000000000000003fd0ff60ff70ef70df80bf909fa05fb02fbfdfbf9fbf4faf0f9ecf8eaf7e8f6e7f4e7f4e8f4e9f5ebf6eef8f2faf6fefa02fe060209
2151,279407051,-93,11,128,1,143,1,accffa410001000002fd00fffefffdfc00fb07f905f501f802fffcfef6f5f1f6f4fa00f603f700fdfe00fe0000010300030100fffff8fffd000000000000000000000000000000000000fffffeffffff0001ff02ff01ff01010101ff00000002fe01ff0000020002ff02fe00fefe0000020001fe00000001ff00ff0000000000
2152,279443191,-92,11,128,1,143,1,4ff114000e03110410050d060e090f090a0607050703050001fd01fd02fc02fb02fb04f904f604f604f804fa03fa02fa03f904fa03fc00ff000000000000000000000000000000000000fefffafdf9fef9fffafffcfefdfefe00fd00fb00fd02fd05fa08f80af708f809f909f805f707f708f705f801fd02fe03fd0400050205
2153,279545594,-91,11,128,1,143,1,4ff114000d0e0e0e0b0d0a0e050d010a020a030c0508050203ff04fe05fd05fd05fa06f908fb08fd05fd06fd08fb09fb08fe03ffffffffff000000000000000000000000000000000000fefffbfcfcfcfffbfefbfdfdfe00fe02fd02fc03fb04fa04f703f504f306f305f303f302f302f402f804fb06fb04fe03fe06ff070004
2154,280247067,-93,11,128,1,143,1,9ee77941fefe0000010001fc01f900fb0301070107ff0d0210020bff00fffafe04fc09fc02fffd02fe0001fd02fd01ff01040109000aff02000000000000000000000000000000000000000001ff01fd00fc00fe0000ff02ff0200010000fefffcfefafffc00ffff01fd03fd03ff04000502020200ff02fd02fe02ff02fd00fa
2155,280364820,-92,11,128,1,143,1,4ff11400f304f402f305f209f209f206f504f902fb01fb01fc02ff030102040108020a0408040703050305040604050203010402030200000000000000000000000000000000000000000100050304020404050603040001ff0002ff04fd02fb00f602f603f802f602f301f300f503f605f604f803f8fff8fdfdfa00f7fff800
2156,280492369,-36,11,128,1,143,1,1ee001001a081d091e0a1f0a1e0b1c0a1909160711050c0307ff02fcfdf8f9f4f6f0f4ecf3e8f3e6f3e4f5e4f6e5f8e7faeafceefdf1fffc00000000000000000000000000000000000001fb07ee07ef07f007f205f403f701fafdfdfa00f502f104ed06e907e608e508e308e408e507e706ea06ee05f304f904ff0406040a05
2157,280509836,-36,11,128,1,143,1,52200500e503e103df03de03de03e002e302e702ec02f202f702fe0304040a060f07130a160d180f18101711151112110f0f0c0d0a0b0202000000000000000000000000000000000000ff04fd12fc12fc11fc0ffd0cfe0a0006020205ff08fb0cf70ff412f214f016ef17ee17ef16ef14f012f20ff40af605f9fffbf9fdf5fe
2158,280511291,-36,11,128,1,143,1,52200500ecedeaeae9e8e8e8e9e7eae8edeaefedf2f1f5f6f8fbfc00fe06010c021103160219011c001dff1dfe1bfd19fc15fc11fc0eff03000000000000000000000000000000000000fc02f00af009f008f107f406f705fa04ff04040308030d031204160518051a061b071c071a071806160512040e02080003fdfef9faf7
2159,280569624,-91,11,128,1,143,1,4ff11400f0ffee00effdeffcf1fdf6fcfafdfbfef9fdfafffc02fb03f902f703f806f908f908f905f804f704f802fa00fa01fc02fd03ff0000000000000000000000000000000000000000ff03fc03fb04fc05fe05fd04fc02fb00fa00f9fff9fbfaf8faf9f7fdf5fff6fff6fef6fdf9fcf8fbf7fcfbfcfefafef8fef9fcf9fb
2160,280714115,-36,11,128,1,143,1,1ee0010007e808e509e40ae40ae409e609e807eb06ef03f300f8fdfdfa02f606f309ef0bec0cea0ce80ce80be909ea07ed05f004f302fc00000000000000000000000000000000000000fcfdf1f7f1f6f2f6f4f7f5f8f7fafafdfc00fe040008010c0310041405160518041904190418041604140311030c0307030104fb05f7
2161,281388675,-92,11,128,1,143,1,36677341ff080100fbfdf502f502fafd01fb02fd00fc00fd0000ff01fe00fe010000fffffefffefd02fb06ff040102fe02fe020001ff00ff00000000000000000000000000000000000000ff02fe020003010001fd03ff030103020202fe01feff01f9fff9f8fdf8fdfdfffcfef9fbfefc05fd05fc00fbfefd01fd01fcfffbff
2162,281696040,-91,11,128,1,143,1,4ff1140009f50cf60ef70ef70bf80af80af908fa06f903f900f900fa00f9fdf9fdf8fef6fcf3fcf4fef600f800f9fffafffa00fb01fb00ff0000000000000000000000000000000000000003020cff08fe06fe06ff06ff03fffffffe00ff02010500070009030c050c040a030705070608040603040403030401050106ff06fb
2163,282540308,-28,11,256,1,143,1,e4400e00f316f316f315f315f415f515f515f515f615f615f615f615f615f614f614f614f614f613f612f612f611f610f610f610f60ffd03000000000000000000000000000000000000fd04f611f611f511f512f412f412f313f313f213f113f113f113f113f013f013f113f113f113f114f214f214f214f215f215f215f315f80de62ae62ae629e628e728e928e928ea28eb27ec27ec27ed27ed27ed27ed27ed27ed27ed26ec24ec23ec22ec21ed20ed1fed1eec1dea1be91afb04fe0100ff00fe00ffff01fd06f022ef21ed21ec21ea21ea21e822e722e623e524e424e324e224e224e224e123e123e223e224e224e325e326e426e427e528e528e628e627
2164,282540457,-29,11,256,1,143,1,e4400e00fb18fb17fc17fc17fd16fd16fd16fe16fe16fe16fe16ff15ff15ff15ff15ff15fe15fe14fd13fd13fd12fd12fd12fc11fc11ff04000000000000000000000000000000000000ff04fe12fd13fd13fc13fc14fb14fb15fb15fa16f916f916f916f916f916f916f916f916f916fa16fa16fa16fb17fb17fb17fb18fc17fd0ef82ff72ef72df72cf82bf92bfa2bfb2afb2afc29fc29fd29fd29fd29fd29fd29fd28fc27fc27fb26fb25fa23fa22f922f921f820f61ff51efe05ff0100fffffe00ff0001ff06fe23fc24fb24fa24f924f825f726f627f628f529f42af32af22af12af129f129f129f12af22af22af32bf42bf42bf52cf52cf62cf62cf72c
2165,282540622,-29,11,256,1,143,1,e4400e0018fe18fe17fe17fe16fd16fd16fc16fc15fc15fb15fb15fb15fb15fb15fb15fb15fc14fc14fc13fd12fd12fd12fd11fe11fe04ff00000000000000000000000000000000000004ff13ff13ff1300130014001500150116011601160217021702170216021602160216021701170117001700170017ff18ff18ff17ff0eff2efe2efe2dfe2dfe2cfd2bfc2bfb2afb2afa29f929f929f829f829f828f928f928f927fa27fb26fb25fb23fc22fc22fd21fe21ff2103210405000100fffffe00ffff01ff06ff23fb23fd24fe24ff250026012602270228032a042b042b052b052b062b062b062b062b062b052c052c042c032c022c012d002d002d002d00
2166,282540747,-29,11,256,1,143,1,e4400e00180218021702170217011601160016001600160015ff15ff15ff15ff15ff15ff15001400140013011201120112011102110204000000000000000000000000000000000000000400130113011302130214021503150315041604160516051605160616061606160516051605170417041703170317031703170317030e002e022e022d022d022c012b002b002bff2afe2afe29fd29fd29fc29fc29fc29fd29fd28fe28ff27ff2500240023002201210221022103210405000100fffffe00ffff01ff06fe23fb24fc24002401250226032604280529062a062b072b082b082b092b092b092b092b092b082b082b072c062c052c052d042d042d042c03
2167,282540871,-29,11,256,1,143,1,e4400e000eec0eec0eec0ded0ded0cec0cec0bec0bec0aec0aec0aec0aec0aec0aed0aed0aed0aee0aee0aef0af00af009f00af10af102fc00000000000000000000000000000000000002fc0bf00cf00cf00cf00df00ef00ef00fef0fef10ef10ef10ef10ef10ef10ef10ef10ef10ef10ee0fee0fee0fed0fed0fed0eec0eec09f41ddb1edc1ddd1ddd1cdd1bdd1add19dd18dd17dc17dc16dc16dc16dc15dc16dd16dd16de16df16e015e115e214e314e414e515e618ea18eb04fc01feff00ff00ff0001fe03fa16e417e517e418e41ae41ae41be41de41ee31fe320e321e321e321e322e322e322e321e321e321e221e220e120e01fe01fdf1ede1ede1ede
2168,282541099,-29,11,256,1,143,1,e0000e000a150a150a140a140a130b130b130b120b120b120b120b110b110b110b110b110a110a11091009100810080f070f070f060f0103000000000000000000000000000000000000020409100810081108110812081208130814081407150715071506150615061507150715071508150815081509150915091509150a15050c14291329122812271227132613251324142314221422142215221522152215221422132113211220101f0f1f0e1e0e1e0d1e0c1d0a1e091e01050001ffffffffffff01010305121d111e101f0f200e210e220e230e240e250e260d280d280c290c290b290b290b290c290c290d290d290e290f280f281028102811281128
2169,282555027,-93,11,128,1,143,1,155ff141ff0000ffff00fbfff4fff300f6fbfaf801fd02000000ff00fd01fcfdfef501f403f5fef4fff407f409f603fffa06fd070803030000000000000000000000000000000000000000ff00fcfffdfeff00000000ff0000fe00feff01fd01fdfefefd00fefffffe01fe0101ff04fd04fd00fefffefffdfefc00fc01fdfcfe
2170,282565935,-38,11,256,1,143,1,e4400e000818081708160816091509150914091409130a130a130a130a130a130a130a120912091208110811071007100610060f060f0103000000000000000000000000000000000000010407120713071306130614061506150616051705170518041804170418041805170517051705170517061706170617071708170817030e0d2f0c2e0b2d0b2b0c2a0d290e290e280f270f2710261026102510251025102510240f240f230d220c210b200b1f0a1f0a1e091e051f041e00050001fffffffeffff000102060d230b230b240a250926092608280829082a072b062c062d062e052e052e052e052e052e052d062d062d072d072d082c092d0a2d0b2c0c2c
2171,282566080,-38,11,256,1,143,1,e4400e00140d140d140c130c140c140b130b130a1309130913091309130913091309130912091109110910090f090f090e090e090d090302000000000000000000000000000000000000040212081209120a120a120b120c120c130d130d130e130e120f120f130f130f120f120f130e130e130e130e130e140e140e150e160d0b09261d251c241b241b241a241924182318231723162415231423142314231423142214211420141f141e141c131b131a13191319131616161604040101fffffeffffff0100050320141f1520142015201620172018201a211b211d211e211f211f202020202020202020202020211f211f211f221f231e231e241d241d241c
2172,282566238,-39,11,256,1,143,1,e4400e0009e909e909e908ea08ea07ea07ea06ea06ea06ea05ea05ea05ea05eb05eb05eb05ec05ec06ed05ed05ee05ef05ef06ef06f001fc00000000000000000000000000000000000001fb06ec07ec07ec08ec08ec09eb09eb0aeb0beb0beb0bea0cea0ceb0ceb0ceb0ceb0beb0bea0bea0bea0bea0aea0ae90ae90ae909e906f215d415d515d614d713d712d712d711d710d80fd80ed80dd80dd80dd80dd90dd90dda0dda0ddc0ddd0dde0ddf0de00de10de20de311e612e603fb01feff00ff01ff0000fe02f90edd0fdd0edc10dc11dc12dc13db15db15da17da18d919d919d91ada1bda1bda1ada1ada19da19da19d918d818d818d717d716d616d716d7
2173,282566368,-39,11,256,1,143,1,e4400e000ae90aea0aea0aea09eb09eb08eb08eb07eb07eb07eb07eb06eb06ec06ec07ec07ec07ec07ed07ee07ef07ef07f007f007f101fc00000000000000000000000000000000000001fb07ed08ed08ed09ed09ed0aec0bec0bec0ceb0deb0dec0dec0eec0eec0dec0dec0dec0deb0deb0ceb0ceb0cea0cea0cea0bea0bea05f212d412d412d512d611d610d60fd70ed70dd70cd70bd70bd80ad80ad80ad80ad80ad90bda0bdb0bdc0bdd0bde0bdf0be00be10ce20ce30de402fb00feff00ff01ff0000fd01f907da08db0cdc0edc0fdc10db11db13da13d914d815d816d817d818d918d818d818d817d917d917d816d816d715d715d614d614d614d613d7
2174,282566492,-39,11,256,1,143,1,e4400e00f2ebf2ecf2ecf2edf2eef2edf2eef2eef1eff1eff1eff1eff1eff1eff2eff2eff3eff3f0f4f0f4f0f5f0f5f1f6f1f6f1f7f1fdfc000000000000000000000000000000000000fcfcf2f1f2f1f2f0f2eff2eff2eef2edf2edf2ecf2ebf3eaf3eaf4eaf4eaf4eaf4ebf4ebf3ebf3ebf3ebf3ebf2ebf2ebf2ebf1ebf1ebf7f3e5d7e5d8e6d9e6dae6dbe6dce6dce6dde5dee5dfe5dfe4dfe5e0e5e0e5e0e5e0e6e0e7e0e7e1e9e1eae2ebe2ece3ede4eee4eee4f0e4f1e4fdfbfffe000000000000fefefbfbe4e6e6e5e6e3e7e2e7e0e8dfe8dee8dce8dbe8dae8d8e8d7e9d7e9d7ead7ead6ead6ead7ead7ead7e9d7e9d7e8d8e8d8e7d8e6d9e6d9e6d9
2175,282566727,-39,11,256,1,143,1,e0000e0017021702160116011600150015ff15ff15ff15ff15fe15fe14fe14fe14fe14fe14fe13ff12ff12ff11ff10ff10001000100004000000000000000000000000000000000000000400130013001301140114021402150216031603170417041605160516051605160516041604170417031703170217021702180217020e002e012d012c012b002a002aff2afe29fe29fd28fc28fc28fb27fa27fa27fa27fa26fb26fc25fc24fd23fd21fd20fe1ffe1fff1eff1f001e0105000100fffffe00ff0001ff06fe23f923fb24ff2400250126022703280429042a052b062c072c072c082c082b082b082b082b072b072b062c062c052c042d032d032c022c02
2176,282990305,-94,11,128,1,143,1,bdd99b410002fe02fe0101010101fe00fefe01fe02ff01fefdfcfbfffdff00ff0101ff01ff010000fffffeffffff00ff0000ffff01fe00ff000000000000000000000000000000000000fffefffc00fd00fffffefefdfefd00ff0000000000ff00ff00000001ff02ff0202ff01fdfffffefeff000105fe0ffb16fb0afafdfefb
2177,283129840,-92,11,128,1,143,1,4ff114000e0410040f050e050e060d050a020500030004fe03fe00fefefcfff900f9fff8fef600f501f703f903f902f801f9fffa00fd00ff000000000000000000000000000000000000fefffafcfbfcfbfafcfbfffefefefefffefffd00fb03fa04fc05fc08f90af809f90af80cf70bf908fa04fc03fe03fe05000605040801
2178,283178850,-89,11,128,1,143,1,6ddbb6410106fc08fa03fef900f5fefcff05030703030000fc01fd0101000100ff0100020101ff00fefefffeffff01fe01fe0000ff01ff0000000000000000000000000000000000000001ff04fd0100fe02fd0000000001fe03fe0100fe00fefffdfefe00ff030005fe02f6fef1fdf500f402f203fb06ff09fe06000202fe03
2179,283368676,-32,11,128,1,143,1,1ee00100030c03120317041b051f062008200a200b1e0b1b0a170812060e0208fe04fafff6fbf2f7eff5ecf3eaf2e9f2e9f2e9f3eaf3fafc000000000000000000000000000000000000faffe9fee8fde7fde6fce7fce8fceafcedfcf2fbf7fafdf902f708f50df311f114ef17ec18ea18e918e816e813e910ec0df00bf409f8
2180,283409385,-31,11,128,1,143,1,1ee00100fdf4feeffeeafee6fde3fce1fbe1f9e1f8e3f7e5f8e9f9edfbf2fef701fc040008040b070e0a100c120d130e130d130c130c04030000000000000000000000000000000000000400130414041505150515051405130510050c0507060206fc07f708f309ef0beb0ce90fe710e711e712e813eb12ee0ff20df509f706
2181,283436882,-92,11,128,1,143,1,4ff11400080f080d080d070d060a06070605040402030203040306010400020104010601050106ff09ff090207030402030003ff03fe00ff000000000000000000000000000000000000fe00f900fb00fb00fafefdfdfefcfdfdfefffe02fc05fd07fe08fb08f909f708f407f408f707f806f903fc00ff000003010503040505
2182,283466555,-31,11,128,1,143,1,1ee00100ff0dfc13fb18fa1cfa20fb22fc22fe230021011e021a01150010ff0afc04fafef7f9f4f4f1f1efeeeeededececedecededeefbfb000000000000000000000000000000000000fbfcedf2ecf1ebf0ebefebf0ecf0eef1f1f2f5f4faf600f706f80cf911fa16fa1af91ef820f720f620f41ff31cf418f513f710fa0dfc
2183,283522106,-32,11,128,1,143,1,1ee00100010bff11fe15fe19fe1cff1d011e021e041c041a04160412020d0008fd03fafff8faf5f7f2f4f0f2eff0eef0edf0edf1eef2fbfc000000000000000000000000000000000000fbfeedf8edf7ecf6ecf6ecf6edf6eff6f1f7f5f8faf8fff804f909f80ef812f716f618f419f31af21af119f116f112f30ff50bf809fb
2184,283523429,-32,11,128,1,143,1,1ee00100fe0dfb12fa17f91bf91ffa21fb21fd22ff20001d01190014000ffe09fc04fafef7f9f5f4f2f1f0eeefeceeecedecededeeeefbfb000000000000000000000000000000000000fbfceef2eef1edf0edefedefeef0f0f1f3f2f7f4fcf601f807f90cfb11fb16fb1afa1df91ff820f720f61ff51cf517f613f80ffb0cfd
2185,283524753,-32,11,128,1,143,1,1ee00100f2ffecfde8fbe3fbe0fbdefcdefddeffdf01e202e603eb02f001f6fffcfd01fa06f70bf50ef211f012ee12ed12ed11ed11ee04fb00000000000000000000000000000000000002fb0aed0bec0ceb0dea0deb0dec0cee0bf10af508fa07000606060b061006150719091c0a1e0b1f0c1f0d1d0d1a0b160912060e040b
2186,284153924,-92,11,128,1,143,1,4ff1140001f2fff000ef02ef03ee02f300f800f900fafffbfdfcfbfef8fef7fcf8fcf9fcf9fbf9fcf9fdf9fcfafafafcf9fcfbf9fcf9fffe00000000000000000000000000000000000001010305010403030403020200040004020105fe04fe06fe09fd0afc0afc0cfc0cfc09ff070008000604060307ff05fa02f802fa05fc
2187,284460929,-94,11,128,1,143,1,4ff114000efa11fc0fff0bfe09fe07fe08fc09fa06fd04ff02fe00fb01f901f9fff9fef8fdf8fdf8fef900fa01fc00fd00fd01fe00ffffff000000000000000000000000000000000000000000030004ff04fe05fc05fd0500050103ff00ff0001040308050805080509060c040c020b030c040b0407040205ff06fe05fd05fb
2188,284870535,-93,11,128,1,143,1,4ff114410c040906070b060c050b040a02050102010102010100ff0002ff04fc05fc07fd07fd06ff06fe07fc07fd04fd01fd00ffffffffff000000000000000000000000000000000000fefefcfbfcfbfcfbfcfdfc00fefffefefd01fd03fc02fa03f903fa05f807f806f904f903f903f803f904fd04fd05fd03ff0102030506
2189,285689770,-92,11,128,1,143,1,4ff11400fa10fb0cf50cf20df40af608f708f907fd05fd03fe0301040404060508060708050a050a0509060806080408020702040203000000000000000000000000000000000000000001fe03fb01fa01f901f901fbfefcfdfdfefdfdfdfbfef9fff600f3fff4fef5fdf5fdf5fef6fcf7fbf8f9fafafbfffb01fb02fb05fb09
2190,285894573,-91,11,128,1,143,1,4ff11400f6f0f8f0faeffaf0faf1fbf1fdf1fdf3fcf7fdfcfffefffdfcfffa02f904f906f806f706f704f802f803f803f903f902fb02ff000000000000000000000000000000000000000001020602070307040703050202020100ff00fe03fc05fa05fb08fa0af80bf90efa0dfb0cfa0dfa0afb04fa02fa01fcfefdf9fcf9fb
2191,286115575,-36,11,128,1,143,1,1ee00100fd1bfd1ffd20fe20fe20fe1dff1aff160011000bff05fffffff8fef3feedffe9ffe500e301e301e302e502e802eb02ef02f200fc000000000000000000000000000000000000ff05fc15fc14fc13fc11fc0efd0afe06ff0101fc02f604f106ec07e807e507e307e207e106e305e504e903ed02f201f9ffffff06fe0a
2192,286116884,-36,11,128,1,143,1,1ee0010019f51cf31df21ef21df21af317f413f50ff709fa04fdff00f903f406f009eb0ae90be60be50be60be70ae908ed07f005f303fd0000000000000000000000000000000000000005fe14f813f812f910fa0dfc0afd05fe00fffb01f502f003eb04e705e505e306e206e207e307e606ea06ee05f303f901ffff06fd0afc
2193,286118050,-37,11,128,1,143,1,1ee00100f9e5f8e2f8e0f7e0f7e1f8e3f8e7f9ebfaeffcf5fefb00010307050c061107150818081a071b071a061905160413020f010c0002000000000000000000000000000000000000fffafdeafdebfeecfeeefff1fff500fa00ff0004000a000f00140018001b001d001e011e011c011901160111010c0006fffffef8fdf3
2194,286118580,-37,11,128,1,143,1,1ee001000ce70de40ee30de30de30ce50ae808ec05f003f501fbff01fd07fc0cfb11f915f818f619f51af519f617f715f811f90efa0bfe0200000000000000000000000000000000000003fb0def0df00cf10bf309f507f804fc00fffd03f907f50bf10fef12ed14ec15eb16ec16ed15ef13f210f50df809fc04ffff03f906f5
2195,286128284,-37,11,128,1,143,1,1ee0010007e608e308e108e108e207e406e804eb03f001f500fbfe01fd07fc0cfa11f915f718f619f519f518f517f614f711f80df90bfe0200000000000000000000000000000000000000fa03eb03ec03ee03f003f302f701fbff00fe05fc0afa0ff813f717f619f51af51bf51af619f716f913fa0ffc0afe0400fe03f804f4
2196,286161819,-38,11,128,1,143,1,1ee00100e611e412e412e512e612e910ed0ef10cf609fb06000205fe09fa0ef812f515f318f219f11af219f217f414f511f70df80afa02fe000000000000000000000000000000000000fc03f10ef10df20af408f705fa02feff02fc07f90cf610f414f217f019f019ef19f018f016f213f30ff50bf806fb00fffb02f505f108
2197,286162341,-38,11,128,1,143,1,1ee00100f4e3f3e1f3e1f3e1f3e3f4e6f5eaf7eef8f3faf9fdffff05010a030f05140618061b061c051c041b041903160213020f010c0002000000000000000000000000000000000000fcfbf3eff4f0f6f1f8f3fbf6fdfa00fe03030508070d081209160b190b1b0b1b0a1c0a1a091708140710050c03060100fffafdf4fbf0
2198,286163612,-38,11,128,1,143,1,1ee00100e5f1e3f0e3f0e3f1e4f1e6f3eaf6eef8f2fbf8fefd01020407070c0a100d130f1511161316131413121110100d0d0a0b08090202000000000000000000000000000000000000faffebfeecfdeffcf2fcf6fcfbfdfffe05000a020e0413061709190b1b0b1b0c1b0c190b170a140910070c04070201fffbfcf6f9f2f7
2199,286164083,-38,11,128,1,143,1,1ee00100f11af01cf01df11cf21bf418f615f811fc0dff07010204fc07f70af30cef0fec11ea12e913e912ea11ec0fee0df10af409f602fd000000000000000000000000000000000000ff05fd13fc12fc10fc0dfc09fd04fe0000fb02f604f107ed09e80be60ce50ce40ce40be60ae809eb06ef04f302f9fffefc04f90af70d
2200,286172631,-38,11,128,1,143,1,1ee00100efe6eee5eee5eee5efe7f0eaf2eef4f2f7f7fafcfd010006040b060f09120b160b180b1a0b1a0a19091708140711050d040a0102000000000000000000000000000000000000fcfcf1f1f2f2f5f3f7f5fbf7fefa01fe040207070a0c0c100e140f170f180f190f180e170c150b12090e0609030400fffdf9f9f4f7f0
2201,286173571,-38,11,128,1,143,1,1ee001000d1a0e1b0f1b0f1b0f190d160b120a0e0809050302fefff9fcf4f9f0f7ecf6e9f5e6f5e5f5e4f6e6f7e8f8ebf9eefaf2fbf5fefd00000000000000000000000000000000000003030c0f0b0e080d060b03080005fe01fbfcf8f7f6f3f4eef3eaf2e7f2e6f2e5f3e5f3e7f4e9f6edf8f0faf5fdfaff000206050b070f
2202,286184046,-38,11,128,1,143,1,1ee0010014eb15e915e814e913ea10ec0def09f205f601fafefffa04f708f40cf210f013ee14ed15ed15ee14f012f210f40df70af908fe0100000000000000000000000000000000000003fc0ff40ff50df70bf908fc05ff0101fc04f807f309ef0ceb0de90fe80fe70fe70fe90eeb0dee0bf209f606fb02ffff04fb09f70cf4
2203,286185181,-38,11,128,1,143,1,1ee001000b1a0c1c0d1c0d1b0c190b160a12080d0608040301fefef9fbf4f8f0f6ecf5e9f4e7f3e6f4e6f4e7f5e9f7ecf8effaf3fbf6fefd000000000000000000000000000000000000010406120511030f020c0009fe05fd00fbfbfaf6faf1f9ecf9e8f8e5f8e4f8e3f8e4f9e5f9e8faecfbf0fcf4fefa00000206040c0610
2204,286191160,-38,11,128,1,143,1,1ee00100f6e3f6e2f5e2f5e3f5e5f6e9f7edf8f1faf6fcfcff020207050b070f0a130b160c180d180c180c170b150912080e060b05080101000000000000000000000000000000000000fffbffec00ed01ef02f202f602fa03ff0304020a020f01140018001b001c001c001c001a001800140010000bff05fefffdf9fcf3fbef
2205,286191423,-38,11,128,1,143,1,5220050012e913e713e712e710e90deb0aee07f204f601fbfe00fb05f80af60ef412f215f117f117f117f216f314f511f70ef90bfb09fe0200000000000000000000000000000000000003fc0ff40ff50df70bf909fc05ff0102fd05f908f40af00cec0eea0fe810e810e810ea0fec0eef0bf209f606fb0200fe04f908f50bf2
2206,286191601,-38,11,128,1,143,1,1ee0010010e711e510e50fe60ee70bea09ed06f103f500fbfe00fb06f90bf80ff613f516f418f419f419f517f615f712f90ffb0cfc09ff0200000000000000000000000000000000000003fc0ff30ef40df60bf908fc05ff0102fd05f908f50bf10ded0feb11ea12ea12ea12eb11ed0ff00df40af707fb03fffe03fa08f50bf2
2207,286194965,-38,11,128,1,143,1,1ee00100e6f0e5efe5f0e5f1e6f2e9f5edf7f1faf5fdfbff000205040a060f071309160b180c190c180c170c150a12090f070b0509040200000000000000000000000000000000000000fcfcf0f3f2f4f4f4f7f6faf8fefb01fe050109050d08100c120f14121512151314131311110f0f0d0b0a07070303fe00f9fcf5f8f1f6
2208,286196083,-38,11,128,1,143,1,1ee00100ea15e916ea16eb16ed14f012f30ff60cfa08fe0401ff05fa08f60bf20def0fec11ea11ea11ea10eb0eed0def0af207f505f701fe000000000000000000000000000000000000fb02ef0bf009f107f305f602fa00fefd03fb07f80cf610f414f217f118f118f018f116f214f311f50df709fa04fdff01fa05f608f20b
2209,286196400,-38,11,128,1,143,1,522005001af31bf21bf21af218f215f311f50cf707f902fcfdfff902f405f108ed0bea0de80de70ee80de90deb0bee0af109f507f806fe0100000000000000000000000000000000000004fe12fa11fb0ffc0cfe09ff05010002fb04f604f105ec05e806e506e406e306e306e505e805ec04f003f502fa0000fe06fc0cfa10f8
2210,286196602,-38,11,128,1,143,1,1ee0010014ea15e915e813e912ea0fed0cef08f204f601fbfd00fa05f709f40df211f013ef15ee15ee15ef14f112f310f50df80afa08fe0100000000000000000000000000000000000003fc0ff40ff50df70bfa08fc05ff0102fd05f808f40aef0cec0ee90fe80fe80fe80fe90eec0def0bf309f605fb0200fe05fa09f60cf3
2211,286197884,-38,11,128,1,143,1,1ee001001316141715171415131311100f0d0c0908050401fffefbfaf7f7f3f4eff2edefebeeeaedeaedeceeeef0f0f2f2f5f6f7f8f9fefe000000000000000000000000000000000000020409100810060e040c0209ff05fd01fafcf8f7f7f2f5eef4eaf3e7f3e6f2e6f2e6f3e8f4eaf6eef8f1faf6fefb01000405070a0a0d
2212,286199695,-38,11,128,1,143,1,1ee00100011d011f021e021d021b03180313030f030a020401fe00f8fef3fdeefceafce7fce5fce4fce4fce5fce8fcebfdeefdf2fdf5fffd000000000000000000000000000000000000ff04fe13fd11fc0ffc0cfc08fc04fdfffefafff500f002eb03e704e404e304e304e404e503e802ec02f001f501fa00010007000c0010
2213,286200959,-38,11,128,1,143,1,1ee00100e2fce1fce1fde2fde4fee7ffecfff000f601fb01010107010c011101150119011b011b021b0219011701140110000c0009ff02ff000000000000000000000000000000000000fbffedfceefcf1fbf4fbf8fcfcfc01fd06ff0b000f02140417051a071b071b071a071907160612050e0409030401fe00f8fff2fdeefd
2214,286201234,-38,11,128,1,143,1,52200500e9ece8ebe8ebe9edeaeeecf1eff4f2f7f6fbfbffff02040509080d0b100d130f1510151115111410120e100c0d0a0a0707050101000000000000000000000000000000000000fcfcf2f2f4f2f6f3f8f5fbf8fffb02fe050208060b0b0d0f0f12101511161116111610140e120c0f090b06080203fefffafaf6f6f3f3
2215,286202403,-38,11,128,1,143,1,1ee00100fa1cfa1efa1efb1dfc1bfd17fe13ff0f0009010302fd02f802f303ee03ea04e704e504e405e404e604e803eb02ef01f300f600fd000000000000000000000000000000000000ff04fb12fb10fa0efa0bfb07fc03fdfefff901f403f005eb07e808e509e409e509e508e707ea06ed04f203f601fcff02fe08fd0dfc11
2216,286202887,-38,11,128,1,143,1,1ee00100e5f3e3f2e4f3e5f4e6f5e9f7edf9f1fbf6fefb00010206040b0510071308170a180a190b190b170a150912080f060b0409030200000000000000000000000000000000000000fbfdeff7f0f7f3f7f6f8faf9fefb02fe06010a040e07120a140d160e170f170f160f150e130c0f0a0c0808050302fdfff8fcf3f9eff7
2217,286231599,-38,11,128,1,143,1,52200500df0dde0edf0ee10ee30de70cec0af108f706fd03030009fd0efa13f817f61af51cf41df41df51bf519f615f711f90cfa09fb02fe000000000000000000000000000000000000fa02ec09ed08ef06f203f701fcff01fd07fb0df912f818f71cf61ff620f620f61ff61cf719f715f910fa0afc04fefd01f603f005eb06
2218,286508990,-91,11,128,1,143,1,4ff11400fff0ffee01ee03ef05f104f401f701f801f700f7fef9fcfafbfef9fff8fef8fcf7fbf5fbf6fbf7fbf9fbfbfcfafdfcfefeffffff000000000000000000000000000000000000ff01fe07000701060005000301030302040205020401050009fe0cfe0d000d020c030a0108ff07ff0900080105ff03fe00fdfffa00f5
2219,286543156,-27,11,128,1,143,1,1eeff141f2f8f1f40402180f0c09ff0bfa0af6f9fdf60a000c0006fc06fb02fbfefbfffafcfbfe0002040104ff01fefffe00ff00ff01ff0000000000000000000000000000000000000000ff02fe010002040104fdfffbfcfffe08020c05080809020dfd0307fd0801fbfff5f6faf2f8f8ef09ef16f318f814fa0af0fbf3eb0b
2220,286548277,-38,11,128,1,143,1,1ee00100e211e111e210e30fe60dea0bef09f507fb06020508040e04130418051b061e081e091d0a1b0b190b150911070e050a0208ff01ff00000000000000000000000000000000000002030a0d080c060a0507030302ff02fa02f502f004eb05e707e408e209e20ae30ae409e708ea06ee03f300f7fcfdf801f306ef0aeb0c
2221,286604950,-39,11,128,1,143,1,1ee00100e108e007e106e304e603eb03f003f503fb05010606080b0a0f0c120e141115131415121511150e130c100a0d080907050602010000000000000000000000000000000000000002020a0a090a07080505040103fe02f902f503f005ed07e908e60ae50be50be60be80aea09ed07f104f500f8fcfdf800f202ed05e906
2222,286679982,-40,11,128,1,143,1,1ee001001d0d1d0e1b0f190f160d130b0f080c030afe08f907f406ef07eb08e809e50be30de40fe50fe80feb0dee0bf008f304f501f600fd000000000000000000000000000000000000fcfef2faf4fbf6fcf8fef901fa05fb09fb0dfa11f814f617f419f21af119f117f015f213f410f70efb0bff0904070a060f0614071708
2223,286809786,-91,11,128,1,143,1,61111641fffefe00fe01fefffefe00ffff03fb02f8fafaf8f9fef704f607fa05fc01fafffafdfcfcfefeff00fe01fdfffbfcfafcfafdfeff00000000000000000000000000000000000000ff02000200ffff01ff01fffefdfefc01fd02fefffdff000103030101fffffefffcfefbfdfbfffffe03000302020201020003030504
2224,286918581,-93,11,128,1,143,1,4ff11400f3fcf0fbf0fbf1fbf2faf4fbf8fdfafff900f900fcfefffeff00fd02fe07ff0afd0bfd0bfe0a00090108000700060006000500010000000000000000000000000000000000000000030303050104010302020101010003ff05fc07fa05fb01fb03f706f309f408f608f707f706f806f904fa01fcfefdfdfafaf9f7fc
2225,287108890,-93,11,128,1,143,1,deeccd41fafffb00fd01fb02fa05fa0afb08fd01fefefffcfefbfbfef9fff7fff7fefa01fd01fbf8faf3fcf3fcf501fd0102fe0100fe00ff00000000000000000000000000000000000000ff01fe01fdfffdfefdfefc00fc01fd0000010101010003010202fe01feff00fd00fd01feff00fd03000204fe03ff00fefefcfffb02
2226,287192303,-93,11,128,1,143,1,1ccee141020102ff0402030101fe01ff02fe02fd01ff0000fe00fe02000200fffffc01fc01fb00fc01fe01fe00fdfefefd00ffff00fe00ff00000000000000000000000000000000000000fffffffe01fc02fb01fbfffc00ff0201030102fefffefbfdfbfcfdfdfe00fffffffdfffffe00fefffd00fc09f910f709fc03010101
2227,287328199,-92,11,128,1,143,1,4ff11400f002ee05ef02f100f402f304f402f700f900fa00fa00fb00fe01010502080209000a000b0109010800070008ff08fe06ff050001000000000000000000000000000000000000020009000600050306040503040002fe00fefffefefbfef7fef402f304f301f3fff1fff200f401f501f6fff8fdfafcfcfbfff801f602
2228,287430619,-90,11,128,1,143,1,4ff11400080e0810051104130411030c010a010900080105040004fe03fd04fb08f908f807f808fa0afb0afb0afa0afa06fa03fc02ff000000000000000000000000000000000000000000fdfff7fef8fdf9fef800f800fbfefffb02f903fa01fa00f502f101f000f002f103f1fff1fdf4fef601f701f901fc00fd01fe04ff07
2229,287532991,-92,11,128,1,143,1,4ff11400fff001ee03f002f100f1fff302f602f7fff7fffb00fffcfff7fef9fff900f602f402f602f701f701f701f900f901f901f9fffeff000000000000000000000000000000000000fd01f604f805fa04fb03fb02fb02fe0200040205050407020a030c050d070d080b08080807080707060605040501050004ff04fc05f9
2230,287734156,-39,11,128,1,143,1,1ee0010015e916e716e716e714e911eb0eee0bf206f602fbfd00f904f509f20def10eb13e913e814e813e911eb0fee0df10af508f806fe0100000000000000000000000000000000000002fc09f009f208f407f605f902fc0000fc04f907f50bf10eee10ec12eb13ea14eb13ec13ee11f00ff40bf708fb0400ff04fb09f60cf4
2231,287737800,-91,11,128,1,143,1,4ff11400f8f2f4f4f3f5f5f6f7f6f7f3faf5fcf9fbfbfafcfbfffa00f901f903fc06fc08fb08fc08fa09f809f907fb05fc03fd01ff00000000000000000000000000000000000000000000020108020601050005ff0300010201030203ff04fd05fa08fa0afb0afa0bfa0efd0dfe0bfd0bfe08ff05fe06fb04fafefafbf8fcf7
2232,287840212,-90,11,128,1,143,1,4ff11400ef00f001ef03f001f4fdf6faf6fbf3fcf3f9f8ffff06ff04f803f104f206fa0afc0bf606f403f401f3fff5fffa02fd02fffeffff000000000000000000000000000000000000fffffefc02fb03fa01fafffbfffcfefdfdfdfdfcfafbf8faf8f9f9f8fbf5fbf4fbf6fcf7fbf6faf5fbf5fcf7fefa01fefffefb00f804
2233,289171874,-92,11,128,1,143,1,4ff114410809090b090c080a0507050505040507050603020102020103fd04fe06ff06fd07fd07fd07fc06fc06fe05ff04ff040004ff0100000000000000000000000000000000000000fd00f802fa00fbfefcfdfefefe00fe01ff01ff01fe03fc09fa0bfa0afa09f807f905fa03f603f406f706f904fc0301040305020203ff
2234,289273850,-95,11,128,1,143,1,4ff11441f2fef2fcf1fcf3fef501f500f7fdf900f903fb0200010002ff020201040106000802090407030602060107ff06fe04ff04ff01ff000000000000000000000000000000000000fe01fb03fb03fc03fd03ff03ff02ff00010002030403060106ff06ff070008010b000cff09010603060005ff010101010000fdfdfdfa
2235,290379008,-93,11,128,1,143,1,faa22f4100ff00fe01ff0101fe00fdffff00fe00fbfffbfffdffffff00fffefffe00fe00ffff00ff00000100fffffffffffffffffefeffff000000000000000000000000000000000000ff01fd020000ff01fd02fdfefffcfffdff00ff02ff00fefefc00ff0202010101ff01feff00fd01fdfffefdfff502ed04f403fd030200
2236,291014716,-93,11,128,1,143,1,4ff11441effdeefcf0fbf1faf6faf8fcf7fdf8fdf9fdfafdfbfefa00fb02fc05fe07fe07fc08fc08fd08fd07fd05fc02fc02fc01fa00fe0000000000000000000000000000000000000002ff07fe05000401050005fd04fc03ff02ff02ff00fefffafff900f902f604f304f304f305f306f604f902f900fafffdfdfcfafaf6fc
2237,291936337,-93,11,128,1,143,1,4ff11400fe0efd0efd0efc0dfb0dfa0cf908f905fa04fc03ff04000400040202050006030406030704050305030503040202020202020000000000000000000000000000000000000000fefffafcfbfcfdfbfdfafcfdfcfdfcfcf9fff902fb01f900f501f403f703f701f7fff6fff601f703f703f702f902fa04f905fb04ff04
2238,292038743,-92,11,128,1,143,1,4ff11400040d0210000e010c020c020a030902090008010603030401040003fe06fc08fd08fe07fd06fd04fd04fc06fc07fd05fd03fb00fe000000000000000000000000000000000000fffe00fc01fc02fc02fc00fd00ff00fffdfefafef8fef9fdf8fcf7fcf8fcf8faf6faf5fcf5fdf5fef5fef4fef6fcfafefd03fe040104
2239,292345945,-92,11,128,1,143,1,4ff11400f2f7f3f6f6f8f6f9f7f7f8f8f8fbf8fdf9fefb00fd01fd03fe05000401050008fe09fc06fb05fb05fd05fd04fc05fd04fd04ff010000000000000000000000000000000000000000030404040404030402050104010201ff01fd03fc06fa06f805f807f908f809fa0afc08fb06f805f805fc04fc01fcfdfcfbfcf9fc
2240,293267543,-93,11,128,1,143,1,4ff11400f809f709f908f909f709f608f606f605f806fc05ff04000401050205040504060507060603050004ff0300040005ff040003000100000000000000000000000000000000000000fe01fbfffcfffcfffb00fbfffbfffafefdfb00f900f7fdf7fdf7fef6fbf4f7f7f8fbfafafaf8faf8fbf8fbf8fcf8fefb00fe030006
2241,293779589,-91,11,128,1,143,1,4ff1140004f606f505f304f104f304f504f702f8fff9fdfcfbfcfbfdfb00fa01f801f601f801fb00fbfffbfffbfffb00fa01f901fa01fe00000000000000000000000000000000000000fd00f801f900f9fffafffa00fc01fc00fcfefd00000303050608060a070b070904090509050805070304020003fe0200020005ff06fd
2242,293985483,-92,11,128,1,143,1,4ff11400f2f8f1f7f3f6f4f6f3f8f3f8f3faf5fbf9fcfbfefbfffb00fb02fc03fd05fc08fb0afa09fb08fb08fa07fb05fc04fe03ff02ff000000000000000000000000000000000000000001030505040603050202020102020102ff03fd04fc03fb03f904f708f80af909f908f808f808f807f806f904f803f801f8fdf8fbf7
2243,294192117,-90,11,128,1,143,1,4ff11400f60cf508f608f60af70af90afb09fa06fc06fe09fe07ff050007040709050903070305050606070607040502030202020102000000000000000000000000000000000000000001ff05fb05fb04fd04fe04fd02fc00fdfffefefdfcfcfbfdf8fbf6f7f6f5f9f5fbf4fbf3fbf2f9f6faf8fef9fefbf9fcf800f804f707
2244,294291586,-90,11,128,1,143,1,4ff1144102110113ff13ff10ff0efe0c01090307020703040402040004ff06fe06fd08fb09fb09fc09fb09fb07fa05fa03fc01fd00fc00fe00000000000000000000000000000000000001ff05fc05fb06fb05fc03fb02fd01ff00fefefbfcfafafaf8fbf6fcf7faf8f7f7f6f7f7f7f8f7f8f9f8fdfafcfcf800f803f900fbfd
2245,294393987,-91,11,128,1,143,1,4ff1140007f205ef05ee06f106f505f604f503f703f802f901fa00fcfefffbfef9fdf7fef6fdf7faf8faf8fbf9faf9fafafafcfafdfbffff000000000000000000000000000000000000fe01fc08fd09fd08fe06fd04fd03ff03ff02020204030303030008ff0a010a040a060b070d040c0207030602090009ff06fd03fc03fa
2246,294701185,-90,11,128,1,143,1,4ff1140002f005f008f208f405f203f503f903fb01f9fffafffefe01fc00fafef900f802f802f801f8fff7fff8fff9fffafffe00ff01ff00000000000000000000000000000000000000fe00fa02f901fb01fb01fb00fc02fe01000002020404050707070608040c060f080d060a04080106ff05010504030500050005fc04fb
2247,294905993,-91,11,128,1,143,1,4ff11400f90afb0bfb0afa0bfa0cf80bf807fb05fc05ff03010001ff04010503060409060a0608040702070107020602040203020401010000000000000000000000000000000000000001ff06fd05ff06fe04fe02fe03fe03fe00fffefdfcfafbf8f8f9f7fafbfafcfaf9f9f9f8fcf7fef6fdf6fbf9fcfafbfbfb01fb05f904
2248,295110810,-91,11,128,1,143,1,4ff11400040f040c020cfe0ffd10ff0e010d010a0006000500040102030106ff08fe09fe0afd0afd08fe08ff070106040605050303010000000000000000000000000000000000000000fefff7fcf8fefbfefbfbfbfafdfcfcfffcfffe01fd02fe03fd05fa06f805f603f302f501f600f900fbfffbfffcfffdfffd03ff060306
2249,295623982,-94,11,128,1,143,1,4ff11400f3feeffeeffff2fff3fff3fff500f800fafffc00fd01fe02ff04fe0300030106000afd0afe0aff0bfe0afe07ff0401040307000200000000000000000000000000000000000001000500050104020403020203ff03fe02ff03fd04fa04fa03fb03f903f402f206f209f107f303f601f800f801f801fafffffb01fa02
2250,295930048,-91,11,128,1,143,1,4ff11400f4f4f4f5f7f3f7f3f7f5f8f7faf8f9f9f8f9f8f9fafafcfefd02fb03f805f606f807fb08f906f804fa05fa07f805f903f902fe000000000000000000000000000000000000000002010a0008ff07ff060005fe03fc0100ff04fe05fe07ff0afe09fc08fc0bfc0efe10ff0f000dff08ff050006fe06fc01fbfdf9fff5
2251,296068992,-94,11,128,1,143,1,d22ddd41ff02fcfefffe02fe00fe00000202020301030102010103010301010102010101fffffffefffffeff00fd01fcfffeff000100000000000000000000000000000000000000000000000100fefefefe00fc03fa0df915f909fcff0206050c050502fbfcfbf9fffc00fd02ffff00fdff00ff010002020502040403040402
2252,296174251,-92,11,128,1,143,1,89977841fffe020004010000fefffeffff01010102fe01fdfffffd00feff00ff00ffffffff000001ff01fe00fefefefdffff000002ff00ff000000000000000000000000000000000000fe00fcfd01fc04ff0001fd020005030203fe00fefdfefdfefefd00fb05fc06000200fffdfffeff04020404fe0dff16020bfafef1fcf9
2253,296237236,-92,11,128,1,143,1,4ff11441080c040a010906070c040a07040902050403050303040205040106fd03fc02fb03f803f803fb04fd05fc04fc01fc02fc05fa01fe00000000000000000000000000000000000000ff03fc04fd03fe02ff01fe01fb01f9fffafefcfdfcfafbf7fbf6fcf6fef7fdf6fbf7faf8f9f7f8fbfbfc00fa00fdfe0001ff05fd0c
2254,296473533,-92,11,128,1,143,1,4aaaa441fefffc01fc0200040502060001040005030307090c0e0e080705fd02fff603f5020103050102fe00fefffffe01fa00f6fcf3fefc00000000000000000000000000000000000000ff01ff00feffff000102ff02fd00ffff02fe01fe00fb00fbfffe01fe01fefe01ff00fffd00fd02ffff03fe0502050205fe04fe0300
2255,296631794,-91,11,128,1,143,1,47711400f1fef1fdf3fbf4fbf2fdf2fef5fefafffc00fafffa00fb01fb02fd04fe05fd05fb05fb06fc08fb09f908fa07fc07fd05fd02ff0000000000000000000000000000000000000001000500060107030504040304ff01fefefdfefa00f800f800f801f502f303f303f203f002f100f5fff9fff800f801fafffdfdfdfcf9
2256,296749256,-95,11,128,1,143,1,4ff11441f307f106f505f505f305f605f904fc02fd03ff03020002000004020704060405050503060207030803060103010302030303010000000000000000000000000000000000000000ff03fe02ff03fe04fd02fd03fd04fe02fefefefafdf8fcf9f9fbf7fef7fef9fdfafdfafef9fdf8fcfafdfcfdfdfc00fa01fa01fb04
2257,297261260,-93,11,128,1,143,1,4ff114000308000e001102120110000f0310020d0209030604060404050006fd06fc07fd0700080209000a000901080006ff0300030000ff000000000000000000000000000000000000fefefaf8fdf901fa01fcfffdfefffd00f900f7fff7fef7fff801f800f6fff3fef1fef2fcf5fcf6fcf6fdf800fa03fa06fb04fd040006
2258,297569270,-94,11,128,1,143,1,4ff11400f409f30ef20ff20cf409f308f505f904fb04fd04fe0400030103020203060308030704050406030802080207010500040001ff0000000000000000000000000000000000000000fe03f801f700f801fa02fcfffdffffff00fdfffbfef8fdf5fdf3fcf3fbf3f9f5f7f7f6f8f6f9f7faf9fafbf9fdf901fa05fa08f908
2259,297773293,-92,11,128,1,143,1,4ff1140003f005ee06ef05ef04f106f607f705f601f700f8fff9fdfdfa00f7fef8fafbf9fbfafbf8fbf8fbfafcfafafaf9fafbfcfdfdffff00000000000000000000000000000000000000000104ff07ff07ff0500040104020203010501060208010a020b030a02080009000a010a03070406030502040104fe02f9fff600f4
2260,297875666,-90,11,128,1,143,1,4ff11400f90cf60cf60cf60cf50cf40cf60bfb07fc02fb01fe010103030304020504060705080409030a01080007010602040102ff00ff0000000000000000000000000000000000000000fe01f800f900f902fa03fb00fcfdfdfdfdfcfffbfff8fdf6fbf5f9f3f9f2f9f5f9f9f8f9f9f8f9f8faf9fcfcfefefffc01f803f807
2261,298080495,-91,11,128,1,143,1,4ff1140003f203f206f209f40af407f503f902fb04fa03fc01fdfffafff9fefafbfbfbfafcf8fcf6fdf6fff600f6fef7fdf7fef9fffbfffe00000000000000000000000000000000000001000403050405050505030300020003020205fe08fd09fc08fa08fa0afd0cfe0dfd0bff0a020a0007000301030004ff05ff07fc06f7
2262,298182884,-92,11,128,1,143,1,4ff1140003f503f202f001f103f105f303f800f9fff801f701f9fefcfafff900fb01f800f6fef7fef7fff500f500f6fefafdfdfdfefeffff000000000000000000000000000000000000fe00fa02f805f706fa03fd02fd03fc04fe010002020503070308040805080608080608060809080808040603030101fe01fc04f805f4
2263,298676673,-94,11,128,1,143,1,688aa6410100000100000000000101ff01fd00fe0001ff0100fe02fe02000201040001ffff00ff01ff00ffffff000001ff01ff0000fe00ff00000000000000000000000000000000000000fe01fd0000ff01ff01fefef8fbf2fcf800ff03fa05f405f702fd01010000fffefe00fc05fe0401020001fcfefbfcfcfffb03fb02ff
2264,298782174,-93,11,128,1,143,1,0aa55041fcfcfffb01fc01010002ff0100ff0000000002ff02fdfffdfffe00ff01ff01ff0000ff00fe00ff000000ff00ff03000300ff00ff000000000000000000000000000000000000ff00fdfffffeff00fe02fd02fe01ffff01fe02ff03ff01fefffeffffff01ff01fe01fd00fefbfff800f902fe060b0c130509fdfcfef9
2265,298782799,-93,11,128,1,143,1,3bbdd341fd01fc01fb00fd01ff02fe03fc02fdffffff0001fe03fd02fe01fffffefefeff0000010001fffefefe00ff02ff02fd00fcffffff000000000000000000000000000000000000ffff00fd01fd00fefeffff00fefffefe00ff030204020201fe01fa01fa00fb00ff03030103ff0101ff0102fd0cfc13fd07fcfcfafdf9
2266,299002111,-94,11,128,1,143,1,4ff1140009070a060709050a0409050a060a07080507030702030302050206fe07f906f805fa05fb07fa09fa07fc06fc04fd030004010100000000000000000000000000000000000000fefff9fcfafbfdfbfcfbfbfcfcfefefffefffcfefbfffb03fa04f905f906f906f807f508f304f502f603f702fa01ff020001ff040108
2267,299104520,-91,11,128,1,143,1,4ff11400090608070709050c060e070f060d0409030402030202040004fd04f907f909fa09fc08fe07fe06fc06fd06ff0600050204030000000000000000000000000000000000000000fefffafefafefbfefafefbfefb00fc03fe03fd03fd04fc06fc06fc05fa05f606f407f607f607f607f706f904fb04ff060108020502ff
2268,299207743,-94,11,128,1,143,1,4ff114000d070b090a08090507060709080806040602060203fe02fb02f902f802f802fa02f903f603f602f803fa04fc02fb02fa02fb00ff000000000000000000000000000000000000fffefdfafbfafafafbfafefafffa00fcfe00fc05fe06fc03f902f707f509f308f505f706f807f905fb03fa04fb04ff03030505040701
